
 /----------------------------------------------------------------------------\
 |                                                                            |
 |  yosys -- Yosys Open SYnthesis Suite                                       |
 |                                                                            |
 |  Copyright (C) 2012 - 2019  Clifford Wolf <clifford@clifford.at>           |
 |                                                                            |
 |  Permission to use, copy, modify, and/or distribute this software for any  |
 |  purpose with or without fee is hereby granted, provided that the above    |
 |  copyright notice and this permission notice appear in all copies.         |
 |                                                                            |
 |  THE SOFTWARE IS PROVIDED "AS IS" AND THE AUTHOR DISCLAIMS ALL WARRANTIES  |
 |  WITH REGARD TO THIS SOFTWARE INCLUDING ALL IMPLIED WARRANTIES OF          |
 |  MERCHANTABILITY AND FITNESS. IN NO EVENT SHALL THE AUTHOR BE LIABLE FOR   |
 |  ANY SPECIAL, DIRECT, INDIRECT, OR CONSEQUENTIAL DAMAGES OR ANY DAMAGES    |
 |  WHATSOEVER RESULTING FROM LOSS OF USE, DATA OR PROFITS, WHETHER IN AN     |
 |  ACTION OF CONTRACT, NEGLIGENCE OR OTHER TORTIOUS ACTION, ARISING OUT OF   |
 |  OR IN CONNECTION WITH THE USE OR PERFORMANCE OF THIS SOFTWARE.            |
 |                                                                            |
 \----------------------------------------------------------------------------/

 Yosys 0.9 (git sha1 1979e0b)


-- Running command `read_verilog -sv architecture_simulator/rtl/vertical_slice/gtsu_lbuf_16bank_macro_model.sv architecture_simulator/rtl/vertical_slice/gtsu_geometry_sram_fabric.sv; chparam -set POINTS 64 gtsu_geometry_sram_fabric; hierarchy -check -top gtsu_geometry_sram_fabric; proc; opt; check -assert; stat' --

1. Executing Verilog-2005 frontend: architecture_simulator/rtl/vertical_slice/gtsu_lbuf_16bank_macro_model.sv
Parsing SystemVerilog input from `architecture_simulator/rtl/vertical_slice/gtsu_lbuf_16bank_macro_model.sv' to AST representation.
Generating RTLIL representation for module `\gtsu_lbuf_16bank_macro_model'.
Warning: Replacing memory \memory with list of registers. See architecture_simulator/rtl/vertical_slice/gtsu_lbuf_16bank_macro_model.sv:78
Warning: Replacing memory \data_pipe with list of registers. See architecture_simulator/rtl/vertical_slice/gtsu_lbuf_16bank_macro_model.sv:56
Warning: Replacing memory \mask_pipe with list of registers. See architecture_simulator/rtl/vertical_slice/gtsu_lbuf_16bank_macro_model.sv:55
Successfully finished Verilog frontend.

2. Executing Verilog-2005 frontend: architecture_simulator/rtl/vertical_slice/gtsu_geometry_sram_fabric.sv
Parsing SystemVerilog input from `architecture_simulator/rtl/vertical_slice/gtsu_geometry_sram_fabric.sv' to AST representation.
Generating RTLIL representation for module `\gtsu_geometry_sram_fabric'.
Successfully finished Verilog frontend.

3. Executing AST frontend in derive mode using pre-parsed AST for module `\gtsu_geometry_sram_fabric'.
Parameter \POINTS = 64
Generating RTLIL representation for module `$paramod\gtsu_geometry_sram_fabric\POINTS=64'.

4. Executing HIERARCHY pass (managing design hierarchy).

4.1. Analyzing design hierarchy..
Top module:  \gtsu_geometry_sram_fabric
Used module:     \gtsu_lbuf_16bank_macro_model

4.2. Executing AST frontend in derive mode using pre-parsed AST for module `\gtsu_lbuf_16bank_macro_model'.
Parameter \BANKS = 16
Parameter \ROWS = 1
Parameter \DATA_W = 128
Parameter \READ_LATENCY = 3
Generating RTLIL representation for module `$paramod\gtsu_lbuf_16bank_macro_model\BANKS=16\ROWS=1\DATA_W=128\READ_LATENCY=3'.
Warning: Replacing memory \memory with list of registers. See architecture_simulator/rtl/vertical_slice/gtsu_lbuf_16bank_macro_model.sv:78
Warning: Replacing memory \data_pipe with list of registers. See architecture_simulator/rtl/vertical_slice/gtsu_lbuf_16bank_macro_model.sv:56
Warning: Replacing memory \mask_pipe with list of registers. See architecture_simulator/rtl/vertical_slice/gtsu_lbuf_16bank_macro_model.sv:55

4.3. Executing AST frontend in derive mode using pre-parsed AST for module `\gtsu_lbuf_16bank_macro_model'.
Parameter \BANKS = 16
Parameter \ROWS = 1
Parameter \DATA_W = 128
Parameter \READ_LATENCY = 3
Found cached RTLIL representation for module `$paramod\gtsu_lbuf_16bank_macro_model\BANKS=16\ROWS=1\DATA_W=128\READ_LATENCY=3'.

4.4. Executing AST frontend in derive mode using pre-parsed AST for module `\gtsu_lbuf_16bank_macro_model'.
Parameter \BANKS = 16
Parameter \ROWS = 1
Parameter \DATA_W = 128
Parameter \READ_LATENCY = 3
Found cached RTLIL representation for module `$paramod\gtsu_lbuf_16bank_macro_model\BANKS=16\ROWS=1\DATA_W=128\READ_LATENCY=3'.

4.5. Executing AST frontend in derive mode using pre-parsed AST for module `\gtsu_lbuf_16bank_macro_model'.
Parameter \BANKS = 16
Parameter \ROWS = 1
Parameter \DATA_W = 128
Parameter \READ_LATENCY = 3
Found cached RTLIL representation for module `$paramod\gtsu_lbuf_16bank_macro_model\BANKS=16\ROWS=1\DATA_W=128\READ_LATENCY=3'.

4.6. Executing AST frontend in derive mode using pre-parsed AST for module `\gtsu_lbuf_16bank_macro_model'.
Parameter \BANKS = 16
Parameter \ROWS = 1
Parameter \DATA_W = 128
Parameter \READ_LATENCY = 3
Found cached RTLIL representation for module `$paramod\gtsu_lbuf_16bank_macro_model\BANKS=16\ROWS=1\DATA_W=128\READ_LATENCY=3'.

4.7. Analyzing design hierarchy..
Top module:  \gtsu_geometry_sram_fabric
Used module:     $paramod\gtsu_lbuf_16bank_macro_model\BANKS=16\ROWS=1\DATA_W=128\READ_LATENCY=3

4.8. Analyzing design hierarchy..
Top module:  \gtsu_geometry_sram_fabric
Used module:     $paramod\gtsu_lbuf_16bank_macro_model\BANKS=16\ROWS=1\DATA_W=128\READ_LATENCY=3
Removing unused module `\gtsu_lbuf_16bank_macro_model'.
Removed 1 unused modules.

5. Executing PROC pass (convert processes to netlists).

5.1. Executing PROC_CLEAN pass (remove empty switches from decision trees).
Found and cleaned up 2 empty switches in `\gtsu_geometry_sram_fabric.$proc$architecture_simulator/rtl/vertical_slice/gtsu_geometry_sram_fabric.sv:146$3746'.
Removing empty process `gtsu_geometry_sram_fabric.$proc$architecture_simulator/rtl/vertical_slice/gtsu_geometry_sram_fabric.sv:146$3746'.
Found and cleaned up 2 empty switches in `$paramod\gtsu_lbuf_16bank_macro_model\BANKS=16\ROWS=1\DATA_W=128\READ_LATENCY=3.$proc$architecture_simulator/rtl/vertical_slice/gtsu_lbuf_16bank_macro_model.sv:84$7358'.
Removing empty process `$paramod\gtsu_lbuf_16bank_macro_model\BANKS=16\ROWS=1\DATA_W=128\READ_LATENCY=3.$proc$architecture_simulator/rtl/vertical_slice/gtsu_lbuf_16bank_macro_model.sv:84$7358'.
Cleaned up 4 empty switches.

5.2. Executing PROC_RMDEAD pass (remove dead branches from decision trees).
Removed 16 dead cases from process $proc$architecture_simulator/rtl/vertical_slice/gtsu_lbuf_16bank_macro_model.sv:51$4378 in module $paramod\gtsu_lbuf_16bank_macro_model\BANKS=16\ROWS=1\DATA_W=128\READ_LATENCY=3.
Marked 562 switch rules as full_case in process $proc$architecture_simulator/rtl/vertical_slice/gtsu_lbuf_16bank_macro_model.sv:51$4378 in module $paramod\gtsu_lbuf_16bank_macro_model\BANKS=16\ROWS=1\DATA_W=128\READ_LATENCY=3.
Marked 17 switch rules as full_case in process $proc$architecture_simulator/rtl/vertical_slice/gtsu_lbuf_16bank_macro_model.sv:40$4328 in module $paramod\gtsu_lbuf_16bank_macro_model\BANKS=16\ROWS=1\DATA_W=128\READ_LATENCY=3.
Removed a total of 16 dead cases.

5.3. Executing PROC_INIT pass (extract init attributes).

5.4. Executing PROC_ARST pass (detect async resets in processes).
Found async reset \rst_n in `$paramod\gtsu_lbuf_16bank_macro_model\BANKS=16\ROWS=1\DATA_W=128\READ_LATENCY=3.$proc$architecture_simulator/rtl/vertical_slice/gtsu_lbuf_16bank_macro_model.sv:51$4378'.

5.5. Executing PROC_MUX pass (convert decision trees to multiplexers).
Creating decoders for process `$paramod\gtsu_lbuf_16bank_macro_model\BANKS=16\ROWS=1\DATA_W=128\READ_LATENCY=3.$proc$architecture_simulator/rtl/vertical_slice/gtsu_lbuf_16bank_macro_model.sv:51$4378'.
     1/2976: $4$mem2reg_wr$\memory$architecture_simulator/rtl/vertical_slice/gtsu_lbuf_16bank_macro_model.sv:78$4327_ADDR[3:0]$7355
     2/2976: $4$mem2reg_wr$\memory$architecture_simulator/rtl/vertical_slice/gtsu_lbuf_16bank_macro_model.sv:78$4327_DATA[127:0]$7356
     3/2976: $4$mem2reg_wr$\memory$architecture_simulator/rtl/vertical_slice/gtsu_lbuf_16bank_macro_model.sv:78$4326_ADDR[3:0]$7352
     4/2976: $4$mem2reg_wr$\memory$architecture_simulator/rtl/vertical_slice/gtsu_lbuf_16bank_macro_model.sv:78$4326_DATA[127:0]$7353
     5/2976: $4$mem2reg_wr$\memory$architecture_simulator/rtl/vertical_slice/gtsu_lbuf_16bank_macro_model.sv:78$4325_ADDR[3:0]$7349
     6/2976: $4$mem2reg_wr$\memory$architecture_simulator/rtl/vertical_slice/gtsu_lbuf_16bank_macro_model.sv:78$4325_DATA[127:0]$7350
     7/2976: $4$mem2reg_wr$\memory$architecture_simulator/rtl/vertical_slice/gtsu_lbuf_16bank_macro_model.sv:78$4324_ADDR[3:0]$7346
     8/2976: $4$mem2reg_wr$\memory$architecture_simulator/rtl/vertical_slice/gtsu_lbuf_16bank_macro_model.sv:78$4324_DATA[127:0]$7347
     9/2976: $4$mem2reg_wr$\memory$architecture_simulator/rtl/vertical_slice/gtsu_lbuf_16bank_macro_model.sv:78$4323_ADDR[3:0]$7343
    10/2976: $4$mem2reg_wr$\memory$architecture_simulator/rtl/vertical_slice/gtsu_lbuf_16bank_macro_model.sv:78$4323_DATA[127:0]$7344
    11/2976: $4$mem2reg_wr$\memory$architecture_simulator/rtl/vertical_slice/gtsu_lbuf_16bank_macro_model.sv:78$4322_ADDR[3:0]$7340
    12/2976: $4$mem2reg_wr$\memory$architecture_simulator/rtl/vertical_slice/gtsu_lbuf_16bank_macro_model.sv:78$4322_DATA[127:0]$7341
    13/2976: $4$mem2reg_wr$\memory$architecture_simulator/rtl/vertical_slice/gtsu_lbuf_16bank_macro_model.sv:78$4321_ADDR[3:0]$7337
    14/2976: $4$mem2reg_wr$\memory$architecture_simulator/rtl/vertical_slice/gtsu_lbuf_16bank_macro_model.sv:78$4321_DATA[127:0]$7338
    15/2976: $4$mem2reg_wr$\memory$architecture_simulator/rtl/vertical_slice/gtsu_lbuf_16bank_macro_model.sv:78$4320_ADDR[3:0]$7334
    16/2976: $4$mem2reg_wr$\memory$architecture_simulator/rtl/vertical_slice/gtsu_lbuf_16bank_macro_model.sv:78$4320_DATA[127:0]$7335
    17/2976: $4$mem2reg_wr$\memory$architecture_simulator/rtl/vertical_slice/gtsu_lbuf_16bank_macro_model.sv:78$4319_ADDR[3:0]$7331
    18/2976: $4$mem2reg_wr$\memory$architecture_simulator/rtl/vertical_slice/gtsu_lbuf_16bank_macro_model.sv:78$4319_DATA[127:0]$7332
    19/2976: $4$mem2reg_wr$\memory$architecture_simulator/rtl/vertical_slice/gtsu_lbuf_16bank_macro_model.sv:78$4318_ADDR[3:0]$7328
    20/2976: $4$mem2reg_wr$\memory$architecture_simulator/rtl/vertical_slice/gtsu_lbuf_16bank_macro_model.sv:78$4318_DATA[127:0]$7329
    21/2976: $4$mem2reg_wr$\memory$architecture_simulator/rtl/vertical_slice/gtsu_lbuf_16bank_macro_model.sv:78$4317_ADDR[3:0]$7325
    22/2976: $4$mem2reg_wr$\memory$architecture_simulator/rtl/vertical_slice/gtsu_lbuf_16bank_macro_model.sv:78$4317_DATA[127:0]$7326
    23/2976: $4$mem2reg_wr$\memory$architecture_simulator/rtl/vertical_slice/gtsu_lbuf_16bank_macro_model.sv:78$4316_ADDR[3:0]$7322
    24/2976: $4$mem2reg_wr$\memory$architecture_simulator/rtl/vertical_slice/gtsu_lbuf_16bank_macro_model.sv:78$4316_DATA[127:0]$7323
    25/2976: $4$mem2reg_wr$\memory$architecture_simulator/rtl/vertical_slice/gtsu_lbuf_16bank_macro_model.sv:78$4315_ADDR[3:0]$7319
    26/2976: $4$mem2reg_wr$\memory$architecture_simulator/rtl/vertical_slice/gtsu_lbuf_16bank_macro_model.sv:78$4315_DATA[127:0]$7320
    27/2976: $4$mem2reg_wr$\memory$architecture_simulator/rtl/vertical_slice/gtsu_lbuf_16bank_macro_model.sv:78$4314_ADDR[3:0]$7316
    28/2976: $4$mem2reg_wr$\memory$architecture_simulator/rtl/vertical_slice/gtsu_lbuf_16bank_macro_model.sv:78$4314_DATA[127:0]$7317
    29/2976: $4$mem2reg_wr$\memory$architecture_simulator/rtl/vertical_slice/gtsu_lbuf_16bank_macro_model.sv:78$4313_ADDR[3:0]$7313
    30/2976: $4$mem2reg_wr$\memory$architecture_simulator/rtl/vertical_slice/gtsu_lbuf_16bank_macro_model.sv:78$4313_DATA[127:0]$7314
    31/2976: $4$mem2reg_wr$\memory$architecture_simulator/rtl/vertical_slice/gtsu_lbuf_16bank_macro_model.sv:78$4312_ADDR[3:0]$7310
    32/2976: $4$mem2reg_wr$\memory$architecture_simulator/rtl/vertical_slice/gtsu_lbuf_16bank_macro_model.sv:78$4312_DATA[127:0]$7311
    33/2976: $18\byte_index[31:0]
    34/2976: $3$mem2reg_wr$\memory$architecture_simulator/rtl/vertical_slice/gtsu_lbuf_16bank_macro_model.sv:78$4327_DATA[127:0]$7309
    35/2976: $3$mem2reg_wr$\memory$architecture_simulator/rtl/vertical_slice/gtsu_lbuf_16bank_macro_model.sv:78$4327_ADDR[3:0]$7308
    36/2976: $3$mem2reg_wr$\memory$architecture_simulator/rtl/vertical_slice/gtsu_lbuf_16bank_macro_model.sv:78$4326_DATA[127:0]$7307
    37/2976: $3$mem2reg_wr$\memory$architecture_simulator/rtl/vertical_slice/gtsu_lbuf_16bank_macro_model.sv:78$4326_ADDR[3:0]$7306
    38/2976: $3$mem2reg_wr$\memory$architecture_simulator/rtl/vertical_slice/gtsu_lbuf_16bank_macro_model.sv:78$4325_DATA[127:0]$7305
    39/2976: $3$mem2reg_wr$\memory$architecture_simulator/rtl/vertical_slice/gtsu_lbuf_16bank_macro_model.sv:78$4325_ADDR[3:0]$7304
    40/2976: $3$mem2reg_wr$\memory$architecture_simulator/rtl/vertical_slice/gtsu_lbuf_16bank_macro_model.sv:78$4324_DATA[127:0]$7303
    41/2976: $3$mem2reg_wr$\memory$architecture_simulator/rtl/vertical_slice/gtsu_lbuf_16bank_macro_model.sv:78$4324_ADDR[3:0]$7302
    42/2976: $3$mem2reg_wr$\memory$architecture_simulator/rtl/vertical_slice/gtsu_lbuf_16bank_macro_model.sv:78$4323_DATA[127:0]$7301
    43/2976: $3$mem2reg_wr$\memory$architecture_simulator/rtl/vertical_slice/gtsu_lbuf_16bank_macro_model.sv:78$4323_ADDR[3:0]$7300
    44/2976: $3$mem2reg_wr$\memory$architecture_simulator/rtl/vertical_slice/gtsu_lbuf_16bank_macro_model.sv:78$4322_DATA[127:0]$7299
    45/2976: $3$mem2reg_wr$\memory$architecture_simulator/rtl/vertical_slice/gtsu_lbuf_16bank_macro_model.sv:78$4322_ADDR[3:0]$7298
    46/2976: $3$mem2reg_wr$\memory$architecture_simulator/rtl/vertical_slice/gtsu_lbuf_16bank_macro_model.sv:78$4321_DATA[127:0]$7297
    47/2976: $3$mem2reg_wr$\memory$architecture_simulator/rtl/vertical_slice/gtsu_lbuf_16bank_macro_model.sv:78$4321_ADDR[3:0]$7296
    48/2976: $3$mem2reg_wr$\memory$architecture_simulator/rtl/vertical_slice/gtsu_lbuf_16bank_macro_model.sv:78$4320_DATA[127:0]$7295
    49/2976: $3$mem2reg_wr$\memory$architecture_simulator/rtl/vertical_slice/gtsu_lbuf_16bank_macro_model.sv:78$4320_ADDR[3:0]$7294
    50/2976: $3$mem2reg_wr$\memory$architecture_simulator/rtl/vertical_slice/gtsu_lbuf_16bank_macro_model.sv:78$4319_DATA[127:0]$7293
    51/2976: $3$mem2reg_wr$\memory$architecture_simulator/rtl/vertical_slice/gtsu_lbuf_16bank_macro_model.sv:78$4319_ADDR[3:0]$7292
    52/2976: $3$mem2reg_wr$\memory$architecture_simulator/rtl/vertical_slice/gtsu_lbuf_16bank_macro_model.sv:78$4318_DATA[127:0]$7291
    53/2976: $3$mem2reg_wr$\memory$architecture_simulator/rtl/vertical_slice/gtsu_lbuf_16bank_macro_model.sv:78$4318_ADDR[3:0]$7290
    54/2976: $3$mem2reg_wr$\memory$architecture_simulator/rtl/vertical_slice/gtsu_lbuf_16bank_macro_model.sv:78$4317_DATA[127:0]$7289
    55/2976: $3$mem2reg_wr$\memory$architecture_simulator/rtl/vertical_slice/gtsu_lbuf_16bank_macro_model.sv:78$4317_ADDR[3:0]$7288
    56/2976: $3$mem2reg_wr$\memory$architecture_simulator/rtl/vertical_slice/gtsu_lbuf_16bank_macro_model.sv:78$4316_DATA[127:0]$7287
    57/2976: $3$mem2reg_wr$\memory$architecture_simulator/rtl/vertical_slice/gtsu_lbuf_16bank_macro_model.sv:78$4316_ADDR[3:0]$7286
    58/2976: $3$mem2reg_wr$\memory$architecture_simulator/rtl/vertical_slice/gtsu_lbuf_16bank_macro_model.sv:78$4315_DATA[127:0]$7285
    59/2976: $3$mem2reg_wr$\memory$architecture_simulator/rtl/vertical_slice/gtsu_lbuf_16bank_macro_model.sv:78$4315_ADDR[3:0]$7284
    60/2976: $3$mem2reg_wr$\memory$architecture_simulator/rtl/vertical_slice/gtsu_lbuf_16bank_macro_model.sv:78$4314_DATA[127:0]$7283
    61/2976: $3$mem2reg_wr$\memory$architecture_simulator/rtl/vertical_slice/gtsu_lbuf_16bank_macro_model.sv:78$4314_ADDR[3:0]$7282
    62/2976: $3$mem2reg_wr$\memory$architecture_simulator/rtl/vertical_slice/gtsu_lbuf_16bank_macro_model.sv:78$4313_DATA[127:0]$7281
    63/2976: $3$mem2reg_wr$\memory$architecture_simulator/rtl/vertical_slice/gtsu_lbuf_16bank_macro_model.sv:78$4313_ADDR[3:0]$7280
    64/2976: $3$mem2reg_wr$\memory$architecture_simulator/rtl/vertical_slice/gtsu_lbuf_16bank_macro_model.sv:78$4312_DATA[127:0]$7279
    65/2976: $3$mem2reg_wr$\memory$architecture_simulator/rtl/vertical_slice/gtsu_lbuf_16bank_macro_model.sv:78$4312_ADDR[3:0]$7278
    66/2976: $4$mem2reg_wr$\memory$architecture_simulator/rtl/vertical_slice/gtsu_lbuf_16bank_macro_model.sv:78$4311_ADDR[3:0]$7275
    67/2976: $4$mem2reg_wr$\memory$architecture_simulator/rtl/vertical_slice/gtsu_lbuf_16bank_macro_model.sv:78$4311_DATA[127:0]$7276
    68/2976: $4$mem2reg_wr$\memory$architecture_simulator/rtl/vertical_slice/gtsu_lbuf_16bank_macro_model.sv:78$4310_ADDR[3:0]$7272
    69/2976: $4$mem2reg_wr$\memory$architecture_simulator/rtl/vertical_slice/gtsu_lbuf_16bank_macro_model.sv:78$4310_DATA[127:0]$7273
    70/2976: $4$mem2reg_wr$\memory$architecture_simulator/rtl/vertical_slice/gtsu_lbuf_16bank_macro_model.sv:78$4309_ADDR[3:0]$7269
    71/2976: $4$mem2reg_wr$\memory$architecture_simulator/rtl/vertical_slice/gtsu_lbuf_16bank_macro_model.sv:78$4309_DATA[127:0]$7270
    72/2976: $4$mem2reg_wr$\memory$architecture_simulator/rtl/vertical_slice/gtsu_lbuf_16bank_macro_model.sv:78$4308_ADDR[3:0]$7266
    73/2976: $4$mem2reg_wr$\memory$architecture_simulator/rtl/vertical_slice/gtsu_lbuf_16bank_macro_model.sv:78$4308_DATA[127:0]$7267
    74/2976: $4$mem2reg_wr$\memory$architecture_simulator/rtl/vertical_slice/gtsu_lbuf_16bank_macro_model.sv:78$4307_ADDR[3:0]$7263
    75/2976: $4$mem2reg_wr$\memory$architecture_simulator/rtl/vertical_slice/gtsu_lbuf_16bank_macro_model.sv:78$4307_DATA[127:0]$7264
    76/2976: $4$mem2reg_wr$\memory$architecture_simulator/rtl/vertical_slice/gtsu_lbuf_16bank_macro_model.sv:78$4306_ADDR[3:0]$7260
    77/2976: $4$mem2reg_wr$\memory$architecture_simulator/rtl/vertical_slice/gtsu_lbuf_16bank_macro_model.sv:78$4306_DATA[127:0]$7261
    78/2976: $4$mem2reg_wr$\memory$architecture_simulator/rtl/vertical_slice/gtsu_lbuf_16bank_macro_model.sv:78$4305_ADDR[3:0]$7257
    79/2976: $4$mem2reg_wr$\memory$architecture_simulator/rtl/vertical_slice/gtsu_lbuf_16bank_macro_model.sv:78$4305_DATA[127:0]$7258
    80/2976: $4$mem2reg_wr$\memory$architecture_simulator/rtl/vertical_slice/gtsu_lbuf_16bank_macro_model.sv:78$4304_ADDR[3:0]$7254
    81/2976: $4$mem2reg_wr$\memory$architecture_simulator/rtl/vertical_slice/gtsu_lbuf_16bank_macro_model.sv:78$4304_DATA[127:0]$7255
    82/2976: $4$mem2reg_wr$\memory$architecture_simulator/rtl/vertical_slice/gtsu_lbuf_16bank_macro_model.sv:78$4303_ADDR[3:0]$7251
    83/2976: $4$mem2reg_wr$\memory$architecture_simulator/rtl/vertical_slice/gtsu_lbuf_16bank_macro_model.sv:78$4303_DATA[127:0]$7252
    84/2976: $4$mem2reg_wr$\memory$architecture_simulator/rtl/vertical_slice/gtsu_lbuf_16bank_macro_model.sv:78$4302_ADDR[3:0]$7248
    85/2976: $4$mem2reg_wr$\memory$architecture_simulator/rtl/vertical_slice/gtsu_lbuf_16bank_macro_model.sv:78$4302_DATA[127:0]$7249
    86/2976: $4$mem2reg_wr$\memory$architecture_simulator/rtl/vertical_slice/gtsu_lbuf_16bank_macro_model.sv:78$4301_ADDR[3:0]$7245
    87/2976: $4$mem2reg_wr$\memory$architecture_simulator/rtl/vertical_slice/gtsu_lbuf_16bank_macro_model.sv:78$4301_DATA[127:0]$7246
    88/2976: $4$mem2reg_wr$\memory$architecture_simulator/rtl/vertical_slice/gtsu_lbuf_16bank_macro_model.sv:78$4300_ADDR[3:0]$7242
    89/2976: $4$mem2reg_wr$\memory$architecture_simulator/rtl/vertical_slice/gtsu_lbuf_16bank_macro_model.sv:78$4300_DATA[127:0]$7243
    90/2976: $4$mem2reg_wr$\memory$architecture_simulator/rtl/vertical_slice/gtsu_lbuf_16bank_macro_model.sv:78$4299_ADDR[3:0]$7239
    91/2976: $4$mem2reg_wr$\memory$architecture_simulator/rtl/vertical_slice/gtsu_lbuf_16bank_macro_model.sv:78$4299_DATA[127:0]$7240
    92/2976: $4$mem2reg_wr$\memory$architecture_simulator/rtl/vertical_slice/gtsu_lbuf_16bank_macro_model.sv:78$4298_ADDR[3:0]$7236
    93/2976: $4$mem2reg_wr$\memory$architecture_simulator/rtl/vertical_slice/gtsu_lbuf_16bank_macro_model.sv:78$4298_DATA[127:0]$7237
    94/2976: $4$mem2reg_wr$\memory$architecture_simulator/rtl/vertical_slice/gtsu_lbuf_16bank_macro_model.sv:78$4297_ADDR[3:0]$7233
    95/2976: $4$mem2reg_wr$\memory$architecture_simulator/rtl/vertical_slice/gtsu_lbuf_16bank_macro_model.sv:78$4297_DATA[127:0]$7234
    96/2976: $4$mem2reg_wr$\memory$architecture_simulator/rtl/vertical_slice/gtsu_lbuf_16bank_macro_model.sv:78$4296_ADDR[3:0]$7230
    97/2976: $4$mem2reg_wr$\memory$architecture_simulator/rtl/vertical_slice/gtsu_lbuf_16bank_macro_model.sv:78$4296_DATA[127:0]$7231
    98/2976: $17\byte_index[31:0]
    99/2976: $3$mem2reg_wr$\memory$architecture_simulator/rtl/vertical_slice/gtsu_lbuf_16bank_macro_model.sv:78$4311_DATA[127:0]$7229
   100/2976: $3$mem2reg_wr$\memory$architecture_simulator/rtl/vertical_slice/gtsu_lbuf_16bank_macro_model.sv:78$4311_ADDR[3:0]$7228
   101/2976: $3$mem2reg_wr$\memory$architecture_simulator/rtl/vertical_slice/gtsu_lbuf_16bank_macro_model.sv:78$4310_DATA[127:0]$7227
   102/2976: $3$mem2reg_wr$\memory$architecture_simulator/rtl/vertical_slice/gtsu_lbuf_16bank_macro_model.sv:78$4310_ADDR[3:0]$7226
   103/2976: $3$mem2reg_wr$\memory$architecture_simulator/rtl/vertical_slice/gtsu_lbuf_16bank_macro_model.sv:78$4309_DATA[127:0]$7225
   104/2976: $3$mem2reg_wr$\memory$architecture_simulator/rtl/vertical_slice/gtsu_lbuf_16bank_macro_model.sv:78$4309_ADDR[3:0]$7224
   105/2976: $3$mem2reg_wr$\memory$architecture_simulator/rtl/vertical_slice/gtsu_lbuf_16bank_macro_model.sv:78$4308_DATA[127:0]$7223
   106/2976: $3$mem2reg_wr$\memory$architecture_simulator/rtl/vertical_slice/gtsu_lbuf_16bank_macro_model.sv:78$4308_ADDR[3:0]$7222
   107/2976: $3$mem2reg_wr$\memory$architecture_simulator/rtl/vertical_slice/gtsu_lbuf_16bank_macro_model.sv:78$4307_DATA[127:0]$7221
   108/2976: $3$mem2reg_wr$\memory$architecture_simulator/rtl/vertical_slice/gtsu_lbuf_16bank_macro_model.sv:78$4307_ADDR[3:0]$7220
   109/2976: $3$mem2reg_wr$\memory$architecture_simulator/rtl/vertical_slice/gtsu_lbuf_16bank_macro_model.sv:78$4306_DATA[127:0]$7219
   110/2976: $3$mem2reg_wr$\memory$architecture_simulator/rtl/vertical_slice/gtsu_lbuf_16bank_macro_model.sv:78$4306_ADDR[3:0]$7218
   111/2976: $3$mem2reg_wr$\memory$architecture_simulator/rtl/vertical_slice/gtsu_lbuf_16bank_macro_model.sv:78$4305_DATA[127:0]$7217
   112/2976: $3$mem2reg_wr$\memory$architecture_simulator/rtl/vertical_slice/gtsu_lbuf_16bank_macro_model.sv:78$4305_ADDR[3:0]$7216
   113/2976: $3$mem2reg_wr$\memory$architecture_simulator/rtl/vertical_slice/gtsu_lbuf_16bank_macro_model.sv:78$4304_DATA[127:0]$7215
   114/2976: $3$mem2reg_wr$\memory$architecture_simulator/rtl/vertical_slice/gtsu_lbuf_16bank_macro_model.sv:78$4304_ADDR[3:0]$7214
   115/2976: $3$mem2reg_wr$\memory$architecture_simulator/rtl/vertical_slice/gtsu_lbuf_16bank_macro_model.sv:78$4303_DATA[127:0]$7213
   116/2976: $3$mem2reg_wr$\memory$architecture_simulator/rtl/vertical_slice/gtsu_lbuf_16bank_macro_model.sv:78$4303_ADDR[3:0]$7212
   117/2976: $3$mem2reg_wr$\memory$architecture_simulator/rtl/vertical_slice/gtsu_lbuf_16bank_macro_model.sv:78$4302_DATA[127:0]$7211
   118/2976: $3$mem2reg_wr$\memory$architecture_simulator/rtl/vertical_slice/gtsu_lbuf_16bank_macro_model.sv:78$4302_ADDR[3:0]$7210
   119/2976: $3$mem2reg_wr$\memory$architecture_simulator/rtl/vertical_slice/gtsu_lbuf_16bank_macro_model.sv:78$4301_DATA[127:0]$7209
   120/2976: $3$mem2reg_wr$\memory$architecture_simulator/rtl/vertical_slice/gtsu_lbuf_16bank_macro_model.sv:78$4301_ADDR[3:0]$7208
   121/2976: $3$mem2reg_wr$\memory$architecture_simulator/rtl/vertical_slice/gtsu_lbuf_16bank_macro_model.sv:78$4300_DATA[127:0]$7207
   122/2976: $3$mem2reg_wr$\memory$architecture_simulator/rtl/vertical_slice/gtsu_lbuf_16bank_macro_model.sv:78$4300_ADDR[3:0]$7206
   123/2976: $3$mem2reg_wr$\memory$architecture_simulator/rtl/vertical_slice/gtsu_lbuf_16bank_macro_model.sv:78$4299_DATA[127:0]$7205
   124/2976: $3$mem2reg_wr$\memory$architecture_simulator/rtl/vertical_slice/gtsu_lbuf_16bank_macro_model.sv:78$4299_ADDR[3:0]$7204
   125/2976: $3$mem2reg_wr$\memory$architecture_simulator/rtl/vertical_slice/gtsu_lbuf_16bank_macro_model.sv:78$4298_DATA[127:0]$7203
   126/2976: $3$mem2reg_wr$\memory$architecture_simulator/rtl/vertical_slice/gtsu_lbuf_16bank_macro_model.sv:78$4298_ADDR[3:0]$7202
   127/2976: $3$mem2reg_wr$\memory$architecture_simulator/rtl/vertical_slice/gtsu_lbuf_16bank_macro_model.sv:78$4297_DATA[127:0]$7201
   128/2976: $3$mem2reg_wr$\memory$architecture_simulator/rtl/vertical_slice/gtsu_lbuf_16bank_macro_model.sv:78$4297_ADDR[3:0]$7200
   129/2976: $3$mem2reg_wr$\memory$architecture_simulator/rtl/vertical_slice/gtsu_lbuf_16bank_macro_model.sv:78$4296_DATA[127:0]$7199
   130/2976: $3$mem2reg_wr$\memory$architecture_simulator/rtl/vertical_slice/gtsu_lbuf_16bank_macro_model.sv:78$4296_ADDR[3:0]$7198
   131/2976: $4$mem2reg_wr$\memory$architecture_simulator/rtl/vertical_slice/gtsu_lbuf_16bank_macro_model.sv:78$4295_ADDR[3:0]$7195
   132/2976: $4$mem2reg_wr$\memory$architecture_simulator/rtl/vertical_slice/gtsu_lbuf_16bank_macro_model.sv:78$4295_DATA[127:0]$7196
   133/2976: $4$mem2reg_wr$\memory$architecture_simulator/rtl/vertical_slice/gtsu_lbuf_16bank_macro_model.sv:78$4294_ADDR[3:0]$7192
   134/2976: $4$mem2reg_wr$\memory$architecture_simulator/rtl/vertical_slice/gtsu_lbuf_16bank_macro_model.sv:78$4294_DATA[127:0]$7193
   135/2976: $4$mem2reg_wr$\memory$architecture_simulator/rtl/vertical_slice/gtsu_lbuf_16bank_macro_model.sv:78$4293_ADDR[3:0]$7189
   136/2976: $4$mem2reg_wr$\memory$architecture_simulator/rtl/vertical_slice/gtsu_lbuf_16bank_macro_model.sv:78$4293_DATA[127:0]$7190
   137/2976: $4$mem2reg_wr$\memory$architecture_simulator/rtl/vertical_slice/gtsu_lbuf_16bank_macro_model.sv:78$4292_ADDR[3:0]$7186
   138/2976: $4$mem2reg_wr$\memory$architecture_simulator/rtl/vertical_slice/gtsu_lbuf_16bank_macro_model.sv:78$4292_DATA[127:0]$7187
   139/2976: $4$mem2reg_wr$\memory$architecture_simulator/rtl/vertical_slice/gtsu_lbuf_16bank_macro_model.sv:78$4291_ADDR[3:0]$7183
   140/2976: $4$mem2reg_wr$\memory$architecture_simulator/rtl/vertical_slice/gtsu_lbuf_16bank_macro_model.sv:78$4291_DATA[127:0]$7184
   141/2976: $4$mem2reg_wr$\memory$architecture_simulator/rtl/vertical_slice/gtsu_lbuf_16bank_macro_model.sv:78$4290_ADDR[3:0]$7180
   142/2976: $4$mem2reg_wr$\memory$architecture_simulator/rtl/vertical_slice/gtsu_lbuf_16bank_macro_model.sv:78$4290_DATA[127:0]$7181
   143/2976: $4$mem2reg_wr$\memory$architecture_simulator/rtl/vertical_slice/gtsu_lbuf_16bank_macro_model.sv:78$4289_ADDR[3:0]$7177
   144/2976: $4$mem2reg_wr$\memory$architecture_simulator/rtl/vertical_slice/gtsu_lbuf_16bank_macro_model.sv:78$4289_DATA[127:0]$7178
   145/2976: $4$mem2reg_wr$\memory$architecture_simulator/rtl/vertical_slice/gtsu_lbuf_16bank_macro_model.sv:78$4288_ADDR[3:0]$7174
   146/2976: $4$mem2reg_wr$\memory$architecture_simulator/rtl/vertical_slice/gtsu_lbuf_16bank_macro_model.sv:78$4288_DATA[127:0]$7175
   147/2976: $4$mem2reg_wr$\memory$architecture_simulator/rtl/vertical_slice/gtsu_lbuf_16bank_macro_model.sv:78$4287_ADDR[3:0]$7171
   148/2976: $4$mem2reg_wr$\memory$architecture_simulator/rtl/vertical_slice/gtsu_lbuf_16bank_macro_model.sv:78$4287_DATA[127:0]$7172
   149/2976: $4$mem2reg_wr$\memory$architecture_simulator/rtl/vertical_slice/gtsu_lbuf_16bank_macro_model.sv:78$4286_ADDR[3:0]$7168
   150/2976: $4$mem2reg_wr$\memory$architecture_simulator/rtl/vertical_slice/gtsu_lbuf_16bank_macro_model.sv:78$4286_DATA[127:0]$7169
   151/2976: $4$mem2reg_wr$\memory$architecture_simulator/rtl/vertical_slice/gtsu_lbuf_16bank_macro_model.sv:78$4285_ADDR[3:0]$7165
   152/2976: $4$mem2reg_wr$\memory$architecture_simulator/rtl/vertical_slice/gtsu_lbuf_16bank_macro_model.sv:78$4285_DATA[127:0]$7166
   153/2976: $4$mem2reg_wr$\memory$architecture_simulator/rtl/vertical_slice/gtsu_lbuf_16bank_macro_model.sv:78$4284_ADDR[3:0]$7162
   154/2976: $4$mem2reg_wr$\memory$architecture_simulator/rtl/vertical_slice/gtsu_lbuf_16bank_macro_model.sv:78$4284_DATA[127:0]$7163
   155/2976: $4$mem2reg_wr$\memory$architecture_simulator/rtl/vertical_slice/gtsu_lbuf_16bank_macro_model.sv:78$4283_ADDR[3:0]$7159
   156/2976: $4$mem2reg_wr$\memory$architecture_simulator/rtl/vertical_slice/gtsu_lbuf_16bank_macro_model.sv:78$4283_DATA[127:0]$7160
   157/2976: $4$mem2reg_wr$\memory$architecture_simulator/rtl/vertical_slice/gtsu_lbuf_16bank_macro_model.sv:78$4282_ADDR[3:0]$7156
   158/2976: $4$mem2reg_wr$\memory$architecture_simulator/rtl/vertical_slice/gtsu_lbuf_16bank_macro_model.sv:78$4282_DATA[127:0]$7157
   159/2976: $4$mem2reg_wr$\memory$architecture_simulator/rtl/vertical_slice/gtsu_lbuf_16bank_macro_model.sv:78$4281_ADDR[3:0]$7153
   160/2976: $4$mem2reg_wr$\memory$architecture_simulator/rtl/vertical_slice/gtsu_lbuf_16bank_macro_model.sv:78$4281_DATA[127:0]$7154
   161/2976: $4$mem2reg_wr$\memory$architecture_simulator/rtl/vertical_slice/gtsu_lbuf_16bank_macro_model.sv:78$4280_ADDR[3:0]$7150
   162/2976: $4$mem2reg_wr$\memory$architecture_simulator/rtl/vertical_slice/gtsu_lbuf_16bank_macro_model.sv:78$4280_DATA[127:0]$7151
   163/2976: $16\byte_index[31:0]
   164/2976: $3$mem2reg_wr$\memory$architecture_simulator/rtl/vertical_slice/gtsu_lbuf_16bank_macro_model.sv:78$4295_DATA[127:0]$7149
   165/2976: $3$mem2reg_wr$\memory$architecture_simulator/rtl/vertical_slice/gtsu_lbuf_16bank_macro_model.sv:78$4295_ADDR[3:0]$7148
   166/2976: $3$mem2reg_wr$\memory$architecture_simulator/rtl/vertical_slice/gtsu_lbuf_16bank_macro_model.sv:78$4294_DATA[127:0]$7147
   167/2976: $3$mem2reg_wr$\memory$architecture_simulator/rtl/vertical_slice/gtsu_lbuf_16bank_macro_model.sv:78$4294_ADDR[3:0]$7146
   168/2976: $3$mem2reg_wr$\memory$architecture_simulator/rtl/vertical_slice/gtsu_lbuf_16bank_macro_model.sv:78$4293_DATA[127:0]$7145
   169/2976: $3$mem2reg_wr$\memory$architecture_simulator/rtl/vertical_slice/gtsu_lbuf_16bank_macro_model.sv:78$4293_ADDR[3:0]$7144
   170/2976: $3$mem2reg_wr$\memory$architecture_simulator/rtl/vertical_slice/gtsu_lbuf_16bank_macro_model.sv:78$4292_DATA[127:0]$7143
   171/2976: $3$mem2reg_wr$\memory$architecture_simulator/rtl/vertical_slice/gtsu_lbuf_16bank_macro_model.sv:78$4292_ADDR[3:0]$7142
   172/2976: $3$mem2reg_wr$\memory$architecture_simulator/rtl/vertical_slice/gtsu_lbuf_16bank_macro_model.sv:78$4291_DATA[127:0]$7141
   173/2976: $3$mem2reg_wr$\memory$architecture_simulator/rtl/vertical_slice/gtsu_lbuf_16bank_macro_model.sv:78$4291_ADDR[3:0]$7140
   174/2976: $3$mem2reg_wr$\memory$architecture_simulator/rtl/vertical_slice/gtsu_lbuf_16bank_macro_model.sv:78$4290_DATA[127:0]$7139
   175/2976: $3$mem2reg_wr$\memory$architecture_simulator/rtl/vertical_slice/gtsu_lbuf_16bank_macro_model.sv:78$4290_ADDR[3:0]$7138
   176/2976: $3$mem2reg_wr$\memory$architecture_simulator/rtl/vertical_slice/gtsu_lbuf_16bank_macro_model.sv:78$4289_DATA[127:0]$7137
   177/2976: $3$mem2reg_wr$\memory$architecture_simulator/rtl/vertical_slice/gtsu_lbuf_16bank_macro_model.sv:78$4289_ADDR[3:0]$7136
   178/2976: $3$mem2reg_wr$\memory$architecture_simulator/rtl/vertical_slice/gtsu_lbuf_16bank_macro_model.sv:78$4288_DATA[127:0]$7135
   179/2976: $3$mem2reg_wr$\memory$architecture_simulator/rtl/vertical_slice/gtsu_lbuf_16bank_macro_model.sv:78$4288_ADDR[3:0]$7134
   180/2976: $3$mem2reg_wr$\memory$architecture_simulator/rtl/vertical_slice/gtsu_lbuf_16bank_macro_model.sv:78$4287_DATA[127:0]$7133
   181/2976: $3$mem2reg_wr$\memory$architecture_simulator/rtl/vertical_slice/gtsu_lbuf_16bank_macro_model.sv:78$4287_ADDR[3:0]$7132
   182/2976: $3$mem2reg_wr$\memory$architecture_simulator/rtl/vertical_slice/gtsu_lbuf_16bank_macro_model.sv:78$4286_DATA[127:0]$7131
   183/2976: $3$mem2reg_wr$\memory$architecture_simulator/rtl/vertical_slice/gtsu_lbuf_16bank_macro_model.sv:78$4286_ADDR[3:0]$7130
   184/2976: $3$mem2reg_wr$\memory$architecture_simulator/rtl/vertical_slice/gtsu_lbuf_16bank_macro_model.sv:78$4285_DATA[127:0]$7129
   185/2976: $3$mem2reg_wr$\memory$architecture_simulator/rtl/vertical_slice/gtsu_lbuf_16bank_macro_model.sv:78$4285_ADDR[3:0]$7128
   186/2976: $3$mem2reg_wr$\memory$architecture_simulator/rtl/vertical_slice/gtsu_lbuf_16bank_macro_model.sv:78$4284_DATA[127:0]$7127
   187/2976: $3$mem2reg_wr$\memory$architecture_simulator/rtl/vertical_slice/gtsu_lbuf_16bank_macro_model.sv:78$4284_ADDR[3:0]$7126
   188/2976: $3$mem2reg_wr$\memory$architecture_simulator/rtl/vertical_slice/gtsu_lbuf_16bank_macro_model.sv:78$4283_DATA[127:0]$7125
   189/2976: $3$mem2reg_wr$\memory$architecture_simulator/rtl/vertical_slice/gtsu_lbuf_16bank_macro_model.sv:78$4283_ADDR[3:0]$7124
   190/2976: $3$mem2reg_wr$\memory$architecture_simulator/rtl/vertical_slice/gtsu_lbuf_16bank_macro_model.sv:78$4282_DATA[127:0]$7123
   191/2976: $3$mem2reg_wr$\memory$architecture_simulator/rtl/vertical_slice/gtsu_lbuf_16bank_macro_model.sv:78$4282_ADDR[3:0]$7122
   192/2976: $3$mem2reg_wr$\memory$architecture_simulator/rtl/vertical_slice/gtsu_lbuf_16bank_macro_model.sv:78$4281_DATA[127:0]$7121
   193/2976: $3$mem2reg_wr$\memory$architecture_simulator/rtl/vertical_slice/gtsu_lbuf_16bank_macro_model.sv:78$4281_ADDR[3:0]$7120
   194/2976: $3$mem2reg_wr$\memory$architecture_simulator/rtl/vertical_slice/gtsu_lbuf_16bank_macro_model.sv:78$4280_DATA[127:0]$7119
   195/2976: $3$mem2reg_wr$\memory$architecture_simulator/rtl/vertical_slice/gtsu_lbuf_16bank_macro_model.sv:78$4280_ADDR[3:0]$7118
   196/2976: $4$mem2reg_wr$\memory$architecture_simulator/rtl/vertical_slice/gtsu_lbuf_16bank_macro_model.sv:78$4279_ADDR[3:0]$7115
   197/2976: $4$mem2reg_wr$\memory$architecture_simulator/rtl/vertical_slice/gtsu_lbuf_16bank_macro_model.sv:78$4279_DATA[127:0]$7116
   198/2976: $4$mem2reg_wr$\memory$architecture_simulator/rtl/vertical_slice/gtsu_lbuf_16bank_macro_model.sv:78$4278_ADDR[3:0]$7112
   199/2976: $4$mem2reg_wr$\memory$architecture_simulator/rtl/vertical_slice/gtsu_lbuf_16bank_macro_model.sv:78$4278_DATA[127:0]$7113
   200/2976: $4$mem2reg_wr$\memory$architecture_simulator/rtl/vertical_slice/gtsu_lbuf_16bank_macro_model.sv:78$4277_ADDR[3:0]$7109
   201/2976: $4$mem2reg_wr$\memory$architecture_simulator/rtl/vertical_slice/gtsu_lbuf_16bank_macro_model.sv:78$4277_DATA[127:0]$7110
   202/2976: $4$mem2reg_wr$\memory$architecture_simulator/rtl/vertical_slice/gtsu_lbuf_16bank_macro_model.sv:78$4276_ADDR[3:0]$7106
   203/2976: $4$mem2reg_wr$\memory$architecture_simulator/rtl/vertical_slice/gtsu_lbuf_16bank_macro_model.sv:78$4276_DATA[127:0]$7107
   204/2976: $4$mem2reg_wr$\memory$architecture_simulator/rtl/vertical_slice/gtsu_lbuf_16bank_macro_model.sv:78$4275_ADDR[3:0]$7103
   205/2976: $4$mem2reg_wr$\memory$architecture_simulator/rtl/vertical_slice/gtsu_lbuf_16bank_macro_model.sv:78$4275_DATA[127:0]$7104
   206/2976: $4$mem2reg_wr$\memory$architecture_simulator/rtl/vertical_slice/gtsu_lbuf_16bank_macro_model.sv:78$4274_ADDR[3:0]$7100
   207/2976: $4$mem2reg_wr$\memory$architecture_simulator/rtl/vertical_slice/gtsu_lbuf_16bank_macro_model.sv:78$4274_DATA[127:0]$7101
   208/2976: $4$mem2reg_wr$\memory$architecture_simulator/rtl/vertical_slice/gtsu_lbuf_16bank_macro_model.sv:78$4273_ADDR[3:0]$7097
   209/2976: $4$mem2reg_wr$\memory$architecture_simulator/rtl/vertical_slice/gtsu_lbuf_16bank_macro_model.sv:78$4273_DATA[127:0]$7098
   210/2976: $4$mem2reg_wr$\memory$architecture_simulator/rtl/vertical_slice/gtsu_lbuf_16bank_macro_model.sv:78$4272_ADDR[3:0]$7094
   211/2976: $4$mem2reg_wr$\memory$architecture_simulator/rtl/vertical_slice/gtsu_lbuf_16bank_macro_model.sv:78$4272_DATA[127:0]$7095
   212/2976: $4$mem2reg_wr$\memory$architecture_simulator/rtl/vertical_slice/gtsu_lbuf_16bank_macro_model.sv:78$4271_ADDR[3:0]$7091
   213/2976: $4$mem2reg_wr$\memory$architecture_simulator/rtl/vertical_slice/gtsu_lbuf_16bank_macro_model.sv:78$4271_DATA[127:0]$7092
   214/2976: $4$mem2reg_wr$\memory$architecture_simulator/rtl/vertical_slice/gtsu_lbuf_16bank_macro_model.sv:78$4270_ADDR[3:0]$7088
   215/2976: $4$mem2reg_wr$\memory$architecture_simulator/rtl/vertical_slice/gtsu_lbuf_16bank_macro_model.sv:78$4270_DATA[127:0]$7089
   216/2976: $4$mem2reg_wr$\memory$architecture_simulator/rtl/vertical_slice/gtsu_lbuf_16bank_macro_model.sv:78$4269_ADDR[3:0]$7085
   217/2976: $4$mem2reg_wr$\memory$architecture_simulator/rtl/vertical_slice/gtsu_lbuf_16bank_macro_model.sv:78$4269_DATA[127:0]$7086
   218/2976: $4$mem2reg_wr$\memory$architecture_simulator/rtl/vertical_slice/gtsu_lbuf_16bank_macro_model.sv:78$4268_ADDR[3:0]$7082
   219/2976: $4$mem2reg_wr$\memory$architecture_simulator/rtl/vertical_slice/gtsu_lbuf_16bank_macro_model.sv:78$4268_DATA[127:0]$7083
   220/2976: $4$mem2reg_wr$\memory$architecture_simulator/rtl/vertical_slice/gtsu_lbuf_16bank_macro_model.sv:78$4267_ADDR[3:0]$7079
   221/2976: $4$mem2reg_wr$\memory$architecture_simulator/rtl/vertical_slice/gtsu_lbuf_16bank_macro_model.sv:78$4267_DATA[127:0]$7080
   222/2976: $4$mem2reg_wr$\memory$architecture_simulator/rtl/vertical_slice/gtsu_lbuf_16bank_macro_model.sv:78$4266_ADDR[3:0]$7076
   223/2976: $4$mem2reg_wr$\memory$architecture_simulator/rtl/vertical_slice/gtsu_lbuf_16bank_macro_model.sv:78$4266_DATA[127:0]$7077
   224/2976: $4$mem2reg_wr$\memory$architecture_simulator/rtl/vertical_slice/gtsu_lbuf_16bank_macro_model.sv:78$4265_ADDR[3:0]$7073
   225/2976: $4$mem2reg_wr$\memory$architecture_simulator/rtl/vertical_slice/gtsu_lbuf_16bank_macro_model.sv:78$4265_DATA[127:0]$7074
   226/2976: $4$mem2reg_wr$\memory$architecture_simulator/rtl/vertical_slice/gtsu_lbuf_16bank_macro_model.sv:78$4264_ADDR[3:0]$7070
   227/2976: $4$mem2reg_wr$\memory$architecture_simulator/rtl/vertical_slice/gtsu_lbuf_16bank_macro_model.sv:78$4264_DATA[127:0]$7071
   228/2976: $15\byte_index[31:0]
   229/2976: $3$mem2reg_wr$\memory$architecture_simulator/rtl/vertical_slice/gtsu_lbuf_16bank_macro_model.sv:78$4279_DATA[127:0]$7069
   230/2976: $3$mem2reg_wr$\memory$architecture_simulator/rtl/vertical_slice/gtsu_lbuf_16bank_macro_model.sv:78$4279_ADDR[3:0]$7068
   231/2976: $3$mem2reg_wr$\memory$architecture_simulator/rtl/vertical_slice/gtsu_lbuf_16bank_macro_model.sv:78$4278_DATA[127:0]$7067
   232/2976: $3$mem2reg_wr$\memory$architecture_simulator/rtl/vertical_slice/gtsu_lbuf_16bank_macro_model.sv:78$4278_ADDR[3:0]$7066
   233/2976: $3$mem2reg_wr$\memory$architecture_simulator/rtl/vertical_slice/gtsu_lbuf_16bank_macro_model.sv:78$4277_DATA[127:0]$7065
   234/2976: $3$mem2reg_wr$\memory$architecture_simulator/rtl/vertical_slice/gtsu_lbuf_16bank_macro_model.sv:78$4277_ADDR[3:0]$7064
   235/2976: $3$mem2reg_wr$\memory$architecture_simulator/rtl/vertical_slice/gtsu_lbuf_16bank_macro_model.sv:78$4276_DATA[127:0]$7063
   236/2976: $3$mem2reg_wr$\memory$architecture_simulator/rtl/vertical_slice/gtsu_lbuf_16bank_macro_model.sv:78$4276_ADDR[3:0]$7062
   237/2976: $3$mem2reg_wr$\memory$architecture_simulator/rtl/vertical_slice/gtsu_lbuf_16bank_macro_model.sv:78$4275_DATA[127:0]$7061
   238/2976: $3$mem2reg_wr$\memory$architecture_simulator/rtl/vertical_slice/gtsu_lbuf_16bank_macro_model.sv:78$4275_ADDR[3:0]$7060
   239/2976: $3$mem2reg_wr$\memory$architecture_simulator/rtl/vertical_slice/gtsu_lbuf_16bank_macro_model.sv:78$4274_DATA[127:0]$7059
   240/2976: $3$mem2reg_wr$\memory$architecture_simulator/rtl/vertical_slice/gtsu_lbuf_16bank_macro_model.sv:78$4274_ADDR[3:0]$7058
   241/2976: $3$mem2reg_wr$\memory$architecture_simulator/rtl/vertical_slice/gtsu_lbuf_16bank_macro_model.sv:78$4273_DATA[127:0]$7057
   242/2976: $3$mem2reg_wr$\memory$architecture_simulator/rtl/vertical_slice/gtsu_lbuf_16bank_macro_model.sv:78$4273_ADDR[3:0]$7056
   243/2976: $3$mem2reg_wr$\memory$architecture_simulator/rtl/vertical_slice/gtsu_lbuf_16bank_macro_model.sv:78$4272_DATA[127:0]$7055
   244/2976: $3$mem2reg_wr$\memory$architecture_simulator/rtl/vertical_slice/gtsu_lbuf_16bank_macro_model.sv:78$4272_ADDR[3:0]$7054
   245/2976: $3$mem2reg_wr$\memory$architecture_simulator/rtl/vertical_slice/gtsu_lbuf_16bank_macro_model.sv:78$4271_DATA[127:0]$7053
   246/2976: $3$mem2reg_wr$\memory$architecture_simulator/rtl/vertical_slice/gtsu_lbuf_16bank_macro_model.sv:78$4271_ADDR[3:0]$7052
   247/2976: $3$mem2reg_wr$\memory$architecture_simulator/rtl/vertical_slice/gtsu_lbuf_16bank_macro_model.sv:78$4270_DATA[127:0]$7051
   248/2976: $3$mem2reg_wr$\memory$architecture_simulator/rtl/vertical_slice/gtsu_lbuf_16bank_macro_model.sv:78$4270_ADDR[3:0]$7050
   249/2976: $3$mem2reg_wr$\memory$architecture_simulator/rtl/vertical_slice/gtsu_lbuf_16bank_macro_model.sv:78$4269_DATA[127:0]$7049
   250/2976: $3$mem2reg_wr$\memory$architecture_simulator/rtl/vertical_slice/gtsu_lbuf_16bank_macro_model.sv:78$4269_ADDR[3:0]$7048
   251/2976: $3$mem2reg_wr$\memory$architecture_simulator/rtl/vertical_slice/gtsu_lbuf_16bank_macro_model.sv:78$4268_DATA[127:0]$7047
   252/2976: $3$mem2reg_wr$\memory$architecture_simulator/rtl/vertical_slice/gtsu_lbuf_16bank_macro_model.sv:78$4268_ADDR[3:0]$7046
   253/2976: $3$mem2reg_wr$\memory$architecture_simulator/rtl/vertical_slice/gtsu_lbuf_16bank_macro_model.sv:78$4267_DATA[127:0]$7045
   254/2976: $3$mem2reg_wr$\memory$architecture_simulator/rtl/vertical_slice/gtsu_lbuf_16bank_macro_model.sv:78$4267_ADDR[3:0]$7044
   255/2976: $3$mem2reg_wr$\memory$architecture_simulator/rtl/vertical_slice/gtsu_lbuf_16bank_macro_model.sv:78$4266_DATA[127:0]$7043
   256/2976: $3$mem2reg_wr$\memory$architecture_simulator/rtl/vertical_slice/gtsu_lbuf_16bank_macro_model.sv:78$4266_ADDR[3:0]$7042
   257/2976: $3$mem2reg_wr$\memory$architecture_simulator/rtl/vertical_slice/gtsu_lbuf_16bank_macro_model.sv:78$4265_DATA[127:0]$7041
   258/2976: $3$mem2reg_wr$\memory$architecture_simulator/rtl/vertical_slice/gtsu_lbuf_16bank_macro_model.sv:78$4265_ADDR[3:0]$7040
   259/2976: $3$mem2reg_wr$\memory$architecture_simulator/rtl/vertical_slice/gtsu_lbuf_16bank_macro_model.sv:78$4264_DATA[127:0]$7039
   260/2976: $3$mem2reg_wr$\memory$architecture_simulator/rtl/vertical_slice/gtsu_lbuf_16bank_macro_model.sv:78$4264_ADDR[3:0]$7038
   261/2976: $4$mem2reg_wr$\memory$architecture_simulator/rtl/vertical_slice/gtsu_lbuf_16bank_macro_model.sv:78$4263_ADDR[3:0]$7035
   262/2976: $4$mem2reg_wr$\memory$architecture_simulator/rtl/vertical_slice/gtsu_lbuf_16bank_macro_model.sv:78$4263_DATA[127:0]$7036
   263/2976: $4$mem2reg_wr$\memory$architecture_simulator/rtl/vertical_slice/gtsu_lbuf_16bank_macro_model.sv:78$4262_ADDR[3:0]$7032
   264/2976: $4$mem2reg_wr$\memory$architecture_simulator/rtl/vertical_slice/gtsu_lbuf_16bank_macro_model.sv:78$4262_DATA[127:0]$7033
   265/2976: $4$mem2reg_wr$\memory$architecture_simulator/rtl/vertical_slice/gtsu_lbuf_16bank_macro_model.sv:78$4261_ADDR[3:0]$7029
   266/2976: $4$mem2reg_wr$\memory$architecture_simulator/rtl/vertical_slice/gtsu_lbuf_16bank_macro_model.sv:78$4261_DATA[127:0]$7030
   267/2976: $4$mem2reg_wr$\memory$architecture_simulator/rtl/vertical_slice/gtsu_lbuf_16bank_macro_model.sv:78$4260_ADDR[3:0]$7026
   268/2976: $4$mem2reg_wr$\memory$architecture_simulator/rtl/vertical_slice/gtsu_lbuf_16bank_macro_model.sv:78$4260_DATA[127:0]$7027
   269/2976: $4$mem2reg_wr$\memory$architecture_simulator/rtl/vertical_slice/gtsu_lbuf_16bank_macro_model.sv:78$4259_ADDR[3:0]$7023
   270/2976: $4$mem2reg_wr$\memory$architecture_simulator/rtl/vertical_slice/gtsu_lbuf_16bank_macro_model.sv:78$4259_DATA[127:0]$7024
   271/2976: $4$mem2reg_wr$\memory$architecture_simulator/rtl/vertical_slice/gtsu_lbuf_16bank_macro_model.sv:78$4258_ADDR[3:0]$7020
   272/2976: $4$mem2reg_wr$\memory$architecture_simulator/rtl/vertical_slice/gtsu_lbuf_16bank_macro_model.sv:78$4258_DATA[127:0]$7021
   273/2976: $4$mem2reg_wr$\memory$architecture_simulator/rtl/vertical_slice/gtsu_lbuf_16bank_macro_model.sv:78$4257_ADDR[3:0]$7017
   274/2976: $4$mem2reg_wr$\memory$architecture_simulator/rtl/vertical_slice/gtsu_lbuf_16bank_macro_model.sv:78$4257_DATA[127:0]$7018
   275/2976: $4$mem2reg_wr$\memory$architecture_simulator/rtl/vertical_slice/gtsu_lbuf_16bank_macro_model.sv:78$4256_ADDR[3:0]$7014
   276/2976: $4$mem2reg_wr$\memory$architecture_simulator/rtl/vertical_slice/gtsu_lbuf_16bank_macro_model.sv:78$4256_DATA[127:0]$7015
   277/2976: $4$mem2reg_wr$\memory$architecture_simulator/rtl/vertical_slice/gtsu_lbuf_16bank_macro_model.sv:78$4255_ADDR[3:0]$7011
   278/2976: $4$mem2reg_wr$\memory$architecture_simulator/rtl/vertical_slice/gtsu_lbuf_16bank_macro_model.sv:78$4255_DATA[127:0]$7012
   279/2976: $4$mem2reg_wr$\memory$architecture_simulator/rtl/vertical_slice/gtsu_lbuf_16bank_macro_model.sv:78$4254_ADDR[3:0]$7008
   280/2976: $4$mem2reg_wr$\memory$architecture_simulator/rtl/vertical_slice/gtsu_lbuf_16bank_macro_model.sv:78$4254_DATA[127:0]$7009
   281/2976: $4$mem2reg_wr$\memory$architecture_simulator/rtl/vertical_slice/gtsu_lbuf_16bank_macro_model.sv:78$4253_ADDR[3:0]$7005
   282/2976: $4$mem2reg_wr$\memory$architecture_simulator/rtl/vertical_slice/gtsu_lbuf_16bank_macro_model.sv:78$4253_DATA[127:0]$7006
   283/2976: $4$mem2reg_wr$\memory$architecture_simulator/rtl/vertical_slice/gtsu_lbuf_16bank_macro_model.sv:78$4252_ADDR[3:0]$7002
   284/2976: $4$mem2reg_wr$\memory$architecture_simulator/rtl/vertical_slice/gtsu_lbuf_16bank_macro_model.sv:78$4252_DATA[127:0]$7003
   285/2976: $4$mem2reg_wr$\memory$architecture_simulator/rtl/vertical_slice/gtsu_lbuf_16bank_macro_model.sv:78$4251_ADDR[3:0]$6999
   286/2976: $4$mem2reg_wr$\memory$architecture_simulator/rtl/vertical_slice/gtsu_lbuf_16bank_macro_model.sv:78$4251_DATA[127:0]$7000
   287/2976: $4$mem2reg_wr$\memory$architecture_simulator/rtl/vertical_slice/gtsu_lbuf_16bank_macro_model.sv:78$4250_ADDR[3:0]$6996
   288/2976: $4$mem2reg_wr$\memory$architecture_simulator/rtl/vertical_slice/gtsu_lbuf_16bank_macro_model.sv:78$4250_DATA[127:0]$6997
   289/2976: $4$mem2reg_wr$\memory$architecture_simulator/rtl/vertical_slice/gtsu_lbuf_16bank_macro_model.sv:78$4249_ADDR[3:0]$6993
   290/2976: $4$mem2reg_wr$\memory$architecture_simulator/rtl/vertical_slice/gtsu_lbuf_16bank_macro_model.sv:78$4249_DATA[127:0]$6994
   291/2976: $4$mem2reg_wr$\memory$architecture_simulator/rtl/vertical_slice/gtsu_lbuf_16bank_macro_model.sv:78$4248_ADDR[3:0]$6990
   292/2976: $4$mem2reg_wr$\memory$architecture_simulator/rtl/vertical_slice/gtsu_lbuf_16bank_macro_model.sv:78$4248_DATA[127:0]$6991
   293/2976: $14\byte_index[31:0]
   294/2976: $3$mem2reg_wr$\memory$architecture_simulator/rtl/vertical_slice/gtsu_lbuf_16bank_macro_model.sv:78$4263_DATA[127:0]$6989
   295/2976: $3$mem2reg_wr$\memory$architecture_simulator/rtl/vertical_slice/gtsu_lbuf_16bank_macro_model.sv:78$4263_ADDR[3:0]$6988
   296/2976: $3$mem2reg_wr$\memory$architecture_simulator/rtl/vertical_slice/gtsu_lbuf_16bank_macro_model.sv:78$4262_DATA[127:0]$6987
   297/2976: $3$mem2reg_wr$\memory$architecture_simulator/rtl/vertical_slice/gtsu_lbuf_16bank_macro_model.sv:78$4262_ADDR[3:0]$6986
   298/2976: $3$mem2reg_wr$\memory$architecture_simulator/rtl/vertical_slice/gtsu_lbuf_16bank_macro_model.sv:78$4261_DATA[127:0]$6985
   299/2976: $3$mem2reg_wr$\memory$architecture_simulator/rtl/vertical_slice/gtsu_lbuf_16bank_macro_model.sv:78$4261_ADDR[3:0]$6984
   300/2976: $3$mem2reg_wr$\memory$architecture_simulator/rtl/vertical_slice/gtsu_lbuf_16bank_macro_model.sv:78$4260_DATA[127:0]$6983
   301/2976: $3$mem2reg_wr$\memory$architecture_simulator/rtl/vertical_slice/gtsu_lbuf_16bank_macro_model.sv:78$4260_ADDR[3:0]$6982
   302/2976: $3$mem2reg_wr$\memory$architecture_simulator/rtl/vertical_slice/gtsu_lbuf_16bank_macro_model.sv:78$4259_DATA[127:0]$6981
   303/2976: $3$mem2reg_wr$\memory$architecture_simulator/rtl/vertical_slice/gtsu_lbuf_16bank_macro_model.sv:78$4259_ADDR[3:0]$6980
   304/2976: $3$mem2reg_wr$\memory$architecture_simulator/rtl/vertical_slice/gtsu_lbuf_16bank_macro_model.sv:78$4258_DATA[127:0]$6979
   305/2976: $3$mem2reg_wr$\memory$architecture_simulator/rtl/vertical_slice/gtsu_lbuf_16bank_macro_model.sv:78$4258_ADDR[3:0]$6978
   306/2976: $3$mem2reg_wr$\memory$architecture_simulator/rtl/vertical_slice/gtsu_lbuf_16bank_macro_model.sv:78$4257_DATA[127:0]$6977
   307/2976: $3$mem2reg_wr$\memory$architecture_simulator/rtl/vertical_slice/gtsu_lbuf_16bank_macro_model.sv:78$4257_ADDR[3:0]$6976
   308/2976: $3$mem2reg_wr$\memory$architecture_simulator/rtl/vertical_slice/gtsu_lbuf_16bank_macro_model.sv:78$4256_DATA[127:0]$6975
   309/2976: $3$mem2reg_wr$\memory$architecture_simulator/rtl/vertical_slice/gtsu_lbuf_16bank_macro_model.sv:78$4256_ADDR[3:0]$6974
   310/2976: $3$mem2reg_wr$\memory$architecture_simulator/rtl/vertical_slice/gtsu_lbuf_16bank_macro_model.sv:78$4255_DATA[127:0]$6973
   311/2976: $3$mem2reg_wr$\memory$architecture_simulator/rtl/vertical_slice/gtsu_lbuf_16bank_macro_model.sv:78$4255_ADDR[3:0]$6972
   312/2976: $3$mem2reg_wr$\memory$architecture_simulator/rtl/vertical_slice/gtsu_lbuf_16bank_macro_model.sv:78$4254_DATA[127:0]$6971
   313/2976: $3$mem2reg_wr$\memory$architecture_simulator/rtl/vertical_slice/gtsu_lbuf_16bank_macro_model.sv:78$4254_ADDR[3:0]$6970
   314/2976: $3$mem2reg_wr$\memory$architecture_simulator/rtl/vertical_slice/gtsu_lbuf_16bank_macro_model.sv:78$4253_DATA[127:0]$6969
   315/2976: $3$mem2reg_wr$\memory$architecture_simulator/rtl/vertical_slice/gtsu_lbuf_16bank_macro_model.sv:78$4253_ADDR[3:0]$6968
   316/2976: $3$mem2reg_wr$\memory$architecture_simulator/rtl/vertical_slice/gtsu_lbuf_16bank_macro_model.sv:78$4252_DATA[127:0]$6967
   317/2976: $3$mem2reg_wr$\memory$architecture_simulator/rtl/vertical_slice/gtsu_lbuf_16bank_macro_model.sv:78$4252_ADDR[3:0]$6966
   318/2976: $3$mem2reg_wr$\memory$architecture_simulator/rtl/vertical_slice/gtsu_lbuf_16bank_macro_model.sv:78$4251_DATA[127:0]$6965
   319/2976: $3$mem2reg_wr$\memory$architecture_simulator/rtl/vertical_slice/gtsu_lbuf_16bank_macro_model.sv:78$4251_ADDR[3:0]$6964
   320/2976: $3$mem2reg_wr$\memory$architecture_simulator/rtl/vertical_slice/gtsu_lbuf_16bank_macro_model.sv:78$4250_DATA[127:0]$6963
   321/2976: $3$mem2reg_wr$\memory$architecture_simulator/rtl/vertical_slice/gtsu_lbuf_16bank_macro_model.sv:78$4250_ADDR[3:0]$6962
   322/2976: $3$mem2reg_wr$\memory$architecture_simulator/rtl/vertical_slice/gtsu_lbuf_16bank_macro_model.sv:78$4249_DATA[127:0]$6961
   323/2976: $3$mem2reg_wr$\memory$architecture_simulator/rtl/vertical_slice/gtsu_lbuf_16bank_macro_model.sv:78$4249_ADDR[3:0]$6960
   324/2976: $3$mem2reg_wr$\memory$architecture_simulator/rtl/vertical_slice/gtsu_lbuf_16bank_macro_model.sv:78$4248_DATA[127:0]$6959
   325/2976: $3$mem2reg_wr$\memory$architecture_simulator/rtl/vertical_slice/gtsu_lbuf_16bank_macro_model.sv:78$4248_ADDR[3:0]$6958
   326/2976: $4$mem2reg_wr$\memory$architecture_simulator/rtl/vertical_slice/gtsu_lbuf_16bank_macro_model.sv:78$4247_ADDR[3:0]$6955
   327/2976: $4$mem2reg_wr$\memory$architecture_simulator/rtl/vertical_slice/gtsu_lbuf_16bank_macro_model.sv:78$4247_DATA[127:0]$6956
   328/2976: $4$mem2reg_wr$\memory$architecture_simulator/rtl/vertical_slice/gtsu_lbuf_16bank_macro_model.sv:78$4246_ADDR[3:0]$6952
   329/2976: $4$mem2reg_wr$\memory$architecture_simulator/rtl/vertical_slice/gtsu_lbuf_16bank_macro_model.sv:78$4246_DATA[127:0]$6953
   330/2976: $4$mem2reg_wr$\memory$architecture_simulator/rtl/vertical_slice/gtsu_lbuf_16bank_macro_model.sv:78$4245_ADDR[3:0]$6949
   331/2976: $4$mem2reg_wr$\memory$architecture_simulator/rtl/vertical_slice/gtsu_lbuf_16bank_macro_model.sv:78$4245_DATA[127:0]$6950
   332/2976: $4$mem2reg_wr$\memory$architecture_simulator/rtl/vertical_slice/gtsu_lbuf_16bank_macro_model.sv:78$4244_ADDR[3:0]$6946
   333/2976: $4$mem2reg_wr$\memory$architecture_simulator/rtl/vertical_slice/gtsu_lbuf_16bank_macro_model.sv:78$4244_DATA[127:0]$6947
   334/2976: $4$mem2reg_wr$\memory$architecture_simulator/rtl/vertical_slice/gtsu_lbuf_16bank_macro_model.sv:78$4243_ADDR[3:0]$6943
   335/2976: $4$mem2reg_wr$\memory$architecture_simulator/rtl/vertical_slice/gtsu_lbuf_16bank_macro_model.sv:78$4243_DATA[127:0]$6944
   336/2976: $4$mem2reg_wr$\memory$architecture_simulator/rtl/vertical_slice/gtsu_lbuf_16bank_macro_model.sv:78$4242_ADDR[3:0]$6940
   337/2976: $4$mem2reg_wr$\memory$architecture_simulator/rtl/vertical_slice/gtsu_lbuf_16bank_macro_model.sv:78$4242_DATA[127:0]$6941
   338/2976: $4$mem2reg_wr$\memory$architecture_simulator/rtl/vertical_slice/gtsu_lbuf_16bank_macro_model.sv:78$4241_ADDR[3:0]$6937
   339/2976: $4$mem2reg_wr$\memory$architecture_simulator/rtl/vertical_slice/gtsu_lbuf_16bank_macro_model.sv:78$4241_DATA[127:0]$6938
   340/2976: $4$mem2reg_wr$\memory$architecture_simulator/rtl/vertical_slice/gtsu_lbuf_16bank_macro_model.sv:78$4240_ADDR[3:0]$6934
   341/2976: $4$mem2reg_wr$\memory$architecture_simulator/rtl/vertical_slice/gtsu_lbuf_16bank_macro_model.sv:78$4240_DATA[127:0]$6935
   342/2976: $4$mem2reg_wr$\memory$architecture_simulator/rtl/vertical_slice/gtsu_lbuf_16bank_macro_model.sv:78$4239_ADDR[3:0]$6931
   343/2976: $4$mem2reg_wr$\memory$architecture_simulator/rtl/vertical_slice/gtsu_lbuf_16bank_macro_model.sv:78$4239_DATA[127:0]$6932
   344/2976: $4$mem2reg_wr$\memory$architecture_simulator/rtl/vertical_slice/gtsu_lbuf_16bank_macro_model.sv:78$4238_ADDR[3:0]$6928
   345/2976: $4$mem2reg_wr$\memory$architecture_simulator/rtl/vertical_slice/gtsu_lbuf_16bank_macro_model.sv:78$4238_DATA[127:0]$6929
   346/2976: $4$mem2reg_wr$\memory$architecture_simulator/rtl/vertical_slice/gtsu_lbuf_16bank_macro_model.sv:78$4237_ADDR[3:0]$6925
   347/2976: $4$mem2reg_wr$\memory$architecture_simulator/rtl/vertical_slice/gtsu_lbuf_16bank_macro_model.sv:78$4237_DATA[127:0]$6926
   348/2976: $4$mem2reg_wr$\memory$architecture_simulator/rtl/vertical_slice/gtsu_lbuf_16bank_macro_model.sv:78$4236_ADDR[3:0]$6922
   349/2976: $4$mem2reg_wr$\memory$architecture_simulator/rtl/vertical_slice/gtsu_lbuf_16bank_macro_model.sv:78$4236_DATA[127:0]$6923
   350/2976: $4$mem2reg_wr$\memory$architecture_simulator/rtl/vertical_slice/gtsu_lbuf_16bank_macro_model.sv:78$4235_ADDR[3:0]$6919
   351/2976: $4$mem2reg_wr$\memory$architecture_simulator/rtl/vertical_slice/gtsu_lbuf_16bank_macro_model.sv:78$4235_DATA[127:0]$6920
   352/2976: $4$mem2reg_wr$\memory$architecture_simulator/rtl/vertical_slice/gtsu_lbuf_16bank_macro_model.sv:78$4234_ADDR[3:0]$6916
   353/2976: $4$mem2reg_wr$\memory$architecture_simulator/rtl/vertical_slice/gtsu_lbuf_16bank_macro_model.sv:78$4234_DATA[127:0]$6917
   354/2976: $4$mem2reg_wr$\memory$architecture_simulator/rtl/vertical_slice/gtsu_lbuf_16bank_macro_model.sv:78$4233_ADDR[3:0]$6913
   355/2976: $4$mem2reg_wr$\memory$architecture_simulator/rtl/vertical_slice/gtsu_lbuf_16bank_macro_model.sv:78$4233_DATA[127:0]$6914
   356/2976: $4$mem2reg_wr$\memory$architecture_simulator/rtl/vertical_slice/gtsu_lbuf_16bank_macro_model.sv:78$4232_ADDR[3:0]$6910
   357/2976: $4$mem2reg_wr$\memory$architecture_simulator/rtl/vertical_slice/gtsu_lbuf_16bank_macro_model.sv:78$4232_DATA[127:0]$6911
   358/2976: $13\byte_index[31:0]
   359/2976: $3$mem2reg_wr$\memory$architecture_simulator/rtl/vertical_slice/gtsu_lbuf_16bank_macro_model.sv:78$4247_DATA[127:0]$6909
   360/2976: $3$mem2reg_wr$\memory$architecture_simulator/rtl/vertical_slice/gtsu_lbuf_16bank_macro_model.sv:78$4247_ADDR[3:0]$6908
   361/2976: $3$mem2reg_wr$\memory$architecture_simulator/rtl/vertical_slice/gtsu_lbuf_16bank_macro_model.sv:78$4246_DATA[127:0]$6907
   362/2976: $3$mem2reg_wr$\memory$architecture_simulator/rtl/vertical_slice/gtsu_lbuf_16bank_macro_model.sv:78$4246_ADDR[3:0]$6906
   363/2976: $3$mem2reg_wr$\memory$architecture_simulator/rtl/vertical_slice/gtsu_lbuf_16bank_macro_model.sv:78$4245_DATA[127:0]$6905
   364/2976: $3$mem2reg_wr$\memory$architecture_simulator/rtl/vertical_slice/gtsu_lbuf_16bank_macro_model.sv:78$4245_ADDR[3:0]$6904
   365/2976: $3$mem2reg_wr$\memory$architecture_simulator/rtl/vertical_slice/gtsu_lbuf_16bank_macro_model.sv:78$4244_DATA[127:0]$6903
   366/2976: $3$mem2reg_wr$\memory$architecture_simulator/rtl/vertical_slice/gtsu_lbuf_16bank_macro_model.sv:78$4244_ADDR[3:0]$6902
   367/2976: $3$mem2reg_wr$\memory$architecture_simulator/rtl/vertical_slice/gtsu_lbuf_16bank_macro_model.sv:78$4243_DATA[127:0]$6901
   368/2976: $3$mem2reg_wr$\memory$architecture_simulator/rtl/vertical_slice/gtsu_lbuf_16bank_macro_model.sv:78$4243_ADDR[3:0]$6900
   369/2976: $3$mem2reg_wr$\memory$architecture_simulator/rtl/vertical_slice/gtsu_lbuf_16bank_macro_model.sv:78$4242_DATA[127:0]$6899
   370/2976: $3$mem2reg_wr$\memory$architecture_simulator/rtl/vertical_slice/gtsu_lbuf_16bank_macro_model.sv:78$4242_ADDR[3:0]$6898
   371/2976: $3$mem2reg_wr$\memory$architecture_simulator/rtl/vertical_slice/gtsu_lbuf_16bank_macro_model.sv:78$4241_DATA[127:0]$6897
   372/2976: $3$mem2reg_wr$\memory$architecture_simulator/rtl/vertical_slice/gtsu_lbuf_16bank_macro_model.sv:78$4241_ADDR[3:0]$6896
   373/2976: $3$mem2reg_wr$\memory$architecture_simulator/rtl/vertical_slice/gtsu_lbuf_16bank_macro_model.sv:78$4240_DATA[127:0]$6895
   374/2976: $3$mem2reg_wr$\memory$architecture_simulator/rtl/vertical_slice/gtsu_lbuf_16bank_macro_model.sv:78$4240_ADDR[3:0]$6894
   375/2976: $3$mem2reg_wr$\memory$architecture_simulator/rtl/vertical_slice/gtsu_lbuf_16bank_macro_model.sv:78$4239_DATA[127:0]$6893
   376/2976: $3$mem2reg_wr$\memory$architecture_simulator/rtl/vertical_slice/gtsu_lbuf_16bank_macro_model.sv:78$4239_ADDR[3:0]$6892
   377/2976: $3$mem2reg_wr$\memory$architecture_simulator/rtl/vertical_slice/gtsu_lbuf_16bank_macro_model.sv:78$4238_DATA[127:0]$6891
   378/2976: $3$mem2reg_wr$\memory$architecture_simulator/rtl/vertical_slice/gtsu_lbuf_16bank_macro_model.sv:78$4238_ADDR[3:0]$6890
   379/2976: $3$mem2reg_wr$\memory$architecture_simulator/rtl/vertical_slice/gtsu_lbuf_16bank_macro_model.sv:78$4237_DATA[127:0]$6889
   380/2976: $3$mem2reg_wr$\memory$architecture_simulator/rtl/vertical_slice/gtsu_lbuf_16bank_macro_model.sv:78$4237_ADDR[3:0]$6888
   381/2976: $3$mem2reg_wr$\memory$architecture_simulator/rtl/vertical_slice/gtsu_lbuf_16bank_macro_model.sv:78$4236_DATA[127:0]$6887
   382/2976: $3$mem2reg_wr$\memory$architecture_simulator/rtl/vertical_slice/gtsu_lbuf_16bank_macro_model.sv:78$4236_ADDR[3:0]$6886
   383/2976: $3$mem2reg_wr$\memory$architecture_simulator/rtl/vertical_slice/gtsu_lbuf_16bank_macro_model.sv:78$4235_DATA[127:0]$6885
   384/2976: $3$mem2reg_wr$\memory$architecture_simulator/rtl/vertical_slice/gtsu_lbuf_16bank_macro_model.sv:78$4235_ADDR[3:0]$6884
   385/2976: $3$mem2reg_wr$\memory$architecture_simulator/rtl/vertical_slice/gtsu_lbuf_16bank_macro_model.sv:78$4234_DATA[127:0]$6883
   386/2976: $3$mem2reg_wr$\memory$architecture_simulator/rtl/vertical_slice/gtsu_lbuf_16bank_macro_model.sv:78$4234_ADDR[3:0]$6882
   387/2976: $3$mem2reg_wr$\memory$architecture_simulator/rtl/vertical_slice/gtsu_lbuf_16bank_macro_model.sv:78$4233_DATA[127:0]$6881
   388/2976: $3$mem2reg_wr$\memory$architecture_simulator/rtl/vertical_slice/gtsu_lbuf_16bank_macro_model.sv:78$4233_ADDR[3:0]$6880
   389/2976: $3$mem2reg_wr$\memory$architecture_simulator/rtl/vertical_slice/gtsu_lbuf_16bank_macro_model.sv:78$4232_DATA[127:0]$6879
   390/2976: $3$mem2reg_wr$\memory$architecture_simulator/rtl/vertical_slice/gtsu_lbuf_16bank_macro_model.sv:78$4232_ADDR[3:0]$6878
   391/2976: $4$mem2reg_wr$\memory$architecture_simulator/rtl/vertical_slice/gtsu_lbuf_16bank_macro_model.sv:78$4231_ADDR[3:0]$6875
   392/2976: $4$mem2reg_wr$\memory$architecture_simulator/rtl/vertical_slice/gtsu_lbuf_16bank_macro_model.sv:78$4231_DATA[127:0]$6876
   393/2976: $4$mem2reg_wr$\memory$architecture_simulator/rtl/vertical_slice/gtsu_lbuf_16bank_macro_model.sv:78$4230_ADDR[3:0]$6872
   394/2976: $4$mem2reg_wr$\memory$architecture_simulator/rtl/vertical_slice/gtsu_lbuf_16bank_macro_model.sv:78$4230_DATA[127:0]$6873
   395/2976: $4$mem2reg_wr$\memory$architecture_simulator/rtl/vertical_slice/gtsu_lbuf_16bank_macro_model.sv:78$4229_ADDR[3:0]$6869
   396/2976: $4$mem2reg_wr$\memory$architecture_simulator/rtl/vertical_slice/gtsu_lbuf_16bank_macro_model.sv:78$4229_DATA[127:0]$6870
   397/2976: $4$mem2reg_wr$\memory$architecture_simulator/rtl/vertical_slice/gtsu_lbuf_16bank_macro_model.sv:78$4228_ADDR[3:0]$6866
   398/2976: $4$mem2reg_wr$\memory$architecture_simulator/rtl/vertical_slice/gtsu_lbuf_16bank_macro_model.sv:78$4228_DATA[127:0]$6867
   399/2976: $4$mem2reg_wr$\memory$architecture_simulator/rtl/vertical_slice/gtsu_lbuf_16bank_macro_model.sv:78$4227_ADDR[3:0]$6863
   400/2976: $4$mem2reg_wr$\memory$architecture_simulator/rtl/vertical_slice/gtsu_lbuf_16bank_macro_model.sv:78$4227_DATA[127:0]$6864
   401/2976: $4$mem2reg_wr$\memory$architecture_simulator/rtl/vertical_slice/gtsu_lbuf_16bank_macro_model.sv:78$4226_ADDR[3:0]$6860
   402/2976: $4$mem2reg_wr$\memory$architecture_simulator/rtl/vertical_slice/gtsu_lbuf_16bank_macro_model.sv:78$4226_DATA[127:0]$6861
   403/2976: $4$mem2reg_wr$\memory$architecture_simulator/rtl/vertical_slice/gtsu_lbuf_16bank_macro_model.sv:78$4225_ADDR[3:0]$6857
   404/2976: $4$mem2reg_wr$\memory$architecture_simulator/rtl/vertical_slice/gtsu_lbuf_16bank_macro_model.sv:78$4225_DATA[127:0]$6858
   405/2976: $4$mem2reg_wr$\memory$architecture_simulator/rtl/vertical_slice/gtsu_lbuf_16bank_macro_model.sv:78$4224_ADDR[3:0]$6854
   406/2976: $4$mem2reg_wr$\memory$architecture_simulator/rtl/vertical_slice/gtsu_lbuf_16bank_macro_model.sv:78$4224_DATA[127:0]$6855
   407/2976: $4$mem2reg_wr$\memory$architecture_simulator/rtl/vertical_slice/gtsu_lbuf_16bank_macro_model.sv:78$4223_ADDR[3:0]$6851
   408/2976: $4$mem2reg_wr$\memory$architecture_simulator/rtl/vertical_slice/gtsu_lbuf_16bank_macro_model.sv:78$4223_DATA[127:0]$6852
   409/2976: $4$mem2reg_wr$\memory$architecture_simulator/rtl/vertical_slice/gtsu_lbuf_16bank_macro_model.sv:78$4222_ADDR[3:0]$6848
   410/2976: $4$mem2reg_wr$\memory$architecture_simulator/rtl/vertical_slice/gtsu_lbuf_16bank_macro_model.sv:78$4222_DATA[127:0]$6849
   411/2976: $4$mem2reg_wr$\memory$architecture_simulator/rtl/vertical_slice/gtsu_lbuf_16bank_macro_model.sv:78$4221_ADDR[3:0]$6845
   412/2976: $4$mem2reg_wr$\memory$architecture_simulator/rtl/vertical_slice/gtsu_lbuf_16bank_macro_model.sv:78$4221_DATA[127:0]$6846
   413/2976: $4$mem2reg_wr$\memory$architecture_simulator/rtl/vertical_slice/gtsu_lbuf_16bank_macro_model.sv:78$4220_ADDR[3:0]$6842
   414/2976: $4$mem2reg_wr$\memory$architecture_simulator/rtl/vertical_slice/gtsu_lbuf_16bank_macro_model.sv:78$4220_DATA[127:0]$6843
   415/2976: $4$mem2reg_wr$\memory$architecture_simulator/rtl/vertical_slice/gtsu_lbuf_16bank_macro_model.sv:78$4219_ADDR[3:0]$6839
   416/2976: $4$mem2reg_wr$\memory$architecture_simulator/rtl/vertical_slice/gtsu_lbuf_16bank_macro_model.sv:78$4219_DATA[127:0]$6840
   417/2976: $4$mem2reg_wr$\memory$architecture_simulator/rtl/vertical_slice/gtsu_lbuf_16bank_macro_model.sv:78$4218_ADDR[3:0]$6836
   418/2976: $4$mem2reg_wr$\memory$architecture_simulator/rtl/vertical_slice/gtsu_lbuf_16bank_macro_model.sv:78$4218_DATA[127:0]$6837
   419/2976: $4$mem2reg_wr$\memory$architecture_simulator/rtl/vertical_slice/gtsu_lbuf_16bank_macro_model.sv:78$4217_ADDR[3:0]$6833
   420/2976: $4$mem2reg_wr$\memory$architecture_simulator/rtl/vertical_slice/gtsu_lbuf_16bank_macro_model.sv:78$4217_DATA[127:0]$6834
   421/2976: $4$mem2reg_wr$\memory$architecture_simulator/rtl/vertical_slice/gtsu_lbuf_16bank_macro_model.sv:78$4216_ADDR[3:0]$6830
   422/2976: $4$mem2reg_wr$\memory$architecture_simulator/rtl/vertical_slice/gtsu_lbuf_16bank_macro_model.sv:78$4216_DATA[127:0]$6831
   423/2976: $12\byte_index[31:0]
   424/2976: $3$mem2reg_wr$\memory$architecture_simulator/rtl/vertical_slice/gtsu_lbuf_16bank_macro_model.sv:78$4231_DATA[127:0]$6829
   425/2976: $3$mem2reg_wr$\memory$architecture_simulator/rtl/vertical_slice/gtsu_lbuf_16bank_macro_model.sv:78$4231_ADDR[3:0]$6828
   426/2976: $3$mem2reg_wr$\memory$architecture_simulator/rtl/vertical_slice/gtsu_lbuf_16bank_macro_model.sv:78$4230_DATA[127:0]$6827
   427/2976: $3$mem2reg_wr$\memory$architecture_simulator/rtl/vertical_slice/gtsu_lbuf_16bank_macro_model.sv:78$4230_ADDR[3:0]$6826
   428/2976: $3$mem2reg_wr$\memory$architecture_simulator/rtl/vertical_slice/gtsu_lbuf_16bank_macro_model.sv:78$4229_DATA[127:0]$6825
   429/2976: $3$mem2reg_wr$\memory$architecture_simulator/rtl/vertical_slice/gtsu_lbuf_16bank_macro_model.sv:78$4229_ADDR[3:0]$6824
   430/2976: $3$mem2reg_wr$\memory$architecture_simulator/rtl/vertical_slice/gtsu_lbuf_16bank_macro_model.sv:78$4228_DATA[127:0]$6823
   431/2976: $3$mem2reg_wr$\memory$architecture_simulator/rtl/vertical_slice/gtsu_lbuf_16bank_macro_model.sv:78$4228_ADDR[3:0]$6822
   432/2976: $3$mem2reg_wr$\memory$architecture_simulator/rtl/vertical_slice/gtsu_lbuf_16bank_macro_model.sv:78$4227_DATA[127:0]$6821
   433/2976: $3$mem2reg_wr$\memory$architecture_simulator/rtl/vertical_slice/gtsu_lbuf_16bank_macro_model.sv:78$4227_ADDR[3:0]$6820
   434/2976: $3$mem2reg_wr$\memory$architecture_simulator/rtl/vertical_slice/gtsu_lbuf_16bank_macro_model.sv:78$4226_DATA[127:0]$6819
   435/2976: $3$mem2reg_wr$\memory$architecture_simulator/rtl/vertical_slice/gtsu_lbuf_16bank_macro_model.sv:78$4226_ADDR[3:0]$6818
   436/2976: $3$mem2reg_wr$\memory$architecture_simulator/rtl/vertical_slice/gtsu_lbuf_16bank_macro_model.sv:78$4225_DATA[127:0]$6817
   437/2976: $3$mem2reg_wr$\memory$architecture_simulator/rtl/vertical_slice/gtsu_lbuf_16bank_macro_model.sv:78$4225_ADDR[3:0]$6816
   438/2976: $3$mem2reg_wr$\memory$architecture_simulator/rtl/vertical_slice/gtsu_lbuf_16bank_macro_model.sv:78$4224_DATA[127:0]$6815
   439/2976: $3$mem2reg_wr$\memory$architecture_simulator/rtl/vertical_slice/gtsu_lbuf_16bank_macro_model.sv:78$4224_ADDR[3:0]$6814
   440/2976: $3$mem2reg_wr$\memory$architecture_simulator/rtl/vertical_slice/gtsu_lbuf_16bank_macro_model.sv:78$4223_DATA[127:0]$6813
   441/2976: $3$mem2reg_wr$\memory$architecture_simulator/rtl/vertical_slice/gtsu_lbuf_16bank_macro_model.sv:78$4223_ADDR[3:0]$6812
   442/2976: $3$mem2reg_wr$\memory$architecture_simulator/rtl/vertical_slice/gtsu_lbuf_16bank_macro_model.sv:78$4222_DATA[127:0]$6811
   443/2976: $3$mem2reg_wr$\memory$architecture_simulator/rtl/vertical_slice/gtsu_lbuf_16bank_macro_model.sv:78$4222_ADDR[3:0]$6810
   444/2976: $3$mem2reg_wr$\memory$architecture_simulator/rtl/vertical_slice/gtsu_lbuf_16bank_macro_model.sv:78$4221_DATA[127:0]$6809
   445/2976: $3$mem2reg_wr$\memory$architecture_simulator/rtl/vertical_slice/gtsu_lbuf_16bank_macro_model.sv:78$4221_ADDR[3:0]$6808
   446/2976: $3$mem2reg_wr$\memory$architecture_simulator/rtl/vertical_slice/gtsu_lbuf_16bank_macro_model.sv:78$4220_DATA[127:0]$6807
   447/2976: $3$mem2reg_wr$\memory$architecture_simulator/rtl/vertical_slice/gtsu_lbuf_16bank_macro_model.sv:78$4220_ADDR[3:0]$6806
   448/2976: $3$mem2reg_wr$\memory$architecture_simulator/rtl/vertical_slice/gtsu_lbuf_16bank_macro_model.sv:78$4219_DATA[127:0]$6805
   449/2976: $3$mem2reg_wr$\memory$architecture_simulator/rtl/vertical_slice/gtsu_lbuf_16bank_macro_model.sv:78$4219_ADDR[3:0]$6804
   450/2976: $3$mem2reg_wr$\memory$architecture_simulator/rtl/vertical_slice/gtsu_lbuf_16bank_macro_model.sv:78$4218_DATA[127:0]$6803
   451/2976: $3$mem2reg_wr$\memory$architecture_simulator/rtl/vertical_slice/gtsu_lbuf_16bank_macro_model.sv:78$4218_ADDR[3:0]$6802
   452/2976: $3$mem2reg_wr$\memory$architecture_simulator/rtl/vertical_slice/gtsu_lbuf_16bank_macro_model.sv:78$4217_DATA[127:0]$6801
   453/2976: $3$mem2reg_wr$\memory$architecture_simulator/rtl/vertical_slice/gtsu_lbuf_16bank_macro_model.sv:78$4217_ADDR[3:0]$6800
   454/2976: $3$mem2reg_wr$\memory$architecture_simulator/rtl/vertical_slice/gtsu_lbuf_16bank_macro_model.sv:78$4216_DATA[127:0]$6799
   455/2976: $3$mem2reg_wr$\memory$architecture_simulator/rtl/vertical_slice/gtsu_lbuf_16bank_macro_model.sv:78$4216_ADDR[3:0]$6798
   456/2976: $4$mem2reg_wr$\memory$architecture_simulator/rtl/vertical_slice/gtsu_lbuf_16bank_macro_model.sv:78$4215_ADDR[3:0]$6795
   457/2976: $4$mem2reg_wr$\memory$architecture_simulator/rtl/vertical_slice/gtsu_lbuf_16bank_macro_model.sv:78$4215_DATA[127:0]$6796
   458/2976: $4$mem2reg_wr$\memory$architecture_simulator/rtl/vertical_slice/gtsu_lbuf_16bank_macro_model.sv:78$4214_ADDR[3:0]$6792
   459/2976: $4$mem2reg_wr$\memory$architecture_simulator/rtl/vertical_slice/gtsu_lbuf_16bank_macro_model.sv:78$4214_DATA[127:0]$6793
   460/2976: $4$mem2reg_wr$\memory$architecture_simulator/rtl/vertical_slice/gtsu_lbuf_16bank_macro_model.sv:78$4213_ADDR[3:0]$6789
   461/2976: $4$mem2reg_wr$\memory$architecture_simulator/rtl/vertical_slice/gtsu_lbuf_16bank_macro_model.sv:78$4213_DATA[127:0]$6790
   462/2976: $4$mem2reg_wr$\memory$architecture_simulator/rtl/vertical_slice/gtsu_lbuf_16bank_macro_model.sv:78$4212_ADDR[3:0]$6786
   463/2976: $4$mem2reg_wr$\memory$architecture_simulator/rtl/vertical_slice/gtsu_lbuf_16bank_macro_model.sv:78$4212_DATA[127:0]$6787
   464/2976: $4$mem2reg_wr$\memory$architecture_simulator/rtl/vertical_slice/gtsu_lbuf_16bank_macro_model.sv:78$4211_ADDR[3:0]$6783
   465/2976: $4$mem2reg_wr$\memory$architecture_simulator/rtl/vertical_slice/gtsu_lbuf_16bank_macro_model.sv:78$4211_DATA[127:0]$6784
   466/2976: $4$mem2reg_wr$\memory$architecture_simulator/rtl/vertical_slice/gtsu_lbuf_16bank_macro_model.sv:78$4210_ADDR[3:0]$6780
   467/2976: $4$mem2reg_wr$\memory$architecture_simulator/rtl/vertical_slice/gtsu_lbuf_16bank_macro_model.sv:78$4210_DATA[127:0]$6781
   468/2976: $4$mem2reg_wr$\memory$architecture_simulator/rtl/vertical_slice/gtsu_lbuf_16bank_macro_model.sv:78$4209_ADDR[3:0]$6777
   469/2976: $4$mem2reg_wr$\memory$architecture_simulator/rtl/vertical_slice/gtsu_lbuf_16bank_macro_model.sv:78$4209_DATA[127:0]$6778
   470/2976: $4$mem2reg_wr$\memory$architecture_simulator/rtl/vertical_slice/gtsu_lbuf_16bank_macro_model.sv:78$4208_ADDR[3:0]$6774
   471/2976: $4$mem2reg_wr$\memory$architecture_simulator/rtl/vertical_slice/gtsu_lbuf_16bank_macro_model.sv:78$4208_DATA[127:0]$6775
   472/2976: $4$mem2reg_wr$\memory$architecture_simulator/rtl/vertical_slice/gtsu_lbuf_16bank_macro_model.sv:78$4207_ADDR[3:0]$6771
   473/2976: $4$mem2reg_wr$\memory$architecture_simulator/rtl/vertical_slice/gtsu_lbuf_16bank_macro_model.sv:78$4207_DATA[127:0]$6772
   474/2976: $4$mem2reg_wr$\memory$architecture_simulator/rtl/vertical_slice/gtsu_lbuf_16bank_macro_model.sv:78$4206_ADDR[3:0]$6768
   475/2976: $4$mem2reg_wr$\memory$architecture_simulator/rtl/vertical_slice/gtsu_lbuf_16bank_macro_model.sv:78$4206_DATA[127:0]$6769
   476/2976: $4$mem2reg_wr$\memory$architecture_simulator/rtl/vertical_slice/gtsu_lbuf_16bank_macro_model.sv:78$4205_ADDR[3:0]$6765
   477/2976: $4$mem2reg_wr$\memory$architecture_simulator/rtl/vertical_slice/gtsu_lbuf_16bank_macro_model.sv:78$4205_DATA[127:0]$6766
   478/2976: $4$mem2reg_wr$\memory$architecture_simulator/rtl/vertical_slice/gtsu_lbuf_16bank_macro_model.sv:78$4204_ADDR[3:0]$6762
   479/2976: $4$mem2reg_wr$\memory$architecture_simulator/rtl/vertical_slice/gtsu_lbuf_16bank_macro_model.sv:78$4204_DATA[127:0]$6763
   480/2976: $4$mem2reg_wr$\memory$architecture_simulator/rtl/vertical_slice/gtsu_lbuf_16bank_macro_model.sv:78$4203_ADDR[3:0]$6759
   481/2976: $4$mem2reg_wr$\memory$architecture_simulator/rtl/vertical_slice/gtsu_lbuf_16bank_macro_model.sv:78$4203_DATA[127:0]$6760
   482/2976: $4$mem2reg_wr$\memory$architecture_simulator/rtl/vertical_slice/gtsu_lbuf_16bank_macro_model.sv:78$4202_ADDR[3:0]$6756
   483/2976: $4$mem2reg_wr$\memory$architecture_simulator/rtl/vertical_slice/gtsu_lbuf_16bank_macro_model.sv:78$4202_DATA[127:0]$6757
   484/2976: $4$mem2reg_wr$\memory$architecture_simulator/rtl/vertical_slice/gtsu_lbuf_16bank_macro_model.sv:78$4201_ADDR[3:0]$6753
   485/2976: $4$mem2reg_wr$\memory$architecture_simulator/rtl/vertical_slice/gtsu_lbuf_16bank_macro_model.sv:78$4201_DATA[127:0]$6754
   486/2976: $4$mem2reg_wr$\memory$architecture_simulator/rtl/vertical_slice/gtsu_lbuf_16bank_macro_model.sv:78$4200_ADDR[3:0]$6750
   487/2976: $4$mem2reg_wr$\memory$architecture_simulator/rtl/vertical_slice/gtsu_lbuf_16bank_macro_model.sv:78$4200_DATA[127:0]$6751
   488/2976: $11\byte_index[31:0]
   489/2976: $3$mem2reg_wr$\memory$architecture_simulator/rtl/vertical_slice/gtsu_lbuf_16bank_macro_model.sv:78$4215_DATA[127:0]$6749
   490/2976: $3$mem2reg_wr$\memory$architecture_simulator/rtl/vertical_slice/gtsu_lbuf_16bank_macro_model.sv:78$4215_ADDR[3:0]$6748
   491/2976: $3$mem2reg_wr$\memory$architecture_simulator/rtl/vertical_slice/gtsu_lbuf_16bank_macro_model.sv:78$4214_DATA[127:0]$6747
   492/2976: $3$mem2reg_wr$\memory$architecture_simulator/rtl/vertical_slice/gtsu_lbuf_16bank_macro_model.sv:78$4214_ADDR[3:0]$6746
   493/2976: $3$mem2reg_wr$\memory$architecture_simulator/rtl/vertical_slice/gtsu_lbuf_16bank_macro_model.sv:78$4213_DATA[127:0]$6745
   494/2976: $3$mem2reg_wr$\memory$architecture_simulator/rtl/vertical_slice/gtsu_lbuf_16bank_macro_model.sv:78$4213_ADDR[3:0]$6744
   495/2976: $3$mem2reg_wr$\memory$architecture_simulator/rtl/vertical_slice/gtsu_lbuf_16bank_macro_model.sv:78$4212_DATA[127:0]$6743
   496/2976: $3$mem2reg_wr$\memory$architecture_simulator/rtl/vertical_slice/gtsu_lbuf_16bank_macro_model.sv:78$4212_ADDR[3:0]$6742
   497/2976: $3$mem2reg_wr$\memory$architecture_simulator/rtl/vertical_slice/gtsu_lbuf_16bank_macro_model.sv:78$4211_DATA[127:0]$6741
   498/2976: $3$mem2reg_wr$\memory$architecture_simulator/rtl/vertical_slice/gtsu_lbuf_16bank_macro_model.sv:78$4211_ADDR[3:0]$6740
   499/2976: $3$mem2reg_wr$\memory$architecture_simulator/rtl/vertical_slice/gtsu_lbuf_16bank_macro_model.sv:78$4210_DATA[127:0]$6739
   500/2976: $3$mem2reg_wr$\memory$architecture_simulator/rtl/vertical_slice/gtsu_lbuf_16bank_macro_model.sv:78$4210_ADDR[3:0]$6738
   501/2976: $3$mem2reg_wr$\memory$architecture_simulator/rtl/vertical_slice/gtsu_lbuf_16bank_macro_model.sv:78$4209_DATA[127:0]$6737
   502/2976: $3$mem2reg_wr$\memory$architecture_simulator/rtl/vertical_slice/gtsu_lbuf_16bank_macro_model.sv:78$4209_ADDR[3:0]$6736
   503/2976: $3$mem2reg_wr$\memory$architecture_simulator/rtl/vertical_slice/gtsu_lbuf_16bank_macro_model.sv:78$4208_DATA[127:0]$6735
   504/2976: $3$mem2reg_wr$\memory$architecture_simulator/rtl/vertical_slice/gtsu_lbuf_16bank_macro_model.sv:78$4208_ADDR[3:0]$6734
   505/2976: $3$mem2reg_wr$\memory$architecture_simulator/rtl/vertical_slice/gtsu_lbuf_16bank_macro_model.sv:78$4207_DATA[127:0]$6733
   506/2976: $3$mem2reg_wr$\memory$architecture_simulator/rtl/vertical_slice/gtsu_lbuf_16bank_macro_model.sv:78$4207_ADDR[3:0]$6732
   507/2976: $3$mem2reg_wr$\memory$architecture_simulator/rtl/vertical_slice/gtsu_lbuf_16bank_macro_model.sv:78$4206_DATA[127:0]$6731
   508/2976: $3$mem2reg_wr$\memory$architecture_simulator/rtl/vertical_slice/gtsu_lbuf_16bank_macro_model.sv:78$4206_ADDR[3:0]$6730
   509/2976: $3$mem2reg_wr$\memory$architecture_simulator/rtl/vertical_slice/gtsu_lbuf_16bank_macro_model.sv:78$4205_DATA[127:0]$6729
   510/2976: $3$mem2reg_wr$\memory$architecture_simulator/rtl/vertical_slice/gtsu_lbuf_16bank_macro_model.sv:78$4205_ADDR[3:0]$6728
   511/2976: $3$mem2reg_wr$\memory$architecture_simulator/rtl/vertical_slice/gtsu_lbuf_16bank_macro_model.sv:78$4204_DATA[127:0]$6727
   512/2976: $3$mem2reg_wr$\memory$architecture_simulator/rtl/vertical_slice/gtsu_lbuf_16bank_macro_model.sv:78$4204_ADDR[3:0]$6726
   513/2976: $3$mem2reg_wr$\memory$architecture_simulator/rtl/vertical_slice/gtsu_lbuf_16bank_macro_model.sv:78$4203_DATA[127:0]$6725
   514/2976: $3$mem2reg_wr$\memory$architecture_simulator/rtl/vertical_slice/gtsu_lbuf_16bank_macro_model.sv:78$4203_ADDR[3:0]$6724
   515/2976: $3$mem2reg_wr$\memory$architecture_simulator/rtl/vertical_slice/gtsu_lbuf_16bank_macro_model.sv:78$4202_DATA[127:0]$6723
   516/2976: $3$mem2reg_wr$\memory$architecture_simulator/rtl/vertical_slice/gtsu_lbuf_16bank_macro_model.sv:78$4202_ADDR[3:0]$6722
   517/2976: $3$mem2reg_wr$\memory$architecture_simulator/rtl/vertical_slice/gtsu_lbuf_16bank_macro_model.sv:78$4201_DATA[127:0]$6721
   518/2976: $3$mem2reg_wr$\memory$architecture_simulator/rtl/vertical_slice/gtsu_lbuf_16bank_macro_model.sv:78$4201_ADDR[3:0]$6720
   519/2976: $3$mem2reg_wr$\memory$architecture_simulator/rtl/vertical_slice/gtsu_lbuf_16bank_macro_model.sv:78$4200_DATA[127:0]$6719
   520/2976: $3$mem2reg_wr$\memory$architecture_simulator/rtl/vertical_slice/gtsu_lbuf_16bank_macro_model.sv:78$4200_ADDR[3:0]$6718
   521/2976: $4$mem2reg_wr$\memory$architecture_simulator/rtl/vertical_slice/gtsu_lbuf_16bank_macro_model.sv:78$4199_ADDR[3:0]$6715
   522/2976: $4$mem2reg_wr$\memory$architecture_simulator/rtl/vertical_slice/gtsu_lbuf_16bank_macro_model.sv:78$4199_DATA[127:0]$6716
   523/2976: $4$mem2reg_wr$\memory$architecture_simulator/rtl/vertical_slice/gtsu_lbuf_16bank_macro_model.sv:78$4198_ADDR[3:0]$6712
   524/2976: $4$mem2reg_wr$\memory$architecture_simulator/rtl/vertical_slice/gtsu_lbuf_16bank_macro_model.sv:78$4198_DATA[127:0]$6713
   525/2976: $4$mem2reg_wr$\memory$architecture_simulator/rtl/vertical_slice/gtsu_lbuf_16bank_macro_model.sv:78$4197_ADDR[3:0]$6709
   526/2976: $4$mem2reg_wr$\memory$architecture_simulator/rtl/vertical_slice/gtsu_lbuf_16bank_macro_model.sv:78$4197_DATA[127:0]$6710
   527/2976: $4$mem2reg_wr$\memory$architecture_simulator/rtl/vertical_slice/gtsu_lbuf_16bank_macro_model.sv:78$4196_ADDR[3:0]$6706
   528/2976: $4$mem2reg_wr$\memory$architecture_simulator/rtl/vertical_slice/gtsu_lbuf_16bank_macro_model.sv:78$4196_DATA[127:0]$6707
   529/2976: $4$mem2reg_wr$\memory$architecture_simulator/rtl/vertical_slice/gtsu_lbuf_16bank_macro_model.sv:78$4195_ADDR[3:0]$6703
   530/2976: $4$mem2reg_wr$\memory$architecture_simulator/rtl/vertical_slice/gtsu_lbuf_16bank_macro_model.sv:78$4195_DATA[127:0]$6704
   531/2976: $4$mem2reg_wr$\memory$architecture_simulator/rtl/vertical_slice/gtsu_lbuf_16bank_macro_model.sv:78$4194_ADDR[3:0]$6700
   532/2976: $4$mem2reg_wr$\memory$architecture_simulator/rtl/vertical_slice/gtsu_lbuf_16bank_macro_model.sv:78$4194_DATA[127:0]$6701
   533/2976: $4$mem2reg_wr$\memory$architecture_simulator/rtl/vertical_slice/gtsu_lbuf_16bank_macro_model.sv:78$4193_ADDR[3:0]$6697
   534/2976: $4$mem2reg_wr$\memory$architecture_simulator/rtl/vertical_slice/gtsu_lbuf_16bank_macro_model.sv:78$4193_DATA[127:0]$6698
   535/2976: $4$mem2reg_wr$\memory$architecture_simulator/rtl/vertical_slice/gtsu_lbuf_16bank_macro_model.sv:78$4192_ADDR[3:0]$6694
   536/2976: $4$mem2reg_wr$\memory$architecture_simulator/rtl/vertical_slice/gtsu_lbuf_16bank_macro_model.sv:78$4192_DATA[127:0]$6695
   537/2976: $4$mem2reg_wr$\memory$architecture_simulator/rtl/vertical_slice/gtsu_lbuf_16bank_macro_model.sv:78$4191_ADDR[3:0]$6691
   538/2976: $4$mem2reg_wr$\memory$architecture_simulator/rtl/vertical_slice/gtsu_lbuf_16bank_macro_model.sv:78$4191_DATA[127:0]$6692
   539/2976: $4$mem2reg_wr$\memory$architecture_simulator/rtl/vertical_slice/gtsu_lbuf_16bank_macro_model.sv:78$4190_ADDR[3:0]$6688
   540/2976: $4$mem2reg_wr$\memory$architecture_simulator/rtl/vertical_slice/gtsu_lbuf_16bank_macro_model.sv:78$4190_DATA[127:0]$6689
   541/2976: $4$mem2reg_wr$\memory$architecture_simulator/rtl/vertical_slice/gtsu_lbuf_16bank_macro_model.sv:78$4189_ADDR[3:0]$6685
   542/2976: $4$mem2reg_wr$\memory$architecture_simulator/rtl/vertical_slice/gtsu_lbuf_16bank_macro_model.sv:78$4189_DATA[127:0]$6686
   543/2976: $4$mem2reg_wr$\memory$architecture_simulator/rtl/vertical_slice/gtsu_lbuf_16bank_macro_model.sv:78$4188_ADDR[3:0]$6682
   544/2976: $4$mem2reg_wr$\memory$architecture_simulator/rtl/vertical_slice/gtsu_lbuf_16bank_macro_model.sv:78$4188_DATA[127:0]$6683
   545/2976: $4$mem2reg_wr$\memory$architecture_simulator/rtl/vertical_slice/gtsu_lbuf_16bank_macro_model.sv:78$4187_ADDR[3:0]$6679
   546/2976: $4$mem2reg_wr$\memory$architecture_simulator/rtl/vertical_slice/gtsu_lbuf_16bank_macro_model.sv:78$4187_DATA[127:0]$6680
   547/2976: $4$mem2reg_wr$\memory$architecture_simulator/rtl/vertical_slice/gtsu_lbuf_16bank_macro_model.sv:78$4186_ADDR[3:0]$6676
   548/2976: $4$mem2reg_wr$\memory$architecture_simulator/rtl/vertical_slice/gtsu_lbuf_16bank_macro_model.sv:78$4186_DATA[127:0]$6677
   549/2976: $4$mem2reg_wr$\memory$architecture_simulator/rtl/vertical_slice/gtsu_lbuf_16bank_macro_model.sv:78$4185_ADDR[3:0]$6673
   550/2976: $4$mem2reg_wr$\memory$architecture_simulator/rtl/vertical_slice/gtsu_lbuf_16bank_macro_model.sv:78$4185_DATA[127:0]$6674
   551/2976: $4$mem2reg_wr$\memory$architecture_simulator/rtl/vertical_slice/gtsu_lbuf_16bank_macro_model.sv:78$4184_ADDR[3:0]$6670
   552/2976: $4$mem2reg_wr$\memory$architecture_simulator/rtl/vertical_slice/gtsu_lbuf_16bank_macro_model.sv:78$4184_DATA[127:0]$6671
   553/2976: $10\byte_index[31:0]
   554/2976: $3$mem2reg_wr$\memory$architecture_simulator/rtl/vertical_slice/gtsu_lbuf_16bank_macro_model.sv:78$4199_DATA[127:0]$6669
   555/2976: $3$mem2reg_wr$\memory$architecture_simulator/rtl/vertical_slice/gtsu_lbuf_16bank_macro_model.sv:78$4199_ADDR[3:0]$6668
   556/2976: $3$mem2reg_wr$\memory$architecture_simulator/rtl/vertical_slice/gtsu_lbuf_16bank_macro_model.sv:78$4198_DATA[127:0]$6667
   557/2976: $3$mem2reg_wr$\memory$architecture_simulator/rtl/vertical_slice/gtsu_lbuf_16bank_macro_model.sv:78$4198_ADDR[3:0]$6666
   558/2976: $3$mem2reg_wr$\memory$architecture_simulator/rtl/vertical_slice/gtsu_lbuf_16bank_macro_model.sv:78$4197_DATA[127:0]$6665
   559/2976: $3$mem2reg_wr$\memory$architecture_simulator/rtl/vertical_slice/gtsu_lbuf_16bank_macro_model.sv:78$4197_ADDR[3:0]$6664
   560/2976: $3$mem2reg_wr$\memory$architecture_simulator/rtl/vertical_slice/gtsu_lbuf_16bank_macro_model.sv:78$4196_DATA[127:0]$6663
   561/2976: $3$mem2reg_wr$\memory$architecture_simulator/rtl/vertical_slice/gtsu_lbuf_16bank_macro_model.sv:78$4196_ADDR[3:0]$6662
   562/2976: $3$mem2reg_wr$\memory$architecture_simulator/rtl/vertical_slice/gtsu_lbuf_16bank_macro_model.sv:78$4195_DATA[127:0]$6661
   563/2976: $3$mem2reg_wr$\memory$architecture_simulator/rtl/vertical_slice/gtsu_lbuf_16bank_macro_model.sv:78$4195_ADDR[3:0]$6660
   564/2976: $3$mem2reg_wr$\memory$architecture_simulator/rtl/vertical_slice/gtsu_lbuf_16bank_macro_model.sv:78$4194_DATA[127:0]$6659
   565/2976: $3$mem2reg_wr$\memory$architecture_simulator/rtl/vertical_slice/gtsu_lbuf_16bank_macro_model.sv:78$4194_ADDR[3:0]$6658
   566/2976: $3$mem2reg_wr$\memory$architecture_simulator/rtl/vertical_slice/gtsu_lbuf_16bank_macro_model.sv:78$4193_DATA[127:0]$6657
   567/2976: $3$mem2reg_wr$\memory$architecture_simulator/rtl/vertical_slice/gtsu_lbuf_16bank_macro_model.sv:78$4193_ADDR[3:0]$6656
   568/2976: $3$mem2reg_wr$\memory$architecture_simulator/rtl/vertical_slice/gtsu_lbuf_16bank_macro_model.sv:78$4192_DATA[127:0]$6655
   569/2976: $3$mem2reg_wr$\memory$architecture_simulator/rtl/vertical_slice/gtsu_lbuf_16bank_macro_model.sv:78$4192_ADDR[3:0]$6654
   570/2976: $3$mem2reg_wr$\memory$architecture_simulator/rtl/vertical_slice/gtsu_lbuf_16bank_macro_model.sv:78$4191_DATA[127:0]$6653
   571/2976: $3$mem2reg_wr$\memory$architecture_simulator/rtl/vertical_slice/gtsu_lbuf_16bank_macro_model.sv:78$4191_ADDR[3:0]$6652
   572/2976: $3$mem2reg_wr$\memory$architecture_simulator/rtl/vertical_slice/gtsu_lbuf_16bank_macro_model.sv:78$4190_DATA[127:0]$6651
   573/2976: $3$mem2reg_wr$\memory$architecture_simulator/rtl/vertical_slice/gtsu_lbuf_16bank_macro_model.sv:78$4190_ADDR[3:0]$6650
   574/2976: $3$mem2reg_wr$\memory$architecture_simulator/rtl/vertical_slice/gtsu_lbuf_16bank_macro_model.sv:78$4189_DATA[127:0]$6649
   575/2976: $3$mem2reg_wr$\memory$architecture_simulator/rtl/vertical_slice/gtsu_lbuf_16bank_macro_model.sv:78$4189_ADDR[3:0]$6648
   576/2976: $3$mem2reg_wr$\memory$architecture_simulator/rtl/vertical_slice/gtsu_lbuf_16bank_macro_model.sv:78$4188_DATA[127:0]$6647
   577/2976: $3$mem2reg_wr$\memory$architecture_simulator/rtl/vertical_slice/gtsu_lbuf_16bank_macro_model.sv:78$4188_ADDR[3:0]$6646
   578/2976: $3$mem2reg_wr$\memory$architecture_simulator/rtl/vertical_slice/gtsu_lbuf_16bank_macro_model.sv:78$4187_DATA[127:0]$6645
   579/2976: $3$mem2reg_wr$\memory$architecture_simulator/rtl/vertical_slice/gtsu_lbuf_16bank_macro_model.sv:78$4187_ADDR[3:0]$6644
   580/2976: $3$mem2reg_wr$\memory$architecture_simulator/rtl/vertical_slice/gtsu_lbuf_16bank_macro_model.sv:78$4186_DATA[127:0]$6643
   581/2976: $3$mem2reg_wr$\memory$architecture_simulator/rtl/vertical_slice/gtsu_lbuf_16bank_macro_model.sv:78$4186_ADDR[3:0]$6642
   582/2976: $3$mem2reg_wr$\memory$architecture_simulator/rtl/vertical_slice/gtsu_lbuf_16bank_macro_model.sv:78$4185_DATA[127:0]$6641
   583/2976: $3$mem2reg_wr$\memory$architecture_simulator/rtl/vertical_slice/gtsu_lbuf_16bank_macro_model.sv:78$4185_ADDR[3:0]$6640
   584/2976: $3$mem2reg_wr$\memory$architecture_simulator/rtl/vertical_slice/gtsu_lbuf_16bank_macro_model.sv:78$4184_DATA[127:0]$6639
   585/2976: $3$mem2reg_wr$\memory$architecture_simulator/rtl/vertical_slice/gtsu_lbuf_16bank_macro_model.sv:78$4184_ADDR[3:0]$6638
   586/2976: $4$mem2reg_wr$\memory$architecture_simulator/rtl/vertical_slice/gtsu_lbuf_16bank_macro_model.sv:78$4183_ADDR[3:0]$6635
   587/2976: $4$mem2reg_wr$\memory$architecture_simulator/rtl/vertical_slice/gtsu_lbuf_16bank_macro_model.sv:78$4183_DATA[127:0]$6636
   588/2976: $4$mem2reg_wr$\memory$architecture_simulator/rtl/vertical_slice/gtsu_lbuf_16bank_macro_model.sv:78$4182_ADDR[3:0]$6632
   589/2976: $4$mem2reg_wr$\memory$architecture_simulator/rtl/vertical_slice/gtsu_lbuf_16bank_macro_model.sv:78$4182_DATA[127:0]$6633
   590/2976: $4$mem2reg_wr$\memory$architecture_simulator/rtl/vertical_slice/gtsu_lbuf_16bank_macro_model.sv:78$4181_ADDR[3:0]$6629
   591/2976: $4$mem2reg_wr$\memory$architecture_simulator/rtl/vertical_slice/gtsu_lbuf_16bank_macro_model.sv:78$4181_DATA[127:0]$6630
   592/2976: $4$mem2reg_wr$\memory$architecture_simulator/rtl/vertical_slice/gtsu_lbuf_16bank_macro_model.sv:78$4180_ADDR[3:0]$6626
   593/2976: $4$mem2reg_wr$\memory$architecture_simulator/rtl/vertical_slice/gtsu_lbuf_16bank_macro_model.sv:78$4180_DATA[127:0]$6627
   594/2976: $4$mem2reg_wr$\memory$architecture_simulator/rtl/vertical_slice/gtsu_lbuf_16bank_macro_model.sv:78$4179_ADDR[3:0]$6623
   595/2976: $4$mem2reg_wr$\memory$architecture_simulator/rtl/vertical_slice/gtsu_lbuf_16bank_macro_model.sv:78$4179_DATA[127:0]$6624
   596/2976: $4$mem2reg_wr$\memory$architecture_simulator/rtl/vertical_slice/gtsu_lbuf_16bank_macro_model.sv:78$4178_ADDR[3:0]$6620
   597/2976: $4$mem2reg_wr$\memory$architecture_simulator/rtl/vertical_slice/gtsu_lbuf_16bank_macro_model.sv:78$4178_DATA[127:0]$6621
   598/2976: $4$mem2reg_wr$\memory$architecture_simulator/rtl/vertical_slice/gtsu_lbuf_16bank_macro_model.sv:78$4177_ADDR[3:0]$6617
   599/2976: $4$mem2reg_wr$\memory$architecture_simulator/rtl/vertical_slice/gtsu_lbuf_16bank_macro_model.sv:78$4177_DATA[127:0]$6618
   600/2976: $4$mem2reg_wr$\memory$architecture_simulator/rtl/vertical_slice/gtsu_lbuf_16bank_macro_model.sv:78$4176_ADDR[3:0]$6614
   601/2976: $4$mem2reg_wr$\memory$architecture_simulator/rtl/vertical_slice/gtsu_lbuf_16bank_macro_model.sv:78$4176_DATA[127:0]$6615
   602/2976: $4$mem2reg_wr$\memory$architecture_simulator/rtl/vertical_slice/gtsu_lbuf_16bank_macro_model.sv:78$4175_ADDR[3:0]$6611
   603/2976: $4$mem2reg_wr$\memory$architecture_simulator/rtl/vertical_slice/gtsu_lbuf_16bank_macro_model.sv:78$4175_DATA[127:0]$6612
   604/2976: $4$mem2reg_wr$\memory$architecture_simulator/rtl/vertical_slice/gtsu_lbuf_16bank_macro_model.sv:78$4174_ADDR[3:0]$6608
   605/2976: $4$mem2reg_wr$\memory$architecture_simulator/rtl/vertical_slice/gtsu_lbuf_16bank_macro_model.sv:78$4174_DATA[127:0]$6609
   606/2976: $4$mem2reg_wr$\memory$architecture_simulator/rtl/vertical_slice/gtsu_lbuf_16bank_macro_model.sv:78$4173_ADDR[3:0]$6605
   607/2976: $4$mem2reg_wr$\memory$architecture_simulator/rtl/vertical_slice/gtsu_lbuf_16bank_macro_model.sv:78$4173_DATA[127:0]$6606
   608/2976: $4$mem2reg_wr$\memory$architecture_simulator/rtl/vertical_slice/gtsu_lbuf_16bank_macro_model.sv:78$4172_ADDR[3:0]$6602
   609/2976: $4$mem2reg_wr$\memory$architecture_simulator/rtl/vertical_slice/gtsu_lbuf_16bank_macro_model.sv:78$4172_DATA[127:0]$6603
   610/2976: $4$mem2reg_wr$\memory$architecture_simulator/rtl/vertical_slice/gtsu_lbuf_16bank_macro_model.sv:78$4171_ADDR[3:0]$6599
   611/2976: $4$mem2reg_wr$\memory$architecture_simulator/rtl/vertical_slice/gtsu_lbuf_16bank_macro_model.sv:78$4171_DATA[127:0]$6600
   612/2976: $4$mem2reg_wr$\memory$architecture_simulator/rtl/vertical_slice/gtsu_lbuf_16bank_macro_model.sv:78$4170_ADDR[3:0]$6596
   613/2976: $4$mem2reg_wr$\memory$architecture_simulator/rtl/vertical_slice/gtsu_lbuf_16bank_macro_model.sv:78$4170_DATA[127:0]$6597
   614/2976: $4$mem2reg_wr$\memory$architecture_simulator/rtl/vertical_slice/gtsu_lbuf_16bank_macro_model.sv:78$4169_ADDR[3:0]$6593
   615/2976: $4$mem2reg_wr$\memory$architecture_simulator/rtl/vertical_slice/gtsu_lbuf_16bank_macro_model.sv:78$4169_DATA[127:0]$6594
   616/2976: $4$mem2reg_wr$\memory$architecture_simulator/rtl/vertical_slice/gtsu_lbuf_16bank_macro_model.sv:78$4168_ADDR[3:0]$6590
   617/2976: $4$mem2reg_wr$\memory$architecture_simulator/rtl/vertical_slice/gtsu_lbuf_16bank_macro_model.sv:78$4168_DATA[127:0]$6591
   618/2976: $9\byte_index[31:0]
   619/2976: $3$mem2reg_wr$\memory$architecture_simulator/rtl/vertical_slice/gtsu_lbuf_16bank_macro_model.sv:78$4183_DATA[127:0]$6589
   620/2976: $3$mem2reg_wr$\memory$architecture_simulator/rtl/vertical_slice/gtsu_lbuf_16bank_macro_model.sv:78$4183_ADDR[3:0]$6588
   621/2976: $3$mem2reg_wr$\memory$architecture_simulator/rtl/vertical_slice/gtsu_lbuf_16bank_macro_model.sv:78$4182_DATA[127:0]$6587
   622/2976: $3$mem2reg_wr$\memory$architecture_simulator/rtl/vertical_slice/gtsu_lbuf_16bank_macro_model.sv:78$4182_ADDR[3:0]$6586
   623/2976: $3$mem2reg_wr$\memory$architecture_simulator/rtl/vertical_slice/gtsu_lbuf_16bank_macro_model.sv:78$4181_DATA[127:0]$6585
   624/2976: $3$mem2reg_wr$\memory$architecture_simulator/rtl/vertical_slice/gtsu_lbuf_16bank_macro_model.sv:78$4181_ADDR[3:0]$6584
   625/2976: $3$mem2reg_wr$\memory$architecture_simulator/rtl/vertical_slice/gtsu_lbuf_16bank_macro_model.sv:78$4180_DATA[127:0]$6583
   626/2976: $3$mem2reg_wr$\memory$architecture_simulator/rtl/vertical_slice/gtsu_lbuf_16bank_macro_model.sv:78$4180_ADDR[3:0]$6582
   627/2976: $3$mem2reg_wr$\memory$architecture_simulator/rtl/vertical_slice/gtsu_lbuf_16bank_macro_model.sv:78$4179_DATA[127:0]$6581
   628/2976: $3$mem2reg_wr$\memory$architecture_simulator/rtl/vertical_slice/gtsu_lbuf_16bank_macro_model.sv:78$4179_ADDR[3:0]$6580
   629/2976: $3$mem2reg_wr$\memory$architecture_simulator/rtl/vertical_slice/gtsu_lbuf_16bank_macro_model.sv:78$4178_DATA[127:0]$6579
   630/2976: $3$mem2reg_wr$\memory$architecture_simulator/rtl/vertical_slice/gtsu_lbuf_16bank_macro_model.sv:78$4178_ADDR[3:0]$6578
   631/2976: $3$mem2reg_wr$\memory$architecture_simulator/rtl/vertical_slice/gtsu_lbuf_16bank_macro_model.sv:78$4177_DATA[127:0]$6577
   632/2976: $3$mem2reg_wr$\memory$architecture_simulator/rtl/vertical_slice/gtsu_lbuf_16bank_macro_model.sv:78$4177_ADDR[3:0]$6576
   633/2976: $3$mem2reg_wr$\memory$architecture_simulator/rtl/vertical_slice/gtsu_lbuf_16bank_macro_model.sv:78$4176_DATA[127:0]$6575
   634/2976: $3$mem2reg_wr$\memory$architecture_simulator/rtl/vertical_slice/gtsu_lbuf_16bank_macro_model.sv:78$4176_ADDR[3:0]$6574
   635/2976: $3$mem2reg_wr$\memory$architecture_simulator/rtl/vertical_slice/gtsu_lbuf_16bank_macro_model.sv:78$4175_DATA[127:0]$6573
   636/2976: $3$mem2reg_wr$\memory$architecture_simulator/rtl/vertical_slice/gtsu_lbuf_16bank_macro_model.sv:78$4175_ADDR[3:0]$6572
   637/2976: $3$mem2reg_wr$\memory$architecture_simulator/rtl/vertical_slice/gtsu_lbuf_16bank_macro_model.sv:78$4174_DATA[127:0]$6571
   638/2976: $3$mem2reg_wr$\memory$architecture_simulator/rtl/vertical_slice/gtsu_lbuf_16bank_macro_model.sv:78$4174_ADDR[3:0]$6570
   639/2976: $3$mem2reg_wr$\memory$architecture_simulator/rtl/vertical_slice/gtsu_lbuf_16bank_macro_model.sv:78$4173_DATA[127:0]$6569
   640/2976: $3$mem2reg_wr$\memory$architecture_simulator/rtl/vertical_slice/gtsu_lbuf_16bank_macro_model.sv:78$4173_ADDR[3:0]$6568
   641/2976: $3$mem2reg_wr$\memory$architecture_simulator/rtl/vertical_slice/gtsu_lbuf_16bank_macro_model.sv:78$4172_DATA[127:0]$6567
   642/2976: $3$mem2reg_wr$\memory$architecture_simulator/rtl/vertical_slice/gtsu_lbuf_16bank_macro_model.sv:78$4172_ADDR[3:0]$6566
   643/2976: $3$mem2reg_wr$\memory$architecture_simulator/rtl/vertical_slice/gtsu_lbuf_16bank_macro_model.sv:78$4171_DATA[127:0]$6565
   644/2976: $3$mem2reg_wr$\memory$architecture_simulator/rtl/vertical_slice/gtsu_lbuf_16bank_macro_model.sv:78$4171_ADDR[3:0]$6564
   645/2976: $3$mem2reg_wr$\memory$architecture_simulator/rtl/vertical_slice/gtsu_lbuf_16bank_macro_model.sv:78$4170_DATA[127:0]$6563
   646/2976: $3$mem2reg_wr$\memory$architecture_simulator/rtl/vertical_slice/gtsu_lbuf_16bank_macro_model.sv:78$4170_ADDR[3:0]$6562
   647/2976: $3$mem2reg_wr$\memory$architecture_simulator/rtl/vertical_slice/gtsu_lbuf_16bank_macro_model.sv:78$4169_DATA[127:0]$6561
   648/2976: $3$mem2reg_wr$\memory$architecture_simulator/rtl/vertical_slice/gtsu_lbuf_16bank_macro_model.sv:78$4169_ADDR[3:0]$6560
   649/2976: $3$mem2reg_wr$\memory$architecture_simulator/rtl/vertical_slice/gtsu_lbuf_16bank_macro_model.sv:78$4168_DATA[127:0]$6559
   650/2976: $3$mem2reg_wr$\memory$architecture_simulator/rtl/vertical_slice/gtsu_lbuf_16bank_macro_model.sv:78$4168_ADDR[3:0]$6558
   651/2976: $4$mem2reg_wr$\memory$architecture_simulator/rtl/vertical_slice/gtsu_lbuf_16bank_macro_model.sv:78$4167_ADDR[3:0]$6555
   652/2976: $4$mem2reg_wr$\memory$architecture_simulator/rtl/vertical_slice/gtsu_lbuf_16bank_macro_model.sv:78$4167_DATA[127:0]$6556
   653/2976: $4$mem2reg_wr$\memory$architecture_simulator/rtl/vertical_slice/gtsu_lbuf_16bank_macro_model.sv:78$4166_ADDR[3:0]$6552
   654/2976: $4$mem2reg_wr$\memory$architecture_simulator/rtl/vertical_slice/gtsu_lbuf_16bank_macro_model.sv:78$4166_DATA[127:0]$6553
   655/2976: $4$mem2reg_wr$\memory$architecture_simulator/rtl/vertical_slice/gtsu_lbuf_16bank_macro_model.sv:78$4165_ADDR[3:0]$6549
   656/2976: $4$mem2reg_wr$\memory$architecture_simulator/rtl/vertical_slice/gtsu_lbuf_16bank_macro_model.sv:78$4165_DATA[127:0]$6550
   657/2976: $4$mem2reg_wr$\memory$architecture_simulator/rtl/vertical_slice/gtsu_lbuf_16bank_macro_model.sv:78$4164_ADDR[3:0]$6546
   658/2976: $4$mem2reg_wr$\memory$architecture_simulator/rtl/vertical_slice/gtsu_lbuf_16bank_macro_model.sv:78$4164_DATA[127:0]$6547
   659/2976: $4$mem2reg_wr$\memory$architecture_simulator/rtl/vertical_slice/gtsu_lbuf_16bank_macro_model.sv:78$4163_ADDR[3:0]$6543
   660/2976: $4$mem2reg_wr$\memory$architecture_simulator/rtl/vertical_slice/gtsu_lbuf_16bank_macro_model.sv:78$4163_DATA[127:0]$6544
   661/2976: $4$mem2reg_wr$\memory$architecture_simulator/rtl/vertical_slice/gtsu_lbuf_16bank_macro_model.sv:78$4162_ADDR[3:0]$6540
   662/2976: $4$mem2reg_wr$\memory$architecture_simulator/rtl/vertical_slice/gtsu_lbuf_16bank_macro_model.sv:78$4162_DATA[127:0]$6541
   663/2976: $4$mem2reg_wr$\memory$architecture_simulator/rtl/vertical_slice/gtsu_lbuf_16bank_macro_model.sv:78$4161_ADDR[3:0]$6537
   664/2976: $4$mem2reg_wr$\memory$architecture_simulator/rtl/vertical_slice/gtsu_lbuf_16bank_macro_model.sv:78$4161_DATA[127:0]$6538
   665/2976: $4$mem2reg_wr$\memory$architecture_simulator/rtl/vertical_slice/gtsu_lbuf_16bank_macro_model.sv:78$4160_ADDR[3:0]$6534
   666/2976: $4$mem2reg_wr$\memory$architecture_simulator/rtl/vertical_slice/gtsu_lbuf_16bank_macro_model.sv:78$4160_DATA[127:0]$6535
   667/2976: $4$mem2reg_wr$\memory$architecture_simulator/rtl/vertical_slice/gtsu_lbuf_16bank_macro_model.sv:78$4159_ADDR[3:0]$6531
   668/2976: $4$mem2reg_wr$\memory$architecture_simulator/rtl/vertical_slice/gtsu_lbuf_16bank_macro_model.sv:78$4159_DATA[127:0]$6532
   669/2976: $4$mem2reg_wr$\memory$architecture_simulator/rtl/vertical_slice/gtsu_lbuf_16bank_macro_model.sv:78$4158_ADDR[3:0]$6528
   670/2976: $4$mem2reg_wr$\memory$architecture_simulator/rtl/vertical_slice/gtsu_lbuf_16bank_macro_model.sv:78$4158_DATA[127:0]$6529
   671/2976: $4$mem2reg_wr$\memory$architecture_simulator/rtl/vertical_slice/gtsu_lbuf_16bank_macro_model.sv:78$4157_ADDR[3:0]$6525
   672/2976: $4$mem2reg_wr$\memory$architecture_simulator/rtl/vertical_slice/gtsu_lbuf_16bank_macro_model.sv:78$4157_DATA[127:0]$6526
   673/2976: $4$mem2reg_wr$\memory$architecture_simulator/rtl/vertical_slice/gtsu_lbuf_16bank_macro_model.sv:78$4156_ADDR[3:0]$6522
   674/2976: $4$mem2reg_wr$\memory$architecture_simulator/rtl/vertical_slice/gtsu_lbuf_16bank_macro_model.sv:78$4156_DATA[127:0]$6523
   675/2976: $4$mem2reg_wr$\memory$architecture_simulator/rtl/vertical_slice/gtsu_lbuf_16bank_macro_model.sv:78$4155_ADDR[3:0]$6519
   676/2976: $4$mem2reg_wr$\memory$architecture_simulator/rtl/vertical_slice/gtsu_lbuf_16bank_macro_model.sv:78$4155_DATA[127:0]$6520
   677/2976: $4$mem2reg_wr$\memory$architecture_simulator/rtl/vertical_slice/gtsu_lbuf_16bank_macro_model.sv:78$4154_ADDR[3:0]$6516
   678/2976: $4$mem2reg_wr$\memory$architecture_simulator/rtl/vertical_slice/gtsu_lbuf_16bank_macro_model.sv:78$4154_DATA[127:0]$6517
   679/2976: $4$mem2reg_wr$\memory$architecture_simulator/rtl/vertical_slice/gtsu_lbuf_16bank_macro_model.sv:78$4153_ADDR[3:0]$6513
   680/2976: $4$mem2reg_wr$\memory$architecture_simulator/rtl/vertical_slice/gtsu_lbuf_16bank_macro_model.sv:78$4153_DATA[127:0]$6514
   681/2976: $4$mem2reg_wr$\memory$architecture_simulator/rtl/vertical_slice/gtsu_lbuf_16bank_macro_model.sv:78$4152_ADDR[3:0]$6510
   682/2976: $4$mem2reg_wr$\memory$architecture_simulator/rtl/vertical_slice/gtsu_lbuf_16bank_macro_model.sv:78$4152_DATA[127:0]$6511
   683/2976: $8\byte_index[31:0]
   684/2976: $3$mem2reg_wr$\memory$architecture_simulator/rtl/vertical_slice/gtsu_lbuf_16bank_macro_model.sv:78$4167_DATA[127:0]$6509
   685/2976: $3$mem2reg_wr$\memory$architecture_simulator/rtl/vertical_slice/gtsu_lbuf_16bank_macro_model.sv:78$4167_ADDR[3:0]$6508
   686/2976: $3$mem2reg_wr$\memory$architecture_simulator/rtl/vertical_slice/gtsu_lbuf_16bank_macro_model.sv:78$4166_DATA[127:0]$6507
   687/2976: $3$mem2reg_wr$\memory$architecture_simulator/rtl/vertical_slice/gtsu_lbuf_16bank_macro_model.sv:78$4166_ADDR[3:0]$6506
   688/2976: $3$mem2reg_wr$\memory$architecture_simulator/rtl/vertical_slice/gtsu_lbuf_16bank_macro_model.sv:78$4165_DATA[127:0]$6505
   689/2976: $3$mem2reg_wr$\memory$architecture_simulator/rtl/vertical_slice/gtsu_lbuf_16bank_macro_model.sv:78$4165_ADDR[3:0]$6504
   690/2976: $3$mem2reg_wr$\memory$architecture_simulator/rtl/vertical_slice/gtsu_lbuf_16bank_macro_model.sv:78$4164_DATA[127:0]$6503
   691/2976: $3$mem2reg_wr$\memory$architecture_simulator/rtl/vertical_slice/gtsu_lbuf_16bank_macro_model.sv:78$4164_ADDR[3:0]$6502
   692/2976: $3$mem2reg_wr$\memory$architecture_simulator/rtl/vertical_slice/gtsu_lbuf_16bank_macro_model.sv:78$4163_DATA[127:0]$6501
   693/2976: $3$mem2reg_wr$\memory$architecture_simulator/rtl/vertical_slice/gtsu_lbuf_16bank_macro_model.sv:78$4163_ADDR[3:0]$6500
   694/2976: $3$mem2reg_wr$\memory$architecture_simulator/rtl/vertical_slice/gtsu_lbuf_16bank_macro_model.sv:78$4162_DATA[127:0]$6499
   695/2976: $3$mem2reg_wr$\memory$architecture_simulator/rtl/vertical_slice/gtsu_lbuf_16bank_macro_model.sv:78$4162_ADDR[3:0]$6498
   696/2976: $3$mem2reg_wr$\memory$architecture_simulator/rtl/vertical_slice/gtsu_lbuf_16bank_macro_model.sv:78$4161_DATA[127:0]$6497
   697/2976: $3$mem2reg_wr$\memory$architecture_simulator/rtl/vertical_slice/gtsu_lbuf_16bank_macro_model.sv:78$4161_ADDR[3:0]$6496
   698/2976: $3$mem2reg_wr$\memory$architecture_simulator/rtl/vertical_slice/gtsu_lbuf_16bank_macro_model.sv:78$4160_DATA[127:0]$6495
   699/2976: $3$mem2reg_wr$\memory$architecture_simulator/rtl/vertical_slice/gtsu_lbuf_16bank_macro_model.sv:78$4160_ADDR[3:0]$6494
   700/2976: $3$mem2reg_wr$\memory$architecture_simulator/rtl/vertical_slice/gtsu_lbuf_16bank_macro_model.sv:78$4159_DATA[127:0]$6493
   701/2976: $3$mem2reg_wr$\memory$architecture_simulator/rtl/vertical_slice/gtsu_lbuf_16bank_macro_model.sv:78$4159_ADDR[3:0]$6492
   702/2976: $3$mem2reg_wr$\memory$architecture_simulator/rtl/vertical_slice/gtsu_lbuf_16bank_macro_model.sv:78$4158_DATA[127:0]$6491
   703/2976: $3$mem2reg_wr$\memory$architecture_simulator/rtl/vertical_slice/gtsu_lbuf_16bank_macro_model.sv:78$4158_ADDR[3:0]$6490
   704/2976: $3$mem2reg_wr$\memory$architecture_simulator/rtl/vertical_slice/gtsu_lbuf_16bank_macro_model.sv:78$4157_DATA[127:0]$6489
   705/2976: $3$mem2reg_wr$\memory$architecture_simulator/rtl/vertical_slice/gtsu_lbuf_16bank_macro_model.sv:78$4157_ADDR[3:0]$6488
   706/2976: $3$mem2reg_wr$\memory$architecture_simulator/rtl/vertical_slice/gtsu_lbuf_16bank_macro_model.sv:78$4156_DATA[127:0]$6487
   707/2976: $3$mem2reg_wr$\memory$architecture_simulator/rtl/vertical_slice/gtsu_lbuf_16bank_macro_model.sv:78$4156_ADDR[3:0]$6486
   708/2976: $3$mem2reg_wr$\memory$architecture_simulator/rtl/vertical_slice/gtsu_lbuf_16bank_macro_model.sv:78$4155_DATA[127:0]$6485
   709/2976: $3$mem2reg_wr$\memory$architecture_simulator/rtl/vertical_slice/gtsu_lbuf_16bank_macro_model.sv:78$4155_ADDR[3:0]$6484
   710/2976: $3$mem2reg_wr$\memory$architecture_simulator/rtl/vertical_slice/gtsu_lbuf_16bank_macro_model.sv:78$4154_DATA[127:0]$6483
   711/2976: $3$mem2reg_wr$\memory$architecture_simulator/rtl/vertical_slice/gtsu_lbuf_16bank_macro_model.sv:78$4154_ADDR[3:0]$6482
   712/2976: $3$mem2reg_wr$\memory$architecture_simulator/rtl/vertical_slice/gtsu_lbuf_16bank_macro_model.sv:78$4153_DATA[127:0]$6481
   713/2976: $3$mem2reg_wr$\memory$architecture_simulator/rtl/vertical_slice/gtsu_lbuf_16bank_macro_model.sv:78$4153_ADDR[3:0]$6480
   714/2976: $3$mem2reg_wr$\memory$architecture_simulator/rtl/vertical_slice/gtsu_lbuf_16bank_macro_model.sv:78$4152_DATA[127:0]$6479
   715/2976: $3$mem2reg_wr$\memory$architecture_simulator/rtl/vertical_slice/gtsu_lbuf_16bank_macro_model.sv:78$4152_ADDR[3:0]$6478
   716/2976: $4$mem2reg_wr$\memory$architecture_simulator/rtl/vertical_slice/gtsu_lbuf_16bank_macro_model.sv:78$4151_ADDR[3:0]$6475
   717/2976: $4$mem2reg_wr$\memory$architecture_simulator/rtl/vertical_slice/gtsu_lbuf_16bank_macro_model.sv:78$4151_DATA[127:0]$6476
   718/2976: $4$mem2reg_wr$\memory$architecture_simulator/rtl/vertical_slice/gtsu_lbuf_16bank_macro_model.sv:78$4150_ADDR[3:0]$6472
   719/2976: $4$mem2reg_wr$\memory$architecture_simulator/rtl/vertical_slice/gtsu_lbuf_16bank_macro_model.sv:78$4150_DATA[127:0]$6473
   720/2976: $4$mem2reg_wr$\memory$architecture_simulator/rtl/vertical_slice/gtsu_lbuf_16bank_macro_model.sv:78$4149_ADDR[3:0]$6469
   721/2976: $4$mem2reg_wr$\memory$architecture_simulator/rtl/vertical_slice/gtsu_lbuf_16bank_macro_model.sv:78$4149_DATA[127:0]$6470
   722/2976: $4$mem2reg_wr$\memory$architecture_simulator/rtl/vertical_slice/gtsu_lbuf_16bank_macro_model.sv:78$4148_ADDR[3:0]$6466
   723/2976: $4$mem2reg_wr$\memory$architecture_simulator/rtl/vertical_slice/gtsu_lbuf_16bank_macro_model.sv:78$4148_DATA[127:0]$6467
   724/2976: $4$mem2reg_wr$\memory$architecture_simulator/rtl/vertical_slice/gtsu_lbuf_16bank_macro_model.sv:78$4147_ADDR[3:0]$6463
   725/2976: $4$mem2reg_wr$\memory$architecture_simulator/rtl/vertical_slice/gtsu_lbuf_16bank_macro_model.sv:78$4147_DATA[127:0]$6464
   726/2976: $4$mem2reg_wr$\memory$architecture_simulator/rtl/vertical_slice/gtsu_lbuf_16bank_macro_model.sv:78$4146_ADDR[3:0]$6460
   727/2976: $4$mem2reg_wr$\memory$architecture_simulator/rtl/vertical_slice/gtsu_lbuf_16bank_macro_model.sv:78$4146_DATA[127:0]$6461
   728/2976: $4$mem2reg_wr$\memory$architecture_simulator/rtl/vertical_slice/gtsu_lbuf_16bank_macro_model.sv:78$4145_ADDR[3:0]$6457
   729/2976: $4$mem2reg_wr$\memory$architecture_simulator/rtl/vertical_slice/gtsu_lbuf_16bank_macro_model.sv:78$4145_DATA[127:0]$6458
   730/2976: $4$mem2reg_wr$\memory$architecture_simulator/rtl/vertical_slice/gtsu_lbuf_16bank_macro_model.sv:78$4144_ADDR[3:0]$6454
   731/2976: $4$mem2reg_wr$\memory$architecture_simulator/rtl/vertical_slice/gtsu_lbuf_16bank_macro_model.sv:78$4144_DATA[127:0]$6455
   732/2976: $4$mem2reg_wr$\memory$architecture_simulator/rtl/vertical_slice/gtsu_lbuf_16bank_macro_model.sv:78$4143_ADDR[3:0]$6451
   733/2976: $4$mem2reg_wr$\memory$architecture_simulator/rtl/vertical_slice/gtsu_lbuf_16bank_macro_model.sv:78$4143_DATA[127:0]$6452
   734/2976: $4$mem2reg_wr$\memory$architecture_simulator/rtl/vertical_slice/gtsu_lbuf_16bank_macro_model.sv:78$4142_ADDR[3:0]$6448
   735/2976: $4$mem2reg_wr$\memory$architecture_simulator/rtl/vertical_slice/gtsu_lbuf_16bank_macro_model.sv:78$4142_DATA[127:0]$6449
   736/2976: $4$mem2reg_wr$\memory$architecture_simulator/rtl/vertical_slice/gtsu_lbuf_16bank_macro_model.sv:78$4141_ADDR[3:0]$6445
   737/2976: $4$mem2reg_wr$\memory$architecture_simulator/rtl/vertical_slice/gtsu_lbuf_16bank_macro_model.sv:78$4141_DATA[127:0]$6446
   738/2976: $4$mem2reg_wr$\memory$architecture_simulator/rtl/vertical_slice/gtsu_lbuf_16bank_macro_model.sv:78$4140_ADDR[3:0]$6442
   739/2976: $4$mem2reg_wr$\memory$architecture_simulator/rtl/vertical_slice/gtsu_lbuf_16bank_macro_model.sv:78$4140_DATA[127:0]$6443
   740/2976: $4$mem2reg_wr$\memory$architecture_simulator/rtl/vertical_slice/gtsu_lbuf_16bank_macro_model.sv:78$4139_ADDR[3:0]$6439
   741/2976: $4$mem2reg_wr$\memory$architecture_simulator/rtl/vertical_slice/gtsu_lbuf_16bank_macro_model.sv:78$4139_DATA[127:0]$6440
   742/2976: $4$mem2reg_wr$\memory$architecture_simulator/rtl/vertical_slice/gtsu_lbuf_16bank_macro_model.sv:78$4138_ADDR[3:0]$6436
   743/2976: $4$mem2reg_wr$\memory$architecture_simulator/rtl/vertical_slice/gtsu_lbuf_16bank_macro_model.sv:78$4138_DATA[127:0]$6437
   744/2976: $4$mem2reg_wr$\memory$architecture_simulator/rtl/vertical_slice/gtsu_lbuf_16bank_macro_model.sv:78$4137_ADDR[3:0]$6433
   745/2976: $4$mem2reg_wr$\memory$architecture_simulator/rtl/vertical_slice/gtsu_lbuf_16bank_macro_model.sv:78$4137_DATA[127:0]$6434
   746/2976: $4$mem2reg_wr$\memory$architecture_simulator/rtl/vertical_slice/gtsu_lbuf_16bank_macro_model.sv:78$4136_ADDR[3:0]$6430
   747/2976: $4$mem2reg_wr$\memory$architecture_simulator/rtl/vertical_slice/gtsu_lbuf_16bank_macro_model.sv:78$4136_DATA[127:0]$6431
   748/2976: $7\byte_index[31:0]
   749/2976: $3$mem2reg_wr$\memory$architecture_simulator/rtl/vertical_slice/gtsu_lbuf_16bank_macro_model.sv:78$4151_DATA[127:0]$6429
   750/2976: $3$mem2reg_wr$\memory$architecture_simulator/rtl/vertical_slice/gtsu_lbuf_16bank_macro_model.sv:78$4151_ADDR[3:0]$6428
   751/2976: $3$mem2reg_wr$\memory$architecture_simulator/rtl/vertical_slice/gtsu_lbuf_16bank_macro_model.sv:78$4150_DATA[127:0]$6427
   752/2976: $3$mem2reg_wr$\memory$architecture_simulator/rtl/vertical_slice/gtsu_lbuf_16bank_macro_model.sv:78$4150_ADDR[3:0]$6426
   753/2976: $3$mem2reg_wr$\memory$architecture_simulator/rtl/vertical_slice/gtsu_lbuf_16bank_macro_model.sv:78$4149_DATA[127:0]$6425
   754/2976: $3$mem2reg_wr$\memory$architecture_simulator/rtl/vertical_slice/gtsu_lbuf_16bank_macro_model.sv:78$4149_ADDR[3:0]$6424
   755/2976: $3$mem2reg_wr$\memory$architecture_simulator/rtl/vertical_slice/gtsu_lbuf_16bank_macro_model.sv:78$4148_DATA[127:0]$6423
   756/2976: $3$mem2reg_wr$\memory$architecture_simulator/rtl/vertical_slice/gtsu_lbuf_16bank_macro_model.sv:78$4148_ADDR[3:0]$6422
   757/2976: $3$mem2reg_wr$\memory$architecture_simulator/rtl/vertical_slice/gtsu_lbuf_16bank_macro_model.sv:78$4147_DATA[127:0]$6421
   758/2976: $3$mem2reg_wr$\memory$architecture_simulator/rtl/vertical_slice/gtsu_lbuf_16bank_macro_model.sv:78$4147_ADDR[3:0]$6420
   759/2976: $3$mem2reg_wr$\memory$architecture_simulator/rtl/vertical_slice/gtsu_lbuf_16bank_macro_model.sv:78$4146_DATA[127:0]$6419
   760/2976: $3$mem2reg_wr$\memory$architecture_simulator/rtl/vertical_slice/gtsu_lbuf_16bank_macro_model.sv:78$4146_ADDR[3:0]$6418
   761/2976: $3$mem2reg_wr$\memory$architecture_simulator/rtl/vertical_slice/gtsu_lbuf_16bank_macro_model.sv:78$4145_DATA[127:0]$6417
   762/2976: $3$mem2reg_wr$\memory$architecture_simulator/rtl/vertical_slice/gtsu_lbuf_16bank_macro_model.sv:78$4145_ADDR[3:0]$6416
   763/2976: $3$mem2reg_wr$\memory$architecture_simulator/rtl/vertical_slice/gtsu_lbuf_16bank_macro_model.sv:78$4144_DATA[127:0]$6415
   764/2976: $3$mem2reg_wr$\memory$architecture_simulator/rtl/vertical_slice/gtsu_lbuf_16bank_macro_model.sv:78$4144_ADDR[3:0]$6414
   765/2976: $3$mem2reg_wr$\memory$architecture_simulator/rtl/vertical_slice/gtsu_lbuf_16bank_macro_model.sv:78$4143_DATA[127:0]$6413
   766/2976: $3$mem2reg_wr$\memory$architecture_simulator/rtl/vertical_slice/gtsu_lbuf_16bank_macro_model.sv:78$4143_ADDR[3:0]$6412
   767/2976: $3$mem2reg_wr$\memory$architecture_simulator/rtl/vertical_slice/gtsu_lbuf_16bank_macro_model.sv:78$4142_DATA[127:0]$6411
   768/2976: $3$mem2reg_wr$\memory$architecture_simulator/rtl/vertical_slice/gtsu_lbuf_16bank_macro_model.sv:78$4142_ADDR[3:0]$6410
   769/2976: $3$mem2reg_wr$\memory$architecture_simulator/rtl/vertical_slice/gtsu_lbuf_16bank_macro_model.sv:78$4141_DATA[127:0]$6409
   770/2976: $3$mem2reg_wr$\memory$architecture_simulator/rtl/vertical_slice/gtsu_lbuf_16bank_macro_model.sv:78$4141_ADDR[3:0]$6408
   771/2976: $3$mem2reg_wr$\memory$architecture_simulator/rtl/vertical_slice/gtsu_lbuf_16bank_macro_model.sv:78$4140_DATA[127:0]$6407
   772/2976: $3$mem2reg_wr$\memory$architecture_simulator/rtl/vertical_slice/gtsu_lbuf_16bank_macro_model.sv:78$4140_ADDR[3:0]$6406
   773/2976: $3$mem2reg_wr$\memory$architecture_simulator/rtl/vertical_slice/gtsu_lbuf_16bank_macro_model.sv:78$4139_DATA[127:0]$6405
   774/2976: $3$mem2reg_wr$\memory$architecture_simulator/rtl/vertical_slice/gtsu_lbuf_16bank_macro_model.sv:78$4139_ADDR[3:0]$6404
   775/2976: $3$mem2reg_wr$\memory$architecture_simulator/rtl/vertical_slice/gtsu_lbuf_16bank_macro_model.sv:78$4138_DATA[127:0]$6403
   776/2976: $3$mem2reg_wr$\memory$architecture_simulator/rtl/vertical_slice/gtsu_lbuf_16bank_macro_model.sv:78$4138_ADDR[3:0]$6402
   777/2976: $3$mem2reg_wr$\memory$architecture_simulator/rtl/vertical_slice/gtsu_lbuf_16bank_macro_model.sv:78$4137_DATA[127:0]$6401
   778/2976: $3$mem2reg_wr$\memory$architecture_simulator/rtl/vertical_slice/gtsu_lbuf_16bank_macro_model.sv:78$4137_ADDR[3:0]$6400
   779/2976: $3$mem2reg_wr$\memory$architecture_simulator/rtl/vertical_slice/gtsu_lbuf_16bank_macro_model.sv:78$4136_DATA[127:0]$6399
   780/2976: $3$mem2reg_wr$\memory$architecture_simulator/rtl/vertical_slice/gtsu_lbuf_16bank_macro_model.sv:78$4136_ADDR[3:0]$6398
   781/2976: $4$mem2reg_wr$\memory$architecture_simulator/rtl/vertical_slice/gtsu_lbuf_16bank_macro_model.sv:78$4135_ADDR[3:0]$6395
   782/2976: $4$mem2reg_wr$\memory$architecture_simulator/rtl/vertical_slice/gtsu_lbuf_16bank_macro_model.sv:78$4135_DATA[127:0]$6396
   783/2976: $4$mem2reg_wr$\memory$architecture_simulator/rtl/vertical_slice/gtsu_lbuf_16bank_macro_model.sv:78$4134_ADDR[3:0]$6392
   784/2976: $4$mem2reg_wr$\memory$architecture_simulator/rtl/vertical_slice/gtsu_lbuf_16bank_macro_model.sv:78$4134_DATA[127:0]$6393
   785/2976: $4$mem2reg_wr$\memory$architecture_simulator/rtl/vertical_slice/gtsu_lbuf_16bank_macro_model.sv:78$4133_ADDR[3:0]$6389
   786/2976: $4$mem2reg_wr$\memory$architecture_simulator/rtl/vertical_slice/gtsu_lbuf_16bank_macro_model.sv:78$4133_DATA[127:0]$6390
   787/2976: $4$mem2reg_wr$\memory$architecture_simulator/rtl/vertical_slice/gtsu_lbuf_16bank_macro_model.sv:78$4132_ADDR[3:0]$6386
   788/2976: $4$mem2reg_wr$\memory$architecture_simulator/rtl/vertical_slice/gtsu_lbuf_16bank_macro_model.sv:78$4132_DATA[127:0]$6387
   789/2976: $4$mem2reg_wr$\memory$architecture_simulator/rtl/vertical_slice/gtsu_lbuf_16bank_macro_model.sv:78$4131_ADDR[3:0]$6383
   790/2976: $4$mem2reg_wr$\memory$architecture_simulator/rtl/vertical_slice/gtsu_lbuf_16bank_macro_model.sv:78$4131_DATA[127:0]$6384
   791/2976: $4$mem2reg_wr$\memory$architecture_simulator/rtl/vertical_slice/gtsu_lbuf_16bank_macro_model.sv:78$4130_ADDR[3:0]$6380
   792/2976: $4$mem2reg_wr$\memory$architecture_simulator/rtl/vertical_slice/gtsu_lbuf_16bank_macro_model.sv:78$4130_DATA[127:0]$6381
   793/2976: $4$mem2reg_wr$\memory$architecture_simulator/rtl/vertical_slice/gtsu_lbuf_16bank_macro_model.sv:78$4129_ADDR[3:0]$6377
   794/2976: $4$mem2reg_wr$\memory$architecture_simulator/rtl/vertical_slice/gtsu_lbuf_16bank_macro_model.sv:78$4129_DATA[127:0]$6378
   795/2976: $4$mem2reg_wr$\memory$architecture_simulator/rtl/vertical_slice/gtsu_lbuf_16bank_macro_model.sv:78$4128_ADDR[3:0]$6374
   796/2976: $4$mem2reg_wr$\memory$architecture_simulator/rtl/vertical_slice/gtsu_lbuf_16bank_macro_model.sv:78$4128_DATA[127:0]$6375
   797/2976: $4$mem2reg_wr$\memory$architecture_simulator/rtl/vertical_slice/gtsu_lbuf_16bank_macro_model.sv:78$4127_ADDR[3:0]$6371
   798/2976: $4$mem2reg_wr$\memory$architecture_simulator/rtl/vertical_slice/gtsu_lbuf_16bank_macro_model.sv:78$4127_DATA[127:0]$6372
   799/2976: $4$mem2reg_wr$\memory$architecture_simulator/rtl/vertical_slice/gtsu_lbuf_16bank_macro_model.sv:78$4126_ADDR[3:0]$6368
   800/2976: $4$mem2reg_wr$\memory$architecture_simulator/rtl/vertical_slice/gtsu_lbuf_16bank_macro_model.sv:78$4126_DATA[127:0]$6369
   801/2976: $4$mem2reg_wr$\memory$architecture_simulator/rtl/vertical_slice/gtsu_lbuf_16bank_macro_model.sv:78$4125_ADDR[3:0]$6365
   802/2976: $4$mem2reg_wr$\memory$architecture_simulator/rtl/vertical_slice/gtsu_lbuf_16bank_macro_model.sv:78$4125_DATA[127:0]$6366
   803/2976: $4$mem2reg_wr$\memory$architecture_simulator/rtl/vertical_slice/gtsu_lbuf_16bank_macro_model.sv:78$4124_ADDR[3:0]$6362
   804/2976: $4$mem2reg_wr$\memory$architecture_simulator/rtl/vertical_slice/gtsu_lbuf_16bank_macro_model.sv:78$4124_DATA[127:0]$6363
   805/2976: $4$mem2reg_wr$\memory$architecture_simulator/rtl/vertical_slice/gtsu_lbuf_16bank_macro_model.sv:78$4123_ADDR[3:0]$6359
   806/2976: $4$mem2reg_wr$\memory$architecture_simulator/rtl/vertical_slice/gtsu_lbuf_16bank_macro_model.sv:78$4123_DATA[127:0]$6360
   807/2976: $4$mem2reg_wr$\memory$architecture_simulator/rtl/vertical_slice/gtsu_lbuf_16bank_macro_model.sv:78$4122_ADDR[3:0]$6356
   808/2976: $4$mem2reg_wr$\memory$architecture_simulator/rtl/vertical_slice/gtsu_lbuf_16bank_macro_model.sv:78$4122_DATA[127:0]$6357
   809/2976: $4$mem2reg_wr$\memory$architecture_simulator/rtl/vertical_slice/gtsu_lbuf_16bank_macro_model.sv:78$4121_ADDR[3:0]$6354
   810/2976: $4$mem2reg_wr$\memory$architecture_simulator/rtl/vertical_slice/gtsu_lbuf_16bank_macro_model.sv:78$4121_DATA[127:0]$6353
   811/2976: $4$mem2reg_wr$\memory$architecture_simulator/rtl/vertical_slice/gtsu_lbuf_16bank_macro_model.sv:78$4120_ADDR[3:0]$6351
   812/2976: $4$mem2reg_wr$\memory$architecture_simulator/rtl/vertical_slice/gtsu_lbuf_16bank_macro_model.sv:78$4120_DATA[127:0]$6350
   813/2976: $6\byte_index[31:0]
   814/2976: $3$mem2reg_wr$\memory$architecture_simulator/rtl/vertical_slice/gtsu_lbuf_16bank_macro_model.sv:78$4135_DATA[127:0]$6349
   815/2976: $3$mem2reg_wr$\memory$architecture_simulator/rtl/vertical_slice/gtsu_lbuf_16bank_macro_model.sv:78$4135_ADDR[3:0]$6348
   816/2976: $3$mem2reg_wr$\memory$architecture_simulator/rtl/vertical_slice/gtsu_lbuf_16bank_macro_model.sv:78$4134_DATA[127:0]$6347
   817/2976: $3$mem2reg_wr$\memory$architecture_simulator/rtl/vertical_slice/gtsu_lbuf_16bank_macro_model.sv:78$4134_ADDR[3:0]$6346
   818/2976: $3$mem2reg_wr$\memory$architecture_simulator/rtl/vertical_slice/gtsu_lbuf_16bank_macro_model.sv:78$4133_DATA[127:0]$6345
   819/2976: $3$mem2reg_wr$\memory$architecture_simulator/rtl/vertical_slice/gtsu_lbuf_16bank_macro_model.sv:78$4133_ADDR[3:0]$6344
   820/2976: $3$mem2reg_wr$\memory$architecture_simulator/rtl/vertical_slice/gtsu_lbuf_16bank_macro_model.sv:78$4132_DATA[127:0]$6343
   821/2976: $3$mem2reg_wr$\memory$architecture_simulator/rtl/vertical_slice/gtsu_lbuf_16bank_macro_model.sv:78$4132_ADDR[3:0]$6342
   822/2976: $3$mem2reg_wr$\memory$architecture_simulator/rtl/vertical_slice/gtsu_lbuf_16bank_macro_model.sv:78$4131_DATA[127:0]$6341
   823/2976: $3$mem2reg_wr$\memory$architecture_simulator/rtl/vertical_slice/gtsu_lbuf_16bank_macro_model.sv:78$4131_ADDR[3:0]$6340
   824/2976: $3$mem2reg_wr$\memory$architecture_simulator/rtl/vertical_slice/gtsu_lbuf_16bank_macro_model.sv:78$4130_DATA[127:0]$6339
   825/2976: $3$mem2reg_wr$\memory$architecture_simulator/rtl/vertical_slice/gtsu_lbuf_16bank_macro_model.sv:78$4130_ADDR[3:0]$6338
   826/2976: $3$mem2reg_wr$\memory$architecture_simulator/rtl/vertical_slice/gtsu_lbuf_16bank_macro_model.sv:78$4129_DATA[127:0]$6337
   827/2976: $3$mem2reg_wr$\memory$architecture_simulator/rtl/vertical_slice/gtsu_lbuf_16bank_macro_model.sv:78$4129_ADDR[3:0]$6336
   828/2976: $3$mem2reg_wr$\memory$architecture_simulator/rtl/vertical_slice/gtsu_lbuf_16bank_macro_model.sv:78$4128_DATA[127:0]$6335
   829/2976: $3$mem2reg_wr$\memory$architecture_simulator/rtl/vertical_slice/gtsu_lbuf_16bank_macro_model.sv:78$4128_ADDR[3:0]$6334
   830/2976: $3$mem2reg_wr$\memory$architecture_simulator/rtl/vertical_slice/gtsu_lbuf_16bank_macro_model.sv:78$4127_DATA[127:0]$6333
   831/2976: $3$mem2reg_wr$\memory$architecture_simulator/rtl/vertical_slice/gtsu_lbuf_16bank_macro_model.sv:78$4127_ADDR[3:0]$6332
   832/2976: $3$mem2reg_wr$\memory$architecture_simulator/rtl/vertical_slice/gtsu_lbuf_16bank_macro_model.sv:78$4126_DATA[127:0]$6331
   833/2976: $3$mem2reg_wr$\memory$architecture_simulator/rtl/vertical_slice/gtsu_lbuf_16bank_macro_model.sv:78$4126_ADDR[3:0]$6330
   834/2976: $3$mem2reg_wr$\memory$architecture_simulator/rtl/vertical_slice/gtsu_lbuf_16bank_macro_model.sv:78$4125_DATA[127:0]$6329
   835/2976: $3$mem2reg_wr$\memory$architecture_simulator/rtl/vertical_slice/gtsu_lbuf_16bank_macro_model.sv:78$4125_ADDR[3:0]$6328
   836/2976: $3$mem2reg_wr$\memory$architecture_simulator/rtl/vertical_slice/gtsu_lbuf_16bank_macro_model.sv:78$4124_DATA[127:0]$6327
   837/2976: $3$mem2reg_wr$\memory$architecture_simulator/rtl/vertical_slice/gtsu_lbuf_16bank_macro_model.sv:78$4124_ADDR[3:0]$6326
   838/2976: $3$mem2reg_wr$\memory$architecture_simulator/rtl/vertical_slice/gtsu_lbuf_16bank_macro_model.sv:78$4123_DATA[127:0]$6325
   839/2976: $3$mem2reg_wr$\memory$architecture_simulator/rtl/vertical_slice/gtsu_lbuf_16bank_macro_model.sv:78$4123_ADDR[3:0]$6324
   840/2976: $3$mem2reg_wr$\memory$architecture_simulator/rtl/vertical_slice/gtsu_lbuf_16bank_macro_model.sv:78$4122_DATA[127:0]$6323
   841/2976: $3$mem2reg_wr$\memory$architecture_simulator/rtl/vertical_slice/gtsu_lbuf_16bank_macro_model.sv:78$4122_ADDR[3:0]$6318
   842/2976: $3$mem2reg_wr$\memory$architecture_simulator/rtl/vertical_slice/gtsu_lbuf_16bank_macro_model.sv:78$4121_ADDR[3:0]$6320
   843/2976: $3$mem2reg_wr$\memory$architecture_simulator/rtl/vertical_slice/gtsu_lbuf_16bank_macro_model.sv:78$4121_DATA[127:0]$6319
   844/2976: $3$mem2reg_wr$\memory$architecture_simulator/rtl/vertical_slice/gtsu_lbuf_16bank_macro_model.sv:78$4120_ADDR[3:0]$6322
   845/2976: $3$mem2reg_wr$\memory$architecture_simulator/rtl/vertical_slice/gtsu_lbuf_16bank_macro_model.sv:78$4120_DATA[127:0]$6321
   846/2976: $4$mem2reg_wr$\memory$architecture_simulator/rtl/vertical_slice/gtsu_lbuf_16bank_macro_model.sv:78$4119_ADDR[3:0]$6316
   847/2976: $4$mem2reg_wr$\memory$architecture_simulator/rtl/vertical_slice/gtsu_lbuf_16bank_macro_model.sv:78$4119_DATA[127:0]$6315
   848/2976: $4$mem2reg_wr$\memory$architecture_simulator/rtl/vertical_slice/gtsu_lbuf_16bank_macro_model.sv:78$4118_ADDR[3:0]$6313
   849/2976: $4$mem2reg_wr$\memory$architecture_simulator/rtl/vertical_slice/gtsu_lbuf_16bank_macro_model.sv:78$4118_DATA[127:0]$6312
   850/2976: $4$mem2reg_wr$\memory$architecture_simulator/rtl/vertical_slice/gtsu_lbuf_16bank_macro_model.sv:78$4117_ADDR[3:0]$6310
   851/2976: $4$mem2reg_wr$\memory$architecture_simulator/rtl/vertical_slice/gtsu_lbuf_16bank_macro_model.sv:78$4117_DATA[127:0]$6309
   852/2976: $4$mem2reg_wr$\memory$architecture_simulator/rtl/vertical_slice/gtsu_lbuf_16bank_macro_model.sv:78$4116_ADDR[3:0]$6307
   853/2976: $4$mem2reg_wr$\memory$architecture_simulator/rtl/vertical_slice/gtsu_lbuf_16bank_macro_model.sv:78$4116_DATA[127:0]$6306
   854/2976: $4$mem2reg_wr$\memory$architecture_simulator/rtl/vertical_slice/gtsu_lbuf_16bank_macro_model.sv:78$4115_ADDR[3:0]$6304
   855/2976: $4$mem2reg_wr$\memory$architecture_simulator/rtl/vertical_slice/gtsu_lbuf_16bank_macro_model.sv:78$4115_DATA[127:0]$6303
   856/2976: $4$mem2reg_wr$\memory$architecture_simulator/rtl/vertical_slice/gtsu_lbuf_16bank_macro_model.sv:78$4114_ADDR[3:0]$6301
   857/2976: $4$mem2reg_wr$\memory$architecture_simulator/rtl/vertical_slice/gtsu_lbuf_16bank_macro_model.sv:78$4114_DATA[127:0]$6300
   858/2976: $4$mem2reg_wr$\memory$architecture_simulator/rtl/vertical_slice/gtsu_lbuf_16bank_macro_model.sv:78$4113_ADDR[3:0]$6298
   859/2976: $4$mem2reg_wr$\memory$architecture_simulator/rtl/vertical_slice/gtsu_lbuf_16bank_macro_model.sv:78$4113_DATA[127:0]$6297
   860/2976: $4$mem2reg_wr$\memory$architecture_simulator/rtl/vertical_slice/gtsu_lbuf_16bank_macro_model.sv:78$4112_ADDR[3:0]$6295
   861/2976: $4$mem2reg_wr$\memory$architecture_simulator/rtl/vertical_slice/gtsu_lbuf_16bank_macro_model.sv:78$4112_DATA[127:0]$6294
   862/2976: $4$mem2reg_wr$\memory$architecture_simulator/rtl/vertical_slice/gtsu_lbuf_16bank_macro_model.sv:78$4111_ADDR[3:0]$6292
   863/2976: $4$mem2reg_wr$\memory$architecture_simulator/rtl/vertical_slice/gtsu_lbuf_16bank_macro_model.sv:78$4111_DATA[127:0]$6291
   864/2976: $4$mem2reg_wr$\memory$architecture_simulator/rtl/vertical_slice/gtsu_lbuf_16bank_macro_model.sv:78$4110_ADDR[3:0]$6289
   865/2976: $4$mem2reg_wr$\memory$architecture_simulator/rtl/vertical_slice/gtsu_lbuf_16bank_macro_model.sv:78$4110_DATA[127:0]$6288
   866/2976: $4$mem2reg_wr$\memory$architecture_simulator/rtl/vertical_slice/gtsu_lbuf_16bank_macro_model.sv:78$4109_ADDR[3:0]$6286
   867/2976: $4$mem2reg_wr$\memory$architecture_simulator/rtl/vertical_slice/gtsu_lbuf_16bank_macro_model.sv:78$4109_DATA[127:0]$6285
   868/2976: $4$mem2reg_wr$\memory$architecture_simulator/rtl/vertical_slice/gtsu_lbuf_16bank_macro_model.sv:78$4108_ADDR[3:0]$6283
   869/2976: $4$mem2reg_wr$\memory$architecture_simulator/rtl/vertical_slice/gtsu_lbuf_16bank_macro_model.sv:78$4108_DATA[127:0]$6282
   870/2976: $4$mem2reg_wr$\memory$architecture_simulator/rtl/vertical_slice/gtsu_lbuf_16bank_macro_model.sv:78$4107_ADDR[3:0]$6280
   871/2976: $4$mem2reg_wr$\memory$architecture_simulator/rtl/vertical_slice/gtsu_lbuf_16bank_macro_model.sv:78$4107_DATA[127:0]$6279
   872/2976: $4$mem2reg_wr$\memory$architecture_simulator/rtl/vertical_slice/gtsu_lbuf_16bank_macro_model.sv:78$4106_ADDR[3:0]$6277
   873/2976: $4$mem2reg_wr$\memory$architecture_simulator/rtl/vertical_slice/gtsu_lbuf_16bank_macro_model.sv:78$4106_DATA[127:0]$6276
   874/2976: $4$mem2reg_wr$\memory$architecture_simulator/rtl/vertical_slice/gtsu_lbuf_16bank_macro_model.sv:78$4105_ADDR[3:0]$6274
   875/2976: $4$mem2reg_wr$\memory$architecture_simulator/rtl/vertical_slice/gtsu_lbuf_16bank_macro_model.sv:78$4105_DATA[127:0]$6273
   876/2976: $4$mem2reg_wr$\memory$architecture_simulator/rtl/vertical_slice/gtsu_lbuf_16bank_macro_model.sv:78$4104_ADDR[3:0]$6271
   877/2976: $4$mem2reg_wr$\memory$architecture_simulator/rtl/vertical_slice/gtsu_lbuf_16bank_macro_model.sv:78$4104_DATA[127:0]$6270
   878/2976: $5\byte_index[31:0]
   879/2976: $3$mem2reg_wr$\memory$architecture_simulator/rtl/vertical_slice/gtsu_lbuf_16bank_macro_model.sv:78$4119_ADDR[3:0]$6240
   880/2976: $3$mem2reg_wr$\memory$architecture_simulator/rtl/vertical_slice/gtsu_lbuf_16bank_macro_model.sv:78$4119_DATA[127:0]$6239
   881/2976: $3$mem2reg_wr$\memory$architecture_simulator/rtl/vertical_slice/gtsu_lbuf_16bank_macro_model.sv:78$4118_ADDR[3:0]$6242
   882/2976: $3$mem2reg_wr$\memory$architecture_simulator/rtl/vertical_slice/gtsu_lbuf_16bank_macro_model.sv:78$4118_DATA[127:0]$6241
   883/2976: $3$mem2reg_wr$\memory$architecture_simulator/rtl/vertical_slice/gtsu_lbuf_16bank_macro_model.sv:78$4117_ADDR[3:0]$6244
   884/2976: $3$mem2reg_wr$\memory$architecture_simulator/rtl/vertical_slice/gtsu_lbuf_16bank_macro_model.sv:78$4117_DATA[127:0]$6243
   885/2976: $3$mem2reg_wr$\memory$architecture_simulator/rtl/vertical_slice/gtsu_lbuf_16bank_macro_model.sv:78$4116_ADDR[3:0]$6245
   886/2976: $3$mem2reg_wr$\memory$architecture_simulator/rtl/vertical_slice/gtsu_lbuf_16bank_macro_model.sv:78$4116_DATA[127:0]$6238
   887/2976: $3$mem2reg_wr$\memory$architecture_simulator/rtl/vertical_slice/gtsu_lbuf_16bank_macro_model.sv:78$4115_ADDR[3:0]$6247
   888/2976: $3$mem2reg_wr$\memory$architecture_simulator/rtl/vertical_slice/gtsu_lbuf_16bank_macro_model.sv:78$4115_DATA[127:0]$6246
   889/2976: $3$mem2reg_wr$\memory$architecture_simulator/rtl/vertical_slice/gtsu_lbuf_16bank_macro_model.sv:78$4114_ADDR[3:0]$6249
   890/2976: $3$mem2reg_wr$\memory$architecture_simulator/rtl/vertical_slice/gtsu_lbuf_16bank_macro_model.sv:78$4114_DATA[127:0]$6248
   891/2976: $3$mem2reg_wr$\memory$architecture_simulator/rtl/vertical_slice/gtsu_lbuf_16bank_macro_model.sv:78$4113_ADDR[3:0]$6251
   892/2976: $3$mem2reg_wr$\memory$architecture_simulator/rtl/vertical_slice/gtsu_lbuf_16bank_macro_model.sv:78$4113_DATA[127:0]$6250
   893/2976: $3$mem2reg_wr$\memory$architecture_simulator/rtl/vertical_slice/gtsu_lbuf_16bank_macro_model.sv:78$4112_ADDR[3:0]$6253
   894/2976: $3$mem2reg_wr$\memory$architecture_simulator/rtl/vertical_slice/gtsu_lbuf_16bank_macro_model.sv:78$4112_DATA[127:0]$6252
   895/2976: $3$mem2reg_wr$\memory$architecture_simulator/rtl/vertical_slice/gtsu_lbuf_16bank_macro_model.sv:78$4111_ADDR[3:0]$6255
   896/2976: $3$mem2reg_wr$\memory$architecture_simulator/rtl/vertical_slice/gtsu_lbuf_16bank_macro_model.sv:78$4111_DATA[127:0]$6254
   897/2976: $3$mem2reg_wr$\memory$architecture_simulator/rtl/vertical_slice/gtsu_lbuf_16bank_macro_model.sv:78$4110_ADDR[3:0]$6257
   898/2976: $3$mem2reg_wr$\memory$architecture_simulator/rtl/vertical_slice/gtsu_lbuf_16bank_macro_model.sv:78$4110_DATA[127:0]$6256
   899/2976: $3$mem2reg_wr$\memory$architecture_simulator/rtl/vertical_slice/gtsu_lbuf_16bank_macro_model.sv:78$4109_ADDR[3:0]$6259
   900/2976: $3$mem2reg_wr$\memory$architecture_simulator/rtl/vertical_slice/gtsu_lbuf_16bank_macro_model.sv:78$4109_DATA[127:0]$6258
   901/2976: $3$mem2reg_wr$\memory$architecture_simulator/rtl/vertical_slice/gtsu_lbuf_16bank_macro_model.sv:78$4108_ADDR[3:0]$6261
   902/2976: $3$mem2reg_wr$\memory$architecture_simulator/rtl/vertical_slice/gtsu_lbuf_16bank_macro_model.sv:78$4108_DATA[127:0]$6260
   903/2976: $3$mem2reg_wr$\memory$architecture_simulator/rtl/vertical_slice/gtsu_lbuf_16bank_macro_model.sv:78$4107_ADDR[3:0]$6263
   904/2976: $3$mem2reg_wr$\memory$architecture_simulator/rtl/vertical_slice/gtsu_lbuf_16bank_macro_model.sv:78$4107_DATA[127:0]$6262
   905/2976: $3$mem2reg_wr$\memory$architecture_simulator/rtl/vertical_slice/gtsu_lbuf_16bank_macro_model.sv:78$4106_ADDR[3:0]$6265
   906/2976: $3$mem2reg_wr$\memory$architecture_simulator/rtl/vertical_slice/gtsu_lbuf_16bank_macro_model.sv:78$4106_DATA[127:0]$6264
   907/2976: $3$mem2reg_wr$\memory$architecture_simulator/rtl/vertical_slice/gtsu_lbuf_16bank_macro_model.sv:78$4105_ADDR[3:0]$6267
   908/2976: $3$mem2reg_wr$\memory$architecture_simulator/rtl/vertical_slice/gtsu_lbuf_16bank_macro_model.sv:78$4105_DATA[127:0]$6266
   909/2976: $3$mem2reg_wr$\memory$architecture_simulator/rtl/vertical_slice/gtsu_lbuf_16bank_macro_model.sv:78$4104_ADDR[3:0]$6269
   910/2976: $3$mem2reg_wr$\memory$architecture_simulator/rtl/vertical_slice/gtsu_lbuf_16bank_macro_model.sv:78$4104_DATA[127:0]$6268
   911/2976: $4$mem2reg_wr$\memory$architecture_simulator/rtl/vertical_slice/gtsu_lbuf_16bank_macro_model.sv:78$4103_ADDR[3:0]$6236
   912/2976: $4$mem2reg_wr$\memory$architecture_simulator/rtl/vertical_slice/gtsu_lbuf_16bank_macro_model.sv:78$4103_DATA[127:0]$6235
   913/2976: $4$mem2reg_wr$\memory$architecture_simulator/rtl/vertical_slice/gtsu_lbuf_16bank_macro_model.sv:78$4102_ADDR[3:0]$6233
   914/2976: $4$mem2reg_wr$\memory$architecture_simulator/rtl/vertical_slice/gtsu_lbuf_16bank_macro_model.sv:78$4102_DATA[127:0]$6232
   915/2976: $4$mem2reg_wr$\memory$architecture_simulator/rtl/vertical_slice/gtsu_lbuf_16bank_macro_model.sv:78$4101_ADDR[3:0]$6230
   916/2976: $4$mem2reg_wr$\memory$architecture_simulator/rtl/vertical_slice/gtsu_lbuf_16bank_macro_model.sv:78$4101_DATA[127:0]$6229
   917/2976: $4$mem2reg_wr$\memory$architecture_simulator/rtl/vertical_slice/gtsu_lbuf_16bank_macro_model.sv:78$4100_ADDR[3:0]$6227
   918/2976: $4$mem2reg_wr$\memory$architecture_simulator/rtl/vertical_slice/gtsu_lbuf_16bank_macro_model.sv:78$4100_DATA[127:0]$6226
   919/2976: $4$mem2reg_wr$\memory$architecture_simulator/rtl/vertical_slice/gtsu_lbuf_16bank_macro_model.sv:78$4099_ADDR[3:0]$6224
   920/2976: $4$mem2reg_wr$\memory$architecture_simulator/rtl/vertical_slice/gtsu_lbuf_16bank_macro_model.sv:78$4099_DATA[127:0]$6223
   921/2976: $4$mem2reg_wr$\memory$architecture_simulator/rtl/vertical_slice/gtsu_lbuf_16bank_macro_model.sv:78$4098_ADDR[3:0]$6221
   922/2976: $4$mem2reg_wr$\memory$architecture_simulator/rtl/vertical_slice/gtsu_lbuf_16bank_macro_model.sv:78$4098_DATA[127:0]$6220
   923/2976: $4$mem2reg_wr$\memory$architecture_simulator/rtl/vertical_slice/gtsu_lbuf_16bank_macro_model.sv:78$4097_ADDR[3:0]$6218
   924/2976: $4$mem2reg_wr$\memory$architecture_simulator/rtl/vertical_slice/gtsu_lbuf_16bank_macro_model.sv:78$4097_DATA[127:0]$6217
   925/2976: $4$mem2reg_wr$\memory$architecture_simulator/rtl/vertical_slice/gtsu_lbuf_16bank_macro_model.sv:78$4096_ADDR[3:0]$6215
   926/2976: $4$mem2reg_wr$\memory$architecture_simulator/rtl/vertical_slice/gtsu_lbuf_16bank_macro_model.sv:78$4096_DATA[127:0]$6214
   927/2976: $4$mem2reg_wr$\memory$architecture_simulator/rtl/vertical_slice/gtsu_lbuf_16bank_macro_model.sv:78$4095_ADDR[3:0]$6212
   928/2976: $4$mem2reg_wr$\memory$architecture_simulator/rtl/vertical_slice/gtsu_lbuf_16bank_macro_model.sv:78$4095_DATA[127:0]$6211
   929/2976: $4$mem2reg_wr$\memory$architecture_simulator/rtl/vertical_slice/gtsu_lbuf_16bank_macro_model.sv:78$4094_ADDR[3:0]$6209
   930/2976: $4$mem2reg_wr$\memory$architecture_simulator/rtl/vertical_slice/gtsu_lbuf_16bank_macro_model.sv:78$4094_DATA[127:0]$6208
   931/2976: $4$mem2reg_wr$\memory$architecture_simulator/rtl/vertical_slice/gtsu_lbuf_16bank_macro_model.sv:78$4093_ADDR[3:0]$6206
   932/2976: $4$mem2reg_wr$\memory$architecture_simulator/rtl/vertical_slice/gtsu_lbuf_16bank_macro_model.sv:78$4093_DATA[127:0]$6205
   933/2976: $4$mem2reg_wr$\memory$architecture_simulator/rtl/vertical_slice/gtsu_lbuf_16bank_macro_model.sv:78$4092_ADDR[3:0]$6203
   934/2976: $4$mem2reg_wr$\memory$architecture_simulator/rtl/vertical_slice/gtsu_lbuf_16bank_macro_model.sv:78$4092_DATA[127:0]$6202
   935/2976: $4$mem2reg_wr$\memory$architecture_simulator/rtl/vertical_slice/gtsu_lbuf_16bank_macro_model.sv:78$4091_ADDR[3:0]$6200
   936/2976: $4$mem2reg_wr$\memory$architecture_simulator/rtl/vertical_slice/gtsu_lbuf_16bank_macro_model.sv:78$4091_DATA[127:0]$6199
   937/2976: $4$mem2reg_wr$\memory$architecture_simulator/rtl/vertical_slice/gtsu_lbuf_16bank_macro_model.sv:78$4090_ADDR[3:0]$6197
   938/2976: $4$mem2reg_wr$\memory$architecture_simulator/rtl/vertical_slice/gtsu_lbuf_16bank_macro_model.sv:78$4090_DATA[127:0]$6196
   939/2976: $4$mem2reg_wr$\memory$architecture_simulator/rtl/vertical_slice/gtsu_lbuf_16bank_macro_model.sv:78$4089_ADDR[3:0]$6193
   940/2976: $4$mem2reg_wr$\memory$architecture_simulator/rtl/vertical_slice/gtsu_lbuf_16bank_macro_model.sv:78$4089_DATA[127:0]$6194
   941/2976: $4$mem2reg_wr$\memory$architecture_simulator/rtl/vertical_slice/gtsu_lbuf_16bank_macro_model.sv:78$4088_ADDR[3:0]$6191
   942/2976: $4$mem2reg_wr$\memory$architecture_simulator/rtl/vertical_slice/gtsu_lbuf_16bank_macro_model.sv:78$4088_DATA[127:0]$6190
   943/2976: $4\byte_index[31:0]
   944/2976: $3$mem2reg_wr$\memory$architecture_simulator/rtl/vertical_slice/gtsu_lbuf_16bank_macro_model.sv:78$4103_ADDR[3:0]$6162
   945/2976: $3$mem2reg_wr$\memory$architecture_simulator/rtl/vertical_slice/gtsu_lbuf_16bank_macro_model.sv:78$4103_DATA[127:0]$6161
   946/2976: $3$mem2reg_wr$\memory$architecture_simulator/rtl/vertical_slice/gtsu_lbuf_16bank_macro_model.sv:78$4102_ADDR[3:0]$6164
   947/2976: $3$mem2reg_wr$\memory$architecture_simulator/rtl/vertical_slice/gtsu_lbuf_16bank_macro_model.sv:78$4102_DATA[127:0]$6163
   948/2976: $3$mem2reg_wr$\memory$architecture_simulator/rtl/vertical_slice/gtsu_lbuf_16bank_macro_model.sv:78$4101_ADDR[3:0]$6166
   949/2976: $3$mem2reg_wr$\memory$architecture_simulator/rtl/vertical_slice/gtsu_lbuf_16bank_macro_model.sv:78$4101_DATA[127:0]$6165
   950/2976: $3$mem2reg_wr$\memory$architecture_simulator/rtl/vertical_slice/gtsu_lbuf_16bank_macro_model.sv:78$4100_ADDR[3:0]$6168
   951/2976: $3$mem2reg_wr$\memory$architecture_simulator/rtl/vertical_slice/gtsu_lbuf_16bank_macro_model.sv:78$4100_DATA[127:0]$6167
   952/2976: $3$mem2reg_wr$\memory$architecture_simulator/rtl/vertical_slice/gtsu_lbuf_16bank_macro_model.sv:78$4099_ADDR[3:0]$6170
   953/2976: $3$mem2reg_wr$\memory$architecture_simulator/rtl/vertical_slice/gtsu_lbuf_16bank_macro_model.sv:78$4099_DATA[127:0]$6169
   954/2976: $3$mem2reg_wr$\memory$architecture_simulator/rtl/vertical_slice/gtsu_lbuf_16bank_macro_model.sv:78$4098_ADDR[3:0]$6172
   955/2976: $3$mem2reg_wr$\memory$architecture_simulator/rtl/vertical_slice/gtsu_lbuf_16bank_macro_model.sv:78$4098_DATA[127:0]$6171
   956/2976: $3$mem2reg_wr$\memory$architecture_simulator/rtl/vertical_slice/gtsu_lbuf_16bank_macro_model.sv:78$4097_ADDR[3:0]$6174
   957/2976: $3$mem2reg_wr$\memory$architecture_simulator/rtl/vertical_slice/gtsu_lbuf_16bank_macro_model.sv:78$4097_DATA[127:0]$6173
   958/2976: $3$mem2reg_wr$\memory$architecture_simulator/rtl/vertical_slice/gtsu_lbuf_16bank_macro_model.sv:78$4096_ADDR[3:0]$6176
   959/2976: $3$mem2reg_wr$\memory$architecture_simulator/rtl/vertical_slice/gtsu_lbuf_16bank_macro_model.sv:78$4096_DATA[127:0]$6175
   960/2976: $3$mem2reg_wr$\memory$architecture_simulator/rtl/vertical_slice/gtsu_lbuf_16bank_macro_model.sv:78$4095_ADDR[3:0]$6178
   961/2976: $3$mem2reg_wr$\memory$architecture_simulator/rtl/vertical_slice/gtsu_lbuf_16bank_macro_model.sv:78$4095_DATA[127:0]$6177
   962/2976: $3$mem2reg_wr$\memory$architecture_simulator/rtl/vertical_slice/gtsu_lbuf_16bank_macro_model.sv:78$4094_ADDR[3:0]$6180
   963/2976: $3$mem2reg_wr$\memory$architecture_simulator/rtl/vertical_slice/gtsu_lbuf_16bank_macro_model.sv:78$4094_DATA[127:0]$6179
   964/2976: $3$mem2reg_wr$\memory$architecture_simulator/rtl/vertical_slice/gtsu_lbuf_16bank_macro_model.sv:78$4093_ADDR[3:0]$6182
   965/2976: $3$mem2reg_wr$\memory$architecture_simulator/rtl/vertical_slice/gtsu_lbuf_16bank_macro_model.sv:78$4093_DATA[127:0]$6181
   966/2976: $3$mem2reg_wr$\memory$architecture_simulator/rtl/vertical_slice/gtsu_lbuf_16bank_macro_model.sv:78$4092_ADDR[3:0]$6184
   967/2976: $3$mem2reg_wr$\memory$architecture_simulator/rtl/vertical_slice/gtsu_lbuf_16bank_macro_model.sv:78$4092_DATA[127:0]$6183
   968/2976: $3$mem2reg_wr$\memory$architecture_simulator/rtl/vertical_slice/gtsu_lbuf_16bank_macro_model.sv:78$4091_ADDR[3:0]$6186
   969/2976: $3$mem2reg_wr$\memory$architecture_simulator/rtl/vertical_slice/gtsu_lbuf_16bank_macro_model.sv:78$4091_DATA[127:0]$6185
   970/2976: $3$mem2reg_wr$\memory$architecture_simulator/rtl/vertical_slice/gtsu_lbuf_16bank_macro_model.sv:78$4090_ADDR[3:0]$6188
   971/2976: $3$mem2reg_wr$\memory$architecture_simulator/rtl/vertical_slice/gtsu_lbuf_16bank_macro_model.sv:78$4090_DATA[127:0]$6187
   972/2976: $3$mem2reg_wr$\memory$architecture_simulator/rtl/vertical_slice/gtsu_lbuf_16bank_macro_model.sv:78$4089_DATA[127:0]$6189
   973/2976: $3$mem2reg_wr$\memory$architecture_simulator/rtl/vertical_slice/gtsu_lbuf_16bank_macro_model.sv:78$4089_ADDR[3:0]$6158
   974/2976: $3$mem2reg_wr$\memory$architecture_simulator/rtl/vertical_slice/gtsu_lbuf_16bank_macro_model.sv:78$4088_ADDR[3:0]$6160
   975/2976: $3$mem2reg_wr$\memory$architecture_simulator/rtl/vertical_slice/gtsu_lbuf_16bank_macro_model.sv:78$4088_DATA[127:0]$6159
   976/2976: $4$mem2reg_wr$\memory$architecture_simulator/rtl/vertical_slice/gtsu_lbuf_16bank_macro_model.sv:78$4087_ADDR[3:0]$6156
   977/2976: $4$mem2reg_wr$\memory$architecture_simulator/rtl/vertical_slice/gtsu_lbuf_16bank_macro_model.sv:78$4087_DATA[127:0]$6155
   978/2976: $0\memory[15][127:0] [127:120]
   979/2976: $0\memory[15][127:0] [119:112]
   980/2976: $0\memory[14][127:0] [119:112]
   981/2976: $0\memory[13][127:0] [119:112]
   982/2976: $0\memory[12][127:0] [119:112]
   983/2976: $0\memory[11][127:0] [119:112]
   984/2976: $0\memory[10][127:0] [119:112]
   985/2976: $0\memory[9][127:0] [119:112]
   986/2976: $0\memory[8][127:0] [119:112]
   987/2976: $0\memory[7][127:0] [119:112]
   988/2976: $0\memory[6][127:0] [119:112]
   989/2976: $0\memory[5][127:0] [119:112]
   990/2976: $0\memory[4][127:0] [119:112]
   991/2976: $0\memory[3][127:0] [119:112]
   992/2976: $0\memory[2][127:0] [119:112]
   993/2976: $0\memory[1][127:0] [119:112]
   994/2976: $0\memory[0][127:0] [119:112]
   995/2976: $4$mem2reg_wr$\memory$architecture_simulator/rtl/vertical_slice/gtsu_lbuf_16bank_macro_model.sv:78$4086_DATA[127:0]$6152
   996/2976: $0\memory[14][127:0] [127:120]
   997/2976: $0\memory[15][127:0] [111:104]
   998/2976: $0\memory[14][127:0] [111:104]
   999/2976: $0\memory[13][127:0] [111:104]
  1000/2976: $0\memory[12][127:0] [111:104]
  1001/2976: $0\memory[11][127:0] [111:104]
  1002/2976: $0\memory[10][127:0] [111:104]
  1003/2976: $0\memory[9][127:0] [111:104]
  1004/2976: $0\memory[8][127:0] [111:104]
  1005/2976: $0\memory[7][127:0] [111:104]
  1006/2976: $0\memory[6][127:0] [111:104]
  1007/2976: $0\memory[5][127:0] [111:104]
  1008/2976: $0\memory[4][127:0] [111:104]
  1009/2976: $0\memory[3][127:0] [111:104]
  1010/2976: $0\memory[2][127:0] [111:104]
  1011/2976: $0\memory[1][127:0] [111:104]
  1012/2976: $0\memory[0][127:0] [111:104]
  1013/2976: $4$mem2reg_wr$\memory$architecture_simulator/rtl/vertical_slice/gtsu_lbuf_16bank_macro_model.sv:78$4085_DATA[127:0]$6149
  1014/2976: $0\memory[13][127:0] [127:120]
  1015/2976: $0\memory[15][127:0] [103:96]
  1016/2976: $0\memory[14][127:0] [103:96]
  1017/2976: $0\memory[13][127:0] [103:96]
  1018/2976: $0\memory[12][127:0] [103:96]
  1019/2976: $0\memory[11][127:0] [103:96]
  1020/2976: $0\memory[10][127:0] [103:96]
  1021/2976: $0\memory[9][127:0] [103:96]
  1022/2976: $0\memory[8][127:0] [103:96]
  1023/2976: $0\memory[7][127:0] [103:96]
  1024/2976: $0\memory[6][127:0] [103:96]
  1025/2976: $0\memory[5][127:0] [103:96]
  1026/2976: $0\memory[4][127:0] [103:96]
  1027/2976: $0\memory[3][127:0] [103:96]
  1028/2976: $0\memory[2][127:0] [103:96]
  1029/2976: $0\memory[1][127:0] [103:96]
  1030/2976: $0\memory[0][127:0] [103:96]
  1031/2976: $4$mem2reg_wr$\memory$architecture_simulator/rtl/vertical_slice/gtsu_lbuf_16bank_macro_model.sv:78$4084_DATA[127:0]$6146
  1032/2976: $0\memory[12][127:0] [127:120]
  1033/2976: $0\memory[15][127:0] [95:88]
  1034/2976: $0\memory[14][127:0] [95:88]
  1035/2976: $0\memory[13][127:0] [95:88]
  1036/2976: $0\memory[12][127:0] [95:88]
  1037/2976: $0\memory[11][127:0] [95:88]
  1038/2976: $0\memory[10][127:0] [95:88]
  1039/2976: $0\memory[9][127:0] [95:88]
  1040/2976: $0\memory[8][127:0] [95:88]
  1041/2976: $0\memory[7][127:0] [95:88]
  1042/2976: $0\memory[6][127:0] [95:88]
  1043/2976: $0\memory[5][127:0] [95:88]
  1044/2976: $0\memory[4][127:0] [95:88]
  1045/2976: $0\memory[3][127:0] [95:88]
  1046/2976: $0\memory[2][127:0] [95:88]
  1047/2976: $0\memory[1][127:0] [95:88]
  1048/2976: $0\memory[0][127:0] [95:88]
  1049/2976: $4$mem2reg_wr$\memory$architecture_simulator/rtl/vertical_slice/gtsu_lbuf_16bank_macro_model.sv:78$4083_DATA[127:0]$6143
  1050/2976: $0\memory[11][127:0] [127:120]
  1051/2976: $0\memory[15][127:0] [87:80]
  1052/2976: $0\memory[14][127:0] [87:80]
  1053/2976: $0\memory[13][127:0] [87:80]
  1054/2976: $0\memory[12][127:0] [87:80]
  1055/2976: $0\memory[11][127:0] [87:80]
  1056/2976: $0\memory[10][127:0] [87:80]
  1057/2976: $0\memory[9][127:0] [87:80]
  1058/2976: $0\memory[8][127:0] [87:80]
  1059/2976: $0\memory[7][127:0] [87:80]
  1060/2976: $0\memory[6][127:0] [87:80]
  1061/2976: $0\memory[5][127:0] [87:80]
  1062/2976: $0\memory[4][127:0] [87:80]
  1063/2976: $0\memory[3][127:0] [87:80]
  1064/2976: $0\memory[2][127:0] [87:80]
  1065/2976: $0\memory[1][127:0] [87:80]
  1066/2976: $0\memory[0][127:0] [87:80]
  1067/2976: $4$mem2reg_wr$\memory$architecture_simulator/rtl/vertical_slice/gtsu_lbuf_16bank_macro_model.sv:78$4082_DATA[127:0]$6140
  1068/2976: $0\memory[10][127:0] [127:120]
  1069/2976: $0\memory[15][127:0] [79:72]
  1070/2976: $0\memory[14][127:0] [79:72]
  1071/2976: $0\memory[13][127:0] [79:72]
  1072/2976: $0\memory[12][127:0] [79:72]
  1073/2976: $0\memory[11][127:0] [79:72]
  1074/2976: $0\memory[10][127:0] [79:72]
  1075/2976: $0\memory[9][127:0] [79:72]
  1076/2976: $0\memory[8][127:0] [79:72]
  1077/2976: $0\memory[7][127:0] [79:72]
  1078/2976: $0\memory[6][127:0] [79:72]
  1079/2976: $0\memory[5][127:0] [79:72]
  1080/2976: $0\memory[4][127:0] [79:72]
  1081/2976: $0\memory[3][127:0] [79:72]
  1082/2976: $0\memory[2][127:0] [79:72]
  1083/2976: $0\memory[1][127:0] [79:72]
  1084/2976: $0\memory[0][127:0] [79:72]
  1085/2976: $4$mem2reg_wr$\memory$architecture_simulator/rtl/vertical_slice/gtsu_lbuf_16bank_macro_model.sv:78$4081_DATA[127:0]$6137
  1086/2976: $0\memory[9][127:0] [127:120]
  1087/2976: $0\memory[15][127:0] [71:64]
  1088/2976: $0\memory[14][127:0] [71:64]
  1089/2976: $0\memory[13][127:0] [71:64]
  1090/2976: $0\memory[12][127:0] [71:64]
  1091/2976: $0\memory[11][127:0] [71:64]
  1092/2976: $0\memory[10][127:0] [71:64]
  1093/2976: $0\memory[9][127:0] [71:64]
  1094/2976: $0\memory[8][127:0] [71:64]
  1095/2976: $0\memory[7][127:0] [71:64]
  1096/2976: $0\memory[6][127:0] [71:64]
  1097/2976: $0\memory[5][127:0] [71:64]
  1098/2976: $0\memory[4][127:0] [71:64]
  1099/2976: $0\memory[3][127:0] [71:64]
  1100/2976: $0\memory[2][127:0] [71:64]
  1101/2976: $0\memory[1][127:0] [71:64]
  1102/2976: $0\memory[0][127:0] [71:64]
  1103/2976: $4$mem2reg_wr$\memory$architecture_simulator/rtl/vertical_slice/gtsu_lbuf_16bank_macro_model.sv:78$4080_DATA[127:0]$6134
  1104/2976: $0\memory[8][127:0] [127:120]
  1105/2976: $0\memory[15][127:0] [63:56]
  1106/2976: $0\memory[14][127:0] [63:56]
  1107/2976: $0\memory[13][127:0] [63:56]
  1108/2976: $0\memory[12][127:0] [63:56]
  1109/2976: $0\memory[11][127:0] [63:56]
  1110/2976: $0\memory[10][127:0] [63:56]
  1111/2976: $0\memory[9][127:0] [63:56]
  1112/2976: $0\memory[8][127:0] [63:56]
  1113/2976: $0\memory[7][127:0] [63:56]
  1114/2976: $0\memory[6][127:0] [63:56]
  1115/2976: $0\memory[5][127:0] [63:56]
  1116/2976: $0\memory[4][127:0] [63:56]
  1117/2976: $0\memory[3][127:0] [63:56]
  1118/2976: $0\memory[2][127:0] [63:56]
  1119/2976: $0\memory[1][127:0] [63:56]
  1120/2976: $0\memory[0][127:0] [63:56]
  1121/2976: $4$mem2reg_wr$\memory$architecture_simulator/rtl/vertical_slice/gtsu_lbuf_16bank_macro_model.sv:78$4079_DATA[127:0]$6131
  1122/2976: $0\memory[7][127:0] [127:120]
  1123/2976: $0\memory[15][127:0] [55:48]
  1124/2976: $0\memory[14][127:0] [55:48]
  1125/2976: $0\memory[13][127:0] [55:48]
  1126/2976: $0\memory[12][127:0] [55:48]
  1127/2976: $0\memory[11][127:0] [55:48]
  1128/2976: $0\memory[10][127:0] [55:48]
  1129/2976: $0\memory[9][127:0] [55:48]
  1130/2976: $0\memory[8][127:0] [55:48]
  1131/2976: $0\memory[7][127:0] [55:48]
  1132/2976: $0\memory[6][127:0] [55:48]
  1133/2976: $0\memory[5][127:0] [55:48]
  1134/2976: $0\memory[4][127:0] [55:48]
  1135/2976: $0\memory[3][127:0] [55:48]
  1136/2976: $0\memory[2][127:0] [55:48]
  1137/2976: $0\memory[1][127:0] [55:48]
  1138/2976: $0\memory[0][127:0] [55:48]
  1139/2976: $4$mem2reg_wr$\memory$architecture_simulator/rtl/vertical_slice/gtsu_lbuf_16bank_macro_model.sv:78$4078_DATA[127:0]$6128
  1140/2976: $0\memory[6][127:0] [127:120]
  1141/2976: $0\memory[15][127:0] [47:40]
  1142/2976: $0\memory[14][127:0] [47:40]
  1143/2976: $0\memory[13][127:0] [47:40]
  1144/2976: $0\memory[12][127:0] [47:40]
  1145/2976: $0\memory[11][127:0] [47:40]
  1146/2976: $0\memory[10][127:0] [47:40]
  1147/2976: $0\memory[9][127:0] [47:40]
  1148/2976: $0\memory[8][127:0] [47:40]
  1149/2976: $0\memory[7][127:0] [47:40]
  1150/2976: $0\memory[6][127:0] [47:40]
  1151/2976: $0\memory[5][127:0] [47:40]
  1152/2976: $0\memory[4][127:0] [47:40]
  1153/2976: $0\memory[3][127:0] [47:40]
  1154/2976: $0\memory[2][127:0] [47:40]
  1155/2976: $0\memory[1][127:0] [47:40]
  1156/2976: $0\memory[0][127:0] [47:40]
  1157/2976: $4$mem2reg_wr$\memory$architecture_simulator/rtl/vertical_slice/gtsu_lbuf_16bank_macro_model.sv:78$4077_DATA[127:0]$6125
  1158/2976: $0\memory[5][127:0] [127:120]
  1159/2976: $0\memory[15][127:0] [39:32]
  1160/2976: $0\memory[14][127:0] [39:32]
  1161/2976: $0\memory[13][127:0] [39:32]
  1162/2976: $0\memory[12][127:0] [39:32]
  1163/2976: $0\memory[11][127:0] [39:32]
  1164/2976: $0\memory[10][127:0] [39:32]
  1165/2976: $0\memory[9][127:0] [39:32]
  1166/2976: $0\memory[8][127:0] [39:32]
  1167/2976: $0\memory[7][127:0] [39:32]
  1168/2976: $0\memory[6][127:0] [39:32]
  1169/2976: $0\memory[5][127:0] [39:32]
  1170/2976: $0\memory[4][127:0] [39:32]
  1171/2976: $0\memory[3][127:0] [39:32]
  1172/2976: $0\memory[2][127:0] [39:32]
  1173/2976: $0\memory[1][127:0] [39:32]
  1174/2976: $0\memory[0][127:0] [39:32]
  1175/2976: $4$mem2reg_wr$\memory$architecture_simulator/rtl/vertical_slice/gtsu_lbuf_16bank_macro_model.sv:78$4076_DATA[127:0]$6122
  1176/2976: $0\memory[4][127:0] [127:120]
  1177/2976: $0\memory[15][127:0] [31:24]
  1178/2976: $0\memory[14][127:0] [31:24]
  1179/2976: $0\memory[13][127:0] [31:24]
  1180/2976: $0\memory[12][127:0] [31:24]
  1181/2976: $0\memory[11][127:0] [31:24]
  1182/2976: $0\memory[10][127:0] [31:24]
  1183/2976: $0\memory[9][127:0] [31:24]
  1184/2976: $0\memory[8][127:0] [31:24]
  1185/2976: $0\memory[7][127:0] [31:24]
  1186/2976: $0\memory[6][127:0] [31:24]
  1187/2976: $0\memory[5][127:0] [31:24]
  1188/2976: $0\memory[4][127:0] [31:24]
  1189/2976: $0\memory[3][127:0] [31:24]
  1190/2976: $0\memory[2][127:0] [31:24]
  1191/2976: $0\memory[1][127:0] [31:24]
  1192/2976: $0\memory[0][127:0] [31:24]
  1193/2976: $4$mem2reg_wr$\memory$architecture_simulator/rtl/vertical_slice/gtsu_lbuf_16bank_macro_model.sv:78$4075_DATA[127:0]$6119
  1194/2976: $0\memory[3][127:0] [127:120]
  1195/2976: $0\memory[15][127:0] [23:16]
  1196/2976: $0\memory[14][127:0] [23:16]
  1197/2976: $0\memory[13][127:0] [23:16]
  1198/2976: $0\memory[12][127:0] [23:16]
  1199/2976: $0\memory[11][127:0] [23:16]
  1200/2976: $0\memory[10][127:0] [23:16]
  1201/2976: $0\memory[9][127:0] [23:16]
  1202/2976: $0\memory[8][127:0] [23:16]
  1203/2976: $0\memory[7][127:0] [23:16]
  1204/2976: $0\memory[6][127:0] [23:16]
  1205/2976: $0\memory[5][127:0] [23:16]
  1206/2976: $0\memory[4][127:0] [23:16]
  1207/2976: $0\memory[3][127:0] [23:16]
  1208/2976: $0\memory[2][127:0] [23:16]
  1209/2976: $0\memory[1][127:0] [23:16]
  1210/2976: $0\memory[0][127:0] [23:16]
  1211/2976: $4$mem2reg_wr$\memory$architecture_simulator/rtl/vertical_slice/gtsu_lbuf_16bank_macro_model.sv:78$4074_DATA[127:0]$6116
  1212/2976: $0\memory[2][127:0] [127:120]
  1213/2976: $0\memory[15][127:0] [15:8]
  1214/2976: $0\memory[14][127:0] [15:8]
  1215/2976: $0\memory[13][127:0] [15:8]
  1216/2976: $0\memory[12][127:0] [15:8]
  1217/2976: $0\memory[11][127:0] [15:8]
  1218/2976: $0\memory[10][127:0] [15:8]
  1219/2976: $0\memory[9][127:0] [15:8]
  1220/2976: $0\memory[8][127:0] [15:8]
  1221/2976: $0\memory[7][127:0] [15:8]
  1222/2976: $0\memory[6][127:0] [15:8]
  1223/2976: $0\memory[5][127:0] [15:8]
  1224/2976: $0\memory[4][127:0] [15:8]
  1225/2976: $0\memory[3][127:0] [15:8]
  1226/2976: $0\memory[2][127:0] [15:8]
  1227/2976: $0\memory[1][127:0] [15:8]
  1228/2976: $0\memory[0][127:0] [15:8]
  1229/2976: $4$mem2reg_wr$\memory$architecture_simulator/rtl/vertical_slice/gtsu_lbuf_16bank_macro_model.sv:78$4073_DATA[127:0]$6113
  1230/2976: $0\memory[1][127:0] [127:120]
  1231/2976: $0\memory[15][127:0] [7:0]
  1232/2976: $0\memory[14][127:0] [7:0]
  1233/2976: $0\memory[13][127:0] [7:0]
  1234/2976: $0\memory[12][127:0] [7:0]
  1235/2976: $0\memory[11][127:0] [7:0]
  1236/2976: $0\memory[10][127:0] [7:0]
  1237/2976: $0\memory[9][127:0] [7:0]
  1238/2976: $0\memory[8][127:0] [7:0]
  1239/2976: $0\memory[7][127:0] [7:0]
  1240/2976: $0\memory[6][127:0] [7:0]
  1241/2976: $0\memory[5][127:0] [7:0]
  1242/2976: $0\memory[4][127:0] [7:0]
  1243/2976: $0\memory[3][127:0] [7:0]
  1244/2976: $0\memory[2][127:0] [7:0]
  1245/2976: $0\memory[1][127:0] [7:0]
  1246/2976: $0\memory[0][127:0] [7:0]
  1247/2976: $4$mem2reg_wr$\memory$architecture_simulator/rtl/vertical_slice/gtsu_lbuf_16bank_macro_model.sv:78$4072_DATA[127:0]$6110
  1248/2976: $3\byte_index[31:0]
  1249/2976: $3$mem2reg_wr$\memory$architecture_simulator/rtl/vertical_slice/gtsu_lbuf_16bank_macro_model.sv:78$4087_ADDR[3:0]$6079
  1250/2976: $3$mem2reg_wr$\memory$architecture_simulator/rtl/vertical_slice/gtsu_lbuf_16bank_macro_model.sv:78$4087_DATA[127:0]$6078
  1251/2976: $3$mem2reg_wr$\memory$architecture_simulator/rtl/vertical_slice/gtsu_lbuf_16bank_macro_model.sv:78$4086_ADDR[3:0]$6081
  1252/2976: $3$mem2reg_wr$\memory$architecture_simulator/rtl/vertical_slice/gtsu_lbuf_16bank_macro_model.sv:78$4086_DATA[127:0]$6080
  1253/2976: $3$mem2reg_wr$\memory$architecture_simulator/rtl/vertical_slice/gtsu_lbuf_16bank_macro_model.sv:78$4085_ADDR[3:0]$6083
  1254/2976: $3$mem2reg_wr$\memory$architecture_simulator/rtl/vertical_slice/gtsu_lbuf_16bank_macro_model.sv:78$4085_DATA[127:0]$6082
  1255/2976: $3$mem2reg_wr$\memory$architecture_simulator/rtl/vertical_slice/gtsu_lbuf_16bank_macro_model.sv:78$4084_ADDR[3:0]$6085
  1256/2976: $3$mem2reg_wr$\memory$architecture_simulator/rtl/vertical_slice/gtsu_lbuf_16bank_macro_model.sv:78$4084_DATA[127:0]$6084
  1257/2976: $3$mem2reg_wr$\memory$architecture_simulator/rtl/vertical_slice/gtsu_lbuf_16bank_macro_model.sv:78$4083_ADDR[3:0]$6088
  1258/2976: $3$mem2reg_wr$\memory$architecture_simulator/rtl/vertical_slice/gtsu_lbuf_16bank_macro_model.sv:78$4083_DATA[127:0]$6086
  1259/2976: $3$mem2reg_wr$\memory$architecture_simulator/rtl/vertical_slice/gtsu_lbuf_16bank_macro_model.sv:78$4082_ADDR[3:0]$6090
  1260/2976: $3$mem2reg_wr$\memory$architecture_simulator/rtl/vertical_slice/gtsu_lbuf_16bank_macro_model.sv:78$4082_DATA[127:0]$6089
  1261/2976: $3$mem2reg_wr$\memory$architecture_simulator/rtl/vertical_slice/gtsu_lbuf_16bank_macro_model.sv:78$4081_ADDR[3:0]$6092
  1262/2976: $3$mem2reg_wr$\memory$architecture_simulator/rtl/vertical_slice/gtsu_lbuf_16bank_macro_model.sv:78$4081_DATA[127:0]$6091
  1263/2976: $3$mem2reg_wr$\memory$architecture_simulator/rtl/vertical_slice/gtsu_lbuf_16bank_macro_model.sv:78$4080_ADDR[3:0]$6094
  1264/2976: $3$mem2reg_wr$\memory$architecture_simulator/rtl/vertical_slice/gtsu_lbuf_16bank_macro_model.sv:78$4080_DATA[127:0]$6093
  1265/2976: $3$mem2reg_wr$\memory$architecture_simulator/rtl/vertical_slice/gtsu_lbuf_16bank_macro_model.sv:78$4079_ADDR[3:0]$6095
  1266/2976: $3$mem2reg_wr$\memory$architecture_simulator/rtl/vertical_slice/gtsu_lbuf_16bank_macro_model.sv:78$4079_DATA[127:0]$6087
  1267/2976: $3$mem2reg_wr$\memory$architecture_simulator/rtl/vertical_slice/gtsu_lbuf_16bank_macro_model.sv:78$4078_ADDR[3:0]$6097
  1268/2976: $3$mem2reg_wr$\memory$architecture_simulator/rtl/vertical_slice/gtsu_lbuf_16bank_macro_model.sv:78$4078_DATA[127:0]$6096
  1269/2976: $3$mem2reg_wr$\memory$architecture_simulator/rtl/vertical_slice/gtsu_lbuf_16bank_macro_model.sv:78$4077_ADDR[3:0]$6099
  1270/2976: $3$mem2reg_wr$\memory$architecture_simulator/rtl/vertical_slice/gtsu_lbuf_16bank_macro_model.sv:78$4077_DATA[127:0]$6098
  1271/2976: $3$mem2reg_wr$\memory$architecture_simulator/rtl/vertical_slice/gtsu_lbuf_16bank_macro_model.sv:78$4076_ADDR[3:0]$6101
  1272/2976: $3$mem2reg_wr$\memory$architecture_simulator/rtl/vertical_slice/gtsu_lbuf_16bank_macro_model.sv:78$4076_DATA[127:0]$6100
  1273/2976: $3$mem2reg_wr$\memory$architecture_simulator/rtl/vertical_slice/gtsu_lbuf_16bank_macro_model.sv:78$4075_ADDR[3:0]$6103
  1274/2976: $3$mem2reg_wr$\memory$architecture_simulator/rtl/vertical_slice/gtsu_lbuf_16bank_macro_model.sv:78$4075_DATA[127:0]$6102
  1275/2976: $3$mem2reg_wr$\memory$architecture_simulator/rtl/vertical_slice/gtsu_lbuf_16bank_macro_model.sv:78$4074_ADDR[3:0]$6105
  1276/2976: $3$mem2reg_wr$\memory$architecture_simulator/rtl/vertical_slice/gtsu_lbuf_16bank_macro_model.sv:78$4074_DATA[127:0]$6104
  1277/2976: $3$mem2reg_wr$\memory$architecture_simulator/rtl/vertical_slice/gtsu_lbuf_16bank_macro_model.sv:78$4073_ADDR[3:0]$6107
  1278/2976: $3$mem2reg_wr$\memory$architecture_simulator/rtl/vertical_slice/gtsu_lbuf_16bank_macro_model.sv:78$4073_DATA[127:0]$6106
  1279/2976: $3$mem2reg_wr$\memory$architecture_simulator/rtl/vertical_slice/gtsu_lbuf_16bank_macro_model.sv:78$4072_ADDR[3:0]$6109
  1280/2976: $3$mem2reg_wr$\memory$architecture_simulator/rtl/vertical_slice/gtsu_lbuf_16bank_macro_model.sv:78$4072_DATA[127:0]$6108
  1281/2976: $4\bank[31:0]
  1282/2976: $2$mem2reg_wr$\memory$architecture_simulator/rtl/vertical_slice/gtsu_lbuf_16bank_macro_model.sv:78$4327_DATA[127:0]$6077
  1283/2976: $2$mem2reg_wr$\memory$architecture_simulator/rtl/vertical_slice/gtsu_lbuf_16bank_macro_model.sv:78$4327_ADDR[3:0]$6076
  1284/2976: $2$mem2reg_wr$\memory$architecture_simulator/rtl/vertical_slice/gtsu_lbuf_16bank_macro_model.sv:78$4326_DATA[127:0]$6075
  1285/2976: $2$mem2reg_wr$\memory$architecture_simulator/rtl/vertical_slice/gtsu_lbuf_16bank_macro_model.sv:78$4326_ADDR[3:0]$6074
  1286/2976: $2$mem2reg_wr$\memory$architecture_simulator/rtl/vertical_slice/gtsu_lbuf_16bank_macro_model.sv:78$4325_DATA[127:0]$6073
  1287/2976: $2$mem2reg_wr$\memory$architecture_simulator/rtl/vertical_slice/gtsu_lbuf_16bank_macro_model.sv:78$4325_ADDR[3:0]$6072
  1288/2976: $2$mem2reg_wr$\memory$architecture_simulator/rtl/vertical_slice/gtsu_lbuf_16bank_macro_model.sv:78$4324_DATA[127:0]$6071
  1289/2976: $2$mem2reg_wr$\memory$architecture_simulator/rtl/vertical_slice/gtsu_lbuf_16bank_macro_model.sv:78$4324_ADDR[3:0]$6070
  1290/2976: $2$mem2reg_wr$\memory$architecture_simulator/rtl/vertical_slice/gtsu_lbuf_16bank_macro_model.sv:78$4323_DATA[127:0]$6069
  1291/2976: $2$mem2reg_wr$\memory$architecture_simulator/rtl/vertical_slice/gtsu_lbuf_16bank_macro_model.sv:78$4323_ADDR[3:0]$6068
  1292/2976: $2$mem2reg_wr$\memory$architecture_simulator/rtl/vertical_slice/gtsu_lbuf_16bank_macro_model.sv:78$4322_DATA[127:0]$6067
  1293/2976: $2$mem2reg_wr$\memory$architecture_simulator/rtl/vertical_slice/gtsu_lbuf_16bank_macro_model.sv:78$4322_ADDR[3:0]$6066
  1294/2976: $2$mem2reg_wr$\memory$architecture_simulator/rtl/vertical_slice/gtsu_lbuf_16bank_macro_model.sv:78$4321_DATA[127:0]$6065
  1295/2976: $2$mem2reg_wr$\memory$architecture_simulator/rtl/vertical_slice/gtsu_lbuf_16bank_macro_model.sv:78$4321_ADDR[3:0]$6064
  1296/2976: $2$mem2reg_wr$\memory$architecture_simulator/rtl/vertical_slice/gtsu_lbuf_16bank_macro_model.sv:78$4320_DATA[127:0]$6063
  1297/2976: $2$mem2reg_wr$\memory$architecture_simulator/rtl/vertical_slice/gtsu_lbuf_16bank_macro_model.sv:78$4320_ADDR[3:0]$6062
  1298/2976: $2$mem2reg_wr$\memory$architecture_simulator/rtl/vertical_slice/gtsu_lbuf_16bank_macro_model.sv:78$4319_DATA[127:0]$6061
  1299/2976: $2$mem2reg_wr$\memory$architecture_simulator/rtl/vertical_slice/gtsu_lbuf_16bank_macro_model.sv:78$4319_ADDR[3:0]$6060
  1300/2976: $2$mem2reg_wr$\memory$architecture_simulator/rtl/vertical_slice/gtsu_lbuf_16bank_macro_model.sv:78$4318_DATA[127:0]$6059
  1301/2976: $2$mem2reg_wr$\memory$architecture_simulator/rtl/vertical_slice/gtsu_lbuf_16bank_macro_model.sv:78$4318_ADDR[3:0]$6058
  1302/2976: $2$mem2reg_wr$\memory$architecture_simulator/rtl/vertical_slice/gtsu_lbuf_16bank_macro_model.sv:78$4317_DATA[127:0]$6057
  1303/2976: $2$mem2reg_wr$\memory$architecture_simulator/rtl/vertical_slice/gtsu_lbuf_16bank_macro_model.sv:78$4317_ADDR[3:0]$6056
  1304/2976: $2$mem2reg_wr$\memory$architecture_simulator/rtl/vertical_slice/gtsu_lbuf_16bank_macro_model.sv:78$4316_DATA[127:0]$6055
  1305/2976: $2$mem2reg_wr$\memory$architecture_simulator/rtl/vertical_slice/gtsu_lbuf_16bank_macro_model.sv:78$4316_ADDR[3:0]$6054
  1306/2976: $2$mem2reg_wr$\memory$architecture_simulator/rtl/vertical_slice/gtsu_lbuf_16bank_macro_model.sv:78$4315_DATA[127:0]$6053
  1307/2976: $2$mem2reg_wr$\memory$architecture_simulator/rtl/vertical_slice/gtsu_lbuf_16bank_macro_model.sv:78$4315_ADDR[3:0]$6052
  1308/2976: $2$mem2reg_wr$\memory$architecture_simulator/rtl/vertical_slice/gtsu_lbuf_16bank_macro_model.sv:78$4314_DATA[127:0]$6051
  1309/2976: $2$mem2reg_wr$\memory$architecture_simulator/rtl/vertical_slice/gtsu_lbuf_16bank_macro_model.sv:78$4314_ADDR[3:0]$6050
  1310/2976: $2$mem2reg_wr$\memory$architecture_simulator/rtl/vertical_slice/gtsu_lbuf_16bank_macro_model.sv:78$4313_DATA[127:0]$6049
  1311/2976: $2$mem2reg_wr$\memory$architecture_simulator/rtl/vertical_slice/gtsu_lbuf_16bank_macro_model.sv:78$4313_ADDR[3:0]$6048
  1312/2976: $2$mem2reg_wr$\memory$architecture_simulator/rtl/vertical_slice/gtsu_lbuf_16bank_macro_model.sv:78$4312_DATA[127:0]$6047
  1313/2976: $2$mem2reg_wr$\memory$architecture_simulator/rtl/vertical_slice/gtsu_lbuf_16bank_macro_model.sv:78$4312_ADDR[3:0]$6046
  1314/2976: $2\byte_index[31:0]
  1315/2976: $2$mem2reg_wr$\memory$architecture_simulator/rtl/vertical_slice/gtsu_lbuf_16bank_macro_model.sv:78$4311_DATA[127:0]$6045
  1316/2976: $2$mem2reg_wr$\memory$architecture_simulator/rtl/vertical_slice/gtsu_lbuf_16bank_macro_model.sv:78$4311_ADDR[3:0]$6044
  1317/2976: $2$mem2reg_wr$\memory$architecture_simulator/rtl/vertical_slice/gtsu_lbuf_16bank_macro_model.sv:78$4310_DATA[127:0]$6043
  1318/2976: $2$mem2reg_wr$\memory$architecture_simulator/rtl/vertical_slice/gtsu_lbuf_16bank_macro_model.sv:78$4310_ADDR[3:0]$6042
  1319/2976: $2$mem2reg_wr$\memory$architecture_simulator/rtl/vertical_slice/gtsu_lbuf_16bank_macro_model.sv:78$4309_DATA[127:0]$6041
  1320/2976: $2$mem2reg_wr$\memory$architecture_simulator/rtl/vertical_slice/gtsu_lbuf_16bank_macro_model.sv:78$4309_ADDR[3:0]$6040
  1321/2976: $2$mem2reg_wr$\memory$architecture_simulator/rtl/vertical_slice/gtsu_lbuf_16bank_macro_model.sv:78$4308_DATA[127:0]$6039
  1322/2976: $2$mem2reg_wr$\memory$architecture_simulator/rtl/vertical_slice/gtsu_lbuf_16bank_macro_model.sv:78$4308_ADDR[3:0]$6038
  1323/2976: $2$mem2reg_wr$\memory$architecture_simulator/rtl/vertical_slice/gtsu_lbuf_16bank_macro_model.sv:78$4307_DATA[127:0]$6037
  1324/2976: $2$mem2reg_wr$\memory$architecture_simulator/rtl/vertical_slice/gtsu_lbuf_16bank_macro_model.sv:78$4307_ADDR[3:0]$6036
  1325/2976: $2$mem2reg_wr$\memory$architecture_simulator/rtl/vertical_slice/gtsu_lbuf_16bank_macro_model.sv:78$4306_DATA[127:0]$6035
  1326/2976: $2$mem2reg_wr$\memory$architecture_simulator/rtl/vertical_slice/gtsu_lbuf_16bank_macro_model.sv:78$4306_ADDR[3:0]$6034
  1327/2976: $2$mem2reg_wr$\memory$architecture_simulator/rtl/vertical_slice/gtsu_lbuf_16bank_macro_model.sv:78$4305_DATA[127:0]$6033
  1328/2976: $2$mem2reg_wr$\memory$architecture_simulator/rtl/vertical_slice/gtsu_lbuf_16bank_macro_model.sv:78$4305_ADDR[3:0]$6032
  1329/2976: $2$mem2reg_wr$\memory$architecture_simulator/rtl/vertical_slice/gtsu_lbuf_16bank_macro_model.sv:78$4304_DATA[127:0]$6031
  1330/2976: $2$mem2reg_wr$\memory$architecture_simulator/rtl/vertical_slice/gtsu_lbuf_16bank_macro_model.sv:78$4304_ADDR[3:0]$6030
  1331/2976: $2$mem2reg_wr$\memory$architecture_simulator/rtl/vertical_slice/gtsu_lbuf_16bank_macro_model.sv:78$4303_DATA[127:0]$6029
  1332/2976: $2$mem2reg_wr$\memory$architecture_simulator/rtl/vertical_slice/gtsu_lbuf_16bank_macro_model.sv:78$4303_ADDR[3:0]$6028
  1333/2976: $2$mem2reg_wr$\memory$architecture_simulator/rtl/vertical_slice/gtsu_lbuf_16bank_macro_model.sv:78$4302_DATA[127:0]$6027
  1334/2976: $2$mem2reg_wr$\memory$architecture_simulator/rtl/vertical_slice/gtsu_lbuf_16bank_macro_model.sv:78$4302_ADDR[3:0]$6026
  1335/2976: $2$mem2reg_wr$\memory$architecture_simulator/rtl/vertical_slice/gtsu_lbuf_16bank_macro_model.sv:78$4301_DATA[127:0]$6025
  1336/2976: $2$mem2reg_wr$\memory$architecture_simulator/rtl/vertical_slice/gtsu_lbuf_16bank_macro_model.sv:78$4301_ADDR[3:0]$6024
  1337/2976: $2$mem2reg_wr$\memory$architecture_simulator/rtl/vertical_slice/gtsu_lbuf_16bank_macro_model.sv:78$4300_DATA[127:0]$6023
  1338/2976: $2$mem2reg_wr$\memory$architecture_simulator/rtl/vertical_slice/gtsu_lbuf_16bank_macro_model.sv:78$4300_ADDR[3:0]$6022
  1339/2976: $2$mem2reg_wr$\memory$architecture_simulator/rtl/vertical_slice/gtsu_lbuf_16bank_macro_model.sv:78$4299_DATA[127:0]$6021
  1340/2976: $2$mem2reg_wr$\memory$architecture_simulator/rtl/vertical_slice/gtsu_lbuf_16bank_macro_model.sv:78$4299_ADDR[3:0]$6020
  1341/2976: $2$mem2reg_wr$\memory$architecture_simulator/rtl/vertical_slice/gtsu_lbuf_16bank_macro_model.sv:78$4298_DATA[127:0]$6019
  1342/2976: $2$mem2reg_wr$\memory$architecture_simulator/rtl/vertical_slice/gtsu_lbuf_16bank_macro_model.sv:78$4298_ADDR[3:0]$6018
  1343/2976: $2$mem2reg_wr$\memory$architecture_simulator/rtl/vertical_slice/gtsu_lbuf_16bank_macro_model.sv:78$4297_DATA[127:0]$6017
  1344/2976: $2$mem2reg_wr$\memory$architecture_simulator/rtl/vertical_slice/gtsu_lbuf_16bank_macro_model.sv:78$4297_ADDR[3:0]$6016
  1345/2976: $2$mem2reg_wr$\memory$architecture_simulator/rtl/vertical_slice/gtsu_lbuf_16bank_macro_model.sv:78$4296_DATA[127:0]$6015
  1346/2976: $2$mem2reg_wr$\memory$architecture_simulator/rtl/vertical_slice/gtsu_lbuf_16bank_macro_model.sv:78$4296_ADDR[3:0]$6014
  1347/2976: $2$mem2reg_wr$\memory$architecture_simulator/rtl/vertical_slice/gtsu_lbuf_16bank_macro_model.sv:78$4295_DATA[127:0]$6013
  1348/2976: $2$mem2reg_wr$\memory$architecture_simulator/rtl/vertical_slice/gtsu_lbuf_16bank_macro_model.sv:78$4295_ADDR[3:0]$6012
  1349/2976: $2$mem2reg_wr$\memory$architecture_simulator/rtl/vertical_slice/gtsu_lbuf_16bank_macro_model.sv:78$4294_DATA[127:0]$6011
  1350/2976: $2$mem2reg_wr$\memory$architecture_simulator/rtl/vertical_slice/gtsu_lbuf_16bank_macro_model.sv:78$4294_ADDR[3:0]$6010
  1351/2976: $2$mem2reg_wr$\memory$architecture_simulator/rtl/vertical_slice/gtsu_lbuf_16bank_macro_model.sv:78$4293_DATA[127:0]$6009
  1352/2976: $2$mem2reg_wr$\memory$architecture_simulator/rtl/vertical_slice/gtsu_lbuf_16bank_macro_model.sv:78$4293_ADDR[3:0]$6008
  1353/2976: $2$mem2reg_wr$\memory$architecture_simulator/rtl/vertical_slice/gtsu_lbuf_16bank_macro_model.sv:78$4292_DATA[127:0]$6007
  1354/2976: $2$mem2reg_wr$\memory$architecture_simulator/rtl/vertical_slice/gtsu_lbuf_16bank_macro_model.sv:78$4292_ADDR[3:0]$6006
  1355/2976: $2$mem2reg_wr$\memory$architecture_simulator/rtl/vertical_slice/gtsu_lbuf_16bank_macro_model.sv:78$4291_DATA[127:0]$6005
  1356/2976: $2$mem2reg_wr$\memory$architecture_simulator/rtl/vertical_slice/gtsu_lbuf_16bank_macro_model.sv:78$4291_ADDR[3:0]$6004
  1357/2976: $2$mem2reg_wr$\memory$architecture_simulator/rtl/vertical_slice/gtsu_lbuf_16bank_macro_model.sv:78$4290_DATA[127:0]$6003
  1358/2976: $2$mem2reg_wr$\memory$architecture_simulator/rtl/vertical_slice/gtsu_lbuf_16bank_macro_model.sv:78$4290_ADDR[3:0]$6002
  1359/2976: $2$mem2reg_wr$\memory$architecture_simulator/rtl/vertical_slice/gtsu_lbuf_16bank_macro_model.sv:78$4289_DATA[127:0]$6001
  1360/2976: $2$mem2reg_wr$\memory$architecture_simulator/rtl/vertical_slice/gtsu_lbuf_16bank_macro_model.sv:78$4289_ADDR[3:0]$6000
  1361/2976: $2$mem2reg_wr$\memory$architecture_simulator/rtl/vertical_slice/gtsu_lbuf_16bank_macro_model.sv:78$4288_DATA[127:0]$5999
  1362/2976: $2$mem2reg_wr$\memory$architecture_simulator/rtl/vertical_slice/gtsu_lbuf_16bank_macro_model.sv:78$4288_ADDR[3:0]$5998
  1363/2976: $2$mem2reg_wr$\memory$architecture_simulator/rtl/vertical_slice/gtsu_lbuf_16bank_macro_model.sv:78$4287_DATA[127:0]$5997
  1364/2976: $2$mem2reg_wr$\memory$architecture_simulator/rtl/vertical_slice/gtsu_lbuf_16bank_macro_model.sv:78$4287_ADDR[3:0]$5996
  1365/2976: $2$mem2reg_wr$\memory$architecture_simulator/rtl/vertical_slice/gtsu_lbuf_16bank_macro_model.sv:78$4286_DATA[127:0]$5995
  1366/2976: $2$mem2reg_wr$\memory$architecture_simulator/rtl/vertical_slice/gtsu_lbuf_16bank_macro_model.sv:78$4286_ADDR[3:0]$5994
  1367/2976: $2$mem2reg_wr$\memory$architecture_simulator/rtl/vertical_slice/gtsu_lbuf_16bank_macro_model.sv:78$4285_DATA[127:0]$5993
  1368/2976: $2$mem2reg_wr$\memory$architecture_simulator/rtl/vertical_slice/gtsu_lbuf_16bank_macro_model.sv:78$4285_ADDR[3:0]$5992
  1369/2976: $2$mem2reg_wr$\memory$architecture_simulator/rtl/vertical_slice/gtsu_lbuf_16bank_macro_model.sv:78$4284_DATA[127:0]$5991
  1370/2976: $2$mem2reg_wr$\memory$architecture_simulator/rtl/vertical_slice/gtsu_lbuf_16bank_macro_model.sv:78$4284_ADDR[3:0]$5990
  1371/2976: $2$mem2reg_wr$\memory$architecture_simulator/rtl/vertical_slice/gtsu_lbuf_16bank_macro_model.sv:78$4283_DATA[127:0]$5989
  1372/2976: $2$mem2reg_wr$\memory$architecture_simulator/rtl/vertical_slice/gtsu_lbuf_16bank_macro_model.sv:78$4283_ADDR[3:0]$5988
  1373/2976: $2$mem2reg_wr$\memory$architecture_simulator/rtl/vertical_slice/gtsu_lbuf_16bank_macro_model.sv:78$4282_DATA[127:0]$5987
  1374/2976: $2$mem2reg_wr$\memory$architecture_simulator/rtl/vertical_slice/gtsu_lbuf_16bank_macro_model.sv:78$4282_ADDR[3:0]$5986
  1375/2976: $2$mem2reg_wr$\memory$architecture_simulator/rtl/vertical_slice/gtsu_lbuf_16bank_macro_model.sv:78$4281_DATA[127:0]$5985
  1376/2976: $2$mem2reg_wr$\memory$architecture_simulator/rtl/vertical_slice/gtsu_lbuf_16bank_macro_model.sv:78$4281_ADDR[3:0]$5984
  1377/2976: $2$mem2reg_wr$\memory$architecture_simulator/rtl/vertical_slice/gtsu_lbuf_16bank_macro_model.sv:78$4280_DATA[127:0]$5983
  1378/2976: $2$mem2reg_wr$\memory$architecture_simulator/rtl/vertical_slice/gtsu_lbuf_16bank_macro_model.sv:78$4280_ADDR[3:0]$5982
  1379/2976: $2$mem2reg_wr$\memory$architecture_simulator/rtl/vertical_slice/gtsu_lbuf_16bank_macro_model.sv:78$4279_DATA[127:0]$5981
  1380/2976: $2$mem2reg_wr$\memory$architecture_simulator/rtl/vertical_slice/gtsu_lbuf_16bank_macro_model.sv:78$4279_ADDR[3:0]$5980
  1381/2976: $2$mem2reg_wr$\memory$architecture_simulator/rtl/vertical_slice/gtsu_lbuf_16bank_macro_model.sv:78$4278_DATA[127:0]$5979
  1382/2976: $2$mem2reg_wr$\memory$architecture_simulator/rtl/vertical_slice/gtsu_lbuf_16bank_macro_model.sv:78$4278_ADDR[3:0]$5978
  1383/2976: $2$mem2reg_wr$\memory$architecture_simulator/rtl/vertical_slice/gtsu_lbuf_16bank_macro_model.sv:78$4277_DATA[127:0]$5977
  1384/2976: $2$mem2reg_wr$\memory$architecture_simulator/rtl/vertical_slice/gtsu_lbuf_16bank_macro_model.sv:78$4277_ADDR[3:0]$5976
  1385/2976: $2$mem2reg_wr$\memory$architecture_simulator/rtl/vertical_slice/gtsu_lbuf_16bank_macro_model.sv:78$4276_DATA[127:0]$5975
  1386/2976: $2$mem2reg_wr$\memory$architecture_simulator/rtl/vertical_slice/gtsu_lbuf_16bank_macro_model.sv:78$4276_ADDR[3:0]$5974
  1387/2976: $2$mem2reg_wr$\memory$architecture_simulator/rtl/vertical_slice/gtsu_lbuf_16bank_macro_model.sv:78$4275_DATA[127:0]$5973
  1388/2976: $2$mem2reg_wr$\memory$architecture_simulator/rtl/vertical_slice/gtsu_lbuf_16bank_macro_model.sv:78$4275_ADDR[3:0]$5972
  1389/2976: $2$mem2reg_wr$\memory$architecture_simulator/rtl/vertical_slice/gtsu_lbuf_16bank_macro_model.sv:78$4274_DATA[127:0]$5971
  1390/2976: $2$mem2reg_wr$\memory$architecture_simulator/rtl/vertical_slice/gtsu_lbuf_16bank_macro_model.sv:78$4274_ADDR[3:0]$5970
  1391/2976: $2$mem2reg_wr$\memory$architecture_simulator/rtl/vertical_slice/gtsu_lbuf_16bank_macro_model.sv:78$4273_DATA[127:0]$5969
  1392/2976: $2$mem2reg_wr$\memory$architecture_simulator/rtl/vertical_slice/gtsu_lbuf_16bank_macro_model.sv:78$4273_ADDR[3:0]$5968
  1393/2976: $2$mem2reg_wr$\memory$architecture_simulator/rtl/vertical_slice/gtsu_lbuf_16bank_macro_model.sv:78$4272_DATA[127:0]$5967
  1394/2976: $2$mem2reg_wr$\memory$architecture_simulator/rtl/vertical_slice/gtsu_lbuf_16bank_macro_model.sv:78$4272_ADDR[3:0]$5966
  1395/2976: $2$mem2reg_wr$\memory$architecture_simulator/rtl/vertical_slice/gtsu_lbuf_16bank_macro_model.sv:78$4271_DATA[127:0]$5965
  1396/2976: $2$mem2reg_wr$\memory$architecture_simulator/rtl/vertical_slice/gtsu_lbuf_16bank_macro_model.sv:78$4271_ADDR[3:0]$5964
  1397/2976: $2$mem2reg_wr$\memory$architecture_simulator/rtl/vertical_slice/gtsu_lbuf_16bank_macro_model.sv:78$4270_DATA[127:0]$5963
  1398/2976: $2$mem2reg_wr$\memory$architecture_simulator/rtl/vertical_slice/gtsu_lbuf_16bank_macro_model.sv:78$4270_ADDR[3:0]$5962
  1399/2976: $2$mem2reg_wr$\memory$architecture_simulator/rtl/vertical_slice/gtsu_lbuf_16bank_macro_model.sv:78$4269_DATA[127:0]$5961
  1400/2976: $2$mem2reg_wr$\memory$architecture_simulator/rtl/vertical_slice/gtsu_lbuf_16bank_macro_model.sv:78$4269_ADDR[3:0]$5960
  1401/2976: $2$mem2reg_wr$\memory$architecture_simulator/rtl/vertical_slice/gtsu_lbuf_16bank_macro_model.sv:78$4268_DATA[127:0]$5959
  1402/2976: $2$mem2reg_wr$\memory$architecture_simulator/rtl/vertical_slice/gtsu_lbuf_16bank_macro_model.sv:78$4268_ADDR[3:0]$5958
  1403/2976: $2$mem2reg_wr$\memory$architecture_simulator/rtl/vertical_slice/gtsu_lbuf_16bank_macro_model.sv:78$4267_DATA[127:0]$5957
  1404/2976: $2$mem2reg_wr$\memory$architecture_simulator/rtl/vertical_slice/gtsu_lbuf_16bank_macro_model.sv:78$4267_ADDR[3:0]$5956
  1405/2976: $2$mem2reg_wr$\memory$architecture_simulator/rtl/vertical_slice/gtsu_lbuf_16bank_macro_model.sv:78$4266_DATA[127:0]$5955
  1406/2976: $2$mem2reg_wr$\memory$architecture_simulator/rtl/vertical_slice/gtsu_lbuf_16bank_macro_model.sv:78$4266_ADDR[3:0]$5954
  1407/2976: $2$mem2reg_wr$\memory$architecture_simulator/rtl/vertical_slice/gtsu_lbuf_16bank_macro_model.sv:78$4265_DATA[127:0]$5953
  1408/2976: $2$mem2reg_wr$\memory$architecture_simulator/rtl/vertical_slice/gtsu_lbuf_16bank_macro_model.sv:78$4265_ADDR[3:0]$5952
  1409/2976: $2$mem2reg_wr$\memory$architecture_simulator/rtl/vertical_slice/gtsu_lbuf_16bank_macro_model.sv:78$4264_DATA[127:0]$5951
  1410/2976: $2$mem2reg_wr$\memory$architecture_simulator/rtl/vertical_slice/gtsu_lbuf_16bank_macro_model.sv:78$4264_ADDR[3:0]$5950
  1411/2976: $2$mem2reg_wr$\memory$architecture_simulator/rtl/vertical_slice/gtsu_lbuf_16bank_macro_model.sv:78$4263_DATA[127:0]$5949
  1412/2976: $2$mem2reg_wr$\memory$architecture_simulator/rtl/vertical_slice/gtsu_lbuf_16bank_macro_model.sv:78$4263_ADDR[3:0]$5948
  1413/2976: $2$mem2reg_wr$\memory$architecture_simulator/rtl/vertical_slice/gtsu_lbuf_16bank_macro_model.sv:78$4262_DATA[127:0]$5947
  1414/2976: $2$mem2reg_wr$\memory$architecture_simulator/rtl/vertical_slice/gtsu_lbuf_16bank_macro_model.sv:78$4262_ADDR[3:0]$5946
  1415/2976: $2$mem2reg_wr$\memory$architecture_simulator/rtl/vertical_slice/gtsu_lbuf_16bank_macro_model.sv:78$4261_DATA[127:0]$5945
  1416/2976: $2$mem2reg_wr$\memory$architecture_simulator/rtl/vertical_slice/gtsu_lbuf_16bank_macro_model.sv:78$4261_ADDR[3:0]$5944
  1417/2976: $2$mem2reg_wr$\memory$architecture_simulator/rtl/vertical_slice/gtsu_lbuf_16bank_macro_model.sv:78$4260_DATA[127:0]$5943
  1418/2976: $2$mem2reg_wr$\memory$architecture_simulator/rtl/vertical_slice/gtsu_lbuf_16bank_macro_model.sv:78$4260_ADDR[3:0]$5942
  1419/2976: $2$mem2reg_wr$\memory$architecture_simulator/rtl/vertical_slice/gtsu_lbuf_16bank_macro_model.sv:78$4259_DATA[127:0]$5941
  1420/2976: $2$mem2reg_wr$\memory$architecture_simulator/rtl/vertical_slice/gtsu_lbuf_16bank_macro_model.sv:78$4259_ADDR[3:0]$5940
  1421/2976: $2$mem2reg_wr$\memory$architecture_simulator/rtl/vertical_slice/gtsu_lbuf_16bank_macro_model.sv:78$4258_DATA[127:0]$5939
  1422/2976: $2$mem2reg_wr$\memory$architecture_simulator/rtl/vertical_slice/gtsu_lbuf_16bank_macro_model.sv:78$4258_ADDR[3:0]$5938
  1423/2976: $2$mem2reg_wr$\memory$architecture_simulator/rtl/vertical_slice/gtsu_lbuf_16bank_macro_model.sv:78$4257_DATA[127:0]$5937
  1424/2976: $2$mem2reg_wr$\memory$architecture_simulator/rtl/vertical_slice/gtsu_lbuf_16bank_macro_model.sv:78$4257_ADDR[3:0]$5936
  1425/2976: $2$mem2reg_wr$\memory$architecture_simulator/rtl/vertical_slice/gtsu_lbuf_16bank_macro_model.sv:78$4256_DATA[127:0]$5935
  1426/2976: $2$mem2reg_wr$\memory$architecture_simulator/rtl/vertical_slice/gtsu_lbuf_16bank_macro_model.sv:78$4256_ADDR[3:0]$5934
  1427/2976: $2$mem2reg_wr$\memory$architecture_simulator/rtl/vertical_slice/gtsu_lbuf_16bank_macro_model.sv:78$4255_DATA[127:0]$5933
  1428/2976: $2$mem2reg_wr$\memory$architecture_simulator/rtl/vertical_slice/gtsu_lbuf_16bank_macro_model.sv:78$4255_ADDR[3:0]$5932
  1429/2976: $2$mem2reg_wr$\memory$architecture_simulator/rtl/vertical_slice/gtsu_lbuf_16bank_macro_model.sv:78$4254_DATA[127:0]$5931
  1430/2976: $2$mem2reg_wr$\memory$architecture_simulator/rtl/vertical_slice/gtsu_lbuf_16bank_macro_model.sv:78$4254_ADDR[3:0]$5930
  1431/2976: $2$mem2reg_wr$\memory$architecture_simulator/rtl/vertical_slice/gtsu_lbuf_16bank_macro_model.sv:78$4253_DATA[127:0]$5929
  1432/2976: $2$mem2reg_wr$\memory$architecture_simulator/rtl/vertical_slice/gtsu_lbuf_16bank_macro_model.sv:78$4253_ADDR[3:0]$5928
  1433/2976: $2$mem2reg_wr$\memory$architecture_simulator/rtl/vertical_slice/gtsu_lbuf_16bank_macro_model.sv:78$4252_DATA[127:0]$5927
  1434/2976: $2$mem2reg_wr$\memory$architecture_simulator/rtl/vertical_slice/gtsu_lbuf_16bank_macro_model.sv:78$4252_ADDR[3:0]$5926
  1435/2976: $2$mem2reg_wr$\memory$architecture_simulator/rtl/vertical_slice/gtsu_lbuf_16bank_macro_model.sv:78$4251_DATA[127:0]$5925
  1436/2976: $2$mem2reg_wr$\memory$architecture_simulator/rtl/vertical_slice/gtsu_lbuf_16bank_macro_model.sv:78$4251_ADDR[3:0]$5924
  1437/2976: $2$mem2reg_wr$\memory$architecture_simulator/rtl/vertical_slice/gtsu_lbuf_16bank_macro_model.sv:78$4250_DATA[127:0]$5923
  1438/2976: $2$mem2reg_wr$\memory$architecture_simulator/rtl/vertical_slice/gtsu_lbuf_16bank_macro_model.sv:78$4250_ADDR[3:0]$5922
  1439/2976: $2$mem2reg_wr$\memory$architecture_simulator/rtl/vertical_slice/gtsu_lbuf_16bank_macro_model.sv:78$4249_DATA[127:0]$5921
  1440/2976: $2$mem2reg_wr$\memory$architecture_simulator/rtl/vertical_slice/gtsu_lbuf_16bank_macro_model.sv:78$4249_ADDR[3:0]$5920
  1441/2976: $2$mem2reg_wr$\memory$architecture_simulator/rtl/vertical_slice/gtsu_lbuf_16bank_macro_model.sv:78$4248_DATA[127:0]$5919
  1442/2976: $2$mem2reg_wr$\memory$architecture_simulator/rtl/vertical_slice/gtsu_lbuf_16bank_macro_model.sv:78$4248_ADDR[3:0]$5918
  1443/2976: $2$mem2reg_wr$\memory$architecture_simulator/rtl/vertical_slice/gtsu_lbuf_16bank_macro_model.sv:78$4247_DATA[127:0]$5917
  1444/2976: $2$mem2reg_wr$\memory$architecture_simulator/rtl/vertical_slice/gtsu_lbuf_16bank_macro_model.sv:78$4247_ADDR[3:0]$5916
  1445/2976: $2$mem2reg_wr$\memory$architecture_simulator/rtl/vertical_slice/gtsu_lbuf_16bank_macro_model.sv:78$4246_DATA[127:0]$5915
  1446/2976: $2$mem2reg_wr$\memory$architecture_simulator/rtl/vertical_slice/gtsu_lbuf_16bank_macro_model.sv:78$4246_ADDR[3:0]$5914
  1447/2976: $2$mem2reg_wr$\memory$architecture_simulator/rtl/vertical_slice/gtsu_lbuf_16bank_macro_model.sv:78$4245_DATA[127:0]$5913
  1448/2976: $2$mem2reg_wr$\memory$architecture_simulator/rtl/vertical_slice/gtsu_lbuf_16bank_macro_model.sv:78$4245_ADDR[3:0]$5912
  1449/2976: $2$mem2reg_wr$\memory$architecture_simulator/rtl/vertical_slice/gtsu_lbuf_16bank_macro_model.sv:78$4244_DATA[127:0]$5911
  1450/2976: $2$mem2reg_wr$\memory$architecture_simulator/rtl/vertical_slice/gtsu_lbuf_16bank_macro_model.sv:78$4244_ADDR[3:0]$5910
  1451/2976: $2$mem2reg_wr$\memory$architecture_simulator/rtl/vertical_slice/gtsu_lbuf_16bank_macro_model.sv:78$4243_DATA[127:0]$5909
  1452/2976: $2$mem2reg_wr$\memory$architecture_simulator/rtl/vertical_slice/gtsu_lbuf_16bank_macro_model.sv:78$4243_ADDR[3:0]$5908
  1453/2976: $2$mem2reg_wr$\memory$architecture_simulator/rtl/vertical_slice/gtsu_lbuf_16bank_macro_model.sv:78$4242_DATA[127:0]$5907
  1454/2976: $2$mem2reg_wr$\memory$architecture_simulator/rtl/vertical_slice/gtsu_lbuf_16bank_macro_model.sv:78$4242_ADDR[3:0]$5906
  1455/2976: $2$mem2reg_wr$\memory$architecture_simulator/rtl/vertical_slice/gtsu_lbuf_16bank_macro_model.sv:78$4241_DATA[127:0]$5905
  1456/2976: $2$mem2reg_wr$\memory$architecture_simulator/rtl/vertical_slice/gtsu_lbuf_16bank_macro_model.sv:78$4241_ADDR[3:0]$5904
  1457/2976: $2$mem2reg_wr$\memory$architecture_simulator/rtl/vertical_slice/gtsu_lbuf_16bank_macro_model.sv:78$4240_DATA[127:0]$5903
  1458/2976: $2$mem2reg_wr$\memory$architecture_simulator/rtl/vertical_slice/gtsu_lbuf_16bank_macro_model.sv:78$4240_ADDR[3:0]$5902
  1459/2976: $2$mem2reg_wr$\memory$architecture_simulator/rtl/vertical_slice/gtsu_lbuf_16bank_macro_model.sv:78$4239_DATA[127:0]$5901
  1460/2976: $2$mem2reg_wr$\memory$architecture_simulator/rtl/vertical_slice/gtsu_lbuf_16bank_macro_model.sv:78$4239_ADDR[3:0]$5900
  1461/2976: $2$mem2reg_wr$\memory$architecture_simulator/rtl/vertical_slice/gtsu_lbuf_16bank_macro_model.sv:78$4238_DATA[127:0]$5899
  1462/2976: $2$mem2reg_wr$\memory$architecture_simulator/rtl/vertical_slice/gtsu_lbuf_16bank_macro_model.sv:78$4238_ADDR[3:0]$5898
  1463/2976: $2$mem2reg_wr$\memory$architecture_simulator/rtl/vertical_slice/gtsu_lbuf_16bank_macro_model.sv:78$4237_DATA[127:0]$5897
  1464/2976: $2$mem2reg_wr$\memory$architecture_simulator/rtl/vertical_slice/gtsu_lbuf_16bank_macro_model.sv:78$4237_ADDR[3:0]$5896
  1465/2976: $2$mem2reg_wr$\memory$architecture_simulator/rtl/vertical_slice/gtsu_lbuf_16bank_macro_model.sv:78$4236_DATA[127:0]$5895
  1466/2976: $2$mem2reg_wr$\memory$architecture_simulator/rtl/vertical_slice/gtsu_lbuf_16bank_macro_model.sv:78$4236_ADDR[3:0]$5894
  1467/2976: $2$mem2reg_wr$\memory$architecture_simulator/rtl/vertical_slice/gtsu_lbuf_16bank_macro_model.sv:78$4235_DATA[127:0]$5893
  1468/2976: $2$mem2reg_wr$\memory$architecture_simulator/rtl/vertical_slice/gtsu_lbuf_16bank_macro_model.sv:78$4235_ADDR[3:0]$5892
  1469/2976: $2$mem2reg_wr$\memory$architecture_simulator/rtl/vertical_slice/gtsu_lbuf_16bank_macro_model.sv:78$4234_DATA[127:0]$5891
  1470/2976: $2$mem2reg_wr$\memory$architecture_simulator/rtl/vertical_slice/gtsu_lbuf_16bank_macro_model.sv:78$4234_ADDR[3:0]$5890
  1471/2976: $2$mem2reg_wr$\memory$architecture_simulator/rtl/vertical_slice/gtsu_lbuf_16bank_macro_model.sv:78$4233_DATA[127:0]$5889
  1472/2976: $2$mem2reg_wr$\memory$architecture_simulator/rtl/vertical_slice/gtsu_lbuf_16bank_macro_model.sv:78$4233_ADDR[3:0]$5888
  1473/2976: $2$mem2reg_wr$\memory$architecture_simulator/rtl/vertical_slice/gtsu_lbuf_16bank_macro_model.sv:78$4232_DATA[127:0]$5887
  1474/2976: $2$mem2reg_wr$\memory$architecture_simulator/rtl/vertical_slice/gtsu_lbuf_16bank_macro_model.sv:78$4232_ADDR[3:0]$5886
  1475/2976: $2$mem2reg_wr$\memory$architecture_simulator/rtl/vertical_slice/gtsu_lbuf_16bank_macro_model.sv:78$4231_DATA[127:0]$5885
  1476/2976: $2$mem2reg_wr$\memory$architecture_simulator/rtl/vertical_slice/gtsu_lbuf_16bank_macro_model.sv:78$4231_ADDR[3:0]$5884
  1477/2976: $2$mem2reg_wr$\memory$architecture_simulator/rtl/vertical_slice/gtsu_lbuf_16bank_macro_model.sv:78$4230_DATA[127:0]$5883
  1478/2976: $2$mem2reg_wr$\memory$architecture_simulator/rtl/vertical_slice/gtsu_lbuf_16bank_macro_model.sv:78$4230_ADDR[3:0]$5882
  1479/2976: $2$mem2reg_wr$\memory$architecture_simulator/rtl/vertical_slice/gtsu_lbuf_16bank_macro_model.sv:78$4229_DATA[127:0]$5881
  1480/2976: $2$mem2reg_wr$\memory$architecture_simulator/rtl/vertical_slice/gtsu_lbuf_16bank_macro_model.sv:78$4229_ADDR[3:0]$5880
  1481/2976: $2$mem2reg_wr$\memory$architecture_simulator/rtl/vertical_slice/gtsu_lbuf_16bank_macro_model.sv:78$4228_DATA[127:0]$5879
  1482/2976: $2$mem2reg_wr$\memory$architecture_simulator/rtl/vertical_slice/gtsu_lbuf_16bank_macro_model.sv:78$4228_ADDR[3:0]$5878
  1483/2976: $2$mem2reg_wr$\memory$architecture_simulator/rtl/vertical_slice/gtsu_lbuf_16bank_macro_model.sv:78$4227_DATA[127:0]$5877
  1484/2976: $2$mem2reg_wr$\memory$architecture_simulator/rtl/vertical_slice/gtsu_lbuf_16bank_macro_model.sv:78$4227_ADDR[3:0]$5876
  1485/2976: $2$mem2reg_wr$\memory$architecture_simulator/rtl/vertical_slice/gtsu_lbuf_16bank_macro_model.sv:78$4226_DATA[127:0]$5875
  1486/2976: $2$mem2reg_wr$\memory$architecture_simulator/rtl/vertical_slice/gtsu_lbuf_16bank_macro_model.sv:78$4226_ADDR[3:0]$5874
  1487/2976: $2$mem2reg_wr$\memory$architecture_simulator/rtl/vertical_slice/gtsu_lbuf_16bank_macro_model.sv:78$4225_DATA[127:0]$5873
  1488/2976: $2$mem2reg_wr$\memory$architecture_simulator/rtl/vertical_slice/gtsu_lbuf_16bank_macro_model.sv:78$4225_ADDR[3:0]$5872
  1489/2976: $2$mem2reg_wr$\memory$architecture_simulator/rtl/vertical_slice/gtsu_lbuf_16bank_macro_model.sv:78$4224_DATA[127:0]$5871
  1490/2976: $2$mem2reg_wr$\memory$architecture_simulator/rtl/vertical_slice/gtsu_lbuf_16bank_macro_model.sv:78$4224_ADDR[3:0]$5870
  1491/2976: $2$mem2reg_wr$\memory$architecture_simulator/rtl/vertical_slice/gtsu_lbuf_16bank_macro_model.sv:78$4223_DATA[127:0]$5869
  1492/2976: $2$mem2reg_wr$\memory$architecture_simulator/rtl/vertical_slice/gtsu_lbuf_16bank_macro_model.sv:78$4223_ADDR[3:0]$5868
  1493/2976: $2$mem2reg_wr$\memory$architecture_simulator/rtl/vertical_slice/gtsu_lbuf_16bank_macro_model.sv:78$4222_DATA[127:0]$5867
  1494/2976: $2$mem2reg_wr$\memory$architecture_simulator/rtl/vertical_slice/gtsu_lbuf_16bank_macro_model.sv:78$4222_ADDR[3:0]$5866
  1495/2976: $2$mem2reg_wr$\memory$architecture_simulator/rtl/vertical_slice/gtsu_lbuf_16bank_macro_model.sv:78$4221_DATA[127:0]$5865
  1496/2976: $2$mem2reg_wr$\memory$architecture_simulator/rtl/vertical_slice/gtsu_lbuf_16bank_macro_model.sv:78$4221_ADDR[3:0]$5864
  1497/2976: $2$mem2reg_wr$\memory$architecture_simulator/rtl/vertical_slice/gtsu_lbuf_16bank_macro_model.sv:78$4220_DATA[127:0]$5863
  1498/2976: $2$mem2reg_wr$\memory$architecture_simulator/rtl/vertical_slice/gtsu_lbuf_16bank_macro_model.sv:78$4220_ADDR[3:0]$5862
  1499/2976: $2$mem2reg_wr$\memory$architecture_simulator/rtl/vertical_slice/gtsu_lbuf_16bank_macro_model.sv:78$4219_DATA[127:0]$5861
  1500/2976: $2$mem2reg_wr$\memory$architecture_simulator/rtl/vertical_slice/gtsu_lbuf_16bank_macro_model.sv:78$4219_ADDR[3:0]$5860
  1501/2976: $2$mem2reg_wr$\memory$architecture_simulator/rtl/vertical_slice/gtsu_lbuf_16bank_macro_model.sv:78$4218_DATA[127:0]$5859
  1502/2976: $2$mem2reg_wr$\memory$architecture_simulator/rtl/vertical_slice/gtsu_lbuf_16bank_macro_model.sv:78$4218_ADDR[3:0]$5858
  1503/2976: $2$mem2reg_wr$\memory$architecture_simulator/rtl/vertical_slice/gtsu_lbuf_16bank_macro_model.sv:78$4217_DATA[127:0]$5857
  1504/2976: $2$mem2reg_wr$\memory$architecture_simulator/rtl/vertical_slice/gtsu_lbuf_16bank_macro_model.sv:78$4217_ADDR[3:0]$5856
  1505/2976: $2$mem2reg_wr$\memory$architecture_simulator/rtl/vertical_slice/gtsu_lbuf_16bank_macro_model.sv:78$4216_DATA[127:0]$5855
  1506/2976: $2$mem2reg_wr$\memory$architecture_simulator/rtl/vertical_slice/gtsu_lbuf_16bank_macro_model.sv:78$4216_ADDR[3:0]$5854
  1507/2976: $2$mem2reg_wr$\memory$architecture_simulator/rtl/vertical_slice/gtsu_lbuf_16bank_macro_model.sv:78$4215_DATA[127:0]$5853
  1508/2976: $2$mem2reg_wr$\memory$architecture_simulator/rtl/vertical_slice/gtsu_lbuf_16bank_macro_model.sv:78$4215_ADDR[3:0]$5852
  1509/2976: $2$mem2reg_wr$\memory$architecture_simulator/rtl/vertical_slice/gtsu_lbuf_16bank_macro_model.sv:78$4214_DATA[127:0]$5851
  1510/2976: $2$mem2reg_wr$\memory$architecture_simulator/rtl/vertical_slice/gtsu_lbuf_16bank_macro_model.sv:78$4214_ADDR[3:0]$5850
  1511/2976: $2$mem2reg_wr$\memory$architecture_simulator/rtl/vertical_slice/gtsu_lbuf_16bank_macro_model.sv:78$4213_DATA[127:0]$5849
  1512/2976: $2$mem2reg_wr$\memory$architecture_simulator/rtl/vertical_slice/gtsu_lbuf_16bank_macro_model.sv:78$4213_ADDR[3:0]$5848
  1513/2976: $2$mem2reg_wr$\memory$architecture_simulator/rtl/vertical_slice/gtsu_lbuf_16bank_macro_model.sv:78$4212_DATA[127:0]$5847
  1514/2976: $2$mem2reg_wr$\memory$architecture_simulator/rtl/vertical_slice/gtsu_lbuf_16bank_macro_model.sv:78$4212_ADDR[3:0]$5846
  1515/2976: $2$mem2reg_wr$\memory$architecture_simulator/rtl/vertical_slice/gtsu_lbuf_16bank_macro_model.sv:78$4211_DATA[127:0]$5845
  1516/2976: $2$mem2reg_wr$\memory$architecture_simulator/rtl/vertical_slice/gtsu_lbuf_16bank_macro_model.sv:78$4211_ADDR[3:0]$5844
  1517/2976: $2$mem2reg_wr$\memory$architecture_simulator/rtl/vertical_slice/gtsu_lbuf_16bank_macro_model.sv:78$4210_DATA[127:0]$5843
  1518/2976: $2$mem2reg_wr$\memory$architecture_simulator/rtl/vertical_slice/gtsu_lbuf_16bank_macro_model.sv:78$4210_ADDR[3:0]$5842
  1519/2976: $2$mem2reg_wr$\memory$architecture_simulator/rtl/vertical_slice/gtsu_lbuf_16bank_macro_model.sv:78$4209_DATA[127:0]$5841
  1520/2976: $2$mem2reg_wr$\memory$architecture_simulator/rtl/vertical_slice/gtsu_lbuf_16bank_macro_model.sv:78$4209_ADDR[3:0]$5840
  1521/2976: $2$mem2reg_wr$\memory$architecture_simulator/rtl/vertical_slice/gtsu_lbuf_16bank_macro_model.sv:78$4208_DATA[127:0]$5839
  1522/2976: $2$mem2reg_wr$\memory$architecture_simulator/rtl/vertical_slice/gtsu_lbuf_16bank_macro_model.sv:78$4208_ADDR[3:0]$5838
  1523/2976: $2$mem2reg_wr$\memory$architecture_simulator/rtl/vertical_slice/gtsu_lbuf_16bank_macro_model.sv:78$4207_DATA[127:0]$5837
  1524/2976: $2$mem2reg_wr$\memory$architecture_simulator/rtl/vertical_slice/gtsu_lbuf_16bank_macro_model.sv:78$4207_ADDR[3:0]$5836
  1525/2976: $2$mem2reg_wr$\memory$architecture_simulator/rtl/vertical_slice/gtsu_lbuf_16bank_macro_model.sv:78$4206_DATA[127:0]$5835
  1526/2976: $2$mem2reg_wr$\memory$architecture_simulator/rtl/vertical_slice/gtsu_lbuf_16bank_macro_model.sv:78$4206_ADDR[3:0]$5834
  1527/2976: $2$mem2reg_wr$\memory$architecture_simulator/rtl/vertical_slice/gtsu_lbuf_16bank_macro_model.sv:78$4205_DATA[127:0]$5833
  1528/2976: $2$mem2reg_wr$\memory$architecture_simulator/rtl/vertical_slice/gtsu_lbuf_16bank_macro_model.sv:78$4205_ADDR[3:0]$5832
  1529/2976: $2$mem2reg_wr$\memory$architecture_simulator/rtl/vertical_slice/gtsu_lbuf_16bank_macro_model.sv:78$4204_DATA[127:0]$5831
  1530/2976: $2$mem2reg_wr$\memory$architecture_simulator/rtl/vertical_slice/gtsu_lbuf_16bank_macro_model.sv:78$4204_ADDR[3:0]$5830
  1531/2976: $2$mem2reg_wr$\memory$architecture_simulator/rtl/vertical_slice/gtsu_lbuf_16bank_macro_model.sv:78$4203_DATA[127:0]$5829
  1532/2976: $2$mem2reg_wr$\memory$architecture_simulator/rtl/vertical_slice/gtsu_lbuf_16bank_macro_model.sv:78$4203_ADDR[3:0]$5828
  1533/2976: $2$mem2reg_wr$\memory$architecture_simulator/rtl/vertical_slice/gtsu_lbuf_16bank_macro_model.sv:78$4202_DATA[127:0]$5827
  1534/2976: $2$mem2reg_wr$\memory$architecture_simulator/rtl/vertical_slice/gtsu_lbuf_16bank_macro_model.sv:78$4202_ADDR[3:0]$5826
  1535/2976: $2$mem2reg_wr$\memory$architecture_simulator/rtl/vertical_slice/gtsu_lbuf_16bank_macro_model.sv:78$4201_DATA[127:0]$5825
  1536/2976: $2$mem2reg_wr$\memory$architecture_simulator/rtl/vertical_slice/gtsu_lbuf_16bank_macro_model.sv:78$4201_ADDR[3:0]$5824
  1537/2976: $2$mem2reg_wr$\memory$architecture_simulator/rtl/vertical_slice/gtsu_lbuf_16bank_macro_model.sv:78$4200_DATA[127:0]$5823
  1538/2976: $2$mem2reg_wr$\memory$architecture_simulator/rtl/vertical_slice/gtsu_lbuf_16bank_macro_model.sv:78$4200_ADDR[3:0]$5822
  1539/2976: $2$mem2reg_wr$\memory$architecture_simulator/rtl/vertical_slice/gtsu_lbuf_16bank_macro_model.sv:78$4199_DATA[127:0]$5821
  1540/2976: $2$mem2reg_wr$\memory$architecture_simulator/rtl/vertical_slice/gtsu_lbuf_16bank_macro_model.sv:78$4199_ADDR[3:0]$5820
  1541/2976: $2$mem2reg_wr$\memory$architecture_simulator/rtl/vertical_slice/gtsu_lbuf_16bank_macro_model.sv:78$4198_DATA[127:0]$5819
  1542/2976: $2$mem2reg_wr$\memory$architecture_simulator/rtl/vertical_slice/gtsu_lbuf_16bank_macro_model.sv:78$4198_ADDR[3:0]$5818
  1543/2976: $2$mem2reg_wr$\memory$architecture_simulator/rtl/vertical_slice/gtsu_lbuf_16bank_macro_model.sv:78$4197_DATA[127:0]$5817
  1544/2976: $2$mem2reg_wr$\memory$architecture_simulator/rtl/vertical_slice/gtsu_lbuf_16bank_macro_model.sv:78$4197_ADDR[3:0]$5816
  1545/2976: $2$mem2reg_wr$\memory$architecture_simulator/rtl/vertical_slice/gtsu_lbuf_16bank_macro_model.sv:78$4196_DATA[127:0]$5815
  1546/2976: $2$mem2reg_wr$\memory$architecture_simulator/rtl/vertical_slice/gtsu_lbuf_16bank_macro_model.sv:78$4196_ADDR[3:0]$5814
  1547/2976: $2$mem2reg_wr$\memory$architecture_simulator/rtl/vertical_slice/gtsu_lbuf_16bank_macro_model.sv:78$4195_DATA[127:0]$5813
  1548/2976: $2$mem2reg_wr$\memory$architecture_simulator/rtl/vertical_slice/gtsu_lbuf_16bank_macro_model.sv:78$4195_ADDR[3:0]$5812
  1549/2976: $2$mem2reg_wr$\memory$architecture_simulator/rtl/vertical_slice/gtsu_lbuf_16bank_macro_model.sv:78$4194_DATA[127:0]$5811
  1550/2976: $2$mem2reg_wr$\memory$architecture_simulator/rtl/vertical_slice/gtsu_lbuf_16bank_macro_model.sv:78$4194_ADDR[3:0]$5810
  1551/2976: $2$mem2reg_wr$\memory$architecture_simulator/rtl/vertical_slice/gtsu_lbuf_16bank_macro_model.sv:78$4193_DATA[127:0]$5809
  1552/2976: $2$mem2reg_wr$\memory$architecture_simulator/rtl/vertical_slice/gtsu_lbuf_16bank_macro_model.sv:78$4193_ADDR[3:0]$5808
  1553/2976: $2$mem2reg_wr$\memory$architecture_simulator/rtl/vertical_slice/gtsu_lbuf_16bank_macro_model.sv:78$4192_DATA[127:0]$5807
  1554/2976: $2$mem2reg_wr$\memory$architecture_simulator/rtl/vertical_slice/gtsu_lbuf_16bank_macro_model.sv:78$4192_ADDR[3:0]$5806
  1555/2976: $2$mem2reg_wr$\memory$architecture_simulator/rtl/vertical_slice/gtsu_lbuf_16bank_macro_model.sv:78$4191_DATA[127:0]$5805
  1556/2976: $2$mem2reg_wr$\memory$architecture_simulator/rtl/vertical_slice/gtsu_lbuf_16bank_macro_model.sv:78$4191_ADDR[3:0]$5804
  1557/2976: $2$mem2reg_wr$\memory$architecture_simulator/rtl/vertical_slice/gtsu_lbuf_16bank_macro_model.sv:78$4190_DATA[127:0]$5803
  1558/2976: $2$mem2reg_wr$\memory$architecture_simulator/rtl/vertical_slice/gtsu_lbuf_16bank_macro_model.sv:78$4190_ADDR[3:0]$5802
  1559/2976: $2$mem2reg_wr$\memory$architecture_simulator/rtl/vertical_slice/gtsu_lbuf_16bank_macro_model.sv:78$4189_DATA[127:0]$5801
  1560/2976: $2$mem2reg_wr$\memory$architecture_simulator/rtl/vertical_slice/gtsu_lbuf_16bank_macro_model.sv:78$4189_ADDR[3:0]$5800
  1561/2976: $2$mem2reg_wr$\memory$architecture_simulator/rtl/vertical_slice/gtsu_lbuf_16bank_macro_model.sv:78$4188_DATA[127:0]$5799
  1562/2976: $2$mem2reg_wr$\memory$architecture_simulator/rtl/vertical_slice/gtsu_lbuf_16bank_macro_model.sv:78$4188_ADDR[3:0]$5798
  1563/2976: $2$mem2reg_wr$\memory$architecture_simulator/rtl/vertical_slice/gtsu_lbuf_16bank_macro_model.sv:78$4187_DATA[127:0]$5797
  1564/2976: $2$mem2reg_wr$\memory$architecture_simulator/rtl/vertical_slice/gtsu_lbuf_16bank_macro_model.sv:78$4187_ADDR[3:0]$5796
  1565/2976: $2$mem2reg_wr$\memory$architecture_simulator/rtl/vertical_slice/gtsu_lbuf_16bank_macro_model.sv:78$4186_DATA[127:0]$5795
  1566/2976: $2$mem2reg_wr$\memory$architecture_simulator/rtl/vertical_slice/gtsu_lbuf_16bank_macro_model.sv:78$4186_ADDR[3:0]$5794
  1567/2976: $2$mem2reg_wr$\memory$architecture_simulator/rtl/vertical_slice/gtsu_lbuf_16bank_macro_model.sv:78$4185_DATA[127:0]$5793
  1568/2976: $2$mem2reg_wr$\memory$architecture_simulator/rtl/vertical_slice/gtsu_lbuf_16bank_macro_model.sv:78$4185_ADDR[3:0]$5792
  1569/2976: $2$mem2reg_wr$\memory$architecture_simulator/rtl/vertical_slice/gtsu_lbuf_16bank_macro_model.sv:78$4184_DATA[127:0]$5791
  1570/2976: $2$mem2reg_wr$\memory$architecture_simulator/rtl/vertical_slice/gtsu_lbuf_16bank_macro_model.sv:78$4184_ADDR[3:0]$5790
  1571/2976: $2$mem2reg_wr$\memory$architecture_simulator/rtl/vertical_slice/gtsu_lbuf_16bank_macro_model.sv:78$4183_DATA[127:0]$5789
  1572/2976: $2$mem2reg_wr$\memory$architecture_simulator/rtl/vertical_slice/gtsu_lbuf_16bank_macro_model.sv:78$4183_ADDR[3:0]$5788
  1573/2976: $2$mem2reg_wr$\memory$architecture_simulator/rtl/vertical_slice/gtsu_lbuf_16bank_macro_model.sv:78$4182_DATA[127:0]$5787
  1574/2976: $2$mem2reg_wr$\memory$architecture_simulator/rtl/vertical_slice/gtsu_lbuf_16bank_macro_model.sv:78$4182_ADDR[3:0]$5786
  1575/2976: $2$mem2reg_wr$\memory$architecture_simulator/rtl/vertical_slice/gtsu_lbuf_16bank_macro_model.sv:78$4181_DATA[127:0]$5785
  1576/2976: $2$mem2reg_wr$\memory$architecture_simulator/rtl/vertical_slice/gtsu_lbuf_16bank_macro_model.sv:78$4181_ADDR[3:0]$5784
  1577/2976: $2$mem2reg_wr$\memory$architecture_simulator/rtl/vertical_slice/gtsu_lbuf_16bank_macro_model.sv:78$4180_DATA[127:0]$5783
  1578/2976: $2$mem2reg_wr$\memory$architecture_simulator/rtl/vertical_slice/gtsu_lbuf_16bank_macro_model.sv:78$4180_ADDR[3:0]$5782
  1579/2976: $2$mem2reg_wr$\memory$architecture_simulator/rtl/vertical_slice/gtsu_lbuf_16bank_macro_model.sv:78$4179_DATA[127:0]$5781
  1580/2976: $2$mem2reg_wr$\memory$architecture_simulator/rtl/vertical_slice/gtsu_lbuf_16bank_macro_model.sv:78$4179_ADDR[3:0]$5780
  1581/2976: $2$mem2reg_wr$\memory$architecture_simulator/rtl/vertical_slice/gtsu_lbuf_16bank_macro_model.sv:78$4178_DATA[127:0]$5779
  1582/2976: $2$mem2reg_wr$\memory$architecture_simulator/rtl/vertical_slice/gtsu_lbuf_16bank_macro_model.sv:78$4178_ADDR[3:0]$5778
  1583/2976: $2$mem2reg_wr$\memory$architecture_simulator/rtl/vertical_slice/gtsu_lbuf_16bank_macro_model.sv:78$4177_DATA[127:0]$5777
  1584/2976: $2$mem2reg_wr$\memory$architecture_simulator/rtl/vertical_slice/gtsu_lbuf_16bank_macro_model.sv:78$4177_ADDR[3:0]$5776
  1585/2976: $2$mem2reg_wr$\memory$architecture_simulator/rtl/vertical_slice/gtsu_lbuf_16bank_macro_model.sv:78$4176_DATA[127:0]$5775
  1586/2976: $2$mem2reg_wr$\memory$architecture_simulator/rtl/vertical_slice/gtsu_lbuf_16bank_macro_model.sv:78$4176_ADDR[3:0]$5774
  1587/2976: $2$mem2reg_wr$\memory$architecture_simulator/rtl/vertical_slice/gtsu_lbuf_16bank_macro_model.sv:78$4175_DATA[127:0]$5773
  1588/2976: $2$mem2reg_wr$\memory$architecture_simulator/rtl/vertical_slice/gtsu_lbuf_16bank_macro_model.sv:78$4175_ADDR[3:0]$5772
  1589/2976: $2$mem2reg_wr$\memory$architecture_simulator/rtl/vertical_slice/gtsu_lbuf_16bank_macro_model.sv:78$4174_DATA[127:0]$5771
  1590/2976: $2$mem2reg_wr$\memory$architecture_simulator/rtl/vertical_slice/gtsu_lbuf_16bank_macro_model.sv:78$4174_ADDR[3:0]$5770
  1591/2976: $2$mem2reg_wr$\memory$architecture_simulator/rtl/vertical_slice/gtsu_lbuf_16bank_macro_model.sv:78$4173_DATA[127:0]$5769
  1592/2976: $2$mem2reg_wr$\memory$architecture_simulator/rtl/vertical_slice/gtsu_lbuf_16bank_macro_model.sv:78$4173_ADDR[3:0]$5768
  1593/2976: $2$mem2reg_wr$\memory$architecture_simulator/rtl/vertical_slice/gtsu_lbuf_16bank_macro_model.sv:78$4172_DATA[127:0]$5767
  1594/2976: $2$mem2reg_wr$\memory$architecture_simulator/rtl/vertical_slice/gtsu_lbuf_16bank_macro_model.sv:78$4172_ADDR[3:0]$5766
  1595/2976: $2$mem2reg_wr$\memory$architecture_simulator/rtl/vertical_slice/gtsu_lbuf_16bank_macro_model.sv:78$4171_DATA[127:0]$5765
  1596/2976: $2$mem2reg_wr$\memory$architecture_simulator/rtl/vertical_slice/gtsu_lbuf_16bank_macro_model.sv:78$4171_ADDR[3:0]$5764
  1597/2976: $2$mem2reg_wr$\memory$architecture_simulator/rtl/vertical_slice/gtsu_lbuf_16bank_macro_model.sv:78$4170_DATA[127:0]$5763
  1598/2976: $2$mem2reg_wr$\memory$architecture_simulator/rtl/vertical_slice/gtsu_lbuf_16bank_macro_model.sv:78$4170_ADDR[3:0]$5762
  1599/2976: $2$mem2reg_wr$\memory$architecture_simulator/rtl/vertical_slice/gtsu_lbuf_16bank_macro_model.sv:78$4169_DATA[127:0]$5761
  1600/2976: $2$mem2reg_wr$\memory$architecture_simulator/rtl/vertical_slice/gtsu_lbuf_16bank_macro_model.sv:78$4169_ADDR[3:0]$5760
  1601/2976: $2$mem2reg_wr$\memory$architecture_simulator/rtl/vertical_slice/gtsu_lbuf_16bank_macro_model.sv:78$4168_DATA[127:0]$5759
  1602/2976: $2$mem2reg_wr$\memory$architecture_simulator/rtl/vertical_slice/gtsu_lbuf_16bank_macro_model.sv:78$4168_ADDR[3:0]$5758
  1603/2976: $2$mem2reg_wr$\memory$architecture_simulator/rtl/vertical_slice/gtsu_lbuf_16bank_macro_model.sv:78$4167_DATA[127:0]$5757
  1604/2976: $2$mem2reg_wr$\memory$architecture_simulator/rtl/vertical_slice/gtsu_lbuf_16bank_macro_model.sv:78$4167_ADDR[3:0]$5756
  1605/2976: $2$mem2reg_wr$\memory$architecture_simulator/rtl/vertical_slice/gtsu_lbuf_16bank_macro_model.sv:78$4166_DATA[127:0]$5755
  1606/2976: $2$mem2reg_wr$\memory$architecture_simulator/rtl/vertical_slice/gtsu_lbuf_16bank_macro_model.sv:78$4166_ADDR[3:0]$5754
  1607/2976: $2$mem2reg_wr$\memory$architecture_simulator/rtl/vertical_slice/gtsu_lbuf_16bank_macro_model.sv:78$4165_DATA[127:0]$5753
  1608/2976: $2$mem2reg_wr$\memory$architecture_simulator/rtl/vertical_slice/gtsu_lbuf_16bank_macro_model.sv:78$4165_ADDR[3:0]$5752
  1609/2976: $2$mem2reg_wr$\memory$architecture_simulator/rtl/vertical_slice/gtsu_lbuf_16bank_macro_model.sv:78$4164_DATA[127:0]$5751
  1610/2976: $2$mem2reg_wr$\memory$architecture_simulator/rtl/vertical_slice/gtsu_lbuf_16bank_macro_model.sv:78$4164_ADDR[3:0]$5750
  1611/2976: $2$mem2reg_wr$\memory$architecture_simulator/rtl/vertical_slice/gtsu_lbuf_16bank_macro_model.sv:78$4163_DATA[127:0]$5749
  1612/2976: $2$mem2reg_wr$\memory$architecture_simulator/rtl/vertical_slice/gtsu_lbuf_16bank_macro_model.sv:78$4163_ADDR[3:0]$5748
  1613/2976: $2$mem2reg_wr$\memory$architecture_simulator/rtl/vertical_slice/gtsu_lbuf_16bank_macro_model.sv:78$4162_DATA[127:0]$5747
  1614/2976: $2$mem2reg_wr$\memory$architecture_simulator/rtl/vertical_slice/gtsu_lbuf_16bank_macro_model.sv:78$4162_ADDR[3:0]$5746
  1615/2976: $2$mem2reg_wr$\memory$architecture_simulator/rtl/vertical_slice/gtsu_lbuf_16bank_macro_model.sv:78$4161_DATA[127:0]$5745
  1616/2976: $2$mem2reg_wr$\memory$architecture_simulator/rtl/vertical_slice/gtsu_lbuf_16bank_macro_model.sv:78$4161_ADDR[3:0]$5744
  1617/2976: $2$mem2reg_wr$\memory$architecture_simulator/rtl/vertical_slice/gtsu_lbuf_16bank_macro_model.sv:78$4160_DATA[127:0]$5743
  1618/2976: $2$mem2reg_wr$\memory$architecture_simulator/rtl/vertical_slice/gtsu_lbuf_16bank_macro_model.sv:78$4160_ADDR[3:0]$5742
  1619/2976: $2$mem2reg_wr$\memory$architecture_simulator/rtl/vertical_slice/gtsu_lbuf_16bank_macro_model.sv:78$4159_DATA[127:0]$5741
  1620/2976: $2$mem2reg_wr$\memory$architecture_simulator/rtl/vertical_slice/gtsu_lbuf_16bank_macro_model.sv:78$4159_ADDR[3:0]$5740
  1621/2976: $2$mem2reg_wr$\memory$architecture_simulator/rtl/vertical_slice/gtsu_lbuf_16bank_macro_model.sv:78$4158_DATA[127:0]$5739
  1622/2976: $2$mem2reg_wr$\memory$architecture_simulator/rtl/vertical_slice/gtsu_lbuf_16bank_macro_model.sv:78$4158_ADDR[3:0]$5738
  1623/2976: $2$mem2reg_wr$\memory$architecture_simulator/rtl/vertical_slice/gtsu_lbuf_16bank_macro_model.sv:78$4157_DATA[127:0]$5737
  1624/2976: $2$mem2reg_wr$\memory$architecture_simulator/rtl/vertical_slice/gtsu_lbuf_16bank_macro_model.sv:78$4157_ADDR[3:0]$5736
  1625/2976: $2$mem2reg_wr$\memory$architecture_simulator/rtl/vertical_slice/gtsu_lbuf_16bank_macro_model.sv:78$4156_DATA[127:0]$5735
  1626/2976: $2$mem2reg_wr$\memory$architecture_simulator/rtl/vertical_slice/gtsu_lbuf_16bank_macro_model.sv:78$4156_ADDR[3:0]$5734
  1627/2976: $2$mem2reg_wr$\memory$architecture_simulator/rtl/vertical_slice/gtsu_lbuf_16bank_macro_model.sv:78$4155_DATA[127:0]$5733
  1628/2976: $2$mem2reg_wr$\memory$architecture_simulator/rtl/vertical_slice/gtsu_lbuf_16bank_macro_model.sv:78$4155_ADDR[3:0]$5732
  1629/2976: $2$mem2reg_wr$\memory$architecture_simulator/rtl/vertical_slice/gtsu_lbuf_16bank_macro_model.sv:78$4154_DATA[127:0]$5731
  1630/2976: $2$mem2reg_wr$\memory$architecture_simulator/rtl/vertical_slice/gtsu_lbuf_16bank_macro_model.sv:78$4154_ADDR[3:0]$5730
  1631/2976: $2$mem2reg_wr$\memory$architecture_simulator/rtl/vertical_slice/gtsu_lbuf_16bank_macro_model.sv:78$4153_DATA[127:0]$5729
  1632/2976: $2$mem2reg_wr$\memory$architecture_simulator/rtl/vertical_slice/gtsu_lbuf_16bank_macro_model.sv:78$4153_ADDR[3:0]$5728
  1633/2976: $2$mem2reg_wr$\memory$architecture_simulator/rtl/vertical_slice/gtsu_lbuf_16bank_macro_model.sv:78$4152_DATA[127:0]$5727
  1634/2976: $2$mem2reg_wr$\memory$architecture_simulator/rtl/vertical_slice/gtsu_lbuf_16bank_macro_model.sv:78$4152_ADDR[3:0]$5726
  1635/2976: $2$mem2reg_wr$\memory$architecture_simulator/rtl/vertical_slice/gtsu_lbuf_16bank_macro_model.sv:78$4151_DATA[127:0]$5725
  1636/2976: $2$mem2reg_wr$\memory$architecture_simulator/rtl/vertical_slice/gtsu_lbuf_16bank_macro_model.sv:78$4151_ADDR[3:0]$5724
  1637/2976: $2$mem2reg_wr$\memory$architecture_simulator/rtl/vertical_slice/gtsu_lbuf_16bank_macro_model.sv:78$4150_DATA[127:0]$5723
  1638/2976: $2$mem2reg_wr$\memory$architecture_simulator/rtl/vertical_slice/gtsu_lbuf_16bank_macro_model.sv:78$4150_ADDR[3:0]$5722
  1639/2976: $2$mem2reg_wr$\memory$architecture_simulator/rtl/vertical_slice/gtsu_lbuf_16bank_macro_model.sv:78$4149_DATA[127:0]$5721
  1640/2976: $2$mem2reg_wr$\memory$architecture_simulator/rtl/vertical_slice/gtsu_lbuf_16bank_macro_model.sv:78$4149_ADDR[3:0]$5720
  1641/2976: $2$mem2reg_wr$\memory$architecture_simulator/rtl/vertical_slice/gtsu_lbuf_16bank_macro_model.sv:78$4148_DATA[127:0]$5719
  1642/2976: $2$mem2reg_wr$\memory$architecture_simulator/rtl/vertical_slice/gtsu_lbuf_16bank_macro_model.sv:78$4148_ADDR[3:0]$5718
  1643/2976: $2$mem2reg_wr$\memory$architecture_simulator/rtl/vertical_slice/gtsu_lbuf_16bank_macro_model.sv:78$4147_DATA[127:0]$5717
  1644/2976: $2$mem2reg_wr$\memory$architecture_simulator/rtl/vertical_slice/gtsu_lbuf_16bank_macro_model.sv:78$4147_ADDR[3:0]$5716
  1645/2976: $2$mem2reg_wr$\memory$architecture_simulator/rtl/vertical_slice/gtsu_lbuf_16bank_macro_model.sv:78$4146_DATA[127:0]$5715
  1646/2976: $2$mem2reg_wr$\memory$architecture_simulator/rtl/vertical_slice/gtsu_lbuf_16bank_macro_model.sv:78$4146_ADDR[3:0]$5714
  1647/2976: $2$mem2reg_wr$\memory$architecture_simulator/rtl/vertical_slice/gtsu_lbuf_16bank_macro_model.sv:78$4145_DATA[127:0]$5713
  1648/2976: $2$mem2reg_wr$\memory$architecture_simulator/rtl/vertical_slice/gtsu_lbuf_16bank_macro_model.sv:78$4145_ADDR[3:0]$5712
  1649/2976: $2$mem2reg_wr$\memory$architecture_simulator/rtl/vertical_slice/gtsu_lbuf_16bank_macro_model.sv:78$4144_DATA[127:0]$5711
  1650/2976: $2$mem2reg_wr$\memory$architecture_simulator/rtl/vertical_slice/gtsu_lbuf_16bank_macro_model.sv:78$4144_ADDR[3:0]$5710
  1651/2976: $2$mem2reg_wr$\memory$architecture_simulator/rtl/vertical_slice/gtsu_lbuf_16bank_macro_model.sv:78$4143_DATA[127:0]$5709
  1652/2976: $2$mem2reg_wr$\memory$architecture_simulator/rtl/vertical_slice/gtsu_lbuf_16bank_macro_model.sv:78$4143_ADDR[3:0]$5708
  1653/2976: $2$mem2reg_wr$\memory$architecture_simulator/rtl/vertical_slice/gtsu_lbuf_16bank_macro_model.sv:78$4142_DATA[127:0]$5707
  1654/2976: $2$mem2reg_wr$\memory$architecture_simulator/rtl/vertical_slice/gtsu_lbuf_16bank_macro_model.sv:78$4142_ADDR[3:0]$5706
  1655/2976: $2$mem2reg_wr$\memory$architecture_simulator/rtl/vertical_slice/gtsu_lbuf_16bank_macro_model.sv:78$4141_DATA[127:0]$5705
  1656/2976: $2$mem2reg_wr$\memory$architecture_simulator/rtl/vertical_slice/gtsu_lbuf_16bank_macro_model.sv:78$4141_ADDR[3:0]$5704
  1657/2976: $2$mem2reg_wr$\memory$architecture_simulator/rtl/vertical_slice/gtsu_lbuf_16bank_macro_model.sv:78$4140_DATA[127:0]$5703
  1658/2976: $2$mem2reg_wr$\memory$architecture_simulator/rtl/vertical_slice/gtsu_lbuf_16bank_macro_model.sv:78$4140_ADDR[3:0]$5702
  1659/2976: $2$mem2reg_wr$\memory$architecture_simulator/rtl/vertical_slice/gtsu_lbuf_16bank_macro_model.sv:78$4139_DATA[127:0]$5701
  1660/2976: $2$mem2reg_wr$\memory$architecture_simulator/rtl/vertical_slice/gtsu_lbuf_16bank_macro_model.sv:78$4139_ADDR[3:0]$5700
  1661/2976: $2$mem2reg_wr$\memory$architecture_simulator/rtl/vertical_slice/gtsu_lbuf_16bank_macro_model.sv:78$4138_DATA[127:0]$5699
  1662/2976: $2$mem2reg_wr$\memory$architecture_simulator/rtl/vertical_slice/gtsu_lbuf_16bank_macro_model.sv:78$4138_ADDR[3:0]$5698
  1663/2976: $2$mem2reg_wr$\memory$architecture_simulator/rtl/vertical_slice/gtsu_lbuf_16bank_macro_model.sv:78$4137_DATA[127:0]$5697
  1664/2976: $2$mem2reg_wr$\memory$architecture_simulator/rtl/vertical_slice/gtsu_lbuf_16bank_macro_model.sv:78$4137_ADDR[3:0]$5696
  1665/2976: $2$mem2reg_wr$\memory$architecture_simulator/rtl/vertical_slice/gtsu_lbuf_16bank_macro_model.sv:78$4136_DATA[127:0]$5695
  1666/2976: $2$mem2reg_wr$\memory$architecture_simulator/rtl/vertical_slice/gtsu_lbuf_16bank_macro_model.sv:78$4136_ADDR[3:0]$5694
  1667/2976: $2$mem2reg_wr$\memory$architecture_simulator/rtl/vertical_slice/gtsu_lbuf_16bank_macro_model.sv:78$4135_DATA[127:0]$5693
  1668/2976: $2$mem2reg_wr$\memory$architecture_simulator/rtl/vertical_slice/gtsu_lbuf_16bank_macro_model.sv:78$4135_ADDR[3:0]$5692
  1669/2976: $2$mem2reg_wr$\memory$architecture_simulator/rtl/vertical_slice/gtsu_lbuf_16bank_macro_model.sv:78$4134_DATA[127:0]$5691
  1670/2976: $2$mem2reg_wr$\memory$architecture_simulator/rtl/vertical_slice/gtsu_lbuf_16bank_macro_model.sv:78$4134_ADDR[3:0]$5690
  1671/2976: $2$mem2reg_wr$\memory$architecture_simulator/rtl/vertical_slice/gtsu_lbuf_16bank_macro_model.sv:78$4133_DATA[127:0]$5689
  1672/2976: $2$mem2reg_wr$\memory$architecture_simulator/rtl/vertical_slice/gtsu_lbuf_16bank_macro_model.sv:78$4133_ADDR[3:0]$5688
  1673/2976: $2$mem2reg_wr$\memory$architecture_simulator/rtl/vertical_slice/gtsu_lbuf_16bank_macro_model.sv:78$4132_DATA[127:0]$5687
  1674/2976: $2$mem2reg_wr$\memory$architecture_simulator/rtl/vertical_slice/gtsu_lbuf_16bank_macro_model.sv:78$4132_ADDR[3:0]$5686
  1675/2976: $2$mem2reg_wr$\memory$architecture_simulator/rtl/vertical_slice/gtsu_lbuf_16bank_macro_model.sv:78$4131_DATA[127:0]$5685
  1676/2976: $2$mem2reg_wr$\memory$architecture_simulator/rtl/vertical_slice/gtsu_lbuf_16bank_macro_model.sv:78$4131_ADDR[3:0]$5684
  1677/2976: $2$mem2reg_wr$\memory$architecture_simulator/rtl/vertical_slice/gtsu_lbuf_16bank_macro_model.sv:78$4130_DATA[127:0]$5683
  1678/2976: $2$mem2reg_wr$\memory$architecture_simulator/rtl/vertical_slice/gtsu_lbuf_16bank_macro_model.sv:78$4130_ADDR[3:0]$5682
  1679/2976: $2$mem2reg_wr$\memory$architecture_simulator/rtl/vertical_slice/gtsu_lbuf_16bank_macro_model.sv:78$4129_DATA[127:0]$5681
  1680/2976: $2$mem2reg_wr$\memory$architecture_simulator/rtl/vertical_slice/gtsu_lbuf_16bank_macro_model.sv:78$4129_ADDR[3:0]$5680
  1681/2976: $2$mem2reg_wr$\memory$architecture_simulator/rtl/vertical_slice/gtsu_lbuf_16bank_macro_model.sv:78$4128_DATA[127:0]$5679
  1682/2976: $2$mem2reg_wr$\memory$architecture_simulator/rtl/vertical_slice/gtsu_lbuf_16bank_macro_model.sv:78$4128_ADDR[3:0]$5678
  1683/2976: $2$mem2reg_wr$\memory$architecture_simulator/rtl/vertical_slice/gtsu_lbuf_16bank_macro_model.sv:78$4127_DATA[127:0]$5677
  1684/2976: $2$mem2reg_wr$\memory$architecture_simulator/rtl/vertical_slice/gtsu_lbuf_16bank_macro_model.sv:78$4127_ADDR[3:0]$5676
  1685/2976: $2$mem2reg_wr$\memory$architecture_simulator/rtl/vertical_slice/gtsu_lbuf_16bank_macro_model.sv:78$4126_DATA[127:0]$5675
  1686/2976: $2$mem2reg_wr$\memory$architecture_simulator/rtl/vertical_slice/gtsu_lbuf_16bank_macro_model.sv:78$4126_ADDR[3:0]$5674
  1687/2976: $2$mem2reg_wr$\memory$architecture_simulator/rtl/vertical_slice/gtsu_lbuf_16bank_macro_model.sv:78$4125_DATA[127:0]$5673
  1688/2976: $2$mem2reg_wr$\memory$architecture_simulator/rtl/vertical_slice/gtsu_lbuf_16bank_macro_model.sv:78$4125_ADDR[3:0]$5672
  1689/2976: $2$mem2reg_wr$\memory$architecture_simulator/rtl/vertical_slice/gtsu_lbuf_16bank_macro_model.sv:78$4124_DATA[127:0]$5671
  1690/2976: $2$mem2reg_wr$\memory$architecture_simulator/rtl/vertical_slice/gtsu_lbuf_16bank_macro_model.sv:78$4124_ADDR[3:0]$5670
  1691/2976: $2$mem2reg_wr$\memory$architecture_simulator/rtl/vertical_slice/gtsu_lbuf_16bank_macro_model.sv:78$4123_DATA[127:0]$5669
  1692/2976: $2$mem2reg_wr$\memory$architecture_simulator/rtl/vertical_slice/gtsu_lbuf_16bank_macro_model.sv:78$4123_ADDR[3:0]$5668
  1693/2976: $2$mem2reg_wr$\memory$architecture_simulator/rtl/vertical_slice/gtsu_lbuf_16bank_macro_model.sv:78$4122_DATA[127:0]$5667
  1694/2976: $2$mem2reg_wr$\memory$architecture_simulator/rtl/vertical_slice/gtsu_lbuf_16bank_macro_model.sv:78$4120_ADDR[3:0]$5575
  1695/2976: $2$mem2reg_wr$\memory$architecture_simulator/rtl/vertical_slice/gtsu_lbuf_16bank_macro_model.sv:78$4120_DATA[127:0]$5573
  1696/2976: $2$mem2reg_wr$\memory$architecture_simulator/rtl/vertical_slice/gtsu_lbuf_16bank_macro_model.sv:78$4121_ADDR[3:0]$5571
  1697/2976: $2$mem2reg_wr$\memory$architecture_simulator/rtl/vertical_slice/gtsu_lbuf_16bank_macro_model.sv:78$4121_DATA[127:0]$5569
  1698/2976: $2$mem2reg_wr$\memory$architecture_simulator/rtl/vertical_slice/gtsu_lbuf_16bank_macro_model.sv:78$4122_ADDR[3:0]$5567
  1699/2976: $2$mem2reg_wr$\memory$architecture_simulator/rtl/vertical_slice/gtsu_lbuf_16bank_macro_model.sv:78$4104_ADDR[3:0]$5637
  1700/2976: $2$mem2reg_wr$\memory$architecture_simulator/rtl/vertical_slice/gtsu_lbuf_16bank_macro_model.sv:78$4104_DATA[127:0]$5636
  1701/2976: $2$mem2reg_wr$\memory$architecture_simulator/rtl/vertical_slice/gtsu_lbuf_16bank_macro_model.sv:78$4105_ADDR[3:0]$5634
  1702/2976: $2$mem2reg_wr$\memory$architecture_simulator/rtl/vertical_slice/gtsu_lbuf_16bank_macro_model.sv:78$4105_DATA[127:0]$5632
  1703/2976: $2$mem2reg_wr$\memory$architecture_simulator/rtl/vertical_slice/gtsu_lbuf_16bank_macro_model.sv:78$4106_ADDR[3:0]$5630
  1704/2976: $2$mem2reg_wr$\memory$architecture_simulator/rtl/vertical_slice/gtsu_lbuf_16bank_macro_model.sv:78$4106_DATA[127:0]$5628
  1705/2976: $2$mem2reg_wr$\memory$architecture_simulator/rtl/vertical_slice/gtsu_lbuf_16bank_macro_model.sv:78$4107_ADDR[3:0]$5626
  1706/2976: $2$mem2reg_wr$\memory$architecture_simulator/rtl/vertical_slice/gtsu_lbuf_16bank_macro_model.sv:78$4107_DATA[127:0]$5624
  1707/2976: $2$mem2reg_wr$\memory$architecture_simulator/rtl/vertical_slice/gtsu_lbuf_16bank_macro_model.sv:78$4108_ADDR[3:0]$5622
  1708/2976: $2$mem2reg_wr$\memory$architecture_simulator/rtl/vertical_slice/gtsu_lbuf_16bank_macro_model.sv:78$4108_DATA[127:0]$5620
  1709/2976: $2$mem2reg_wr$\memory$architecture_simulator/rtl/vertical_slice/gtsu_lbuf_16bank_macro_model.sv:78$4109_ADDR[3:0]$5618
  1710/2976: $2$mem2reg_wr$\memory$architecture_simulator/rtl/vertical_slice/gtsu_lbuf_16bank_macro_model.sv:78$4109_DATA[127:0]$5616
  1711/2976: $2$mem2reg_wr$\memory$architecture_simulator/rtl/vertical_slice/gtsu_lbuf_16bank_macro_model.sv:78$4110_ADDR[3:0]$5614
  1712/2976: $2$mem2reg_wr$\memory$architecture_simulator/rtl/vertical_slice/gtsu_lbuf_16bank_macro_model.sv:78$4110_DATA[127:0]$5612
  1713/2976: $2$mem2reg_wr$\memory$architecture_simulator/rtl/vertical_slice/gtsu_lbuf_16bank_macro_model.sv:78$4111_ADDR[3:0]$5610
  1714/2976: $2$mem2reg_wr$\memory$architecture_simulator/rtl/vertical_slice/gtsu_lbuf_16bank_macro_model.sv:78$4111_DATA[127:0]$5608
  1715/2976: $2$mem2reg_wr$\memory$architecture_simulator/rtl/vertical_slice/gtsu_lbuf_16bank_macro_model.sv:78$4112_ADDR[3:0]$5606
  1716/2976: $2$mem2reg_wr$\memory$architecture_simulator/rtl/vertical_slice/gtsu_lbuf_16bank_macro_model.sv:78$4112_DATA[127:0]$5605
  1717/2976: $2$mem2reg_wr$\memory$architecture_simulator/rtl/vertical_slice/gtsu_lbuf_16bank_macro_model.sv:78$4113_ADDR[3:0]$5603
  1718/2976: $2$mem2reg_wr$\memory$architecture_simulator/rtl/vertical_slice/gtsu_lbuf_16bank_macro_model.sv:78$4113_DATA[127:0]$5601
  1719/2976: $2$mem2reg_wr$\memory$architecture_simulator/rtl/vertical_slice/gtsu_lbuf_16bank_macro_model.sv:78$4114_ADDR[3:0]$5599
  1720/2976: $2$mem2reg_wr$\memory$architecture_simulator/rtl/vertical_slice/gtsu_lbuf_16bank_macro_model.sv:78$4114_DATA[127:0]$5597
  1721/2976: $2$mem2reg_wr$\memory$architecture_simulator/rtl/vertical_slice/gtsu_lbuf_16bank_macro_model.sv:78$4115_ADDR[3:0]$5595
  1722/2976: $2$mem2reg_wr$\memory$architecture_simulator/rtl/vertical_slice/gtsu_lbuf_16bank_macro_model.sv:78$4115_DATA[127:0]$5593
  1723/2976: $2$mem2reg_wr$\memory$architecture_simulator/rtl/vertical_slice/gtsu_lbuf_16bank_macro_model.sv:78$4116_ADDR[3:0]$5591
  1724/2976: $2$mem2reg_wr$\memory$architecture_simulator/rtl/vertical_slice/gtsu_lbuf_16bank_macro_model.sv:78$4117_ADDR[3:0]$5587
  1725/2976: $2$mem2reg_wr$\memory$architecture_simulator/rtl/vertical_slice/gtsu_lbuf_16bank_macro_model.sv:78$4117_DATA[127:0]$5585
  1726/2976: $2$mem2reg_wr$\memory$architecture_simulator/rtl/vertical_slice/gtsu_lbuf_16bank_macro_model.sv:78$4118_ADDR[3:0]$5583
  1727/2976: $2$mem2reg_wr$\memory$architecture_simulator/rtl/vertical_slice/gtsu_lbuf_16bank_macro_model.sv:78$4118_DATA[127:0]$5581
  1728/2976: $2$mem2reg_wr$\memory$architecture_simulator/rtl/vertical_slice/gtsu_lbuf_16bank_macro_model.sv:78$4119_ADDR[3:0]$5579
  1729/2976: $2$mem2reg_wr$\memory$architecture_simulator/rtl/vertical_slice/gtsu_lbuf_16bank_macro_model.sv:78$4119_DATA[127:0]$5577
  1730/2976: $2$mem2reg_wr$\memory$architecture_simulator/rtl/vertical_slice/gtsu_lbuf_16bank_macro_model.sv:78$4116_DATA[127:0]$5574
  1731/2976: $2$mem2reg_wr$\memory$architecture_simulator/rtl/vertical_slice/gtsu_lbuf_16bank_macro_model.sv:78$4089_DATA[127:0]$5666
  1732/2976: $2$mem2reg_wr$\memory$architecture_simulator/rtl/vertical_slice/gtsu_lbuf_16bank_macro_model.sv:78$4090_ADDR[3:0]$5665
  1733/2976: $2$mem2reg_wr$\memory$architecture_simulator/rtl/vertical_slice/gtsu_lbuf_16bank_macro_model.sv:78$4090_DATA[127:0]$5664
  1734/2976: $2$mem2reg_wr$\memory$architecture_simulator/rtl/vertical_slice/gtsu_lbuf_16bank_macro_model.sv:78$4091_ADDR[3:0]$5663
  1735/2976: $2$mem2reg_wr$\memory$architecture_simulator/rtl/vertical_slice/gtsu_lbuf_16bank_macro_model.sv:78$4091_DATA[127:0]$5662
  1736/2976: $2$mem2reg_wr$\memory$architecture_simulator/rtl/vertical_slice/gtsu_lbuf_16bank_macro_model.sv:78$4092_ADDR[3:0]$5661
  1737/2976: $2$mem2reg_wr$\memory$architecture_simulator/rtl/vertical_slice/gtsu_lbuf_16bank_macro_model.sv:78$4092_DATA[127:0]$5660
  1738/2976: $2$mem2reg_wr$\memory$architecture_simulator/rtl/vertical_slice/gtsu_lbuf_16bank_macro_model.sv:78$4093_ADDR[3:0]$5659
  1739/2976: $2$mem2reg_wr$\memory$architecture_simulator/rtl/vertical_slice/gtsu_lbuf_16bank_macro_model.sv:78$4093_DATA[127:0]$5658
  1740/2976: $2$mem2reg_wr$\memory$architecture_simulator/rtl/vertical_slice/gtsu_lbuf_16bank_macro_model.sv:78$4094_ADDR[3:0]$5657
  1741/2976: $2$mem2reg_wr$\memory$architecture_simulator/rtl/vertical_slice/gtsu_lbuf_16bank_macro_model.sv:78$4094_DATA[127:0]$5656
  1742/2976: $2$mem2reg_wr$\memory$architecture_simulator/rtl/vertical_slice/gtsu_lbuf_16bank_macro_model.sv:78$4095_ADDR[3:0]$5655
  1743/2976: $2$mem2reg_wr$\memory$architecture_simulator/rtl/vertical_slice/gtsu_lbuf_16bank_macro_model.sv:78$4095_DATA[127:0]$5654
  1744/2976: $2$mem2reg_wr$\memory$architecture_simulator/rtl/vertical_slice/gtsu_lbuf_16bank_macro_model.sv:78$4096_ADDR[3:0]$5653
  1745/2976: $2$mem2reg_wr$\memory$architecture_simulator/rtl/vertical_slice/gtsu_lbuf_16bank_macro_model.sv:78$4096_DATA[127:0]$5652
  1746/2976: $2$mem2reg_wr$\memory$architecture_simulator/rtl/vertical_slice/gtsu_lbuf_16bank_macro_model.sv:78$4097_ADDR[3:0]$5651
  1747/2976: $2$mem2reg_wr$\memory$architecture_simulator/rtl/vertical_slice/gtsu_lbuf_16bank_macro_model.sv:78$4097_DATA[127:0]$5650
  1748/2976: $2$mem2reg_wr$\memory$architecture_simulator/rtl/vertical_slice/gtsu_lbuf_16bank_macro_model.sv:78$4098_ADDR[3:0]$5649
  1749/2976: $2$mem2reg_wr$\memory$architecture_simulator/rtl/vertical_slice/gtsu_lbuf_16bank_macro_model.sv:78$4098_DATA[127:0]$5648
  1750/2976: $2$mem2reg_wr$\memory$architecture_simulator/rtl/vertical_slice/gtsu_lbuf_16bank_macro_model.sv:78$4099_ADDR[3:0]$5647
  1751/2976: $2$mem2reg_wr$\memory$architecture_simulator/rtl/vertical_slice/gtsu_lbuf_16bank_macro_model.sv:78$4099_DATA[127:0]$5646
  1752/2976: $2$mem2reg_wr$\memory$architecture_simulator/rtl/vertical_slice/gtsu_lbuf_16bank_macro_model.sv:78$4100_ADDR[3:0]$5645
  1753/2976: $2$mem2reg_wr$\memory$architecture_simulator/rtl/vertical_slice/gtsu_lbuf_16bank_macro_model.sv:78$4100_DATA[127:0]$5644
  1754/2976: $2$mem2reg_wr$\memory$architecture_simulator/rtl/vertical_slice/gtsu_lbuf_16bank_macro_model.sv:78$4101_ADDR[3:0]$5643
  1755/2976: $2$mem2reg_wr$\memory$architecture_simulator/rtl/vertical_slice/gtsu_lbuf_16bank_macro_model.sv:78$4101_DATA[127:0]$5642
  1756/2976: $2$mem2reg_wr$\memory$architecture_simulator/rtl/vertical_slice/gtsu_lbuf_16bank_macro_model.sv:78$4102_ADDR[3:0]$5641
  1757/2976: $2$mem2reg_wr$\memory$architecture_simulator/rtl/vertical_slice/gtsu_lbuf_16bank_macro_model.sv:78$4102_DATA[127:0]$5640
  1758/2976: $2$mem2reg_wr$\memory$architecture_simulator/rtl/vertical_slice/gtsu_lbuf_16bank_macro_model.sv:78$4103_ADDR[3:0]$5639
  1759/2976: $2$mem2reg_wr$\memory$architecture_simulator/rtl/vertical_slice/gtsu_lbuf_16bank_macro_model.sv:78$4103_DATA[127:0]$5638
  1760/2976: $2$mem2reg_wr$\memory$architecture_simulator/rtl/vertical_slice/gtsu_lbuf_16bank_macro_model.sv:78$4088_ADDR[3:0]$5572
  1761/2976: $2$mem2reg_wr$\memory$architecture_simulator/rtl/vertical_slice/gtsu_lbuf_16bank_macro_model.sv:78$4088_DATA[127:0]$5570
  1762/2976: $2$mem2reg_wr$\memory$architecture_simulator/rtl/vertical_slice/gtsu_lbuf_16bank_macro_model.sv:78$4089_ADDR[3:0]$5568
  1763/2976: $2$mem2reg_wr$\memory$architecture_simulator/rtl/vertical_slice/gtsu_lbuf_16bank_macro_model.sv:78$4072_ADDR[3:0]$5635
  1764/2976: $2$mem2reg_wr$\memory$architecture_simulator/rtl/vertical_slice/gtsu_lbuf_16bank_macro_model.sv:78$4072_DATA[127:0]$5633
  1765/2976: $2$mem2reg_wr$\memory$architecture_simulator/rtl/vertical_slice/gtsu_lbuf_16bank_macro_model.sv:78$4073_ADDR[3:0]$5631
  1766/2976: $2$mem2reg_wr$\memory$architecture_simulator/rtl/vertical_slice/gtsu_lbuf_16bank_macro_model.sv:78$4073_DATA[127:0]$5629
  1767/2976: $2$mem2reg_wr$\memory$architecture_simulator/rtl/vertical_slice/gtsu_lbuf_16bank_macro_model.sv:78$4074_ADDR[3:0]$5627
  1768/2976: $2$mem2reg_wr$\memory$architecture_simulator/rtl/vertical_slice/gtsu_lbuf_16bank_macro_model.sv:78$4074_DATA[127:0]$5625
  1769/2976: $2$mem2reg_wr$\memory$architecture_simulator/rtl/vertical_slice/gtsu_lbuf_16bank_macro_model.sv:78$4075_ADDR[3:0]$5623
  1770/2976: $2$mem2reg_wr$\memory$architecture_simulator/rtl/vertical_slice/gtsu_lbuf_16bank_macro_model.sv:78$4075_DATA[127:0]$5621
  1771/2976: $2$mem2reg_wr$\memory$architecture_simulator/rtl/vertical_slice/gtsu_lbuf_16bank_macro_model.sv:78$4076_ADDR[3:0]$5619
  1772/2976: $2$mem2reg_wr$\memory$architecture_simulator/rtl/vertical_slice/gtsu_lbuf_16bank_macro_model.sv:78$4076_DATA[127:0]$5617
  1773/2976: $2$mem2reg_wr$\memory$architecture_simulator/rtl/vertical_slice/gtsu_lbuf_16bank_macro_model.sv:78$4077_ADDR[3:0]$5615
  1774/2976: $2$mem2reg_wr$\memory$architecture_simulator/rtl/vertical_slice/gtsu_lbuf_16bank_macro_model.sv:78$4077_DATA[127:0]$5613
  1775/2976: $2$mem2reg_wr$\memory$architecture_simulator/rtl/vertical_slice/gtsu_lbuf_16bank_macro_model.sv:78$4078_ADDR[3:0]$5611
  1776/2976: $2$mem2reg_wr$\memory$architecture_simulator/rtl/vertical_slice/gtsu_lbuf_16bank_macro_model.sv:78$4078_DATA[127:0]$5609
  1777/2976: $2$mem2reg_wr$\memory$architecture_simulator/rtl/vertical_slice/gtsu_lbuf_16bank_macro_model.sv:78$4079_ADDR[3:0]$5607
  1778/2976: $2$mem2reg_wr$\memory$architecture_simulator/rtl/vertical_slice/gtsu_lbuf_16bank_macro_model.sv:78$4080_ADDR[3:0]$5604
  1779/2976: $2$mem2reg_wr$\memory$architecture_simulator/rtl/vertical_slice/gtsu_lbuf_16bank_macro_model.sv:78$4080_DATA[127:0]$5602
  1780/2976: $2$mem2reg_wr$\memory$architecture_simulator/rtl/vertical_slice/gtsu_lbuf_16bank_macro_model.sv:78$4081_ADDR[3:0]$5600
  1781/2976: $2$mem2reg_wr$\memory$architecture_simulator/rtl/vertical_slice/gtsu_lbuf_16bank_macro_model.sv:78$4081_DATA[127:0]$5598
  1782/2976: $2$mem2reg_wr$\memory$architecture_simulator/rtl/vertical_slice/gtsu_lbuf_16bank_macro_model.sv:78$4082_ADDR[3:0]$5596
  1783/2976: $2$mem2reg_wr$\memory$architecture_simulator/rtl/vertical_slice/gtsu_lbuf_16bank_macro_model.sv:78$4082_DATA[127:0]$5594
  1784/2976: $2$mem2reg_wr$\memory$architecture_simulator/rtl/vertical_slice/gtsu_lbuf_16bank_macro_model.sv:78$4083_ADDR[3:0]$5592
  1785/2976: $2$mem2reg_wr$\memory$architecture_simulator/rtl/vertical_slice/gtsu_lbuf_16bank_macro_model.sv:78$4079_DATA[127:0]$5590
  1786/2976: $2$mem2reg_wr$\memory$architecture_simulator/rtl/vertical_slice/gtsu_lbuf_16bank_macro_model.sv:78$4083_DATA[127:0]$5589
  1787/2976: $2$mem2reg_wr$\memory$architecture_simulator/rtl/vertical_slice/gtsu_lbuf_16bank_macro_model.sv:78$4084_ADDR[3:0]$5588
  1788/2976: $2$mem2reg_wr$\memory$architecture_simulator/rtl/vertical_slice/gtsu_lbuf_16bank_macro_model.sv:78$4084_DATA[127:0]$5586
  1789/2976: $2$mem2reg_wr$\memory$architecture_simulator/rtl/vertical_slice/gtsu_lbuf_16bank_macro_model.sv:78$4085_ADDR[3:0]$5584
  1790/2976: $2$mem2reg_wr$\memory$architecture_simulator/rtl/vertical_slice/gtsu_lbuf_16bank_macro_model.sv:78$4085_DATA[127:0]$5582
  1791/2976: $2$mem2reg_wr$\memory$architecture_simulator/rtl/vertical_slice/gtsu_lbuf_16bank_macro_model.sv:78$4086_ADDR[3:0]$5580
  1792/2976: $2$mem2reg_wr$\memory$architecture_simulator/rtl/vertical_slice/gtsu_lbuf_16bank_macro_model.sv:78$4086_DATA[127:0]$5578
  1793/2976: $2$mem2reg_wr$\memory$architecture_simulator/rtl/vertical_slice/gtsu_lbuf_16bank_macro_model.sv:78$4087_ADDR[3:0]$5576
  1794/2976: $2$mem2reg_wr$\memory$architecture_simulator/rtl/vertical_slice/gtsu_lbuf_16bank_macro_model.sv:78$4087_DATA[127:0]$5566
  1795/2976: $3$mem2reg_rd$\memory$architecture_simulator/rtl/vertical_slice/gtsu_lbuf_16bank_macro_model.sv:69$4071_DATA[127:0]$5564
  1796/2976: $2$mem2reg_rd$\memory$architecture_simulator/rtl/vertical_slice/gtsu_lbuf_16bank_macro_model.sv:69$4071_DATA[127:0]$5561
  1797/2976: $2$mem2reg_rd$\memory$architecture_simulator/rtl/vertical_slice/gtsu_lbuf_16bank_macro_model.sv:69$4071_ADDR[3:0]$5562
  1798/2976: $3$mem2reg_rd$\memory$architecture_simulator/rtl/vertical_slice/gtsu_lbuf_16bank_macro_model.sv:69$4070_DATA[127:0]$5558
  1799/2976: $0\data_pipe[0][2047:0] [2047:1920]
  1800/2976: $0\data_pipe[0][2047:0] [1919:1792]
  1801/2976: $2$mem2reg_rd$\memory$architecture_simulator/rtl/vertical_slice/gtsu_lbuf_16bank_macro_model.sv:69$4070_ADDR[3:0]$5556
  1802/2976: $3$mem2reg_rd$\memory$architecture_simulator/rtl/vertical_slice/gtsu_lbuf_16bank_macro_model.sv:69$4069_DATA[127:0]$5552
  1803/2976: $2$mem2reg_rd$\memory$architecture_simulator/rtl/vertical_slice/gtsu_lbuf_16bank_macro_model.sv:69$4070_DATA[127:0]$5555
  1804/2976: $0\data_pipe[0][2047:0] [1791:1664]
  1805/2976: $2$mem2reg_rd$\memory$architecture_simulator/rtl/vertical_slice/gtsu_lbuf_16bank_macro_model.sv:69$4069_ADDR[3:0]$5550
  1806/2976: $3$mem2reg_rd$\memory$architecture_simulator/rtl/vertical_slice/gtsu_lbuf_16bank_macro_model.sv:69$4068_DATA[127:0]$5546
  1807/2976: $2$mem2reg_rd$\memory$architecture_simulator/rtl/vertical_slice/gtsu_lbuf_16bank_macro_model.sv:69$4069_DATA[127:0]$5549
  1808/2976: $0\data_pipe[0][2047:0] [1663:1536]
  1809/2976: $2$mem2reg_rd$\memory$architecture_simulator/rtl/vertical_slice/gtsu_lbuf_16bank_macro_model.sv:69$4068_ADDR[3:0]$5544
  1810/2976: $3$mem2reg_rd$\memory$architecture_simulator/rtl/vertical_slice/gtsu_lbuf_16bank_macro_model.sv:69$4067_DATA[127:0]$5540
  1811/2976: $2$mem2reg_rd$\memory$architecture_simulator/rtl/vertical_slice/gtsu_lbuf_16bank_macro_model.sv:69$4068_DATA[127:0]$5543
  1812/2976: $0\data_pipe[0][2047:0] [1535:1408]
  1813/2976: $2$mem2reg_rd$\memory$architecture_simulator/rtl/vertical_slice/gtsu_lbuf_16bank_macro_model.sv:69$4067_ADDR[3:0]$5538
  1814/2976: $3$mem2reg_rd$\memory$architecture_simulator/rtl/vertical_slice/gtsu_lbuf_16bank_macro_model.sv:69$4066_DATA[127:0]$5534
  1815/2976: $2$mem2reg_rd$\memory$architecture_simulator/rtl/vertical_slice/gtsu_lbuf_16bank_macro_model.sv:69$4067_DATA[127:0]$5537
  1816/2976: $0\data_pipe[0][2047:0] [1407:1280]
  1817/2976: $2$mem2reg_rd$\memory$architecture_simulator/rtl/vertical_slice/gtsu_lbuf_16bank_macro_model.sv:69$4066_ADDR[3:0]$5532
  1818/2976: $3$mem2reg_rd$\memory$architecture_simulator/rtl/vertical_slice/gtsu_lbuf_16bank_macro_model.sv:69$4065_DATA[127:0]$5528
  1819/2976: $2$mem2reg_rd$\memory$architecture_simulator/rtl/vertical_slice/gtsu_lbuf_16bank_macro_model.sv:69$4066_DATA[127:0]$5531
  1820/2976: $0\data_pipe[0][2047:0] [1279:1152]
  1821/2976: $2$mem2reg_rd$\memory$architecture_simulator/rtl/vertical_slice/gtsu_lbuf_16bank_macro_model.sv:69$4065_ADDR[3:0]$5526
  1822/2976: $3$mem2reg_rd$\memory$architecture_simulator/rtl/vertical_slice/gtsu_lbuf_16bank_macro_model.sv:69$4064_DATA[127:0]$5522
  1823/2976: $2$mem2reg_rd$\memory$architecture_simulator/rtl/vertical_slice/gtsu_lbuf_16bank_macro_model.sv:69$4065_DATA[127:0]$5525
  1824/2976: $0\data_pipe[0][2047:0] [1151:1024]
  1825/2976: $2$mem2reg_rd$\memory$architecture_simulator/rtl/vertical_slice/gtsu_lbuf_16bank_macro_model.sv:69$4064_ADDR[3:0]$5520
  1826/2976: $3$mem2reg_rd$\memory$architecture_simulator/rtl/vertical_slice/gtsu_lbuf_16bank_macro_model.sv:69$4063_DATA[127:0]$5516
  1827/2976: $2$mem2reg_rd$\memory$architecture_simulator/rtl/vertical_slice/gtsu_lbuf_16bank_macro_model.sv:69$4064_DATA[127:0]$5519
  1828/2976: $0\data_pipe[0][2047:0] [1023:896]
  1829/2976: $2$mem2reg_rd$\memory$architecture_simulator/rtl/vertical_slice/gtsu_lbuf_16bank_macro_model.sv:69$4063_ADDR[3:0]$5514
  1830/2976: $3$mem2reg_rd$\memory$architecture_simulator/rtl/vertical_slice/gtsu_lbuf_16bank_macro_model.sv:69$4062_DATA[127:0]$5510
  1831/2976: $2$mem2reg_rd$\memory$architecture_simulator/rtl/vertical_slice/gtsu_lbuf_16bank_macro_model.sv:69$4063_DATA[127:0]$5513
  1832/2976: $0\data_pipe[0][2047:0] [895:768]
  1833/2976: $2$mem2reg_rd$\memory$architecture_simulator/rtl/vertical_slice/gtsu_lbuf_16bank_macro_model.sv:69$4062_ADDR[3:0]$5508
  1834/2976: $3$mem2reg_rd$\memory$architecture_simulator/rtl/vertical_slice/gtsu_lbuf_16bank_macro_model.sv:69$4061_DATA[127:0]$5504
  1835/2976: $2$mem2reg_rd$\memory$architecture_simulator/rtl/vertical_slice/gtsu_lbuf_16bank_macro_model.sv:69$4062_DATA[127:0]$5507
  1836/2976: $0\data_pipe[0][2047:0] [767:640]
  1837/2976: $2$mem2reg_rd$\memory$architecture_simulator/rtl/vertical_slice/gtsu_lbuf_16bank_macro_model.sv:69$4061_ADDR[3:0]$5502
  1838/2976: $3$mem2reg_rd$\memory$architecture_simulator/rtl/vertical_slice/gtsu_lbuf_16bank_macro_model.sv:69$4060_DATA[127:0]$5498
  1839/2976: $2$mem2reg_rd$\memory$architecture_simulator/rtl/vertical_slice/gtsu_lbuf_16bank_macro_model.sv:69$4061_DATA[127:0]$5501
  1840/2976: $0\data_pipe[0][2047:0] [639:512]
  1841/2976: $2$mem2reg_rd$\memory$architecture_simulator/rtl/vertical_slice/gtsu_lbuf_16bank_macro_model.sv:69$4060_ADDR[3:0]$5496
  1842/2976: $3$mem2reg_rd$\memory$architecture_simulator/rtl/vertical_slice/gtsu_lbuf_16bank_macro_model.sv:69$4059_DATA[127:0]$5492
  1843/2976: $2$mem2reg_rd$\memory$architecture_simulator/rtl/vertical_slice/gtsu_lbuf_16bank_macro_model.sv:69$4060_DATA[127:0]$5495
  1844/2976: $0\data_pipe[0][2047:0] [511:384]
  1845/2976: $2$mem2reg_rd$\memory$architecture_simulator/rtl/vertical_slice/gtsu_lbuf_16bank_macro_model.sv:69$4059_ADDR[3:0]$5490
  1846/2976: $3$mem2reg_rd$\memory$architecture_simulator/rtl/vertical_slice/gtsu_lbuf_16bank_macro_model.sv:69$4058_DATA[127:0]$5486
  1847/2976: $2$mem2reg_rd$\memory$architecture_simulator/rtl/vertical_slice/gtsu_lbuf_16bank_macro_model.sv:69$4059_DATA[127:0]$5489
  1848/2976: $0\data_pipe[0][2047:0] [383:256]
  1849/2976: $2$mem2reg_rd$\memory$architecture_simulator/rtl/vertical_slice/gtsu_lbuf_16bank_macro_model.sv:69$4058_ADDR[3:0]$5484
  1850/2976: $3$mem2reg_rd$\memory$architecture_simulator/rtl/vertical_slice/gtsu_lbuf_16bank_macro_model.sv:69$4057_DATA[127:0]$5480
  1851/2976: $2$mem2reg_rd$\memory$architecture_simulator/rtl/vertical_slice/gtsu_lbuf_16bank_macro_model.sv:69$4058_DATA[127:0]$5483
  1852/2976: $0\data_pipe[0][2047:0] [255:128]
  1853/2976: $2$mem2reg_rd$\memory$architecture_simulator/rtl/vertical_slice/gtsu_lbuf_16bank_macro_model.sv:69$4057_ADDR[3:0]$5477
  1854/2976: $3$mem2reg_rd$\memory$architecture_simulator/rtl/vertical_slice/gtsu_lbuf_16bank_macro_model.sv:69$4056_DATA[127:0]$5474
  1855/2976: $2$mem2reg_rd$\memory$architecture_simulator/rtl/vertical_slice/gtsu_lbuf_16bank_macro_model.sv:69$4057_DATA[127:0]$5478
  1856/2976: $0\data_pipe[0][2047:0] [127:0]
  1857/2976: $2$mem2reg_rd$\memory$architecture_simulator/rtl/vertical_slice/gtsu_lbuf_16bank_macro_model.sv:69$4056_ADDR[3:0]$5471
  1858/2976: $1$mem2reg_wr$\memory$architecture_simulator/rtl/vertical_slice/gtsu_lbuf_16bank_macro_model.sv:78$4327_DATA[127:0]$5467
  1859/2976: $1$mem2reg_wr$\memory$architecture_simulator/rtl/vertical_slice/gtsu_lbuf_16bank_macro_model.sv:78$4327_ADDR[3:0]$5466
  1860/2976: $1$mem2reg_wr$\memory$architecture_simulator/rtl/vertical_slice/gtsu_lbuf_16bank_macro_model.sv:78$4326_DATA[127:0]$5465
  1861/2976: $1$mem2reg_wr$\memory$architecture_simulator/rtl/vertical_slice/gtsu_lbuf_16bank_macro_model.sv:78$4326_ADDR[3:0]$5464
  1862/2976: $1$mem2reg_wr$\memory$architecture_simulator/rtl/vertical_slice/gtsu_lbuf_16bank_macro_model.sv:78$4325_DATA[127:0]$5463
  1863/2976: $1$mem2reg_wr$\memory$architecture_simulator/rtl/vertical_slice/gtsu_lbuf_16bank_macro_model.sv:78$4325_ADDR[3:0]$5462
  1864/2976: $1$mem2reg_wr$\memory$architecture_simulator/rtl/vertical_slice/gtsu_lbuf_16bank_macro_model.sv:78$4324_DATA[127:0]$5461
  1865/2976: $1$mem2reg_wr$\memory$architecture_simulator/rtl/vertical_slice/gtsu_lbuf_16bank_macro_model.sv:78$4324_ADDR[3:0]$5460
  1866/2976: $1$mem2reg_wr$\memory$architecture_simulator/rtl/vertical_slice/gtsu_lbuf_16bank_macro_model.sv:78$4323_DATA[127:0]$5459
  1867/2976: $1$mem2reg_wr$\memory$architecture_simulator/rtl/vertical_slice/gtsu_lbuf_16bank_macro_model.sv:78$4323_ADDR[3:0]$5458
  1868/2976: $1$mem2reg_wr$\memory$architecture_simulator/rtl/vertical_slice/gtsu_lbuf_16bank_macro_model.sv:78$4322_DATA[127:0]$5457
  1869/2976: $1$mem2reg_wr$\memory$architecture_simulator/rtl/vertical_slice/gtsu_lbuf_16bank_macro_model.sv:78$4322_ADDR[3:0]$5456
  1870/2976: $1$mem2reg_wr$\memory$architecture_simulator/rtl/vertical_slice/gtsu_lbuf_16bank_macro_model.sv:78$4321_DATA[127:0]$5455
  1871/2976: $1$mem2reg_wr$\memory$architecture_simulator/rtl/vertical_slice/gtsu_lbuf_16bank_macro_model.sv:78$4321_ADDR[3:0]$5454
  1872/2976: $1$mem2reg_wr$\memory$architecture_simulator/rtl/vertical_slice/gtsu_lbuf_16bank_macro_model.sv:78$4320_DATA[127:0]$5453
  1873/2976: $1$mem2reg_wr$\memory$architecture_simulator/rtl/vertical_slice/gtsu_lbuf_16bank_macro_model.sv:78$4320_ADDR[3:0]$5452
  1874/2976: $1$mem2reg_wr$\memory$architecture_simulator/rtl/vertical_slice/gtsu_lbuf_16bank_macro_model.sv:78$4319_DATA[127:0]$5451
  1875/2976: $1$mem2reg_wr$\memory$architecture_simulator/rtl/vertical_slice/gtsu_lbuf_16bank_macro_model.sv:78$4319_ADDR[3:0]$5450
  1876/2976: $1$mem2reg_wr$\memory$architecture_simulator/rtl/vertical_slice/gtsu_lbuf_16bank_macro_model.sv:78$4318_DATA[127:0]$5449
  1877/2976: $1$mem2reg_wr$\memory$architecture_simulator/rtl/vertical_slice/gtsu_lbuf_16bank_macro_model.sv:78$4318_ADDR[3:0]$5448
  1878/2976: $1$mem2reg_wr$\memory$architecture_simulator/rtl/vertical_slice/gtsu_lbuf_16bank_macro_model.sv:78$4317_DATA[127:0]$5447
  1879/2976: $1$mem2reg_wr$\memory$architecture_simulator/rtl/vertical_slice/gtsu_lbuf_16bank_macro_model.sv:78$4317_ADDR[3:0]$5446
  1880/2976: $1$mem2reg_wr$\memory$architecture_simulator/rtl/vertical_slice/gtsu_lbuf_16bank_macro_model.sv:78$4316_DATA[127:0]$5445
  1881/2976: $1$mem2reg_wr$\memory$architecture_simulator/rtl/vertical_slice/gtsu_lbuf_16bank_macro_model.sv:78$4316_ADDR[3:0]$5444
  1882/2976: $1$mem2reg_wr$\memory$architecture_simulator/rtl/vertical_slice/gtsu_lbuf_16bank_macro_model.sv:78$4315_DATA[127:0]$5443
  1883/2976: $1$mem2reg_wr$\memory$architecture_simulator/rtl/vertical_slice/gtsu_lbuf_16bank_macro_model.sv:78$4315_ADDR[3:0]$5442
  1884/2976: $1$mem2reg_wr$\memory$architecture_simulator/rtl/vertical_slice/gtsu_lbuf_16bank_macro_model.sv:78$4314_DATA[127:0]$5441
  1885/2976: $1$mem2reg_wr$\memory$architecture_simulator/rtl/vertical_slice/gtsu_lbuf_16bank_macro_model.sv:78$4314_ADDR[3:0]$5440
  1886/2976: $1$mem2reg_wr$\memory$architecture_simulator/rtl/vertical_slice/gtsu_lbuf_16bank_macro_model.sv:78$4313_DATA[127:0]$5439
  1887/2976: $1$mem2reg_wr$\memory$architecture_simulator/rtl/vertical_slice/gtsu_lbuf_16bank_macro_model.sv:78$4313_ADDR[3:0]$5438
  1888/2976: $1$mem2reg_wr$\memory$architecture_simulator/rtl/vertical_slice/gtsu_lbuf_16bank_macro_model.sv:78$4312_DATA[127:0]$5437
  1889/2976: $1$mem2reg_wr$\memory$architecture_simulator/rtl/vertical_slice/gtsu_lbuf_16bank_macro_model.sv:78$4312_ADDR[3:0]$5436
  1890/2976: $1$mem2reg_wr$\memory$architecture_simulator/rtl/vertical_slice/gtsu_lbuf_16bank_macro_model.sv:78$4311_DATA[127:0]$5435
  1891/2976: $1$mem2reg_wr$\memory$architecture_simulator/rtl/vertical_slice/gtsu_lbuf_16bank_macro_model.sv:78$4311_ADDR[3:0]$5434
  1892/2976: $1$mem2reg_wr$\memory$architecture_simulator/rtl/vertical_slice/gtsu_lbuf_16bank_macro_model.sv:78$4310_DATA[127:0]$5433
  1893/2976: $1$mem2reg_wr$\memory$architecture_simulator/rtl/vertical_slice/gtsu_lbuf_16bank_macro_model.sv:78$4310_ADDR[3:0]$5432
  1894/2976: $1$mem2reg_wr$\memory$architecture_simulator/rtl/vertical_slice/gtsu_lbuf_16bank_macro_model.sv:78$4309_DATA[127:0]$5431
  1895/2976: $1$mem2reg_wr$\memory$architecture_simulator/rtl/vertical_slice/gtsu_lbuf_16bank_macro_model.sv:78$4309_ADDR[3:0]$5430
  1896/2976: $1$mem2reg_wr$\memory$architecture_simulator/rtl/vertical_slice/gtsu_lbuf_16bank_macro_model.sv:78$4308_DATA[127:0]$5429
  1897/2976: $1$mem2reg_wr$\memory$architecture_simulator/rtl/vertical_slice/gtsu_lbuf_16bank_macro_model.sv:78$4308_ADDR[3:0]$5428
  1898/2976: $1$mem2reg_wr$\memory$architecture_simulator/rtl/vertical_slice/gtsu_lbuf_16bank_macro_model.sv:78$4307_DATA[127:0]$5427
  1899/2976: $1$mem2reg_wr$\memory$architecture_simulator/rtl/vertical_slice/gtsu_lbuf_16bank_macro_model.sv:78$4307_ADDR[3:0]$5426
  1900/2976: $1$mem2reg_wr$\memory$architecture_simulator/rtl/vertical_slice/gtsu_lbuf_16bank_macro_model.sv:78$4306_DATA[127:0]$5425
  1901/2976: $1$mem2reg_wr$\memory$architecture_simulator/rtl/vertical_slice/gtsu_lbuf_16bank_macro_model.sv:78$4306_ADDR[3:0]$5424
  1902/2976: $1$mem2reg_wr$\memory$architecture_simulator/rtl/vertical_slice/gtsu_lbuf_16bank_macro_model.sv:78$4305_DATA[127:0]$5423
  1903/2976: $1$mem2reg_wr$\memory$architecture_simulator/rtl/vertical_slice/gtsu_lbuf_16bank_macro_model.sv:78$4305_ADDR[3:0]$5422
  1904/2976: $1$mem2reg_wr$\memory$architecture_simulator/rtl/vertical_slice/gtsu_lbuf_16bank_macro_model.sv:78$4304_DATA[127:0]$5421
  1905/2976: $1$mem2reg_wr$\memory$architecture_simulator/rtl/vertical_slice/gtsu_lbuf_16bank_macro_model.sv:78$4304_ADDR[3:0]$5420
  1906/2976: $1$mem2reg_wr$\memory$architecture_simulator/rtl/vertical_slice/gtsu_lbuf_16bank_macro_model.sv:78$4303_DATA[127:0]$5419
  1907/2976: $1$mem2reg_wr$\memory$architecture_simulator/rtl/vertical_slice/gtsu_lbuf_16bank_macro_model.sv:78$4303_ADDR[3:0]$5418
  1908/2976: $1$mem2reg_wr$\memory$architecture_simulator/rtl/vertical_slice/gtsu_lbuf_16bank_macro_model.sv:78$4302_DATA[127:0]$5417
  1909/2976: $1$mem2reg_wr$\memory$architecture_simulator/rtl/vertical_slice/gtsu_lbuf_16bank_macro_model.sv:78$4302_ADDR[3:0]$5416
  1910/2976: $1$mem2reg_wr$\memory$architecture_simulator/rtl/vertical_slice/gtsu_lbuf_16bank_macro_model.sv:78$4301_DATA[127:0]$5415
  1911/2976: $1$mem2reg_wr$\memory$architecture_simulator/rtl/vertical_slice/gtsu_lbuf_16bank_macro_model.sv:78$4301_ADDR[3:0]$5414
  1912/2976: $1$mem2reg_wr$\memory$architecture_simulator/rtl/vertical_slice/gtsu_lbuf_16bank_macro_model.sv:78$4300_DATA[127:0]$5413
  1913/2976: $1$mem2reg_wr$\memory$architecture_simulator/rtl/vertical_slice/gtsu_lbuf_16bank_macro_model.sv:78$4300_ADDR[3:0]$5412
  1914/2976: $1$mem2reg_wr$\memory$architecture_simulator/rtl/vertical_slice/gtsu_lbuf_16bank_macro_model.sv:78$4299_DATA[127:0]$5411
  1915/2976: $1$mem2reg_wr$\memory$architecture_simulator/rtl/vertical_slice/gtsu_lbuf_16bank_macro_model.sv:78$4299_ADDR[3:0]$5410
  1916/2976: $1$mem2reg_wr$\memory$architecture_simulator/rtl/vertical_slice/gtsu_lbuf_16bank_macro_model.sv:78$4298_DATA[127:0]$5409
  1917/2976: $1$mem2reg_wr$\memory$architecture_simulator/rtl/vertical_slice/gtsu_lbuf_16bank_macro_model.sv:78$4298_ADDR[3:0]$5408
  1918/2976: $1$mem2reg_wr$\memory$architecture_simulator/rtl/vertical_slice/gtsu_lbuf_16bank_macro_model.sv:78$4297_DATA[127:0]$5407
  1919/2976: $1$mem2reg_wr$\memory$architecture_simulator/rtl/vertical_slice/gtsu_lbuf_16bank_macro_model.sv:78$4297_ADDR[3:0]$5406
  1920/2976: $1$mem2reg_wr$\memory$architecture_simulator/rtl/vertical_slice/gtsu_lbuf_16bank_macro_model.sv:78$4296_DATA[127:0]$5405
  1921/2976: $1$mem2reg_wr$\memory$architecture_simulator/rtl/vertical_slice/gtsu_lbuf_16bank_macro_model.sv:78$4296_ADDR[3:0]$5404
  1922/2976: $1$mem2reg_wr$\memory$architecture_simulator/rtl/vertical_slice/gtsu_lbuf_16bank_macro_model.sv:78$4295_DATA[127:0]$5403
  1923/2976: $1$mem2reg_wr$\memory$architecture_simulator/rtl/vertical_slice/gtsu_lbuf_16bank_macro_model.sv:78$4295_ADDR[3:0]$5402
  1924/2976: $1$mem2reg_wr$\memory$architecture_simulator/rtl/vertical_slice/gtsu_lbuf_16bank_macro_model.sv:78$4294_DATA[127:0]$5401
  1925/2976: $1$mem2reg_wr$\memory$architecture_simulator/rtl/vertical_slice/gtsu_lbuf_16bank_macro_model.sv:78$4294_ADDR[3:0]$5400
  1926/2976: $1$mem2reg_wr$\memory$architecture_simulator/rtl/vertical_slice/gtsu_lbuf_16bank_macro_model.sv:78$4293_DATA[127:0]$5399
  1927/2976: $1$mem2reg_wr$\memory$architecture_simulator/rtl/vertical_slice/gtsu_lbuf_16bank_macro_model.sv:78$4293_ADDR[3:0]$5398
  1928/2976: $1$mem2reg_wr$\memory$architecture_simulator/rtl/vertical_slice/gtsu_lbuf_16bank_macro_model.sv:78$4292_DATA[127:0]$5397
  1929/2976: $1$mem2reg_wr$\memory$architecture_simulator/rtl/vertical_slice/gtsu_lbuf_16bank_macro_model.sv:78$4292_ADDR[3:0]$5396
  1930/2976: $1$mem2reg_wr$\memory$architecture_simulator/rtl/vertical_slice/gtsu_lbuf_16bank_macro_model.sv:78$4291_DATA[127:0]$5395
  1931/2976: $1$mem2reg_wr$\memory$architecture_simulator/rtl/vertical_slice/gtsu_lbuf_16bank_macro_model.sv:78$4291_ADDR[3:0]$5394
  1932/2976: $1$mem2reg_wr$\memory$architecture_simulator/rtl/vertical_slice/gtsu_lbuf_16bank_macro_model.sv:78$4290_DATA[127:0]$5393
  1933/2976: $1$mem2reg_wr$\memory$architecture_simulator/rtl/vertical_slice/gtsu_lbuf_16bank_macro_model.sv:78$4290_ADDR[3:0]$5392
  1934/2976: $1$mem2reg_wr$\memory$architecture_simulator/rtl/vertical_slice/gtsu_lbuf_16bank_macro_model.sv:78$4289_DATA[127:0]$5391
  1935/2976: $1$mem2reg_wr$\memory$architecture_simulator/rtl/vertical_slice/gtsu_lbuf_16bank_macro_model.sv:78$4289_ADDR[3:0]$5390
  1936/2976: $1$mem2reg_wr$\memory$architecture_simulator/rtl/vertical_slice/gtsu_lbuf_16bank_macro_model.sv:78$4288_DATA[127:0]$5389
  1937/2976: $1$mem2reg_wr$\memory$architecture_simulator/rtl/vertical_slice/gtsu_lbuf_16bank_macro_model.sv:78$4288_ADDR[3:0]$5388
  1938/2976: $1$mem2reg_wr$\memory$architecture_simulator/rtl/vertical_slice/gtsu_lbuf_16bank_macro_model.sv:78$4287_DATA[127:0]$5387
  1939/2976: $1$mem2reg_wr$\memory$architecture_simulator/rtl/vertical_slice/gtsu_lbuf_16bank_macro_model.sv:78$4287_ADDR[3:0]$5386
  1940/2976: $1$mem2reg_wr$\memory$architecture_simulator/rtl/vertical_slice/gtsu_lbuf_16bank_macro_model.sv:78$4286_DATA[127:0]$5385
  1941/2976: $1$mem2reg_wr$\memory$architecture_simulator/rtl/vertical_slice/gtsu_lbuf_16bank_macro_model.sv:78$4286_ADDR[3:0]$5384
  1942/2976: $1$mem2reg_wr$\memory$architecture_simulator/rtl/vertical_slice/gtsu_lbuf_16bank_macro_model.sv:78$4285_DATA[127:0]$5383
  1943/2976: $1$mem2reg_wr$\memory$architecture_simulator/rtl/vertical_slice/gtsu_lbuf_16bank_macro_model.sv:78$4285_ADDR[3:0]$5382
  1944/2976: $1$mem2reg_wr$\memory$architecture_simulator/rtl/vertical_slice/gtsu_lbuf_16bank_macro_model.sv:78$4284_DATA[127:0]$5381
  1945/2976: $1$mem2reg_wr$\memory$architecture_simulator/rtl/vertical_slice/gtsu_lbuf_16bank_macro_model.sv:78$4284_ADDR[3:0]$5380
  1946/2976: $1$mem2reg_wr$\memory$architecture_simulator/rtl/vertical_slice/gtsu_lbuf_16bank_macro_model.sv:78$4283_DATA[127:0]$5379
  1947/2976: $1$mem2reg_wr$\memory$architecture_simulator/rtl/vertical_slice/gtsu_lbuf_16bank_macro_model.sv:78$4283_ADDR[3:0]$5378
  1948/2976: $1$mem2reg_wr$\memory$architecture_simulator/rtl/vertical_slice/gtsu_lbuf_16bank_macro_model.sv:78$4282_DATA[127:0]$5377
  1949/2976: $1$mem2reg_wr$\memory$architecture_simulator/rtl/vertical_slice/gtsu_lbuf_16bank_macro_model.sv:78$4282_ADDR[3:0]$5376
  1950/2976: $1$mem2reg_wr$\memory$architecture_simulator/rtl/vertical_slice/gtsu_lbuf_16bank_macro_model.sv:78$4281_DATA[127:0]$5375
  1951/2976: $1$mem2reg_wr$\memory$architecture_simulator/rtl/vertical_slice/gtsu_lbuf_16bank_macro_model.sv:78$4281_ADDR[3:0]$5374
  1952/2976: $1$mem2reg_wr$\memory$architecture_simulator/rtl/vertical_slice/gtsu_lbuf_16bank_macro_model.sv:78$4280_DATA[127:0]$5373
  1953/2976: $1$mem2reg_wr$\memory$architecture_simulator/rtl/vertical_slice/gtsu_lbuf_16bank_macro_model.sv:78$4280_ADDR[3:0]$5372
  1954/2976: $1$mem2reg_wr$\memory$architecture_simulator/rtl/vertical_slice/gtsu_lbuf_16bank_macro_model.sv:78$4279_DATA[127:0]$5371
  1955/2976: $1$mem2reg_wr$\memory$architecture_simulator/rtl/vertical_slice/gtsu_lbuf_16bank_macro_model.sv:78$4279_ADDR[3:0]$5370
  1956/2976: $1$mem2reg_wr$\memory$architecture_simulator/rtl/vertical_slice/gtsu_lbuf_16bank_macro_model.sv:78$4278_DATA[127:0]$5369
  1957/2976: $1$mem2reg_wr$\memory$architecture_simulator/rtl/vertical_slice/gtsu_lbuf_16bank_macro_model.sv:78$4278_ADDR[3:0]$5368
  1958/2976: $1$mem2reg_wr$\memory$architecture_simulator/rtl/vertical_slice/gtsu_lbuf_16bank_macro_model.sv:78$4277_DATA[127:0]$5367
  1959/2976: $1$mem2reg_wr$\memory$architecture_simulator/rtl/vertical_slice/gtsu_lbuf_16bank_macro_model.sv:78$4277_ADDR[3:0]$5366
  1960/2976: $1$mem2reg_wr$\memory$architecture_simulator/rtl/vertical_slice/gtsu_lbuf_16bank_macro_model.sv:78$4276_DATA[127:0]$5365
  1961/2976: $1$mem2reg_wr$\memory$architecture_simulator/rtl/vertical_slice/gtsu_lbuf_16bank_macro_model.sv:78$4276_ADDR[3:0]$5364
  1962/2976: $1$mem2reg_wr$\memory$architecture_simulator/rtl/vertical_slice/gtsu_lbuf_16bank_macro_model.sv:78$4275_DATA[127:0]$5363
  1963/2976: $1$mem2reg_wr$\memory$architecture_simulator/rtl/vertical_slice/gtsu_lbuf_16bank_macro_model.sv:78$4275_ADDR[3:0]$5362
  1964/2976: $1$mem2reg_wr$\memory$architecture_simulator/rtl/vertical_slice/gtsu_lbuf_16bank_macro_model.sv:78$4274_DATA[127:0]$5361
  1965/2976: $1$mem2reg_wr$\memory$architecture_simulator/rtl/vertical_slice/gtsu_lbuf_16bank_macro_model.sv:78$4274_ADDR[3:0]$5360
  1966/2976: $1$mem2reg_wr$\memory$architecture_simulator/rtl/vertical_slice/gtsu_lbuf_16bank_macro_model.sv:78$4273_DATA[127:0]$5359
  1967/2976: $1$mem2reg_wr$\memory$architecture_simulator/rtl/vertical_slice/gtsu_lbuf_16bank_macro_model.sv:78$4273_ADDR[3:0]$5358
  1968/2976: $1$mem2reg_wr$\memory$architecture_simulator/rtl/vertical_slice/gtsu_lbuf_16bank_macro_model.sv:78$4272_DATA[127:0]$5357
  1969/2976: $1$mem2reg_wr$\memory$architecture_simulator/rtl/vertical_slice/gtsu_lbuf_16bank_macro_model.sv:78$4272_ADDR[3:0]$5356
  1970/2976: $1$mem2reg_wr$\memory$architecture_simulator/rtl/vertical_slice/gtsu_lbuf_16bank_macro_model.sv:78$4271_DATA[127:0]$5355
  1971/2976: $1$mem2reg_wr$\memory$architecture_simulator/rtl/vertical_slice/gtsu_lbuf_16bank_macro_model.sv:78$4271_ADDR[3:0]$5354
  1972/2976: $1$mem2reg_wr$\memory$architecture_simulator/rtl/vertical_slice/gtsu_lbuf_16bank_macro_model.sv:78$4270_DATA[127:0]$5353
  1973/2976: $1$mem2reg_wr$\memory$architecture_simulator/rtl/vertical_slice/gtsu_lbuf_16bank_macro_model.sv:78$4270_ADDR[3:0]$5352
  1974/2976: $1$mem2reg_wr$\memory$architecture_simulator/rtl/vertical_slice/gtsu_lbuf_16bank_macro_model.sv:78$4269_DATA[127:0]$5351
  1975/2976: $1$mem2reg_wr$\memory$architecture_simulator/rtl/vertical_slice/gtsu_lbuf_16bank_macro_model.sv:78$4269_ADDR[3:0]$5350
  1976/2976: $1$mem2reg_wr$\memory$architecture_simulator/rtl/vertical_slice/gtsu_lbuf_16bank_macro_model.sv:78$4268_DATA[127:0]$5349
  1977/2976: $1$mem2reg_wr$\memory$architecture_simulator/rtl/vertical_slice/gtsu_lbuf_16bank_macro_model.sv:78$4268_ADDR[3:0]$5348
  1978/2976: $1$mem2reg_wr$\memory$architecture_simulator/rtl/vertical_slice/gtsu_lbuf_16bank_macro_model.sv:78$4267_DATA[127:0]$5347
  1979/2976: $1$mem2reg_wr$\memory$architecture_simulator/rtl/vertical_slice/gtsu_lbuf_16bank_macro_model.sv:78$4267_ADDR[3:0]$5346
  1980/2976: $1$mem2reg_wr$\memory$architecture_simulator/rtl/vertical_slice/gtsu_lbuf_16bank_macro_model.sv:78$4266_DATA[127:0]$5345
  1981/2976: $1$mem2reg_wr$\memory$architecture_simulator/rtl/vertical_slice/gtsu_lbuf_16bank_macro_model.sv:78$4266_ADDR[3:0]$5344
  1982/2976: $1$mem2reg_wr$\memory$architecture_simulator/rtl/vertical_slice/gtsu_lbuf_16bank_macro_model.sv:78$4265_DATA[127:0]$5343
  1983/2976: $1$mem2reg_wr$\memory$architecture_simulator/rtl/vertical_slice/gtsu_lbuf_16bank_macro_model.sv:78$4265_ADDR[3:0]$5342
  1984/2976: $1$mem2reg_wr$\memory$architecture_simulator/rtl/vertical_slice/gtsu_lbuf_16bank_macro_model.sv:78$4264_DATA[127:0]$5341
  1985/2976: $1$mem2reg_wr$\memory$architecture_simulator/rtl/vertical_slice/gtsu_lbuf_16bank_macro_model.sv:78$4264_ADDR[3:0]$5340
  1986/2976: $1$mem2reg_wr$\memory$architecture_simulator/rtl/vertical_slice/gtsu_lbuf_16bank_macro_model.sv:78$4263_DATA[127:0]$5339
  1987/2976: $1$mem2reg_wr$\memory$architecture_simulator/rtl/vertical_slice/gtsu_lbuf_16bank_macro_model.sv:78$4263_ADDR[3:0]$5338
  1988/2976: $1$mem2reg_wr$\memory$architecture_simulator/rtl/vertical_slice/gtsu_lbuf_16bank_macro_model.sv:78$4262_DATA[127:0]$5337
  1989/2976: $1$mem2reg_wr$\memory$architecture_simulator/rtl/vertical_slice/gtsu_lbuf_16bank_macro_model.sv:78$4262_ADDR[3:0]$5336
  1990/2976: $1$mem2reg_wr$\memory$architecture_simulator/rtl/vertical_slice/gtsu_lbuf_16bank_macro_model.sv:78$4261_DATA[127:0]$5335
  1991/2976: $1$mem2reg_wr$\memory$architecture_simulator/rtl/vertical_slice/gtsu_lbuf_16bank_macro_model.sv:78$4261_ADDR[3:0]$5334
  1992/2976: $1$mem2reg_wr$\memory$architecture_simulator/rtl/vertical_slice/gtsu_lbuf_16bank_macro_model.sv:78$4260_DATA[127:0]$5333
  1993/2976: $1$mem2reg_wr$\memory$architecture_simulator/rtl/vertical_slice/gtsu_lbuf_16bank_macro_model.sv:78$4260_ADDR[3:0]$5332
  1994/2976: $1$mem2reg_wr$\memory$architecture_simulator/rtl/vertical_slice/gtsu_lbuf_16bank_macro_model.sv:78$4259_DATA[127:0]$5331
  1995/2976: $1$mem2reg_wr$\memory$architecture_simulator/rtl/vertical_slice/gtsu_lbuf_16bank_macro_model.sv:78$4259_ADDR[3:0]$5330
  1996/2976: $1$mem2reg_wr$\memory$architecture_simulator/rtl/vertical_slice/gtsu_lbuf_16bank_macro_model.sv:78$4258_DATA[127:0]$5329
  1997/2976: $1$mem2reg_wr$\memory$architecture_simulator/rtl/vertical_slice/gtsu_lbuf_16bank_macro_model.sv:78$4258_ADDR[3:0]$5328
  1998/2976: $1$mem2reg_wr$\memory$architecture_simulator/rtl/vertical_slice/gtsu_lbuf_16bank_macro_model.sv:78$4257_DATA[127:0]$5327
  1999/2976: $1$mem2reg_wr$\memory$architecture_simulator/rtl/vertical_slice/gtsu_lbuf_16bank_macro_model.sv:78$4257_ADDR[3:0]$5326
  2000/2976: $1$mem2reg_wr$\memory$architecture_simulator/rtl/vertical_slice/gtsu_lbuf_16bank_macro_model.sv:78$4256_DATA[127:0]$5325
  2001/2976: $1$mem2reg_wr$\memory$architecture_simulator/rtl/vertical_slice/gtsu_lbuf_16bank_macro_model.sv:78$4256_ADDR[3:0]$5324
  2002/2976: $1$mem2reg_wr$\memory$architecture_simulator/rtl/vertical_slice/gtsu_lbuf_16bank_macro_model.sv:78$4255_DATA[127:0]$5323
  2003/2976: $1$mem2reg_wr$\memory$architecture_simulator/rtl/vertical_slice/gtsu_lbuf_16bank_macro_model.sv:78$4255_ADDR[3:0]$5322
  2004/2976: $1$mem2reg_wr$\memory$architecture_simulator/rtl/vertical_slice/gtsu_lbuf_16bank_macro_model.sv:78$4254_DATA[127:0]$5321
  2005/2976: $1$mem2reg_wr$\memory$architecture_simulator/rtl/vertical_slice/gtsu_lbuf_16bank_macro_model.sv:78$4254_ADDR[3:0]$5320
  2006/2976: $1$mem2reg_wr$\memory$architecture_simulator/rtl/vertical_slice/gtsu_lbuf_16bank_macro_model.sv:78$4253_DATA[127:0]$5319
  2007/2976: $1$mem2reg_wr$\memory$architecture_simulator/rtl/vertical_slice/gtsu_lbuf_16bank_macro_model.sv:78$4253_ADDR[3:0]$5318
  2008/2976: $1$mem2reg_wr$\memory$architecture_simulator/rtl/vertical_slice/gtsu_lbuf_16bank_macro_model.sv:78$4252_DATA[127:0]$5317
  2009/2976: $1$mem2reg_wr$\memory$architecture_simulator/rtl/vertical_slice/gtsu_lbuf_16bank_macro_model.sv:78$4252_ADDR[3:0]$5316
  2010/2976: $1$mem2reg_wr$\memory$architecture_simulator/rtl/vertical_slice/gtsu_lbuf_16bank_macro_model.sv:78$4251_DATA[127:0]$5315
  2011/2976: $1$mem2reg_wr$\memory$architecture_simulator/rtl/vertical_slice/gtsu_lbuf_16bank_macro_model.sv:78$4251_ADDR[3:0]$5314
  2012/2976: $1$mem2reg_wr$\memory$architecture_simulator/rtl/vertical_slice/gtsu_lbuf_16bank_macro_model.sv:78$4250_DATA[127:0]$5313
  2013/2976: $1$mem2reg_wr$\memory$architecture_simulator/rtl/vertical_slice/gtsu_lbuf_16bank_macro_model.sv:78$4250_ADDR[3:0]$5312
  2014/2976: $1$mem2reg_wr$\memory$architecture_simulator/rtl/vertical_slice/gtsu_lbuf_16bank_macro_model.sv:78$4249_DATA[127:0]$5311
  2015/2976: $1$mem2reg_wr$\memory$architecture_simulator/rtl/vertical_slice/gtsu_lbuf_16bank_macro_model.sv:78$4249_ADDR[3:0]$5310
  2016/2976: $1$mem2reg_wr$\memory$architecture_simulator/rtl/vertical_slice/gtsu_lbuf_16bank_macro_model.sv:78$4248_DATA[127:0]$5309
  2017/2976: $1$mem2reg_wr$\memory$architecture_simulator/rtl/vertical_slice/gtsu_lbuf_16bank_macro_model.sv:78$4248_ADDR[3:0]$5308
  2018/2976: $1$mem2reg_wr$\memory$architecture_simulator/rtl/vertical_slice/gtsu_lbuf_16bank_macro_model.sv:78$4247_DATA[127:0]$5307
  2019/2976: $1$mem2reg_wr$\memory$architecture_simulator/rtl/vertical_slice/gtsu_lbuf_16bank_macro_model.sv:78$4247_ADDR[3:0]$5306
  2020/2976: $1$mem2reg_wr$\memory$architecture_simulator/rtl/vertical_slice/gtsu_lbuf_16bank_macro_model.sv:78$4246_DATA[127:0]$5305
  2021/2976: $1$mem2reg_wr$\memory$architecture_simulator/rtl/vertical_slice/gtsu_lbuf_16bank_macro_model.sv:78$4246_ADDR[3:0]$5304
  2022/2976: $1$mem2reg_wr$\memory$architecture_simulator/rtl/vertical_slice/gtsu_lbuf_16bank_macro_model.sv:78$4245_DATA[127:0]$5303
  2023/2976: $1$mem2reg_wr$\memory$architecture_simulator/rtl/vertical_slice/gtsu_lbuf_16bank_macro_model.sv:78$4245_ADDR[3:0]$5302
  2024/2976: $1$mem2reg_wr$\memory$architecture_simulator/rtl/vertical_slice/gtsu_lbuf_16bank_macro_model.sv:78$4244_DATA[127:0]$5301
  2025/2976: $1$mem2reg_wr$\memory$architecture_simulator/rtl/vertical_slice/gtsu_lbuf_16bank_macro_model.sv:78$4244_ADDR[3:0]$5300
  2026/2976: $1$mem2reg_wr$\memory$architecture_simulator/rtl/vertical_slice/gtsu_lbuf_16bank_macro_model.sv:78$4243_DATA[127:0]$5299
  2027/2976: $1$mem2reg_wr$\memory$architecture_simulator/rtl/vertical_slice/gtsu_lbuf_16bank_macro_model.sv:78$4243_ADDR[3:0]$5298
  2028/2976: $1$mem2reg_wr$\memory$architecture_simulator/rtl/vertical_slice/gtsu_lbuf_16bank_macro_model.sv:78$4242_DATA[127:0]$5297
  2029/2976: $1$mem2reg_wr$\memory$architecture_simulator/rtl/vertical_slice/gtsu_lbuf_16bank_macro_model.sv:78$4242_ADDR[3:0]$5296
  2030/2976: $1$mem2reg_wr$\memory$architecture_simulator/rtl/vertical_slice/gtsu_lbuf_16bank_macro_model.sv:78$4241_DATA[127:0]$5295
  2031/2976: $1$mem2reg_wr$\memory$architecture_simulator/rtl/vertical_slice/gtsu_lbuf_16bank_macro_model.sv:78$4241_ADDR[3:0]$5294
  2032/2976: $1$mem2reg_wr$\memory$architecture_simulator/rtl/vertical_slice/gtsu_lbuf_16bank_macro_model.sv:78$4240_DATA[127:0]$5293
  2033/2976: $1$mem2reg_wr$\memory$architecture_simulator/rtl/vertical_slice/gtsu_lbuf_16bank_macro_model.sv:78$4240_ADDR[3:0]$5292
  2034/2976: $1$mem2reg_wr$\memory$architecture_simulator/rtl/vertical_slice/gtsu_lbuf_16bank_macro_model.sv:78$4239_DATA[127:0]$5291
  2035/2976: $1$mem2reg_wr$\memory$architecture_simulator/rtl/vertical_slice/gtsu_lbuf_16bank_macro_model.sv:78$4239_ADDR[3:0]$5290
  2036/2976: $1$mem2reg_wr$\memory$architecture_simulator/rtl/vertical_slice/gtsu_lbuf_16bank_macro_model.sv:78$4238_DATA[127:0]$5289
  2037/2976: $1$mem2reg_wr$\memory$architecture_simulator/rtl/vertical_slice/gtsu_lbuf_16bank_macro_model.sv:78$4238_ADDR[3:0]$5288
  2038/2976: $1$mem2reg_wr$\memory$architecture_simulator/rtl/vertical_slice/gtsu_lbuf_16bank_macro_model.sv:78$4237_DATA[127:0]$5287
  2039/2976: $1$mem2reg_wr$\memory$architecture_simulator/rtl/vertical_slice/gtsu_lbuf_16bank_macro_model.sv:78$4237_ADDR[3:0]$5286
  2040/2976: $1$mem2reg_wr$\memory$architecture_simulator/rtl/vertical_slice/gtsu_lbuf_16bank_macro_model.sv:78$4236_DATA[127:0]$5285
  2041/2976: $1$mem2reg_wr$\memory$architecture_simulator/rtl/vertical_slice/gtsu_lbuf_16bank_macro_model.sv:78$4236_ADDR[3:0]$5284
  2042/2976: $1$mem2reg_wr$\memory$architecture_simulator/rtl/vertical_slice/gtsu_lbuf_16bank_macro_model.sv:78$4235_DATA[127:0]$5283
  2043/2976: $1$mem2reg_wr$\memory$architecture_simulator/rtl/vertical_slice/gtsu_lbuf_16bank_macro_model.sv:78$4235_ADDR[3:0]$5282
  2044/2976: $1$mem2reg_wr$\memory$architecture_simulator/rtl/vertical_slice/gtsu_lbuf_16bank_macro_model.sv:78$4234_DATA[127:0]$5281
  2045/2976: $1$mem2reg_wr$\memory$architecture_simulator/rtl/vertical_slice/gtsu_lbuf_16bank_macro_model.sv:78$4234_ADDR[3:0]$5280
  2046/2976: $1$mem2reg_wr$\memory$architecture_simulator/rtl/vertical_slice/gtsu_lbuf_16bank_macro_model.sv:78$4233_DATA[127:0]$5279
  2047/2976: $1$mem2reg_wr$\memory$architecture_simulator/rtl/vertical_slice/gtsu_lbuf_16bank_macro_model.sv:78$4233_ADDR[3:0]$5278
  2048/2976: $1$mem2reg_wr$\memory$architecture_simulator/rtl/vertical_slice/gtsu_lbuf_16bank_macro_model.sv:78$4232_DATA[127:0]$5277
  2049/2976: $1$mem2reg_wr$\memory$architecture_simulator/rtl/vertical_slice/gtsu_lbuf_16bank_macro_model.sv:78$4232_ADDR[3:0]$5276
  2050/2976: $1$mem2reg_wr$\memory$architecture_simulator/rtl/vertical_slice/gtsu_lbuf_16bank_macro_model.sv:78$4231_DATA[127:0]$5275
  2051/2976: $1$mem2reg_wr$\memory$architecture_simulator/rtl/vertical_slice/gtsu_lbuf_16bank_macro_model.sv:78$4231_ADDR[3:0]$5274
  2052/2976: $1$mem2reg_wr$\memory$architecture_simulator/rtl/vertical_slice/gtsu_lbuf_16bank_macro_model.sv:78$4230_DATA[127:0]$5273
  2053/2976: $1$mem2reg_wr$\memory$architecture_simulator/rtl/vertical_slice/gtsu_lbuf_16bank_macro_model.sv:78$4230_ADDR[3:0]$5272
  2054/2976: $1$mem2reg_wr$\memory$architecture_simulator/rtl/vertical_slice/gtsu_lbuf_16bank_macro_model.sv:78$4229_DATA[127:0]$5271
  2055/2976: $1$mem2reg_wr$\memory$architecture_simulator/rtl/vertical_slice/gtsu_lbuf_16bank_macro_model.sv:78$4229_ADDR[3:0]$5270
  2056/2976: $1$mem2reg_wr$\memory$architecture_simulator/rtl/vertical_slice/gtsu_lbuf_16bank_macro_model.sv:78$4228_DATA[127:0]$5269
  2057/2976: $1$mem2reg_wr$\memory$architecture_simulator/rtl/vertical_slice/gtsu_lbuf_16bank_macro_model.sv:78$4228_ADDR[3:0]$5268
  2058/2976: $1$mem2reg_wr$\memory$architecture_simulator/rtl/vertical_slice/gtsu_lbuf_16bank_macro_model.sv:78$4227_DATA[127:0]$5267
  2059/2976: $1$mem2reg_wr$\memory$architecture_simulator/rtl/vertical_slice/gtsu_lbuf_16bank_macro_model.sv:78$4227_ADDR[3:0]$5266
  2060/2976: $1$mem2reg_wr$\memory$architecture_simulator/rtl/vertical_slice/gtsu_lbuf_16bank_macro_model.sv:78$4226_DATA[127:0]$5265
  2061/2976: $1$mem2reg_wr$\memory$architecture_simulator/rtl/vertical_slice/gtsu_lbuf_16bank_macro_model.sv:78$4226_ADDR[3:0]$5264
  2062/2976: $1$mem2reg_wr$\memory$architecture_simulator/rtl/vertical_slice/gtsu_lbuf_16bank_macro_model.sv:78$4225_DATA[127:0]$5263
  2063/2976: $1$mem2reg_wr$\memory$architecture_simulator/rtl/vertical_slice/gtsu_lbuf_16bank_macro_model.sv:78$4225_ADDR[3:0]$5262
  2064/2976: $1$mem2reg_wr$\memory$architecture_simulator/rtl/vertical_slice/gtsu_lbuf_16bank_macro_model.sv:78$4224_DATA[127:0]$5261
  2065/2976: $1$mem2reg_wr$\memory$architecture_simulator/rtl/vertical_slice/gtsu_lbuf_16bank_macro_model.sv:78$4224_ADDR[3:0]$5260
  2066/2976: $1$mem2reg_wr$\memory$architecture_simulator/rtl/vertical_slice/gtsu_lbuf_16bank_macro_model.sv:78$4223_DATA[127:0]$5259
  2067/2976: $1$mem2reg_wr$\memory$architecture_simulator/rtl/vertical_slice/gtsu_lbuf_16bank_macro_model.sv:78$4223_ADDR[3:0]$5258
  2068/2976: $1$mem2reg_wr$\memory$architecture_simulator/rtl/vertical_slice/gtsu_lbuf_16bank_macro_model.sv:78$4222_DATA[127:0]$5257
  2069/2976: $1$mem2reg_wr$\memory$architecture_simulator/rtl/vertical_slice/gtsu_lbuf_16bank_macro_model.sv:78$4222_ADDR[3:0]$5256
  2070/2976: $1$mem2reg_wr$\memory$architecture_simulator/rtl/vertical_slice/gtsu_lbuf_16bank_macro_model.sv:78$4221_DATA[127:0]$5255
  2071/2976: $1$mem2reg_wr$\memory$architecture_simulator/rtl/vertical_slice/gtsu_lbuf_16bank_macro_model.sv:78$4221_ADDR[3:0]$5254
  2072/2976: $1$mem2reg_wr$\memory$architecture_simulator/rtl/vertical_slice/gtsu_lbuf_16bank_macro_model.sv:78$4220_DATA[127:0]$5253
  2073/2976: $1$mem2reg_wr$\memory$architecture_simulator/rtl/vertical_slice/gtsu_lbuf_16bank_macro_model.sv:78$4220_ADDR[3:0]$5252
  2074/2976: $1$mem2reg_wr$\memory$architecture_simulator/rtl/vertical_slice/gtsu_lbuf_16bank_macro_model.sv:78$4219_DATA[127:0]$5251
  2075/2976: $1$mem2reg_wr$\memory$architecture_simulator/rtl/vertical_slice/gtsu_lbuf_16bank_macro_model.sv:78$4219_ADDR[3:0]$5250
  2076/2976: $1$mem2reg_wr$\memory$architecture_simulator/rtl/vertical_slice/gtsu_lbuf_16bank_macro_model.sv:78$4218_DATA[127:0]$5249
  2077/2976: $1$mem2reg_wr$\memory$architecture_simulator/rtl/vertical_slice/gtsu_lbuf_16bank_macro_model.sv:78$4218_ADDR[3:0]$5248
  2078/2976: $1$mem2reg_wr$\memory$architecture_simulator/rtl/vertical_slice/gtsu_lbuf_16bank_macro_model.sv:78$4217_DATA[127:0]$5247
  2079/2976: $1$mem2reg_wr$\memory$architecture_simulator/rtl/vertical_slice/gtsu_lbuf_16bank_macro_model.sv:78$4217_ADDR[3:0]$5246
  2080/2976: $1$mem2reg_wr$\memory$architecture_simulator/rtl/vertical_slice/gtsu_lbuf_16bank_macro_model.sv:78$4216_DATA[127:0]$5245
  2081/2976: $1$mem2reg_wr$\memory$architecture_simulator/rtl/vertical_slice/gtsu_lbuf_16bank_macro_model.sv:78$4216_ADDR[3:0]$5244
  2082/2976: $1$mem2reg_wr$\memory$architecture_simulator/rtl/vertical_slice/gtsu_lbuf_16bank_macro_model.sv:78$4215_DATA[127:0]$5243
  2083/2976: $1$mem2reg_wr$\memory$architecture_simulator/rtl/vertical_slice/gtsu_lbuf_16bank_macro_model.sv:78$4215_ADDR[3:0]$5242
  2084/2976: $1$mem2reg_wr$\memory$architecture_simulator/rtl/vertical_slice/gtsu_lbuf_16bank_macro_model.sv:78$4214_DATA[127:0]$5241
  2085/2976: $1$mem2reg_wr$\memory$architecture_simulator/rtl/vertical_slice/gtsu_lbuf_16bank_macro_model.sv:78$4214_ADDR[3:0]$5240
  2086/2976: $1$mem2reg_wr$\memory$architecture_simulator/rtl/vertical_slice/gtsu_lbuf_16bank_macro_model.sv:78$4213_DATA[127:0]$5239
  2087/2976: $1$mem2reg_wr$\memory$architecture_simulator/rtl/vertical_slice/gtsu_lbuf_16bank_macro_model.sv:78$4213_ADDR[3:0]$5238
  2088/2976: $1$mem2reg_wr$\memory$architecture_simulator/rtl/vertical_slice/gtsu_lbuf_16bank_macro_model.sv:78$4212_DATA[127:0]$5237
  2089/2976: $1$mem2reg_wr$\memory$architecture_simulator/rtl/vertical_slice/gtsu_lbuf_16bank_macro_model.sv:78$4212_ADDR[3:0]$5236
  2090/2976: $1$mem2reg_wr$\memory$architecture_simulator/rtl/vertical_slice/gtsu_lbuf_16bank_macro_model.sv:78$4211_DATA[127:0]$5235
  2091/2976: $1$mem2reg_wr$\memory$architecture_simulator/rtl/vertical_slice/gtsu_lbuf_16bank_macro_model.sv:78$4211_ADDR[3:0]$5234
  2092/2976: $1$mem2reg_wr$\memory$architecture_simulator/rtl/vertical_slice/gtsu_lbuf_16bank_macro_model.sv:78$4210_DATA[127:0]$5233
  2093/2976: $1$mem2reg_wr$\memory$architecture_simulator/rtl/vertical_slice/gtsu_lbuf_16bank_macro_model.sv:78$4210_ADDR[3:0]$5232
  2094/2976: $1$mem2reg_wr$\memory$architecture_simulator/rtl/vertical_slice/gtsu_lbuf_16bank_macro_model.sv:78$4209_DATA[127:0]$5231
  2095/2976: $1$mem2reg_wr$\memory$architecture_simulator/rtl/vertical_slice/gtsu_lbuf_16bank_macro_model.sv:78$4209_ADDR[3:0]$5230
  2096/2976: $1$mem2reg_wr$\memory$architecture_simulator/rtl/vertical_slice/gtsu_lbuf_16bank_macro_model.sv:78$4208_DATA[127:0]$5229
  2097/2976: $1$mem2reg_wr$\memory$architecture_simulator/rtl/vertical_slice/gtsu_lbuf_16bank_macro_model.sv:78$4208_ADDR[3:0]$5228
  2098/2976: $1$mem2reg_wr$\memory$architecture_simulator/rtl/vertical_slice/gtsu_lbuf_16bank_macro_model.sv:78$4207_DATA[127:0]$5227
  2099/2976: $1$mem2reg_wr$\memory$architecture_simulator/rtl/vertical_slice/gtsu_lbuf_16bank_macro_model.sv:78$4207_ADDR[3:0]$5226
  2100/2976: $1$mem2reg_wr$\memory$architecture_simulator/rtl/vertical_slice/gtsu_lbuf_16bank_macro_model.sv:78$4206_DATA[127:0]$5225
  2101/2976: $1$mem2reg_wr$\memory$architecture_simulator/rtl/vertical_slice/gtsu_lbuf_16bank_macro_model.sv:78$4206_ADDR[3:0]$5224
  2102/2976: $1$mem2reg_wr$\memory$architecture_simulator/rtl/vertical_slice/gtsu_lbuf_16bank_macro_model.sv:78$4205_DATA[127:0]$5223
  2103/2976: $1$mem2reg_wr$\memory$architecture_simulator/rtl/vertical_slice/gtsu_lbuf_16bank_macro_model.sv:78$4205_ADDR[3:0]$5222
  2104/2976: $1$mem2reg_wr$\memory$architecture_simulator/rtl/vertical_slice/gtsu_lbuf_16bank_macro_model.sv:78$4204_DATA[127:0]$5221
  2105/2976: $1$mem2reg_wr$\memory$architecture_simulator/rtl/vertical_slice/gtsu_lbuf_16bank_macro_model.sv:78$4204_ADDR[3:0]$5220
  2106/2976: $1$mem2reg_wr$\memory$architecture_simulator/rtl/vertical_slice/gtsu_lbuf_16bank_macro_model.sv:78$4203_DATA[127:0]$5219
  2107/2976: $1$mem2reg_wr$\memory$architecture_simulator/rtl/vertical_slice/gtsu_lbuf_16bank_macro_model.sv:78$4203_ADDR[3:0]$5218
  2108/2976: $1$mem2reg_wr$\memory$architecture_simulator/rtl/vertical_slice/gtsu_lbuf_16bank_macro_model.sv:78$4202_DATA[127:0]$5217
  2109/2976: $1$mem2reg_wr$\memory$architecture_simulator/rtl/vertical_slice/gtsu_lbuf_16bank_macro_model.sv:78$4202_ADDR[3:0]$5216
  2110/2976: $1$mem2reg_wr$\memory$architecture_simulator/rtl/vertical_slice/gtsu_lbuf_16bank_macro_model.sv:78$4201_DATA[127:0]$5215
  2111/2976: $1$mem2reg_wr$\memory$architecture_simulator/rtl/vertical_slice/gtsu_lbuf_16bank_macro_model.sv:78$4201_ADDR[3:0]$5214
  2112/2976: $1$mem2reg_wr$\memory$architecture_simulator/rtl/vertical_slice/gtsu_lbuf_16bank_macro_model.sv:78$4200_DATA[127:0]$5213
  2113/2976: $1$mem2reg_wr$\memory$architecture_simulator/rtl/vertical_slice/gtsu_lbuf_16bank_macro_model.sv:78$4200_ADDR[3:0]$5212
  2114/2976: $1$mem2reg_wr$\memory$architecture_simulator/rtl/vertical_slice/gtsu_lbuf_16bank_macro_model.sv:78$4199_DATA[127:0]$5211
  2115/2976: $1$mem2reg_wr$\memory$architecture_simulator/rtl/vertical_slice/gtsu_lbuf_16bank_macro_model.sv:78$4199_ADDR[3:0]$5210
  2116/2976: $1$mem2reg_wr$\memory$architecture_simulator/rtl/vertical_slice/gtsu_lbuf_16bank_macro_model.sv:78$4198_DATA[127:0]$5209
  2117/2976: $1$mem2reg_wr$\memory$architecture_simulator/rtl/vertical_slice/gtsu_lbuf_16bank_macro_model.sv:78$4198_ADDR[3:0]$5208
  2118/2976: $1$mem2reg_wr$\memory$architecture_simulator/rtl/vertical_slice/gtsu_lbuf_16bank_macro_model.sv:78$4197_DATA[127:0]$5207
  2119/2976: $1$mem2reg_wr$\memory$architecture_simulator/rtl/vertical_slice/gtsu_lbuf_16bank_macro_model.sv:78$4197_ADDR[3:0]$5206
  2120/2976: $1$mem2reg_wr$\memory$architecture_simulator/rtl/vertical_slice/gtsu_lbuf_16bank_macro_model.sv:78$4196_DATA[127:0]$5205
  2121/2976: $1$mem2reg_wr$\memory$architecture_simulator/rtl/vertical_slice/gtsu_lbuf_16bank_macro_model.sv:78$4196_ADDR[3:0]$5204
  2122/2976: $1$mem2reg_wr$\memory$architecture_simulator/rtl/vertical_slice/gtsu_lbuf_16bank_macro_model.sv:78$4195_DATA[127:0]$5203
  2123/2976: $1$mem2reg_wr$\memory$architecture_simulator/rtl/vertical_slice/gtsu_lbuf_16bank_macro_model.sv:78$4195_ADDR[3:0]$5202
  2124/2976: $1$mem2reg_wr$\memory$architecture_simulator/rtl/vertical_slice/gtsu_lbuf_16bank_macro_model.sv:78$4194_DATA[127:0]$5201
  2125/2976: $1$mem2reg_wr$\memory$architecture_simulator/rtl/vertical_slice/gtsu_lbuf_16bank_macro_model.sv:78$4194_ADDR[3:0]$5200
  2126/2976: $1$mem2reg_wr$\memory$architecture_simulator/rtl/vertical_slice/gtsu_lbuf_16bank_macro_model.sv:78$4193_DATA[127:0]$5199
  2127/2976: $1$mem2reg_wr$\memory$architecture_simulator/rtl/vertical_slice/gtsu_lbuf_16bank_macro_model.sv:78$4193_ADDR[3:0]$5198
  2128/2976: $1$mem2reg_wr$\memory$architecture_simulator/rtl/vertical_slice/gtsu_lbuf_16bank_macro_model.sv:78$4192_DATA[127:0]$5197
  2129/2976: $1$mem2reg_wr$\memory$architecture_simulator/rtl/vertical_slice/gtsu_lbuf_16bank_macro_model.sv:78$4192_ADDR[3:0]$5196
  2130/2976: $1$mem2reg_wr$\memory$architecture_simulator/rtl/vertical_slice/gtsu_lbuf_16bank_macro_model.sv:78$4191_DATA[127:0]$5195
  2131/2976: $1$mem2reg_wr$\memory$architecture_simulator/rtl/vertical_slice/gtsu_lbuf_16bank_macro_model.sv:78$4191_ADDR[3:0]$5194
  2132/2976: $1$mem2reg_wr$\memory$architecture_simulator/rtl/vertical_slice/gtsu_lbuf_16bank_macro_model.sv:78$4190_DATA[127:0]$5193
  2133/2976: $1$mem2reg_wr$\memory$architecture_simulator/rtl/vertical_slice/gtsu_lbuf_16bank_macro_model.sv:78$4190_ADDR[3:0]$5192
  2134/2976: $1$mem2reg_wr$\memory$architecture_simulator/rtl/vertical_slice/gtsu_lbuf_16bank_macro_model.sv:78$4189_DATA[127:0]$5191
  2135/2976: $1$mem2reg_wr$\memory$architecture_simulator/rtl/vertical_slice/gtsu_lbuf_16bank_macro_model.sv:78$4189_ADDR[3:0]$5190
  2136/2976: $1$mem2reg_wr$\memory$architecture_simulator/rtl/vertical_slice/gtsu_lbuf_16bank_macro_model.sv:78$4188_DATA[127:0]$5189
  2137/2976: $1$mem2reg_wr$\memory$architecture_simulator/rtl/vertical_slice/gtsu_lbuf_16bank_macro_model.sv:78$4188_ADDR[3:0]$5188
  2138/2976: $1$mem2reg_wr$\memory$architecture_simulator/rtl/vertical_slice/gtsu_lbuf_16bank_macro_model.sv:78$4187_DATA[127:0]$5187
  2139/2976: $1$mem2reg_wr$\memory$architecture_simulator/rtl/vertical_slice/gtsu_lbuf_16bank_macro_model.sv:78$4187_ADDR[3:0]$5186
  2140/2976: $1$mem2reg_wr$\memory$architecture_simulator/rtl/vertical_slice/gtsu_lbuf_16bank_macro_model.sv:78$4186_DATA[127:0]$5185
  2141/2976: $1$mem2reg_wr$\memory$architecture_simulator/rtl/vertical_slice/gtsu_lbuf_16bank_macro_model.sv:78$4186_ADDR[3:0]$5184
  2142/2976: $1$mem2reg_wr$\memory$architecture_simulator/rtl/vertical_slice/gtsu_lbuf_16bank_macro_model.sv:78$4185_DATA[127:0]$5183
  2143/2976: $1$mem2reg_wr$\memory$architecture_simulator/rtl/vertical_slice/gtsu_lbuf_16bank_macro_model.sv:78$4185_ADDR[3:0]$5182
  2144/2976: $1$mem2reg_wr$\memory$architecture_simulator/rtl/vertical_slice/gtsu_lbuf_16bank_macro_model.sv:78$4184_DATA[127:0]$5181
  2145/2976: $1$mem2reg_wr$\memory$architecture_simulator/rtl/vertical_slice/gtsu_lbuf_16bank_macro_model.sv:78$4184_ADDR[3:0]$5180
  2146/2976: $1$mem2reg_wr$\memory$architecture_simulator/rtl/vertical_slice/gtsu_lbuf_16bank_macro_model.sv:78$4183_DATA[127:0]$5179
  2147/2976: $1$mem2reg_wr$\memory$architecture_simulator/rtl/vertical_slice/gtsu_lbuf_16bank_macro_model.sv:78$4183_ADDR[3:0]$5178
  2148/2976: $1$mem2reg_wr$\memory$architecture_simulator/rtl/vertical_slice/gtsu_lbuf_16bank_macro_model.sv:78$4182_DATA[127:0]$5177
  2149/2976: $1$mem2reg_wr$\memory$architecture_simulator/rtl/vertical_slice/gtsu_lbuf_16bank_macro_model.sv:78$4182_ADDR[3:0]$5176
  2150/2976: $1$mem2reg_wr$\memory$architecture_simulator/rtl/vertical_slice/gtsu_lbuf_16bank_macro_model.sv:78$4181_DATA[127:0]$5175
  2151/2976: $1$mem2reg_wr$\memory$architecture_simulator/rtl/vertical_slice/gtsu_lbuf_16bank_macro_model.sv:78$4181_ADDR[3:0]$5174
  2152/2976: $1$mem2reg_wr$\memory$architecture_simulator/rtl/vertical_slice/gtsu_lbuf_16bank_macro_model.sv:78$4180_DATA[127:0]$5173
  2153/2976: $1$mem2reg_wr$\memory$architecture_simulator/rtl/vertical_slice/gtsu_lbuf_16bank_macro_model.sv:78$4180_ADDR[3:0]$5172
  2154/2976: $1$mem2reg_wr$\memory$architecture_simulator/rtl/vertical_slice/gtsu_lbuf_16bank_macro_model.sv:78$4179_DATA[127:0]$5171
  2155/2976: $1$mem2reg_wr$\memory$architecture_simulator/rtl/vertical_slice/gtsu_lbuf_16bank_macro_model.sv:78$4179_ADDR[3:0]$5170
  2156/2976: $1$mem2reg_wr$\memory$architecture_simulator/rtl/vertical_slice/gtsu_lbuf_16bank_macro_model.sv:78$4178_DATA[127:0]$5169
  2157/2976: $1$mem2reg_wr$\memory$architecture_simulator/rtl/vertical_slice/gtsu_lbuf_16bank_macro_model.sv:78$4178_ADDR[3:0]$5168
  2158/2976: $1$mem2reg_wr$\memory$architecture_simulator/rtl/vertical_slice/gtsu_lbuf_16bank_macro_model.sv:78$4177_DATA[127:0]$5167
  2159/2976: $1$mem2reg_wr$\memory$architecture_simulator/rtl/vertical_slice/gtsu_lbuf_16bank_macro_model.sv:78$4177_ADDR[3:0]$5166
  2160/2976: $1$mem2reg_wr$\memory$architecture_simulator/rtl/vertical_slice/gtsu_lbuf_16bank_macro_model.sv:78$4176_DATA[127:0]$5165
  2161/2976: $1$mem2reg_wr$\memory$architecture_simulator/rtl/vertical_slice/gtsu_lbuf_16bank_macro_model.sv:78$4176_ADDR[3:0]$5164
  2162/2976: $1$mem2reg_wr$\memory$architecture_simulator/rtl/vertical_slice/gtsu_lbuf_16bank_macro_model.sv:78$4175_DATA[127:0]$5163
  2163/2976: $1$mem2reg_wr$\memory$architecture_simulator/rtl/vertical_slice/gtsu_lbuf_16bank_macro_model.sv:78$4175_ADDR[3:0]$5162
  2164/2976: $1$mem2reg_wr$\memory$architecture_simulator/rtl/vertical_slice/gtsu_lbuf_16bank_macro_model.sv:78$4174_DATA[127:0]$5161
  2165/2976: $1$mem2reg_wr$\memory$architecture_simulator/rtl/vertical_slice/gtsu_lbuf_16bank_macro_model.sv:78$4174_ADDR[3:0]$5160
  2166/2976: $1$mem2reg_wr$\memory$architecture_simulator/rtl/vertical_slice/gtsu_lbuf_16bank_macro_model.sv:78$4173_DATA[127:0]$5159
  2167/2976: $1$mem2reg_wr$\memory$architecture_simulator/rtl/vertical_slice/gtsu_lbuf_16bank_macro_model.sv:78$4173_ADDR[3:0]$5158
  2168/2976: $1$mem2reg_wr$\memory$architecture_simulator/rtl/vertical_slice/gtsu_lbuf_16bank_macro_model.sv:78$4172_DATA[127:0]$5157
  2169/2976: $1$mem2reg_wr$\memory$architecture_simulator/rtl/vertical_slice/gtsu_lbuf_16bank_macro_model.sv:78$4172_ADDR[3:0]$5156
  2170/2976: $1$mem2reg_wr$\memory$architecture_simulator/rtl/vertical_slice/gtsu_lbuf_16bank_macro_model.sv:78$4171_DATA[127:0]$5155
  2171/2976: $1$mem2reg_wr$\memory$architecture_simulator/rtl/vertical_slice/gtsu_lbuf_16bank_macro_model.sv:78$4171_ADDR[3:0]$5154
  2172/2976: $1$mem2reg_wr$\memory$architecture_simulator/rtl/vertical_slice/gtsu_lbuf_16bank_macro_model.sv:78$4170_DATA[127:0]$5153
  2173/2976: $1$mem2reg_wr$\memory$architecture_simulator/rtl/vertical_slice/gtsu_lbuf_16bank_macro_model.sv:78$4170_ADDR[3:0]$5152
  2174/2976: $1$mem2reg_wr$\memory$architecture_simulator/rtl/vertical_slice/gtsu_lbuf_16bank_macro_model.sv:78$4169_DATA[127:0]$5151
  2175/2976: $1$mem2reg_wr$\memory$architecture_simulator/rtl/vertical_slice/gtsu_lbuf_16bank_macro_model.sv:78$4169_ADDR[3:0]$5150
  2176/2976: $1$mem2reg_wr$\memory$architecture_simulator/rtl/vertical_slice/gtsu_lbuf_16bank_macro_model.sv:78$4168_DATA[127:0]$5149
  2177/2976: $1$mem2reg_wr$\memory$architecture_simulator/rtl/vertical_slice/gtsu_lbuf_16bank_macro_model.sv:78$4168_ADDR[3:0]$5148
  2178/2976: $1$mem2reg_wr$\memory$architecture_simulator/rtl/vertical_slice/gtsu_lbuf_16bank_macro_model.sv:78$4167_DATA[127:0]$5147
  2179/2976: $1$mem2reg_wr$\memory$architecture_simulator/rtl/vertical_slice/gtsu_lbuf_16bank_macro_model.sv:78$4167_ADDR[3:0]$5146
  2180/2976: $1$mem2reg_wr$\memory$architecture_simulator/rtl/vertical_slice/gtsu_lbuf_16bank_macro_model.sv:78$4166_DATA[127:0]$5145
  2181/2976: $1$mem2reg_wr$\memory$architecture_simulator/rtl/vertical_slice/gtsu_lbuf_16bank_macro_model.sv:78$4166_ADDR[3:0]$5144
  2182/2976: $1$mem2reg_wr$\memory$architecture_simulator/rtl/vertical_slice/gtsu_lbuf_16bank_macro_model.sv:78$4165_DATA[127:0]$5143
  2183/2976: $1$mem2reg_wr$\memory$architecture_simulator/rtl/vertical_slice/gtsu_lbuf_16bank_macro_model.sv:78$4165_ADDR[3:0]$5142
  2184/2976: $1$mem2reg_wr$\memory$architecture_simulator/rtl/vertical_slice/gtsu_lbuf_16bank_macro_model.sv:78$4164_DATA[127:0]$5141
  2185/2976: $1$mem2reg_wr$\memory$architecture_simulator/rtl/vertical_slice/gtsu_lbuf_16bank_macro_model.sv:78$4164_ADDR[3:0]$5140
  2186/2976: $1$mem2reg_wr$\memory$architecture_simulator/rtl/vertical_slice/gtsu_lbuf_16bank_macro_model.sv:78$4163_DATA[127:0]$5139
  2187/2976: $1$mem2reg_wr$\memory$architecture_simulator/rtl/vertical_slice/gtsu_lbuf_16bank_macro_model.sv:78$4163_ADDR[3:0]$5138
  2188/2976: $1$mem2reg_wr$\memory$architecture_simulator/rtl/vertical_slice/gtsu_lbuf_16bank_macro_model.sv:78$4162_DATA[127:0]$5137
  2189/2976: $1$mem2reg_wr$\memory$architecture_simulator/rtl/vertical_slice/gtsu_lbuf_16bank_macro_model.sv:78$4162_ADDR[3:0]$5136
  2190/2976: $1$mem2reg_wr$\memory$architecture_simulator/rtl/vertical_slice/gtsu_lbuf_16bank_macro_model.sv:78$4161_DATA[127:0]$5135
  2191/2976: $1$mem2reg_wr$\memory$architecture_simulator/rtl/vertical_slice/gtsu_lbuf_16bank_macro_model.sv:78$4161_ADDR[3:0]$5134
  2192/2976: $1$mem2reg_wr$\memory$architecture_simulator/rtl/vertical_slice/gtsu_lbuf_16bank_macro_model.sv:78$4160_DATA[127:0]$5133
  2193/2976: $1$mem2reg_wr$\memory$architecture_simulator/rtl/vertical_slice/gtsu_lbuf_16bank_macro_model.sv:78$4160_ADDR[3:0]$5132
  2194/2976: $1$mem2reg_wr$\memory$architecture_simulator/rtl/vertical_slice/gtsu_lbuf_16bank_macro_model.sv:78$4159_DATA[127:0]$5131
  2195/2976: $1$mem2reg_wr$\memory$architecture_simulator/rtl/vertical_slice/gtsu_lbuf_16bank_macro_model.sv:78$4159_ADDR[3:0]$5130
  2196/2976: $1$mem2reg_wr$\memory$architecture_simulator/rtl/vertical_slice/gtsu_lbuf_16bank_macro_model.sv:78$4158_DATA[127:0]$5129
  2197/2976: $1$mem2reg_wr$\memory$architecture_simulator/rtl/vertical_slice/gtsu_lbuf_16bank_macro_model.sv:78$4158_ADDR[3:0]$5128
  2198/2976: $1$mem2reg_wr$\memory$architecture_simulator/rtl/vertical_slice/gtsu_lbuf_16bank_macro_model.sv:78$4157_DATA[127:0]$5127
  2199/2976: $1$mem2reg_wr$\memory$architecture_simulator/rtl/vertical_slice/gtsu_lbuf_16bank_macro_model.sv:78$4157_ADDR[3:0]$5126
  2200/2976: $1$mem2reg_wr$\memory$architecture_simulator/rtl/vertical_slice/gtsu_lbuf_16bank_macro_model.sv:78$4156_DATA[127:0]$5125
  2201/2976: $1$mem2reg_wr$\memory$architecture_simulator/rtl/vertical_slice/gtsu_lbuf_16bank_macro_model.sv:78$4156_ADDR[3:0]$5124
  2202/2976: $1$mem2reg_wr$\memory$architecture_simulator/rtl/vertical_slice/gtsu_lbuf_16bank_macro_model.sv:78$4155_DATA[127:0]$5123
  2203/2976: $1$mem2reg_wr$\memory$architecture_simulator/rtl/vertical_slice/gtsu_lbuf_16bank_macro_model.sv:78$4155_ADDR[3:0]$5122
  2204/2976: $1$mem2reg_wr$\memory$architecture_simulator/rtl/vertical_slice/gtsu_lbuf_16bank_macro_model.sv:78$4154_DATA[127:0]$5121
  2205/2976: $1$mem2reg_wr$\memory$architecture_simulator/rtl/vertical_slice/gtsu_lbuf_16bank_macro_model.sv:78$4154_ADDR[3:0]$5120
  2206/2976: $1$mem2reg_wr$\memory$architecture_simulator/rtl/vertical_slice/gtsu_lbuf_16bank_macro_model.sv:78$4153_DATA[127:0]$5119
  2207/2976: $1$mem2reg_wr$\memory$architecture_simulator/rtl/vertical_slice/gtsu_lbuf_16bank_macro_model.sv:78$4153_ADDR[3:0]$5118
  2208/2976: $1$mem2reg_wr$\memory$architecture_simulator/rtl/vertical_slice/gtsu_lbuf_16bank_macro_model.sv:78$4152_DATA[127:0]$5117
  2209/2976: $1$mem2reg_wr$\memory$architecture_simulator/rtl/vertical_slice/gtsu_lbuf_16bank_macro_model.sv:78$4152_ADDR[3:0]$5116
  2210/2976: $1$mem2reg_wr$\memory$architecture_simulator/rtl/vertical_slice/gtsu_lbuf_16bank_macro_model.sv:78$4151_DATA[127:0]$5115
  2211/2976: $1$mem2reg_wr$\memory$architecture_simulator/rtl/vertical_slice/gtsu_lbuf_16bank_macro_model.sv:78$4151_ADDR[3:0]$5114
  2212/2976: $1$mem2reg_wr$\memory$architecture_simulator/rtl/vertical_slice/gtsu_lbuf_16bank_macro_model.sv:78$4150_DATA[127:0]$5113
  2213/2976: $1$mem2reg_wr$\memory$architecture_simulator/rtl/vertical_slice/gtsu_lbuf_16bank_macro_model.sv:78$4150_ADDR[3:0]$5112
  2214/2976: $1$mem2reg_wr$\memory$architecture_simulator/rtl/vertical_slice/gtsu_lbuf_16bank_macro_model.sv:78$4149_DATA[127:0]$5111
  2215/2976: $1$mem2reg_wr$\memory$architecture_simulator/rtl/vertical_slice/gtsu_lbuf_16bank_macro_model.sv:78$4149_ADDR[3:0]$5110
  2216/2976: $1$mem2reg_wr$\memory$architecture_simulator/rtl/vertical_slice/gtsu_lbuf_16bank_macro_model.sv:78$4148_DATA[127:0]$5109
  2217/2976: $1$mem2reg_wr$\memory$architecture_simulator/rtl/vertical_slice/gtsu_lbuf_16bank_macro_model.sv:78$4148_ADDR[3:0]$5108
  2218/2976: $1$mem2reg_wr$\memory$architecture_simulator/rtl/vertical_slice/gtsu_lbuf_16bank_macro_model.sv:78$4147_DATA[127:0]$5107
  2219/2976: $1$mem2reg_wr$\memory$architecture_simulator/rtl/vertical_slice/gtsu_lbuf_16bank_macro_model.sv:78$4147_ADDR[3:0]$5106
  2220/2976: $1$mem2reg_wr$\memory$architecture_simulator/rtl/vertical_slice/gtsu_lbuf_16bank_macro_model.sv:78$4146_DATA[127:0]$5105
  2221/2976: $1$mem2reg_wr$\memory$architecture_simulator/rtl/vertical_slice/gtsu_lbuf_16bank_macro_model.sv:78$4146_ADDR[3:0]$5104
  2222/2976: $1$mem2reg_wr$\memory$architecture_simulator/rtl/vertical_slice/gtsu_lbuf_16bank_macro_model.sv:78$4145_DATA[127:0]$5103
  2223/2976: $1$mem2reg_wr$\memory$architecture_simulator/rtl/vertical_slice/gtsu_lbuf_16bank_macro_model.sv:78$4145_ADDR[3:0]$5102
  2224/2976: $1$mem2reg_wr$\memory$architecture_simulator/rtl/vertical_slice/gtsu_lbuf_16bank_macro_model.sv:78$4144_DATA[127:0]$5101
  2225/2976: $1$mem2reg_wr$\memory$architecture_simulator/rtl/vertical_slice/gtsu_lbuf_16bank_macro_model.sv:78$4144_ADDR[3:0]$5100
  2226/2976: $1$mem2reg_wr$\memory$architecture_simulator/rtl/vertical_slice/gtsu_lbuf_16bank_macro_model.sv:78$4143_DATA[127:0]$5099
  2227/2976: $1$mem2reg_wr$\memory$architecture_simulator/rtl/vertical_slice/gtsu_lbuf_16bank_macro_model.sv:78$4143_ADDR[3:0]$5098
  2228/2976: $1$mem2reg_wr$\memory$architecture_simulator/rtl/vertical_slice/gtsu_lbuf_16bank_macro_model.sv:78$4142_DATA[127:0]$5097
  2229/2976: $1$mem2reg_wr$\memory$architecture_simulator/rtl/vertical_slice/gtsu_lbuf_16bank_macro_model.sv:78$4142_ADDR[3:0]$5096
  2230/2976: $1$mem2reg_wr$\memory$architecture_simulator/rtl/vertical_slice/gtsu_lbuf_16bank_macro_model.sv:78$4141_DATA[127:0]$5095
  2231/2976: $1$mem2reg_wr$\memory$architecture_simulator/rtl/vertical_slice/gtsu_lbuf_16bank_macro_model.sv:78$4141_ADDR[3:0]$5094
  2232/2976: $1$mem2reg_wr$\memory$architecture_simulator/rtl/vertical_slice/gtsu_lbuf_16bank_macro_model.sv:78$4140_DATA[127:0]$5093
  2233/2976: $1$mem2reg_wr$\memory$architecture_simulator/rtl/vertical_slice/gtsu_lbuf_16bank_macro_model.sv:78$4140_ADDR[3:0]$5092
  2234/2976: $1$mem2reg_wr$\memory$architecture_simulator/rtl/vertical_slice/gtsu_lbuf_16bank_macro_model.sv:78$4139_DATA[127:0]$5091
  2235/2976: $1$mem2reg_wr$\memory$architecture_simulator/rtl/vertical_slice/gtsu_lbuf_16bank_macro_model.sv:78$4139_ADDR[3:0]$5090
  2236/2976: $1$mem2reg_wr$\memory$architecture_simulator/rtl/vertical_slice/gtsu_lbuf_16bank_macro_model.sv:78$4138_DATA[127:0]$5089
  2237/2976: $1$mem2reg_wr$\memory$architecture_simulator/rtl/vertical_slice/gtsu_lbuf_16bank_macro_model.sv:78$4138_ADDR[3:0]$5088
  2238/2976: $1$mem2reg_wr$\memory$architecture_simulator/rtl/vertical_slice/gtsu_lbuf_16bank_macro_model.sv:78$4137_DATA[127:0]$5087
  2239/2976: $1$mem2reg_wr$\memory$architecture_simulator/rtl/vertical_slice/gtsu_lbuf_16bank_macro_model.sv:78$4137_ADDR[3:0]$5086
  2240/2976: $1$mem2reg_wr$\memory$architecture_simulator/rtl/vertical_slice/gtsu_lbuf_16bank_macro_model.sv:78$4136_DATA[127:0]$5085
  2241/2976: $1$mem2reg_wr$\memory$architecture_simulator/rtl/vertical_slice/gtsu_lbuf_16bank_macro_model.sv:78$4136_ADDR[3:0]$5084
  2242/2976: $1$mem2reg_wr$\memory$architecture_simulator/rtl/vertical_slice/gtsu_lbuf_16bank_macro_model.sv:78$4135_DATA[127:0]$5083
  2243/2976: $1$mem2reg_wr$\memory$architecture_simulator/rtl/vertical_slice/gtsu_lbuf_16bank_macro_model.sv:78$4135_ADDR[3:0]$5082
  2244/2976: $1$mem2reg_wr$\memory$architecture_simulator/rtl/vertical_slice/gtsu_lbuf_16bank_macro_model.sv:78$4134_DATA[127:0]$5081
  2245/2976: $1$mem2reg_wr$\memory$architecture_simulator/rtl/vertical_slice/gtsu_lbuf_16bank_macro_model.sv:78$4134_ADDR[3:0]$5080
  2246/2976: $1$mem2reg_wr$\memory$architecture_simulator/rtl/vertical_slice/gtsu_lbuf_16bank_macro_model.sv:78$4133_DATA[127:0]$5079
  2247/2976: $1$mem2reg_wr$\memory$architecture_simulator/rtl/vertical_slice/gtsu_lbuf_16bank_macro_model.sv:78$4133_ADDR[3:0]$5078
  2248/2976: $1$mem2reg_wr$\memory$architecture_simulator/rtl/vertical_slice/gtsu_lbuf_16bank_macro_model.sv:78$4132_DATA[127:0]$5077
  2249/2976: $1$mem2reg_wr$\memory$architecture_simulator/rtl/vertical_slice/gtsu_lbuf_16bank_macro_model.sv:78$4132_ADDR[3:0]$5076
  2250/2976: $1$mem2reg_wr$\memory$architecture_simulator/rtl/vertical_slice/gtsu_lbuf_16bank_macro_model.sv:78$4131_DATA[127:0]$5075
  2251/2976: $1$mem2reg_wr$\memory$architecture_simulator/rtl/vertical_slice/gtsu_lbuf_16bank_macro_model.sv:78$4131_ADDR[3:0]$5074
  2252/2976: $1$mem2reg_wr$\memory$architecture_simulator/rtl/vertical_slice/gtsu_lbuf_16bank_macro_model.sv:78$4130_DATA[127:0]$5073
  2253/2976: $1$mem2reg_wr$\memory$architecture_simulator/rtl/vertical_slice/gtsu_lbuf_16bank_macro_model.sv:78$4130_ADDR[3:0]$5072
  2254/2976: $1$mem2reg_wr$\memory$architecture_simulator/rtl/vertical_slice/gtsu_lbuf_16bank_macro_model.sv:78$4129_DATA[127:0]$5071
  2255/2976: $1$mem2reg_wr$\memory$architecture_simulator/rtl/vertical_slice/gtsu_lbuf_16bank_macro_model.sv:78$4129_ADDR[3:0]$5070
  2256/2976: $1$mem2reg_wr$\memory$architecture_simulator/rtl/vertical_slice/gtsu_lbuf_16bank_macro_model.sv:78$4128_DATA[127:0]$5069
  2257/2976: $1$mem2reg_wr$\memory$architecture_simulator/rtl/vertical_slice/gtsu_lbuf_16bank_macro_model.sv:78$4128_ADDR[3:0]$5068
  2258/2976: $1$mem2reg_wr$\memory$architecture_simulator/rtl/vertical_slice/gtsu_lbuf_16bank_macro_model.sv:78$4127_DATA[127:0]$5067
  2259/2976: $1$mem2reg_wr$\memory$architecture_simulator/rtl/vertical_slice/gtsu_lbuf_16bank_macro_model.sv:78$4127_ADDR[3:0]$5066
  2260/2976: $1$mem2reg_wr$\memory$architecture_simulator/rtl/vertical_slice/gtsu_lbuf_16bank_macro_model.sv:78$4126_DATA[127:0]$5065
  2261/2976: $1$mem2reg_wr$\memory$architecture_simulator/rtl/vertical_slice/gtsu_lbuf_16bank_macro_model.sv:78$4126_ADDR[3:0]$5064
  2262/2976: $1$mem2reg_wr$\memory$architecture_simulator/rtl/vertical_slice/gtsu_lbuf_16bank_macro_model.sv:78$4125_DATA[127:0]$5063
  2263/2976: $1$mem2reg_wr$\memory$architecture_simulator/rtl/vertical_slice/gtsu_lbuf_16bank_macro_model.sv:78$4125_ADDR[3:0]$5062
  2264/2976: $1$mem2reg_wr$\memory$architecture_simulator/rtl/vertical_slice/gtsu_lbuf_16bank_macro_model.sv:78$4124_DATA[127:0]$5061
  2265/2976: $1$mem2reg_wr$\memory$architecture_simulator/rtl/vertical_slice/gtsu_lbuf_16bank_macro_model.sv:78$4124_ADDR[3:0]$5060
  2266/2976: $1$mem2reg_wr$\memory$architecture_simulator/rtl/vertical_slice/gtsu_lbuf_16bank_macro_model.sv:78$4123_DATA[127:0]$5059
  2267/2976: $1$mem2reg_wr$\memory$architecture_simulator/rtl/vertical_slice/gtsu_lbuf_16bank_macro_model.sv:78$4123_ADDR[3:0]$5058
  2268/2976: $1$mem2reg_wr$\memory$architecture_simulator/rtl/vertical_slice/gtsu_lbuf_16bank_macro_model.sv:78$4122_DATA[127:0]$5055
  2269/2976: $1$mem2reg_wr$\memory$architecture_simulator/rtl/vertical_slice/gtsu_lbuf_16bank_macro_model.sv:78$4089_DATA[127:0]$5053
  2270/2976: $1$mem2reg_wr$\memory$architecture_simulator/rtl/vertical_slice/gtsu_lbuf_16bank_macro_model.sv:78$4090_ADDR[3:0]$5051
  2271/2976: $1$mem2reg_wr$\memory$architecture_simulator/rtl/vertical_slice/gtsu_lbuf_16bank_macro_model.sv:78$4090_DATA[127:0]$5049
  2272/2976: $1$mem2reg_wr$\memory$architecture_simulator/rtl/vertical_slice/gtsu_lbuf_16bank_macro_model.sv:78$4091_ADDR[3:0]$5047
  2273/2976: $1$mem2reg_wr$\memory$architecture_simulator/rtl/vertical_slice/gtsu_lbuf_16bank_macro_model.sv:78$4091_DATA[127:0]$5045
  2274/2976: $1$mem2reg_wr$\memory$architecture_simulator/rtl/vertical_slice/gtsu_lbuf_16bank_macro_model.sv:78$4092_ADDR[3:0]$5043
  2275/2976: $1$mem2reg_wr$\memory$architecture_simulator/rtl/vertical_slice/gtsu_lbuf_16bank_macro_model.sv:78$4092_DATA[127:0]$5042
  2276/2976: $1$mem2reg_wr$\memory$architecture_simulator/rtl/vertical_slice/gtsu_lbuf_16bank_macro_model.sv:78$4093_ADDR[3:0]$5040
  2277/2976: $1$mem2reg_wr$\memory$architecture_simulator/rtl/vertical_slice/gtsu_lbuf_16bank_macro_model.sv:78$4093_DATA[127:0]$5038
  2278/2976: $1$mem2reg_wr$\memory$architecture_simulator/rtl/vertical_slice/gtsu_lbuf_16bank_macro_model.sv:78$4094_ADDR[3:0]$5036
  2279/2976: $1$mem2reg_wr$\memory$architecture_simulator/rtl/vertical_slice/gtsu_lbuf_16bank_macro_model.sv:78$4094_DATA[127:0]$5034
  2280/2976: $1$mem2reg_wr$\memory$architecture_simulator/rtl/vertical_slice/gtsu_lbuf_16bank_macro_model.sv:78$4095_ADDR[3:0]$5032
  2281/2976: $1$mem2reg_wr$\memory$architecture_simulator/rtl/vertical_slice/gtsu_lbuf_16bank_macro_model.sv:78$4095_DATA[127:0]$5030
  2282/2976: $1$mem2reg_wr$\memory$architecture_simulator/rtl/vertical_slice/gtsu_lbuf_16bank_macro_model.sv:78$4096_ADDR[3:0]$5028
  2283/2976: $1$mem2reg_wr$\memory$architecture_simulator/rtl/vertical_slice/gtsu_lbuf_16bank_macro_model.sv:78$4096_DATA[127:0]$5026
  2284/2976: $1$mem2reg_wr$\memory$architecture_simulator/rtl/vertical_slice/gtsu_lbuf_16bank_macro_model.sv:78$4097_ADDR[3:0]$5024
  2285/2976: $1$mem2reg_wr$\memory$architecture_simulator/rtl/vertical_slice/gtsu_lbuf_16bank_macro_model.sv:78$4097_DATA[127:0]$5022
  2286/2976: $1$mem2reg_wr$\memory$architecture_simulator/rtl/vertical_slice/gtsu_lbuf_16bank_macro_model.sv:78$4098_ADDR[3:0]$5020
  2287/2976: $1$mem2reg_wr$\memory$architecture_simulator/rtl/vertical_slice/gtsu_lbuf_16bank_macro_model.sv:78$4098_DATA[127:0]$5018
  2288/2976: $1$mem2reg_wr$\memory$architecture_simulator/rtl/vertical_slice/gtsu_lbuf_16bank_macro_model.sv:78$4099_ADDR[3:0]$5016
  2289/2976: $1$mem2reg_wr$\memory$architecture_simulator/rtl/vertical_slice/gtsu_lbuf_16bank_macro_model.sv:78$4099_DATA[127:0]$5014
  2290/2976: $1$mem2reg_wr$\memory$architecture_simulator/rtl/vertical_slice/gtsu_lbuf_16bank_macro_model.sv:78$4100_ADDR[3:0]$5012
  2291/2976: $1$mem2reg_wr$\memory$architecture_simulator/rtl/vertical_slice/gtsu_lbuf_16bank_macro_model.sv:78$4100_DATA[127:0]$5010
  2292/2976: $1$mem2reg_wr$\memory$architecture_simulator/rtl/vertical_slice/gtsu_lbuf_16bank_macro_model.sv:78$4101_ADDR[3:0]$5008
  2293/2976: $1$mem2reg_wr$\memory$architecture_simulator/rtl/vertical_slice/gtsu_lbuf_16bank_macro_model.sv:78$4101_DATA[127:0]$5006
  2294/2976: $1$mem2reg_wr$\memory$architecture_simulator/rtl/vertical_slice/gtsu_lbuf_16bank_macro_model.sv:78$4102_ADDR[3:0]$5004
  2295/2976: $1$mem2reg_wr$\memory$architecture_simulator/rtl/vertical_slice/gtsu_lbuf_16bank_macro_model.sv:78$4102_DATA[127:0]$5003
  2296/2976: $1$mem2reg_wr$\memory$architecture_simulator/rtl/vertical_slice/gtsu_lbuf_16bank_macro_model.sv:78$4103_ADDR[3:0]$5001
  2297/2976: $1$mem2reg_wr$\memory$architecture_simulator/rtl/vertical_slice/gtsu_lbuf_16bank_macro_model.sv:78$4103_DATA[127:0]$4999
  2298/2976: $1$mem2reg_wr$\memory$architecture_simulator/rtl/vertical_slice/gtsu_lbuf_16bank_macro_model.sv:78$4104_ADDR[3:0]$4997
  2299/2976: $1$mem2reg_wr$\memory$architecture_simulator/rtl/vertical_slice/gtsu_lbuf_16bank_macro_model.sv:78$4104_DATA[127:0]$4995
  2300/2976: $1$mem2reg_wr$\memory$architecture_simulator/rtl/vertical_slice/gtsu_lbuf_16bank_macro_model.sv:78$4072_ADDR[3:0]$4994
  2301/2976: $1$mem2reg_wr$\memory$architecture_simulator/rtl/vertical_slice/gtsu_lbuf_16bank_macro_model.sv:78$4105_ADDR[3:0]$4993
  2302/2976: $1$mem2reg_wr$\memory$architecture_simulator/rtl/vertical_slice/gtsu_lbuf_16bank_macro_model.sv:78$4072_DATA[127:0]$4992
  2303/2976: $1$mem2reg_wr$\memory$architecture_simulator/rtl/vertical_slice/gtsu_lbuf_16bank_macro_model.sv:78$4105_DATA[127:0]$4991
  2304/2976: $1$mem2reg_wr$\memory$architecture_simulator/rtl/vertical_slice/gtsu_lbuf_16bank_macro_model.sv:78$4073_ADDR[3:0]$4990
  2305/2976: $1$mem2reg_wr$\memory$architecture_simulator/rtl/vertical_slice/gtsu_lbuf_16bank_macro_model.sv:78$4106_ADDR[3:0]$4989
  2306/2976: $1$mem2reg_wr$\memory$architecture_simulator/rtl/vertical_slice/gtsu_lbuf_16bank_macro_model.sv:78$4073_DATA[127:0]$4988
  2307/2976: $1$mem2reg_wr$\memory$architecture_simulator/rtl/vertical_slice/gtsu_lbuf_16bank_macro_model.sv:78$4106_DATA[127:0]$4987
  2308/2976: $1$mem2reg_wr$\memory$architecture_simulator/rtl/vertical_slice/gtsu_lbuf_16bank_macro_model.sv:78$4074_ADDR[3:0]$4986
  2309/2976: $1$mem2reg_wr$\memory$architecture_simulator/rtl/vertical_slice/gtsu_lbuf_16bank_macro_model.sv:78$4107_ADDR[3:0]$4985
  2310/2976: $1$mem2reg_wr$\memory$architecture_simulator/rtl/vertical_slice/gtsu_lbuf_16bank_macro_model.sv:78$4074_DATA[127:0]$4984
  2311/2976: $1$mem2reg_wr$\memory$architecture_simulator/rtl/vertical_slice/gtsu_lbuf_16bank_macro_model.sv:78$4107_DATA[127:0]$4983
  2312/2976: $1$mem2reg_wr$\memory$architecture_simulator/rtl/vertical_slice/gtsu_lbuf_16bank_macro_model.sv:78$4075_ADDR[3:0]$4982
  2313/2976: $1$mem2reg_wr$\memory$architecture_simulator/rtl/vertical_slice/gtsu_lbuf_16bank_macro_model.sv:78$4108_ADDR[3:0]$4981
  2314/2976: $1$mem2reg_wr$\memory$architecture_simulator/rtl/vertical_slice/gtsu_lbuf_16bank_macro_model.sv:78$4075_DATA[127:0]$4979
  2315/2976: $1$mem2reg_wr$\memory$architecture_simulator/rtl/vertical_slice/gtsu_lbuf_16bank_macro_model.sv:78$4108_DATA[127:0]$4978
  2316/2976: $1$mem2reg_wr$\memory$architecture_simulator/rtl/vertical_slice/gtsu_lbuf_16bank_macro_model.sv:78$4076_ADDR[3:0]$4977
  2317/2976: $1$mem2reg_wr$\memory$architecture_simulator/rtl/vertical_slice/gtsu_lbuf_16bank_macro_model.sv:78$4109_ADDR[3:0]$4976
  2318/2976: $1$mem2reg_wr$\memory$architecture_simulator/rtl/vertical_slice/gtsu_lbuf_16bank_macro_model.sv:78$4076_DATA[127:0]$4975
  2319/2976: $1$mem2reg_wr$\memory$architecture_simulator/rtl/vertical_slice/gtsu_lbuf_16bank_macro_model.sv:78$4109_DATA[127:0]$4974
  2320/2976: $1$mem2reg_wr$\memory$architecture_simulator/rtl/vertical_slice/gtsu_lbuf_16bank_macro_model.sv:78$4077_ADDR[3:0]$4973
  2321/2976: $1$mem2reg_wr$\memory$architecture_simulator/rtl/vertical_slice/gtsu_lbuf_16bank_macro_model.sv:78$4110_ADDR[3:0]$4972
  2322/2976: $1$mem2reg_wr$\memory$architecture_simulator/rtl/vertical_slice/gtsu_lbuf_16bank_macro_model.sv:78$4077_DATA[127:0]$4971
  2323/2976: $1$mem2reg_wr$\memory$architecture_simulator/rtl/vertical_slice/gtsu_lbuf_16bank_macro_model.sv:78$4110_DATA[127:0]$4970
  2324/2976: $1$mem2reg_wr$\memory$architecture_simulator/rtl/vertical_slice/gtsu_lbuf_16bank_macro_model.sv:78$4078_ADDR[3:0]$4969
  2325/2976: $1$mem2reg_wr$\memory$architecture_simulator/rtl/vertical_slice/gtsu_lbuf_16bank_macro_model.sv:78$4111_ADDR[3:0]$4968
  2326/2976: $1$mem2reg_wr$\memory$architecture_simulator/rtl/vertical_slice/gtsu_lbuf_16bank_macro_model.sv:78$4078_DATA[127:0]$4967
  2327/2976: $1$mem2reg_wr$\memory$architecture_simulator/rtl/vertical_slice/gtsu_lbuf_16bank_macro_model.sv:78$4111_DATA[127:0]$4966
  2328/2976: $1$mem2reg_wr$\memory$architecture_simulator/rtl/vertical_slice/gtsu_lbuf_16bank_macro_model.sv:78$4079_ADDR[3:0]$4965
  2329/2976: $1$mem2reg_wr$\memory$architecture_simulator/rtl/vertical_slice/gtsu_lbuf_16bank_macro_model.sv:78$4112_ADDR[3:0]$4964
  2330/2976: $1$mem2reg_wr$\memory$architecture_simulator/rtl/vertical_slice/gtsu_lbuf_16bank_macro_model.sv:78$4112_DATA[127:0]$4963
  2331/2976: $1$mem2reg_wr$\memory$architecture_simulator/rtl/vertical_slice/gtsu_lbuf_16bank_macro_model.sv:78$4080_ADDR[3:0]$4962
  2332/2976: $1$mem2reg_wr$\memory$architecture_simulator/rtl/vertical_slice/gtsu_lbuf_16bank_macro_model.sv:78$4113_ADDR[3:0]$4961
  2333/2976: $1$mem2reg_wr$\memory$architecture_simulator/rtl/vertical_slice/gtsu_lbuf_16bank_macro_model.sv:78$4080_DATA[127:0]$4960
  2334/2976: $1$mem2reg_wr$\memory$architecture_simulator/rtl/vertical_slice/gtsu_lbuf_16bank_macro_model.sv:78$4113_DATA[127:0]$4959
  2335/2976: $1$mem2reg_wr$\memory$architecture_simulator/rtl/vertical_slice/gtsu_lbuf_16bank_macro_model.sv:78$4081_ADDR[3:0]$4958
  2336/2976: $1$mem2reg_wr$\memory$architecture_simulator/rtl/vertical_slice/gtsu_lbuf_16bank_macro_model.sv:78$4114_ADDR[3:0]$4957
  2337/2976: $1$mem2reg_wr$\memory$architecture_simulator/rtl/vertical_slice/gtsu_lbuf_16bank_macro_model.sv:78$4081_DATA[127:0]$4956
  2338/2976: $1$mem2reg_wr$\memory$architecture_simulator/rtl/vertical_slice/gtsu_lbuf_16bank_macro_model.sv:78$4114_DATA[127:0]$4955
  2339/2976: $1$mem2reg_wr$\memory$architecture_simulator/rtl/vertical_slice/gtsu_lbuf_16bank_macro_model.sv:78$4082_ADDR[3:0]$4954
  2340/2976: $1$mem2reg_wr$\memory$architecture_simulator/rtl/vertical_slice/gtsu_lbuf_16bank_macro_model.sv:78$4115_ADDR[3:0]$4953
  2341/2976: $1$mem2reg_wr$\memory$architecture_simulator/rtl/vertical_slice/gtsu_lbuf_16bank_macro_model.sv:78$4082_DATA[127:0]$4952
  2342/2976: $1$mem2reg_wr$\memory$architecture_simulator/rtl/vertical_slice/gtsu_lbuf_16bank_macro_model.sv:78$4115_DATA[127:0]$4951
  2343/2976: $1$mem2reg_wr$\memory$architecture_simulator/rtl/vertical_slice/gtsu_lbuf_16bank_macro_model.sv:78$4083_ADDR[3:0]$4950
  2344/2976: $1$mem2reg_wr$\memory$architecture_simulator/rtl/vertical_slice/gtsu_lbuf_16bank_macro_model.sv:78$4116_ADDR[3:0]$4949
  2345/2976: $1$mem2reg_wr$\memory$architecture_simulator/rtl/vertical_slice/gtsu_lbuf_16bank_macro_model.sv:78$4079_DATA[127:0]$4948
  2346/2976: $1$mem2reg_wr$\memory$architecture_simulator/rtl/vertical_slice/gtsu_lbuf_16bank_macro_model.sv:78$4083_DATA[127:0]$4947
  2347/2976: $1$mem2reg_wr$\memory$architecture_simulator/rtl/vertical_slice/gtsu_lbuf_16bank_macro_model.sv:78$4084_ADDR[3:0]$4946
  2348/2976: $1$mem2reg_wr$\memory$architecture_simulator/rtl/vertical_slice/gtsu_lbuf_16bank_macro_model.sv:78$4117_ADDR[3:0]$4945
  2349/2976: $1$mem2reg_wr$\memory$architecture_simulator/rtl/vertical_slice/gtsu_lbuf_16bank_macro_model.sv:78$4084_DATA[127:0]$4944
  2350/2976: $1$mem2reg_wr$\memory$architecture_simulator/rtl/vertical_slice/gtsu_lbuf_16bank_macro_model.sv:78$4117_DATA[127:0]$4943
  2351/2976: $1$mem2reg_wr$\memory$architecture_simulator/rtl/vertical_slice/gtsu_lbuf_16bank_macro_model.sv:78$4085_ADDR[3:0]$4942
  2352/2976: $1$mem2reg_wr$\memory$architecture_simulator/rtl/vertical_slice/gtsu_lbuf_16bank_macro_model.sv:78$4118_ADDR[3:0]$4941
  2353/2976: $1$mem2reg_wr$\memory$architecture_simulator/rtl/vertical_slice/gtsu_lbuf_16bank_macro_model.sv:78$4085_DATA[127:0]$4940
  2354/2976: $1$mem2reg_wr$\memory$architecture_simulator/rtl/vertical_slice/gtsu_lbuf_16bank_macro_model.sv:78$4118_DATA[127:0]$4939
  2355/2976: $1$mem2reg_wr$\memory$architecture_simulator/rtl/vertical_slice/gtsu_lbuf_16bank_macro_model.sv:78$4086_ADDR[3:0]$4938
  2356/2976: $1$mem2reg_wr$\memory$architecture_simulator/rtl/vertical_slice/gtsu_lbuf_16bank_macro_model.sv:78$4119_ADDR[3:0]$4937
  2357/2976: $1$mem2reg_wr$\memory$architecture_simulator/rtl/vertical_slice/gtsu_lbuf_16bank_macro_model.sv:78$4086_DATA[127:0]$4936
  2358/2976: $1$mem2reg_wr$\memory$architecture_simulator/rtl/vertical_slice/gtsu_lbuf_16bank_macro_model.sv:78$4119_DATA[127:0]$4935
  2359/2976: $1$mem2reg_wr$\memory$architecture_simulator/rtl/vertical_slice/gtsu_lbuf_16bank_macro_model.sv:78$4087_ADDR[3:0]$4934
  2360/2976: $1$mem2reg_wr$\memory$architecture_simulator/rtl/vertical_slice/gtsu_lbuf_16bank_macro_model.sv:78$4120_ADDR[3:0]$4933
  2361/2976: $1$mem2reg_wr$\memory$architecture_simulator/rtl/vertical_slice/gtsu_lbuf_16bank_macro_model.sv:78$4116_DATA[127:0]$4932
  2362/2976: $1$mem2reg_wr$\memory$architecture_simulator/rtl/vertical_slice/gtsu_lbuf_16bank_macro_model.sv:78$4120_DATA[127:0]$4931
  2363/2976: $1$mem2reg_wr$\memory$architecture_simulator/rtl/vertical_slice/gtsu_lbuf_16bank_macro_model.sv:78$4088_ADDR[3:0]$4930
  2364/2976: $1$mem2reg_wr$\memory$architecture_simulator/rtl/vertical_slice/gtsu_lbuf_16bank_macro_model.sv:78$4121_ADDR[3:0]$4929
  2365/2976: $1$mem2reg_wr$\memory$architecture_simulator/rtl/vertical_slice/gtsu_lbuf_16bank_macro_model.sv:78$4088_DATA[127:0]$4928
  2366/2976: $1$mem2reg_wr$\memory$architecture_simulator/rtl/vertical_slice/gtsu_lbuf_16bank_macro_model.sv:78$4121_DATA[127:0]$4927
  2367/2976: $1$mem2reg_wr$\memory$architecture_simulator/rtl/vertical_slice/gtsu_lbuf_16bank_macro_model.sv:78$4089_ADDR[3:0]$4926
  2368/2976: $1$mem2reg_wr$\memory$architecture_simulator/rtl/vertical_slice/gtsu_lbuf_16bank_macro_model.sv:78$4122_ADDR[3:0]$4925
  2369/2976: $1$mem2reg_wr$\memory$architecture_simulator/rtl/vertical_slice/gtsu_lbuf_16bank_macro_model.sv:78$4087_DATA[127:0]$4924
  2370/2976: $1\byte_index[31:0]
  2371/2976: $3\bank[31:0]
  2372/2976: $1$mem2reg_rd$\memory$architecture_simulator/rtl/vertical_slice/gtsu_lbuf_16bank_macro_model.sv:69$4071_ADDR[3:0]$4998
  2373/2976: $1$mem2reg_rd$\memory$architecture_simulator/rtl/vertical_slice/gtsu_lbuf_16bank_macro_model.sv:69$4071_DATA[127:0]$4996
  2374/2976: $1$mem2reg_rd$\memory$architecture_simulator/rtl/vertical_slice/gtsu_lbuf_16bank_macro_model.sv:69$4070_ADDR[3:0]$5002
  2375/2976: $1$mem2reg_rd$\memory$architecture_simulator/rtl/vertical_slice/gtsu_lbuf_16bank_macro_model.sv:69$4070_DATA[127:0]$5000
  2376/2976: $1$mem2reg_rd$\memory$architecture_simulator/rtl/vertical_slice/gtsu_lbuf_16bank_macro_model.sv:69$4069_ADDR[3:0]$5005
  2377/2976: $1$mem2reg_rd$\memory$architecture_simulator/rtl/vertical_slice/gtsu_lbuf_16bank_macro_model.sv:69$4069_DATA[127:0]$4980
  2378/2976: $1$mem2reg_rd$\memory$architecture_simulator/rtl/vertical_slice/gtsu_lbuf_16bank_macro_model.sv:69$4068_ADDR[3:0]$5009
  2379/2976: $1$mem2reg_rd$\memory$architecture_simulator/rtl/vertical_slice/gtsu_lbuf_16bank_macro_model.sv:69$4068_DATA[127:0]$5007
  2380/2976: $1$mem2reg_rd$\memory$architecture_simulator/rtl/vertical_slice/gtsu_lbuf_16bank_macro_model.sv:69$4067_ADDR[3:0]$5013
  2381/2976: $1$mem2reg_rd$\memory$architecture_simulator/rtl/vertical_slice/gtsu_lbuf_16bank_macro_model.sv:69$4067_DATA[127:0]$5011
  2382/2976: $1$mem2reg_rd$\memory$architecture_simulator/rtl/vertical_slice/gtsu_lbuf_16bank_macro_model.sv:69$4066_ADDR[3:0]$5017
  2383/2976: $1$mem2reg_rd$\memory$architecture_simulator/rtl/vertical_slice/gtsu_lbuf_16bank_macro_model.sv:69$4066_DATA[127:0]$5015
  2384/2976: $1$mem2reg_rd$\memory$architecture_simulator/rtl/vertical_slice/gtsu_lbuf_16bank_macro_model.sv:69$4065_ADDR[3:0]$5021
  2385/2976: $1$mem2reg_rd$\memory$architecture_simulator/rtl/vertical_slice/gtsu_lbuf_16bank_macro_model.sv:69$4065_DATA[127:0]$5019
  2386/2976: $1$mem2reg_rd$\memory$architecture_simulator/rtl/vertical_slice/gtsu_lbuf_16bank_macro_model.sv:69$4064_ADDR[3:0]$5025
  2387/2976: $1$mem2reg_rd$\memory$architecture_simulator/rtl/vertical_slice/gtsu_lbuf_16bank_macro_model.sv:69$4064_DATA[127:0]$5023
  2388/2976: $1$mem2reg_rd$\memory$architecture_simulator/rtl/vertical_slice/gtsu_lbuf_16bank_macro_model.sv:69$4063_ADDR[3:0]$5029
  2389/2976: $1$mem2reg_rd$\memory$architecture_simulator/rtl/vertical_slice/gtsu_lbuf_16bank_macro_model.sv:69$4063_DATA[127:0]$5027
  2390/2976: $1$mem2reg_rd$\memory$architecture_simulator/rtl/vertical_slice/gtsu_lbuf_16bank_macro_model.sv:69$4062_ADDR[3:0]$5033
  2391/2976: $1$mem2reg_rd$\memory$architecture_simulator/rtl/vertical_slice/gtsu_lbuf_16bank_macro_model.sv:69$4062_DATA[127:0]$5031
  2392/2976: $1$mem2reg_rd$\memory$architecture_simulator/rtl/vertical_slice/gtsu_lbuf_16bank_macro_model.sv:69$4061_ADDR[3:0]$5037
  2393/2976: $1$mem2reg_rd$\memory$architecture_simulator/rtl/vertical_slice/gtsu_lbuf_16bank_macro_model.sv:69$4061_DATA[127:0]$5035
  2394/2976: $1$mem2reg_rd$\memory$architecture_simulator/rtl/vertical_slice/gtsu_lbuf_16bank_macro_model.sv:69$4060_ADDR[3:0]$5046
  2395/2976: $1$mem2reg_rd$\memory$architecture_simulator/rtl/vertical_slice/gtsu_lbuf_16bank_macro_model.sv:69$4060_DATA[127:0]$5039
  2396/2976: $1$mem2reg_rd$\memory$architecture_simulator/rtl/vertical_slice/gtsu_lbuf_16bank_macro_model.sv:69$4059_ADDR[3:0]$5050
  2397/2976: $1$mem2reg_rd$\memory$architecture_simulator/rtl/vertical_slice/gtsu_lbuf_16bank_macro_model.sv:69$4059_DATA[127:0]$5048
  2398/2976: $1$mem2reg_rd$\memory$architecture_simulator/rtl/vertical_slice/gtsu_lbuf_16bank_macro_model.sv:69$4058_ADDR[3:0]$5054
  2399/2976: $1$mem2reg_rd$\memory$architecture_simulator/rtl/vertical_slice/gtsu_lbuf_16bank_macro_model.sv:69$4058_DATA[127:0]$5052
  2400/2976: $1$mem2reg_rd$\memory$architecture_simulator/rtl/vertical_slice/gtsu_lbuf_16bank_macro_model.sv:69$4057_DATA[127:0]$5056
  2401/2976: $1$mem2reg_rd$\memory$architecture_simulator/rtl/vertical_slice/gtsu_lbuf_16bank_macro_model.sv:69$4057_ADDR[3:0]$5041
  2402/2976: $1$mem2reg_rd$\memory$architecture_simulator/rtl/vertical_slice/gtsu_lbuf_16bank_macro_model.sv:69$4056_DATA[127:0]$5057
  2403/2976: $1$mem2reg_rd$\memory$architecture_simulator/rtl/vertical_slice/gtsu_lbuf_16bank_macro_model.sv:69$4056_ADDR[3:0]$5044
  2404/2976: $1\stage[31:0]
  2405/2976: $0\valid_pipe[2:0] [1]
  2406/2976: $0\valid_pipe[2:0] [0]
  2407/2976: $0\valid_pipe[2:0] [2]
  2408/2976: $0$mem2reg_wr$\memory$architecture_simulator/rtl/vertical_slice/gtsu_lbuf_16bank_macro_model.sv:78$4327_ADDR[3:0]$4921
  2409/2976: $0$mem2reg_wr$\memory$architecture_simulator/rtl/vertical_slice/gtsu_lbuf_16bank_macro_model.sv:78$4326_DATA[127:0]$4920
  2410/2976: $0$mem2reg_wr$\memory$architecture_simulator/rtl/vertical_slice/gtsu_lbuf_16bank_macro_model.sv:78$4326_ADDR[3:0]$4919
  2411/2976: $0$mem2reg_wr$\memory$architecture_simulator/rtl/vertical_slice/gtsu_lbuf_16bank_macro_model.sv:78$4325_DATA[127:0]$4918
  2412/2976: $0$mem2reg_wr$\memory$architecture_simulator/rtl/vertical_slice/gtsu_lbuf_16bank_macro_model.sv:78$4325_ADDR[3:0]$4917
  2413/2976: $0$mem2reg_wr$\memory$architecture_simulator/rtl/vertical_slice/gtsu_lbuf_16bank_macro_model.sv:78$4324_DATA[127:0]$4916
  2414/2976: $0$mem2reg_wr$\memory$architecture_simulator/rtl/vertical_slice/gtsu_lbuf_16bank_macro_model.sv:78$4324_ADDR[3:0]$4915
  2415/2976: $0$mem2reg_wr$\memory$architecture_simulator/rtl/vertical_slice/gtsu_lbuf_16bank_macro_model.sv:78$4323_DATA[127:0]$4914
  2416/2976: $0$mem2reg_wr$\memory$architecture_simulator/rtl/vertical_slice/gtsu_lbuf_16bank_macro_model.sv:78$4323_ADDR[3:0]$4913
  2417/2976: $0$mem2reg_wr$\memory$architecture_simulator/rtl/vertical_slice/gtsu_lbuf_16bank_macro_model.sv:78$4322_DATA[127:0]$4912
  2418/2976: $0$mem2reg_wr$\memory$architecture_simulator/rtl/vertical_slice/gtsu_lbuf_16bank_macro_model.sv:78$4322_ADDR[3:0]$4911
  2419/2976: $0$mem2reg_wr$\memory$architecture_simulator/rtl/vertical_slice/gtsu_lbuf_16bank_macro_model.sv:78$4321_DATA[127:0]$4910
  2420/2976: $0$mem2reg_wr$\memory$architecture_simulator/rtl/vertical_slice/gtsu_lbuf_16bank_macro_model.sv:78$4321_ADDR[3:0]$4909
  2421/2976: $0$mem2reg_wr$\memory$architecture_simulator/rtl/vertical_slice/gtsu_lbuf_16bank_macro_model.sv:78$4320_DATA[127:0]$4908
  2422/2976: $0$mem2reg_wr$\memory$architecture_simulator/rtl/vertical_slice/gtsu_lbuf_16bank_macro_model.sv:78$4320_ADDR[3:0]$4907
  2423/2976: $0$mem2reg_wr$\memory$architecture_simulator/rtl/vertical_slice/gtsu_lbuf_16bank_macro_model.sv:78$4319_DATA[127:0]$4906
  2424/2976: $0$mem2reg_wr$\memory$architecture_simulator/rtl/vertical_slice/gtsu_lbuf_16bank_macro_model.sv:78$4319_ADDR[3:0]$4905
  2425/2976: $0$mem2reg_wr$\memory$architecture_simulator/rtl/vertical_slice/gtsu_lbuf_16bank_macro_model.sv:78$4318_DATA[127:0]$4904
  2426/2976: $0$mem2reg_wr$\memory$architecture_simulator/rtl/vertical_slice/gtsu_lbuf_16bank_macro_model.sv:78$4318_ADDR[3:0]$4903
  2427/2976: $0$mem2reg_wr$\memory$architecture_simulator/rtl/vertical_slice/gtsu_lbuf_16bank_macro_model.sv:78$4317_DATA[127:0]$4902
  2428/2976: $0$mem2reg_wr$\memory$architecture_simulator/rtl/vertical_slice/gtsu_lbuf_16bank_macro_model.sv:78$4317_ADDR[3:0]$4901
  2429/2976: $0$mem2reg_wr$\memory$architecture_simulator/rtl/vertical_slice/gtsu_lbuf_16bank_macro_model.sv:78$4316_DATA[127:0]$4900
  2430/2976: $0$mem2reg_wr$\memory$architecture_simulator/rtl/vertical_slice/gtsu_lbuf_16bank_macro_model.sv:78$4316_ADDR[3:0]$4899
  2431/2976: $0$mem2reg_wr$\memory$architecture_simulator/rtl/vertical_slice/gtsu_lbuf_16bank_macro_model.sv:78$4315_DATA[127:0]$4898
  2432/2976: $0$mem2reg_wr$\memory$architecture_simulator/rtl/vertical_slice/gtsu_lbuf_16bank_macro_model.sv:78$4315_ADDR[3:0]$4897
  2433/2976: $0$mem2reg_wr$\memory$architecture_simulator/rtl/vertical_slice/gtsu_lbuf_16bank_macro_model.sv:78$4314_DATA[127:0]$4896
  2434/2976: $0$mem2reg_wr$\memory$architecture_simulator/rtl/vertical_slice/gtsu_lbuf_16bank_macro_model.sv:78$4314_ADDR[3:0]$4895
  2435/2976: $0$mem2reg_wr$\memory$architecture_simulator/rtl/vertical_slice/gtsu_lbuf_16bank_macro_model.sv:78$4313_DATA[127:0]$4894
  2436/2976: $0$mem2reg_wr$\memory$architecture_simulator/rtl/vertical_slice/gtsu_lbuf_16bank_macro_model.sv:78$4313_ADDR[3:0]$4893
  2437/2976: $0$mem2reg_wr$\memory$architecture_simulator/rtl/vertical_slice/gtsu_lbuf_16bank_macro_model.sv:78$4312_DATA[127:0]$4892
  2438/2976: $0$mem2reg_wr$\memory$architecture_simulator/rtl/vertical_slice/gtsu_lbuf_16bank_macro_model.sv:78$4312_ADDR[3:0]$4891
  2439/2976: $0$mem2reg_wr$\memory$architecture_simulator/rtl/vertical_slice/gtsu_lbuf_16bank_macro_model.sv:78$4311_DATA[127:0]$4890
  2440/2976: $0$mem2reg_wr$\memory$architecture_simulator/rtl/vertical_slice/gtsu_lbuf_16bank_macro_model.sv:78$4311_ADDR[3:0]$4889
  2441/2976: $0$mem2reg_wr$\memory$architecture_simulator/rtl/vertical_slice/gtsu_lbuf_16bank_macro_model.sv:78$4310_DATA[127:0]$4888
  2442/2976: $0$mem2reg_wr$\memory$architecture_simulator/rtl/vertical_slice/gtsu_lbuf_16bank_macro_model.sv:78$4310_ADDR[3:0]$4887
  2443/2976: $0$mem2reg_wr$\memory$architecture_simulator/rtl/vertical_slice/gtsu_lbuf_16bank_macro_model.sv:78$4309_DATA[127:0]$4886
  2444/2976: $0$mem2reg_wr$\memory$architecture_simulator/rtl/vertical_slice/gtsu_lbuf_16bank_macro_model.sv:78$4309_ADDR[3:0]$4885
  2445/2976: $0$mem2reg_wr$\memory$architecture_simulator/rtl/vertical_slice/gtsu_lbuf_16bank_macro_model.sv:78$4308_DATA[127:0]$4884
  2446/2976: $0$mem2reg_wr$\memory$architecture_simulator/rtl/vertical_slice/gtsu_lbuf_16bank_macro_model.sv:78$4308_ADDR[3:0]$4883
  2447/2976: $0$mem2reg_wr$\memory$architecture_simulator/rtl/vertical_slice/gtsu_lbuf_16bank_macro_model.sv:78$4307_DATA[127:0]$4882
  2448/2976: $0$mem2reg_wr$\memory$architecture_simulator/rtl/vertical_slice/gtsu_lbuf_16bank_macro_model.sv:78$4307_ADDR[3:0]$4881
  2449/2976: $0$mem2reg_wr$\memory$architecture_simulator/rtl/vertical_slice/gtsu_lbuf_16bank_macro_model.sv:78$4306_DATA[127:0]$4880
  2450/2976: $0$mem2reg_wr$\memory$architecture_simulator/rtl/vertical_slice/gtsu_lbuf_16bank_macro_model.sv:78$4306_ADDR[3:0]$4879
  2451/2976: $0$mem2reg_wr$\memory$architecture_simulator/rtl/vertical_slice/gtsu_lbuf_16bank_macro_model.sv:78$4305_DATA[127:0]$4878
  2452/2976: $0$mem2reg_wr$\memory$architecture_simulator/rtl/vertical_slice/gtsu_lbuf_16bank_macro_model.sv:78$4305_ADDR[3:0]$4877
  2453/2976: $0$mem2reg_wr$\memory$architecture_simulator/rtl/vertical_slice/gtsu_lbuf_16bank_macro_model.sv:78$4304_DATA[127:0]$4876
  2454/2976: $0$mem2reg_wr$\memory$architecture_simulator/rtl/vertical_slice/gtsu_lbuf_16bank_macro_model.sv:78$4304_ADDR[3:0]$4875
  2455/2976: $0$mem2reg_wr$\memory$architecture_simulator/rtl/vertical_slice/gtsu_lbuf_16bank_macro_model.sv:78$4303_DATA[127:0]$4874
  2456/2976: $0$mem2reg_wr$\memory$architecture_simulator/rtl/vertical_slice/gtsu_lbuf_16bank_macro_model.sv:78$4303_ADDR[3:0]$4873
  2457/2976: $0$mem2reg_wr$\memory$architecture_simulator/rtl/vertical_slice/gtsu_lbuf_16bank_macro_model.sv:78$4302_DATA[127:0]$4872
  2458/2976: $0$mem2reg_wr$\memory$architecture_simulator/rtl/vertical_slice/gtsu_lbuf_16bank_macro_model.sv:78$4302_ADDR[3:0]$4871
  2459/2976: $0$mem2reg_wr$\memory$architecture_simulator/rtl/vertical_slice/gtsu_lbuf_16bank_macro_model.sv:78$4301_DATA[127:0]$4870
  2460/2976: $0$mem2reg_wr$\memory$architecture_simulator/rtl/vertical_slice/gtsu_lbuf_16bank_macro_model.sv:78$4301_ADDR[3:0]$4869
  2461/2976: $0$mem2reg_wr$\memory$architecture_simulator/rtl/vertical_slice/gtsu_lbuf_16bank_macro_model.sv:78$4300_DATA[127:0]$4868
  2462/2976: $0$mem2reg_wr$\memory$architecture_simulator/rtl/vertical_slice/gtsu_lbuf_16bank_macro_model.sv:78$4300_ADDR[3:0]$4867
  2463/2976: $0$mem2reg_wr$\memory$architecture_simulator/rtl/vertical_slice/gtsu_lbuf_16bank_macro_model.sv:78$4299_DATA[127:0]$4866
  2464/2976: $0$mem2reg_wr$\memory$architecture_simulator/rtl/vertical_slice/gtsu_lbuf_16bank_macro_model.sv:78$4299_ADDR[3:0]$4865
  2465/2976: $0$mem2reg_wr$\memory$architecture_simulator/rtl/vertical_slice/gtsu_lbuf_16bank_macro_model.sv:78$4298_DATA[127:0]$4864
  2466/2976: $0$mem2reg_wr$\memory$architecture_simulator/rtl/vertical_slice/gtsu_lbuf_16bank_macro_model.sv:78$4298_ADDR[3:0]$4863
  2467/2976: $0$mem2reg_wr$\memory$architecture_simulator/rtl/vertical_slice/gtsu_lbuf_16bank_macro_model.sv:78$4297_DATA[127:0]$4862
  2468/2976: $0$mem2reg_wr$\memory$architecture_simulator/rtl/vertical_slice/gtsu_lbuf_16bank_macro_model.sv:78$4297_ADDR[3:0]$4861
  2469/2976: $0$mem2reg_wr$\memory$architecture_simulator/rtl/vertical_slice/gtsu_lbuf_16bank_macro_model.sv:78$4296_DATA[127:0]$4860
  2470/2976: $0$mem2reg_wr$\memory$architecture_simulator/rtl/vertical_slice/gtsu_lbuf_16bank_macro_model.sv:78$4296_ADDR[3:0]$4859
  2471/2976: $0$mem2reg_wr$\memory$architecture_simulator/rtl/vertical_slice/gtsu_lbuf_16bank_macro_model.sv:78$4295_DATA[127:0]$4858
  2472/2976: $0$mem2reg_wr$\memory$architecture_simulator/rtl/vertical_slice/gtsu_lbuf_16bank_macro_model.sv:78$4295_ADDR[3:0]$4857
  2473/2976: $0$mem2reg_wr$\memory$architecture_simulator/rtl/vertical_slice/gtsu_lbuf_16bank_macro_model.sv:78$4294_DATA[127:0]$4856
  2474/2976: $0$mem2reg_wr$\memory$architecture_simulator/rtl/vertical_slice/gtsu_lbuf_16bank_macro_model.sv:78$4294_ADDR[3:0]$4855
  2475/2976: $0$mem2reg_wr$\memory$architecture_simulator/rtl/vertical_slice/gtsu_lbuf_16bank_macro_model.sv:78$4293_DATA[127:0]$4854
  2476/2976: $0$mem2reg_wr$\memory$architecture_simulator/rtl/vertical_slice/gtsu_lbuf_16bank_macro_model.sv:78$4293_ADDR[3:0]$4853
  2477/2976: $0$mem2reg_wr$\memory$architecture_simulator/rtl/vertical_slice/gtsu_lbuf_16bank_macro_model.sv:78$4292_DATA[127:0]$4852
  2478/2976: $0$mem2reg_wr$\memory$architecture_simulator/rtl/vertical_slice/gtsu_lbuf_16bank_macro_model.sv:78$4292_ADDR[3:0]$4851
  2479/2976: $0$mem2reg_wr$\memory$architecture_simulator/rtl/vertical_slice/gtsu_lbuf_16bank_macro_model.sv:78$4291_DATA[127:0]$4850
  2480/2976: $0$mem2reg_wr$\memory$architecture_simulator/rtl/vertical_slice/gtsu_lbuf_16bank_macro_model.sv:78$4291_ADDR[3:0]$4849
  2481/2976: $0$mem2reg_wr$\memory$architecture_simulator/rtl/vertical_slice/gtsu_lbuf_16bank_macro_model.sv:78$4290_DATA[127:0]$4848
  2482/2976: $0$mem2reg_wr$\memory$architecture_simulator/rtl/vertical_slice/gtsu_lbuf_16bank_macro_model.sv:78$4290_ADDR[3:0]$4847
  2483/2976: $0$mem2reg_wr$\memory$architecture_simulator/rtl/vertical_slice/gtsu_lbuf_16bank_macro_model.sv:78$4289_DATA[127:0]$4846
  2484/2976: $0$mem2reg_wr$\memory$architecture_simulator/rtl/vertical_slice/gtsu_lbuf_16bank_macro_model.sv:78$4289_ADDR[3:0]$4845
  2485/2976: $0$mem2reg_wr$\memory$architecture_simulator/rtl/vertical_slice/gtsu_lbuf_16bank_macro_model.sv:78$4288_DATA[127:0]$4844
  2486/2976: $0$mem2reg_wr$\memory$architecture_simulator/rtl/vertical_slice/gtsu_lbuf_16bank_macro_model.sv:78$4288_ADDR[3:0]$4843
  2487/2976: $0$mem2reg_wr$\memory$architecture_simulator/rtl/vertical_slice/gtsu_lbuf_16bank_macro_model.sv:78$4287_DATA[127:0]$4842
  2488/2976: $0$mem2reg_wr$\memory$architecture_simulator/rtl/vertical_slice/gtsu_lbuf_16bank_macro_model.sv:78$4287_ADDR[3:0]$4841
  2489/2976: $0$mem2reg_wr$\memory$architecture_simulator/rtl/vertical_slice/gtsu_lbuf_16bank_macro_model.sv:78$4286_DATA[127:0]$4840
  2490/2976: $0$mem2reg_wr$\memory$architecture_simulator/rtl/vertical_slice/gtsu_lbuf_16bank_macro_model.sv:78$4286_ADDR[3:0]$4839
  2491/2976: $0$mem2reg_wr$\memory$architecture_simulator/rtl/vertical_slice/gtsu_lbuf_16bank_macro_model.sv:78$4285_DATA[127:0]$4838
  2492/2976: $0$mem2reg_wr$\memory$architecture_simulator/rtl/vertical_slice/gtsu_lbuf_16bank_macro_model.sv:78$4285_ADDR[3:0]$4837
  2493/2976: $0$mem2reg_wr$\memory$architecture_simulator/rtl/vertical_slice/gtsu_lbuf_16bank_macro_model.sv:78$4284_DATA[127:0]$4836
  2494/2976: $0$mem2reg_wr$\memory$architecture_simulator/rtl/vertical_slice/gtsu_lbuf_16bank_macro_model.sv:78$4284_ADDR[3:0]$4835
  2495/2976: $0$mem2reg_wr$\memory$architecture_simulator/rtl/vertical_slice/gtsu_lbuf_16bank_macro_model.sv:78$4283_DATA[127:0]$4834
  2496/2976: $0$mem2reg_wr$\memory$architecture_simulator/rtl/vertical_slice/gtsu_lbuf_16bank_macro_model.sv:78$4283_ADDR[3:0]$4833
  2497/2976: $0$mem2reg_wr$\memory$architecture_simulator/rtl/vertical_slice/gtsu_lbuf_16bank_macro_model.sv:78$4282_DATA[127:0]$4832
  2498/2976: $0$mem2reg_wr$\memory$architecture_simulator/rtl/vertical_slice/gtsu_lbuf_16bank_macro_model.sv:78$4282_ADDR[3:0]$4831
  2499/2976: $0$mem2reg_wr$\memory$architecture_simulator/rtl/vertical_slice/gtsu_lbuf_16bank_macro_model.sv:78$4281_DATA[127:0]$4830
  2500/2976: $0$mem2reg_wr$\memory$architecture_simulator/rtl/vertical_slice/gtsu_lbuf_16bank_macro_model.sv:78$4281_ADDR[3:0]$4829
  2501/2976: $0$mem2reg_wr$\memory$architecture_simulator/rtl/vertical_slice/gtsu_lbuf_16bank_macro_model.sv:78$4280_DATA[127:0]$4828
  2502/2976: $0$mem2reg_wr$\memory$architecture_simulator/rtl/vertical_slice/gtsu_lbuf_16bank_macro_model.sv:78$4280_ADDR[3:0]$4827
  2503/2976: $0$mem2reg_wr$\memory$architecture_simulator/rtl/vertical_slice/gtsu_lbuf_16bank_macro_model.sv:78$4279_DATA[127:0]$4826
  2504/2976: $0$mem2reg_wr$\memory$architecture_simulator/rtl/vertical_slice/gtsu_lbuf_16bank_macro_model.sv:78$4279_ADDR[3:0]$4825
  2505/2976: $0$mem2reg_wr$\memory$architecture_simulator/rtl/vertical_slice/gtsu_lbuf_16bank_macro_model.sv:78$4278_DATA[127:0]$4824
  2506/2976: $0$mem2reg_wr$\memory$architecture_simulator/rtl/vertical_slice/gtsu_lbuf_16bank_macro_model.sv:78$4278_ADDR[3:0]$4823
  2507/2976: $0$mem2reg_wr$\memory$architecture_simulator/rtl/vertical_slice/gtsu_lbuf_16bank_macro_model.sv:78$4277_DATA[127:0]$4822
  2508/2976: $0$mem2reg_wr$\memory$architecture_simulator/rtl/vertical_slice/gtsu_lbuf_16bank_macro_model.sv:78$4277_ADDR[3:0]$4821
  2509/2976: $0$mem2reg_wr$\memory$architecture_simulator/rtl/vertical_slice/gtsu_lbuf_16bank_macro_model.sv:78$4276_DATA[127:0]$4820
  2510/2976: $0$mem2reg_wr$\memory$architecture_simulator/rtl/vertical_slice/gtsu_lbuf_16bank_macro_model.sv:78$4276_ADDR[3:0]$4819
  2511/2976: $0$mem2reg_wr$\memory$architecture_simulator/rtl/vertical_slice/gtsu_lbuf_16bank_macro_model.sv:78$4275_DATA[127:0]$4818
  2512/2976: $0$mem2reg_wr$\memory$architecture_simulator/rtl/vertical_slice/gtsu_lbuf_16bank_macro_model.sv:78$4275_ADDR[3:0]$4817
  2513/2976: $0$mem2reg_wr$\memory$architecture_simulator/rtl/vertical_slice/gtsu_lbuf_16bank_macro_model.sv:78$4274_DATA[127:0]$4816
  2514/2976: $0$mem2reg_wr$\memory$architecture_simulator/rtl/vertical_slice/gtsu_lbuf_16bank_macro_model.sv:78$4274_ADDR[3:0]$4815
  2515/2976: $0$mem2reg_wr$\memory$architecture_simulator/rtl/vertical_slice/gtsu_lbuf_16bank_macro_model.sv:78$4273_DATA[127:0]$4814
  2516/2976: $0$mem2reg_wr$\memory$architecture_simulator/rtl/vertical_slice/gtsu_lbuf_16bank_macro_model.sv:78$4273_ADDR[3:0]$4813
  2517/2976: $0$mem2reg_wr$\memory$architecture_simulator/rtl/vertical_slice/gtsu_lbuf_16bank_macro_model.sv:78$4272_DATA[127:0]$4812
  2518/2976: $0$mem2reg_wr$\memory$architecture_simulator/rtl/vertical_slice/gtsu_lbuf_16bank_macro_model.sv:78$4272_ADDR[3:0]$4811
  2519/2976: $0$mem2reg_wr$\memory$architecture_simulator/rtl/vertical_slice/gtsu_lbuf_16bank_macro_model.sv:78$4271_DATA[127:0]$4810
  2520/2976: $0$mem2reg_wr$\memory$architecture_simulator/rtl/vertical_slice/gtsu_lbuf_16bank_macro_model.sv:78$4271_ADDR[3:0]$4809
  2521/2976: $0$mem2reg_wr$\memory$architecture_simulator/rtl/vertical_slice/gtsu_lbuf_16bank_macro_model.sv:78$4270_DATA[127:0]$4808
  2522/2976: $0$mem2reg_wr$\memory$architecture_simulator/rtl/vertical_slice/gtsu_lbuf_16bank_macro_model.sv:78$4270_ADDR[3:0]$4807
  2523/2976: $0$mem2reg_wr$\memory$architecture_simulator/rtl/vertical_slice/gtsu_lbuf_16bank_macro_model.sv:78$4269_DATA[127:0]$4806
  2524/2976: $0$mem2reg_wr$\memory$architecture_simulator/rtl/vertical_slice/gtsu_lbuf_16bank_macro_model.sv:78$4269_ADDR[3:0]$4805
  2525/2976: $0$mem2reg_wr$\memory$architecture_simulator/rtl/vertical_slice/gtsu_lbuf_16bank_macro_model.sv:78$4268_DATA[127:0]$4804
  2526/2976: $0$mem2reg_wr$\memory$architecture_simulator/rtl/vertical_slice/gtsu_lbuf_16bank_macro_model.sv:78$4268_ADDR[3:0]$4803
  2527/2976: $0$mem2reg_wr$\memory$architecture_simulator/rtl/vertical_slice/gtsu_lbuf_16bank_macro_model.sv:78$4267_DATA[127:0]$4802
  2528/2976: $0$mem2reg_wr$\memory$architecture_simulator/rtl/vertical_slice/gtsu_lbuf_16bank_macro_model.sv:78$4267_ADDR[3:0]$4801
  2529/2976: $0$mem2reg_wr$\memory$architecture_simulator/rtl/vertical_slice/gtsu_lbuf_16bank_macro_model.sv:78$4266_DATA[127:0]$4800
  2530/2976: $0$mem2reg_wr$\memory$architecture_simulator/rtl/vertical_slice/gtsu_lbuf_16bank_macro_model.sv:78$4266_ADDR[3:0]$4799
  2531/2976: $0$mem2reg_wr$\memory$architecture_simulator/rtl/vertical_slice/gtsu_lbuf_16bank_macro_model.sv:78$4265_DATA[127:0]$4798
  2532/2976: $0$mem2reg_wr$\memory$architecture_simulator/rtl/vertical_slice/gtsu_lbuf_16bank_macro_model.sv:78$4265_ADDR[3:0]$4797
  2533/2976: $0$mem2reg_wr$\memory$architecture_simulator/rtl/vertical_slice/gtsu_lbuf_16bank_macro_model.sv:78$4264_DATA[127:0]$4796
  2534/2976: $0$mem2reg_wr$\memory$architecture_simulator/rtl/vertical_slice/gtsu_lbuf_16bank_macro_model.sv:78$4264_ADDR[3:0]$4795
  2535/2976: $0$mem2reg_wr$\memory$architecture_simulator/rtl/vertical_slice/gtsu_lbuf_16bank_macro_model.sv:78$4263_DATA[127:0]$4794
  2536/2976: $0$mem2reg_wr$\memory$architecture_simulator/rtl/vertical_slice/gtsu_lbuf_16bank_macro_model.sv:78$4263_ADDR[3:0]$4793
  2537/2976: $0$mem2reg_wr$\memory$architecture_simulator/rtl/vertical_slice/gtsu_lbuf_16bank_macro_model.sv:78$4262_DATA[127:0]$4792
  2538/2976: $0$mem2reg_wr$\memory$architecture_simulator/rtl/vertical_slice/gtsu_lbuf_16bank_macro_model.sv:78$4262_ADDR[3:0]$4791
  2539/2976: $0$mem2reg_wr$\memory$architecture_simulator/rtl/vertical_slice/gtsu_lbuf_16bank_macro_model.sv:78$4261_DATA[127:0]$4790
  2540/2976: $0$mem2reg_wr$\memory$architecture_simulator/rtl/vertical_slice/gtsu_lbuf_16bank_macro_model.sv:78$4261_ADDR[3:0]$4789
  2541/2976: $0$mem2reg_wr$\memory$architecture_simulator/rtl/vertical_slice/gtsu_lbuf_16bank_macro_model.sv:78$4260_DATA[127:0]$4788
  2542/2976: $0$mem2reg_wr$\memory$architecture_simulator/rtl/vertical_slice/gtsu_lbuf_16bank_macro_model.sv:78$4260_ADDR[3:0]$4787
  2543/2976: $0$mem2reg_wr$\memory$architecture_simulator/rtl/vertical_slice/gtsu_lbuf_16bank_macro_model.sv:78$4259_DATA[127:0]$4786
  2544/2976: $0$mem2reg_wr$\memory$architecture_simulator/rtl/vertical_slice/gtsu_lbuf_16bank_macro_model.sv:78$4259_ADDR[3:0]$4785
  2545/2976: $0$mem2reg_wr$\memory$architecture_simulator/rtl/vertical_slice/gtsu_lbuf_16bank_macro_model.sv:78$4258_DATA[127:0]$4784
  2546/2976: $0$mem2reg_wr$\memory$architecture_simulator/rtl/vertical_slice/gtsu_lbuf_16bank_macro_model.sv:78$4258_ADDR[3:0]$4783
  2547/2976: $0$mem2reg_wr$\memory$architecture_simulator/rtl/vertical_slice/gtsu_lbuf_16bank_macro_model.sv:78$4257_DATA[127:0]$4782
  2548/2976: $0$mem2reg_wr$\memory$architecture_simulator/rtl/vertical_slice/gtsu_lbuf_16bank_macro_model.sv:78$4257_ADDR[3:0]$4781
  2549/2976: $0$mem2reg_wr$\memory$architecture_simulator/rtl/vertical_slice/gtsu_lbuf_16bank_macro_model.sv:78$4256_DATA[127:0]$4780
  2550/2976: $0$mem2reg_wr$\memory$architecture_simulator/rtl/vertical_slice/gtsu_lbuf_16bank_macro_model.sv:78$4256_ADDR[3:0]$4779
  2551/2976: $0$mem2reg_wr$\memory$architecture_simulator/rtl/vertical_slice/gtsu_lbuf_16bank_macro_model.sv:78$4255_DATA[127:0]$4778
  2552/2976: $0$mem2reg_wr$\memory$architecture_simulator/rtl/vertical_slice/gtsu_lbuf_16bank_macro_model.sv:78$4255_ADDR[3:0]$4777
  2553/2976: $0$mem2reg_wr$\memory$architecture_simulator/rtl/vertical_slice/gtsu_lbuf_16bank_macro_model.sv:78$4254_DATA[127:0]$4776
  2554/2976: $0$mem2reg_wr$\memory$architecture_simulator/rtl/vertical_slice/gtsu_lbuf_16bank_macro_model.sv:78$4254_ADDR[3:0]$4775
  2555/2976: $0$mem2reg_wr$\memory$architecture_simulator/rtl/vertical_slice/gtsu_lbuf_16bank_macro_model.sv:78$4253_DATA[127:0]$4774
  2556/2976: $0$mem2reg_wr$\memory$architecture_simulator/rtl/vertical_slice/gtsu_lbuf_16bank_macro_model.sv:78$4253_ADDR[3:0]$4773
  2557/2976: $0$mem2reg_wr$\memory$architecture_simulator/rtl/vertical_slice/gtsu_lbuf_16bank_macro_model.sv:78$4252_DATA[127:0]$4772
  2558/2976: $0$mem2reg_wr$\memory$architecture_simulator/rtl/vertical_slice/gtsu_lbuf_16bank_macro_model.sv:78$4252_ADDR[3:0]$4771
  2559/2976: $0$mem2reg_wr$\memory$architecture_simulator/rtl/vertical_slice/gtsu_lbuf_16bank_macro_model.sv:78$4251_DATA[127:0]$4770
  2560/2976: $0$mem2reg_wr$\memory$architecture_simulator/rtl/vertical_slice/gtsu_lbuf_16bank_macro_model.sv:78$4251_ADDR[3:0]$4769
  2561/2976: $0$mem2reg_wr$\memory$architecture_simulator/rtl/vertical_slice/gtsu_lbuf_16bank_macro_model.sv:78$4250_DATA[127:0]$4768
  2562/2976: $0$mem2reg_wr$\memory$architecture_simulator/rtl/vertical_slice/gtsu_lbuf_16bank_macro_model.sv:78$4250_ADDR[3:0]$4767
  2563/2976: $0$mem2reg_wr$\memory$architecture_simulator/rtl/vertical_slice/gtsu_lbuf_16bank_macro_model.sv:78$4249_DATA[127:0]$4766
  2564/2976: $0$mem2reg_wr$\memory$architecture_simulator/rtl/vertical_slice/gtsu_lbuf_16bank_macro_model.sv:78$4249_ADDR[3:0]$4765
  2565/2976: $0$mem2reg_wr$\memory$architecture_simulator/rtl/vertical_slice/gtsu_lbuf_16bank_macro_model.sv:78$4248_DATA[127:0]$4764
  2566/2976: $0$mem2reg_wr$\memory$architecture_simulator/rtl/vertical_slice/gtsu_lbuf_16bank_macro_model.sv:78$4248_ADDR[3:0]$4763
  2567/2976: $0$mem2reg_wr$\memory$architecture_simulator/rtl/vertical_slice/gtsu_lbuf_16bank_macro_model.sv:78$4247_DATA[127:0]$4762
  2568/2976: $0$mem2reg_wr$\memory$architecture_simulator/rtl/vertical_slice/gtsu_lbuf_16bank_macro_model.sv:78$4247_ADDR[3:0]$4761
  2569/2976: $0$mem2reg_wr$\memory$architecture_simulator/rtl/vertical_slice/gtsu_lbuf_16bank_macro_model.sv:78$4246_DATA[127:0]$4760
  2570/2976: $0$mem2reg_wr$\memory$architecture_simulator/rtl/vertical_slice/gtsu_lbuf_16bank_macro_model.sv:78$4246_ADDR[3:0]$4759
  2571/2976: $0$mem2reg_wr$\memory$architecture_simulator/rtl/vertical_slice/gtsu_lbuf_16bank_macro_model.sv:78$4245_DATA[127:0]$4758
  2572/2976: $0$mem2reg_wr$\memory$architecture_simulator/rtl/vertical_slice/gtsu_lbuf_16bank_macro_model.sv:78$4245_ADDR[3:0]$4757
  2573/2976: $0$mem2reg_wr$\memory$architecture_simulator/rtl/vertical_slice/gtsu_lbuf_16bank_macro_model.sv:78$4244_DATA[127:0]$4756
  2574/2976: $0$mem2reg_wr$\memory$architecture_simulator/rtl/vertical_slice/gtsu_lbuf_16bank_macro_model.sv:78$4244_ADDR[3:0]$4755
  2575/2976: $0$mem2reg_wr$\memory$architecture_simulator/rtl/vertical_slice/gtsu_lbuf_16bank_macro_model.sv:78$4243_DATA[127:0]$4754
  2576/2976: $0$mem2reg_wr$\memory$architecture_simulator/rtl/vertical_slice/gtsu_lbuf_16bank_macro_model.sv:78$4243_ADDR[3:0]$4753
  2577/2976: $0$mem2reg_wr$\memory$architecture_simulator/rtl/vertical_slice/gtsu_lbuf_16bank_macro_model.sv:78$4242_DATA[127:0]$4752
  2578/2976: $0$mem2reg_wr$\memory$architecture_simulator/rtl/vertical_slice/gtsu_lbuf_16bank_macro_model.sv:78$4242_ADDR[3:0]$4751
  2579/2976: $0$mem2reg_wr$\memory$architecture_simulator/rtl/vertical_slice/gtsu_lbuf_16bank_macro_model.sv:78$4241_DATA[127:0]$4750
  2580/2976: $0$mem2reg_wr$\memory$architecture_simulator/rtl/vertical_slice/gtsu_lbuf_16bank_macro_model.sv:78$4241_ADDR[3:0]$4749
  2581/2976: $0$mem2reg_wr$\memory$architecture_simulator/rtl/vertical_slice/gtsu_lbuf_16bank_macro_model.sv:78$4240_DATA[127:0]$4748
  2582/2976: $0$mem2reg_wr$\memory$architecture_simulator/rtl/vertical_slice/gtsu_lbuf_16bank_macro_model.sv:78$4240_ADDR[3:0]$4747
  2583/2976: $0$mem2reg_wr$\memory$architecture_simulator/rtl/vertical_slice/gtsu_lbuf_16bank_macro_model.sv:78$4239_DATA[127:0]$4746
  2584/2976: $0$mem2reg_wr$\memory$architecture_simulator/rtl/vertical_slice/gtsu_lbuf_16bank_macro_model.sv:78$4239_ADDR[3:0]$4745
  2585/2976: $0$mem2reg_wr$\memory$architecture_simulator/rtl/vertical_slice/gtsu_lbuf_16bank_macro_model.sv:78$4238_DATA[127:0]$4744
  2586/2976: $0$mem2reg_wr$\memory$architecture_simulator/rtl/vertical_slice/gtsu_lbuf_16bank_macro_model.sv:78$4238_ADDR[3:0]$4743
  2587/2976: $0$mem2reg_wr$\memory$architecture_simulator/rtl/vertical_slice/gtsu_lbuf_16bank_macro_model.sv:78$4237_DATA[127:0]$4742
  2588/2976: $0$mem2reg_wr$\memory$architecture_simulator/rtl/vertical_slice/gtsu_lbuf_16bank_macro_model.sv:78$4237_ADDR[3:0]$4741
  2589/2976: $0$mem2reg_wr$\memory$architecture_simulator/rtl/vertical_slice/gtsu_lbuf_16bank_macro_model.sv:78$4236_DATA[127:0]$4740
  2590/2976: $0$mem2reg_wr$\memory$architecture_simulator/rtl/vertical_slice/gtsu_lbuf_16bank_macro_model.sv:78$4236_ADDR[3:0]$4739
  2591/2976: $0$mem2reg_wr$\memory$architecture_simulator/rtl/vertical_slice/gtsu_lbuf_16bank_macro_model.sv:78$4235_DATA[127:0]$4738
  2592/2976: $0$mem2reg_wr$\memory$architecture_simulator/rtl/vertical_slice/gtsu_lbuf_16bank_macro_model.sv:78$4235_ADDR[3:0]$4737
  2593/2976: $0$mem2reg_wr$\memory$architecture_simulator/rtl/vertical_slice/gtsu_lbuf_16bank_macro_model.sv:78$4234_DATA[127:0]$4736
  2594/2976: $0$mem2reg_wr$\memory$architecture_simulator/rtl/vertical_slice/gtsu_lbuf_16bank_macro_model.sv:78$4234_ADDR[3:0]$4735
  2595/2976: $0$mem2reg_wr$\memory$architecture_simulator/rtl/vertical_slice/gtsu_lbuf_16bank_macro_model.sv:78$4233_DATA[127:0]$4734
  2596/2976: $0$mem2reg_wr$\memory$architecture_simulator/rtl/vertical_slice/gtsu_lbuf_16bank_macro_model.sv:78$4233_ADDR[3:0]$4733
  2597/2976: $0$mem2reg_wr$\memory$architecture_simulator/rtl/vertical_slice/gtsu_lbuf_16bank_macro_model.sv:78$4232_DATA[127:0]$4732
  2598/2976: $0$mem2reg_wr$\memory$architecture_simulator/rtl/vertical_slice/gtsu_lbuf_16bank_macro_model.sv:78$4232_ADDR[3:0]$4731
  2599/2976: $0$mem2reg_wr$\memory$architecture_simulator/rtl/vertical_slice/gtsu_lbuf_16bank_macro_model.sv:78$4231_DATA[127:0]$4730
  2600/2976: $0$mem2reg_wr$\memory$architecture_simulator/rtl/vertical_slice/gtsu_lbuf_16bank_macro_model.sv:78$4231_ADDR[3:0]$4729
  2601/2976: $0$mem2reg_wr$\memory$architecture_simulator/rtl/vertical_slice/gtsu_lbuf_16bank_macro_model.sv:78$4230_DATA[127:0]$4728
  2602/2976: $0$mem2reg_wr$\memory$architecture_simulator/rtl/vertical_slice/gtsu_lbuf_16bank_macro_model.sv:78$4230_ADDR[3:0]$4727
  2603/2976: $0$mem2reg_wr$\memory$architecture_simulator/rtl/vertical_slice/gtsu_lbuf_16bank_macro_model.sv:78$4229_DATA[127:0]$4726
  2604/2976: $0$mem2reg_wr$\memory$architecture_simulator/rtl/vertical_slice/gtsu_lbuf_16bank_macro_model.sv:78$4229_ADDR[3:0]$4725
  2605/2976: $0$mem2reg_wr$\memory$architecture_simulator/rtl/vertical_slice/gtsu_lbuf_16bank_macro_model.sv:78$4228_DATA[127:0]$4724
  2606/2976: $0$mem2reg_wr$\memory$architecture_simulator/rtl/vertical_slice/gtsu_lbuf_16bank_macro_model.sv:78$4228_ADDR[3:0]$4723
  2607/2976: $0$mem2reg_wr$\memory$architecture_simulator/rtl/vertical_slice/gtsu_lbuf_16bank_macro_model.sv:78$4227_DATA[127:0]$4722
  2608/2976: $0$mem2reg_wr$\memory$architecture_simulator/rtl/vertical_slice/gtsu_lbuf_16bank_macro_model.sv:78$4227_ADDR[3:0]$4721
  2609/2976: $0$mem2reg_wr$\memory$architecture_simulator/rtl/vertical_slice/gtsu_lbuf_16bank_macro_model.sv:78$4226_DATA[127:0]$4720
  2610/2976: $0$mem2reg_wr$\memory$architecture_simulator/rtl/vertical_slice/gtsu_lbuf_16bank_macro_model.sv:78$4226_ADDR[3:0]$4719
  2611/2976: $0$mem2reg_wr$\memory$architecture_simulator/rtl/vertical_slice/gtsu_lbuf_16bank_macro_model.sv:78$4225_DATA[127:0]$4718
  2612/2976: $0$mem2reg_wr$\memory$architecture_simulator/rtl/vertical_slice/gtsu_lbuf_16bank_macro_model.sv:78$4225_ADDR[3:0]$4717
  2613/2976: $0$mem2reg_wr$\memory$architecture_simulator/rtl/vertical_slice/gtsu_lbuf_16bank_macro_model.sv:78$4224_DATA[127:0]$4716
  2614/2976: $0$mem2reg_wr$\memory$architecture_simulator/rtl/vertical_slice/gtsu_lbuf_16bank_macro_model.sv:78$4224_ADDR[3:0]$4715
  2615/2976: $0$mem2reg_wr$\memory$architecture_simulator/rtl/vertical_slice/gtsu_lbuf_16bank_macro_model.sv:78$4223_DATA[127:0]$4714
  2616/2976: $0$mem2reg_wr$\memory$architecture_simulator/rtl/vertical_slice/gtsu_lbuf_16bank_macro_model.sv:78$4223_ADDR[3:0]$4713
  2617/2976: $0$mem2reg_wr$\memory$architecture_simulator/rtl/vertical_slice/gtsu_lbuf_16bank_macro_model.sv:78$4222_DATA[127:0]$4712
  2618/2976: $0$mem2reg_wr$\memory$architecture_simulator/rtl/vertical_slice/gtsu_lbuf_16bank_macro_model.sv:78$4222_ADDR[3:0]$4711
  2619/2976: $0$mem2reg_wr$\memory$architecture_simulator/rtl/vertical_slice/gtsu_lbuf_16bank_macro_model.sv:78$4221_DATA[127:0]$4710
  2620/2976: $0$mem2reg_wr$\memory$architecture_simulator/rtl/vertical_slice/gtsu_lbuf_16bank_macro_model.sv:78$4221_ADDR[3:0]$4709
  2621/2976: $0$mem2reg_wr$\memory$architecture_simulator/rtl/vertical_slice/gtsu_lbuf_16bank_macro_model.sv:78$4220_DATA[127:0]$4708
  2622/2976: $0$mem2reg_wr$\memory$architecture_simulator/rtl/vertical_slice/gtsu_lbuf_16bank_macro_model.sv:78$4220_ADDR[3:0]$4707
  2623/2976: $0$mem2reg_wr$\memory$architecture_simulator/rtl/vertical_slice/gtsu_lbuf_16bank_macro_model.sv:78$4219_DATA[127:0]$4706
  2624/2976: $0$mem2reg_wr$\memory$architecture_simulator/rtl/vertical_slice/gtsu_lbuf_16bank_macro_model.sv:78$4219_ADDR[3:0]$4705
  2625/2976: $0$mem2reg_wr$\memory$architecture_simulator/rtl/vertical_slice/gtsu_lbuf_16bank_macro_model.sv:78$4218_DATA[127:0]$4704
  2626/2976: $0$mem2reg_wr$\memory$architecture_simulator/rtl/vertical_slice/gtsu_lbuf_16bank_macro_model.sv:78$4218_ADDR[3:0]$4703
  2627/2976: $0$mem2reg_wr$\memory$architecture_simulator/rtl/vertical_slice/gtsu_lbuf_16bank_macro_model.sv:78$4217_DATA[127:0]$4702
  2628/2976: $0$mem2reg_wr$\memory$architecture_simulator/rtl/vertical_slice/gtsu_lbuf_16bank_macro_model.sv:78$4217_ADDR[3:0]$4701
  2629/2976: $0$mem2reg_wr$\memory$architecture_simulator/rtl/vertical_slice/gtsu_lbuf_16bank_macro_model.sv:78$4216_DATA[127:0]$4700
  2630/2976: $0$mem2reg_wr$\memory$architecture_simulator/rtl/vertical_slice/gtsu_lbuf_16bank_macro_model.sv:78$4216_ADDR[3:0]$4699
  2631/2976: $0$mem2reg_wr$\memory$architecture_simulator/rtl/vertical_slice/gtsu_lbuf_16bank_macro_model.sv:78$4215_DATA[127:0]$4698
  2632/2976: $0$mem2reg_wr$\memory$architecture_simulator/rtl/vertical_slice/gtsu_lbuf_16bank_macro_model.sv:78$4215_ADDR[3:0]$4697
  2633/2976: $0$mem2reg_wr$\memory$architecture_simulator/rtl/vertical_slice/gtsu_lbuf_16bank_macro_model.sv:78$4214_DATA[127:0]$4696
  2634/2976: $0$mem2reg_wr$\memory$architecture_simulator/rtl/vertical_slice/gtsu_lbuf_16bank_macro_model.sv:78$4214_ADDR[3:0]$4695
  2635/2976: $0$mem2reg_wr$\memory$architecture_simulator/rtl/vertical_slice/gtsu_lbuf_16bank_macro_model.sv:78$4213_DATA[127:0]$4694
  2636/2976: $0$mem2reg_wr$\memory$architecture_simulator/rtl/vertical_slice/gtsu_lbuf_16bank_macro_model.sv:78$4213_ADDR[3:0]$4693
  2637/2976: $0$mem2reg_wr$\memory$architecture_simulator/rtl/vertical_slice/gtsu_lbuf_16bank_macro_model.sv:78$4212_DATA[127:0]$4692
  2638/2976: $0$mem2reg_wr$\memory$architecture_simulator/rtl/vertical_slice/gtsu_lbuf_16bank_macro_model.sv:78$4212_ADDR[3:0]$4691
  2639/2976: $0$mem2reg_wr$\memory$architecture_simulator/rtl/vertical_slice/gtsu_lbuf_16bank_macro_model.sv:78$4211_DATA[127:0]$4690
  2640/2976: $0$mem2reg_wr$\memory$architecture_simulator/rtl/vertical_slice/gtsu_lbuf_16bank_macro_model.sv:78$4211_ADDR[3:0]$4689
  2641/2976: $0$mem2reg_wr$\memory$architecture_simulator/rtl/vertical_slice/gtsu_lbuf_16bank_macro_model.sv:78$4210_DATA[127:0]$4688
  2642/2976: $0$mem2reg_wr$\memory$architecture_simulator/rtl/vertical_slice/gtsu_lbuf_16bank_macro_model.sv:78$4210_ADDR[3:0]$4687
  2643/2976: $0$mem2reg_wr$\memory$architecture_simulator/rtl/vertical_slice/gtsu_lbuf_16bank_macro_model.sv:78$4209_DATA[127:0]$4686
  2644/2976: $0$mem2reg_wr$\memory$architecture_simulator/rtl/vertical_slice/gtsu_lbuf_16bank_macro_model.sv:78$4209_ADDR[3:0]$4685
  2645/2976: $0$mem2reg_wr$\memory$architecture_simulator/rtl/vertical_slice/gtsu_lbuf_16bank_macro_model.sv:78$4208_DATA[127:0]$4684
  2646/2976: $0$mem2reg_wr$\memory$architecture_simulator/rtl/vertical_slice/gtsu_lbuf_16bank_macro_model.sv:78$4208_ADDR[3:0]$4683
  2647/2976: $0$mem2reg_wr$\memory$architecture_simulator/rtl/vertical_slice/gtsu_lbuf_16bank_macro_model.sv:78$4207_DATA[127:0]$4682
  2648/2976: $0$mem2reg_wr$\memory$architecture_simulator/rtl/vertical_slice/gtsu_lbuf_16bank_macro_model.sv:78$4207_ADDR[3:0]$4681
  2649/2976: $0$mem2reg_wr$\memory$architecture_simulator/rtl/vertical_slice/gtsu_lbuf_16bank_macro_model.sv:78$4206_DATA[127:0]$4680
  2650/2976: $0$mem2reg_wr$\memory$architecture_simulator/rtl/vertical_slice/gtsu_lbuf_16bank_macro_model.sv:78$4206_ADDR[3:0]$4679
  2651/2976: $0$mem2reg_wr$\memory$architecture_simulator/rtl/vertical_slice/gtsu_lbuf_16bank_macro_model.sv:78$4205_DATA[127:0]$4678
  2652/2976: $0$mem2reg_wr$\memory$architecture_simulator/rtl/vertical_slice/gtsu_lbuf_16bank_macro_model.sv:78$4205_ADDR[3:0]$4677
  2653/2976: $0$mem2reg_wr$\memory$architecture_simulator/rtl/vertical_slice/gtsu_lbuf_16bank_macro_model.sv:78$4204_DATA[127:0]$4676
  2654/2976: $0$mem2reg_wr$\memory$architecture_simulator/rtl/vertical_slice/gtsu_lbuf_16bank_macro_model.sv:78$4204_ADDR[3:0]$4675
  2655/2976: $0$mem2reg_wr$\memory$architecture_simulator/rtl/vertical_slice/gtsu_lbuf_16bank_macro_model.sv:78$4203_DATA[127:0]$4674
  2656/2976: $0$mem2reg_wr$\memory$architecture_simulator/rtl/vertical_slice/gtsu_lbuf_16bank_macro_model.sv:78$4203_ADDR[3:0]$4673
  2657/2976: $0$mem2reg_wr$\memory$architecture_simulator/rtl/vertical_slice/gtsu_lbuf_16bank_macro_model.sv:78$4202_DATA[127:0]$4672
  2658/2976: $0$mem2reg_wr$\memory$architecture_simulator/rtl/vertical_slice/gtsu_lbuf_16bank_macro_model.sv:78$4202_ADDR[3:0]$4671
  2659/2976: $0$mem2reg_wr$\memory$architecture_simulator/rtl/vertical_slice/gtsu_lbuf_16bank_macro_model.sv:78$4201_DATA[127:0]$4670
  2660/2976: $0$mem2reg_wr$\memory$architecture_simulator/rtl/vertical_slice/gtsu_lbuf_16bank_macro_model.sv:78$4201_ADDR[3:0]$4669
  2661/2976: $0$mem2reg_wr$\memory$architecture_simulator/rtl/vertical_slice/gtsu_lbuf_16bank_macro_model.sv:78$4200_DATA[127:0]$4668
  2662/2976: $0$mem2reg_wr$\memory$architecture_simulator/rtl/vertical_slice/gtsu_lbuf_16bank_macro_model.sv:78$4200_ADDR[3:0]$4667
  2663/2976: $0$mem2reg_wr$\memory$architecture_simulator/rtl/vertical_slice/gtsu_lbuf_16bank_macro_model.sv:78$4199_DATA[127:0]$4666
  2664/2976: $0$mem2reg_wr$\memory$architecture_simulator/rtl/vertical_slice/gtsu_lbuf_16bank_macro_model.sv:78$4199_ADDR[3:0]$4665
  2665/2976: $0$mem2reg_wr$\memory$architecture_simulator/rtl/vertical_slice/gtsu_lbuf_16bank_macro_model.sv:78$4198_DATA[127:0]$4664
  2666/2976: $0$mem2reg_wr$\memory$architecture_simulator/rtl/vertical_slice/gtsu_lbuf_16bank_macro_model.sv:78$4198_ADDR[3:0]$4663
  2667/2976: $0$mem2reg_wr$\memory$architecture_simulator/rtl/vertical_slice/gtsu_lbuf_16bank_macro_model.sv:78$4197_DATA[127:0]$4662
  2668/2976: $0$mem2reg_wr$\memory$architecture_simulator/rtl/vertical_slice/gtsu_lbuf_16bank_macro_model.sv:78$4197_ADDR[3:0]$4661
  2669/2976: $0$mem2reg_wr$\memory$architecture_simulator/rtl/vertical_slice/gtsu_lbuf_16bank_macro_model.sv:78$4196_DATA[127:0]$4660
  2670/2976: $0$mem2reg_wr$\memory$architecture_simulator/rtl/vertical_slice/gtsu_lbuf_16bank_macro_model.sv:78$4196_ADDR[3:0]$4659
  2671/2976: $0$mem2reg_wr$\memory$architecture_simulator/rtl/vertical_slice/gtsu_lbuf_16bank_macro_model.sv:78$4195_DATA[127:0]$4658
  2672/2976: $0$mem2reg_wr$\memory$architecture_simulator/rtl/vertical_slice/gtsu_lbuf_16bank_macro_model.sv:78$4195_ADDR[3:0]$4657
  2673/2976: $0$mem2reg_wr$\memory$architecture_simulator/rtl/vertical_slice/gtsu_lbuf_16bank_macro_model.sv:78$4194_DATA[127:0]$4656
  2674/2976: $0$mem2reg_wr$\memory$architecture_simulator/rtl/vertical_slice/gtsu_lbuf_16bank_macro_model.sv:78$4194_ADDR[3:0]$4655
  2675/2976: $0$mem2reg_wr$\memory$architecture_simulator/rtl/vertical_slice/gtsu_lbuf_16bank_macro_model.sv:78$4193_DATA[127:0]$4654
  2676/2976: $0$mem2reg_wr$\memory$architecture_simulator/rtl/vertical_slice/gtsu_lbuf_16bank_macro_model.sv:78$4193_ADDR[3:0]$4653
  2677/2976: $0$mem2reg_wr$\memory$architecture_simulator/rtl/vertical_slice/gtsu_lbuf_16bank_macro_model.sv:78$4192_DATA[127:0]$4652
  2678/2976: $0$mem2reg_wr$\memory$architecture_simulator/rtl/vertical_slice/gtsu_lbuf_16bank_macro_model.sv:78$4192_ADDR[3:0]$4651
  2679/2976: $0$mem2reg_wr$\memory$architecture_simulator/rtl/vertical_slice/gtsu_lbuf_16bank_macro_model.sv:78$4191_DATA[127:0]$4650
  2680/2976: $0$mem2reg_wr$\memory$architecture_simulator/rtl/vertical_slice/gtsu_lbuf_16bank_macro_model.sv:78$4191_ADDR[3:0]$4649
  2681/2976: $0$mem2reg_wr$\memory$architecture_simulator/rtl/vertical_slice/gtsu_lbuf_16bank_macro_model.sv:78$4190_DATA[127:0]$4648
  2682/2976: $0$mem2reg_wr$\memory$architecture_simulator/rtl/vertical_slice/gtsu_lbuf_16bank_macro_model.sv:78$4190_ADDR[3:0]$4647
  2683/2976: $0$mem2reg_wr$\memory$architecture_simulator/rtl/vertical_slice/gtsu_lbuf_16bank_macro_model.sv:78$4189_DATA[127:0]$4646
  2684/2976: $0$mem2reg_wr$\memory$architecture_simulator/rtl/vertical_slice/gtsu_lbuf_16bank_macro_model.sv:78$4189_ADDR[3:0]$4645
  2685/2976: $0$mem2reg_wr$\memory$architecture_simulator/rtl/vertical_slice/gtsu_lbuf_16bank_macro_model.sv:78$4188_DATA[127:0]$4644
  2686/2976: $0$mem2reg_wr$\memory$architecture_simulator/rtl/vertical_slice/gtsu_lbuf_16bank_macro_model.sv:78$4188_ADDR[3:0]$4643
  2687/2976: $0$mem2reg_wr$\memory$architecture_simulator/rtl/vertical_slice/gtsu_lbuf_16bank_macro_model.sv:78$4187_DATA[127:0]$4642
  2688/2976: $0$mem2reg_wr$\memory$architecture_simulator/rtl/vertical_slice/gtsu_lbuf_16bank_macro_model.sv:78$4187_ADDR[3:0]$4641
  2689/2976: $0$mem2reg_wr$\memory$architecture_simulator/rtl/vertical_slice/gtsu_lbuf_16bank_macro_model.sv:78$4186_DATA[127:0]$4640
  2690/2976: $0$mem2reg_wr$\memory$architecture_simulator/rtl/vertical_slice/gtsu_lbuf_16bank_macro_model.sv:78$4186_ADDR[3:0]$4639
  2691/2976: $0$mem2reg_wr$\memory$architecture_simulator/rtl/vertical_slice/gtsu_lbuf_16bank_macro_model.sv:78$4185_DATA[127:0]$4638
  2692/2976: $0$mem2reg_wr$\memory$architecture_simulator/rtl/vertical_slice/gtsu_lbuf_16bank_macro_model.sv:78$4185_ADDR[3:0]$4637
  2693/2976: $0$mem2reg_wr$\memory$architecture_simulator/rtl/vertical_slice/gtsu_lbuf_16bank_macro_model.sv:78$4184_DATA[127:0]$4636
  2694/2976: $0$mem2reg_wr$\memory$architecture_simulator/rtl/vertical_slice/gtsu_lbuf_16bank_macro_model.sv:78$4184_ADDR[3:0]$4635
  2695/2976: $0$mem2reg_wr$\memory$architecture_simulator/rtl/vertical_slice/gtsu_lbuf_16bank_macro_model.sv:78$4183_DATA[127:0]$4634
  2696/2976: $0$mem2reg_wr$\memory$architecture_simulator/rtl/vertical_slice/gtsu_lbuf_16bank_macro_model.sv:78$4183_ADDR[3:0]$4633
  2697/2976: $0$mem2reg_wr$\memory$architecture_simulator/rtl/vertical_slice/gtsu_lbuf_16bank_macro_model.sv:78$4182_DATA[127:0]$4632
  2698/2976: $0$mem2reg_wr$\memory$architecture_simulator/rtl/vertical_slice/gtsu_lbuf_16bank_macro_model.sv:78$4182_ADDR[3:0]$4631
  2699/2976: $0$mem2reg_wr$\memory$architecture_simulator/rtl/vertical_slice/gtsu_lbuf_16bank_macro_model.sv:78$4181_DATA[127:0]$4630
  2700/2976: $0$mem2reg_wr$\memory$architecture_simulator/rtl/vertical_slice/gtsu_lbuf_16bank_macro_model.sv:78$4181_ADDR[3:0]$4629
  2701/2976: $0$mem2reg_wr$\memory$architecture_simulator/rtl/vertical_slice/gtsu_lbuf_16bank_macro_model.sv:78$4180_DATA[127:0]$4628
  2702/2976: $0$mem2reg_wr$\memory$architecture_simulator/rtl/vertical_slice/gtsu_lbuf_16bank_macro_model.sv:78$4180_ADDR[3:0]$4627
  2703/2976: $0$mem2reg_wr$\memory$architecture_simulator/rtl/vertical_slice/gtsu_lbuf_16bank_macro_model.sv:78$4179_DATA[127:0]$4626
  2704/2976: $0$mem2reg_wr$\memory$architecture_simulator/rtl/vertical_slice/gtsu_lbuf_16bank_macro_model.sv:78$4179_ADDR[3:0]$4625
  2705/2976: $0$mem2reg_wr$\memory$architecture_simulator/rtl/vertical_slice/gtsu_lbuf_16bank_macro_model.sv:78$4178_DATA[127:0]$4624
  2706/2976: $0$mem2reg_wr$\memory$architecture_simulator/rtl/vertical_slice/gtsu_lbuf_16bank_macro_model.sv:78$4178_ADDR[3:0]$4623
  2707/2976: $0$mem2reg_wr$\memory$architecture_simulator/rtl/vertical_slice/gtsu_lbuf_16bank_macro_model.sv:78$4177_DATA[127:0]$4622
  2708/2976: $0$mem2reg_wr$\memory$architecture_simulator/rtl/vertical_slice/gtsu_lbuf_16bank_macro_model.sv:78$4177_ADDR[3:0]$4621
  2709/2976: $0$mem2reg_wr$\memory$architecture_simulator/rtl/vertical_slice/gtsu_lbuf_16bank_macro_model.sv:78$4176_DATA[127:0]$4620
  2710/2976: $0$mem2reg_wr$\memory$architecture_simulator/rtl/vertical_slice/gtsu_lbuf_16bank_macro_model.sv:78$4176_ADDR[3:0]$4619
  2711/2976: $0$mem2reg_wr$\memory$architecture_simulator/rtl/vertical_slice/gtsu_lbuf_16bank_macro_model.sv:78$4175_DATA[127:0]$4618
  2712/2976: $0$mem2reg_wr$\memory$architecture_simulator/rtl/vertical_slice/gtsu_lbuf_16bank_macro_model.sv:78$4175_ADDR[3:0]$4617
  2713/2976: $0$mem2reg_wr$\memory$architecture_simulator/rtl/vertical_slice/gtsu_lbuf_16bank_macro_model.sv:78$4174_DATA[127:0]$4616
  2714/2976: $0$mem2reg_wr$\memory$architecture_simulator/rtl/vertical_slice/gtsu_lbuf_16bank_macro_model.sv:78$4174_ADDR[3:0]$4615
  2715/2976: $0$mem2reg_wr$\memory$architecture_simulator/rtl/vertical_slice/gtsu_lbuf_16bank_macro_model.sv:78$4173_DATA[127:0]$4614
  2716/2976: $0$mem2reg_wr$\memory$architecture_simulator/rtl/vertical_slice/gtsu_lbuf_16bank_macro_model.sv:78$4173_ADDR[3:0]$4613
  2717/2976: $0$mem2reg_wr$\memory$architecture_simulator/rtl/vertical_slice/gtsu_lbuf_16bank_macro_model.sv:78$4172_DATA[127:0]$4612
  2718/2976: $0$mem2reg_wr$\memory$architecture_simulator/rtl/vertical_slice/gtsu_lbuf_16bank_macro_model.sv:78$4172_ADDR[3:0]$4611
  2719/2976: $0$mem2reg_wr$\memory$architecture_simulator/rtl/vertical_slice/gtsu_lbuf_16bank_macro_model.sv:78$4171_DATA[127:0]$4610
  2720/2976: $0$mem2reg_wr$\memory$architecture_simulator/rtl/vertical_slice/gtsu_lbuf_16bank_macro_model.sv:78$4171_ADDR[3:0]$4609
  2721/2976: $0$mem2reg_wr$\memory$architecture_simulator/rtl/vertical_slice/gtsu_lbuf_16bank_macro_model.sv:78$4170_DATA[127:0]$4608
  2722/2976: $0$mem2reg_wr$\memory$architecture_simulator/rtl/vertical_slice/gtsu_lbuf_16bank_macro_model.sv:78$4170_ADDR[3:0]$4607
  2723/2976: $0$mem2reg_wr$\memory$architecture_simulator/rtl/vertical_slice/gtsu_lbuf_16bank_macro_model.sv:78$4169_DATA[127:0]$4606
  2724/2976: $0$mem2reg_wr$\memory$architecture_simulator/rtl/vertical_slice/gtsu_lbuf_16bank_macro_model.sv:78$4169_ADDR[3:0]$4605
  2725/2976: $0$mem2reg_wr$\memory$architecture_simulator/rtl/vertical_slice/gtsu_lbuf_16bank_macro_model.sv:78$4168_DATA[127:0]$4604
  2726/2976: $0$mem2reg_wr$\memory$architecture_simulator/rtl/vertical_slice/gtsu_lbuf_16bank_macro_model.sv:78$4168_ADDR[3:0]$4603
  2727/2976: $0$mem2reg_wr$\memory$architecture_simulator/rtl/vertical_slice/gtsu_lbuf_16bank_macro_model.sv:78$4167_DATA[127:0]$4602
  2728/2976: $0$mem2reg_wr$\memory$architecture_simulator/rtl/vertical_slice/gtsu_lbuf_16bank_macro_model.sv:78$4167_ADDR[3:0]$4601
  2729/2976: $0$mem2reg_wr$\memory$architecture_simulator/rtl/vertical_slice/gtsu_lbuf_16bank_macro_model.sv:78$4166_DATA[127:0]$4600
  2730/2976: $0$mem2reg_wr$\memory$architecture_simulator/rtl/vertical_slice/gtsu_lbuf_16bank_macro_model.sv:78$4166_ADDR[3:0]$4599
  2731/2976: $0$mem2reg_wr$\memory$architecture_simulator/rtl/vertical_slice/gtsu_lbuf_16bank_macro_model.sv:78$4165_DATA[127:0]$4598
  2732/2976: $0$mem2reg_wr$\memory$architecture_simulator/rtl/vertical_slice/gtsu_lbuf_16bank_macro_model.sv:78$4165_ADDR[3:0]$4597
  2733/2976: $0$mem2reg_wr$\memory$architecture_simulator/rtl/vertical_slice/gtsu_lbuf_16bank_macro_model.sv:78$4164_DATA[127:0]$4596
  2734/2976: $0$mem2reg_wr$\memory$architecture_simulator/rtl/vertical_slice/gtsu_lbuf_16bank_macro_model.sv:78$4164_ADDR[3:0]$4595
  2735/2976: $0$mem2reg_wr$\memory$architecture_simulator/rtl/vertical_slice/gtsu_lbuf_16bank_macro_model.sv:78$4163_DATA[127:0]$4594
  2736/2976: $0$mem2reg_wr$\memory$architecture_simulator/rtl/vertical_slice/gtsu_lbuf_16bank_macro_model.sv:78$4163_ADDR[3:0]$4593
  2737/2976: $0$mem2reg_wr$\memory$architecture_simulator/rtl/vertical_slice/gtsu_lbuf_16bank_macro_model.sv:78$4162_DATA[127:0]$4592
  2738/2976: $0$mem2reg_wr$\memory$architecture_simulator/rtl/vertical_slice/gtsu_lbuf_16bank_macro_model.sv:78$4162_ADDR[3:0]$4591
  2739/2976: $0$mem2reg_wr$\memory$architecture_simulator/rtl/vertical_slice/gtsu_lbuf_16bank_macro_model.sv:78$4161_DATA[127:0]$4590
  2740/2976: $0$mem2reg_wr$\memory$architecture_simulator/rtl/vertical_slice/gtsu_lbuf_16bank_macro_model.sv:78$4161_ADDR[3:0]$4589
  2741/2976: $0$mem2reg_wr$\memory$architecture_simulator/rtl/vertical_slice/gtsu_lbuf_16bank_macro_model.sv:78$4160_DATA[127:0]$4588
  2742/2976: $0$mem2reg_wr$\memory$architecture_simulator/rtl/vertical_slice/gtsu_lbuf_16bank_macro_model.sv:78$4160_ADDR[3:0]$4587
  2743/2976: $0$mem2reg_wr$\memory$architecture_simulator/rtl/vertical_slice/gtsu_lbuf_16bank_macro_model.sv:78$4159_DATA[127:0]$4586
  2744/2976: $0$mem2reg_wr$\memory$architecture_simulator/rtl/vertical_slice/gtsu_lbuf_16bank_macro_model.sv:78$4159_ADDR[3:0]$4585
  2745/2976: $0$mem2reg_wr$\memory$architecture_simulator/rtl/vertical_slice/gtsu_lbuf_16bank_macro_model.sv:78$4158_DATA[127:0]$4584
  2746/2976: $0$mem2reg_wr$\memory$architecture_simulator/rtl/vertical_slice/gtsu_lbuf_16bank_macro_model.sv:78$4158_ADDR[3:0]$4583
  2747/2976: $0$mem2reg_wr$\memory$architecture_simulator/rtl/vertical_slice/gtsu_lbuf_16bank_macro_model.sv:78$4157_DATA[127:0]$4582
  2748/2976: $0$mem2reg_wr$\memory$architecture_simulator/rtl/vertical_slice/gtsu_lbuf_16bank_macro_model.sv:78$4157_ADDR[3:0]$4581
  2749/2976: $0$mem2reg_wr$\memory$architecture_simulator/rtl/vertical_slice/gtsu_lbuf_16bank_macro_model.sv:78$4156_DATA[127:0]$4580
  2750/2976: $0$mem2reg_wr$\memory$architecture_simulator/rtl/vertical_slice/gtsu_lbuf_16bank_macro_model.sv:78$4156_ADDR[3:0]$4579
  2751/2976: $0$mem2reg_wr$\memory$architecture_simulator/rtl/vertical_slice/gtsu_lbuf_16bank_macro_model.sv:78$4155_DATA[127:0]$4578
  2752/2976: $0$mem2reg_wr$\memory$architecture_simulator/rtl/vertical_slice/gtsu_lbuf_16bank_macro_model.sv:78$4155_ADDR[3:0]$4577
  2753/2976: $0$mem2reg_wr$\memory$architecture_simulator/rtl/vertical_slice/gtsu_lbuf_16bank_macro_model.sv:78$4154_DATA[127:0]$4576
  2754/2976: $0$mem2reg_wr$\memory$architecture_simulator/rtl/vertical_slice/gtsu_lbuf_16bank_macro_model.sv:78$4154_ADDR[3:0]$4575
  2755/2976: $0$mem2reg_wr$\memory$architecture_simulator/rtl/vertical_slice/gtsu_lbuf_16bank_macro_model.sv:78$4153_DATA[127:0]$4574
  2756/2976: $0$mem2reg_wr$\memory$architecture_simulator/rtl/vertical_slice/gtsu_lbuf_16bank_macro_model.sv:78$4153_ADDR[3:0]$4573
  2757/2976: $0$mem2reg_wr$\memory$architecture_simulator/rtl/vertical_slice/gtsu_lbuf_16bank_macro_model.sv:78$4152_DATA[127:0]$4572
  2758/2976: $0$mem2reg_wr$\memory$architecture_simulator/rtl/vertical_slice/gtsu_lbuf_16bank_macro_model.sv:78$4152_ADDR[3:0]$4571
  2759/2976: $0$mem2reg_wr$\memory$architecture_simulator/rtl/vertical_slice/gtsu_lbuf_16bank_macro_model.sv:78$4151_DATA[127:0]$4570
  2760/2976: $0$mem2reg_wr$\memory$architecture_simulator/rtl/vertical_slice/gtsu_lbuf_16bank_macro_model.sv:78$4151_ADDR[3:0]$4569
  2761/2976: $0$mem2reg_wr$\memory$architecture_simulator/rtl/vertical_slice/gtsu_lbuf_16bank_macro_model.sv:78$4150_DATA[127:0]$4568
  2762/2976: $0$mem2reg_wr$\memory$architecture_simulator/rtl/vertical_slice/gtsu_lbuf_16bank_macro_model.sv:78$4150_ADDR[3:0]$4567
  2763/2976: $0$mem2reg_wr$\memory$architecture_simulator/rtl/vertical_slice/gtsu_lbuf_16bank_macro_model.sv:78$4149_DATA[127:0]$4566
  2764/2976: $0$mem2reg_wr$\memory$architecture_simulator/rtl/vertical_slice/gtsu_lbuf_16bank_macro_model.sv:78$4149_ADDR[3:0]$4565
  2765/2976: $0$mem2reg_wr$\memory$architecture_simulator/rtl/vertical_slice/gtsu_lbuf_16bank_macro_model.sv:78$4148_DATA[127:0]$4564
  2766/2976: $0$mem2reg_wr$\memory$architecture_simulator/rtl/vertical_slice/gtsu_lbuf_16bank_macro_model.sv:78$4148_ADDR[3:0]$4563
  2767/2976: $0$mem2reg_wr$\memory$architecture_simulator/rtl/vertical_slice/gtsu_lbuf_16bank_macro_model.sv:78$4147_DATA[127:0]$4562
  2768/2976: $0$mem2reg_wr$\memory$architecture_simulator/rtl/vertical_slice/gtsu_lbuf_16bank_macro_model.sv:78$4147_ADDR[3:0]$4561
  2769/2976: $0$mem2reg_wr$\memory$architecture_simulator/rtl/vertical_slice/gtsu_lbuf_16bank_macro_model.sv:78$4146_DATA[127:0]$4560
  2770/2976: $0$mem2reg_wr$\memory$architecture_simulator/rtl/vertical_slice/gtsu_lbuf_16bank_macro_model.sv:78$4146_ADDR[3:0]$4559
  2771/2976: $0$mem2reg_wr$\memory$architecture_simulator/rtl/vertical_slice/gtsu_lbuf_16bank_macro_model.sv:78$4145_DATA[127:0]$4558
  2772/2976: $0$mem2reg_wr$\memory$architecture_simulator/rtl/vertical_slice/gtsu_lbuf_16bank_macro_model.sv:78$4145_ADDR[3:0]$4557
  2773/2976: $0$mem2reg_wr$\memory$architecture_simulator/rtl/vertical_slice/gtsu_lbuf_16bank_macro_model.sv:78$4144_DATA[127:0]$4556
  2774/2976: $0$mem2reg_wr$\memory$architecture_simulator/rtl/vertical_slice/gtsu_lbuf_16bank_macro_model.sv:78$4144_ADDR[3:0]$4555
  2775/2976: $0$mem2reg_wr$\memory$architecture_simulator/rtl/vertical_slice/gtsu_lbuf_16bank_macro_model.sv:78$4143_DATA[127:0]$4554
  2776/2976: $0$mem2reg_wr$\memory$architecture_simulator/rtl/vertical_slice/gtsu_lbuf_16bank_macro_model.sv:78$4143_ADDR[3:0]$4553
  2777/2976: $0$mem2reg_wr$\memory$architecture_simulator/rtl/vertical_slice/gtsu_lbuf_16bank_macro_model.sv:78$4142_DATA[127:0]$4552
  2778/2976: $0$mem2reg_wr$\memory$architecture_simulator/rtl/vertical_slice/gtsu_lbuf_16bank_macro_model.sv:78$4142_ADDR[3:0]$4551
  2779/2976: $0$mem2reg_wr$\memory$architecture_simulator/rtl/vertical_slice/gtsu_lbuf_16bank_macro_model.sv:78$4141_DATA[127:0]$4550
  2780/2976: $0$mem2reg_wr$\memory$architecture_simulator/rtl/vertical_slice/gtsu_lbuf_16bank_macro_model.sv:78$4141_ADDR[3:0]$4549
  2781/2976: $0$mem2reg_wr$\memory$architecture_simulator/rtl/vertical_slice/gtsu_lbuf_16bank_macro_model.sv:78$4140_DATA[127:0]$4548
  2782/2976: $0$mem2reg_wr$\memory$architecture_simulator/rtl/vertical_slice/gtsu_lbuf_16bank_macro_model.sv:78$4140_ADDR[3:0]$4547
  2783/2976: $0$mem2reg_wr$\memory$architecture_simulator/rtl/vertical_slice/gtsu_lbuf_16bank_macro_model.sv:78$4139_DATA[127:0]$4546
  2784/2976: $0$mem2reg_wr$\memory$architecture_simulator/rtl/vertical_slice/gtsu_lbuf_16bank_macro_model.sv:78$4139_ADDR[3:0]$4545
  2785/2976: $0$mem2reg_wr$\memory$architecture_simulator/rtl/vertical_slice/gtsu_lbuf_16bank_macro_model.sv:78$4138_DATA[127:0]$4544
  2786/2976: $0$mem2reg_wr$\memory$architecture_simulator/rtl/vertical_slice/gtsu_lbuf_16bank_macro_model.sv:78$4138_ADDR[3:0]$4543
  2787/2976: $0$mem2reg_wr$\memory$architecture_simulator/rtl/vertical_slice/gtsu_lbuf_16bank_macro_model.sv:78$4137_DATA[127:0]$4542
  2788/2976: $0$mem2reg_wr$\memory$architecture_simulator/rtl/vertical_slice/gtsu_lbuf_16bank_macro_model.sv:78$4137_ADDR[3:0]$4541
  2789/2976: $0$mem2reg_wr$\memory$architecture_simulator/rtl/vertical_slice/gtsu_lbuf_16bank_macro_model.sv:78$4136_DATA[127:0]$4540
  2790/2976: $0$mem2reg_wr$\memory$architecture_simulator/rtl/vertical_slice/gtsu_lbuf_16bank_macro_model.sv:78$4136_ADDR[3:0]$4539
  2791/2976: $0$mem2reg_wr$\memory$architecture_simulator/rtl/vertical_slice/gtsu_lbuf_16bank_macro_model.sv:78$4135_DATA[127:0]$4538
  2792/2976: $0$mem2reg_wr$\memory$architecture_simulator/rtl/vertical_slice/gtsu_lbuf_16bank_macro_model.sv:78$4135_ADDR[3:0]$4537
  2793/2976: $0$mem2reg_wr$\memory$architecture_simulator/rtl/vertical_slice/gtsu_lbuf_16bank_macro_model.sv:78$4134_DATA[127:0]$4536
  2794/2976: $0$mem2reg_wr$\memory$architecture_simulator/rtl/vertical_slice/gtsu_lbuf_16bank_macro_model.sv:78$4134_ADDR[3:0]$4535
  2795/2976: $0$mem2reg_wr$\memory$architecture_simulator/rtl/vertical_slice/gtsu_lbuf_16bank_macro_model.sv:78$4133_DATA[127:0]$4534
  2796/2976: $0$mem2reg_wr$\memory$architecture_simulator/rtl/vertical_slice/gtsu_lbuf_16bank_macro_model.sv:78$4133_ADDR[3:0]$4533
  2797/2976: $0$mem2reg_wr$\memory$architecture_simulator/rtl/vertical_slice/gtsu_lbuf_16bank_macro_model.sv:78$4132_DATA[127:0]$4532
  2798/2976: $0$mem2reg_wr$\memory$architecture_simulator/rtl/vertical_slice/gtsu_lbuf_16bank_macro_model.sv:78$4132_ADDR[3:0]$4531
  2799/2976: $0$mem2reg_wr$\memory$architecture_simulator/rtl/vertical_slice/gtsu_lbuf_16bank_macro_model.sv:78$4131_DATA[127:0]$4530
  2800/2976: $0$mem2reg_wr$\memory$architecture_simulator/rtl/vertical_slice/gtsu_lbuf_16bank_macro_model.sv:78$4131_ADDR[3:0]$4529
  2801/2976: $0$mem2reg_wr$\memory$architecture_simulator/rtl/vertical_slice/gtsu_lbuf_16bank_macro_model.sv:78$4130_DATA[127:0]$4528
  2802/2976: $0$mem2reg_wr$\memory$architecture_simulator/rtl/vertical_slice/gtsu_lbuf_16bank_macro_model.sv:78$4130_ADDR[3:0]$4527
  2803/2976: $0$mem2reg_wr$\memory$architecture_simulator/rtl/vertical_slice/gtsu_lbuf_16bank_macro_model.sv:78$4129_DATA[127:0]$4526
  2804/2976: $0$mem2reg_wr$\memory$architecture_simulator/rtl/vertical_slice/gtsu_lbuf_16bank_macro_model.sv:78$4129_ADDR[3:0]$4525
  2805/2976: $0$mem2reg_wr$\memory$architecture_simulator/rtl/vertical_slice/gtsu_lbuf_16bank_macro_model.sv:78$4128_DATA[127:0]$4524
  2806/2976: $0$mem2reg_wr$\memory$architecture_simulator/rtl/vertical_slice/gtsu_lbuf_16bank_macro_model.sv:78$4128_ADDR[3:0]$4523
  2807/2976: $0$mem2reg_wr$\memory$architecture_simulator/rtl/vertical_slice/gtsu_lbuf_16bank_macro_model.sv:78$4127_DATA[127:0]$4522
  2808/2976: $0$mem2reg_wr$\memory$architecture_simulator/rtl/vertical_slice/gtsu_lbuf_16bank_macro_model.sv:78$4127_ADDR[3:0]$4521
  2809/2976: $0$mem2reg_wr$\memory$architecture_simulator/rtl/vertical_slice/gtsu_lbuf_16bank_macro_model.sv:78$4126_DATA[127:0]$4520
  2810/2976: $0$mem2reg_wr$\memory$architecture_simulator/rtl/vertical_slice/gtsu_lbuf_16bank_macro_model.sv:78$4126_ADDR[3:0]$4519
  2811/2976: $0$mem2reg_wr$\memory$architecture_simulator/rtl/vertical_slice/gtsu_lbuf_16bank_macro_model.sv:78$4125_DATA[127:0]$4518
  2812/2976: $0$mem2reg_wr$\memory$architecture_simulator/rtl/vertical_slice/gtsu_lbuf_16bank_macro_model.sv:78$4125_ADDR[3:0]$4517
  2813/2976: $0$mem2reg_wr$\memory$architecture_simulator/rtl/vertical_slice/gtsu_lbuf_16bank_macro_model.sv:78$4124_DATA[127:0]$4516
  2814/2976: $0$mem2reg_wr$\memory$architecture_simulator/rtl/vertical_slice/gtsu_lbuf_16bank_macro_model.sv:78$4124_ADDR[3:0]$4515
  2815/2976: $0$mem2reg_wr$\memory$architecture_simulator/rtl/vertical_slice/gtsu_lbuf_16bank_macro_model.sv:78$4123_DATA[127:0]$4514
  2816/2976: $0$mem2reg_wr$\memory$architecture_simulator/rtl/vertical_slice/gtsu_lbuf_16bank_macro_model.sv:78$4123_ADDR[3:0]$4513
  2817/2976: $0$mem2reg_rd$\memory$architecture_simulator/rtl/vertical_slice/gtsu_lbuf_16bank_macro_model.sv:69$4056_DATA[127:0]$4512
  2818/2976: $0$mem2reg_rd$\memory$architecture_simulator/rtl/vertical_slice/gtsu_lbuf_16bank_macro_model.sv:69$4057_DATA[127:0]$4511
  2819/2976: $0$mem2reg_wr$\memory$architecture_simulator/rtl/vertical_slice/gtsu_lbuf_16bank_macro_model.sv:78$4122_DATA[127:0]$4510
  2820/2976: $0$mem2reg_rd$\memory$architecture_simulator/rtl/vertical_slice/gtsu_lbuf_16bank_macro_model.sv:69$4058_ADDR[3:0]$4509
  2821/2976: $0$mem2reg_wr$\memory$architecture_simulator/rtl/vertical_slice/gtsu_lbuf_16bank_macro_model.sv:78$4089_DATA[127:0]$4508
  2822/2976: $0$mem2reg_rd$\memory$architecture_simulator/rtl/vertical_slice/gtsu_lbuf_16bank_macro_model.sv:69$4058_DATA[127:0]$4507
  2823/2976: $0$mem2reg_wr$\memory$architecture_simulator/rtl/vertical_slice/gtsu_lbuf_16bank_macro_model.sv:78$4090_ADDR[3:0]$4506
  2824/2976: $0$mem2reg_rd$\memory$architecture_simulator/rtl/vertical_slice/gtsu_lbuf_16bank_macro_model.sv:69$4059_ADDR[3:0]$4505
  2825/2976: $0$mem2reg_wr$\memory$architecture_simulator/rtl/vertical_slice/gtsu_lbuf_16bank_macro_model.sv:78$4090_DATA[127:0]$4504
  2826/2976: $0$mem2reg_rd$\memory$architecture_simulator/rtl/vertical_slice/gtsu_lbuf_16bank_macro_model.sv:69$4059_DATA[127:0]$4503
  2827/2976: $0$mem2reg_wr$\memory$architecture_simulator/rtl/vertical_slice/gtsu_lbuf_16bank_macro_model.sv:78$4091_ADDR[3:0]$4502
  2828/2976: $0$mem2reg_rd$\memory$architecture_simulator/rtl/vertical_slice/gtsu_lbuf_16bank_macro_model.sv:69$4060_ADDR[3:0]$4501
  2829/2976: $0$mem2reg_wr$\memory$architecture_simulator/rtl/vertical_slice/gtsu_lbuf_16bank_macro_model.sv:78$4091_DATA[127:0]$4500
  2830/2976: $0$mem2reg_rd$\memory$architecture_simulator/rtl/vertical_slice/gtsu_lbuf_16bank_macro_model.sv:69$4056_ADDR[3:0]$4499
  2831/2976: $0$mem2reg_wr$\memory$architecture_simulator/rtl/vertical_slice/gtsu_lbuf_16bank_macro_model.sv:78$4092_ADDR[3:0]$4498
  2832/2976: $0$mem2reg_wr$\memory$architecture_simulator/rtl/vertical_slice/gtsu_lbuf_16bank_macro_model.sv:78$4092_DATA[127:0]$4497
  2833/2976: $0$mem2reg_rd$\memory$architecture_simulator/rtl/vertical_slice/gtsu_lbuf_16bank_macro_model.sv:69$4057_ADDR[3:0]$4496
  2834/2976: $0$mem2reg_wr$\memory$architecture_simulator/rtl/vertical_slice/gtsu_lbuf_16bank_macro_model.sv:78$4093_ADDR[3:0]$4495
  2835/2976: $0$mem2reg_rd$\memory$architecture_simulator/rtl/vertical_slice/gtsu_lbuf_16bank_macro_model.sv:69$4060_DATA[127:0]$4494
  2836/2976: $0$mem2reg_wr$\memory$architecture_simulator/rtl/vertical_slice/gtsu_lbuf_16bank_macro_model.sv:78$4093_DATA[127:0]$4493
  2837/2976: $0$mem2reg_rd$\memory$architecture_simulator/rtl/vertical_slice/gtsu_lbuf_16bank_macro_model.sv:69$4061_ADDR[3:0]$4492
  2838/2976: $0$mem2reg_wr$\memory$architecture_simulator/rtl/vertical_slice/gtsu_lbuf_16bank_macro_model.sv:78$4094_ADDR[3:0]$4491
  2839/2976: $0$mem2reg_rd$\memory$architecture_simulator/rtl/vertical_slice/gtsu_lbuf_16bank_macro_model.sv:69$4061_DATA[127:0]$4490
  2840/2976: $0$mem2reg_wr$\memory$architecture_simulator/rtl/vertical_slice/gtsu_lbuf_16bank_macro_model.sv:78$4094_DATA[127:0]$4489
  2841/2976: $0$mem2reg_rd$\memory$architecture_simulator/rtl/vertical_slice/gtsu_lbuf_16bank_macro_model.sv:69$4062_ADDR[3:0]$4488
  2842/2976: $0$mem2reg_wr$\memory$architecture_simulator/rtl/vertical_slice/gtsu_lbuf_16bank_macro_model.sv:78$4095_ADDR[3:0]$4487
  2843/2976: $0$mem2reg_rd$\memory$architecture_simulator/rtl/vertical_slice/gtsu_lbuf_16bank_macro_model.sv:69$4062_DATA[127:0]$4486
  2844/2976: $0$mem2reg_wr$\memory$architecture_simulator/rtl/vertical_slice/gtsu_lbuf_16bank_macro_model.sv:78$4095_DATA[127:0]$4485
  2845/2976: $0$mem2reg_rd$\memory$architecture_simulator/rtl/vertical_slice/gtsu_lbuf_16bank_macro_model.sv:69$4063_ADDR[3:0]$4484
  2846/2976: $0$mem2reg_wr$\memory$architecture_simulator/rtl/vertical_slice/gtsu_lbuf_16bank_macro_model.sv:78$4096_ADDR[3:0]$4483
  2847/2976: $0$mem2reg_rd$\memory$architecture_simulator/rtl/vertical_slice/gtsu_lbuf_16bank_macro_model.sv:69$4063_DATA[127:0]$4482
  2848/2976: $0$mem2reg_wr$\memory$architecture_simulator/rtl/vertical_slice/gtsu_lbuf_16bank_macro_model.sv:78$4096_DATA[127:0]$4481
  2849/2976: $0$mem2reg_rd$\memory$architecture_simulator/rtl/vertical_slice/gtsu_lbuf_16bank_macro_model.sv:69$4064_ADDR[3:0]$4480
  2850/2976: $0$mem2reg_wr$\memory$architecture_simulator/rtl/vertical_slice/gtsu_lbuf_16bank_macro_model.sv:78$4097_ADDR[3:0]$4479
  2851/2976: $0$mem2reg_rd$\memory$architecture_simulator/rtl/vertical_slice/gtsu_lbuf_16bank_macro_model.sv:69$4064_DATA[127:0]$4478
  2852/2976: $0$mem2reg_wr$\memory$architecture_simulator/rtl/vertical_slice/gtsu_lbuf_16bank_macro_model.sv:78$4097_DATA[127:0]$4477
  2853/2976: $0$mem2reg_rd$\memory$architecture_simulator/rtl/vertical_slice/gtsu_lbuf_16bank_macro_model.sv:69$4065_ADDR[3:0]$4476
  2854/2976: $0$mem2reg_wr$\memory$architecture_simulator/rtl/vertical_slice/gtsu_lbuf_16bank_macro_model.sv:78$4098_ADDR[3:0]$4475
  2855/2976: $0$mem2reg_rd$\memory$architecture_simulator/rtl/vertical_slice/gtsu_lbuf_16bank_macro_model.sv:69$4065_DATA[127:0]$4474
  2856/2976: $0$mem2reg_wr$\memory$architecture_simulator/rtl/vertical_slice/gtsu_lbuf_16bank_macro_model.sv:78$4098_DATA[127:0]$4473
  2857/2976: $0$mem2reg_rd$\memory$architecture_simulator/rtl/vertical_slice/gtsu_lbuf_16bank_macro_model.sv:69$4066_ADDR[3:0]$4472
  2858/2976: $0$mem2reg_wr$\memory$architecture_simulator/rtl/vertical_slice/gtsu_lbuf_16bank_macro_model.sv:78$4099_ADDR[3:0]$4471
  2859/2976: $0$mem2reg_rd$\memory$architecture_simulator/rtl/vertical_slice/gtsu_lbuf_16bank_macro_model.sv:69$4066_DATA[127:0]$4470
  2860/2976: $0$mem2reg_wr$\memory$architecture_simulator/rtl/vertical_slice/gtsu_lbuf_16bank_macro_model.sv:78$4099_DATA[127:0]$4469
  2861/2976: $0$mem2reg_rd$\memory$architecture_simulator/rtl/vertical_slice/gtsu_lbuf_16bank_macro_model.sv:69$4067_ADDR[3:0]$4468
  2862/2976: $0$mem2reg_wr$\memory$architecture_simulator/rtl/vertical_slice/gtsu_lbuf_16bank_macro_model.sv:78$4100_ADDR[3:0]$4467
  2863/2976: $0$mem2reg_rd$\memory$architecture_simulator/rtl/vertical_slice/gtsu_lbuf_16bank_macro_model.sv:69$4067_DATA[127:0]$4466
  2864/2976: $0$mem2reg_wr$\memory$architecture_simulator/rtl/vertical_slice/gtsu_lbuf_16bank_macro_model.sv:78$4100_DATA[127:0]$4465
  2865/2976: $0$mem2reg_rd$\memory$architecture_simulator/rtl/vertical_slice/gtsu_lbuf_16bank_macro_model.sv:69$4068_ADDR[3:0]$4464
  2866/2976: $0$mem2reg_wr$\memory$architecture_simulator/rtl/vertical_slice/gtsu_lbuf_16bank_macro_model.sv:78$4101_ADDR[3:0]$4463
  2867/2976: $0$mem2reg_rd$\memory$architecture_simulator/rtl/vertical_slice/gtsu_lbuf_16bank_macro_model.sv:69$4068_DATA[127:0]$4462
  2868/2976: $0$mem2reg_wr$\memory$architecture_simulator/rtl/vertical_slice/gtsu_lbuf_16bank_macro_model.sv:78$4101_DATA[127:0]$4461
  2869/2976: $0$mem2reg_rd$\memory$architecture_simulator/rtl/vertical_slice/gtsu_lbuf_16bank_macro_model.sv:69$4069_ADDR[3:0]$4460
  2870/2976: $0$mem2reg_wr$\memory$architecture_simulator/rtl/vertical_slice/gtsu_lbuf_16bank_macro_model.sv:78$4102_ADDR[3:0]$4459
  2871/2976: $0$mem2reg_wr$\memory$architecture_simulator/rtl/vertical_slice/gtsu_lbuf_16bank_macro_model.sv:78$4102_DATA[127:0]$4458
  2872/2976: $0$mem2reg_rd$\memory$architecture_simulator/rtl/vertical_slice/gtsu_lbuf_16bank_macro_model.sv:69$4070_ADDR[3:0]$4457
  2873/2976: $0$mem2reg_wr$\memory$architecture_simulator/rtl/vertical_slice/gtsu_lbuf_16bank_macro_model.sv:78$4103_ADDR[3:0]$4456
  2874/2976: $0$mem2reg_rd$\memory$architecture_simulator/rtl/vertical_slice/gtsu_lbuf_16bank_macro_model.sv:69$4070_DATA[127:0]$4455
  2875/2976: $0$mem2reg_wr$\memory$architecture_simulator/rtl/vertical_slice/gtsu_lbuf_16bank_macro_model.sv:78$4103_DATA[127:0]$4454
  2876/2976: $0$mem2reg_rd$\memory$architecture_simulator/rtl/vertical_slice/gtsu_lbuf_16bank_macro_model.sv:69$4071_ADDR[3:0]$4453
  2877/2976: $0$mem2reg_wr$\memory$architecture_simulator/rtl/vertical_slice/gtsu_lbuf_16bank_macro_model.sv:78$4104_ADDR[3:0]$4452
  2878/2976: $0$mem2reg_rd$\memory$architecture_simulator/rtl/vertical_slice/gtsu_lbuf_16bank_macro_model.sv:69$4071_DATA[127:0]$4451
  2879/2976: $0$mem2reg_wr$\memory$architecture_simulator/rtl/vertical_slice/gtsu_lbuf_16bank_macro_model.sv:78$4104_DATA[127:0]$4450
  2880/2976: $0$mem2reg_wr$\memory$architecture_simulator/rtl/vertical_slice/gtsu_lbuf_16bank_macro_model.sv:78$4072_ADDR[3:0]$4449
  2881/2976: $0$mem2reg_wr$\memory$architecture_simulator/rtl/vertical_slice/gtsu_lbuf_16bank_macro_model.sv:78$4105_ADDR[3:0]$4448
  2882/2976: $0$mem2reg_wr$\memory$architecture_simulator/rtl/vertical_slice/gtsu_lbuf_16bank_macro_model.sv:78$4072_DATA[127:0]$4447
  2883/2976: $0$mem2reg_wr$\memory$architecture_simulator/rtl/vertical_slice/gtsu_lbuf_16bank_macro_model.sv:78$4105_DATA[127:0]$4446
  2884/2976: $0$mem2reg_wr$\memory$architecture_simulator/rtl/vertical_slice/gtsu_lbuf_16bank_macro_model.sv:78$4073_ADDR[3:0]$4445
  2885/2976: $0$mem2reg_wr$\memory$architecture_simulator/rtl/vertical_slice/gtsu_lbuf_16bank_macro_model.sv:78$4106_ADDR[3:0]$4444
  2886/2976: $0$mem2reg_wr$\memory$architecture_simulator/rtl/vertical_slice/gtsu_lbuf_16bank_macro_model.sv:78$4073_DATA[127:0]$4443
  2887/2976: $0$mem2reg_wr$\memory$architecture_simulator/rtl/vertical_slice/gtsu_lbuf_16bank_macro_model.sv:78$4106_DATA[127:0]$4442
  2888/2976: $0$mem2reg_wr$\memory$architecture_simulator/rtl/vertical_slice/gtsu_lbuf_16bank_macro_model.sv:78$4074_ADDR[3:0]$4441
  2889/2976: $0$mem2reg_wr$\memory$architecture_simulator/rtl/vertical_slice/gtsu_lbuf_16bank_macro_model.sv:78$4107_ADDR[3:0]$4440
  2890/2976: $0$mem2reg_wr$\memory$architecture_simulator/rtl/vertical_slice/gtsu_lbuf_16bank_macro_model.sv:78$4074_DATA[127:0]$4439
  2891/2976: $0$mem2reg_wr$\memory$architecture_simulator/rtl/vertical_slice/gtsu_lbuf_16bank_macro_model.sv:78$4107_DATA[127:0]$4438
  2892/2976: $0$mem2reg_wr$\memory$architecture_simulator/rtl/vertical_slice/gtsu_lbuf_16bank_macro_model.sv:78$4075_ADDR[3:0]$4437
  2893/2976: $0$mem2reg_wr$\memory$architecture_simulator/rtl/vertical_slice/gtsu_lbuf_16bank_macro_model.sv:78$4108_ADDR[3:0]$4436
  2894/2976: $0$mem2reg_rd$\memory$architecture_simulator/rtl/vertical_slice/gtsu_lbuf_16bank_macro_model.sv:69$4069_DATA[127:0]$4435
  2895/2976: $0$mem2reg_wr$\memory$architecture_simulator/rtl/vertical_slice/gtsu_lbuf_16bank_macro_model.sv:78$4075_DATA[127:0]$4434
  2896/2976: $0$mem2reg_wr$\memory$architecture_simulator/rtl/vertical_slice/gtsu_lbuf_16bank_macro_model.sv:78$4108_DATA[127:0]$4433
  2897/2976: $0$mem2reg_wr$\memory$architecture_simulator/rtl/vertical_slice/gtsu_lbuf_16bank_macro_model.sv:78$4076_ADDR[3:0]$4432
  2898/2976: $0$mem2reg_wr$\memory$architecture_simulator/rtl/vertical_slice/gtsu_lbuf_16bank_macro_model.sv:78$4109_ADDR[3:0]$4431
  2899/2976: $0$mem2reg_wr$\memory$architecture_simulator/rtl/vertical_slice/gtsu_lbuf_16bank_macro_model.sv:78$4076_DATA[127:0]$4430
  2900/2976: $0$mem2reg_wr$\memory$architecture_simulator/rtl/vertical_slice/gtsu_lbuf_16bank_macro_model.sv:78$4109_DATA[127:0]$4429
  2901/2976: $0$mem2reg_wr$\memory$architecture_simulator/rtl/vertical_slice/gtsu_lbuf_16bank_macro_model.sv:78$4077_ADDR[3:0]$4428
  2902/2976: $0$mem2reg_wr$\memory$architecture_simulator/rtl/vertical_slice/gtsu_lbuf_16bank_macro_model.sv:78$4110_ADDR[3:0]$4427
  2903/2976: $0$mem2reg_wr$\memory$architecture_simulator/rtl/vertical_slice/gtsu_lbuf_16bank_macro_model.sv:78$4077_DATA[127:0]$4426
  2904/2976: $0$mem2reg_wr$\memory$architecture_simulator/rtl/vertical_slice/gtsu_lbuf_16bank_macro_model.sv:78$4110_DATA[127:0]$4425
  2905/2976: $0$mem2reg_wr$\memory$architecture_simulator/rtl/vertical_slice/gtsu_lbuf_16bank_macro_model.sv:78$4078_ADDR[3:0]$4424
  2906/2976: $0$mem2reg_wr$\memory$architecture_simulator/rtl/vertical_slice/gtsu_lbuf_16bank_macro_model.sv:78$4111_ADDR[3:0]$4423
  2907/2976: $0$mem2reg_wr$\memory$architecture_simulator/rtl/vertical_slice/gtsu_lbuf_16bank_macro_model.sv:78$4078_DATA[127:0]$4422
  2908/2976: $0$mem2reg_wr$\memory$architecture_simulator/rtl/vertical_slice/gtsu_lbuf_16bank_macro_model.sv:78$4111_DATA[127:0]$4421
  2909/2976: $0$mem2reg_wr$\memory$architecture_simulator/rtl/vertical_slice/gtsu_lbuf_16bank_macro_model.sv:78$4079_ADDR[3:0]$4420
  2910/2976: $0$mem2reg_wr$\memory$architecture_simulator/rtl/vertical_slice/gtsu_lbuf_16bank_macro_model.sv:78$4112_ADDR[3:0]$4419
  2911/2976: $0$mem2reg_wr$\memory$architecture_simulator/rtl/vertical_slice/gtsu_lbuf_16bank_macro_model.sv:78$4112_DATA[127:0]$4418
  2912/2976: $0$mem2reg_wr$\memory$architecture_simulator/rtl/vertical_slice/gtsu_lbuf_16bank_macro_model.sv:78$4080_ADDR[3:0]$4417
  2913/2976: $0$mem2reg_wr$\memory$architecture_simulator/rtl/vertical_slice/gtsu_lbuf_16bank_macro_model.sv:78$4113_ADDR[3:0]$4416
  2914/2976: $0$mem2reg_wr$\memory$architecture_simulator/rtl/vertical_slice/gtsu_lbuf_16bank_macro_model.sv:78$4080_DATA[127:0]$4415
  2915/2976: $0$mem2reg_wr$\memory$architecture_simulator/rtl/vertical_slice/gtsu_lbuf_16bank_macro_model.sv:78$4113_DATA[127:0]$4414
  2916/2976: $0$mem2reg_wr$\memory$architecture_simulator/rtl/vertical_slice/gtsu_lbuf_16bank_macro_model.sv:78$4081_ADDR[3:0]$4413
  2917/2976: $0$mem2reg_wr$\memory$architecture_simulator/rtl/vertical_slice/gtsu_lbuf_16bank_macro_model.sv:78$4114_ADDR[3:0]$4412
  2918/2976: $0$mem2reg_wr$\memory$architecture_simulator/rtl/vertical_slice/gtsu_lbuf_16bank_macro_model.sv:78$4081_DATA[127:0]$4411
  2919/2976: $0$mem2reg_wr$\memory$architecture_simulator/rtl/vertical_slice/gtsu_lbuf_16bank_macro_model.sv:78$4114_DATA[127:0]$4410
  2920/2976: $0$mem2reg_wr$\memory$architecture_simulator/rtl/vertical_slice/gtsu_lbuf_16bank_macro_model.sv:78$4082_ADDR[3:0]$4409
  2921/2976: $0$mem2reg_wr$\memory$architecture_simulator/rtl/vertical_slice/gtsu_lbuf_16bank_macro_model.sv:78$4115_ADDR[3:0]$4408
  2922/2976: $0$mem2reg_wr$\memory$architecture_simulator/rtl/vertical_slice/gtsu_lbuf_16bank_macro_model.sv:78$4082_DATA[127:0]$4407
  2923/2976: $0$mem2reg_wr$\memory$architecture_simulator/rtl/vertical_slice/gtsu_lbuf_16bank_macro_model.sv:78$4115_DATA[127:0]$4406
  2924/2976: $0$mem2reg_wr$\memory$architecture_simulator/rtl/vertical_slice/gtsu_lbuf_16bank_macro_model.sv:78$4083_ADDR[3:0]$4405
  2925/2976: $0$mem2reg_wr$\memory$architecture_simulator/rtl/vertical_slice/gtsu_lbuf_16bank_macro_model.sv:78$4116_ADDR[3:0]$4404
  2926/2976: $0$mem2reg_wr$\memory$architecture_simulator/rtl/vertical_slice/gtsu_lbuf_16bank_macro_model.sv:78$4079_DATA[127:0]$4403
  2927/2976: $0$mem2reg_wr$\memory$architecture_simulator/rtl/vertical_slice/gtsu_lbuf_16bank_macro_model.sv:78$4083_DATA[127:0]$4402
  2928/2976: $0$mem2reg_wr$\memory$architecture_simulator/rtl/vertical_slice/gtsu_lbuf_16bank_macro_model.sv:78$4084_ADDR[3:0]$4401
  2929/2976: $0$mem2reg_wr$\memory$architecture_simulator/rtl/vertical_slice/gtsu_lbuf_16bank_macro_model.sv:78$4117_ADDR[3:0]$4400
  2930/2976: $0$mem2reg_wr$\memory$architecture_simulator/rtl/vertical_slice/gtsu_lbuf_16bank_macro_model.sv:78$4084_DATA[127:0]$4399
  2931/2976: $0$mem2reg_wr$\memory$architecture_simulator/rtl/vertical_slice/gtsu_lbuf_16bank_macro_model.sv:78$4117_DATA[127:0]$4398
  2932/2976: $0$mem2reg_wr$\memory$architecture_simulator/rtl/vertical_slice/gtsu_lbuf_16bank_macro_model.sv:78$4085_ADDR[3:0]$4397
  2933/2976: $0$mem2reg_wr$\memory$architecture_simulator/rtl/vertical_slice/gtsu_lbuf_16bank_macro_model.sv:78$4118_ADDR[3:0]$4396
  2934/2976: $0$mem2reg_wr$\memory$architecture_simulator/rtl/vertical_slice/gtsu_lbuf_16bank_macro_model.sv:78$4085_DATA[127:0]$4395
  2935/2976: $0$mem2reg_wr$\memory$architecture_simulator/rtl/vertical_slice/gtsu_lbuf_16bank_macro_model.sv:78$4118_DATA[127:0]$4394
  2936/2976: $0$mem2reg_wr$\memory$architecture_simulator/rtl/vertical_slice/gtsu_lbuf_16bank_macro_model.sv:78$4086_ADDR[3:0]$4393
  2937/2976: $0$mem2reg_wr$\memory$architecture_simulator/rtl/vertical_slice/gtsu_lbuf_16bank_macro_model.sv:78$4119_ADDR[3:0]$4392
  2938/2976: $0$mem2reg_wr$\memory$architecture_simulator/rtl/vertical_slice/gtsu_lbuf_16bank_macro_model.sv:78$4086_DATA[127:0]$4391
  2939/2976: $0$mem2reg_wr$\memory$architecture_simulator/rtl/vertical_slice/gtsu_lbuf_16bank_macro_model.sv:78$4119_DATA[127:0]$4390
  2940/2976: $0$mem2reg_wr$\memory$architecture_simulator/rtl/vertical_slice/gtsu_lbuf_16bank_macro_model.sv:78$4087_ADDR[3:0]$4389
  2941/2976: $0$mem2reg_wr$\memory$architecture_simulator/rtl/vertical_slice/gtsu_lbuf_16bank_macro_model.sv:78$4120_ADDR[3:0]$4388
  2942/2976: $0$mem2reg_wr$\memory$architecture_simulator/rtl/vertical_slice/gtsu_lbuf_16bank_macro_model.sv:78$4116_DATA[127:0]$4387
  2943/2976: $0$mem2reg_wr$\memory$architecture_simulator/rtl/vertical_slice/gtsu_lbuf_16bank_macro_model.sv:78$4120_DATA[127:0]$4386
  2944/2976: $0$mem2reg_wr$\memory$architecture_simulator/rtl/vertical_slice/gtsu_lbuf_16bank_macro_model.sv:78$4088_ADDR[3:0]$4385
  2945/2976: $0$mem2reg_wr$\memory$architecture_simulator/rtl/vertical_slice/gtsu_lbuf_16bank_macro_model.sv:78$4121_ADDR[3:0]$4384
  2946/2976: $0$mem2reg_wr$\memory$architecture_simulator/rtl/vertical_slice/gtsu_lbuf_16bank_macro_model.sv:78$4088_DATA[127:0]$4383
  2947/2976: $0$mem2reg_wr$\memory$architecture_simulator/rtl/vertical_slice/gtsu_lbuf_16bank_macro_model.sv:78$4121_DATA[127:0]$4382
  2948/2976: $0$mem2reg_wr$\memory$architecture_simulator/rtl/vertical_slice/gtsu_lbuf_16bank_macro_model.sv:78$4089_ADDR[3:0]$4381
  2949/2976: $0$mem2reg_wr$\memory$architecture_simulator/rtl/vertical_slice/gtsu_lbuf_16bank_macro_model.sv:78$4122_ADDR[3:0]$4380
  2950/2976: $0$mem2reg_wr$\memory$architecture_simulator/rtl/vertical_slice/gtsu_lbuf_16bank_macro_model.sv:78$4087_DATA[127:0]$4379
  2951/2976: $0\byte_index[31:0]
  2952/2976: $0\stage[31:0]
  2953/2976: $2\bank[31:0]
  2954/2976: $0\memory[0][127:0] [127:120]
  2955/2976: $4$mem2reg_wr$\memory$architecture_simulator/rtl/vertical_slice/gtsu_lbuf_16bank_macro_model.sv:78$4086_ADDR[3:0]$6153
  2956/2976: $4$mem2reg_wr$\memory$architecture_simulator/rtl/vertical_slice/gtsu_lbuf_16bank_macro_model.sv:78$4085_ADDR[3:0]$6150
  2957/2976: $4$mem2reg_wr$\memory$architecture_simulator/rtl/vertical_slice/gtsu_lbuf_16bank_macro_model.sv:78$4084_ADDR[3:0]$6147
  2958/2976: $4$mem2reg_wr$\memory$architecture_simulator/rtl/vertical_slice/gtsu_lbuf_16bank_macro_model.sv:78$4083_ADDR[3:0]$6144
  2959/2976: $4$mem2reg_wr$\memory$architecture_simulator/rtl/vertical_slice/gtsu_lbuf_16bank_macro_model.sv:78$4082_ADDR[3:0]$6141
  2960/2976: $4$mem2reg_wr$\memory$architecture_simulator/rtl/vertical_slice/gtsu_lbuf_16bank_macro_model.sv:78$4081_ADDR[3:0]$6138
  2961/2976: $4$mem2reg_wr$\memory$architecture_simulator/rtl/vertical_slice/gtsu_lbuf_16bank_macro_model.sv:78$4080_ADDR[3:0]$6135
  2962/2976: $4$mem2reg_wr$\memory$architecture_simulator/rtl/vertical_slice/gtsu_lbuf_16bank_macro_model.sv:78$4079_ADDR[3:0]$6132
  2963/2976: $4$mem2reg_wr$\memory$architecture_simulator/rtl/vertical_slice/gtsu_lbuf_16bank_macro_model.sv:78$4078_ADDR[3:0]$6129
  2964/2976: $4$mem2reg_wr$\memory$architecture_simulator/rtl/vertical_slice/gtsu_lbuf_16bank_macro_model.sv:78$4077_ADDR[3:0]$6126
  2965/2976: $4$mem2reg_wr$\memory$architecture_simulator/rtl/vertical_slice/gtsu_lbuf_16bank_macro_model.sv:78$4076_ADDR[3:0]$6123
  2966/2976: $4$mem2reg_wr$\memory$architecture_simulator/rtl/vertical_slice/gtsu_lbuf_16bank_macro_model.sv:78$4075_ADDR[3:0]$6120
  2967/2976: $4$mem2reg_wr$\memory$architecture_simulator/rtl/vertical_slice/gtsu_lbuf_16bank_macro_model.sv:78$4074_ADDR[3:0]$6117
  2968/2976: $4$mem2reg_wr$\memory$architecture_simulator/rtl/vertical_slice/gtsu_lbuf_16bank_macro_model.sv:78$4073_ADDR[3:0]$6114
  2969/2976: $4$mem2reg_wr$\memory$architecture_simulator/rtl/vertical_slice/gtsu_lbuf_16bank_macro_model.sv:78$4072_ADDR[3:0]$6111
  2970/2976: $0\data_pipe[2][2047:0]
  2971/2976: $0\data_pipe[1][2047:0]
  2972/2976: $2$mem2reg_rd$\memory$architecture_simulator/rtl/vertical_slice/gtsu_lbuf_16bank_macro_model.sv:69$4056_DATA[127:0]$5472
  2973/2976: $0\mask_pipe[2][15:0]
  2974/2976: $0\mask_pipe[1][15:0]
  2975/2976: $0\mask_pipe[0][15:0]
  2976/2976: $0$mem2reg_wr$\memory$architecture_simulator/rtl/vertical_slice/gtsu_lbuf_16bank_macro_model.sv:78$4327_DATA[127:0]$4922
Creating decoders for process `$paramod\gtsu_lbuf_16bank_macro_model\BANKS=16\ROWS=1\DATA_W=128\READ_LATENCY=3.$proc$architecture_simulator/rtl/vertical_slice/gtsu_lbuf_16bank_macro_model.sv:40$4328'.
     1/20: $17\collision_comb[0:0]
     2/20: $16\collision_comb[0:0]
     3/20: $15\collision_comb[0:0]
     4/20: $14\collision_comb[0:0]
     5/20: $13\collision_comb[0:0]
     6/20: $12\collision_comb[0:0]
     7/20: $11\collision_comb[0:0]
     8/20: $10\collision_comb[0:0]
     9/20: $9\collision_comb[0:0]
    10/20: $8\collision_comb[0:0]
    11/20: $7\collision_comb[0:0]
    12/20: $6\collision_comb[0:0]
    13/20: $5\collision_comb[0:0]
    14/20: $4\collision_comb[0:0]
    15/20: $3\collision_comb[0:0]
    16/20: $2\collision_comb[0:0]
    17/20: $1\bank[31:0]
    18/20: $1\collision_comb[0:0]
    19/20: $0\bank[31:0]
    20/20: $0\collision_comb[0:0]

5.6. Executing PROC_DLATCH pass (convert process syncs to latches).
No latch inferred for signal `$paramod\gtsu_lbuf_16bank_macro_model\BANKS=16\ROWS=1\DATA_W=128\READ_LATENCY=3.\collision_comb' from process `$paramod\gtsu_lbuf_16bank_macro_model\BANKS=16\ROWS=1\DATA_W=128\READ_LATENCY=3.$proc$architecture_simulator/rtl/vertical_slice/gtsu_lbuf_16bank_macro_model.sv:40$4328'.
Latch inferred for signal `$paramod\gtsu_lbuf_16bank_macro_model\BANKS=16\ROWS=1\DATA_W=128\READ_LATENCY=3.\bank' from process `$paramod\gtsu_lbuf_16bank_macro_model\BANKS=16\ROWS=1\DATA_W=128\READ_LATENCY=3.$proc$architecture_simulator/rtl/vertical_slice/gtsu_lbuf_16bank_macro_model.sv:40$4328': $auto$proc_dlatch.cc:409:proc_dlatch$81508

5.7. Executing PROC_DFF pass (convert process syncs to FFs).
Creating register for signal `$paramod\gtsu_lbuf_16bank_macro_model\BANKS=16\ROWS=1\DATA_W=128\READ_LATENCY=3.\valid_pipe' using process `$paramod\gtsu_lbuf_16bank_macro_model\BANKS=16\ROWS=1\DATA_W=128\READ_LATENCY=3.$proc$architecture_simulator/rtl/vertical_slice/gtsu_lbuf_16bank_macro_model.sv:51$4378'.
  created $adff cell `$procdff$81509' with positive edge clock and negative level reset.
Creating register for signal `$paramod\gtsu_lbuf_16bank_macro_model\BANKS=16\ROWS=1\DATA_W=128\READ_LATENCY=3.\bank' using process `$paramod\gtsu_lbuf_16bank_macro_model\BANKS=16\ROWS=1\DATA_W=128\READ_LATENCY=3.$proc$architecture_simulator/rtl/vertical_slice/gtsu_lbuf_16bank_macro_model.sv:51$4378'.
  created $dff cell `$procdff$81510' with positive edge clock.
Creating register for signal `$paramod\gtsu_lbuf_16bank_macro_model\BANKS=16\ROWS=1\DATA_W=128\READ_LATENCY=3.\stage' using process `$paramod\gtsu_lbuf_16bank_macro_model\BANKS=16\ROWS=1\DATA_W=128\READ_LATENCY=3.$proc$architecture_simulator/rtl/vertical_slice/gtsu_lbuf_16bank_macro_model.sv:51$4378'.
  created $adff cell `$procdff$81511' with positive edge clock and negative level reset.
Creating register for signal `$paramod\gtsu_lbuf_16bank_macro_model\BANKS=16\ROWS=1\DATA_W=128\READ_LATENCY=3.\byte_index' using process `$paramod\gtsu_lbuf_16bank_macro_model\BANKS=16\ROWS=1\DATA_W=128\READ_LATENCY=3.$proc$architecture_simulator/rtl/vertical_slice/gtsu_lbuf_16bank_macro_model.sv:51$4378'.
  created $dff cell `$procdff$81512' with positive edge clock.
Creating register for signal `$paramod\gtsu_lbuf_16bank_macro_model\BANKS=16\ROWS=1\DATA_W=128\READ_LATENCY=3.\mask_pipe[0]' using process `$paramod\gtsu_lbuf_16bank_macro_model\BANKS=16\ROWS=1\DATA_W=128\READ_LATENCY=3.$proc$architecture_simulator/rtl/vertical_slice/gtsu_lbuf_16bank_macro_model.sv:51$4378'.
  created $adff cell `$procdff$81513' with positive edge clock and negative level reset.
Creating register for signal `$paramod\gtsu_lbuf_16bank_macro_model\BANKS=16\ROWS=1\DATA_W=128\READ_LATENCY=3.\mask_pipe[1]' using process `$paramod\gtsu_lbuf_16bank_macro_model\BANKS=16\ROWS=1\DATA_W=128\READ_LATENCY=3.$proc$architecture_simulator/rtl/vertical_slice/gtsu_lbuf_16bank_macro_model.sv:51$4378'.
  created $adff cell `$procdff$81514' with positive edge clock and negative level reset.
Creating register for signal `$paramod\gtsu_lbuf_16bank_macro_model\BANKS=16\ROWS=1\DATA_W=128\READ_LATENCY=3.\mask_pipe[2]' using process `$paramod\gtsu_lbuf_16bank_macro_model\BANKS=16\ROWS=1\DATA_W=128\READ_LATENCY=3.$proc$architecture_simulator/rtl/vertical_slice/gtsu_lbuf_16bank_macro_model.sv:51$4378'.
  created $adff cell `$procdff$81515' with positive edge clock and negative level reset.
Creating register for signal `$paramod\gtsu_lbuf_16bank_macro_model\BANKS=16\ROWS=1\DATA_W=128\READ_LATENCY=3.\data_pipe[0]' using process `$paramod\gtsu_lbuf_16bank_macro_model\BANKS=16\ROWS=1\DATA_W=128\READ_LATENCY=3.$proc$architecture_simulator/rtl/vertical_slice/gtsu_lbuf_16bank_macro_model.sv:51$4378'.
  created $adff cell `$procdff$81516' with positive edge clock and negative level reset.
Creating register for signal `$paramod\gtsu_lbuf_16bank_macro_model\BANKS=16\ROWS=1\DATA_W=128\READ_LATENCY=3.\data_pipe[1]' using process `$paramod\gtsu_lbuf_16bank_macro_model\BANKS=16\ROWS=1\DATA_W=128\READ_LATENCY=3.$proc$architecture_simulator/rtl/vertical_slice/gtsu_lbuf_16bank_macro_model.sv:51$4378'.
  created $adff cell `$procdff$81517' with positive edge clock and negative level reset.
Creating register for signal `$paramod\gtsu_lbuf_16bank_macro_model\BANKS=16\ROWS=1\DATA_W=128\READ_LATENCY=3.\data_pipe[2]' using process `$paramod\gtsu_lbuf_16bank_macro_model\BANKS=16\ROWS=1\DATA_W=128\READ_LATENCY=3.$proc$architecture_simulator/rtl/vertical_slice/gtsu_lbuf_16bank_macro_model.sv:51$4378'.
  created $adff cell `$procdff$81518' with positive edge clock and negative level reset.
Creating register for signal `$paramod\gtsu_lbuf_16bank_macro_model\BANKS=16\ROWS=1\DATA_W=128\READ_LATENCY=3.\memory[0]' using process `$paramod\gtsu_lbuf_16bank_macro_model\BANKS=16\ROWS=1\DATA_W=128\READ_LATENCY=3.$proc$architecture_simulator/rtl/vertical_slice/gtsu_lbuf_16bank_macro_model.sv:51$4378'.
  created $dff cell `$procdff$81519' with positive edge clock.
Creating register for signal `$paramod\gtsu_lbuf_16bank_macro_model\BANKS=16\ROWS=1\DATA_W=128\READ_LATENCY=3.\memory[1]' using process `$paramod\gtsu_lbuf_16bank_macro_model\BANKS=16\ROWS=1\DATA_W=128\READ_LATENCY=3.$proc$architecture_simulator/rtl/vertical_slice/gtsu_lbuf_16bank_macro_model.sv:51$4378'.
  created $dff cell `$procdff$81520' with positive edge clock.
Creating register for signal `$paramod\gtsu_lbuf_16bank_macro_model\BANKS=16\ROWS=1\DATA_W=128\READ_LATENCY=3.\memory[2]' using process `$paramod\gtsu_lbuf_16bank_macro_model\BANKS=16\ROWS=1\DATA_W=128\READ_LATENCY=3.$proc$architecture_simulator/rtl/vertical_slice/gtsu_lbuf_16bank_macro_model.sv:51$4378'.
  created $dff cell `$procdff$81521' with positive edge clock.
Creating register for signal `$paramod\gtsu_lbuf_16bank_macro_model\BANKS=16\ROWS=1\DATA_W=128\READ_LATENCY=3.\memory[3]' using process `$paramod\gtsu_lbuf_16bank_macro_model\BANKS=16\ROWS=1\DATA_W=128\READ_LATENCY=3.$proc$architecture_simulator/rtl/vertical_slice/gtsu_lbuf_16bank_macro_model.sv:51$4378'.
  created $dff cell `$procdff$81522' with positive edge clock.
Creating register for signal `$paramod\gtsu_lbuf_16bank_macro_model\BANKS=16\ROWS=1\DATA_W=128\READ_LATENCY=3.\memory[4]' using process `$paramod\gtsu_lbuf_16bank_macro_model\BANKS=16\ROWS=1\DATA_W=128\READ_LATENCY=3.$proc$architecture_simulator/rtl/vertical_slice/gtsu_lbuf_16bank_macro_model.sv:51$4378'.
  created $dff cell `$procdff$81523' with positive edge clock.
Creating register for signal `$paramod\gtsu_lbuf_16bank_macro_model\BANKS=16\ROWS=1\DATA_W=128\READ_LATENCY=3.\memory[5]' using process `$paramod\gtsu_lbuf_16bank_macro_model\BANKS=16\ROWS=1\DATA_W=128\READ_LATENCY=3.$proc$architecture_simulator/rtl/vertical_slice/gtsu_lbuf_16bank_macro_model.sv:51$4378'.
  created $dff cell `$procdff$81524' with positive edge clock.
Creating register for signal `$paramod\gtsu_lbuf_16bank_macro_model\BANKS=16\ROWS=1\DATA_W=128\READ_LATENCY=3.\memory[6]' using process `$paramod\gtsu_lbuf_16bank_macro_model\BANKS=16\ROWS=1\DATA_W=128\READ_LATENCY=3.$proc$architecture_simulator/rtl/vertical_slice/gtsu_lbuf_16bank_macro_model.sv:51$4378'.
  created $dff cell `$procdff$81525' with positive edge clock.
Creating register for signal `$paramod\gtsu_lbuf_16bank_macro_model\BANKS=16\ROWS=1\DATA_W=128\READ_LATENCY=3.\memory[7]' using process `$paramod\gtsu_lbuf_16bank_macro_model\BANKS=16\ROWS=1\DATA_W=128\READ_LATENCY=3.$proc$architecture_simulator/rtl/vertical_slice/gtsu_lbuf_16bank_macro_model.sv:51$4378'.
  created $dff cell `$procdff$81526' with positive edge clock.
Creating register for signal `$paramod\gtsu_lbuf_16bank_macro_model\BANKS=16\ROWS=1\DATA_W=128\READ_LATENCY=3.\memory[8]' using process `$paramod\gtsu_lbuf_16bank_macro_model\BANKS=16\ROWS=1\DATA_W=128\READ_LATENCY=3.$proc$architecture_simulator/rtl/vertical_slice/gtsu_lbuf_16bank_macro_model.sv:51$4378'.
  created $dff cell `$procdff$81527' with positive edge clock.
Creating register for signal `$paramod\gtsu_lbuf_16bank_macro_model\BANKS=16\ROWS=1\DATA_W=128\READ_LATENCY=3.\memory[9]' using process `$paramod\gtsu_lbuf_16bank_macro_model\BANKS=16\ROWS=1\DATA_W=128\READ_LATENCY=3.$proc$architecture_simulator/rtl/vertical_slice/gtsu_lbuf_16bank_macro_model.sv:51$4378'.
  created $dff cell `$procdff$81528' with positive edge clock.
Creating register for signal `$paramod\gtsu_lbuf_16bank_macro_model\BANKS=16\ROWS=1\DATA_W=128\READ_LATENCY=3.\memory[10]' using process `$paramod\gtsu_lbuf_16bank_macro_model\BANKS=16\ROWS=1\DATA_W=128\READ_LATENCY=3.$proc$architecture_simulator/rtl/vertical_slice/gtsu_lbuf_16bank_macro_model.sv:51$4378'.
  created $dff cell `$procdff$81529' with positive edge clock.
Creating register for signal `$paramod\gtsu_lbuf_16bank_macro_model\BANKS=16\ROWS=1\DATA_W=128\READ_LATENCY=3.\memory[11]' using process `$paramod\gtsu_lbuf_16bank_macro_model\BANKS=16\ROWS=1\DATA_W=128\READ_LATENCY=3.$proc$architecture_simulator/rtl/vertical_slice/gtsu_lbuf_16bank_macro_model.sv:51$4378'.
  created $dff cell `$procdff$81530' with positive edge clock.
Creating register for signal `$paramod\gtsu_lbuf_16bank_macro_model\BANKS=16\ROWS=1\DATA_W=128\READ_LATENCY=3.\memory[12]' using process `$paramod\gtsu_lbuf_16bank_macro_model\BANKS=16\ROWS=1\DATA_W=128\READ_LATENCY=3.$proc$architecture_simulator/rtl/vertical_slice/gtsu_lbuf_16bank_macro_model.sv:51$4378'.
  created $dff cell `$procdff$81531' with positive edge clock.
Creating register for signal `$paramod\gtsu_lbuf_16bank_macro_model\BANKS=16\ROWS=1\DATA_W=128\READ_LATENCY=3.\memory[13]' using process `$paramod\gtsu_lbuf_16bank_macro_model\BANKS=16\ROWS=1\DATA_W=128\READ_LATENCY=3.$proc$architecture_simulator/rtl/vertical_slice/gtsu_lbuf_16bank_macro_model.sv:51$4378'.
  created $dff cell `$procdff$81532' with positive edge clock.
Creating register for signal `$paramod\gtsu_lbuf_16bank_macro_model\BANKS=16\ROWS=1\DATA_W=128\READ_LATENCY=3.\memory[14]' using process `$paramod\gtsu_lbuf_16bank_macro_model\BANKS=16\ROWS=1\DATA_W=128\READ_LATENCY=3.$proc$architecture_simulator/rtl/vertical_slice/gtsu_lbuf_16bank_macro_model.sv:51$4378'.
  created $dff cell `$procdff$81533' with positive edge clock.
Creating register for signal `$paramod\gtsu_lbuf_16bank_macro_model\BANKS=16\ROWS=1\DATA_W=128\READ_LATENCY=3.\memory[15]' using process `$paramod\gtsu_lbuf_16bank_macro_model\BANKS=16\ROWS=1\DATA_W=128\READ_LATENCY=3.$proc$architecture_simulator/rtl/vertical_slice/gtsu_lbuf_16bank_macro_model.sv:51$4378'.
  created $dff cell `$procdff$81534' with positive edge clock.
Creating register for signal `$paramod\gtsu_lbuf_16bank_macro_model\BANKS=16\ROWS=1\DATA_W=128\READ_LATENCY=3.$mem2reg_wr$\memory$architecture_simulator/rtl/vertical_slice/gtsu_lbuf_16bank_macro_model.sv:78$4087_DATA' using process `$paramod\gtsu_lbuf_16bank_macro_model\BANKS=16\ROWS=1\DATA_W=128\READ_LATENCY=3.$proc$architecture_simulator/rtl/vertical_slice/gtsu_lbuf_16bank_macro_model.sv:51$4378'.
  created $adff cell `$procdff$81535' with positive edge clock and negative level reset.
Creating register for signal `$paramod\gtsu_lbuf_16bank_macro_model\BANKS=16\ROWS=1\DATA_W=128\READ_LATENCY=3.$mem2reg_wr$\memory$architecture_simulator/rtl/vertical_slice/gtsu_lbuf_16bank_macro_model.sv:78$4122_ADDR' using process `$paramod\gtsu_lbuf_16bank_macro_model\BANKS=16\ROWS=1\DATA_W=128\READ_LATENCY=3.$proc$architecture_simulator/rtl/vertical_slice/gtsu_lbuf_16bank_macro_model.sv:51$4378'.
  created $adff cell `$procdff$81536' with positive edge clock and negative level reset.
Creating register for signal `$paramod\gtsu_lbuf_16bank_macro_model\BANKS=16\ROWS=1\DATA_W=128\READ_LATENCY=3.$mem2reg_wr$\memory$architecture_simulator/rtl/vertical_slice/gtsu_lbuf_16bank_macro_model.sv:78$4089_ADDR' using process `$paramod\gtsu_lbuf_16bank_macro_model\BANKS=16\ROWS=1\DATA_W=128\READ_LATENCY=3.$proc$architecture_simulator/rtl/vertical_slice/gtsu_lbuf_16bank_macro_model.sv:51$4378'.
  created $adff cell `$procdff$81537' with positive edge clock and negative level reset.
Creating register for signal `$paramod\gtsu_lbuf_16bank_macro_model\BANKS=16\ROWS=1\DATA_W=128\READ_LATENCY=3.$mem2reg_wr$\memory$architecture_simulator/rtl/vertical_slice/gtsu_lbuf_16bank_macro_model.sv:78$4121_DATA' using process `$paramod\gtsu_lbuf_16bank_macro_model\BANKS=16\ROWS=1\DATA_W=128\READ_LATENCY=3.$proc$architecture_simulator/rtl/vertical_slice/gtsu_lbuf_16bank_macro_model.sv:51$4378'.
  created $adff cell `$procdff$81538' with positive edge clock and negative level reset.
Creating register for signal `$paramod\gtsu_lbuf_16bank_macro_model\BANKS=16\ROWS=1\DATA_W=128\READ_LATENCY=3.$mem2reg_wr$\memory$architecture_simulator/rtl/vertical_slice/gtsu_lbuf_16bank_macro_model.sv:78$4088_DATA' using process `$paramod\gtsu_lbuf_16bank_macro_model\BANKS=16\ROWS=1\DATA_W=128\READ_LATENCY=3.$proc$architecture_simulator/rtl/vertical_slice/gtsu_lbuf_16bank_macro_model.sv:51$4378'.
  created $adff cell `$procdff$81539' with positive edge clock and negative level reset.
Creating register for signal `$paramod\gtsu_lbuf_16bank_macro_model\BANKS=16\ROWS=1\DATA_W=128\READ_LATENCY=3.$mem2reg_wr$\memory$architecture_simulator/rtl/vertical_slice/gtsu_lbuf_16bank_macro_model.sv:78$4121_ADDR' using process `$paramod\gtsu_lbuf_16bank_macro_model\BANKS=16\ROWS=1\DATA_W=128\READ_LATENCY=3.$proc$architecture_simulator/rtl/vertical_slice/gtsu_lbuf_16bank_macro_model.sv:51$4378'.
  created $adff cell `$procdff$81540' with positive edge clock and negative level reset.
Creating register for signal `$paramod\gtsu_lbuf_16bank_macro_model\BANKS=16\ROWS=1\DATA_W=128\READ_LATENCY=3.$mem2reg_wr$\memory$architecture_simulator/rtl/vertical_slice/gtsu_lbuf_16bank_macro_model.sv:78$4088_ADDR' using process `$paramod\gtsu_lbuf_16bank_macro_model\BANKS=16\ROWS=1\DATA_W=128\READ_LATENCY=3.$proc$architecture_simulator/rtl/vertical_slice/gtsu_lbuf_16bank_macro_model.sv:51$4378'.
  created $adff cell `$procdff$81541' with positive edge clock and negative level reset.
Creating register for signal `$paramod\gtsu_lbuf_16bank_macro_model\BANKS=16\ROWS=1\DATA_W=128\READ_LATENCY=3.$mem2reg_wr$\memory$architecture_simulator/rtl/vertical_slice/gtsu_lbuf_16bank_macro_model.sv:78$4120_DATA' using process `$paramod\gtsu_lbuf_16bank_macro_model\BANKS=16\ROWS=1\DATA_W=128\READ_LATENCY=3.$proc$architecture_simulator/rtl/vertical_slice/gtsu_lbuf_16bank_macro_model.sv:51$4378'.
  created $adff cell `$procdff$81542' with positive edge clock and negative level reset.
Creating register for signal `$paramod\gtsu_lbuf_16bank_macro_model\BANKS=16\ROWS=1\DATA_W=128\READ_LATENCY=3.$mem2reg_wr$\memory$architecture_simulator/rtl/vertical_slice/gtsu_lbuf_16bank_macro_model.sv:78$4116_DATA' using process `$paramod\gtsu_lbuf_16bank_macro_model\BANKS=16\ROWS=1\DATA_W=128\READ_LATENCY=3.$proc$architecture_simulator/rtl/vertical_slice/gtsu_lbuf_16bank_macro_model.sv:51$4378'.
  created $adff cell `$procdff$81543' with positive edge clock and negative level reset.
Creating register for signal `$paramod\gtsu_lbuf_16bank_macro_model\BANKS=16\ROWS=1\DATA_W=128\READ_LATENCY=3.$mem2reg_wr$\memory$architecture_simulator/rtl/vertical_slice/gtsu_lbuf_16bank_macro_model.sv:78$4120_ADDR' using process `$paramod\gtsu_lbuf_16bank_macro_model\BANKS=16\ROWS=1\DATA_W=128\READ_LATENCY=3.$proc$architecture_simulator/rtl/vertical_slice/gtsu_lbuf_16bank_macro_model.sv:51$4378'.
  created $adff cell `$procdff$81544' with positive edge clock and negative level reset.
Creating register for signal `$paramod\gtsu_lbuf_16bank_macro_model\BANKS=16\ROWS=1\DATA_W=128\READ_LATENCY=3.$mem2reg_wr$\memory$architecture_simulator/rtl/vertical_slice/gtsu_lbuf_16bank_macro_model.sv:78$4087_ADDR' using process `$paramod\gtsu_lbuf_16bank_macro_model\BANKS=16\ROWS=1\DATA_W=128\READ_LATENCY=3.$proc$architecture_simulator/rtl/vertical_slice/gtsu_lbuf_16bank_macro_model.sv:51$4378'.
  created $adff cell `$procdff$81545' with positive edge clock and negative level reset.
Creating register for signal `$paramod\gtsu_lbuf_16bank_macro_model\BANKS=16\ROWS=1\DATA_W=128\READ_LATENCY=3.$mem2reg_wr$\memory$architecture_simulator/rtl/vertical_slice/gtsu_lbuf_16bank_macro_model.sv:78$4119_DATA' using process `$paramod\gtsu_lbuf_16bank_macro_model\BANKS=16\ROWS=1\DATA_W=128\READ_LATENCY=3.$proc$architecture_simulator/rtl/vertical_slice/gtsu_lbuf_16bank_macro_model.sv:51$4378'.
  created $adff cell `$procdff$81546' with positive edge clock and negative level reset.
Creating register for signal `$paramod\gtsu_lbuf_16bank_macro_model\BANKS=16\ROWS=1\DATA_W=128\READ_LATENCY=3.$mem2reg_wr$\memory$architecture_simulator/rtl/vertical_slice/gtsu_lbuf_16bank_macro_model.sv:78$4086_DATA' using process `$paramod\gtsu_lbuf_16bank_macro_model\BANKS=16\ROWS=1\DATA_W=128\READ_LATENCY=3.$proc$architecture_simulator/rtl/vertical_slice/gtsu_lbuf_16bank_macro_model.sv:51$4378'.
  created $adff cell `$procdff$81547' with positive edge clock and negative level reset.
Creating register for signal `$paramod\gtsu_lbuf_16bank_macro_model\BANKS=16\ROWS=1\DATA_W=128\READ_LATENCY=3.$mem2reg_wr$\memory$architecture_simulator/rtl/vertical_slice/gtsu_lbuf_16bank_macro_model.sv:78$4119_ADDR' using process `$paramod\gtsu_lbuf_16bank_macro_model\BANKS=16\ROWS=1\DATA_W=128\READ_LATENCY=3.$proc$architecture_simulator/rtl/vertical_slice/gtsu_lbuf_16bank_macro_model.sv:51$4378'.
  created $adff cell `$procdff$81548' with positive edge clock and negative level reset.
Creating register for signal `$paramod\gtsu_lbuf_16bank_macro_model\BANKS=16\ROWS=1\DATA_W=128\READ_LATENCY=3.$mem2reg_wr$\memory$architecture_simulator/rtl/vertical_slice/gtsu_lbuf_16bank_macro_model.sv:78$4086_ADDR' using process `$paramod\gtsu_lbuf_16bank_macro_model\BANKS=16\ROWS=1\DATA_W=128\READ_LATENCY=3.$proc$architecture_simulator/rtl/vertical_slice/gtsu_lbuf_16bank_macro_model.sv:51$4378'.
  created $adff cell `$procdff$81549' with positive edge clock and negative level reset.
Creating register for signal `$paramod\gtsu_lbuf_16bank_macro_model\BANKS=16\ROWS=1\DATA_W=128\READ_LATENCY=3.$mem2reg_wr$\memory$architecture_simulator/rtl/vertical_slice/gtsu_lbuf_16bank_macro_model.sv:78$4118_DATA' using process `$paramod\gtsu_lbuf_16bank_macro_model\BANKS=16\ROWS=1\DATA_W=128\READ_LATENCY=3.$proc$architecture_simulator/rtl/vertical_slice/gtsu_lbuf_16bank_macro_model.sv:51$4378'.
  created $adff cell `$procdff$81550' with positive edge clock and negative level reset.
Creating register for signal `$paramod\gtsu_lbuf_16bank_macro_model\BANKS=16\ROWS=1\DATA_W=128\READ_LATENCY=3.$mem2reg_wr$\memory$architecture_simulator/rtl/vertical_slice/gtsu_lbuf_16bank_macro_model.sv:78$4085_DATA' using process `$paramod\gtsu_lbuf_16bank_macro_model\BANKS=16\ROWS=1\DATA_W=128\READ_LATENCY=3.$proc$architecture_simulator/rtl/vertical_slice/gtsu_lbuf_16bank_macro_model.sv:51$4378'.
  created $adff cell `$procdff$81551' with positive edge clock and negative level reset.
Creating register for signal `$paramod\gtsu_lbuf_16bank_macro_model\BANKS=16\ROWS=1\DATA_W=128\READ_LATENCY=3.$mem2reg_wr$\memory$architecture_simulator/rtl/vertical_slice/gtsu_lbuf_16bank_macro_model.sv:78$4118_ADDR' using process `$paramod\gtsu_lbuf_16bank_macro_model\BANKS=16\ROWS=1\DATA_W=128\READ_LATENCY=3.$proc$architecture_simulator/rtl/vertical_slice/gtsu_lbuf_16bank_macro_model.sv:51$4378'.
  created $adff cell `$procdff$81552' with positive edge clock and negative level reset.
Creating register for signal `$paramod\gtsu_lbuf_16bank_macro_model\BANKS=16\ROWS=1\DATA_W=128\READ_LATENCY=3.$mem2reg_wr$\memory$architecture_simulator/rtl/vertical_slice/gtsu_lbuf_16bank_macro_model.sv:78$4085_ADDR' using process `$paramod\gtsu_lbuf_16bank_macro_model\BANKS=16\ROWS=1\DATA_W=128\READ_LATENCY=3.$proc$architecture_simulator/rtl/vertical_slice/gtsu_lbuf_16bank_macro_model.sv:51$4378'.
  created $adff cell `$procdff$81553' with positive edge clock and negative level reset.
Creating register for signal `$paramod\gtsu_lbuf_16bank_macro_model\BANKS=16\ROWS=1\DATA_W=128\READ_LATENCY=3.$mem2reg_wr$\memory$architecture_simulator/rtl/vertical_slice/gtsu_lbuf_16bank_macro_model.sv:78$4117_DATA' using process `$paramod\gtsu_lbuf_16bank_macro_model\BANKS=16\ROWS=1\DATA_W=128\READ_LATENCY=3.$proc$architecture_simulator/rtl/vertical_slice/gtsu_lbuf_16bank_macro_model.sv:51$4378'.
  created $adff cell `$procdff$81554' with positive edge clock and negative level reset.
Creating register for signal `$paramod\gtsu_lbuf_16bank_macro_model\BANKS=16\ROWS=1\DATA_W=128\READ_LATENCY=3.$mem2reg_wr$\memory$architecture_simulator/rtl/vertical_slice/gtsu_lbuf_16bank_macro_model.sv:78$4084_DATA' using process `$paramod\gtsu_lbuf_16bank_macro_model\BANKS=16\ROWS=1\DATA_W=128\READ_LATENCY=3.$proc$architecture_simulator/rtl/vertical_slice/gtsu_lbuf_16bank_macro_model.sv:51$4378'.
  created $adff cell `$procdff$81555' with positive edge clock and negative level reset.
Creating register for signal `$paramod\gtsu_lbuf_16bank_macro_model\BANKS=16\ROWS=1\DATA_W=128\READ_LATENCY=3.$mem2reg_wr$\memory$architecture_simulator/rtl/vertical_slice/gtsu_lbuf_16bank_macro_model.sv:78$4117_ADDR' using process `$paramod\gtsu_lbuf_16bank_macro_model\BANKS=16\ROWS=1\DATA_W=128\READ_LATENCY=3.$proc$architecture_simulator/rtl/vertical_slice/gtsu_lbuf_16bank_macro_model.sv:51$4378'.
  created $adff cell `$procdff$81556' with positive edge clock and negative level reset.
Creating register for signal `$paramod\gtsu_lbuf_16bank_macro_model\BANKS=16\ROWS=1\DATA_W=128\READ_LATENCY=3.$mem2reg_wr$\memory$architecture_simulator/rtl/vertical_slice/gtsu_lbuf_16bank_macro_model.sv:78$4084_ADDR' using process `$paramod\gtsu_lbuf_16bank_macro_model\BANKS=16\ROWS=1\DATA_W=128\READ_LATENCY=3.$proc$architecture_simulator/rtl/vertical_slice/gtsu_lbuf_16bank_macro_model.sv:51$4378'.
  created $adff cell `$procdff$81557' with positive edge clock and negative level reset.
Creating register for signal `$paramod\gtsu_lbuf_16bank_macro_model\BANKS=16\ROWS=1\DATA_W=128\READ_LATENCY=3.$mem2reg_wr$\memory$architecture_simulator/rtl/vertical_slice/gtsu_lbuf_16bank_macro_model.sv:78$4083_DATA' using process `$paramod\gtsu_lbuf_16bank_macro_model\BANKS=16\ROWS=1\DATA_W=128\READ_LATENCY=3.$proc$architecture_simulator/rtl/vertical_slice/gtsu_lbuf_16bank_macro_model.sv:51$4378'.
  created $adff cell `$procdff$81558' with positive edge clock and negative level reset.
Creating register for signal `$paramod\gtsu_lbuf_16bank_macro_model\BANKS=16\ROWS=1\DATA_W=128\READ_LATENCY=3.$mem2reg_wr$\memory$architecture_simulator/rtl/vertical_slice/gtsu_lbuf_16bank_macro_model.sv:78$4079_DATA' using process `$paramod\gtsu_lbuf_16bank_macro_model\BANKS=16\ROWS=1\DATA_W=128\READ_LATENCY=3.$proc$architecture_simulator/rtl/vertical_slice/gtsu_lbuf_16bank_macro_model.sv:51$4378'.
  created $adff cell `$procdff$81559' with positive edge clock and negative level reset.
Creating register for signal `$paramod\gtsu_lbuf_16bank_macro_model\BANKS=16\ROWS=1\DATA_W=128\READ_LATENCY=3.$mem2reg_wr$\memory$architecture_simulator/rtl/vertical_slice/gtsu_lbuf_16bank_macro_model.sv:78$4116_ADDR' using process `$paramod\gtsu_lbuf_16bank_macro_model\BANKS=16\ROWS=1\DATA_W=128\READ_LATENCY=3.$proc$architecture_simulator/rtl/vertical_slice/gtsu_lbuf_16bank_macro_model.sv:51$4378'.
  created $adff cell `$procdff$81560' with positive edge clock and negative level reset.
Creating register for signal `$paramod\gtsu_lbuf_16bank_macro_model\BANKS=16\ROWS=1\DATA_W=128\READ_LATENCY=3.$mem2reg_wr$\memory$architecture_simulator/rtl/vertical_slice/gtsu_lbuf_16bank_macro_model.sv:78$4083_ADDR' using process `$paramod\gtsu_lbuf_16bank_macro_model\BANKS=16\ROWS=1\DATA_W=128\READ_LATENCY=3.$proc$architecture_simulator/rtl/vertical_slice/gtsu_lbuf_16bank_macro_model.sv:51$4378'.
  created $adff cell `$procdff$81561' with positive edge clock and negative level reset.
Creating register for signal `$paramod\gtsu_lbuf_16bank_macro_model\BANKS=16\ROWS=1\DATA_W=128\READ_LATENCY=3.$mem2reg_wr$\memory$architecture_simulator/rtl/vertical_slice/gtsu_lbuf_16bank_macro_model.sv:78$4115_DATA' using process `$paramod\gtsu_lbuf_16bank_macro_model\BANKS=16\ROWS=1\DATA_W=128\READ_LATENCY=3.$proc$architecture_simulator/rtl/vertical_slice/gtsu_lbuf_16bank_macro_model.sv:51$4378'.
  created $adff cell `$procdff$81562' with positive edge clock and negative level reset.
Creating register for signal `$paramod\gtsu_lbuf_16bank_macro_model\BANKS=16\ROWS=1\DATA_W=128\READ_LATENCY=3.$mem2reg_wr$\memory$architecture_simulator/rtl/vertical_slice/gtsu_lbuf_16bank_macro_model.sv:78$4082_DATA' using process `$paramod\gtsu_lbuf_16bank_macro_model\BANKS=16\ROWS=1\DATA_W=128\READ_LATENCY=3.$proc$architecture_simulator/rtl/vertical_slice/gtsu_lbuf_16bank_macro_model.sv:51$4378'.
  created $adff cell `$procdff$81563' with positive edge clock and negative level reset.
Creating register for signal `$paramod\gtsu_lbuf_16bank_macro_model\BANKS=16\ROWS=1\DATA_W=128\READ_LATENCY=3.$mem2reg_wr$\memory$architecture_simulator/rtl/vertical_slice/gtsu_lbuf_16bank_macro_model.sv:78$4115_ADDR' using process `$paramod\gtsu_lbuf_16bank_macro_model\BANKS=16\ROWS=1\DATA_W=128\READ_LATENCY=3.$proc$architecture_simulator/rtl/vertical_slice/gtsu_lbuf_16bank_macro_model.sv:51$4378'.
  created $adff cell `$procdff$81564' with positive edge clock and negative level reset.
Creating register for signal `$paramod\gtsu_lbuf_16bank_macro_model\BANKS=16\ROWS=1\DATA_W=128\READ_LATENCY=3.$mem2reg_wr$\memory$architecture_simulator/rtl/vertical_slice/gtsu_lbuf_16bank_macro_model.sv:78$4082_ADDR' using process `$paramod\gtsu_lbuf_16bank_macro_model\BANKS=16\ROWS=1\DATA_W=128\READ_LATENCY=3.$proc$architecture_simulator/rtl/vertical_slice/gtsu_lbuf_16bank_macro_model.sv:51$4378'.
  created $adff cell `$procdff$81565' with positive edge clock and negative level reset.
Creating register for signal `$paramod\gtsu_lbuf_16bank_macro_model\BANKS=16\ROWS=1\DATA_W=128\READ_LATENCY=3.$mem2reg_wr$\memory$architecture_simulator/rtl/vertical_slice/gtsu_lbuf_16bank_macro_model.sv:78$4114_DATA' using process `$paramod\gtsu_lbuf_16bank_macro_model\BANKS=16\ROWS=1\DATA_W=128\READ_LATENCY=3.$proc$architecture_simulator/rtl/vertical_slice/gtsu_lbuf_16bank_macro_model.sv:51$4378'.
  created $adff cell `$procdff$81566' with positive edge clock and negative level reset.
Creating register for signal `$paramod\gtsu_lbuf_16bank_macro_model\BANKS=16\ROWS=1\DATA_W=128\READ_LATENCY=3.$mem2reg_wr$\memory$architecture_simulator/rtl/vertical_slice/gtsu_lbuf_16bank_macro_model.sv:78$4081_DATA' using process `$paramod\gtsu_lbuf_16bank_macro_model\BANKS=16\ROWS=1\DATA_W=128\READ_LATENCY=3.$proc$architecture_simulator/rtl/vertical_slice/gtsu_lbuf_16bank_macro_model.sv:51$4378'.
  created $adff cell `$procdff$81567' with positive edge clock and negative level reset.
Creating register for signal `$paramod\gtsu_lbuf_16bank_macro_model\BANKS=16\ROWS=1\DATA_W=128\READ_LATENCY=3.$mem2reg_wr$\memory$architecture_simulator/rtl/vertical_slice/gtsu_lbuf_16bank_macro_model.sv:78$4114_ADDR' using process `$paramod\gtsu_lbuf_16bank_macro_model\BANKS=16\ROWS=1\DATA_W=128\READ_LATENCY=3.$proc$architecture_simulator/rtl/vertical_slice/gtsu_lbuf_16bank_macro_model.sv:51$4378'.
  created $adff cell `$procdff$81568' with positive edge clock and negative level reset.
Creating register for signal `$paramod\gtsu_lbuf_16bank_macro_model\BANKS=16\ROWS=1\DATA_W=128\READ_LATENCY=3.$mem2reg_wr$\memory$architecture_simulator/rtl/vertical_slice/gtsu_lbuf_16bank_macro_model.sv:78$4081_ADDR' using process `$paramod\gtsu_lbuf_16bank_macro_model\BANKS=16\ROWS=1\DATA_W=128\READ_LATENCY=3.$proc$architecture_simulator/rtl/vertical_slice/gtsu_lbuf_16bank_macro_model.sv:51$4378'.
  created $adff cell `$procdff$81569' with positive edge clock and negative level reset.
Creating register for signal `$paramod\gtsu_lbuf_16bank_macro_model\BANKS=16\ROWS=1\DATA_W=128\READ_LATENCY=3.$mem2reg_wr$\memory$architecture_simulator/rtl/vertical_slice/gtsu_lbuf_16bank_macro_model.sv:78$4113_DATA' using process `$paramod\gtsu_lbuf_16bank_macro_model\BANKS=16\ROWS=1\DATA_W=128\READ_LATENCY=3.$proc$architecture_simulator/rtl/vertical_slice/gtsu_lbuf_16bank_macro_model.sv:51$4378'.
  created $adff cell `$procdff$81570' with positive edge clock and negative level reset.
Creating register for signal `$paramod\gtsu_lbuf_16bank_macro_model\BANKS=16\ROWS=1\DATA_W=128\READ_LATENCY=3.$mem2reg_wr$\memory$architecture_simulator/rtl/vertical_slice/gtsu_lbuf_16bank_macro_model.sv:78$4080_DATA' using process `$paramod\gtsu_lbuf_16bank_macro_model\BANKS=16\ROWS=1\DATA_W=128\READ_LATENCY=3.$proc$architecture_simulator/rtl/vertical_slice/gtsu_lbuf_16bank_macro_model.sv:51$4378'.
  created $adff cell `$procdff$81571' with positive edge clock and negative level reset.
Creating register for signal `$paramod\gtsu_lbuf_16bank_macro_model\BANKS=16\ROWS=1\DATA_W=128\READ_LATENCY=3.$mem2reg_wr$\memory$architecture_simulator/rtl/vertical_slice/gtsu_lbuf_16bank_macro_model.sv:78$4113_ADDR' using process `$paramod\gtsu_lbuf_16bank_macro_model\BANKS=16\ROWS=1\DATA_W=128\READ_LATENCY=3.$proc$architecture_simulator/rtl/vertical_slice/gtsu_lbuf_16bank_macro_model.sv:51$4378'.
  created $adff cell `$procdff$81572' with positive edge clock and negative level reset.
Creating register for signal `$paramod\gtsu_lbuf_16bank_macro_model\BANKS=16\ROWS=1\DATA_W=128\READ_LATENCY=3.$mem2reg_wr$\memory$architecture_simulator/rtl/vertical_slice/gtsu_lbuf_16bank_macro_model.sv:78$4080_ADDR' using process `$paramod\gtsu_lbuf_16bank_macro_model\BANKS=16\ROWS=1\DATA_W=128\READ_LATENCY=3.$proc$architecture_simulator/rtl/vertical_slice/gtsu_lbuf_16bank_macro_model.sv:51$4378'.
  created $adff cell `$procdff$81573' with positive edge clock and negative level reset.
Creating register for signal `$paramod\gtsu_lbuf_16bank_macro_model\BANKS=16\ROWS=1\DATA_W=128\READ_LATENCY=3.$mem2reg_wr$\memory$architecture_simulator/rtl/vertical_slice/gtsu_lbuf_16bank_macro_model.sv:78$4112_DATA' using process `$paramod\gtsu_lbuf_16bank_macro_model\BANKS=16\ROWS=1\DATA_W=128\READ_LATENCY=3.$proc$architecture_simulator/rtl/vertical_slice/gtsu_lbuf_16bank_macro_model.sv:51$4378'.
  created $adff cell `$procdff$81574' with positive edge clock and negative level reset.
Creating register for signal `$paramod\gtsu_lbuf_16bank_macro_model\BANKS=16\ROWS=1\DATA_W=128\READ_LATENCY=3.$mem2reg_wr$\memory$architecture_simulator/rtl/vertical_slice/gtsu_lbuf_16bank_macro_model.sv:78$4112_ADDR' using process `$paramod\gtsu_lbuf_16bank_macro_model\BANKS=16\ROWS=1\DATA_W=128\READ_LATENCY=3.$proc$architecture_simulator/rtl/vertical_slice/gtsu_lbuf_16bank_macro_model.sv:51$4378'.
  created $adff cell `$procdff$81575' with positive edge clock and negative level reset.
Creating register for signal `$paramod\gtsu_lbuf_16bank_macro_model\BANKS=16\ROWS=1\DATA_W=128\READ_LATENCY=3.$mem2reg_wr$\memory$architecture_simulator/rtl/vertical_slice/gtsu_lbuf_16bank_macro_model.sv:78$4079_ADDR' using process `$paramod\gtsu_lbuf_16bank_macro_model\BANKS=16\ROWS=1\DATA_W=128\READ_LATENCY=3.$proc$architecture_simulator/rtl/vertical_slice/gtsu_lbuf_16bank_macro_model.sv:51$4378'.
  created $adff cell `$procdff$81576' with positive edge clock and negative level reset.
Creating register for signal `$paramod\gtsu_lbuf_16bank_macro_model\BANKS=16\ROWS=1\DATA_W=128\READ_LATENCY=3.$mem2reg_wr$\memory$architecture_simulator/rtl/vertical_slice/gtsu_lbuf_16bank_macro_model.sv:78$4111_DATA' using process `$paramod\gtsu_lbuf_16bank_macro_model\BANKS=16\ROWS=1\DATA_W=128\READ_LATENCY=3.$proc$architecture_simulator/rtl/vertical_slice/gtsu_lbuf_16bank_macro_model.sv:51$4378'.
  created $adff cell `$procdff$81577' with positive edge clock and negative level reset.
Creating register for signal `$paramod\gtsu_lbuf_16bank_macro_model\BANKS=16\ROWS=1\DATA_W=128\READ_LATENCY=3.$mem2reg_wr$\memory$architecture_simulator/rtl/vertical_slice/gtsu_lbuf_16bank_macro_model.sv:78$4078_DATA' using process `$paramod\gtsu_lbuf_16bank_macro_model\BANKS=16\ROWS=1\DATA_W=128\READ_LATENCY=3.$proc$architecture_simulator/rtl/vertical_slice/gtsu_lbuf_16bank_macro_model.sv:51$4378'.
  created $adff cell `$procdff$81578' with positive edge clock and negative level reset.
Creating register for signal `$paramod\gtsu_lbuf_16bank_macro_model\BANKS=16\ROWS=1\DATA_W=128\READ_LATENCY=3.$mem2reg_wr$\memory$architecture_simulator/rtl/vertical_slice/gtsu_lbuf_16bank_macro_model.sv:78$4111_ADDR' using process `$paramod\gtsu_lbuf_16bank_macro_model\BANKS=16\ROWS=1\DATA_W=128\READ_LATENCY=3.$proc$architecture_simulator/rtl/vertical_slice/gtsu_lbuf_16bank_macro_model.sv:51$4378'.
  created $adff cell `$procdff$81579' with positive edge clock and negative level reset.
Creating register for signal `$paramod\gtsu_lbuf_16bank_macro_model\BANKS=16\ROWS=1\DATA_W=128\READ_LATENCY=3.$mem2reg_wr$\memory$architecture_simulator/rtl/vertical_slice/gtsu_lbuf_16bank_macro_model.sv:78$4078_ADDR' using process `$paramod\gtsu_lbuf_16bank_macro_model\BANKS=16\ROWS=1\DATA_W=128\READ_LATENCY=3.$proc$architecture_simulator/rtl/vertical_slice/gtsu_lbuf_16bank_macro_model.sv:51$4378'.
  created $adff cell `$procdff$81580' with positive edge clock and negative level reset.
Creating register for signal `$paramod\gtsu_lbuf_16bank_macro_model\BANKS=16\ROWS=1\DATA_W=128\READ_LATENCY=3.$mem2reg_wr$\memory$architecture_simulator/rtl/vertical_slice/gtsu_lbuf_16bank_macro_model.sv:78$4110_DATA' using process `$paramod\gtsu_lbuf_16bank_macro_model\BANKS=16\ROWS=1\DATA_W=128\READ_LATENCY=3.$proc$architecture_simulator/rtl/vertical_slice/gtsu_lbuf_16bank_macro_model.sv:51$4378'.
  created $adff cell `$procdff$81581' with positive edge clock and negative level reset.
Creating register for signal `$paramod\gtsu_lbuf_16bank_macro_model\BANKS=16\ROWS=1\DATA_W=128\READ_LATENCY=3.$mem2reg_wr$\memory$architecture_simulator/rtl/vertical_slice/gtsu_lbuf_16bank_macro_model.sv:78$4077_DATA' using process `$paramod\gtsu_lbuf_16bank_macro_model\BANKS=16\ROWS=1\DATA_W=128\READ_LATENCY=3.$proc$architecture_simulator/rtl/vertical_slice/gtsu_lbuf_16bank_macro_model.sv:51$4378'.
  created $adff cell `$procdff$81582' with positive edge clock and negative level reset.
Creating register for signal `$paramod\gtsu_lbuf_16bank_macro_model\BANKS=16\ROWS=1\DATA_W=128\READ_LATENCY=3.$mem2reg_wr$\memory$architecture_simulator/rtl/vertical_slice/gtsu_lbuf_16bank_macro_model.sv:78$4110_ADDR' using process `$paramod\gtsu_lbuf_16bank_macro_model\BANKS=16\ROWS=1\DATA_W=128\READ_LATENCY=3.$proc$architecture_simulator/rtl/vertical_slice/gtsu_lbuf_16bank_macro_model.sv:51$4378'.
  created $adff cell `$procdff$81583' with positive edge clock and negative level reset.
Creating register for signal `$paramod\gtsu_lbuf_16bank_macro_model\BANKS=16\ROWS=1\DATA_W=128\READ_LATENCY=3.$mem2reg_wr$\memory$architecture_simulator/rtl/vertical_slice/gtsu_lbuf_16bank_macro_model.sv:78$4077_ADDR' using process `$paramod\gtsu_lbuf_16bank_macro_model\BANKS=16\ROWS=1\DATA_W=128\READ_LATENCY=3.$proc$architecture_simulator/rtl/vertical_slice/gtsu_lbuf_16bank_macro_model.sv:51$4378'.
  created $adff cell `$procdff$81584' with positive edge clock and negative level reset.
Creating register for signal `$paramod\gtsu_lbuf_16bank_macro_model\BANKS=16\ROWS=1\DATA_W=128\READ_LATENCY=3.$mem2reg_wr$\memory$architecture_simulator/rtl/vertical_slice/gtsu_lbuf_16bank_macro_model.sv:78$4109_DATA' using process `$paramod\gtsu_lbuf_16bank_macro_model\BANKS=16\ROWS=1\DATA_W=128\READ_LATENCY=3.$proc$architecture_simulator/rtl/vertical_slice/gtsu_lbuf_16bank_macro_model.sv:51$4378'.
  created $adff cell `$procdff$81585' with positive edge clock and negative level reset.
Creating register for signal `$paramod\gtsu_lbuf_16bank_macro_model\BANKS=16\ROWS=1\DATA_W=128\READ_LATENCY=3.$mem2reg_wr$\memory$architecture_simulator/rtl/vertical_slice/gtsu_lbuf_16bank_macro_model.sv:78$4076_DATA' using process `$paramod\gtsu_lbuf_16bank_macro_model\BANKS=16\ROWS=1\DATA_W=128\READ_LATENCY=3.$proc$architecture_simulator/rtl/vertical_slice/gtsu_lbuf_16bank_macro_model.sv:51$4378'.
  created $adff cell `$procdff$81586' with positive edge clock and negative level reset.
Creating register for signal `$paramod\gtsu_lbuf_16bank_macro_model\BANKS=16\ROWS=1\DATA_W=128\READ_LATENCY=3.$mem2reg_wr$\memory$architecture_simulator/rtl/vertical_slice/gtsu_lbuf_16bank_macro_model.sv:78$4109_ADDR' using process `$paramod\gtsu_lbuf_16bank_macro_model\BANKS=16\ROWS=1\DATA_W=128\READ_LATENCY=3.$proc$architecture_simulator/rtl/vertical_slice/gtsu_lbuf_16bank_macro_model.sv:51$4378'.
  created $adff cell `$procdff$81587' with positive edge clock and negative level reset.
Creating register for signal `$paramod\gtsu_lbuf_16bank_macro_model\BANKS=16\ROWS=1\DATA_W=128\READ_LATENCY=3.$mem2reg_wr$\memory$architecture_simulator/rtl/vertical_slice/gtsu_lbuf_16bank_macro_model.sv:78$4076_ADDR' using process `$paramod\gtsu_lbuf_16bank_macro_model\BANKS=16\ROWS=1\DATA_W=128\READ_LATENCY=3.$proc$architecture_simulator/rtl/vertical_slice/gtsu_lbuf_16bank_macro_model.sv:51$4378'.
  created $adff cell `$procdff$81588' with positive edge clock and negative level reset.
Creating register for signal `$paramod\gtsu_lbuf_16bank_macro_model\BANKS=16\ROWS=1\DATA_W=128\READ_LATENCY=3.$mem2reg_wr$\memory$architecture_simulator/rtl/vertical_slice/gtsu_lbuf_16bank_macro_model.sv:78$4108_DATA' using process `$paramod\gtsu_lbuf_16bank_macro_model\BANKS=16\ROWS=1\DATA_W=128\READ_LATENCY=3.$proc$architecture_simulator/rtl/vertical_slice/gtsu_lbuf_16bank_macro_model.sv:51$4378'.
  created $adff cell `$procdff$81589' with positive edge clock and negative level reset.
Creating register for signal `$paramod\gtsu_lbuf_16bank_macro_model\BANKS=16\ROWS=1\DATA_W=128\READ_LATENCY=3.$mem2reg_wr$\memory$architecture_simulator/rtl/vertical_slice/gtsu_lbuf_16bank_macro_model.sv:78$4075_DATA' using process `$paramod\gtsu_lbuf_16bank_macro_model\BANKS=16\ROWS=1\DATA_W=128\READ_LATENCY=3.$proc$architecture_simulator/rtl/vertical_slice/gtsu_lbuf_16bank_macro_model.sv:51$4378'.
  created $adff cell `$procdff$81590' with positive edge clock and negative level reset.
Creating register for signal `$paramod\gtsu_lbuf_16bank_macro_model\BANKS=16\ROWS=1\DATA_W=128\READ_LATENCY=3.$mem2reg_rd$\memory$architecture_simulator/rtl/vertical_slice/gtsu_lbuf_16bank_macro_model.sv:69$4069_DATA' using process `$paramod\gtsu_lbuf_16bank_macro_model\BANKS=16\ROWS=1\DATA_W=128\READ_LATENCY=3.$proc$architecture_simulator/rtl/vertical_slice/gtsu_lbuf_16bank_macro_model.sv:51$4378'.
  created $adff cell `$procdff$81591' with positive edge clock and negative level reset.
Creating register for signal `$paramod\gtsu_lbuf_16bank_macro_model\BANKS=16\ROWS=1\DATA_W=128\READ_LATENCY=3.$mem2reg_wr$\memory$architecture_simulator/rtl/vertical_slice/gtsu_lbuf_16bank_macro_model.sv:78$4108_ADDR' using process `$paramod\gtsu_lbuf_16bank_macro_model\BANKS=16\ROWS=1\DATA_W=128\READ_LATENCY=3.$proc$architecture_simulator/rtl/vertical_slice/gtsu_lbuf_16bank_macro_model.sv:51$4378'.
  created $adff cell `$procdff$81592' with positive edge clock and negative level reset.
Creating register for signal `$paramod\gtsu_lbuf_16bank_macro_model\BANKS=16\ROWS=1\DATA_W=128\READ_LATENCY=3.$mem2reg_wr$\memory$architecture_simulator/rtl/vertical_slice/gtsu_lbuf_16bank_macro_model.sv:78$4075_ADDR' using process `$paramod\gtsu_lbuf_16bank_macro_model\BANKS=16\ROWS=1\DATA_W=128\READ_LATENCY=3.$proc$architecture_simulator/rtl/vertical_slice/gtsu_lbuf_16bank_macro_model.sv:51$4378'.
  created $adff cell `$procdff$81593' with positive edge clock and negative level reset.
Creating register for signal `$paramod\gtsu_lbuf_16bank_macro_model\BANKS=16\ROWS=1\DATA_W=128\READ_LATENCY=3.$mem2reg_wr$\memory$architecture_simulator/rtl/vertical_slice/gtsu_lbuf_16bank_macro_model.sv:78$4107_DATA' using process `$paramod\gtsu_lbuf_16bank_macro_model\BANKS=16\ROWS=1\DATA_W=128\READ_LATENCY=3.$proc$architecture_simulator/rtl/vertical_slice/gtsu_lbuf_16bank_macro_model.sv:51$4378'.
  created $adff cell `$procdff$81594' with positive edge clock and negative level reset.
Creating register for signal `$paramod\gtsu_lbuf_16bank_macro_model\BANKS=16\ROWS=1\DATA_W=128\READ_LATENCY=3.$mem2reg_wr$\memory$architecture_simulator/rtl/vertical_slice/gtsu_lbuf_16bank_macro_model.sv:78$4074_DATA' using process `$paramod\gtsu_lbuf_16bank_macro_model\BANKS=16\ROWS=1\DATA_W=128\READ_LATENCY=3.$proc$architecture_simulator/rtl/vertical_slice/gtsu_lbuf_16bank_macro_model.sv:51$4378'.
  created $adff cell `$procdff$81595' with positive edge clock and negative level reset.
Creating register for signal `$paramod\gtsu_lbuf_16bank_macro_model\BANKS=16\ROWS=1\DATA_W=128\READ_LATENCY=3.$mem2reg_wr$\memory$architecture_simulator/rtl/vertical_slice/gtsu_lbuf_16bank_macro_model.sv:78$4107_ADDR' using process `$paramod\gtsu_lbuf_16bank_macro_model\BANKS=16\ROWS=1\DATA_W=128\READ_LATENCY=3.$proc$architecture_simulator/rtl/vertical_slice/gtsu_lbuf_16bank_macro_model.sv:51$4378'.
  created $adff cell `$procdff$81596' with positive edge clock and negative level reset.
Creating register for signal `$paramod\gtsu_lbuf_16bank_macro_model\BANKS=16\ROWS=1\DATA_W=128\READ_LATENCY=3.$mem2reg_wr$\memory$architecture_simulator/rtl/vertical_slice/gtsu_lbuf_16bank_macro_model.sv:78$4074_ADDR' using process `$paramod\gtsu_lbuf_16bank_macro_model\BANKS=16\ROWS=1\DATA_W=128\READ_LATENCY=3.$proc$architecture_simulator/rtl/vertical_slice/gtsu_lbuf_16bank_macro_model.sv:51$4378'.
  created $adff cell `$procdff$81597' with positive edge clock and negative level reset.
Creating register for signal `$paramod\gtsu_lbuf_16bank_macro_model\BANKS=16\ROWS=1\DATA_W=128\READ_LATENCY=3.$mem2reg_wr$\memory$architecture_simulator/rtl/vertical_slice/gtsu_lbuf_16bank_macro_model.sv:78$4106_DATA' using process `$paramod\gtsu_lbuf_16bank_macro_model\BANKS=16\ROWS=1\DATA_W=128\READ_LATENCY=3.$proc$architecture_simulator/rtl/vertical_slice/gtsu_lbuf_16bank_macro_model.sv:51$4378'.
  created $adff cell `$procdff$81598' with positive edge clock and negative level reset.
Creating register for signal `$paramod\gtsu_lbuf_16bank_macro_model\BANKS=16\ROWS=1\DATA_W=128\READ_LATENCY=3.$mem2reg_wr$\memory$architecture_simulator/rtl/vertical_slice/gtsu_lbuf_16bank_macro_model.sv:78$4073_DATA' using process `$paramod\gtsu_lbuf_16bank_macro_model\BANKS=16\ROWS=1\DATA_W=128\READ_LATENCY=3.$proc$architecture_simulator/rtl/vertical_slice/gtsu_lbuf_16bank_macro_model.sv:51$4378'.
  created $adff cell `$procdff$81599' with positive edge clock and negative level reset.
Creating register for signal `$paramod\gtsu_lbuf_16bank_macro_model\BANKS=16\ROWS=1\DATA_W=128\READ_LATENCY=3.$mem2reg_wr$\memory$architecture_simulator/rtl/vertical_slice/gtsu_lbuf_16bank_macro_model.sv:78$4106_ADDR' using process `$paramod\gtsu_lbuf_16bank_macro_model\BANKS=16\ROWS=1\DATA_W=128\READ_LATENCY=3.$proc$architecture_simulator/rtl/vertical_slice/gtsu_lbuf_16bank_macro_model.sv:51$4378'.
  created $adff cell `$procdff$81600' with positive edge clock and negative level reset.
Creating register for signal `$paramod\gtsu_lbuf_16bank_macro_model\BANKS=16\ROWS=1\DATA_W=128\READ_LATENCY=3.$mem2reg_wr$\memory$architecture_simulator/rtl/vertical_slice/gtsu_lbuf_16bank_macro_model.sv:78$4073_ADDR' using process `$paramod\gtsu_lbuf_16bank_macro_model\BANKS=16\ROWS=1\DATA_W=128\READ_LATENCY=3.$proc$architecture_simulator/rtl/vertical_slice/gtsu_lbuf_16bank_macro_model.sv:51$4378'.
  created $adff cell `$procdff$81601' with positive edge clock and negative level reset.
Creating register for signal `$paramod\gtsu_lbuf_16bank_macro_model\BANKS=16\ROWS=1\DATA_W=128\READ_LATENCY=3.$mem2reg_wr$\memory$architecture_simulator/rtl/vertical_slice/gtsu_lbuf_16bank_macro_model.sv:78$4105_DATA' using process `$paramod\gtsu_lbuf_16bank_macro_model\BANKS=16\ROWS=1\DATA_W=128\READ_LATENCY=3.$proc$architecture_simulator/rtl/vertical_slice/gtsu_lbuf_16bank_macro_model.sv:51$4378'.
  created $adff cell `$procdff$81602' with positive edge clock and negative level reset.
Creating register for signal `$paramod\gtsu_lbuf_16bank_macro_model\BANKS=16\ROWS=1\DATA_W=128\READ_LATENCY=3.$mem2reg_wr$\memory$architecture_simulator/rtl/vertical_slice/gtsu_lbuf_16bank_macro_model.sv:78$4072_DATA' using process `$paramod\gtsu_lbuf_16bank_macro_model\BANKS=16\ROWS=1\DATA_W=128\READ_LATENCY=3.$proc$architecture_simulator/rtl/vertical_slice/gtsu_lbuf_16bank_macro_model.sv:51$4378'.
  created $adff cell `$procdff$81603' with positive edge clock and negative level reset.
Creating register for signal `$paramod\gtsu_lbuf_16bank_macro_model\BANKS=16\ROWS=1\DATA_W=128\READ_LATENCY=3.$mem2reg_wr$\memory$architecture_simulator/rtl/vertical_slice/gtsu_lbuf_16bank_macro_model.sv:78$4105_ADDR' using process `$paramod\gtsu_lbuf_16bank_macro_model\BANKS=16\ROWS=1\DATA_W=128\READ_LATENCY=3.$proc$architecture_simulator/rtl/vertical_slice/gtsu_lbuf_16bank_macro_model.sv:51$4378'.
  created $adff cell `$procdff$81604' with positive edge clock and negative level reset.
Creating register for signal `$paramod\gtsu_lbuf_16bank_macro_model\BANKS=16\ROWS=1\DATA_W=128\READ_LATENCY=3.$mem2reg_wr$\memory$architecture_simulator/rtl/vertical_slice/gtsu_lbuf_16bank_macro_model.sv:78$4072_ADDR' using process `$paramod\gtsu_lbuf_16bank_macro_model\BANKS=16\ROWS=1\DATA_W=128\READ_LATENCY=3.$proc$architecture_simulator/rtl/vertical_slice/gtsu_lbuf_16bank_macro_model.sv:51$4378'.
  created $adff cell `$procdff$81605' with positive edge clock and negative level reset.
Creating register for signal `$paramod\gtsu_lbuf_16bank_macro_model\BANKS=16\ROWS=1\DATA_W=128\READ_LATENCY=3.$mem2reg_wr$\memory$architecture_simulator/rtl/vertical_slice/gtsu_lbuf_16bank_macro_model.sv:78$4104_DATA' using process `$paramod\gtsu_lbuf_16bank_macro_model\BANKS=16\ROWS=1\DATA_W=128\READ_LATENCY=3.$proc$architecture_simulator/rtl/vertical_slice/gtsu_lbuf_16bank_macro_model.sv:51$4378'.
  created $adff cell `$procdff$81606' with positive edge clock and negative level reset.
Creating register for signal `$paramod\gtsu_lbuf_16bank_macro_model\BANKS=16\ROWS=1\DATA_W=128\READ_LATENCY=3.$mem2reg_rd$\memory$architecture_simulator/rtl/vertical_slice/gtsu_lbuf_16bank_macro_model.sv:69$4071_DATA' using process `$paramod\gtsu_lbuf_16bank_macro_model\BANKS=16\ROWS=1\DATA_W=128\READ_LATENCY=3.$proc$architecture_simulator/rtl/vertical_slice/gtsu_lbuf_16bank_macro_model.sv:51$4378'.
  created $adff cell `$procdff$81607' with positive edge clock and negative level reset.
Creating register for signal `$paramod\gtsu_lbuf_16bank_macro_model\BANKS=16\ROWS=1\DATA_W=128\READ_LATENCY=3.$mem2reg_wr$\memory$architecture_simulator/rtl/vertical_slice/gtsu_lbuf_16bank_macro_model.sv:78$4104_ADDR' using process `$paramod\gtsu_lbuf_16bank_macro_model\BANKS=16\ROWS=1\DATA_W=128\READ_LATENCY=3.$proc$architecture_simulator/rtl/vertical_slice/gtsu_lbuf_16bank_macro_model.sv:51$4378'.
  created $adff cell `$procdff$81608' with positive edge clock and negative level reset.
Creating register for signal `$paramod\gtsu_lbuf_16bank_macro_model\BANKS=16\ROWS=1\DATA_W=128\READ_LATENCY=3.$mem2reg_rd$\memory$architecture_simulator/rtl/vertical_slice/gtsu_lbuf_16bank_macro_model.sv:69$4071_ADDR' using process `$paramod\gtsu_lbuf_16bank_macro_model\BANKS=16\ROWS=1\DATA_W=128\READ_LATENCY=3.$proc$architecture_simulator/rtl/vertical_slice/gtsu_lbuf_16bank_macro_model.sv:51$4378'.
  created $adff cell `$procdff$81609' with positive edge clock and negative level reset.
Creating register for signal `$paramod\gtsu_lbuf_16bank_macro_model\BANKS=16\ROWS=1\DATA_W=128\READ_LATENCY=3.$mem2reg_wr$\memory$architecture_simulator/rtl/vertical_slice/gtsu_lbuf_16bank_macro_model.sv:78$4103_DATA' using process `$paramod\gtsu_lbuf_16bank_macro_model\BANKS=16\ROWS=1\DATA_W=128\READ_LATENCY=3.$proc$architecture_simulator/rtl/vertical_slice/gtsu_lbuf_16bank_macro_model.sv:51$4378'.
  created $adff cell `$procdff$81610' with positive edge clock and negative level reset.
Creating register for signal `$paramod\gtsu_lbuf_16bank_macro_model\BANKS=16\ROWS=1\DATA_W=128\READ_LATENCY=3.$mem2reg_rd$\memory$architecture_simulator/rtl/vertical_slice/gtsu_lbuf_16bank_macro_model.sv:69$4070_DATA' using process `$paramod\gtsu_lbuf_16bank_macro_model\BANKS=16\ROWS=1\DATA_W=128\READ_LATENCY=3.$proc$architecture_simulator/rtl/vertical_slice/gtsu_lbuf_16bank_macro_model.sv:51$4378'.
  created $adff cell `$procdff$81611' with positive edge clock and negative level reset.
Creating register for signal `$paramod\gtsu_lbuf_16bank_macro_model\BANKS=16\ROWS=1\DATA_W=128\READ_LATENCY=3.$mem2reg_wr$\memory$architecture_simulator/rtl/vertical_slice/gtsu_lbuf_16bank_macro_model.sv:78$4103_ADDR' using process `$paramod\gtsu_lbuf_16bank_macro_model\BANKS=16\ROWS=1\DATA_W=128\READ_LATENCY=3.$proc$architecture_simulator/rtl/vertical_slice/gtsu_lbuf_16bank_macro_model.sv:51$4378'.
  created $adff cell `$procdff$81612' with positive edge clock and negative level reset.
Creating register for signal `$paramod\gtsu_lbuf_16bank_macro_model\BANKS=16\ROWS=1\DATA_W=128\READ_LATENCY=3.$mem2reg_rd$\memory$architecture_simulator/rtl/vertical_slice/gtsu_lbuf_16bank_macro_model.sv:69$4070_ADDR' using process `$paramod\gtsu_lbuf_16bank_macro_model\BANKS=16\ROWS=1\DATA_W=128\READ_LATENCY=3.$proc$architecture_simulator/rtl/vertical_slice/gtsu_lbuf_16bank_macro_model.sv:51$4378'.
  created $adff cell `$procdff$81613' with positive edge clock and negative level reset.
Creating register for signal `$paramod\gtsu_lbuf_16bank_macro_model\BANKS=16\ROWS=1\DATA_W=128\READ_LATENCY=3.$mem2reg_wr$\memory$architecture_simulator/rtl/vertical_slice/gtsu_lbuf_16bank_macro_model.sv:78$4102_DATA' using process `$paramod\gtsu_lbuf_16bank_macro_model\BANKS=16\ROWS=1\DATA_W=128\READ_LATENCY=3.$proc$architecture_simulator/rtl/vertical_slice/gtsu_lbuf_16bank_macro_model.sv:51$4378'.
  created $adff cell `$procdff$81614' with positive edge clock and negative level reset.
Creating register for signal `$paramod\gtsu_lbuf_16bank_macro_model\BANKS=16\ROWS=1\DATA_W=128\READ_LATENCY=3.$mem2reg_wr$\memory$architecture_simulator/rtl/vertical_slice/gtsu_lbuf_16bank_macro_model.sv:78$4102_ADDR' using process `$paramod\gtsu_lbuf_16bank_macro_model\BANKS=16\ROWS=1\DATA_W=128\READ_LATENCY=3.$proc$architecture_simulator/rtl/vertical_slice/gtsu_lbuf_16bank_macro_model.sv:51$4378'.
  created $adff cell `$procdff$81615' with positive edge clock and negative level reset.
Creating register for signal `$paramod\gtsu_lbuf_16bank_macro_model\BANKS=16\ROWS=1\DATA_W=128\READ_LATENCY=3.$mem2reg_rd$\memory$architecture_simulator/rtl/vertical_slice/gtsu_lbuf_16bank_macro_model.sv:69$4069_ADDR' using process `$paramod\gtsu_lbuf_16bank_macro_model\BANKS=16\ROWS=1\DATA_W=128\READ_LATENCY=3.$proc$architecture_simulator/rtl/vertical_slice/gtsu_lbuf_16bank_macro_model.sv:51$4378'.
  created $adff cell `$procdff$81616' with positive edge clock and negative level reset.
Creating register for signal `$paramod\gtsu_lbuf_16bank_macro_model\BANKS=16\ROWS=1\DATA_W=128\READ_LATENCY=3.$mem2reg_wr$\memory$architecture_simulator/rtl/vertical_slice/gtsu_lbuf_16bank_macro_model.sv:78$4101_DATA' using process `$paramod\gtsu_lbuf_16bank_macro_model\BANKS=16\ROWS=1\DATA_W=128\READ_LATENCY=3.$proc$architecture_simulator/rtl/vertical_slice/gtsu_lbuf_16bank_macro_model.sv:51$4378'.
  created $adff cell `$procdff$81617' with positive edge clock and negative level reset.
Creating register for signal `$paramod\gtsu_lbuf_16bank_macro_model\BANKS=16\ROWS=1\DATA_W=128\READ_LATENCY=3.$mem2reg_rd$\memory$architecture_simulator/rtl/vertical_slice/gtsu_lbuf_16bank_macro_model.sv:69$4068_DATA' using process `$paramod\gtsu_lbuf_16bank_macro_model\BANKS=16\ROWS=1\DATA_W=128\READ_LATENCY=3.$proc$architecture_simulator/rtl/vertical_slice/gtsu_lbuf_16bank_macro_model.sv:51$4378'.
  created $adff cell `$procdff$81618' with positive edge clock and negative level reset.
Creating register for signal `$paramod\gtsu_lbuf_16bank_macro_model\BANKS=16\ROWS=1\DATA_W=128\READ_LATENCY=3.$mem2reg_wr$\memory$architecture_simulator/rtl/vertical_slice/gtsu_lbuf_16bank_macro_model.sv:78$4101_ADDR' using process `$paramod\gtsu_lbuf_16bank_macro_model\BANKS=16\ROWS=1\DATA_W=128\READ_LATENCY=3.$proc$architecture_simulator/rtl/vertical_slice/gtsu_lbuf_16bank_macro_model.sv:51$4378'.
  created $adff cell `$procdff$81619' with positive edge clock and negative level reset.
Creating register for signal `$paramod\gtsu_lbuf_16bank_macro_model\BANKS=16\ROWS=1\DATA_W=128\READ_LATENCY=3.$mem2reg_rd$\memory$architecture_simulator/rtl/vertical_slice/gtsu_lbuf_16bank_macro_model.sv:69$4068_ADDR' using process `$paramod\gtsu_lbuf_16bank_macro_model\BANKS=16\ROWS=1\DATA_W=128\READ_LATENCY=3.$proc$architecture_simulator/rtl/vertical_slice/gtsu_lbuf_16bank_macro_model.sv:51$4378'.
  created $adff cell `$procdff$81620' with positive edge clock and negative level reset.
Creating register for signal `$paramod\gtsu_lbuf_16bank_macro_model\BANKS=16\ROWS=1\DATA_W=128\READ_LATENCY=3.$mem2reg_wr$\memory$architecture_simulator/rtl/vertical_slice/gtsu_lbuf_16bank_macro_model.sv:78$4100_DATA' using process `$paramod\gtsu_lbuf_16bank_macro_model\BANKS=16\ROWS=1\DATA_W=128\READ_LATENCY=3.$proc$architecture_simulator/rtl/vertical_slice/gtsu_lbuf_16bank_macro_model.sv:51$4378'.
  created $adff cell `$procdff$81621' with positive edge clock and negative level reset.
Creating register for signal `$paramod\gtsu_lbuf_16bank_macro_model\BANKS=16\ROWS=1\DATA_W=128\READ_LATENCY=3.$mem2reg_rd$\memory$architecture_simulator/rtl/vertical_slice/gtsu_lbuf_16bank_macro_model.sv:69$4067_DATA' using process `$paramod\gtsu_lbuf_16bank_macro_model\BANKS=16\ROWS=1\DATA_W=128\READ_LATENCY=3.$proc$architecture_simulator/rtl/vertical_slice/gtsu_lbuf_16bank_macro_model.sv:51$4378'.
  created $adff cell `$procdff$81622' with positive edge clock and negative level reset.
Creating register for signal `$paramod\gtsu_lbuf_16bank_macro_model\BANKS=16\ROWS=1\DATA_W=128\READ_LATENCY=3.$mem2reg_wr$\memory$architecture_simulator/rtl/vertical_slice/gtsu_lbuf_16bank_macro_model.sv:78$4100_ADDR' using process `$paramod\gtsu_lbuf_16bank_macro_model\BANKS=16\ROWS=1\DATA_W=128\READ_LATENCY=3.$proc$architecture_simulator/rtl/vertical_slice/gtsu_lbuf_16bank_macro_model.sv:51$4378'.
  created $adff cell `$procdff$81623' with positive edge clock and negative level reset.
Creating register for signal `$paramod\gtsu_lbuf_16bank_macro_model\BANKS=16\ROWS=1\DATA_W=128\READ_LATENCY=3.$mem2reg_rd$\memory$architecture_simulator/rtl/vertical_slice/gtsu_lbuf_16bank_macro_model.sv:69$4067_ADDR' using process `$paramod\gtsu_lbuf_16bank_macro_model\BANKS=16\ROWS=1\DATA_W=128\READ_LATENCY=3.$proc$architecture_simulator/rtl/vertical_slice/gtsu_lbuf_16bank_macro_model.sv:51$4378'.
  created $adff cell `$procdff$81624' with positive edge clock and negative level reset.
Creating register for signal `$paramod\gtsu_lbuf_16bank_macro_model\BANKS=16\ROWS=1\DATA_W=128\READ_LATENCY=3.$mem2reg_wr$\memory$architecture_simulator/rtl/vertical_slice/gtsu_lbuf_16bank_macro_model.sv:78$4099_DATA' using process `$paramod\gtsu_lbuf_16bank_macro_model\BANKS=16\ROWS=1\DATA_W=128\READ_LATENCY=3.$proc$architecture_simulator/rtl/vertical_slice/gtsu_lbuf_16bank_macro_model.sv:51$4378'.
  created $adff cell `$procdff$81625' with positive edge clock and negative level reset.
Creating register for signal `$paramod\gtsu_lbuf_16bank_macro_model\BANKS=16\ROWS=1\DATA_W=128\READ_LATENCY=3.$mem2reg_rd$\memory$architecture_simulator/rtl/vertical_slice/gtsu_lbuf_16bank_macro_model.sv:69$4066_DATA' using process `$paramod\gtsu_lbuf_16bank_macro_model\BANKS=16\ROWS=1\DATA_W=128\READ_LATENCY=3.$proc$architecture_simulator/rtl/vertical_slice/gtsu_lbuf_16bank_macro_model.sv:51$4378'.
  created $adff cell `$procdff$81626' with positive edge clock and negative level reset.
Creating register for signal `$paramod\gtsu_lbuf_16bank_macro_model\BANKS=16\ROWS=1\DATA_W=128\READ_LATENCY=3.$mem2reg_wr$\memory$architecture_simulator/rtl/vertical_slice/gtsu_lbuf_16bank_macro_model.sv:78$4099_ADDR' using process `$paramod\gtsu_lbuf_16bank_macro_model\BANKS=16\ROWS=1\DATA_W=128\READ_LATENCY=3.$proc$architecture_simulator/rtl/vertical_slice/gtsu_lbuf_16bank_macro_model.sv:51$4378'.
  created $adff cell `$procdff$81627' with positive edge clock and negative level reset.
Creating register for signal `$paramod\gtsu_lbuf_16bank_macro_model\BANKS=16\ROWS=1\DATA_W=128\READ_LATENCY=3.$mem2reg_rd$\memory$architecture_simulator/rtl/vertical_slice/gtsu_lbuf_16bank_macro_model.sv:69$4066_ADDR' using process `$paramod\gtsu_lbuf_16bank_macro_model\BANKS=16\ROWS=1\DATA_W=128\READ_LATENCY=3.$proc$architecture_simulator/rtl/vertical_slice/gtsu_lbuf_16bank_macro_model.sv:51$4378'.
  created $adff cell `$procdff$81628' with positive edge clock and negative level reset.
Creating register for signal `$paramod\gtsu_lbuf_16bank_macro_model\BANKS=16\ROWS=1\DATA_W=128\READ_LATENCY=3.$mem2reg_wr$\memory$architecture_simulator/rtl/vertical_slice/gtsu_lbuf_16bank_macro_model.sv:78$4098_DATA' using process `$paramod\gtsu_lbuf_16bank_macro_model\BANKS=16\ROWS=1\DATA_W=128\READ_LATENCY=3.$proc$architecture_simulator/rtl/vertical_slice/gtsu_lbuf_16bank_macro_model.sv:51$4378'.
  created $adff cell `$procdff$81629' with positive edge clock and negative level reset.
Creating register for signal `$paramod\gtsu_lbuf_16bank_macro_model\BANKS=16\ROWS=1\DATA_W=128\READ_LATENCY=3.$mem2reg_rd$\memory$architecture_simulator/rtl/vertical_slice/gtsu_lbuf_16bank_macro_model.sv:69$4065_DATA' using process `$paramod\gtsu_lbuf_16bank_macro_model\BANKS=16\ROWS=1\DATA_W=128\READ_LATENCY=3.$proc$architecture_simulator/rtl/vertical_slice/gtsu_lbuf_16bank_macro_model.sv:51$4378'.
  created $adff cell `$procdff$81630' with positive edge clock and negative level reset.
Creating register for signal `$paramod\gtsu_lbuf_16bank_macro_model\BANKS=16\ROWS=1\DATA_W=128\READ_LATENCY=3.$mem2reg_wr$\memory$architecture_simulator/rtl/vertical_slice/gtsu_lbuf_16bank_macro_model.sv:78$4098_ADDR' using process `$paramod\gtsu_lbuf_16bank_macro_model\BANKS=16\ROWS=1\DATA_W=128\READ_LATENCY=3.$proc$architecture_simulator/rtl/vertical_slice/gtsu_lbuf_16bank_macro_model.sv:51$4378'.
  created $adff cell `$procdff$81631' with positive edge clock and negative level reset.
Creating register for signal `$paramod\gtsu_lbuf_16bank_macro_model\BANKS=16\ROWS=1\DATA_W=128\READ_LATENCY=3.$mem2reg_rd$\memory$architecture_simulator/rtl/vertical_slice/gtsu_lbuf_16bank_macro_model.sv:69$4065_ADDR' using process `$paramod\gtsu_lbuf_16bank_macro_model\BANKS=16\ROWS=1\DATA_W=128\READ_LATENCY=3.$proc$architecture_simulator/rtl/vertical_slice/gtsu_lbuf_16bank_macro_model.sv:51$4378'.
  created $adff cell `$procdff$81632' with positive edge clock and negative level reset.
Creating register for signal `$paramod\gtsu_lbuf_16bank_macro_model\BANKS=16\ROWS=1\DATA_W=128\READ_LATENCY=3.$mem2reg_wr$\memory$architecture_simulator/rtl/vertical_slice/gtsu_lbuf_16bank_macro_model.sv:78$4097_DATA' using process `$paramod\gtsu_lbuf_16bank_macro_model\BANKS=16\ROWS=1\DATA_W=128\READ_LATENCY=3.$proc$architecture_simulator/rtl/vertical_slice/gtsu_lbuf_16bank_macro_model.sv:51$4378'.
  created $adff cell `$procdff$81633' with positive edge clock and negative level reset.
Creating register for signal `$paramod\gtsu_lbuf_16bank_macro_model\BANKS=16\ROWS=1\DATA_W=128\READ_LATENCY=3.$mem2reg_rd$\memory$architecture_simulator/rtl/vertical_slice/gtsu_lbuf_16bank_macro_model.sv:69$4064_DATA' using process `$paramod\gtsu_lbuf_16bank_macro_model\BANKS=16\ROWS=1\DATA_W=128\READ_LATENCY=3.$proc$architecture_simulator/rtl/vertical_slice/gtsu_lbuf_16bank_macro_model.sv:51$4378'.
  created $adff cell `$procdff$81634' with positive edge clock and negative level reset.
Creating register for signal `$paramod\gtsu_lbuf_16bank_macro_model\BANKS=16\ROWS=1\DATA_W=128\READ_LATENCY=3.$mem2reg_wr$\memory$architecture_simulator/rtl/vertical_slice/gtsu_lbuf_16bank_macro_model.sv:78$4097_ADDR' using process `$paramod\gtsu_lbuf_16bank_macro_model\BANKS=16\ROWS=1\DATA_W=128\READ_LATENCY=3.$proc$architecture_simulator/rtl/vertical_slice/gtsu_lbuf_16bank_macro_model.sv:51$4378'.
  created $adff cell `$procdff$81635' with positive edge clock and negative level reset.
Creating register for signal `$paramod\gtsu_lbuf_16bank_macro_model\BANKS=16\ROWS=1\DATA_W=128\READ_LATENCY=3.$mem2reg_rd$\memory$architecture_simulator/rtl/vertical_slice/gtsu_lbuf_16bank_macro_model.sv:69$4064_ADDR' using process `$paramod\gtsu_lbuf_16bank_macro_model\BANKS=16\ROWS=1\DATA_W=128\READ_LATENCY=3.$proc$architecture_simulator/rtl/vertical_slice/gtsu_lbuf_16bank_macro_model.sv:51$4378'.
  created $adff cell `$procdff$81636' with positive edge clock and negative level reset.
Creating register for signal `$paramod\gtsu_lbuf_16bank_macro_model\BANKS=16\ROWS=1\DATA_W=128\READ_LATENCY=3.$mem2reg_wr$\memory$architecture_simulator/rtl/vertical_slice/gtsu_lbuf_16bank_macro_model.sv:78$4096_DATA' using process `$paramod\gtsu_lbuf_16bank_macro_model\BANKS=16\ROWS=1\DATA_W=128\READ_LATENCY=3.$proc$architecture_simulator/rtl/vertical_slice/gtsu_lbuf_16bank_macro_model.sv:51$4378'.
  created $adff cell `$procdff$81637' with positive edge clock and negative level reset.
Creating register for signal `$paramod\gtsu_lbuf_16bank_macro_model\BANKS=16\ROWS=1\DATA_W=128\READ_LATENCY=3.$mem2reg_rd$\memory$architecture_simulator/rtl/vertical_slice/gtsu_lbuf_16bank_macro_model.sv:69$4063_DATA' using process `$paramod\gtsu_lbuf_16bank_macro_model\BANKS=16\ROWS=1\DATA_W=128\READ_LATENCY=3.$proc$architecture_simulator/rtl/vertical_slice/gtsu_lbuf_16bank_macro_model.sv:51$4378'.
  created $adff cell `$procdff$81638' with positive edge clock and negative level reset.
Creating register for signal `$paramod\gtsu_lbuf_16bank_macro_model\BANKS=16\ROWS=1\DATA_W=128\READ_LATENCY=3.$mem2reg_wr$\memory$architecture_simulator/rtl/vertical_slice/gtsu_lbuf_16bank_macro_model.sv:78$4096_ADDR' using process `$paramod\gtsu_lbuf_16bank_macro_model\BANKS=16\ROWS=1\DATA_W=128\READ_LATENCY=3.$proc$architecture_simulator/rtl/vertical_slice/gtsu_lbuf_16bank_macro_model.sv:51$4378'.
  created $adff cell `$procdff$81639' with positive edge clock and negative level reset.
Creating register for signal `$paramod\gtsu_lbuf_16bank_macro_model\BANKS=16\ROWS=1\DATA_W=128\READ_LATENCY=3.$mem2reg_rd$\memory$architecture_simulator/rtl/vertical_slice/gtsu_lbuf_16bank_macro_model.sv:69$4063_ADDR' using process `$paramod\gtsu_lbuf_16bank_macro_model\BANKS=16\ROWS=1\DATA_W=128\READ_LATENCY=3.$proc$architecture_simulator/rtl/vertical_slice/gtsu_lbuf_16bank_macro_model.sv:51$4378'.
  created $adff cell `$procdff$81640' with positive edge clock and negative level reset.
Creating register for signal `$paramod\gtsu_lbuf_16bank_macro_model\BANKS=16\ROWS=1\DATA_W=128\READ_LATENCY=3.$mem2reg_wr$\memory$architecture_simulator/rtl/vertical_slice/gtsu_lbuf_16bank_macro_model.sv:78$4095_DATA' using process `$paramod\gtsu_lbuf_16bank_macro_model\BANKS=16\ROWS=1\DATA_W=128\READ_LATENCY=3.$proc$architecture_simulator/rtl/vertical_slice/gtsu_lbuf_16bank_macro_model.sv:51$4378'.
  created $adff cell `$procdff$81641' with positive edge clock and negative level reset.
Creating register for signal `$paramod\gtsu_lbuf_16bank_macro_model\BANKS=16\ROWS=1\DATA_W=128\READ_LATENCY=3.$mem2reg_rd$\memory$architecture_simulator/rtl/vertical_slice/gtsu_lbuf_16bank_macro_model.sv:69$4062_DATA' using process `$paramod\gtsu_lbuf_16bank_macro_model\BANKS=16\ROWS=1\DATA_W=128\READ_LATENCY=3.$proc$architecture_simulator/rtl/vertical_slice/gtsu_lbuf_16bank_macro_model.sv:51$4378'.
  created $adff cell `$procdff$81642' with positive edge clock and negative level reset.
Creating register for signal `$paramod\gtsu_lbuf_16bank_macro_model\BANKS=16\ROWS=1\DATA_W=128\READ_LATENCY=3.$mem2reg_wr$\memory$architecture_simulator/rtl/vertical_slice/gtsu_lbuf_16bank_macro_model.sv:78$4095_ADDR' using process `$paramod\gtsu_lbuf_16bank_macro_model\BANKS=16\ROWS=1\DATA_W=128\READ_LATENCY=3.$proc$architecture_simulator/rtl/vertical_slice/gtsu_lbuf_16bank_macro_model.sv:51$4378'.
  created $adff cell `$procdff$81643' with positive edge clock and negative level reset.
Creating register for signal `$paramod\gtsu_lbuf_16bank_macro_model\BANKS=16\ROWS=1\DATA_W=128\READ_LATENCY=3.$mem2reg_rd$\memory$architecture_simulator/rtl/vertical_slice/gtsu_lbuf_16bank_macro_model.sv:69$4062_ADDR' using process `$paramod\gtsu_lbuf_16bank_macro_model\BANKS=16\ROWS=1\DATA_W=128\READ_LATENCY=3.$proc$architecture_simulator/rtl/vertical_slice/gtsu_lbuf_16bank_macro_model.sv:51$4378'.
  created $adff cell `$procdff$81644' with positive edge clock and negative level reset.
Creating register for signal `$paramod\gtsu_lbuf_16bank_macro_model\BANKS=16\ROWS=1\DATA_W=128\READ_LATENCY=3.$mem2reg_wr$\memory$architecture_simulator/rtl/vertical_slice/gtsu_lbuf_16bank_macro_model.sv:78$4094_DATA' using process `$paramod\gtsu_lbuf_16bank_macro_model\BANKS=16\ROWS=1\DATA_W=128\READ_LATENCY=3.$proc$architecture_simulator/rtl/vertical_slice/gtsu_lbuf_16bank_macro_model.sv:51$4378'.
  created $adff cell `$procdff$81645' with positive edge clock and negative level reset.
Creating register for signal `$paramod\gtsu_lbuf_16bank_macro_model\BANKS=16\ROWS=1\DATA_W=128\READ_LATENCY=3.$mem2reg_rd$\memory$architecture_simulator/rtl/vertical_slice/gtsu_lbuf_16bank_macro_model.sv:69$4061_DATA' using process `$paramod\gtsu_lbuf_16bank_macro_model\BANKS=16\ROWS=1\DATA_W=128\READ_LATENCY=3.$proc$architecture_simulator/rtl/vertical_slice/gtsu_lbuf_16bank_macro_model.sv:51$4378'.
  created $adff cell `$procdff$81646' with positive edge clock and negative level reset.
Creating register for signal `$paramod\gtsu_lbuf_16bank_macro_model\BANKS=16\ROWS=1\DATA_W=128\READ_LATENCY=3.$mem2reg_wr$\memory$architecture_simulator/rtl/vertical_slice/gtsu_lbuf_16bank_macro_model.sv:78$4094_ADDR' using process `$paramod\gtsu_lbuf_16bank_macro_model\BANKS=16\ROWS=1\DATA_W=128\READ_LATENCY=3.$proc$architecture_simulator/rtl/vertical_slice/gtsu_lbuf_16bank_macro_model.sv:51$4378'.
  created $adff cell `$procdff$81647' with positive edge clock and negative level reset.
Creating register for signal `$paramod\gtsu_lbuf_16bank_macro_model\BANKS=16\ROWS=1\DATA_W=128\READ_LATENCY=3.$mem2reg_rd$\memory$architecture_simulator/rtl/vertical_slice/gtsu_lbuf_16bank_macro_model.sv:69$4061_ADDR' using process `$paramod\gtsu_lbuf_16bank_macro_model\BANKS=16\ROWS=1\DATA_W=128\READ_LATENCY=3.$proc$architecture_simulator/rtl/vertical_slice/gtsu_lbuf_16bank_macro_model.sv:51$4378'.
  created $adff cell `$procdff$81648' with positive edge clock and negative level reset.
Creating register for signal `$paramod\gtsu_lbuf_16bank_macro_model\BANKS=16\ROWS=1\DATA_W=128\READ_LATENCY=3.$mem2reg_wr$\memory$architecture_simulator/rtl/vertical_slice/gtsu_lbuf_16bank_macro_model.sv:78$4093_DATA' using process `$paramod\gtsu_lbuf_16bank_macro_model\BANKS=16\ROWS=1\DATA_W=128\READ_LATENCY=3.$proc$architecture_simulator/rtl/vertical_slice/gtsu_lbuf_16bank_macro_model.sv:51$4378'.
  created $adff cell `$procdff$81649' with positive edge clock and negative level reset.
Creating register for signal `$paramod\gtsu_lbuf_16bank_macro_model\BANKS=16\ROWS=1\DATA_W=128\READ_LATENCY=3.$mem2reg_rd$\memory$architecture_simulator/rtl/vertical_slice/gtsu_lbuf_16bank_macro_model.sv:69$4060_DATA' using process `$paramod\gtsu_lbuf_16bank_macro_model\BANKS=16\ROWS=1\DATA_W=128\READ_LATENCY=3.$proc$architecture_simulator/rtl/vertical_slice/gtsu_lbuf_16bank_macro_model.sv:51$4378'.
  created $adff cell `$procdff$81650' with positive edge clock and negative level reset.
Creating register for signal `$paramod\gtsu_lbuf_16bank_macro_model\BANKS=16\ROWS=1\DATA_W=128\READ_LATENCY=3.$mem2reg_wr$\memory$architecture_simulator/rtl/vertical_slice/gtsu_lbuf_16bank_macro_model.sv:78$4093_ADDR' using process `$paramod\gtsu_lbuf_16bank_macro_model\BANKS=16\ROWS=1\DATA_W=128\READ_LATENCY=3.$proc$architecture_simulator/rtl/vertical_slice/gtsu_lbuf_16bank_macro_model.sv:51$4378'.
  created $adff cell `$procdff$81651' with positive edge clock and negative level reset.
Creating register for signal `$paramod\gtsu_lbuf_16bank_macro_model\BANKS=16\ROWS=1\DATA_W=128\READ_LATENCY=3.$mem2reg_rd$\memory$architecture_simulator/rtl/vertical_slice/gtsu_lbuf_16bank_macro_model.sv:69$4057_ADDR' using process `$paramod\gtsu_lbuf_16bank_macro_model\BANKS=16\ROWS=1\DATA_W=128\READ_LATENCY=3.$proc$architecture_simulator/rtl/vertical_slice/gtsu_lbuf_16bank_macro_model.sv:51$4378'.
  created $adff cell `$procdff$81652' with positive edge clock and negative level reset.
Creating register for signal `$paramod\gtsu_lbuf_16bank_macro_model\BANKS=16\ROWS=1\DATA_W=128\READ_LATENCY=3.$mem2reg_wr$\memory$architecture_simulator/rtl/vertical_slice/gtsu_lbuf_16bank_macro_model.sv:78$4092_DATA' using process `$paramod\gtsu_lbuf_16bank_macro_model\BANKS=16\ROWS=1\DATA_W=128\READ_LATENCY=3.$proc$architecture_simulator/rtl/vertical_slice/gtsu_lbuf_16bank_macro_model.sv:51$4378'.
  created $adff cell `$procdff$81653' with positive edge clock and negative level reset.
Creating register for signal `$paramod\gtsu_lbuf_16bank_macro_model\BANKS=16\ROWS=1\DATA_W=128\READ_LATENCY=3.$mem2reg_wr$\memory$architecture_simulator/rtl/vertical_slice/gtsu_lbuf_16bank_macro_model.sv:78$4092_ADDR' using process `$paramod\gtsu_lbuf_16bank_macro_model\BANKS=16\ROWS=1\DATA_W=128\READ_LATENCY=3.$proc$architecture_simulator/rtl/vertical_slice/gtsu_lbuf_16bank_macro_model.sv:51$4378'.
  created $adff cell `$procdff$81654' with positive edge clock and negative level reset.
Creating register for signal `$paramod\gtsu_lbuf_16bank_macro_model\BANKS=16\ROWS=1\DATA_W=128\READ_LATENCY=3.$mem2reg_rd$\memory$architecture_simulator/rtl/vertical_slice/gtsu_lbuf_16bank_macro_model.sv:69$4056_ADDR' using process `$paramod\gtsu_lbuf_16bank_macro_model\BANKS=16\ROWS=1\DATA_W=128\READ_LATENCY=3.$proc$architecture_simulator/rtl/vertical_slice/gtsu_lbuf_16bank_macro_model.sv:51$4378'.
  created $adff cell `$procdff$81655' with positive edge clock and negative level reset.
Creating register for signal `$paramod\gtsu_lbuf_16bank_macro_model\BANKS=16\ROWS=1\DATA_W=128\READ_LATENCY=3.$mem2reg_wr$\memory$architecture_simulator/rtl/vertical_slice/gtsu_lbuf_16bank_macro_model.sv:78$4091_DATA' using process `$paramod\gtsu_lbuf_16bank_macro_model\BANKS=16\ROWS=1\DATA_W=128\READ_LATENCY=3.$proc$architecture_simulator/rtl/vertical_slice/gtsu_lbuf_16bank_macro_model.sv:51$4378'.
  created $adff cell `$procdff$81656' with positive edge clock and negative level reset.
Creating register for signal `$paramod\gtsu_lbuf_16bank_macro_model\BANKS=16\ROWS=1\DATA_W=128\READ_LATENCY=3.$mem2reg_rd$\memory$architecture_simulator/rtl/vertical_slice/gtsu_lbuf_16bank_macro_model.sv:69$4060_ADDR' using process `$paramod\gtsu_lbuf_16bank_macro_model\BANKS=16\ROWS=1\DATA_W=128\READ_LATENCY=3.$proc$architecture_simulator/rtl/vertical_slice/gtsu_lbuf_16bank_macro_model.sv:51$4378'.
  created $adff cell `$procdff$81657' with positive edge clock and negative level reset.
Creating register for signal `$paramod\gtsu_lbuf_16bank_macro_model\BANKS=16\ROWS=1\DATA_W=128\READ_LATENCY=3.$mem2reg_wr$\memory$architecture_simulator/rtl/vertical_slice/gtsu_lbuf_16bank_macro_model.sv:78$4091_ADDR' using process `$paramod\gtsu_lbuf_16bank_macro_model\BANKS=16\ROWS=1\DATA_W=128\READ_LATENCY=3.$proc$architecture_simulator/rtl/vertical_slice/gtsu_lbuf_16bank_macro_model.sv:51$4378'.
  created $adff cell `$procdff$81658' with positive edge clock and negative level reset.
Creating register for signal `$paramod\gtsu_lbuf_16bank_macro_model\BANKS=16\ROWS=1\DATA_W=128\READ_LATENCY=3.$mem2reg_rd$\memory$architecture_simulator/rtl/vertical_slice/gtsu_lbuf_16bank_macro_model.sv:69$4059_DATA' using process `$paramod\gtsu_lbuf_16bank_macro_model\BANKS=16\ROWS=1\DATA_W=128\READ_LATENCY=3.$proc$architecture_simulator/rtl/vertical_slice/gtsu_lbuf_16bank_macro_model.sv:51$4378'.
  created $adff cell `$procdff$81659' with positive edge clock and negative level reset.
Creating register for signal `$paramod\gtsu_lbuf_16bank_macro_model\BANKS=16\ROWS=1\DATA_W=128\READ_LATENCY=3.$mem2reg_wr$\memory$architecture_simulator/rtl/vertical_slice/gtsu_lbuf_16bank_macro_model.sv:78$4090_DATA' using process `$paramod\gtsu_lbuf_16bank_macro_model\BANKS=16\ROWS=1\DATA_W=128\READ_LATENCY=3.$proc$architecture_simulator/rtl/vertical_slice/gtsu_lbuf_16bank_macro_model.sv:51$4378'.
  created $adff cell `$procdff$81660' with positive edge clock and negative level reset.
Creating register for signal `$paramod\gtsu_lbuf_16bank_macro_model\BANKS=16\ROWS=1\DATA_W=128\READ_LATENCY=3.$mem2reg_rd$\memory$architecture_simulator/rtl/vertical_slice/gtsu_lbuf_16bank_macro_model.sv:69$4059_ADDR' using process `$paramod\gtsu_lbuf_16bank_macro_model\BANKS=16\ROWS=1\DATA_W=128\READ_LATENCY=3.$proc$architecture_simulator/rtl/vertical_slice/gtsu_lbuf_16bank_macro_model.sv:51$4378'.
  created $adff cell `$procdff$81661' with positive edge clock and negative level reset.
Creating register for signal `$paramod\gtsu_lbuf_16bank_macro_model\BANKS=16\ROWS=1\DATA_W=128\READ_LATENCY=3.$mem2reg_wr$\memory$architecture_simulator/rtl/vertical_slice/gtsu_lbuf_16bank_macro_model.sv:78$4090_ADDR' using process `$paramod\gtsu_lbuf_16bank_macro_model\BANKS=16\ROWS=1\DATA_W=128\READ_LATENCY=3.$proc$architecture_simulator/rtl/vertical_slice/gtsu_lbuf_16bank_macro_model.sv:51$4378'.
  created $adff cell `$procdff$81662' with positive edge clock and negative level reset.
Creating register for signal `$paramod\gtsu_lbuf_16bank_macro_model\BANKS=16\ROWS=1\DATA_W=128\READ_LATENCY=3.$mem2reg_rd$\memory$architecture_simulator/rtl/vertical_slice/gtsu_lbuf_16bank_macro_model.sv:69$4058_DATA' using process `$paramod\gtsu_lbuf_16bank_macro_model\BANKS=16\ROWS=1\DATA_W=128\READ_LATENCY=3.$proc$architecture_simulator/rtl/vertical_slice/gtsu_lbuf_16bank_macro_model.sv:51$4378'.
  created $adff cell `$procdff$81663' with positive edge clock and negative level reset.
Creating register for signal `$paramod\gtsu_lbuf_16bank_macro_model\BANKS=16\ROWS=1\DATA_W=128\READ_LATENCY=3.$mem2reg_wr$\memory$architecture_simulator/rtl/vertical_slice/gtsu_lbuf_16bank_macro_model.sv:78$4089_DATA' using process `$paramod\gtsu_lbuf_16bank_macro_model\BANKS=16\ROWS=1\DATA_W=128\READ_LATENCY=3.$proc$architecture_simulator/rtl/vertical_slice/gtsu_lbuf_16bank_macro_model.sv:51$4378'.
  created $adff cell `$procdff$81664' with positive edge clock and negative level reset.
Creating register for signal `$paramod\gtsu_lbuf_16bank_macro_model\BANKS=16\ROWS=1\DATA_W=128\READ_LATENCY=3.$mem2reg_rd$\memory$architecture_simulator/rtl/vertical_slice/gtsu_lbuf_16bank_macro_model.sv:69$4058_ADDR' using process `$paramod\gtsu_lbuf_16bank_macro_model\BANKS=16\ROWS=1\DATA_W=128\READ_LATENCY=3.$proc$architecture_simulator/rtl/vertical_slice/gtsu_lbuf_16bank_macro_model.sv:51$4378'.
  created $adff cell `$procdff$81665' with positive edge clock and negative level reset.
Creating register for signal `$paramod\gtsu_lbuf_16bank_macro_model\BANKS=16\ROWS=1\DATA_W=128\READ_LATENCY=3.$mem2reg_wr$\memory$architecture_simulator/rtl/vertical_slice/gtsu_lbuf_16bank_macro_model.sv:78$4122_DATA' using process `$paramod\gtsu_lbuf_16bank_macro_model\BANKS=16\ROWS=1\DATA_W=128\READ_LATENCY=3.$proc$architecture_simulator/rtl/vertical_slice/gtsu_lbuf_16bank_macro_model.sv:51$4378'.
  created $adff cell `$procdff$81666' with positive edge clock and negative level reset.
Creating register for signal `$paramod\gtsu_lbuf_16bank_macro_model\BANKS=16\ROWS=1\DATA_W=128\READ_LATENCY=3.$mem2reg_rd$\memory$architecture_simulator/rtl/vertical_slice/gtsu_lbuf_16bank_macro_model.sv:69$4057_DATA' using process `$paramod\gtsu_lbuf_16bank_macro_model\BANKS=16\ROWS=1\DATA_W=128\READ_LATENCY=3.$proc$architecture_simulator/rtl/vertical_slice/gtsu_lbuf_16bank_macro_model.sv:51$4378'.
  created $adff cell `$procdff$81667' with positive edge clock and negative level reset.
Creating register for signal `$paramod\gtsu_lbuf_16bank_macro_model\BANKS=16\ROWS=1\DATA_W=128\READ_LATENCY=3.$mem2reg_rd$\memory$architecture_simulator/rtl/vertical_slice/gtsu_lbuf_16bank_macro_model.sv:69$4056_DATA' using process `$paramod\gtsu_lbuf_16bank_macro_model\BANKS=16\ROWS=1\DATA_W=128\READ_LATENCY=3.$proc$architecture_simulator/rtl/vertical_slice/gtsu_lbuf_16bank_macro_model.sv:51$4378'.
  created $adff cell `$procdff$81668' with positive edge clock and negative level reset.
Creating register for signal `$paramod\gtsu_lbuf_16bank_macro_model\BANKS=16\ROWS=1\DATA_W=128\READ_LATENCY=3.$mem2reg_wr$\memory$architecture_simulator/rtl/vertical_slice/gtsu_lbuf_16bank_macro_model.sv:78$4123_ADDR' using process `$paramod\gtsu_lbuf_16bank_macro_model\BANKS=16\ROWS=1\DATA_W=128\READ_LATENCY=3.$proc$architecture_simulator/rtl/vertical_slice/gtsu_lbuf_16bank_macro_model.sv:51$4378'.
  created $adff cell `$procdff$81669' with positive edge clock and negative level reset.
Creating register for signal `$paramod\gtsu_lbuf_16bank_macro_model\BANKS=16\ROWS=1\DATA_W=128\READ_LATENCY=3.$mem2reg_wr$\memory$architecture_simulator/rtl/vertical_slice/gtsu_lbuf_16bank_macro_model.sv:78$4123_DATA' using process `$paramod\gtsu_lbuf_16bank_macro_model\BANKS=16\ROWS=1\DATA_W=128\READ_LATENCY=3.$proc$architecture_simulator/rtl/vertical_slice/gtsu_lbuf_16bank_macro_model.sv:51$4378'.
  created $adff cell `$procdff$81670' with positive edge clock and negative level reset.
Creating register for signal `$paramod\gtsu_lbuf_16bank_macro_model\BANKS=16\ROWS=1\DATA_W=128\READ_LATENCY=3.$mem2reg_wr$\memory$architecture_simulator/rtl/vertical_slice/gtsu_lbuf_16bank_macro_model.sv:78$4124_ADDR' using process `$paramod\gtsu_lbuf_16bank_macro_model\BANKS=16\ROWS=1\DATA_W=128\READ_LATENCY=3.$proc$architecture_simulator/rtl/vertical_slice/gtsu_lbuf_16bank_macro_model.sv:51$4378'.
  created $adff cell `$procdff$81671' with positive edge clock and negative level reset.
Creating register for signal `$paramod\gtsu_lbuf_16bank_macro_model\BANKS=16\ROWS=1\DATA_W=128\READ_LATENCY=3.$mem2reg_wr$\memory$architecture_simulator/rtl/vertical_slice/gtsu_lbuf_16bank_macro_model.sv:78$4124_DATA' using process `$paramod\gtsu_lbuf_16bank_macro_model\BANKS=16\ROWS=1\DATA_W=128\READ_LATENCY=3.$proc$architecture_simulator/rtl/vertical_slice/gtsu_lbuf_16bank_macro_model.sv:51$4378'.
  created $adff cell `$procdff$81672' with positive edge clock and negative level reset.
Creating register for signal `$paramod\gtsu_lbuf_16bank_macro_model\BANKS=16\ROWS=1\DATA_W=128\READ_LATENCY=3.$mem2reg_wr$\memory$architecture_simulator/rtl/vertical_slice/gtsu_lbuf_16bank_macro_model.sv:78$4125_ADDR' using process `$paramod\gtsu_lbuf_16bank_macro_model\BANKS=16\ROWS=1\DATA_W=128\READ_LATENCY=3.$proc$architecture_simulator/rtl/vertical_slice/gtsu_lbuf_16bank_macro_model.sv:51$4378'.
  created $adff cell `$procdff$81673' with positive edge clock and negative level reset.
Creating register for signal `$paramod\gtsu_lbuf_16bank_macro_model\BANKS=16\ROWS=1\DATA_W=128\READ_LATENCY=3.$mem2reg_wr$\memory$architecture_simulator/rtl/vertical_slice/gtsu_lbuf_16bank_macro_model.sv:78$4125_DATA' using process `$paramod\gtsu_lbuf_16bank_macro_model\BANKS=16\ROWS=1\DATA_W=128\READ_LATENCY=3.$proc$architecture_simulator/rtl/vertical_slice/gtsu_lbuf_16bank_macro_model.sv:51$4378'.
  created $adff cell `$procdff$81674' with positive edge clock and negative level reset.
Creating register for signal `$paramod\gtsu_lbuf_16bank_macro_model\BANKS=16\ROWS=1\DATA_W=128\READ_LATENCY=3.$mem2reg_wr$\memory$architecture_simulator/rtl/vertical_slice/gtsu_lbuf_16bank_macro_model.sv:78$4126_ADDR' using process `$paramod\gtsu_lbuf_16bank_macro_model\BANKS=16\ROWS=1\DATA_W=128\READ_LATENCY=3.$proc$architecture_simulator/rtl/vertical_slice/gtsu_lbuf_16bank_macro_model.sv:51$4378'.
  created $adff cell `$procdff$81675' with positive edge clock and negative level reset.
Creating register for signal `$paramod\gtsu_lbuf_16bank_macro_model\BANKS=16\ROWS=1\DATA_W=128\READ_LATENCY=3.$mem2reg_wr$\memory$architecture_simulator/rtl/vertical_slice/gtsu_lbuf_16bank_macro_model.sv:78$4126_DATA' using process `$paramod\gtsu_lbuf_16bank_macro_model\BANKS=16\ROWS=1\DATA_W=128\READ_LATENCY=3.$proc$architecture_simulator/rtl/vertical_slice/gtsu_lbuf_16bank_macro_model.sv:51$4378'.
  created $adff cell `$procdff$81676' with positive edge clock and negative level reset.
Creating register for signal `$paramod\gtsu_lbuf_16bank_macro_model\BANKS=16\ROWS=1\DATA_W=128\READ_LATENCY=3.$mem2reg_wr$\memory$architecture_simulator/rtl/vertical_slice/gtsu_lbuf_16bank_macro_model.sv:78$4127_ADDR' using process `$paramod\gtsu_lbuf_16bank_macro_model\BANKS=16\ROWS=1\DATA_W=128\READ_LATENCY=3.$proc$architecture_simulator/rtl/vertical_slice/gtsu_lbuf_16bank_macro_model.sv:51$4378'.
  created $adff cell `$procdff$81677' with positive edge clock and negative level reset.
Creating register for signal `$paramod\gtsu_lbuf_16bank_macro_model\BANKS=16\ROWS=1\DATA_W=128\READ_LATENCY=3.$mem2reg_wr$\memory$architecture_simulator/rtl/vertical_slice/gtsu_lbuf_16bank_macro_model.sv:78$4127_DATA' using process `$paramod\gtsu_lbuf_16bank_macro_model\BANKS=16\ROWS=1\DATA_W=128\READ_LATENCY=3.$proc$architecture_simulator/rtl/vertical_slice/gtsu_lbuf_16bank_macro_model.sv:51$4378'.
  created $adff cell `$procdff$81678' with positive edge clock and negative level reset.
Creating register for signal `$paramod\gtsu_lbuf_16bank_macro_model\BANKS=16\ROWS=1\DATA_W=128\READ_LATENCY=3.$mem2reg_wr$\memory$architecture_simulator/rtl/vertical_slice/gtsu_lbuf_16bank_macro_model.sv:78$4128_ADDR' using process `$paramod\gtsu_lbuf_16bank_macro_model\BANKS=16\ROWS=1\DATA_W=128\READ_LATENCY=3.$proc$architecture_simulator/rtl/vertical_slice/gtsu_lbuf_16bank_macro_model.sv:51$4378'.
  created $adff cell `$procdff$81679' with positive edge clock and negative level reset.
Creating register for signal `$paramod\gtsu_lbuf_16bank_macro_model\BANKS=16\ROWS=1\DATA_W=128\READ_LATENCY=3.$mem2reg_wr$\memory$architecture_simulator/rtl/vertical_slice/gtsu_lbuf_16bank_macro_model.sv:78$4128_DATA' using process `$paramod\gtsu_lbuf_16bank_macro_model\BANKS=16\ROWS=1\DATA_W=128\READ_LATENCY=3.$proc$architecture_simulator/rtl/vertical_slice/gtsu_lbuf_16bank_macro_model.sv:51$4378'.
  created $adff cell `$procdff$81680' with positive edge clock and negative level reset.
Creating register for signal `$paramod\gtsu_lbuf_16bank_macro_model\BANKS=16\ROWS=1\DATA_W=128\READ_LATENCY=3.$mem2reg_wr$\memory$architecture_simulator/rtl/vertical_slice/gtsu_lbuf_16bank_macro_model.sv:78$4129_ADDR' using process `$paramod\gtsu_lbuf_16bank_macro_model\BANKS=16\ROWS=1\DATA_W=128\READ_LATENCY=3.$proc$architecture_simulator/rtl/vertical_slice/gtsu_lbuf_16bank_macro_model.sv:51$4378'.
  created $adff cell `$procdff$81681' with positive edge clock and negative level reset.
Creating register for signal `$paramod\gtsu_lbuf_16bank_macro_model\BANKS=16\ROWS=1\DATA_W=128\READ_LATENCY=3.$mem2reg_wr$\memory$architecture_simulator/rtl/vertical_slice/gtsu_lbuf_16bank_macro_model.sv:78$4129_DATA' using process `$paramod\gtsu_lbuf_16bank_macro_model\BANKS=16\ROWS=1\DATA_W=128\READ_LATENCY=3.$proc$architecture_simulator/rtl/vertical_slice/gtsu_lbuf_16bank_macro_model.sv:51$4378'.
  created $adff cell `$procdff$81682' with positive edge clock and negative level reset.
Creating register for signal `$paramod\gtsu_lbuf_16bank_macro_model\BANKS=16\ROWS=1\DATA_W=128\READ_LATENCY=3.$mem2reg_wr$\memory$architecture_simulator/rtl/vertical_slice/gtsu_lbuf_16bank_macro_model.sv:78$4130_ADDR' using process `$paramod\gtsu_lbuf_16bank_macro_model\BANKS=16\ROWS=1\DATA_W=128\READ_LATENCY=3.$proc$architecture_simulator/rtl/vertical_slice/gtsu_lbuf_16bank_macro_model.sv:51$4378'.
  created $adff cell `$procdff$81683' with positive edge clock and negative level reset.
Creating register for signal `$paramod\gtsu_lbuf_16bank_macro_model\BANKS=16\ROWS=1\DATA_W=128\READ_LATENCY=3.$mem2reg_wr$\memory$architecture_simulator/rtl/vertical_slice/gtsu_lbuf_16bank_macro_model.sv:78$4130_DATA' using process `$paramod\gtsu_lbuf_16bank_macro_model\BANKS=16\ROWS=1\DATA_W=128\READ_LATENCY=3.$proc$architecture_simulator/rtl/vertical_slice/gtsu_lbuf_16bank_macro_model.sv:51$4378'.
  created $adff cell `$procdff$81684' with positive edge clock and negative level reset.
Creating register for signal `$paramod\gtsu_lbuf_16bank_macro_model\BANKS=16\ROWS=1\DATA_W=128\READ_LATENCY=3.$mem2reg_wr$\memory$architecture_simulator/rtl/vertical_slice/gtsu_lbuf_16bank_macro_model.sv:78$4131_ADDR' using process `$paramod\gtsu_lbuf_16bank_macro_model\BANKS=16\ROWS=1\DATA_W=128\READ_LATENCY=3.$proc$architecture_simulator/rtl/vertical_slice/gtsu_lbuf_16bank_macro_model.sv:51$4378'.
  created $adff cell `$procdff$81685' with positive edge clock and negative level reset.
Creating register for signal `$paramod\gtsu_lbuf_16bank_macro_model\BANKS=16\ROWS=1\DATA_W=128\READ_LATENCY=3.$mem2reg_wr$\memory$architecture_simulator/rtl/vertical_slice/gtsu_lbuf_16bank_macro_model.sv:78$4131_DATA' using process `$paramod\gtsu_lbuf_16bank_macro_model\BANKS=16\ROWS=1\DATA_W=128\READ_LATENCY=3.$proc$architecture_simulator/rtl/vertical_slice/gtsu_lbuf_16bank_macro_model.sv:51$4378'.
  created $adff cell `$procdff$81686' with positive edge clock and negative level reset.
Creating register for signal `$paramod\gtsu_lbuf_16bank_macro_model\BANKS=16\ROWS=1\DATA_W=128\READ_LATENCY=3.$mem2reg_wr$\memory$architecture_simulator/rtl/vertical_slice/gtsu_lbuf_16bank_macro_model.sv:78$4132_ADDR' using process `$paramod\gtsu_lbuf_16bank_macro_model\BANKS=16\ROWS=1\DATA_W=128\READ_LATENCY=3.$proc$architecture_simulator/rtl/vertical_slice/gtsu_lbuf_16bank_macro_model.sv:51$4378'.
  created $adff cell `$procdff$81687' with positive edge clock and negative level reset.
Creating register for signal `$paramod\gtsu_lbuf_16bank_macro_model\BANKS=16\ROWS=1\DATA_W=128\READ_LATENCY=3.$mem2reg_wr$\memory$architecture_simulator/rtl/vertical_slice/gtsu_lbuf_16bank_macro_model.sv:78$4132_DATA' using process `$paramod\gtsu_lbuf_16bank_macro_model\BANKS=16\ROWS=1\DATA_W=128\READ_LATENCY=3.$proc$architecture_simulator/rtl/vertical_slice/gtsu_lbuf_16bank_macro_model.sv:51$4378'.
  created $adff cell `$procdff$81688' with positive edge clock and negative level reset.
Creating register for signal `$paramod\gtsu_lbuf_16bank_macro_model\BANKS=16\ROWS=1\DATA_W=128\READ_LATENCY=3.$mem2reg_wr$\memory$architecture_simulator/rtl/vertical_slice/gtsu_lbuf_16bank_macro_model.sv:78$4133_ADDR' using process `$paramod\gtsu_lbuf_16bank_macro_model\BANKS=16\ROWS=1\DATA_W=128\READ_LATENCY=3.$proc$architecture_simulator/rtl/vertical_slice/gtsu_lbuf_16bank_macro_model.sv:51$4378'.
  created $adff cell `$procdff$81689' with positive edge clock and negative level reset.
Creating register for signal `$paramod\gtsu_lbuf_16bank_macro_model\BANKS=16\ROWS=1\DATA_W=128\READ_LATENCY=3.$mem2reg_wr$\memory$architecture_simulator/rtl/vertical_slice/gtsu_lbuf_16bank_macro_model.sv:78$4133_DATA' using process `$paramod\gtsu_lbuf_16bank_macro_model\BANKS=16\ROWS=1\DATA_W=128\READ_LATENCY=3.$proc$architecture_simulator/rtl/vertical_slice/gtsu_lbuf_16bank_macro_model.sv:51$4378'.
  created $adff cell `$procdff$81690' with positive edge clock and negative level reset.
Creating register for signal `$paramod\gtsu_lbuf_16bank_macro_model\BANKS=16\ROWS=1\DATA_W=128\READ_LATENCY=3.$mem2reg_wr$\memory$architecture_simulator/rtl/vertical_slice/gtsu_lbuf_16bank_macro_model.sv:78$4134_ADDR' using process `$paramod\gtsu_lbuf_16bank_macro_model\BANKS=16\ROWS=1\DATA_W=128\READ_LATENCY=3.$proc$architecture_simulator/rtl/vertical_slice/gtsu_lbuf_16bank_macro_model.sv:51$4378'.
  created $adff cell `$procdff$81691' with positive edge clock and negative level reset.
Creating register for signal `$paramod\gtsu_lbuf_16bank_macro_model\BANKS=16\ROWS=1\DATA_W=128\READ_LATENCY=3.$mem2reg_wr$\memory$architecture_simulator/rtl/vertical_slice/gtsu_lbuf_16bank_macro_model.sv:78$4134_DATA' using process `$paramod\gtsu_lbuf_16bank_macro_model\BANKS=16\ROWS=1\DATA_W=128\READ_LATENCY=3.$proc$architecture_simulator/rtl/vertical_slice/gtsu_lbuf_16bank_macro_model.sv:51$4378'.
  created $adff cell `$procdff$81692' with positive edge clock and negative level reset.
Creating register for signal `$paramod\gtsu_lbuf_16bank_macro_model\BANKS=16\ROWS=1\DATA_W=128\READ_LATENCY=3.$mem2reg_wr$\memory$architecture_simulator/rtl/vertical_slice/gtsu_lbuf_16bank_macro_model.sv:78$4135_ADDR' using process `$paramod\gtsu_lbuf_16bank_macro_model\BANKS=16\ROWS=1\DATA_W=128\READ_LATENCY=3.$proc$architecture_simulator/rtl/vertical_slice/gtsu_lbuf_16bank_macro_model.sv:51$4378'.
  created $adff cell `$procdff$81693' with positive edge clock and negative level reset.
Creating register for signal `$paramod\gtsu_lbuf_16bank_macro_model\BANKS=16\ROWS=1\DATA_W=128\READ_LATENCY=3.$mem2reg_wr$\memory$architecture_simulator/rtl/vertical_slice/gtsu_lbuf_16bank_macro_model.sv:78$4135_DATA' using process `$paramod\gtsu_lbuf_16bank_macro_model\BANKS=16\ROWS=1\DATA_W=128\READ_LATENCY=3.$proc$architecture_simulator/rtl/vertical_slice/gtsu_lbuf_16bank_macro_model.sv:51$4378'.
  created $adff cell `$procdff$81694' with positive edge clock and negative level reset.
Creating register for signal `$paramod\gtsu_lbuf_16bank_macro_model\BANKS=16\ROWS=1\DATA_W=128\READ_LATENCY=3.$mem2reg_wr$\memory$architecture_simulator/rtl/vertical_slice/gtsu_lbuf_16bank_macro_model.sv:78$4136_ADDR' using process `$paramod\gtsu_lbuf_16bank_macro_model\BANKS=16\ROWS=1\DATA_W=128\READ_LATENCY=3.$proc$architecture_simulator/rtl/vertical_slice/gtsu_lbuf_16bank_macro_model.sv:51$4378'.
  created $adff cell `$procdff$81695' with positive edge clock and negative level reset.
Creating register for signal `$paramod\gtsu_lbuf_16bank_macro_model\BANKS=16\ROWS=1\DATA_W=128\READ_LATENCY=3.$mem2reg_wr$\memory$architecture_simulator/rtl/vertical_slice/gtsu_lbuf_16bank_macro_model.sv:78$4136_DATA' using process `$paramod\gtsu_lbuf_16bank_macro_model\BANKS=16\ROWS=1\DATA_W=128\READ_LATENCY=3.$proc$architecture_simulator/rtl/vertical_slice/gtsu_lbuf_16bank_macro_model.sv:51$4378'.
  created $adff cell `$procdff$81696' with positive edge clock and negative level reset.
Creating register for signal `$paramod\gtsu_lbuf_16bank_macro_model\BANKS=16\ROWS=1\DATA_W=128\READ_LATENCY=3.$mem2reg_wr$\memory$architecture_simulator/rtl/vertical_slice/gtsu_lbuf_16bank_macro_model.sv:78$4137_ADDR' using process `$paramod\gtsu_lbuf_16bank_macro_model\BANKS=16\ROWS=1\DATA_W=128\READ_LATENCY=3.$proc$architecture_simulator/rtl/vertical_slice/gtsu_lbuf_16bank_macro_model.sv:51$4378'.
  created $adff cell `$procdff$81697' with positive edge clock and negative level reset.
Creating register for signal `$paramod\gtsu_lbuf_16bank_macro_model\BANKS=16\ROWS=1\DATA_W=128\READ_LATENCY=3.$mem2reg_wr$\memory$architecture_simulator/rtl/vertical_slice/gtsu_lbuf_16bank_macro_model.sv:78$4137_DATA' using process `$paramod\gtsu_lbuf_16bank_macro_model\BANKS=16\ROWS=1\DATA_W=128\READ_LATENCY=3.$proc$architecture_simulator/rtl/vertical_slice/gtsu_lbuf_16bank_macro_model.sv:51$4378'.
  created $adff cell `$procdff$81698' with positive edge clock and negative level reset.
Creating register for signal `$paramod\gtsu_lbuf_16bank_macro_model\BANKS=16\ROWS=1\DATA_W=128\READ_LATENCY=3.$mem2reg_wr$\memory$architecture_simulator/rtl/vertical_slice/gtsu_lbuf_16bank_macro_model.sv:78$4138_ADDR' using process `$paramod\gtsu_lbuf_16bank_macro_model\BANKS=16\ROWS=1\DATA_W=128\READ_LATENCY=3.$proc$architecture_simulator/rtl/vertical_slice/gtsu_lbuf_16bank_macro_model.sv:51$4378'.
  created $adff cell `$procdff$81699' with positive edge clock and negative level reset.
Creating register for signal `$paramod\gtsu_lbuf_16bank_macro_model\BANKS=16\ROWS=1\DATA_W=128\READ_LATENCY=3.$mem2reg_wr$\memory$architecture_simulator/rtl/vertical_slice/gtsu_lbuf_16bank_macro_model.sv:78$4138_DATA' using process `$paramod\gtsu_lbuf_16bank_macro_model\BANKS=16\ROWS=1\DATA_W=128\READ_LATENCY=3.$proc$architecture_simulator/rtl/vertical_slice/gtsu_lbuf_16bank_macro_model.sv:51$4378'.
  created $adff cell `$procdff$81700' with positive edge clock and negative level reset.
Creating register for signal `$paramod\gtsu_lbuf_16bank_macro_model\BANKS=16\ROWS=1\DATA_W=128\READ_LATENCY=3.$mem2reg_wr$\memory$architecture_simulator/rtl/vertical_slice/gtsu_lbuf_16bank_macro_model.sv:78$4139_ADDR' using process `$paramod\gtsu_lbuf_16bank_macro_model\BANKS=16\ROWS=1\DATA_W=128\READ_LATENCY=3.$proc$architecture_simulator/rtl/vertical_slice/gtsu_lbuf_16bank_macro_model.sv:51$4378'.
  created $adff cell `$procdff$81701' with positive edge clock and negative level reset.
Creating register for signal `$paramod\gtsu_lbuf_16bank_macro_model\BANKS=16\ROWS=1\DATA_W=128\READ_LATENCY=3.$mem2reg_wr$\memory$architecture_simulator/rtl/vertical_slice/gtsu_lbuf_16bank_macro_model.sv:78$4139_DATA' using process `$paramod\gtsu_lbuf_16bank_macro_model\BANKS=16\ROWS=1\DATA_W=128\READ_LATENCY=3.$proc$architecture_simulator/rtl/vertical_slice/gtsu_lbuf_16bank_macro_model.sv:51$4378'.
  created $adff cell `$procdff$81702' with positive edge clock and negative level reset.
Creating register for signal `$paramod\gtsu_lbuf_16bank_macro_model\BANKS=16\ROWS=1\DATA_W=128\READ_LATENCY=3.$mem2reg_wr$\memory$architecture_simulator/rtl/vertical_slice/gtsu_lbuf_16bank_macro_model.sv:78$4140_ADDR' using process `$paramod\gtsu_lbuf_16bank_macro_model\BANKS=16\ROWS=1\DATA_W=128\READ_LATENCY=3.$proc$architecture_simulator/rtl/vertical_slice/gtsu_lbuf_16bank_macro_model.sv:51$4378'.
  created $adff cell `$procdff$81703' with positive edge clock and negative level reset.
Creating register for signal `$paramod\gtsu_lbuf_16bank_macro_model\BANKS=16\ROWS=1\DATA_W=128\READ_LATENCY=3.$mem2reg_wr$\memory$architecture_simulator/rtl/vertical_slice/gtsu_lbuf_16bank_macro_model.sv:78$4140_DATA' using process `$paramod\gtsu_lbuf_16bank_macro_model\BANKS=16\ROWS=1\DATA_W=128\READ_LATENCY=3.$proc$architecture_simulator/rtl/vertical_slice/gtsu_lbuf_16bank_macro_model.sv:51$4378'.
  created $adff cell `$procdff$81704' with positive edge clock and negative level reset.
Creating register for signal `$paramod\gtsu_lbuf_16bank_macro_model\BANKS=16\ROWS=1\DATA_W=128\READ_LATENCY=3.$mem2reg_wr$\memory$architecture_simulator/rtl/vertical_slice/gtsu_lbuf_16bank_macro_model.sv:78$4141_ADDR' using process `$paramod\gtsu_lbuf_16bank_macro_model\BANKS=16\ROWS=1\DATA_W=128\READ_LATENCY=3.$proc$architecture_simulator/rtl/vertical_slice/gtsu_lbuf_16bank_macro_model.sv:51$4378'.
  created $adff cell `$procdff$81705' with positive edge clock and negative level reset.
Creating register for signal `$paramod\gtsu_lbuf_16bank_macro_model\BANKS=16\ROWS=1\DATA_W=128\READ_LATENCY=3.$mem2reg_wr$\memory$architecture_simulator/rtl/vertical_slice/gtsu_lbuf_16bank_macro_model.sv:78$4141_DATA' using process `$paramod\gtsu_lbuf_16bank_macro_model\BANKS=16\ROWS=1\DATA_W=128\READ_LATENCY=3.$proc$architecture_simulator/rtl/vertical_slice/gtsu_lbuf_16bank_macro_model.sv:51$4378'.
  created $adff cell `$procdff$81706' with positive edge clock and negative level reset.
Creating register for signal `$paramod\gtsu_lbuf_16bank_macro_model\BANKS=16\ROWS=1\DATA_W=128\READ_LATENCY=3.$mem2reg_wr$\memory$architecture_simulator/rtl/vertical_slice/gtsu_lbuf_16bank_macro_model.sv:78$4142_ADDR' using process `$paramod\gtsu_lbuf_16bank_macro_model\BANKS=16\ROWS=1\DATA_W=128\READ_LATENCY=3.$proc$architecture_simulator/rtl/vertical_slice/gtsu_lbuf_16bank_macro_model.sv:51$4378'.
  created $adff cell `$procdff$81707' with positive edge clock and negative level reset.
Creating register for signal `$paramod\gtsu_lbuf_16bank_macro_model\BANKS=16\ROWS=1\DATA_W=128\READ_LATENCY=3.$mem2reg_wr$\memory$architecture_simulator/rtl/vertical_slice/gtsu_lbuf_16bank_macro_model.sv:78$4142_DATA' using process `$paramod\gtsu_lbuf_16bank_macro_model\BANKS=16\ROWS=1\DATA_W=128\READ_LATENCY=3.$proc$architecture_simulator/rtl/vertical_slice/gtsu_lbuf_16bank_macro_model.sv:51$4378'.
  created $adff cell `$procdff$81708' with positive edge clock and negative level reset.
Creating register for signal `$paramod\gtsu_lbuf_16bank_macro_model\BANKS=16\ROWS=1\DATA_W=128\READ_LATENCY=3.$mem2reg_wr$\memory$architecture_simulator/rtl/vertical_slice/gtsu_lbuf_16bank_macro_model.sv:78$4143_ADDR' using process `$paramod\gtsu_lbuf_16bank_macro_model\BANKS=16\ROWS=1\DATA_W=128\READ_LATENCY=3.$proc$architecture_simulator/rtl/vertical_slice/gtsu_lbuf_16bank_macro_model.sv:51$4378'.
  created $adff cell `$procdff$81709' with positive edge clock and negative level reset.
Creating register for signal `$paramod\gtsu_lbuf_16bank_macro_model\BANKS=16\ROWS=1\DATA_W=128\READ_LATENCY=3.$mem2reg_wr$\memory$architecture_simulator/rtl/vertical_slice/gtsu_lbuf_16bank_macro_model.sv:78$4143_DATA' using process `$paramod\gtsu_lbuf_16bank_macro_model\BANKS=16\ROWS=1\DATA_W=128\READ_LATENCY=3.$proc$architecture_simulator/rtl/vertical_slice/gtsu_lbuf_16bank_macro_model.sv:51$4378'.
  created $adff cell `$procdff$81710' with positive edge clock and negative level reset.
Creating register for signal `$paramod\gtsu_lbuf_16bank_macro_model\BANKS=16\ROWS=1\DATA_W=128\READ_LATENCY=3.$mem2reg_wr$\memory$architecture_simulator/rtl/vertical_slice/gtsu_lbuf_16bank_macro_model.sv:78$4144_ADDR' using process `$paramod\gtsu_lbuf_16bank_macro_model\BANKS=16\ROWS=1\DATA_W=128\READ_LATENCY=3.$proc$architecture_simulator/rtl/vertical_slice/gtsu_lbuf_16bank_macro_model.sv:51$4378'.
  created $adff cell `$procdff$81711' with positive edge clock and negative level reset.
Creating register for signal `$paramod\gtsu_lbuf_16bank_macro_model\BANKS=16\ROWS=1\DATA_W=128\READ_LATENCY=3.$mem2reg_wr$\memory$architecture_simulator/rtl/vertical_slice/gtsu_lbuf_16bank_macro_model.sv:78$4144_DATA' using process `$paramod\gtsu_lbuf_16bank_macro_model\BANKS=16\ROWS=1\DATA_W=128\READ_LATENCY=3.$proc$architecture_simulator/rtl/vertical_slice/gtsu_lbuf_16bank_macro_model.sv:51$4378'.
  created $adff cell `$procdff$81712' with positive edge clock and negative level reset.
Creating register for signal `$paramod\gtsu_lbuf_16bank_macro_model\BANKS=16\ROWS=1\DATA_W=128\READ_LATENCY=3.$mem2reg_wr$\memory$architecture_simulator/rtl/vertical_slice/gtsu_lbuf_16bank_macro_model.sv:78$4145_ADDR' using process `$paramod\gtsu_lbuf_16bank_macro_model\BANKS=16\ROWS=1\DATA_W=128\READ_LATENCY=3.$proc$architecture_simulator/rtl/vertical_slice/gtsu_lbuf_16bank_macro_model.sv:51$4378'.
  created $adff cell `$procdff$81713' with positive edge clock and negative level reset.
Creating register for signal `$paramod\gtsu_lbuf_16bank_macro_model\BANKS=16\ROWS=1\DATA_W=128\READ_LATENCY=3.$mem2reg_wr$\memory$architecture_simulator/rtl/vertical_slice/gtsu_lbuf_16bank_macro_model.sv:78$4145_DATA' using process `$paramod\gtsu_lbuf_16bank_macro_model\BANKS=16\ROWS=1\DATA_W=128\READ_LATENCY=3.$proc$architecture_simulator/rtl/vertical_slice/gtsu_lbuf_16bank_macro_model.sv:51$4378'.
  created $adff cell `$procdff$81714' with positive edge clock and negative level reset.
Creating register for signal `$paramod\gtsu_lbuf_16bank_macro_model\BANKS=16\ROWS=1\DATA_W=128\READ_LATENCY=3.$mem2reg_wr$\memory$architecture_simulator/rtl/vertical_slice/gtsu_lbuf_16bank_macro_model.sv:78$4146_ADDR' using process `$paramod\gtsu_lbuf_16bank_macro_model\BANKS=16\ROWS=1\DATA_W=128\READ_LATENCY=3.$proc$architecture_simulator/rtl/vertical_slice/gtsu_lbuf_16bank_macro_model.sv:51$4378'.
  created $adff cell `$procdff$81715' with positive edge clock and negative level reset.
Creating register for signal `$paramod\gtsu_lbuf_16bank_macro_model\BANKS=16\ROWS=1\DATA_W=128\READ_LATENCY=3.$mem2reg_wr$\memory$architecture_simulator/rtl/vertical_slice/gtsu_lbuf_16bank_macro_model.sv:78$4146_DATA' using process `$paramod\gtsu_lbuf_16bank_macro_model\BANKS=16\ROWS=1\DATA_W=128\READ_LATENCY=3.$proc$architecture_simulator/rtl/vertical_slice/gtsu_lbuf_16bank_macro_model.sv:51$4378'.
  created $adff cell `$procdff$81716' with positive edge clock and negative level reset.
Creating register for signal `$paramod\gtsu_lbuf_16bank_macro_model\BANKS=16\ROWS=1\DATA_W=128\READ_LATENCY=3.$mem2reg_wr$\memory$architecture_simulator/rtl/vertical_slice/gtsu_lbuf_16bank_macro_model.sv:78$4147_ADDR' using process `$paramod\gtsu_lbuf_16bank_macro_model\BANKS=16\ROWS=1\DATA_W=128\READ_LATENCY=3.$proc$architecture_simulator/rtl/vertical_slice/gtsu_lbuf_16bank_macro_model.sv:51$4378'.
  created $adff cell `$procdff$81717' with positive edge clock and negative level reset.
Creating register for signal `$paramod\gtsu_lbuf_16bank_macro_model\BANKS=16\ROWS=1\DATA_W=128\READ_LATENCY=3.$mem2reg_wr$\memory$architecture_simulator/rtl/vertical_slice/gtsu_lbuf_16bank_macro_model.sv:78$4147_DATA' using process `$paramod\gtsu_lbuf_16bank_macro_model\BANKS=16\ROWS=1\DATA_W=128\READ_LATENCY=3.$proc$architecture_simulator/rtl/vertical_slice/gtsu_lbuf_16bank_macro_model.sv:51$4378'.
  created $adff cell `$procdff$81718' with positive edge clock and negative level reset.
Creating register for signal `$paramod\gtsu_lbuf_16bank_macro_model\BANKS=16\ROWS=1\DATA_W=128\READ_LATENCY=3.$mem2reg_wr$\memory$architecture_simulator/rtl/vertical_slice/gtsu_lbuf_16bank_macro_model.sv:78$4148_ADDR' using process `$paramod\gtsu_lbuf_16bank_macro_model\BANKS=16\ROWS=1\DATA_W=128\READ_LATENCY=3.$proc$architecture_simulator/rtl/vertical_slice/gtsu_lbuf_16bank_macro_model.sv:51$4378'.
  created $adff cell `$procdff$81719' with positive edge clock and negative level reset.
Creating register for signal `$paramod\gtsu_lbuf_16bank_macro_model\BANKS=16\ROWS=1\DATA_W=128\READ_LATENCY=3.$mem2reg_wr$\memory$architecture_simulator/rtl/vertical_slice/gtsu_lbuf_16bank_macro_model.sv:78$4148_DATA' using process `$paramod\gtsu_lbuf_16bank_macro_model\BANKS=16\ROWS=1\DATA_W=128\READ_LATENCY=3.$proc$architecture_simulator/rtl/vertical_slice/gtsu_lbuf_16bank_macro_model.sv:51$4378'.
  created $adff cell `$procdff$81720' with positive edge clock and negative level reset.
Creating register for signal `$paramod\gtsu_lbuf_16bank_macro_model\BANKS=16\ROWS=1\DATA_W=128\READ_LATENCY=3.$mem2reg_wr$\memory$architecture_simulator/rtl/vertical_slice/gtsu_lbuf_16bank_macro_model.sv:78$4149_ADDR' using process `$paramod\gtsu_lbuf_16bank_macro_model\BANKS=16\ROWS=1\DATA_W=128\READ_LATENCY=3.$proc$architecture_simulator/rtl/vertical_slice/gtsu_lbuf_16bank_macro_model.sv:51$4378'.
  created $adff cell `$procdff$81721' with positive edge clock and negative level reset.
Creating register for signal `$paramod\gtsu_lbuf_16bank_macro_model\BANKS=16\ROWS=1\DATA_W=128\READ_LATENCY=3.$mem2reg_wr$\memory$architecture_simulator/rtl/vertical_slice/gtsu_lbuf_16bank_macro_model.sv:78$4149_DATA' using process `$paramod\gtsu_lbuf_16bank_macro_model\BANKS=16\ROWS=1\DATA_W=128\READ_LATENCY=3.$proc$architecture_simulator/rtl/vertical_slice/gtsu_lbuf_16bank_macro_model.sv:51$4378'.
  created $adff cell `$procdff$81722' with positive edge clock and negative level reset.
Creating register for signal `$paramod\gtsu_lbuf_16bank_macro_model\BANKS=16\ROWS=1\DATA_W=128\READ_LATENCY=3.$mem2reg_wr$\memory$architecture_simulator/rtl/vertical_slice/gtsu_lbuf_16bank_macro_model.sv:78$4150_ADDR' using process `$paramod\gtsu_lbuf_16bank_macro_model\BANKS=16\ROWS=1\DATA_W=128\READ_LATENCY=3.$proc$architecture_simulator/rtl/vertical_slice/gtsu_lbuf_16bank_macro_model.sv:51$4378'.
  created $adff cell `$procdff$81723' with positive edge clock and negative level reset.
Creating register for signal `$paramod\gtsu_lbuf_16bank_macro_model\BANKS=16\ROWS=1\DATA_W=128\READ_LATENCY=3.$mem2reg_wr$\memory$architecture_simulator/rtl/vertical_slice/gtsu_lbuf_16bank_macro_model.sv:78$4150_DATA' using process `$paramod\gtsu_lbuf_16bank_macro_model\BANKS=16\ROWS=1\DATA_W=128\READ_LATENCY=3.$proc$architecture_simulator/rtl/vertical_slice/gtsu_lbuf_16bank_macro_model.sv:51$4378'.
  created $adff cell `$procdff$81724' with positive edge clock and negative level reset.
Creating register for signal `$paramod\gtsu_lbuf_16bank_macro_model\BANKS=16\ROWS=1\DATA_W=128\READ_LATENCY=3.$mem2reg_wr$\memory$architecture_simulator/rtl/vertical_slice/gtsu_lbuf_16bank_macro_model.sv:78$4151_ADDR' using process `$paramod\gtsu_lbuf_16bank_macro_model\BANKS=16\ROWS=1\DATA_W=128\READ_LATENCY=3.$proc$architecture_simulator/rtl/vertical_slice/gtsu_lbuf_16bank_macro_model.sv:51$4378'.
  created $adff cell `$procdff$81725' with positive edge clock and negative level reset.
Creating register for signal `$paramod\gtsu_lbuf_16bank_macro_model\BANKS=16\ROWS=1\DATA_W=128\READ_LATENCY=3.$mem2reg_wr$\memory$architecture_simulator/rtl/vertical_slice/gtsu_lbuf_16bank_macro_model.sv:78$4151_DATA' using process `$paramod\gtsu_lbuf_16bank_macro_model\BANKS=16\ROWS=1\DATA_W=128\READ_LATENCY=3.$proc$architecture_simulator/rtl/vertical_slice/gtsu_lbuf_16bank_macro_model.sv:51$4378'.
  created $adff cell `$procdff$81726' with positive edge clock and negative level reset.
Creating register for signal `$paramod\gtsu_lbuf_16bank_macro_model\BANKS=16\ROWS=1\DATA_W=128\READ_LATENCY=3.$mem2reg_wr$\memory$architecture_simulator/rtl/vertical_slice/gtsu_lbuf_16bank_macro_model.sv:78$4152_ADDR' using process `$paramod\gtsu_lbuf_16bank_macro_model\BANKS=16\ROWS=1\DATA_W=128\READ_LATENCY=3.$proc$architecture_simulator/rtl/vertical_slice/gtsu_lbuf_16bank_macro_model.sv:51$4378'.
  created $adff cell `$procdff$81727' with positive edge clock and negative level reset.
Creating register for signal `$paramod\gtsu_lbuf_16bank_macro_model\BANKS=16\ROWS=1\DATA_W=128\READ_LATENCY=3.$mem2reg_wr$\memory$architecture_simulator/rtl/vertical_slice/gtsu_lbuf_16bank_macro_model.sv:78$4152_DATA' using process `$paramod\gtsu_lbuf_16bank_macro_model\BANKS=16\ROWS=1\DATA_W=128\READ_LATENCY=3.$proc$architecture_simulator/rtl/vertical_slice/gtsu_lbuf_16bank_macro_model.sv:51$4378'.
  created $adff cell `$procdff$81728' with positive edge clock and negative level reset.
Creating register for signal `$paramod\gtsu_lbuf_16bank_macro_model\BANKS=16\ROWS=1\DATA_W=128\READ_LATENCY=3.$mem2reg_wr$\memory$architecture_simulator/rtl/vertical_slice/gtsu_lbuf_16bank_macro_model.sv:78$4153_ADDR' using process `$paramod\gtsu_lbuf_16bank_macro_model\BANKS=16\ROWS=1\DATA_W=128\READ_LATENCY=3.$proc$architecture_simulator/rtl/vertical_slice/gtsu_lbuf_16bank_macro_model.sv:51$4378'.
  created $adff cell `$procdff$81729' with positive edge clock and negative level reset.
Creating register for signal `$paramod\gtsu_lbuf_16bank_macro_model\BANKS=16\ROWS=1\DATA_W=128\READ_LATENCY=3.$mem2reg_wr$\memory$architecture_simulator/rtl/vertical_slice/gtsu_lbuf_16bank_macro_model.sv:78$4153_DATA' using process `$paramod\gtsu_lbuf_16bank_macro_model\BANKS=16\ROWS=1\DATA_W=128\READ_LATENCY=3.$proc$architecture_simulator/rtl/vertical_slice/gtsu_lbuf_16bank_macro_model.sv:51$4378'.
  created $adff cell `$procdff$81730' with positive edge clock and negative level reset.
Creating register for signal `$paramod\gtsu_lbuf_16bank_macro_model\BANKS=16\ROWS=1\DATA_W=128\READ_LATENCY=3.$mem2reg_wr$\memory$architecture_simulator/rtl/vertical_slice/gtsu_lbuf_16bank_macro_model.sv:78$4154_ADDR' using process `$paramod\gtsu_lbuf_16bank_macro_model\BANKS=16\ROWS=1\DATA_W=128\READ_LATENCY=3.$proc$architecture_simulator/rtl/vertical_slice/gtsu_lbuf_16bank_macro_model.sv:51$4378'.
  created $adff cell `$procdff$81731' with positive edge clock and negative level reset.
Creating register for signal `$paramod\gtsu_lbuf_16bank_macro_model\BANKS=16\ROWS=1\DATA_W=128\READ_LATENCY=3.$mem2reg_wr$\memory$architecture_simulator/rtl/vertical_slice/gtsu_lbuf_16bank_macro_model.sv:78$4154_DATA' using process `$paramod\gtsu_lbuf_16bank_macro_model\BANKS=16\ROWS=1\DATA_W=128\READ_LATENCY=3.$proc$architecture_simulator/rtl/vertical_slice/gtsu_lbuf_16bank_macro_model.sv:51$4378'.
  created $adff cell `$procdff$81732' with positive edge clock and negative level reset.
Creating register for signal `$paramod\gtsu_lbuf_16bank_macro_model\BANKS=16\ROWS=1\DATA_W=128\READ_LATENCY=3.$mem2reg_wr$\memory$architecture_simulator/rtl/vertical_slice/gtsu_lbuf_16bank_macro_model.sv:78$4155_ADDR' using process `$paramod\gtsu_lbuf_16bank_macro_model\BANKS=16\ROWS=1\DATA_W=128\READ_LATENCY=3.$proc$architecture_simulator/rtl/vertical_slice/gtsu_lbuf_16bank_macro_model.sv:51$4378'.
  created $adff cell `$procdff$81733' with positive edge clock and negative level reset.
Creating register for signal `$paramod\gtsu_lbuf_16bank_macro_model\BANKS=16\ROWS=1\DATA_W=128\READ_LATENCY=3.$mem2reg_wr$\memory$architecture_simulator/rtl/vertical_slice/gtsu_lbuf_16bank_macro_model.sv:78$4155_DATA' using process `$paramod\gtsu_lbuf_16bank_macro_model\BANKS=16\ROWS=1\DATA_W=128\READ_LATENCY=3.$proc$architecture_simulator/rtl/vertical_slice/gtsu_lbuf_16bank_macro_model.sv:51$4378'.
  created $adff cell `$procdff$81734' with positive edge clock and negative level reset.
Creating register for signal `$paramod\gtsu_lbuf_16bank_macro_model\BANKS=16\ROWS=1\DATA_W=128\READ_LATENCY=3.$mem2reg_wr$\memory$architecture_simulator/rtl/vertical_slice/gtsu_lbuf_16bank_macro_model.sv:78$4156_ADDR' using process `$paramod\gtsu_lbuf_16bank_macro_model\BANKS=16\ROWS=1\DATA_W=128\READ_LATENCY=3.$proc$architecture_simulator/rtl/vertical_slice/gtsu_lbuf_16bank_macro_model.sv:51$4378'.
  created $adff cell `$procdff$81735' with positive edge clock and negative level reset.
Creating register for signal `$paramod\gtsu_lbuf_16bank_macro_model\BANKS=16\ROWS=1\DATA_W=128\READ_LATENCY=3.$mem2reg_wr$\memory$architecture_simulator/rtl/vertical_slice/gtsu_lbuf_16bank_macro_model.sv:78$4156_DATA' using process `$paramod\gtsu_lbuf_16bank_macro_model\BANKS=16\ROWS=1\DATA_W=128\READ_LATENCY=3.$proc$architecture_simulator/rtl/vertical_slice/gtsu_lbuf_16bank_macro_model.sv:51$4378'.
  created $adff cell `$procdff$81736' with positive edge clock and negative level reset.
Creating register for signal `$paramod\gtsu_lbuf_16bank_macro_model\BANKS=16\ROWS=1\DATA_W=128\READ_LATENCY=3.$mem2reg_wr$\memory$architecture_simulator/rtl/vertical_slice/gtsu_lbuf_16bank_macro_model.sv:78$4157_ADDR' using process `$paramod\gtsu_lbuf_16bank_macro_model\BANKS=16\ROWS=1\DATA_W=128\READ_LATENCY=3.$proc$architecture_simulator/rtl/vertical_slice/gtsu_lbuf_16bank_macro_model.sv:51$4378'.
  created $adff cell `$procdff$81737' with positive edge clock and negative level reset.
Creating register for signal `$paramod\gtsu_lbuf_16bank_macro_model\BANKS=16\ROWS=1\DATA_W=128\READ_LATENCY=3.$mem2reg_wr$\memory$architecture_simulator/rtl/vertical_slice/gtsu_lbuf_16bank_macro_model.sv:78$4157_DATA' using process `$paramod\gtsu_lbuf_16bank_macro_model\BANKS=16\ROWS=1\DATA_W=128\READ_LATENCY=3.$proc$architecture_simulator/rtl/vertical_slice/gtsu_lbuf_16bank_macro_model.sv:51$4378'.
  created $adff cell `$procdff$81738' with positive edge clock and negative level reset.
Creating register for signal `$paramod\gtsu_lbuf_16bank_macro_model\BANKS=16\ROWS=1\DATA_W=128\READ_LATENCY=3.$mem2reg_wr$\memory$architecture_simulator/rtl/vertical_slice/gtsu_lbuf_16bank_macro_model.sv:78$4158_ADDR' using process `$paramod\gtsu_lbuf_16bank_macro_model\BANKS=16\ROWS=1\DATA_W=128\READ_LATENCY=3.$proc$architecture_simulator/rtl/vertical_slice/gtsu_lbuf_16bank_macro_model.sv:51$4378'.
  created $adff cell `$procdff$81739' with positive edge clock and negative level reset.
Creating register for signal `$paramod\gtsu_lbuf_16bank_macro_model\BANKS=16\ROWS=1\DATA_W=128\READ_LATENCY=3.$mem2reg_wr$\memory$architecture_simulator/rtl/vertical_slice/gtsu_lbuf_16bank_macro_model.sv:78$4158_DATA' using process `$paramod\gtsu_lbuf_16bank_macro_model\BANKS=16\ROWS=1\DATA_W=128\READ_LATENCY=3.$proc$architecture_simulator/rtl/vertical_slice/gtsu_lbuf_16bank_macro_model.sv:51$4378'.
  created $adff cell `$procdff$81740' with positive edge clock and negative level reset.
Creating register for signal `$paramod\gtsu_lbuf_16bank_macro_model\BANKS=16\ROWS=1\DATA_W=128\READ_LATENCY=3.$mem2reg_wr$\memory$architecture_simulator/rtl/vertical_slice/gtsu_lbuf_16bank_macro_model.sv:78$4159_ADDR' using process `$paramod\gtsu_lbuf_16bank_macro_model\BANKS=16\ROWS=1\DATA_W=128\READ_LATENCY=3.$proc$architecture_simulator/rtl/vertical_slice/gtsu_lbuf_16bank_macro_model.sv:51$4378'.
  created $adff cell `$procdff$81741' with positive edge clock and negative level reset.
Creating register for signal `$paramod\gtsu_lbuf_16bank_macro_model\BANKS=16\ROWS=1\DATA_W=128\READ_LATENCY=3.$mem2reg_wr$\memory$architecture_simulator/rtl/vertical_slice/gtsu_lbuf_16bank_macro_model.sv:78$4159_DATA' using process `$paramod\gtsu_lbuf_16bank_macro_model\BANKS=16\ROWS=1\DATA_W=128\READ_LATENCY=3.$proc$architecture_simulator/rtl/vertical_slice/gtsu_lbuf_16bank_macro_model.sv:51$4378'.
  created $adff cell `$procdff$81742' with positive edge clock and negative level reset.
Creating register for signal `$paramod\gtsu_lbuf_16bank_macro_model\BANKS=16\ROWS=1\DATA_W=128\READ_LATENCY=3.$mem2reg_wr$\memory$architecture_simulator/rtl/vertical_slice/gtsu_lbuf_16bank_macro_model.sv:78$4160_ADDR' using process `$paramod\gtsu_lbuf_16bank_macro_model\BANKS=16\ROWS=1\DATA_W=128\READ_LATENCY=3.$proc$architecture_simulator/rtl/vertical_slice/gtsu_lbuf_16bank_macro_model.sv:51$4378'.
  created $adff cell `$procdff$81743' with positive edge clock and negative level reset.
Creating register for signal `$paramod\gtsu_lbuf_16bank_macro_model\BANKS=16\ROWS=1\DATA_W=128\READ_LATENCY=3.$mem2reg_wr$\memory$architecture_simulator/rtl/vertical_slice/gtsu_lbuf_16bank_macro_model.sv:78$4160_DATA' using process `$paramod\gtsu_lbuf_16bank_macro_model\BANKS=16\ROWS=1\DATA_W=128\READ_LATENCY=3.$proc$architecture_simulator/rtl/vertical_slice/gtsu_lbuf_16bank_macro_model.sv:51$4378'.
  created $adff cell `$procdff$81744' with positive edge clock and negative level reset.
Creating register for signal `$paramod\gtsu_lbuf_16bank_macro_model\BANKS=16\ROWS=1\DATA_W=128\READ_LATENCY=3.$mem2reg_wr$\memory$architecture_simulator/rtl/vertical_slice/gtsu_lbuf_16bank_macro_model.sv:78$4161_ADDR' using process `$paramod\gtsu_lbuf_16bank_macro_model\BANKS=16\ROWS=1\DATA_W=128\READ_LATENCY=3.$proc$architecture_simulator/rtl/vertical_slice/gtsu_lbuf_16bank_macro_model.sv:51$4378'.
  created $adff cell `$procdff$81745' with positive edge clock and negative level reset.
Creating register for signal `$paramod\gtsu_lbuf_16bank_macro_model\BANKS=16\ROWS=1\DATA_W=128\READ_LATENCY=3.$mem2reg_wr$\memory$architecture_simulator/rtl/vertical_slice/gtsu_lbuf_16bank_macro_model.sv:78$4161_DATA' using process `$paramod\gtsu_lbuf_16bank_macro_model\BANKS=16\ROWS=1\DATA_W=128\READ_LATENCY=3.$proc$architecture_simulator/rtl/vertical_slice/gtsu_lbuf_16bank_macro_model.sv:51$4378'.
  created $adff cell `$procdff$81746' with positive edge clock and negative level reset.
Creating register for signal `$paramod\gtsu_lbuf_16bank_macro_model\BANKS=16\ROWS=1\DATA_W=128\READ_LATENCY=3.$mem2reg_wr$\memory$architecture_simulator/rtl/vertical_slice/gtsu_lbuf_16bank_macro_model.sv:78$4162_ADDR' using process `$paramod\gtsu_lbuf_16bank_macro_model\BANKS=16\ROWS=1\DATA_W=128\READ_LATENCY=3.$proc$architecture_simulator/rtl/vertical_slice/gtsu_lbuf_16bank_macro_model.sv:51$4378'.
  created $adff cell `$procdff$81747' with positive edge clock and negative level reset.
Creating register for signal `$paramod\gtsu_lbuf_16bank_macro_model\BANKS=16\ROWS=1\DATA_W=128\READ_LATENCY=3.$mem2reg_wr$\memory$architecture_simulator/rtl/vertical_slice/gtsu_lbuf_16bank_macro_model.sv:78$4162_DATA' using process `$paramod\gtsu_lbuf_16bank_macro_model\BANKS=16\ROWS=1\DATA_W=128\READ_LATENCY=3.$proc$architecture_simulator/rtl/vertical_slice/gtsu_lbuf_16bank_macro_model.sv:51$4378'.
  created $adff cell `$procdff$81748' with positive edge clock and negative level reset.
Creating register for signal `$paramod\gtsu_lbuf_16bank_macro_model\BANKS=16\ROWS=1\DATA_W=128\READ_LATENCY=3.$mem2reg_wr$\memory$architecture_simulator/rtl/vertical_slice/gtsu_lbuf_16bank_macro_model.sv:78$4163_ADDR' using process `$paramod\gtsu_lbuf_16bank_macro_model\BANKS=16\ROWS=1\DATA_W=128\READ_LATENCY=3.$proc$architecture_simulator/rtl/vertical_slice/gtsu_lbuf_16bank_macro_model.sv:51$4378'.
  created $adff cell `$procdff$81749' with positive edge clock and negative level reset.
Creating register for signal `$paramod\gtsu_lbuf_16bank_macro_model\BANKS=16\ROWS=1\DATA_W=128\READ_LATENCY=3.$mem2reg_wr$\memory$architecture_simulator/rtl/vertical_slice/gtsu_lbuf_16bank_macro_model.sv:78$4163_DATA' using process `$paramod\gtsu_lbuf_16bank_macro_model\BANKS=16\ROWS=1\DATA_W=128\READ_LATENCY=3.$proc$architecture_simulator/rtl/vertical_slice/gtsu_lbuf_16bank_macro_model.sv:51$4378'.
  created $adff cell `$procdff$81750' with positive edge clock and negative level reset.
Creating register for signal `$paramod\gtsu_lbuf_16bank_macro_model\BANKS=16\ROWS=1\DATA_W=128\READ_LATENCY=3.$mem2reg_wr$\memory$architecture_simulator/rtl/vertical_slice/gtsu_lbuf_16bank_macro_model.sv:78$4164_ADDR' using process `$paramod\gtsu_lbuf_16bank_macro_model\BANKS=16\ROWS=1\DATA_W=128\READ_LATENCY=3.$proc$architecture_simulator/rtl/vertical_slice/gtsu_lbuf_16bank_macro_model.sv:51$4378'.
  created $adff cell `$procdff$81751' with positive edge clock and negative level reset.
Creating register for signal `$paramod\gtsu_lbuf_16bank_macro_model\BANKS=16\ROWS=1\DATA_W=128\READ_LATENCY=3.$mem2reg_wr$\memory$architecture_simulator/rtl/vertical_slice/gtsu_lbuf_16bank_macro_model.sv:78$4164_DATA' using process `$paramod\gtsu_lbuf_16bank_macro_model\BANKS=16\ROWS=1\DATA_W=128\READ_LATENCY=3.$proc$architecture_simulator/rtl/vertical_slice/gtsu_lbuf_16bank_macro_model.sv:51$4378'.
  created $adff cell `$procdff$81752' with positive edge clock and negative level reset.
Creating register for signal `$paramod\gtsu_lbuf_16bank_macro_model\BANKS=16\ROWS=1\DATA_W=128\READ_LATENCY=3.$mem2reg_wr$\memory$architecture_simulator/rtl/vertical_slice/gtsu_lbuf_16bank_macro_model.sv:78$4165_ADDR' using process `$paramod\gtsu_lbuf_16bank_macro_model\BANKS=16\ROWS=1\DATA_W=128\READ_LATENCY=3.$proc$architecture_simulator/rtl/vertical_slice/gtsu_lbuf_16bank_macro_model.sv:51$4378'.
  created $adff cell `$procdff$81753' with positive edge clock and negative level reset.
Creating register for signal `$paramod\gtsu_lbuf_16bank_macro_model\BANKS=16\ROWS=1\DATA_W=128\READ_LATENCY=3.$mem2reg_wr$\memory$architecture_simulator/rtl/vertical_slice/gtsu_lbuf_16bank_macro_model.sv:78$4165_DATA' using process `$paramod\gtsu_lbuf_16bank_macro_model\BANKS=16\ROWS=1\DATA_W=128\READ_LATENCY=3.$proc$architecture_simulator/rtl/vertical_slice/gtsu_lbuf_16bank_macro_model.sv:51$4378'.
  created $adff cell `$procdff$81754' with positive edge clock and negative level reset.
Creating register for signal `$paramod\gtsu_lbuf_16bank_macro_model\BANKS=16\ROWS=1\DATA_W=128\READ_LATENCY=3.$mem2reg_wr$\memory$architecture_simulator/rtl/vertical_slice/gtsu_lbuf_16bank_macro_model.sv:78$4166_ADDR' using process `$paramod\gtsu_lbuf_16bank_macro_model\BANKS=16\ROWS=1\DATA_W=128\READ_LATENCY=3.$proc$architecture_simulator/rtl/vertical_slice/gtsu_lbuf_16bank_macro_model.sv:51$4378'.
  created $adff cell `$procdff$81755' with positive edge clock and negative level reset.
Creating register for signal `$paramod\gtsu_lbuf_16bank_macro_model\BANKS=16\ROWS=1\DATA_W=128\READ_LATENCY=3.$mem2reg_wr$\memory$architecture_simulator/rtl/vertical_slice/gtsu_lbuf_16bank_macro_model.sv:78$4166_DATA' using process `$paramod\gtsu_lbuf_16bank_macro_model\BANKS=16\ROWS=1\DATA_W=128\READ_LATENCY=3.$proc$architecture_simulator/rtl/vertical_slice/gtsu_lbuf_16bank_macro_model.sv:51$4378'.
  created $adff cell `$procdff$81756' with positive edge clock and negative level reset.
Creating register for signal `$paramod\gtsu_lbuf_16bank_macro_model\BANKS=16\ROWS=1\DATA_W=128\READ_LATENCY=3.$mem2reg_wr$\memory$architecture_simulator/rtl/vertical_slice/gtsu_lbuf_16bank_macro_model.sv:78$4167_ADDR' using process `$paramod\gtsu_lbuf_16bank_macro_model\BANKS=16\ROWS=1\DATA_W=128\READ_LATENCY=3.$proc$architecture_simulator/rtl/vertical_slice/gtsu_lbuf_16bank_macro_model.sv:51$4378'.
  created $adff cell `$procdff$81757' with positive edge clock and negative level reset.
Creating register for signal `$paramod\gtsu_lbuf_16bank_macro_model\BANKS=16\ROWS=1\DATA_W=128\READ_LATENCY=3.$mem2reg_wr$\memory$architecture_simulator/rtl/vertical_slice/gtsu_lbuf_16bank_macro_model.sv:78$4167_DATA' using process `$paramod\gtsu_lbuf_16bank_macro_model\BANKS=16\ROWS=1\DATA_W=128\READ_LATENCY=3.$proc$architecture_simulator/rtl/vertical_slice/gtsu_lbuf_16bank_macro_model.sv:51$4378'.
  created $adff cell `$procdff$81758' with positive edge clock and negative level reset.
Creating register for signal `$paramod\gtsu_lbuf_16bank_macro_model\BANKS=16\ROWS=1\DATA_W=128\READ_LATENCY=3.$mem2reg_wr$\memory$architecture_simulator/rtl/vertical_slice/gtsu_lbuf_16bank_macro_model.sv:78$4168_ADDR' using process `$paramod\gtsu_lbuf_16bank_macro_model\BANKS=16\ROWS=1\DATA_W=128\READ_LATENCY=3.$proc$architecture_simulator/rtl/vertical_slice/gtsu_lbuf_16bank_macro_model.sv:51$4378'.
  created $adff cell `$procdff$81759' with positive edge clock and negative level reset.
Creating register for signal `$paramod\gtsu_lbuf_16bank_macro_model\BANKS=16\ROWS=1\DATA_W=128\READ_LATENCY=3.$mem2reg_wr$\memory$architecture_simulator/rtl/vertical_slice/gtsu_lbuf_16bank_macro_model.sv:78$4168_DATA' using process `$paramod\gtsu_lbuf_16bank_macro_model\BANKS=16\ROWS=1\DATA_W=128\READ_LATENCY=3.$proc$architecture_simulator/rtl/vertical_slice/gtsu_lbuf_16bank_macro_model.sv:51$4378'.
  created $adff cell `$procdff$81760' with positive edge clock and negative level reset.
Creating register for signal `$paramod\gtsu_lbuf_16bank_macro_model\BANKS=16\ROWS=1\DATA_W=128\READ_LATENCY=3.$mem2reg_wr$\memory$architecture_simulator/rtl/vertical_slice/gtsu_lbuf_16bank_macro_model.sv:78$4169_ADDR' using process `$paramod\gtsu_lbuf_16bank_macro_model\BANKS=16\ROWS=1\DATA_W=128\READ_LATENCY=3.$proc$architecture_simulator/rtl/vertical_slice/gtsu_lbuf_16bank_macro_model.sv:51$4378'.
  created $adff cell `$procdff$81761' with positive edge clock and negative level reset.
Creating register for signal `$paramod\gtsu_lbuf_16bank_macro_model\BANKS=16\ROWS=1\DATA_W=128\READ_LATENCY=3.$mem2reg_wr$\memory$architecture_simulator/rtl/vertical_slice/gtsu_lbuf_16bank_macro_model.sv:78$4169_DATA' using process `$paramod\gtsu_lbuf_16bank_macro_model\BANKS=16\ROWS=1\DATA_W=128\READ_LATENCY=3.$proc$architecture_simulator/rtl/vertical_slice/gtsu_lbuf_16bank_macro_model.sv:51$4378'.
  created $adff cell `$procdff$81762' with positive edge clock and negative level reset.
Creating register for signal `$paramod\gtsu_lbuf_16bank_macro_model\BANKS=16\ROWS=1\DATA_W=128\READ_LATENCY=3.$mem2reg_wr$\memory$architecture_simulator/rtl/vertical_slice/gtsu_lbuf_16bank_macro_model.sv:78$4170_ADDR' using process `$paramod\gtsu_lbuf_16bank_macro_model\BANKS=16\ROWS=1\DATA_W=128\READ_LATENCY=3.$proc$architecture_simulator/rtl/vertical_slice/gtsu_lbuf_16bank_macro_model.sv:51$4378'.
  created $adff cell `$procdff$81763' with positive edge clock and negative level reset.
Creating register for signal `$paramod\gtsu_lbuf_16bank_macro_model\BANKS=16\ROWS=1\DATA_W=128\READ_LATENCY=3.$mem2reg_wr$\memory$architecture_simulator/rtl/vertical_slice/gtsu_lbuf_16bank_macro_model.sv:78$4170_DATA' using process `$paramod\gtsu_lbuf_16bank_macro_model\BANKS=16\ROWS=1\DATA_W=128\READ_LATENCY=3.$proc$architecture_simulator/rtl/vertical_slice/gtsu_lbuf_16bank_macro_model.sv:51$4378'.
  created $adff cell `$procdff$81764' with positive edge clock and negative level reset.
Creating register for signal `$paramod\gtsu_lbuf_16bank_macro_model\BANKS=16\ROWS=1\DATA_W=128\READ_LATENCY=3.$mem2reg_wr$\memory$architecture_simulator/rtl/vertical_slice/gtsu_lbuf_16bank_macro_model.sv:78$4171_ADDR' using process `$paramod\gtsu_lbuf_16bank_macro_model\BANKS=16\ROWS=1\DATA_W=128\READ_LATENCY=3.$proc$architecture_simulator/rtl/vertical_slice/gtsu_lbuf_16bank_macro_model.sv:51$4378'.
  created $adff cell `$procdff$81765' with positive edge clock and negative level reset.
Creating register for signal `$paramod\gtsu_lbuf_16bank_macro_model\BANKS=16\ROWS=1\DATA_W=128\READ_LATENCY=3.$mem2reg_wr$\memory$architecture_simulator/rtl/vertical_slice/gtsu_lbuf_16bank_macro_model.sv:78$4171_DATA' using process `$paramod\gtsu_lbuf_16bank_macro_model\BANKS=16\ROWS=1\DATA_W=128\READ_LATENCY=3.$proc$architecture_simulator/rtl/vertical_slice/gtsu_lbuf_16bank_macro_model.sv:51$4378'.
  created $adff cell `$procdff$81766' with positive edge clock and negative level reset.
Creating register for signal `$paramod\gtsu_lbuf_16bank_macro_model\BANKS=16\ROWS=1\DATA_W=128\READ_LATENCY=3.$mem2reg_wr$\memory$architecture_simulator/rtl/vertical_slice/gtsu_lbuf_16bank_macro_model.sv:78$4172_ADDR' using process `$paramod\gtsu_lbuf_16bank_macro_model\BANKS=16\ROWS=1\DATA_W=128\READ_LATENCY=3.$proc$architecture_simulator/rtl/vertical_slice/gtsu_lbuf_16bank_macro_model.sv:51$4378'.
  created $adff cell `$procdff$81767' with positive edge clock and negative level reset.
Creating register for signal `$paramod\gtsu_lbuf_16bank_macro_model\BANKS=16\ROWS=1\DATA_W=128\READ_LATENCY=3.$mem2reg_wr$\memory$architecture_simulator/rtl/vertical_slice/gtsu_lbuf_16bank_macro_model.sv:78$4172_DATA' using process `$paramod\gtsu_lbuf_16bank_macro_model\BANKS=16\ROWS=1\DATA_W=128\READ_LATENCY=3.$proc$architecture_simulator/rtl/vertical_slice/gtsu_lbuf_16bank_macro_model.sv:51$4378'.
  created $adff cell `$procdff$81768' with positive edge clock and negative level reset.
Creating register for signal `$paramod\gtsu_lbuf_16bank_macro_model\BANKS=16\ROWS=1\DATA_W=128\READ_LATENCY=3.$mem2reg_wr$\memory$architecture_simulator/rtl/vertical_slice/gtsu_lbuf_16bank_macro_model.sv:78$4173_ADDR' using process `$paramod\gtsu_lbuf_16bank_macro_model\BANKS=16\ROWS=1\DATA_W=128\READ_LATENCY=3.$proc$architecture_simulator/rtl/vertical_slice/gtsu_lbuf_16bank_macro_model.sv:51$4378'.
  created $adff cell `$procdff$81769' with positive edge clock and negative level reset.
Creating register for signal `$paramod\gtsu_lbuf_16bank_macro_model\BANKS=16\ROWS=1\DATA_W=128\READ_LATENCY=3.$mem2reg_wr$\memory$architecture_simulator/rtl/vertical_slice/gtsu_lbuf_16bank_macro_model.sv:78$4173_DATA' using process `$paramod\gtsu_lbuf_16bank_macro_model\BANKS=16\ROWS=1\DATA_W=128\READ_LATENCY=3.$proc$architecture_simulator/rtl/vertical_slice/gtsu_lbuf_16bank_macro_model.sv:51$4378'.
  created $adff cell `$procdff$81770' with positive edge clock and negative level reset.
Creating register for signal `$paramod\gtsu_lbuf_16bank_macro_model\BANKS=16\ROWS=1\DATA_W=128\READ_LATENCY=3.$mem2reg_wr$\memory$architecture_simulator/rtl/vertical_slice/gtsu_lbuf_16bank_macro_model.sv:78$4174_ADDR' using process `$paramod\gtsu_lbuf_16bank_macro_model\BANKS=16\ROWS=1\DATA_W=128\READ_LATENCY=3.$proc$architecture_simulator/rtl/vertical_slice/gtsu_lbuf_16bank_macro_model.sv:51$4378'.
  created $adff cell `$procdff$81771' with positive edge clock and negative level reset.
Creating register for signal `$paramod\gtsu_lbuf_16bank_macro_model\BANKS=16\ROWS=1\DATA_W=128\READ_LATENCY=3.$mem2reg_wr$\memory$architecture_simulator/rtl/vertical_slice/gtsu_lbuf_16bank_macro_model.sv:78$4174_DATA' using process `$paramod\gtsu_lbuf_16bank_macro_model\BANKS=16\ROWS=1\DATA_W=128\READ_LATENCY=3.$proc$architecture_simulator/rtl/vertical_slice/gtsu_lbuf_16bank_macro_model.sv:51$4378'.
  created $adff cell `$procdff$81772' with positive edge clock and negative level reset.
Creating register for signal `$paramod\gtsu_lbuf_16bank_macro_model\BANKS=16\ROWS=1\DATA_W=128\READ_LATENCY=3.$mem2reg_wr$\memory$architecture_simulator/rtl/vertical_slice/gtsu_lbuf_16bank_macro_model.sv:78$4175_ADDR' using process `$paramod\gtsu_lbuf_16bank_macro_model\BANKS=16\ROWS=1\DATA_W=128\READ_LATENCY=3.$proc$architecture_simulator/rtl/vertical_slice/gtsu_lbuf_16bank_macro_model.sv:51$4378'.
  created $adff cell `$procdff$81773' with positive edge clock and negative level reset.
Creating register for signal `$paramod\gtsu_lbuf_16bank_macro_model\BANKS=16\ROWS=1\DATA_W=128\READ_LATENCY=3.$mem2reg_wr$\memory$architecture_simulator/rtl/vertical_slice/gtsu_lbuf_16bank_macro_model.sv:78$4175_DATA' using process `$paramod\gtsu_lbuf_16bank_macro_model\BANKS=16\ROWS=1\DATA_W=128\READ_LATENCY=3.$proc$architecture_simulator/rtl/vertical_slice/gtsu_lbuf_16bank_macro_model.sv:51$4378'.
  created $adff cell `$procdff$81774' with positive edge clock and negative level reset.
Creating register for signal `$paramod\gtsu_lbuf_16bank_macro_model\BANKS=16\ROWS=1\DATA_W=128\READ_LATENCY=3.$mem2reg_wr$\memory$architecture_simulator/rtl/vertical_slice/gtsu_lbuf_16bank_macro_model.sv:78$4176_ADDR' using process `$paramod\gtsu_lbuf_16bank_macro_model\BANKS=16\ROWS=1\DATA_W=128\READ_LATENCY=3.$proc$architecture_simulator/rtl/vertical_slice/gtsu_lbuf_16bank_macro_model.sv:51$4378'.
  created $adff cell `$procdff$81775' with positive edge clock and negative level reset.
Creating register for signal `$paramod\gtsu_lbuf_16bank_macro_model\BANKS=16\ROWS=1\DATA_W=128\READ_LATENCY=3.$mem2reg_wr$\memory$architecture_simulator/rtl/vertical_slice/gtsu_lbuf_16bank_macro_model.sv:78$4176_DATA' using process `$paramod\gtsu_lbuf_16bank_macro_model\BANKS=16\ROWS=1\DATA_W=128\READ_LATENCY=3.$proc$architecture_simulator/rtl/vertical_slice/gtsu_lbuf_16bank_macro_model.sv:51$4378'.
  created $adff cell `$procdff$81776' with positive edge clock and negative level reset.
Creating register for signal `$paramod\gtsu_lbuf_16bank_macro_model\BANKS=16\ROWS=1\DATA_W=128\READ_LATENCY=3.$mem2reg_wr$\memory$architecture_simulator/rtl/vertical_slice/gtsu_lbuf_16bank_macro_model.sv:78$4177_ADDR' using process `$paramod\gtsu_lbuf_16bank_macro_model\BANKS=16\ROWS=1\DATA_W=128\READ_LATENCY=3.$proc$architecture_simulator/rtl/vertical_slice/gtsu_lbuf_16bank_macro_model.sv:51$4378'.
  created $adff cell `$procdff$81777' with positive edge clock and negative level reset.
Creating register for signal `$paramod\gtsu_lbuf_16bank_macro_model\BANKS=16\ROWS=1\DATA_W=128\READ_LATENCY=3.$mem2reg_wr$\memory$architecture_simulator/rtl/vertical_slice/gtsu_lbuf_16bank_macro_model.sv:78$4177_DATA' using process `$paramod\gtsu_lbuf_16bank_macro_model\BANKS=16\ROWS=1\DATA_W=128\READ_LATENCY=3.$proc$architecture_simulator/rtl/vertical_slice/gtsu_lbuf_16bank_macro_model.sv:51$4378'.
  created $adff cell `$procdff$81778' with positive edge clock and negative level reset.
Creating register for signal `$paramod\gtsu_lbuf_16bank_macro_model\BANKS=16\ROWS=1\DATA_W=128\READ_LATENCY=3.$mem2reg_wr$\memory$architecture_simulator/rtl/vertical_slice/gtsu_lbuf_16bank_macro_model.sv:78$4178_ADDR' using process `$paramod\gtsu_lbuf_16bank_macro_model\BANKS=16\ROWS=1\DATA_W=128\READ_LATENCY=3.$proc$architecture_simulator/rtl/vertical_slice/gtsu_lbuf_16bank_macro_model.sv:51$4378'.
  created $adff cell `$procdff$81779' with positive edge clock and negative level reset.
Creating register for signal `$paramod\gtsu_lbuf_16bank_macro_model\BANKS=16\ROWS=1\DATA_W=128\READ_LATENCY=3.$mem2reg_wr$\memory$architecture_simulator/rtl/vertical_slice/gtsu_lbuf_16bank_macro_model.sv:78$4178_DATA' using process `$paramod\gtsu_lbuf_16bank_macro_model\BANKS=16\ROWS=1\DATA_W=128\READ_LATENCY=3.$proc$architecture_simulator/rtl/vertical_slice/gtsu_lbuf_16bank_macro_model.sv:51$4378'.
  created $adff cell `$procdff$81780' with positive edge clock and negative level reset.
Creating register for signal `$paramod\gtsu_lbuf_16bank_macro_model\BANKS=16\ROWS=1\DATA_W=128\READ_LATENCY=3.$mem2reg_wr$\memory$architecture_simulator/rtl/vertical_slice/gtsu_lbuf_16bank_macro_model.sv:78$4179_ADDR' using process `$paramod\gtsu_lbuf_16bank_macro_model\BANKS=16\ROWS=1\DATA_W=128\READ_LATENCY=3.$proc$architecture_simulator/rtl/vertical_slice/gtsu_lbuf_16bank_macro_model.sv:51$4378'.
  created $adff cell `$procdff$81781' with positive edge clock and negative level reset.
Creating register for signal `$paramod\gtsu_lbuf_16bank_macro_model\BANKS=16\ROWS=1\DATA_W=128\READ_LATENCY=3.$mem2reg_wr$\memory$architecture_simulator/rtl/vertical_slice/gtsu_lbuf_16bank_macro_model.sv:78$4179_DATA' using process `$paramod\gtsu_lbuf_16bank_macro_model\BANKS=16\ROWS=1\DATA_W=128\READ_LATENCY=3.$proc$architecture_simulator/rtl/vertical_slice/gtsu_lbuf_16bank_macro_model.sv:51$4378'.
  created $adff cell `$procdff$81782' with positive edge clock and negative level reset.
Creating register for signal `$paramod\gtsu_lbuf_16bank_macro_model\BANKS=16\ROWS=1\DATA_W=128\READ_LATENCY=3.$mem2reg_wr$\memory$architecture_simulator/rtl/vertical_slice/gtsu_lbuf_16bank_macro_model.sv:78$4180_ADDR' using process `$paramod\gtsu_lbuf_16bank_macro_model\BANKS=16\ROWS=1\DATA_W=128\READ_LATENCY=3.$proc$architecture_simulator/rtl/vertical_slice/gtsu_lbuf_16bank_macro_model.sv:51$4378'.
  created $adff cell `$procdff$81783' with positive edge clock and negative level reset.
Creating register for signal `$paramod\gtsu_lbuf_16bank_macro_model\BANKS=16\ROWS=1\DATA_W=128\READ_LATENCY=3.$mem2reg_wr$\memory$architecture_simulator/rtl/vertical_slice/gtsu_lbuf_16bank_macro_model.sv:78$4180_DATA' using process `$paramod\gtsu_lbuf_16bank_macro_model\BANKS=16\ROWS=1\DATA_W=128\READ_LATENCY=3.$proc$architecture_simulator/rtl/vertical_slice/gtsu_lbuf_16bank_macro_model.sv:51$4378'.
  created $adff cell `$procdff$81784' with positive edge clock and negative level reset.
Creating register for signal `$paramod\gtsu_lbuf_16bank_macro_model\BANKS=16\ROWS=1\DATA_W=128\READ_LATENCY=3.$mem2reg_wr$\memory$architecture_simulator/rtl/vertical_slice/gtsu_lbuf_16bank_macro_model.sv:78$4181_ADDR' using process `$paramod\gtsu_lbuf_16bank_macro_model\BANKS=16\ROWS=1\DATA_W=128\READ_LATENCY=3.$proc$architecture_simulator/rtl/vertical_slice/gtsu_lbuf_16bank_macro_model.sv:51$4378'.
  created $adff cell `$procdff$81785' with positive edge clock and negative level reset.
Creating register for signal `$paramod\gtsu_lbuf_16bank_macro_model\BANKS=16\ROWS=1\DATA_W=128\READ_LATENCY=3.$mem2reg_wr$\memory$architecture_simulator/rtl/vertical_slice/gtsu_lbuf_16bank_macro_model.sv:78$4181_DATA' using process `$paramod\gtsu_lbuf_16bank_macro_model\BANKS=16\ROWS=1\DATA_W=128\READ_LATENCY=3.$proc$architecture_simulator/rtl/vertical_slice/gtsu_lbuf_16bank_macro_model.sv:51$4378'.
  created $adff cell `$procdff$81786' with positive edge clock and negative level reset.
Creating register for signal `$paramod\gtsu_lbuf_16bank_macro_model\BANKS=16\ROWS=1\DATA_W=128\READ_LATENCY=3.$mem2reg_wr$\memory$architecture_simulator/rtl/vertical_slice/gtsu_lbuf_16bank_macro_model.sv:78$4182_ADDR' using process `$paramod\gtsu_lbuf_16bank_macro_model\BANKS=16\ROWS=1\DATA_W=128\READ_LATENCY=3.$proc$architecture_simulator/rtl/vertical_slice/gtsu_lbuf_16bank_macro_model.sv:51$4378'.
  created $adff cell `$procdff$81787' with positive edge clock and negative level reset.
Creating register for signal `$paramod\gtsu_lbuf_16bank_macro_model\BANKS=16\ROWS=1\DATA_W=128\READ_LATENCY=3.$mem2reg_wr$\memory$architecture_simulator/rtl/vertical_slice/gtsu_lbuf_16bank_macro_model.sv:78$4182_DATA' using process `$paramod\gtsu_lbuf_16bank_macro_model\BANKS=16\ROWS=1\DATA_W=128\READ_LATENCY=3.$proc$architecture_simulator/rtl/vertical_slice/gtsu_lbuf_16bank_macro_model.sv:51$4378'.
  created $adff cell `$procdff$81788' with positive edge clock and negative level reset.
Creating register for signal `$paramod\gtsu_lbuf_16bank_macro_model\BANKS=16\ROWS=1\DATA_W=128\READ_LATENCY=3.$mem2reg_wr$\memory$architecture_simulator/rtl/vertical_slice/gtsu_lbuf_16bank_macro_model.sv:78$4183_ADDR' using process `$paramod\gtsu_lbuf_16bank_macro_model\BANKS=16\ROWS=1\DATA_W=128\READ_LATENCY=3.$proc$architecture_simulator/rtl/vertical_slice/gtsu_lbuf_16bank_macro_model.sv:51$4378'.
  created $adff cell `$procdff$81789' with positive edge clock and negative level reset.
Creating register for signal `$paramod\gtsu_lbuf_16bank_macro_model\BANKS=16\ROWS=1\DATA_W=128\READ_LATENCY=3.$mem2reg_wr$\memory$architecture_simulator/rtl/vertical_slice/gtsu_lbuf_16bank_macro_model.sv:78$4183_DATA' using process `$paramod\gtsu_lbuf_16bank_macro_model\BANKS=16\ROWS=1\DATA_W=128\READ_LATENCY=3.$proc$architecture_simulator/rtl/vertical_slice/gtsu_lbuf_16bank_macro_model.sv:51$4378'.
  created $adff cell `$procdff$81790' with positive edge clock and negative level reset.
Creating register for signal `$paramod\gtsu_lbuf_16bank_macro_model\BANKS=16\ROWS=1\DATA_W=128\READ_LATENCY=3.$mem2reg_wr$\memory$architecture_simulator/rtl/vertical_slice/gtsu_lbuf_16bank_macro_model.sv:78$4184_ADDR' using process `$paramod\gtsu_lbuf_16bank_macro_model\BANKS=16\ROWS=1\DATA_W=128\READ_LATENCY=3.$proc$architecture_simulator/rtl/vertical_slice/gtsu_lbuf_16bank_macro_model.sv:51$4378'.
  created $adff cell `$procdff$81791' with positive edge clock and negative level reset.
Creating register for signal `$paramod\gtsu_lbuf_16bank_macro_model\BANKS=16\ROWS=1\DATA_W=128\READ_LATENCY=3.$mem2reg_wr$\memory$architecture_simulator/rtl/vertical_slice/gtsu_lbuf_16bank_macro_model.sv:78$4184_DATA' using process `$paramod\gtsu_lbuf_16bank_macro_model\BANKS=16\ROWS=1\DATA_W=128\READ_LATENCY=3.$proc$architecture_simulator/rtl/vertical_slice/gtsu_lbuf_16bank_macro_model.sv:51$4378'.
  created $adff cell `$procdff$81792' with positive edge clock and negative level reset.
Creating register for signal `$paramod\gtsu_lbuf_16bank_macro_model\BANKS=16\ROWS=1\DATA_W=128\READ_LATENCY=3.$mem2reg_wr$\memory$architecture_simulator/rtl/vertical_slice/gtsu_lbuf_16bank_macro_model.sv:78$4185_ADDR' using process `$paramod\gtsu_lbuf_16bank_macro_model\BANKS=16\ROWS=1\DATA_W=128\READ_LATENCY=3.$proc$architecture_simulator/rtl/vertical_slice/gtsu_lbuf_16bank_macro_model.sv:51$4378'.
  created $adff cell `$procdff$81793' with positive edge clock and negative level reset.
Creating register for signal `$paramod\gtsu_lbuf_16bank_macro_model\BANKS=16\ROWS=1\DATA_W=128\READ_LATENCY=3.$mem2reg_wr$\memory$architecture_simulator/rtl/vertical_slice/gtsu_lbuf_16bank_macro_model.sv:78$4185_DATA' using process `$paramod\gtsu_lbuf_16bank_macro_model\BANKS=16\ROWS=1\DATA_W=128\READ_LATENCY=3.$proc$architecture_simulator/rtl/vertical_slice/gtsu_lbuf_16bank_macro_model.sv:51$4378'.
  created $adff cell `$procdff$81794' with positive edge clock and negative level reset.
Creating register for signal `$paramod\gtsu_lbuf_16bank_macro_model\BANKS=16\ROWS=1\DATA_W=128\READ_LATENCY=3.$mem2reg_wr$\memory$architecture_simulator/rtl/vertical_slice/gtsu_lbuf_16bank_macro_model.sv:78$4186_ADDR' using process `$paramod\gtsu_lbuf_16bank_macro_model\BANKS=16\ROWS=1\DATA_W=128\READ_LATENCY=3.$proc$architecture_simulator/rtl/vertical_slice/gtsu_lbuf_16bank_macro_model.sv:51$4378'.
  created $adff cell `$procdff$81795' with positive edge clock and negative level reset.
Creating register for signal `$paramod\gtsu_lbuf_16bank_macro_model\BANKS=16\ROWS=1\DATA_W=128\READ_LATENCY=3.$mem2reg_wr$\memory$architecture_simulator/rtl/vertical_slice/gtsu_lbuf_16bank_macro_model.sv:78$4186_DATA' using process `$paramod\gtsu_lbuf_16bank_macro_model\BANKS=16\ROWS=1\DATA_W=128\READ_LATENCY=3.$proc$architecture_simulator/rtl/vertical_slice/gtsu_lbuf_16bank_macro_model.sv:51$4378'.
  created $adff cell `$procdff$81796' with positive edge clock and negative level reset.
Creating register for signal `$paramod\gtsu_lbuf_16bank_macro_model\BANKS=16\ROWS=1\DATA_W=128\READ_LATENCY=3.$mem2reg_wr$\memory$architecture_simulator/rtl/vertical_slice/gtsu_lbuf_16bank_macro_model.sv:78$4187_ADDR' using process `$paramod\gtsu_lbuf_16bank_macro_model\BANKS=16\ROWS=1\DATA_W=128\READ_LATENCY=3.$proc$architecture_simulator/rtl/vertical_slice/gtsu_lbuf_16bank_macro_model.sv:51$4378'.
  created $adff cell `$procdff$81797' with positive edge clock and negative level reset.
Creating register for signal `$paramod\gtsu_lbuf_16bank_macro_model\BANKS=16\ROWS=1\DATA_W=128\READ_LATENCY=3.$mem2reg_wr$\memory$architecture_simulator/rtl/vertical_slice/gtsu_lbuf_16bank_macro_model.sv:78$4187_DATA' using process `$paramod\gtsu_lbuf_16bank_macro_model\BANKS=16\ROWS=1\DATA_W=128\READ_LATENCY=3.$proc$architecture_simulator/rtl/vertical_slice/gtsu_lbuf_16bank_macro_model.sv:51$4378'.
  created $adff cell `$procdff$81798' with positive edge clock and negative level reset.
Creating register for signal `$paramod\gtsu_lbuf_16bank_macro_model\BANKS=16\ROWS=1\DATA_W=128\READ_LATENCY=3.$mem2reg_wr$\memory$architecture_simulator/rtl/vertical_slice/gtsu_lbuf_16bank_macro_model.sv:78$4188_ADDR' using process `$paramod\gtsu_lbuf_16bank_macro_model\BANKS=16\ROWS=1\DATA_W=128\READ_LATENCY=3.$proc$architecture_simulator/rtl/vertical_slice/gtsu_lbuf_16bank_macro_model.sv:51$4378'.
  created $adff cell `$procdff$81799' with positive edge clock and negative level reset.
Creating register for signal `$paramod\gtsu_lbuf_16bank_macro_model\BANKS=16\ROWS=1\DATA_W=128\READ_LATENCY=3.$mem2reg_wr$\memory$architecture_simulator/rtl/vertical_slice/gtsu_lbuf_16bank_macro_model.sv:78$4188_DATA' using process `$paramod\gtsu_lbuf_16bank_macro_model\BANKS=16\ROWS=1\DATA_W=128\READ_LATENCY=3.$proc$architecture_simulator/rtl/vertical_slice/gtsu_lbuf_16bank_macro_model.sv:51$4378'.
  created $adff cell `$procdff$81800' with positive edge clock and negative level reset.
Creating register for signal `$paramod\gtsu_lbuf_16bank_macro_model\BANKS=16\ROWS=1\DATA_W=128\READ_LATENCY=3.$mem2reg_wr$\memory$architecture_simulator/rtl/vertical_slice/gtsu_lbuf_16bank_macro_model.sv:78$4189_ADDR' using process `$paramod\gtsu_lbuf_16bank_macro_model\BANKS=16\ROWS=1\DATA_W=128\READ_LATENCY=3.$proc$architecture_simulator/rtl/vertical_slice/gtsu_lbuf_16bank_macro_model.sv:51$4378'.
  created $adff cell `$procdff$81801' with positive edge clock and negative level reset.
Creating register for signal `$paramod\gtsu_lbuf_16bank_macro_model\BANKS=16\ROWS=1\DATA_W=128\READ_LATENCY=3.$mem2reg_wr$\memory$architecture_simulator/rtl/vertical_slice/gtsu_lbuf_16bank_macro_model.sv:78$4189_DATA' using process `$paramod\gtsu_lbuf_16bank_macro_model\BANKS=16\ROWS=1\DATA_W=128\READ_LATENCY=3.$proc$architecture_simulator/rtl/vertical_slice/gtsu_lbuf_16bank_macro_model.sv:51$4378'.
  created $adff cell `$procdff$81802' with positive edge clock and negative level reset.
Creating register for signal `$paramod\gtsu_lbuf_16bank_macro_model\BANKS=16\ROWS=1\DATA_W=128\READ_LATENCY=3.$mem2reg_wr$\memory$architecture_simulator/rtl/vertical_slice/gtsu_lbuf_16bank_macro_model.sv:78$4190_ADDR' using process `$paramod\gtsu_lbuf_16bank_macro_model\BANKS=16\ROWS=1\DATA_W=128\READ_LATENCY=3.$proc$architecture_simulator/rtl/vertical_slice/gtsu_lbuf_16bank_macro_model.sv:51$4378'.
  created $adff cell `$procdff$81803' with positive edge clock and negative level reset.
Creating register for signal `$paramod\gtsu_lbuf_16bank_macro_model\BANKS=16\ROWS=1\DATA_W=128\READ_LATENCY=3.$mem2reg_wr$\memory$architecture_simulator/rtl/vertical_slice/gtsu_lbuf_16bank_macro_model.sv:78$4190_DATA' using process `$paramod\gtsu_lbuf_16bank_macro_model\BANKS=16\ROWS=1\DATA_W=128\READ_LATENCY=3.$proc$architecture_simulator/rtl/vertical_slice/gtsu_lbuf_16bank_macro_model.sv:51$4378'.
  created $adff cell `$procdff$81804' with positive edge clock and negative level reset.
Creating register for signal `$paramod\gtsu_lbuf_16bank_macro_model\BANKS=16\ROWS=1\DATA_W=128\READ_LATENCY=3.$mem2reg_wr$\memory$architecture_simulator/rtl/vertical_slice/gtsu_lbuf_16bank_macro_model.sv:78$4191_ADDR' using process `$paramod\gtsu_lbuf_16bank_macro_model\BANKS=16\ROWS=1\DATA_W=128\READ_LATENCY=3.$proc$architecture_simulator/rtl/vertical_slice/gtsu_lbuf_16bank_macro_model.sv:51$4378'.
  created $adff cell `$procdff$81805' with positive edge clock and negative level reset.
Creating register for signal `$paramod\gtsu_lbuf_16bank_macro_model\BANKS=16\ROWS=1\DATA_W=128\READ_LATENCY=3.$mem2reg_wr$\memory$architecture_simulator/rtl/vertical_slice/gtsu_lbuf_16bank_macro_model.sv:78$4191_DATA' using process `$paramod\gtsu_lbuf_16bank_macro_model\BANKS=16\ROWS=1\DATA_W=128\READ_LATENCY=3.$proc$architecture_simulator/rtl/vertical_slice/gtsu_lbuf_16bank_macro_model.sv:51$4378'.
  created $adff cell `$procdff$81806' with positive edge clock and negative level reset.
Creating register for signal `$paramod\gtsu_lbuf_16bank_macro_model\BANKS=16\ROWS=1\DATA_W=128\READ_LATENCY=3.$mem2reg_wr$\memory$architecture_simulator/rtl/vertical_slice/gtsu_lbuf_16bank_macro_model.sv:78$4192_ADDR' using process `$paramod\gtsu_lbuf_16bank_macro_model\BANKS=16\ROWS=1\DATA_W=128\READ_LATENCY=3.$proc$architecture_simulator/rtl/vertical_slice/gtsu_lbuf_16bank_macro_model.sv:51$4378'.
  created $adff cell `$procdff$81807' with positive edge clock and negative level reset.
Creating register for signal `$paramod\gtsu_lbuf_16bank_macro_model\BANKS=16\ROWS=1\DATA_W=128\READ_LATENCY=3.$mem2reg_wr$\memory$architecture_simulator/rtl/vertical_slice/gtsu_lbuf_16bank_macro_model.sv:78$4192_DATA' using process `$paramod\gtsu_lbuf_16bank_macro_model\BANKS=16\ROWS=1\DATA_W=128\READ_LATENCY=3.$proc$architecture_simulator/rtl/vertical_slice/gtsu_lbuf_16bank_macro_model.sv:51$4378'.
  created $adff cell `$procdff$81808' with positive edge clock and negative level reset.
Creating register for signal `$paramod\gtsu_lbuf_16bank_macro_model\BANKS=16\ROWS=1\DATA_W=128\READ_LATENCY=3.$mem2reg_wr$\memory$architecture_simulator/rtl/vertical_slice/gtsu_lbuf_16bank_macro_model.sv:78$4193_ADDR' using process `$paramod\gtsu_lbuf_16bank_macro_model\BANKS=16\ROWS=1\DATA_W=128\READ_LATENCY=3.$proc$architecture_simulator/rtl/vertical_slice/gtsu_lbuf_16bank_macro_model.sv:51$4378'.
  created $adff cell `$procdff$81809' with positive edge clock and negative level reset.
Creating register for signal `$paramod\gtsu_lbuf_16bank_macro_model\BANKS=16\ROWS=1\DATA_W=128\READ_LATENCY=3.$mem2reg_wr$\memory$architecture_simulator/rtl/vertical_slice/gtsu_lbuf_16bank_macro_model.sv:78$4193_DATA' using process `$paramod\gtsu_lbuf_16bank_macro_model\BANKS=16\ROWS=1\DATA_W=128\READ_LATENCY=3.$proc$architecture_simulator/rtl/vertical_slice/gtsu_lbuf_16bank_macro_model.sv:51$4378'.
  created $adff cell `$procdff$81810' with positive edge clock and negative level reset.
Creating register for signal `$paramod\gtsu_lbuf_16bank_macro_model\BANKS=16\ROWS=1\DATA_W=128\READ_LATENCY=3.$mem2reg_wr$\memory$architecture_simulator/rtl/vertical_slice/gtsu_lbuf_16bank_macro_model.sv:78$4194_ADDR' using process `$paramod\gtsu_lbuf_16bank_macro_model\BANKS=16\ROWS=1\DATA_W=128\READ_LATENCY=3.$proc$architecture_simulator/rtl/vertical_slice/gtsu_lbuf_16bank_macro_model.sv:51$4378'.
  created $adff cell `$procdff$81811' with positive edge clock and negative level reset.
Creating register for signal `$paramod\gtsu_lbuf_16bank_macro_model\BANKS=16\ROWS=1\DATA_W=128\READ_LATENCY=3.$mem2reg_wr$\memory$architecture_simulator/rtl/vertical_slice/gtsu_lbuf_16bank_macro_model.sv:78$4194_DATA' using process `$paramod\gtsu_lbuf_16bank_macro_model\BANKS=16\ROWS=1\DATA_W=128\READ_LATENCY=3.$proc$architecture_simulator/rtl/vertical_slice/gtsu_lbuf_16bank_macro_model.sv:51$4378'.
  created $adff cell `$procdff$81812' with positive edge clock and negative level reset.
Creating register for signal `$paramod\gtsu_lbuf_16bank_macro_model\BANKS=16\ROWS=1\DATA_W=128\READ_LATENCY=3.$mem2reg_wr$\memory$architecture_simulator/rtl/vertical_slice/gtsu_lbuf_16bank_macro_model.sv:78$4195_ADDR' using process `$paramod\gtsu_lbuf_16bank_macro_model\BANKS=16\ROWS=1\DATA_W=128\READ_LATENCY=3.$proc$architecture_simulator/rtl/vertical_slice/gtsu_lbuf_16bank_macro_model.sv:51$4378'.
  created $adff cell `$procdff$81813' with positive edge clock and negative level reset.
Creating register for signal `$paramod\gtsu_lbuf_16bank_macro_model\BANKS=16\ROWS=1\DATA_W=128\READ_LATENCY=3.$mem2reg_wr$\memory$architecture_simulator/rtl/vertical_slice/gtsu_lbuf_16bank_macro_model.sv:78$4195_DATA' using process `$paramod\gtsu_lbuf_16bank_macro_model\BANKS=16\ROWS=1\DATA_W=128\READ_LATENCY=3.$proc$architecture_simulator/rtl/vertical_slice/gtsu_lbuf_16bank_macro_model.sv:51$4378'.
  created $adff cell `$procdff$81814' with positive edge clock and negative level reset.
Creating register for signal `$paramod\gtsu_lbuf_16bank_macro_model\BANKS=16\ROWS=1\DATA_W=128\READ_LATENCY=3.$mem2reg_wr$\memory$architecture_simulator/rtl/vertical_slice/gtsu_lbuf_16bank_macro_model.sv:78$4196_ADDR' using process `$paramod\gtsu_lbuf_16bank_macro_model\BANKS=16\ROWS=1\DATA_W=128\READ_LATENCY=3.$proc$architecture_simulator/rtl/vertical_slice/gtsu_lbuf_16bank_macro_model.sv:51$4378'.
  created $adff cell `$procdff$81815' with positive edge clock and negative level reset.
Creating register for signal `$paramod\gtsu_lbuf_16bank_macro_model\BANKS=16\ROWS=1\DATA_W=128\READ_LATENCY=3.$mem2reg_wr$\memory$architecture_simulator/rtl/vertical_slice/gtsu_lbuf_16bank_macro_model.sv:78$4196_DATA' using process `$paramod\gtsu_lbuf_16bank_macro_model\BANKS=16\ROWS=1\DATA_W=128\READ_LATENCY=3.$proc$architecture_simulator/rtl/vertical_slice/gtsu_lbuf_16bank_macro_model.sv:51$4378'.
  created $adff cell `$procdff$81816' with positive edge clock and negative level reset.
Creating register for signal `$paramod\gtsu_lbuf_16bank_macro_model\BANKS=16\ROWS=1\DATA_W=128\READ_LATENCY=3.$mem2reg_wr$\memory$architecture_simulator/rtl/vertical_slice/gtsu_lbuf_16bank_macro_model.sv:78$4197_ADDR' using process `$paramod\gtsu_lbuf_16bank_macro_model\BANKS=16\ROWS=1\DATA_W=128\READ_LATENCY=3.$proc$architecture_simulator/rtl/vertical_slice/gtsu_lbuf_16bank_macro_model.sv:51$4378'.
  created $adff cell `$procdff$81817' with positive edge clock and negative level reset.
Creating register for signal `$paramod\gtsu_lbuf_16bank_macro_model\BANKS=16\ROWS=1\DATA_W=128\READ_LATENCY=3.$mem2reg_wr$\memory$architecture_simulator/rtl/vertical_slice/gtsu_lbuf_16bank_macro_model.sv:78$4197_DATA' using process `$paramod\gtsu_lbuf_16bank_macro_model\BANKS=16\ROWS=1\DATA_W=128\READ_LATENCY=3.$proc$architecture_simulator/rtl/vertical_slice/gtsu_lbuf_16bank_macro_model.sv:51$4378'.
  created $adff cell `$procdff$81818' with positive edge clock and negative level reset.
Creating register for signal `$paramod\gtsu_lbuf_16bank_macro_model\BANKS=16\ROWS=1\DATA_W=128\READ_LATENCY=3.$mem2reg_wr$\memory$architecture_simulator/rtl/vertical_slice/gtsu_lbuf_16bank_macro_model.sv:78$4198_ADDR' using process `$paramod\gtsu_lbuf_16bank_macro_model\BANKS=16\ROWS=1\DATA_W=128\READ_LATENCY=3.$proc$architecture_simulator/rtl/vertical_slice/gtsu_lbuf_16bank_macro_model.sv:51$4378'.
  created $adff cell `$procdff$81819' with positive edge clock and negative level reset.
Creating register for signal `$paramod\gtsu_lbuf_16bank_macro_model\BANKS=16\ROWS=1\DATA_W=128\READ_LATENCY=3.$mem2reg_wr$\memory$architecture_simulator/rtl/vertical_slice/gtsu_lbuf_16bank_macro_model.sv:78$4198_DATA' using process `$paramod\gtsu_lbuf_16bank_macro_model\BANKS=16\ROWS=1\DATA_W=128\READ_LATENCY=3.$proc$architecture_simulator/rtl/vertical_slice/gtsu_lbuf_16bank_macro_model.sv:51$4378'.
  created $adff cell `$procdff$81820' with positive edge clock and negative level reset.
Creating register for signal `$paramod\gtsu_lbuf_16bank_macro_model\BANKS=16\ROWS=1\DATA_W=128\READ_LATENCY=3.$mem2reg_wr$\memory$architecture_simulator/rtl/vertical_slice/gtsu_lbuf_16bank_macro_model.sv:78$4199_ADDR' using process `$paramod\gtsu_lbuf_16bank_macro_model\BANKS=16\ROWS=1\DATA_W=128\READ_LATENCY=3.$proc$architecture_simulator/rtl/vertical_slice/gtsu_lbuf_16bank_macro_model.sv:51$4378'.
  created $adff cell `$procdff$81821' with positive edge clock and negative level reset.
Creating register for signal `$paramod\gtsu_lbuf_16bank_macro_model\BANKS=16\ROWS=1\DATA_W=128\READ_LATENCY=3.$mem2reg_wr$\memory$architecture_simulator/rtl/vertical_slice/gtsu_lbuf_16bank_macro_model.sv:78$4199_DATA' using process `$paramod\gtsu_lbuf_16bank_macro_model\BANKS=16\ROWS=1\DATA_W=128\READ_LATENCY=3.$proc$architecture_simulator/rtl/vertical_slice/gtsu_lbuf_16bank_macro_model.sv:51$4378'.
  created $adff cell `$procdff$81822' with positive edge clock and negative level reset.
Creating register for signal `$paramod\gtsu_lbuf_16bank_macro_model\BANKS=16\ROWS=1\DATA_W=128\READ_LATENCY=3.$mem2reg_wr$\memory$architecture_simulator/rtl/vertical_slice/gtsu_lbuf_16bank_macro_model.sv:78$4200_ADDR' using process `$paramod\gtsu_lbuf_16bank_macro_model\BANKS=16\ROWS=1\DATA_W=128\READ_LATENCY=3.$proc$architecture_simulator/rtl/vertical_slice/gtsu_lbuf_16bank_macro_model.sv:51$4378'.
  created $adff cell `$procdff$81823' with positive edge clock and negative level reset.
Creating register for signal `$paramod\gtsu_lbuf_16bank_macro_model\BANKS=16\ROWS=1\DATA_W=128\READ_LATENCY=3.$mem2reg_wr$\memory$architecture_simulator/rtl/vertical_slice/gtsu_lbuf_16bank_macro_model.sv:78$4200_DATA' using process `$paramod\gtsu_lbuf_16bank_macro_model\BANKS=16\ROWS=1\DATA_W=128\READ_LATENCY=3.$proc$architecture_simulator/rtl/vertical_slice/gtsu_lbuf_16bank_macro_model.sv:51$4378'.
  created $adff cell `$procdff$81824' with positive edge clock and negative level reset.
Creating register for signal `$paramod\gtsu_lbuf_16bank_macro_model\BANKS=16\ROWS=1\DATA_W=128\READ_LATENCY=3.$mem2reg_wr$\memory$architecture_simulator/rtl/vertical_slice/gtsu_lbuf_16bank_macro_model.sv:78$4201_ADDR' using process `$paramod\gtsu_lbuf_16bank_macro_model\BANKS=16\ROWS=1\DATA_W=128\READ_LATENCY=3.$proc$architecture_simulator/rtl/vertical_slice/gtsu_lbuf_16bank_macro_model.sv:51$4378'.
  created $adff cell `$procdff$81825' with positive edge clock and negative level reset.
Creating register for signal `$paramod\gtsu_lbuf_16bank_macro_model\BANKS=16\ROWS=1\DATA_W=128\READ_LATENCY=3.$mem2reg_wr$\memory$architecture_simulator/rtl/vertical_slice/gtsu_lbuf_16bank_macro_model.sv:78$4201_DATA' using process `$paramod\gtsu_lbuf_16bank_macro_model\BANKS=16\ROWS=1\DATA_W=128\READ_LATENCY=3.$proc$architecture_simulator/rtl/vertical_slice/gtsu_lbuf_16bank_macro_model.sv:51$4378'.
  created $adff cell `$procdff$81826' with positive edge clock and negative level reset.
Creating register for signal `$paramod\gtsu_lbuf_16bank_macro_model\BANKS=16\ROWS=1\DATA_W=128\READ_LATENCY=3.$mem2reg_wr$\memory$architecture_simulator/rtl/vertical_slice/gtsu_lbuf_16bank_macro_model.sv:78$4202_ADDR' using process `$paramod\gtsu_lbuf_16bank_macro_model\BANKS=16\ROWS=1\DATA_W=128\READ_LATENCY=3.$proc$architecture_simulator/rtl/vertical_slice/gtsu_lbuf_16bank_macro_model.sv:51$4378'.
  created $adff cell `$procdff$81827' with positive edge clock and negative level reset.
Creating register for signal `$paramod\gtsu_lbuf_16bank_macro_model\BANKS=16\ROWS=1\DATA_W=128\READ_LATENCY=3.$mem2reg_wr$\memory$architecture_simulator/rtl/vertical_slice/gtsu_lbuf_16bank_macro_model.sv:78$4202_DATA' using process `$paramod\gtsu_lbuf_16bank_macro_model\BANKS=16\ROWS=1\DATA_W=128\READ_LATENCY=3.$proc$architecture_simulator/rtl/vertical_slice/gtsu_lbuf_16bank_macro_model.sv:51$4378'.
  created $adff cell `$procdff$81828' with positive edge clock and negative level reset.
Creating register for signal `$paramod\gtsu_lbuf_16bank_macro_model\BANKS=16\ROWS=1\DATA_W=128\READ_LATENCY=3.$mem2reg_wr$\memory$architecture_simulator/rtl/vertical_slice/gtsu_lbuf_16bank_macro_model.sv:78$4203_ADDR' using process `$paramod\gtsu_lbuf_16bank_macro_model\BANKS=16\ROWS=1\DATA_W=128\READ_LATENCY=3.$proc$architecture_simulator/rtl/vertical_slice/gtsu_lbuf_16bank_macro_model.sv:51$4378'.
  created $adff cell `$procdff$81829' with positive edge clock and negative level reset.
Creating register for signal `$paramod\gtsu_lbuf_16bank_macro_model\BANKS=16\ROWS=1\DATA_W=128\READ_LATENCY=3.$mem2reg_wr$\memory$architecture_simulator/rtl/vertical_slice/gtsu_lbuf_16bank_macro_model.sv:78$4203_DATA' using process `$paramod\gtsu_lbuf_16bank_macro_model\BANKS=16\ROWS=1\DATA_W=128\READ_LATENCY=3.$proc$architecture_simulator/rtl/vertical_slice/gtsu_lbuf_16bank_macro_model.sv:51$4378'.
  created $adff cell `$procdff$81830' with positive edge clock and negative level reset.
Creating register for signal `$paramod\gtsu_lbuf_16bank_macro_model\BANKS=16\ROWS=1\DATA_W=128\READ_LATENCY=3.$mem2reg_wr$\memory$architecture_simulator/rtl/vertical_slice/gtsu_lbuf_16bank_macro_model.sv:78$4204_ADDR' using process `$paramod\gtsu_lbuf_16bank_macro_model\BANKS=16\ROWS=1\DATA_W=128\READ_LATENCY=3.$proc$architecture_simulator/rtl/vertical_slice/gtsu_lbuf_16bank_macro_model.sv:51$4378'.
  created $adff cell `$procdff$81831' with positive edge clock and negative level reset.
Creating register for signal `$paramod\gtsu_lbuf_16bank_macro_model\BANKS=16\ROWS=1\DATA_W=128\READ_LATENCY=3.$mem2reg_wr$\memory$architecture_simulator/rtl/vertical_slice/gtsu_lbuf_16bank_macro_model.sv:78$4204_DATA' using process `$paramod\gtsu_lbuf_16bank_macro_model\BANKS=16\ROWS=1\DATA_W=128\READ_LATENCY=3.$proc$architecture_simulator/rtl/vertical_slice/gtsu_lbuf_16bank_macro_model.sv:51$4378'.
  created $adff cell `$procdff$81832' with positive edge clock and negative level reset.
Creating register for signal `$paramod\gtsu_lbuf_16bank_macro_model\BANKS=16\ROWS=1\DATA_W=128\READ_LATENCY=3.$mem2reg_wr$\memory$architecture_simulator/rtl/vertical_slice/gtsu_lbuf_16bank_macro_model.sv:78$4205_ADDR' using process `$paramod\gtsu_lbuf_16bank_macro_model\BANKS=16\ROWS=1\DATA_W=128\READ_LATENCY=3.$proc$architecture_simulator/rtl/vertical_slice/gtsu_lbuf_16bank_macro_model.sv:51$4378'.
  created $adff cell `$procdff$81833' with positive edge clock and negative level reset.
Creating register for signal `$paramod\gtsu_lbuf_16bank_macro_model\BANKS=16\ROWS=1\DATA_W=128\READ_LATENCY=3.$mem2reg_wr$\memory$architecture_simulator/rtl/vertical_slice/gtsu_lbuf_16bank_macro_model.sv:78$4205_DATA' using process `$paramod\gtsu_lbuf_16bank_macro_model\BANKS=16\ROWS=1\DATA_W=128\READ_LATENCY=3.$proc$architecture_simulator/rtl/vertical_slice/gtsu_lbuf_16bank_macro_model.sv:51$4378'.
  created $adff cell `$procdff$81834' with positive edge clock and negative level reset.
Creating register for signal `$paramod\gtsu_lbuf_16bank_macro_model\BANKS=16\ROWS=1\DATA_W=128\READ_LATENCY=3.$mem2reg_wr$\memory$architecture_simulator/rtl/vertical_slice/gtsu_lbuf_16bank_macro_model.sv:78$4206_ADDR' using process `$paramod\gtsu_lbuf_16bank_macro_model\BANKS=16\ROWS=1\DATA_W=128\READ_LATENCY=3.$proc$architecture_simulator/rtl/vertical_slice/gtsu_lbuf_16bank_macro_model.sv:51$4378'.
  created $adff cell `$procdff$81835' with positive edge clock and negative level reset.
Creating register for signal `$paramod\gtsu_lbuf_16bank_macro_model\BANKS=16\ROWS=1\DATA_W=128\READ_LATENCY=3.$mem2reg_wr$\memory$architecture_simulator/rtl/vertical_slice/gtsu_lbuf_16bank_macro_model.sv:78$4206_DATA' using process `$paramod\gtsu_lbuf_16bank_macro_model\BANKS=16\ROWS=1\DATA_W=128\READ_LATENCY=3.$proc$architecture_simulator/rtl/vertical_slice/gtsu_lbuf_16bank_macro_model.sv:51$4378'.
  created $adff cell `$procdff$81836' with positive edge clock and negative level reset.
Creating register for signal `$paramod\gtsu_lbuf_16bank_macro_model\BANKS=16\ROWS=1\DATA_W=128\READ_LATENCY=3.$mem2reg_wr$\memory$architecture_simulator/rtl/vertical_slice/gtsu_lbuf_16bank_macro_model.sv:78$4207_ADDR' using process `$paramod\gtsu_lbuf_16bank_macro_model\BANKS=16\ROWS=1\DATA_W=128\READ_LATENCY=3.$proc$architecture_simulator/rtl/vertical_slice/gtsu_lbuf_16bank_macro_model.sv:51$4378'.
  created $adff cell `$procdff$81837' with positive edge clock and negative level reset.
Creating register for signal `$paramod\gtsu_lbuf_16bank_macro_model\BANKS=16\ROWS=1\DATA_W=128\READ_LATENCY=3.$mem2reg_wr$\memory$architecture_simulator/rtl/vertical_slice/gtsu_lbuf_16bank_macro_model.sv:78$4207_DATA' using process `$paramod\gtsu_lbuf_16bank_macro_model\BANKS=16\ROWS=1\DATA_W=128\READ_LATENCY=3.$proc$architecture_simulator/rtl/vertical_slice/gtsu_lbuf_16bank_macro_model.sv:51$4378'.
  created $adff cell `$procdff$81838' with positive edge clock and negative level reset.
Creating register for signal `$paramod\gtsu_lbuf_16bank_macro_model\BANKS=16\ROWS=1\DATA_W=128\READ_LATENCY=3.$mem2reg_wr$\memory$architecture_simulator/rtl/vertical_slice/gtsu_lbuf_16bank_macro_model.sv:78$4208_ADDR' using process `$paramod\gtsu_lbuf_16bank_macro_model\BANKS=16\ROWS=1\DATA_W=128\READ_LATENCY=3.$proc$architecture_simulator/rtl/vertical_slice/gtsu_lbuf_16bank_macro_model.sv:51$4378'.
  created $adff cell `$procdff$81839' with positive edge clock and negative level reset.
Creating register for signal `$paramod\gtsu_lbuf_16bank_macro_model\BANKS=16\ROWS=1\DATA_W=128\READ_LATENCY=3.$mem2reg_wr$\memory$architecture_simulator/rtl/vertical_slice/gtsu_lbuf_16bank_macro_model.sv:78$4208_DATA' using process `$paramod\gtsu_lbuf_16bank_macro_model\BANKS=16\ROWS=1\DATA_W=128\READ_LATENCY=3.$proc$architecture_simulator/rtl/vertical_slice/gtsu_lbuf_16bank_macro_model.sv:51$4378'.
  created $adff cell `$procdff$81840' with positive edge clock and negative level reset.
Creating register for signal `$paramod\gtsu_lbuf_16bank_macro_model\BANKS=16\ROWS=1\DATA_W=128\READ_LATENCY=3.$mem2reg_wr$\memory$architecture_simulator/rtl/vertical_slice/gtsu_lbuf_16bank_macro_model.sv:78$4209_ADDR' using process `$paramod\gtsu_lbuf_16bank_macro_model\BANKS=16\ROWS=1\DATA_W=128\READ_LATENCY=3.$proc$architecture_simulator/rtl/vertical_slice/gtsu_lbuf_16bank_macro_model.sv:51$4378'.
  created $adff cell `$procdff$81841' with positive edge clock and negative level reset.
Creating register for signal `$paramod\gtsu_lbuf_16bank_macro_model\BANKS=16\ROWS=1\DATA_W=128\READ_LATENCY=3.$mem2reg_wr$\memory$architecture_simulator/rtl/vertical_slice/gtsu_lbuf_16bank_macro_model.sv:78$4209_DATA' using process `$paramod\gtsu_lbuf_16bank_macro_model\BANKS=16\ROWS=1\DATA_W=128\READ_LATENCY=3.$proc$architecture_simulator/rtl/vertical_slice/gtsu_lbuf_16bank_macro_model.sv:51$4378'.
  created $adff cell `$procdff$81842' with positive edge clock and negative level reset.
Creating register for signal `$paramod\gtsu_lbuf_16bank_macro_model\BANKS=16\ROWS=1\DATA_W=128\READ_LATENCY=3.$mem2reg_wr$\memory$architecture_simulator/rtl/vertical_slice/gtsu_lbuf_16bank_macro_model.sv:78$4210_ADDR' using process `$paramod\gtsu_lbuf_16bank_macro_model\BANKS=16\ROWS=1\DATA_W=128\READ_LATENCY=3.$proc$architecture_simulator/rtl/vertical_slice/gtsu_lbuf_16bank_macro_model.sv:51$4378'.
  created $adff cell `$procdff$81843' with positive edge clock and negative level reset.
Creating register for signal `$paramod\gtsu_lbuf_16bank_macro_model\BANKS=16\ROWS=1\DATA_W=128\READ_LATENCY=3.$mem2reg_wr$\memory$architecture_simulator/rtl/vertical_slice/gtsu_lbuf_16bank_macro_model.sv:78$4210_DATA' using process `$paramod\gtsu_lbuf_16bank_macro_model\BANKS=16\ROWS=1\DATA_W=128\READ_LATENCY=3.$proc$architecture_simulator/rtl/vertical_slice/gtsu_lbuf_16bank_macro_model.sv:51$4378'.
  created $adff cell `$procdff$81844' with positive edge clock and negative level reset.
Creating register for signal `$paramod\gtsu_lbuf_16bank_macro_model\BANKS=16\ROWS=1\DATA_W=128\READ_LATENCY=3.$mem2reg_wr$\memory$architecture_simulator/rtl/vertical_slice/gtsu_lbuf_16bank_macro_model.sv:78$4211_ADDR' using process `$paramod\gtsu_lbuf_16bank_macro_model\BANKS=16\ROWS=1\DATA_W=128\READ_LATENCY=3.$proc$architecture_simulator/rtl/vertical_slice/gtsu_lbuf_16bank_macro_model.sv:51$4378'.
  created $adff cell `$procdff$81845' with positive edge clock and negative level reset.
Creating register for signal `$paramod\gtsu_lbuf_16bank_macro_model\BANKS=16\ROWS=1\DATA_W=128\READ_LATENCY=3.$mem2reg_wr$\memory$architecture_simulator/rtl/vertical_slice/gtsu_lbuf_16bank_macro_model.sv:78$4211_DATA' using process `$paramod\gtsu_lbuf_16bank_macro_model\BANKS=16\ROWS=1\DATA_W=128\READ_LATENCY=3.$proc$architecture_simulator/rtl/vertical_slice/gtsu_lbuf_16bank_macro_model.sv:51$4378'.
  created $adff cell `$procdff$81846' with positive edge clock and negative level reset.
Creating register for signal `$paramod\gtsu_lbuf_16bank_macro_model\BANKS=16\ROWS=1\DATA_W=128\READ_LATENCY=3.$mem2reg_wr$\memory$architecture_simulator/rtl/vertical_slice/gtsu_lbuf_16bank_macro_model.sv:78$4212_ADDR' using process `$paramod\gtsu_lbuf_16bank_macro_model\BANKS=16\ROWS=1\DATA_W=128\READ_LATENCY=3.$proc$architecture_simulator/rtl/vertical_slice/gtsu_lbuf_16bank_macro_model.sv:51$4378'.
  created $adff cell `$procdff$81847' with positive edge clock and negative level reset.
Creating register for signal `$paramod\gtsu_lbuf_16bank_macro_model\BANKS=16\ROWS=1\DATA_W=128\READ_LATENCY=3.$mem2reg_wr$\memory$architecture_simulator/rtl/vertical_slice/gtsu_lbuf_16bank_macro_model.sv:78$4212_DATA' using process `$paramod\gtsu_lbuf_16bank_macro_model\BANKS=16\ROWS=1\DATA_W=128\READ_LATENCY=3.$proc$architecture_simulator/rtl/vertical_slice/gtsu_lbuf_16bank_macro_model.sv:51$4378'.
  created $adff cell `$procdff$81848' with positive edge clock and negative level reset.
Creating register for signal `$paramod\gtsu_lbuf_16bank_macro_model\BANKS=16\ROWS=1\DATA_W=128\READ_LATENCY=3.$mem2reg_wr$\memory$architecture_simulator/rtl/vertical_slice/gtsu_lbuf_16bank_macro_model.sv:78$4213_ADDR' using process `$paramod\gtsu_lbuf_16bank_macro_model\BANKS=16\ROWS=1\DATA_W=128\READ_LATENCY=3.$proc$architecture_simulator/rtl/vertical_slice/gtsu_lbuf_16bank_macro_model.sv:51$4378'.
  created $adff cell `$procdff$81849' with positive edge clock and negative level reset.
Creating register for signal `$paramod\gtsu_lbuf_16bank_macro_model\BANKS=16\ROWS=1\DATA_W=128\READ_LATENCY=3.$mem2reg_wr$\memory$architecture_simulator/rtl/vertical_slice/gtsu_lbuf_16bank_macro_model.sv:78$4213_DATA' using process `$paramod\gtsu_lbuf_16bank_macro_model\BANKS=16\ROWS=1\DATA_W=128\READ_LATENCY=3.$proc$architecture_simulator/rtl/vertical_slice/gtsu_lbuf_16bank_macro_model.sv:51$4378'.
  created $adff cell `$procdff$81850' with positive edge clock and negative level reset.
Creating register for signal `$paramod\gtsu_lbuf_16bank_macro_model\BANKS=16\ROWS=1\DATA_W=128\READ_LATENCY=3.$mem2reg_wr$\memory$architecture_simulator/rtl/vertical_slice/gtsu_lbuf_16bank_macro_model.sv:78$4214_ADDR' using process `$paramod\gtsu_lbuf_16bank_macro_model\BANKS=16\ROWS=1\DATA_W=128\READ_LATENCY=3.$proc$architecture_simulator/rtl/vertical_slice/gtsu_lbuf_16bank_macro_model.sv:51$4378'.
  created $adff cell `$procdff$81851' with positive edge clock and negative level reset.
Creating register for signal `$paramod\gtsu_lbuf_16bank_macro_model\BANKS=16\ROWS=1\DATA_W=128\READ_LATENCY=3.$mem2reg_wr$\memory$architecture_simulator/rtl/vertical_slice/gtsu_lbuf_16bank_macro_model.sv:78$4214_DATA' using process `$paramod\gtsu_lbuf_16bank_macro_model\BANKS=16\ROWS=1\DATA_W=128\READ_LATENCY=3.$proc$architecture_simulator/rtl/vertical_slice/gtsu_lbuf_16bank_macro_model.sv:51$4378'.
  created $adff cell `$procdff$81852' with positive edge clock and negative level reset.
Creating register for signal `$paramod\gtsu_lbuf_16bank_macro_model\BANKS=16\ROWS=1\DATA_W=128\READ_LATENCY=3.$mem2reg_wr$\memory$architecture_simulator/rtl/vertical_slice/gtsu_lbuf_16bank_macro_model.sv:78$4215_ADDR' using process `$paramod\gtsu_lbuf_16bank_macro_model\BANKS=16\ROWS=1\DATA_W=128\READ_LATENCY=3.$proc$architecture_simulator/rtl/vertical_slice/gtsu_lbuf_16bank_macro_model.sv:51$4378'.
  created $adff cell `$procdff$81853' with positive edge clock and negative level reset.
Creating register for signal `$paramod\gtsu_lbuf_16bank_macro_model\BANKS=16\ROWS=1\DATA_W=128\READ_LATENCY=3.$mem2reg_wr$\memory$architecture_simulator/rtl/vertical_slice/gtsu_lbuf_16bank_macro_model.sv:78$4215_DATA' using process `$paramod\gtsu_lbuf_16bank_macro_model\BANKS=16\ROWS=1\DATA_W=128\READ_LATENCY=3.$proc$architecture_simulator/rtl/vertical_slice/gtsu_lbuf_16bank_macro_model.sv:51$4378'.
  created $adff cell `$procdff$81854' with positive edge clock and negative level reset.
Creating register for signal `$paramod\gtsu_lbuf_16bank_macro_model\BANKS=16\ROWS=1\DATA_W=128\READ_LATENCY=3.$mem2reg_wr$\memory$architecture_simulator/rtl/vertical_slice/gtsu_lbuf_16bank_macro_model.sv:78$4216_ADDR' using process `$paramod\gtsu_lbuf_16bank_macro_model\BANKS=16\ROWS=1\DATA_W=128\READ_LATENCY=3.$proc$architecture_simulator/rtl/vertical_slice/gtsu_lbuf_16bank_macro_model.sv:51$4378'.
  created $adff cell `$procdff$81855' with positive edge clock and negative level reset.
Creating register for signal `$paramod\gtsu_lbuf_16bank_macro_model\BANKS=16\ROWS=1\DATA_W=128\READ_LATENCY=3.$mem2reg_wr$\memory$architecture_simulator/rtl/vertical_slice/gtsu_lbuf_16bank_macro_model.sv:78$4216_DATA' using process `$paramod\gtsu_lbuf_16bank_macro_model\BANKS=16\ROWS=1\DATA_W=128\READ_LATENCY=3.$proc$architecture_simulator/rtl/vertical_slice/gtsu_lbuf_16bank_macro_model.sv:51$4378'.
  created $adff cell `$procdff$81856' with positive edge clock and negative level reset.
Creating register for signal `$paramod\gtsu_lbuf_16bank_macro_model\BANKS=16\ROWS=1\DATA_W=128\READ_LATENCY=3.$mem2reg_wr$\memory$architecture_simulator/rtl/vertical_slice/gtsu_lbuf_16bank_macro_model.sv:78$4217_ADDR' using process `$paramod\gtsu_lbuf_16bank_macro_model\BANKS=16\ROWS=1\DATA_W=128\READ_LATENCY=3.$proc$architecture_simulator/rtl/vertical_slice/gtsu_lbuf_16bank_macro_model.sv:51$4378'.
  created $adff cell `$procdff$81857' with positive edge clock and negative level reset.
Creating register for signal `$paramod\gtsu_lbuf_16bank_macro_model\BANKS=16\ROWS=1\DATA_W=128\READ_LATENCY=3.$mem2reg_wr$\memory$architecture_simulator/rtl/vertical_slice/gtsu_lbuf_16bank_macro_model.sv:78$4217_DATA' using process `$paramod\gtsu_lbuf_16bank_macro_model\BANKS=16\ROWS=1\DATA_W=128\READ_LATENCY=3.$proc$architecture_simulator/rtl/vertical_slice/gtsu_lbuf_16bank_macro_model.sv:51$4378'.
  created $adff cell `$procdff$81858' with positive edge clock and negative level reset.
Creating register for signal `$paramod\gtsu_lbuf_16bank_macro_model\BANKS=16\ROWS=1\DATA_W=128\READ_LATENCY=3.$mem2reg_wr$\memory$architecture_simulator/rtl/vertical_slice/gtsu_lbuf_16bank_macro_model.sv:78$4218_ADDR' using process `$paramod\gtsu_lbuf_16bank_macro_model\BANKS=16\ROWS=1\DATA_W=128\READ_LATENCY=3.$proc$architecture_simulator/rtl/vertical_slice/gtsu_lbuf_16bank_macro_model.sv:51$4378'.
  created $adff cell `$procdff$81859' with positive edge clock and negative level reset.
Creating register for signal `$paramod\gtsu_lbuf_16bank_macro_model\BANKS=16\ROWS=1\DATA_W=128\READ_LATENCY=3.$mem2reg_wr$\memory$architecture_simulator/rtl/vertical_slice/gtsu_lbuf_16bank_macro_model.sv:78$4218_DATA' using process `$paramod\gtsu_lbuf_16bank_macro_model\BANKS=16\ROWS=1\DATA_W=128\READ_LATENCY=3.$proc$architecture_simulator/rtl/vertical_slice/gtsu_lbuf_16bank_macro_model.sv:51$4378'.
  created $adff cell `$procdff$81860' with positive edge clock and negative level reset.
Creating register for signal `$paramod\gtsu_lbuf_16bank_macro_model\BANKS=16\ROWS=1\DATA_W=128\READ_LATENCY=3.$mem2reg_wr$\memory$architecture_simulator/rtl/vertical_slice/gtsu_lbuf_16bank_macro_model.sv:78$4219_ADDR' using process `$paramod\gtsu_lbuf_16bank_macro_model\BANKS=16\ROWS=1\DATA_W=128\READ_LATENCY=3.$proc$architecture_simulator/rtl/vertical_slice/gtsu_lbuf_16bank_macro_model.sv:51$4378'.
  created $adff cell `$procdff$81861' with positive edge clock and negative level reset.
Creating register for signal `$paramod\gtsu_lbuf_16bank_macro_model\BANKS=16\ROWS=1\DATA_W=128\READ_LATENCY=3.$mem2reg_wr$\memory$architecture_simulator/rtl/vertical_slice/gtsu_lbuf_16bank_macro_model.sv:78$4219_DATA' using process `$paramod\gtsu_lbuf_16bank_macro_model\BANKS=16\ROWS=1\DATA_W=128\READ_LATENCY=3.$proc$architecture_simulator/rtl/vertical_slice/gtsu_lbuf_16bank_macro_model.sv:51$4378'.
  created $adff cell `$procdff$81862' with positive edge clock and negative level reset.
Creating register for signal `$paramod\gtsu_lbuf_16bank_macro_model\BANKS=16\ROWS=1\DATA_W=128\READ_LATENCY=3.$mem2reg_wr$\memory$architecture_simulator/rtl/vertical_slice/gtsu_lbuf_16bank_macro_model.sv:78$4220_ADDR' using process `$paramod\gtsu_lbuf_16bank_macro_model\BANKS=16\ROWS=1\DATA_W=128\READ_LATENCY=3.$proc$architecture_simulator/rtl/vertical_slice/gtsu_lbuf_16bank_macro_model.sv:51$4378'.
  created $adff cell `$procdff$81863' with positive edge clock and negative level reset.
Creating register for signal `$paramod\gtsu_lbuf_16bank_macro_model\BANKS=16\ROWS=1\DATA_W=128\READ_LATENCY=3.$mem2reg_wr$\memory$architecture_simulator/rtl/vertical_slice/gtsu_lbuf_16bank_macro_model.sv:78$4220_DATA' using process `$paramod\gtsu_lbuf_16bank_macro_model\BANKS=16\ROWS=1\DATA_W=128\READ_LATENCY=3.$proc$architecture_simulator/rtl/vertical_slice/gtsu_lbuf_16bank_macro_model.sv:51$4378'.
  created $adff cell `$procdff$81864' with positive edge clock and negative level reset.
Creating register for signal `$paramod\gtsu_lbuf_16bank_macro_model\BANKS=16\ROWS=1\DATA_W=128\READ_LATENCY=3.$mem2reg_wr$\memory$architecture_simulator/rtl/vertical_slice/gtsu_lbuf_16bank_macro_model.sv:78$4221_ADDR' using process `$paramod\gtsu_lbuf_16bank_macro_model\BANKS=16\ROWS=1\DATA_W=128\READ_LATENCY=3.$proc$architecture_simulator/rtl/vertical_slice/gtsu_lbuf_16bank_macro_model.sv:51$4378'.
  created $adff cell `$procdff$81865' with positive edge clock and negative level reset.
Creating register for signal `$paramod\gtsu_lbuf_16bank_macro_model\BANKS=16\ROWS=1\DATA_W=128\READ_LATENCY=3.$mem2reg_wr$\memory$architecture_simulator/rtl/vertical_slice/gtsu_lbuf_16bank_macro_model.sv:78$4221_DATA' using process `$paramod\gtsu_lbuf_16bank_macro_model\BANKS=16\ROWS=1\DATA_W=128\READ_LATENCY=3.$proc$architecture_simulator/rtl/vertical_slice/gtsu_lbuf_16bank_macro_model.sv:51$4378'.
  created $adff cell `$procdff$81866' with positive edge clock and negative level reset.
Creating register for signal `$paramod\gtsu_lbuf_16bank_macro_model\BANKS=16\ROWS=1\DATA_W=128\READ_LATENCY=3.$mem2reg_wr$\memory$architecture_simulator/rtl/vertical_slice/gtsu_lbuf_16bank_macro_model.sv:78$4222_ADDR' using process `$paramod\gtsu_lbuf_16bank_macro_model\BANKS=16\ROWS=1\DATA_W=128\READ_LATENCY=3.$proc$architecture_simulator/rtl/vertical_slice/gtsu_lbuf_16bank_macro_model.sv:51$4378'.
  created $adff cell `$procdff$81867' with positive edge clock and negative level reset.
Creating register for signal `$paramod\gtsu_lbuf_16bank_macro_model\BANKS=16\ROWS=1\DATA_W=128\READ_LATENCY=3.$mem2reg_wr$\memory$architecture_simulator/rtl/vertical_slice/gtsu_lbuf_16bank_macro_model.sv:78$4222_DATA' using process `$paramod\gtsu_lbuf_16bank_macro_model\BANKS=16\ROWS=1\DATA_W=128\READ_LATENCY=3.$proc$architecture_simulator/rtl/vertical_slice/gtsu_lbuf_16bank_macro_model.sv:51$4378'.
  created $adff cell `$procdff$81868' with positive edge clock and negative level reset.
Creating register for signal `$paramod\gtsu_lbuf_16bank_macro_model\BANKS=16\ROWS=1\DATA_W=128\READ_LATENCY=3.$mem2reg_wr$\memory$architecture_simulator/rtl/vertical_slice/gtsu_lbuf_16bank_macro_model.sv:78$4223_ADDR' using process `$paramod\gtsu_lbuf_16bank_macro_model\BANKS=16\ROWS=1\DATA_W=128\READ_LATENCY=3.$proc$architecture_simulator/rtl/vertical_slice/gtsu_lbuf_16bank_macro_model.sv:51$4378'.
  created $adff cell `$procdff$81869' with positive edge clock and negative level reset.
Creating register for signal `$paramod\gtsu_lbuf_16bank_macro_model\BANKS=16\ROWS=1\DATA_W=128\READ_LATENCY=3.$mem2reg_wr$\memory$architecture_simulator/rtl/vertical_slice/gtsu_lbuf_16bank_macro_model.sv:78$4223_DATA' using process `$paramod\gtsu_lbuf_16bank_macro_model\BANKS=16\ROWS=1\DATA_W=128\READ_LATENCY=3.$proc$architecture_simulator/rtl/vertical_slice/gtsu_lbuf_16bank_macro_model.sv:51$4378'.
  created $adff cell `$procdff$81870' with positive edge clock and negative level reset.
Creating register for signal `$paramod\gtsu_lbuf_16bank_macro_model\BANKS=16\ROWS=1\DATA_W=128\READ_LATENCY=3.$mem2reg_wr$\memory$architecture_simulator/rtl/vertical_slice/gtsu_lbuf_16bank_macro_model.sv:78$4224_ADDR' using process `$paramod\gtsu_lbuf_16bank_macro_model\BANKS=16\ROWS=1\DATA_W=128\READ_LATENCY=3.$proc$architecture_simulator/rtl/vertical_slice/gtsu_lbuf_16bank_macro_model.sv:51$4378'.
  created $adff cell `$procdff$81871' with positive edge clock and negative level reset.
Creating register for signal `$paramod\gtsu_lbuf_16bank_macro_model\BANKS=16\ROWS=1\DATA_W=128\READ_LATENCY=3.$mem2reg_wr$\memory$architecture_simulator/rtl/vertical_slice/gtsu_lbuf_16bank_macro_model.sv:78$4224_DATA' using process `$paramod\gtsu_lbuf_16bank_macro_model\BANKS=16\ROWS=1\DATA_W=128\READ_LATENCY=3.$proc$architecture_simulator/rtl/vertical_slice/gtsu_lbuf_16bank_macro_model.sv:51$4378'.
  created $adff cell `$procdff$81872' with positive edge clock and negative level reset.
Creating register for signal `$paramod\gtsu_lbuf_16bank_macro_model\BANKS=16\ROWS=1\DATA_W=128\READ_LATENCY=3.$mem2reg_wr$\memory$architecture_simulator/rtl/vertical_slice/gtsu_lbuf_16bank_macro_model.sv:78$4225_ADDR' using process `$paramod\gtsu_lbuf_16bank_macro_model\BANKS=16\ROWS=1\DATA_W=128\READ_LATENCY=3.$proc$architecture_simulator/rtl/vertical_slice/gtsu_lbuf_16bank_macro_model.sv:51$4378'.
  created $adff cell `$procdff$81873' with positive edge clock and negative level reset.
Creating register for signal `$paramod\gtsu_lbuf_16bank_macro_model\BANKS=16\ROWS=1\DATA_W=128\READ_LATENCY=3.$mem2reg_wr$\memory$architecture_simulator/rtl/vertical_slice/gtsu_lbuf_16bank_macro_model.sv:78$4225_DATA' using process `$paramod\gtsu_lbuf_16bank_macro_model\BANKS=16\ROWS=1\DATA_W=128\READ_LATENCY=3.$proc$architecture_simulator/rtl/vertical_slice/gtsu_lbuf_16bank_macro_model.sv:51$4378'.
  created $adff cell `$procdff$81874' with positive edge clock and negative level reset.
Creating register for signal `$paramod\gtsu_lbuf_16bank_macro_model\BANKS=16\ROWS=1\DATA_W=128\READ_LATENCY=3.$mem2reg_wr$\memory$architecture_simulator/rtl/vertical_slice/gtsu_lbuf_16bank_macro_model.sv:78$4226_ADDR' using process `$paramod\gtsu_lbuf_16bank_macro_model\BANKS=16\ROWS=1\DATA_W=128\READ_LATENCY=3.$proc$architecture_simulator/rtl/vertical_slice/gtsu_lbuf_16bank_macro_model.sv:51$4378'.
  created $adff cell `$procdff$81875' with positive edge clock and negative level reset.
Creating register for signal `$paramod\gtsu_lbuf_16bank_macro_model\BANKS=16\ROWS=1\DATA_W=128\READ_LATENCY=3.$mem2reg_wr$\memory$architecture_simulator/rtl/vertical_slice/gtsu_lbuf_16bank_macro_model.sv:78$4226_DATA' using process `$paramod\gtsu_lbuf_16bank_macro_model\BANKS=16\ROWS=1\DATA_W=128\READ_LATENCY=3.$proc$architecture_simulator/rtl/vertical_slice/gtsu_lbuf_16bank_macro_model.sv:51$4378'.
  created $adff cell `$procdff$81876' with positive edge clock and negative level reset.
Creating register for signal `$paramod\gtsu_lbuf_16bank_macro_model\BANKS=16\ROWS=1\DATA_W=128\READ_LATENCY=3.$mem2reg_wr$\memory$architecture_simulator/rtl/vertical_slice/gtsu_lbuf_16bank_macro_model.sv:78$4227_ADDR' using process `$paramod\gtsu_lbuf_16bank_macro_model\BANKS=16\ROWS=1\DATA_W=128\READ_LATENCY=3.$proc$architecture_simulator/rtl/vertical_slice/gtsu_lbuf_16bank_macro_model.sv:51$4378'.
  created $adff cell `$procdff$81877' with positive edge clock and negative level reset.
Creating register for signal `$paramod\gtsu_lbuf_16bank_macro_model\BANKS=16\ROWS=1\DATA_W=128\READ_LATENCY=3.$mem2reg_wr$\memory$architecture_simulator/rtl/vertical_slice/gtsu_lbuf_16bank_macro_model.sv:78$4227_DATA' using process `$paramod\gtsu_lbuf_16bank_macro_model\BANKS=16\ROWS=1\DATA_W=128\READ_LATENCY=3.$proc$architecture_simulator/rtl/vertical_slice/gtsu_lbuf_16bank_macro_model.sv:51$4378'.
  created $adff cell `$procdff$81878' with positive edge clock and negative level reset.
Creating register for signal `$paramod\gtsu_lbuf_16bank_macro_model\BANKS=16\ROWS=1\DATA_W=128\READ_LATENCY=3.$mem2reg_wr$\memory$architecture_simulator/rtl/vertical_slice/gtsu_lbuf_16bank_macro_model.sv:78$4228_ADDR' using process `$paramod\gtsu_lbuf_16bank_macro_model\BANKS=16\ROWS=1\DATA_W=128\READ_LATENCY=3.$proc$architecture_simulator/rtl/vertical_slice/gtsu_lbuf_16bank_macro_model.sv:51$4378'.
  created $adff cell `$procdff$81879' with positive edge clock and negative level reset.
Creating register for signal `$paramod\gtsu_lbuf_16bank_macro_model\BANKS=16\ROWS=1\DATA_W=128\READ_LATENCY=3.$mem2reg_wr$\memory$architecture_simulator/rtl/vertical_slice/gtsu_lbuf_16bank_macro_model.sv:78$4228_DATA' using process `$paramod\gtsu_lbuf_16bank_macro_model\BANKS=16\ROWS=1\DATA_W=128\READ_LATENCY=3.$proc$architecture_simulator/rtl/vertical_slice/gtsu_lbuf_16bank_macro_model.sv:51$4378'.
  created $adff cell `$procdff$81880' with positive edge clock and negative level reset.
Creating register for signal `$paramod\gtsu_lbuf_16bank_macro_model\BANKS=16\ROWS=1\DATA_W=128\READ_LATENCY=3.$mem2reg_wr$\memory$architecture_simulator/rtl/vertical_slice/gtsu_lbuf_16bank_macro_model.sv:78$4229_ADDR' using process `$paramod\gtsu_lbuf_16bank_macro_model\BANKS=16\ROWS=1\DATA_W=128\READ_LATENCY=3.$proc$architecture_simulator/rtl/vertical_slice/gtsu_lbuf_16bank_macro_model.sv:51$4378'.
  created $adff cell `$procdff$81881' with positive edge clock and negative level reset.
Creating register for signal `$paramod\gtsu_lbuf_16bank_macro_model\BANKS=16\ROWS=1\DATA_W=128\READ_LATENCY=3.$mem2reg_wr$\memory$architecture_simulator/rtl/vertical_slice/gtsu_lbuf_16bank_macro_model.sv:78$4229_DATA' using process `$paramod\gtsu_lbuf_16bank_macro_model\BANKS=16\ROWS=1\DATA_W=128\READ_LATENCY=3.$proc$architecture_simulator/rtl/vertical_slice/gtsu_lbuf_16bank_macro_model.sv:51$4378'.
  created $adff cell `$procdff$81882' with positive edge clock and negative level reset.
Creating register for signal `$paramod\gtsu_lbuf_16bank_macro_model\BANKS=16\ROWS=1\DATA_W=128\READ_LATENCY=3.$mem2reg_wr$\memory$architecture_simulator/rtl/vertical_slice/gtsu_lbuf_16bank_macro_model.sv:78$4230_ADDR' using process `$paramod\gtsu_lbuf_16bank_macro_model\BANKS=16\ROWS=1\DATA_W=128\READ_LATENCY=3.$proc$architecture_simulator/rtl/vertical_slice/gtsu_lbuf_16bank_macro_model.sv:51$4378'.
  created $adff cell `$procdff$81883' with positive edge clock and negative level reset.
Creating register for signal `$paramod\gtsu_lbuf_16bank_macro_model\BANKS=16\ROWS=1\DATA_W=128\READ_LATENCY=3.$mem2reg_wr$\memory$architecture_simulator/rtl/vertical_slice/gtsu_lbuf_16bank_macro_model.sv:78$4230_DATA' using process `$paramod\gtsu_lbuf_16bank_macro_model\BANKS=16\ROWS=1\DATA_W=128\READ_LATENCY=3.$proc$architecture_simulator/rtl/vertical_slice/gtsu_lbuf_16bank_macro_model.sv:51$4378'.
  created $adff cell `$procdff$81884' with positive edge clock and negative level reset.
Creating register for signal `$paramod\gtsu_lbuf_16bank_macro_model\BANKS=16\ROWS=1\DATA_W=128\READ_LATENCY=3.$mem2reg_wr$\memory$architecture_simulator/rtl/vertical_slice/gtsu_lbuf_16bank_macro_model.sv:78$4231_ADDR' using process `$paramod\gtsu_lbuf_16bank_macro_model\BANKS=16\ROWS=1\DATA_W=128\READ_LATENCY=3.$proc$architecture_simulator/rtl/vertical_slice/gtsu_lbuf_16bank_macro_model.sv:51$4378'.
  created $adff cell `$procdff$81885' with positive edge clock and negative level reset.
Creating register for signal `$paramod\gtsu_lbuf_16bank_macro_model\BANKS=16\ROWS=1\DATA_W=128\READ_LATENCY=3.$mem2reg_wr$\memory$architecture_simulator/rtl/vertical_slice/gtsu_lbuf_16bank_macro_model.sv:78$4231_DATA' using process `$paramod\gtsu_lbuf_16bank_macro_model\BANKS=16\ROWS=1\DATA_W=128\READ_LATENCY=3.$proc$architecture_simulator/rtl/vertical_slice/gtsu_lbuf_16bank_macro_model.sv:51$4378'.
  created $adff cell `$procdff$81886' with positive edge clock and negative level reset.
Creating register for signal `$paramod\gtsu_lbuf_16bank_macro_model\BANKS=16\ROWS=1\DATA_W=128\READ_LATENCY=3.$mem2reg_wr$\memory$architecture_simulator/rtl/vertical_slice/gtsu_lbuf_16bank_macro_model.sv:78$4232_ADDR' using process `$paramod\gtsu_lbuf_16bank_macro_model\BANKS=16\ROWS=1\DATA_W=128\READ_LATENCY=3.$proc$architecture_simulator/rtl/vertical_slice/gtsu_lbuf_16bank_macro_model.sv:51$4378'.
  created $adff cell `$procdff$81887' with positive edge clock and negative level reset.
Creating register for signal `$paramod\gtsu_lbuf_16bank_macro_model\BANKS=16\ROWS=1\DATA_W=128\READ_LATENCY=3.$mem2reg_wr$\memory$architecture_simulator/rtl/vertical_slice/gtsu_lbuf_16bank_macro_model.sv:78$4232_DATA' using process `$paramod\gtsu_lbuf_16bank_macro_model\BANKS=16\ROWS=1\DATA_W=128\READ_LATENCY=3.$proc$architecture_simulator/rtl/vertical_slice/gtsu_lbuf_16bank_macro_model.sv:51$4378'.
  created $adff cell `$procdff$81888' with positive edge clock and negative level reset.
Creating register for signal `$paramod\gtsu_lbuf_16bank_macro_model\BANKS=16\ROWS=1\DATA_W=128\READ_LATENCY=3.$mem2reg_wr$\memory$architecture_simulator/rtl/vertical_slice/gtsu_lbuf_16bank_macro_model.sv:78$4233_ADDR' using process `$paramod\gtsu_lbuf_16bank_macro_model\BANKS=16\ROWS=1\DATA_W=128\READ_LATENCY=3.$proc$architecture_simulator/rtl/vertical_slice/gtsu_lbuf_16bank_macro_model.sv:51$4378'.
  created $adff cell `$procdff$81889' with positive edge clock and negative level reset.
Creating register for signal `$paramod\gtsu_lbuf_16bank_macro_model\BANKS=16\ROWS=1\DATA_W=128\READ_LATENCY=3.$mem2reg_wr$\memory$architecture_simulator/rtl/vertical_slice/gtsu_lbuf_16bank_macro_model.sv:78$4233_DATA' using process `$paramod\gtsu_lbuf_16bank_macro_model\BANKS=16\ROWS=1\DATA_W=128\READ_LATENCY=3.$proc$architecture_simulator/rtl/vertical_slice/gtsu_lbuf_16bank_macro_model.sv:51$4378'.
  created $adff cell `$procdff$81890' with positive edge clock and negative level reset.
Creating register for signal `$paramod\gtsu_lbuf_16bank_macro_model\BANKS=16\ROWS=1\DATA_W=128\READ_LATENCY=3.$mem2reg_wr$\memory$architecture_simulator/rtl/vertical_slice/gtsu_lbuf_16bank_macro_model.sv:78$4234_ADDR' using process `$paramod\gtsu_lbuf_16bank_macro_model\BANKS=16\ROWS=1\DATA_W=128\READ_LATENCY=3.$proc$architecture_simulator/rtl/vertical_slice/gtsu_lbuf_16bank_macro_model.sv:51$4378'.
  created $adff cell `$procdff$81891' with positive edge clock and negative level reset.
Creating register for signal `$paramod\gtsu_lbuf_16bank_macro_model\BANKS=16\ROWS=1\DATA_W=128\READ_LATENCY=3.$mem2reg_wr$\memory$architecture_simulator/rtl/vertical_slice/gtsu_lbuf_16bank_macro_model.sv:78$4234_DATA' using process `$paramod\gtsu_lbuf_16bank_macro_model\BANKS=16\ROWS=1\DATA_W=128\READ_LATENCY=3.$proc$architecture_simulator/rtl/vertical_slice/gtsu_lbuf_16bank_macro_model.sv:51$4378'.
  created $adff cell `$procdff$81892' with positive edge clock and negative level reset.
Creating register for signal `$paramod\gtsu_lbuf_16bank_macro_model\BANKS=16\ROWS=1\DATA_W=128\READ_LATENCY=3.$mem2reg_wr$\memory$architecture_simulator/rtl/vertical_slice/gtsu_lbuf_16bank_macro_model.sv:78$4235_ADDR' using process `$paramod\gtsu_lbuf_16bank_macro_model\BANKS=16\ROWS=1\DATA_W=128\READ_LATENCY=3.$proc$architecture_simulator/rtl/vertical_slice/gtsu_lbuf_16bank_macro_model.sv:51$4378'.
  created $adff cell `$procdff$81893' with positive edge clock and negative level reset.
Creating register for signal `$paramod\gtsu_lbuf_16bank_macro_model\BANKS=16\ROWS=1\DATA_W=128\READ_LATENCY=3.$mem2reg_wr$\memory$architecture_simulator/rtl/vertical_slice/gtsu_lbuf_16bank_macro_model.sv:78$4235_DATA' using process `$paramod\gtsu_lbuf_16bank_macro_model\BANKS=16\ROWS=1\DATA_W=128\READ_LATENCY=3.$proc$architecture_simulator/rtl/vertical_slice/gtsu_lbuf_16bank_macro_model.sv:51$4378'.
  created $adff cell `$procdff$81894' with positive edge clock and negative level reset.
Creating register for signal `$paramod\gtsu_lbuf_16bank_macro_model\BANKS=16\ROWS=1\DATA_W=128\READ_LATENCY=3.$mem2reg_wr$\memory$architecture_simulator/rtl/vertical_slice/gtsu_lbuf_16bank_macro_model.sv:78$4236_ADDR' using process `$paramod\gtsu_lbuf_16bank_macro_model\BANKS=16\ROWS=1\DATA_W=128\READ_LATENCY=3.$proc$architecture_simulator/rtl/vertical_slice/gtsu_lbuf_16bank_macro_model.sv:51$4378'.
  created $adff cell `$procdff$81895' with positive edge clock and negative level reset.
Creating register for signal `$paramod\gtsu_lbuf_16bank_macro_model\BANKS=16\ROWS=1\DATA_W=128\READ_LATENCY=3.$mem2reg_wr$\memory$architecture_simulator/rtl/vertical_slice/gtsu_lbuf_16bank_macro_model.sv:78$4236_DATA' using process `$paramod\gtsu_lbuf_16bank_macro_model\BANKS=16\ROWS=1\DATA_W=128\READ_LATENCY=3.$proc$architecture_simulator/rtl/vertical_slice/gtsu_lbuf_16bank_macro_model.sv:51$4378'.
  created $adff cell `$procdff$81896' with positive edge clock and negative level reset.
Creating register for signal `$paramod\gtsu_lbuf_16bank_macro_model\BANKS=16\ROWS=1\DATA_W=128\READ_LATENCY=3.$mem2reg_wr$\memory$architecture_simulator/rtl/vertical_slice/gtsu_lbuf_16bank_macro_model.sv:78$4237_ADDR' using process `$paramod\gtsu_lbuf_16bank_macro_model\BANKS=16\ROWS=1\DATA_W=128\READ_LATENCY=3.$proc$architecture_simulator/rtl/vertical_slice/gtsu_lbuf_16bank_macro_model.sv:51$4378'.
  created $adff cell `$procdff$81897' with positive edge clock and negative level reset.
Creating register for signal `$paramod\gtsu_lbuf_16bank_macro_model\BANKS=16\ROWS=1\DATA_W=128\READ_LATENCY=3.$mem2reg_wr$\memory$architecture_simulator/rtl/vertical_slice/gtsu_lbuf_16bank_macro_model.sv:78$4237_DATA' using process `$paramod\gtsu_lbuf_16bank_macro_model\BANKS=16\ROWS=1\DATA_W=128\READ_LATENCY=3.$proc$architecture_simulator/rtl/vertical_slice/gtsu_lbuf_16bank_macro_model.sv:51$4378'.
  created $adff cell `$procdff$81898' with positive edge clock and negative level reset.
Creating register for signal `$paramod\gtsu_lbuf_16bank_macro_model\BANKS=16\ROWS=1\DATA_W=128\READ_LATENCY=3.$mem2reg_wr$\memory$architecture_simulator/rtl/vertical_slice/gtsu_lbuf_16bank_macro_model.sv:78$4238_ADDR' using process `$paramod\gtsu_lbuf_16bank_macro_model\BANKS=16\ROWS=1\DATA_W=128\READ_LATENCY=3.$proc$architecture_simulator/rtl/vertical_slice/gtsu_lbuf_16bank_macro_model.sv:51$4378'.
  created $adff cell `$procdff$81899' with positive edge clock and negative level reset.
Creating register for signal `$paramod\gtsu_lbuf_16bank_macro_model\BANKS=16\ROWS=1\DATA_W=128\READ_LATENCY=3.$mem2reg_wr$\memory$architecture_simulator/rtl/vertical_slice/gtsu_lbuf_16bank_macro_model.sv:78$4238_DATA' using process `$paramod\gtsu_lbuf_16bank_macro_model\BANKS=16\ROWS=1\DATA_W=128\READ_LATENCY=3.$proc$architecture_simulator/rtl/vertical_slice/gtsu_lbuf_16bank_macro_model.sv:51$4378'.
  created $adff cell `$procdff$81900' with positive edge clock and negative level reset.
Creating register for signal `$paramod\gtsu_lbuf_16bank_macro_model\BANKS=16\ROWS=1\DATA_W=128\READ_LATENCY=3.$mem2reg_wr$\memory$architecture_simulator/rtl/vertical_slice/gtsu_lbuf_16bank_macro_model.sv:78$4239_ADDR' using process `$paramod\gtsu_lbuf_16bank_macro_model\BANKS=16\ROWS=1\DATA_W=128\READ_LATENCY=3.$proc$architecture_simulator/rtl/vertical_slice/gtsu_lbuf_16bank_macro_model.sv:51$4378'.
  created $adff cell `$procdff$81901' with positive edge clock and negative level reset.
Creating register for signal `$paramod\gtsu_lbuf_16bank_macro_model\BANKS=16\ROWS=1\DATA_W=128\READ_LATENCY=3.$mem2reg_wr$\memory$architecture_simulator/rtl/vertical_slice/gtsu_lbuf_16bank_macro_model.sv:78$4239_DATA' using process `$paramod\gtsu_lbuf_16bank_macro_model\BANKS=16\ROWS=1\DATA_W=128\READ_LATENCY=3.$proc$architecture_simulator/rtl/vertical_slice/gtsu_lbuf_16bank_macro_model.sv:51$4378'.
  created $adff cell `$procdff$81902' with positive edge clock and negative level reset.
Creating register for signal `$paramod\gtsu_lbuf_16bank_macro_model\BANKS=16\ROWS=1\DATA_W=128\READ_LATENCY=3.$mem2reg_wr$\memory$architecture_simulator/rtl/vertical_slice/gtsu_lbuf_16bank_macro_model.sv:78$4240_ADDR' using process `$paramod\gtsu_lbuf_16bank_macro_model\BANKS=16\ROWS=1\DATA_W=128\READ_LATENCY=3.$proc$architecture_simulator/rtl/vertical_slice/gtsu_lbuf_16bank_macro_model.sv:51$4378'.
  created $adff cell `$procdff$81903' with positive edge clock and negative level reset.
Creating register for signal `$paramod\gtsu_lbuf_16bank_macro_model\BANKS=16\ROWS=1\DATA_W=128\READ_LATENCY=3.$mem2reg_wr$\memory$architecture_simulator/rtl/vertical_slice/gtsu_lbuf_16bank_macro_model.sv:78$4240_DATA' using process `$paramod\gtsu_lbuf_16bank_macro_model\BANKS=16\ROWS=1\DATA_W=128\READ_LATENCY=3.$proc$architecture_simulator/rtl/vertical_slice/gtsu_lbuf_16bank_macro_model.sv:51$4378'.
  created $adff cell `$procdff$81904' with positive edge clock and negative level reset.
Creating register for signal `$paramod\gtsu_lbuf_16bank_macro_model\BANKS=16\ROWS=1\DATA_W=128\READ_LATENCY=3.$mem2reg_wr$\memory$architecture_simulator/rtl/vertical_slice/gtsu_lbuf_16bank_macro_model.sv:78$4241_ADDR' using process `$paramod\gtsu_lbuf_16bank_macro_model\BANKS=16\ROWS=1\DATA_W=128\READ_LATENCY=3.$proc$architecture_simulator/rtl/vertical_slice/gtsu_lbuf_16bank_macro_model.sv:51$4378'.
  created $adff cell `$procdff$81905' with positive edge clock and negative level reset.
Creating register for signal `$paramod\gtsu_lbuf_16bank_macro_model\BANKS=16\ROWS=1\DATA_W=128\READ_LATENCY=3.$mem2reg_wr$\memory$architecture_simulator/rtl/vertical_slice/gtsu_lbuf_16bank_macro_model.sv:78$4241_DATA' using process `$paramod\gtsu_lbuf_16bank_macro_model\BANKS=16\ROWS=1\DATA_W=128\READ_LATENCY=3.$proc$architecture_simulator/rtl/vertical_slice/gtsu_lbuf_16bank_macro_model.sv:51$4378'.
  created $adff cell `$procdff$81906' with positive edge clock and negative level reset.
Creating register for signal `$paramod\gtsu_lbuf_16bank_macro_model\BANKS=16\ROWS=1\DATA_W=128\READ_LATENCY=3.$mem2reg_wr$\memory$architecture_simulator/rtl/vertical_slice/gtsu_lbuf_16bank_macro_model.sv:78$4242_ADDR' using process `$paramod\gtsu_lbuf_16bank_macro_model\BANKS=16\ROWS=1\DATA_W=128\READ_LATENCY=3.$proc$architecture_simulator/rtl/vertical_slice/gtsu_lbuf_16bank_macro_model.sv:51$4378'.
  created $adff cell `$procdff$81907' with positive edge clock and negative level reset.
Creating register for signal `$paramod\gtsu_lbuf_16bank_macro_model\BANKS=16\ROWS=1\DATA_W=128\READ_LATENCY=3.$mem2reg_wr$\memory$architecture_simulator/rtl/vertical_slice/gtsu_lbuf_16bank_macro_model.sv:78$4242_DATA' using process `$paramod\gtsu_lbuf_16bank_macro_model\BANKS=16\ROWS=1\DATA_W=128\READ_LATENCY=3.$proc$architecture_simulator/rtl/vertical_slice/gtsu_lbuf_16bank_macro_model.sv:51$4378'.
  created $adff cell `$procdff$81908' with positive edge clock and negative level reset.
Creating register for signal `$paramod\gtsu_lbuf_16bank_macro_model\BANKS=16\ROWS=1\DATA_W=128\READ_LATENCY=3.$mem2reg_wr$\memory$architecture_simulator/rtl/vertical_slice/gtsu_lbuf_16bank_macro_model.sv:78$4243_ADDR' using process `$paramod\gtsu_lbuf_16bank_macro_model\BANKS=16\ROWS=1\DATA_W=128\READ_LATENCY=3.$proc$architecture_simulator/rtl/vertical_slice/gtsu_lbuf_16bank_macro_model.sv:51$4378'.
  created $adff cell `$procdff$81909' with positive edge clock and negative level reset.
Creating register for signal `$paramod\gtsu_lbuf_16bank_macro_model\BANKS=16\ROWS=1\DATA_W=128\READ_LATENCY=3.$mem2reg_wr$\memory$architecture_simulator/rtl/vertical_slice/gtsu_lbuf_16bank_macro_model.sv:78$4243_DATA' using process `$paramod\gtsu_lbuf_16bank_macro_model\BANKS=16\ROWS=1\DATA_W=128\READ_LATENCY=3.$proc$architecture_simulator/rtl/vertical_slice/gtsu_lbuf_16bank_macro_model.sv:51$4378'.
  created $adff cell `$procdff$81910' with positive edge clock and negative level reset.
Creating register for signal `$paramod\gtsu_lbuf_16bank_macro_model\BANKS=16\ROWS=1\DATA_W=128\READ_LATENCY=3.$mem2reg_wr$\memory$architecture_simulator/rtl/vertical_slice/gtsu_lbuf_16bank_macro_model.sv:78$4244_ADDR' using process `$paramod\gtsu_lbuf_16bank_macro_model\BANKS=16\ROWS=1\DATA_W=128\READ_LATENCY=3.$proc$architecture_simulator/rtl/vertical_slice/gtsu_lbuf_16bank_macro_model.sv:51$4378'.
  created $adff cell `$procdff$81911' with positive edge clock and negative level reset.
Creating register for signal `$paramod\gtsu_lbuf_16bank_macro_model\BANKS=16\ROWS=1\DATA_W=128\READ_LATENCY=3.$mem2reg_wr$\memory$architecture_simulator/rtl/vertical_slice/gtsu_lbuf_16bank_macro_model.sv:78$4244_DATA' using process `$paramod\gtsu_lbuf_16bank_macro_model\BANKS=16\ROWS=1\DATA_W=128\READ_LATENCY=3.$proc$architecture_simulator/rtl/vertical_slice/gtsu_lbuf_16bank_macro_model.sv:51$4378'.
  created $adff cell `$procdff$81912' with positive edge clock and negative level reset.
Creating register for signal `$paramod\gtsu_lbuf_16bank_macro_model\BANKS=16\ROWS=1\DATA_W=128\READ_LATENCY=3.$mem2reg_wr$\memory$architecture_simulator/rtl/vertical_slice/gtsu_lbuf_16bank_macro_model.sv:78$4245_ADDR' using process `$paramod\gtsu_lbuf_16bank_macro_model\BANKS=16\ROWS=1\DATA_W=128\READ_LATENCY=3.$proc$architecture_simulator/rtl/vertical_slice/gtsu_lbuf_16bank_macro_model.sv:51$4378'.
  created $adff cell `$procdff$81913' with positive edge clock and negative level reset.
Creating register for signal `$paramod\gtsu_lbuf_16bank_macro_model\BANKS=16\ROWS=1\DATA_W=128\READ_LATENCY=3.$mem2reg_wr$\memory$architecture_simulator/rtl/vertical_slice/gtsu_lbuf_16bank_macro_model.sv:78$4245_DATA' using process `$paramod\gtsu_lbuf_16bank_macro_model\BANKS=16\ROWS=1\DATA_W=128\READ_LATENCY=3.$proc$architecture_simulator/rtl/vertical_slice/gtsu_lbuf_16bank_macro_model.sv:51$4378'.
  created $adff cell `$procdff$81914' with positive edge clock and negative level reset.
Creating register for signal `$paramod\gtsu_lbuf_16bank_macro_model\BANKS=16\ROWS=1\DATA_W=128\READ_LATENCY=3.$mem2reg_wr$\memory$architecture_simulator/rtl/vertical_slice/gtsu_lbuf_16bank_macro_model.sv:78$4246_ADDR' using process `$paramod\gtsu_lbuf_16bank_macro_model\BANKS=16\ROWS=1\DATA_W=128\READ_LATENCY=3.$proc$architecture_simulator/rtl/vertical_slice/gtsu_lbuf_16bank_macro_model.sv:51$4378'.
  created $adff cell `$procdff$81915' with positive edge clock and negative level reset.
Creating register for signal `$paramod\gtsu_lbuf_16bank_macro_model\BANKS=16\ROWS=1\DATA_W=128\READ_LATENCY=3.$mem2reg_wr$\memory$architecture_simulator/rtl/vertical_slice/gtsu_lbuf_16bank_macro_model.sv:78$4246_DATA' using process `$paramod\gtsu_lbuf_16bank_macro_model\BANKS=16\ROWS=1\DATA_W=128\READ_LATENCY=3.$proc$architecture_simulator/rtl/vertical_slice/gtsu_lbuf_16bank_macro_model.sv:51$4378'.
  created $adff cell `$procdff$81916' with positive edge clock and negative level reset.
Creating register for signal `$paramod\gtsu_lbuf_16bank_macro_model\BANKS=16\ROWS=1\DATA_W=128\READ_LATENCY=3.$mem2reg_wr$\memory$architecture_simulator/rtl/vertical_slice/gtsu_lbuf_16bank_macro_model.sv:78$4247_ADDR' using process `$paramod\gtsu_lbuf_16bank_macro_model\BANKS=16\ROWS=1\DATA_W=128\READ_LATENCY=3.$proc$architecture_simulator/rtl/vertical_slice/gtsu_lbuf_16bank_macro_model.sv:51$4378'.
  created $adff cell `$procdff$81917' with positive edge clock and negative level reset.
Creating register for signal `$paramod\gtsu_lbuf_16bank_macro_model\BANKS=16\ROWS=1\DATA_W=128\READ_LATENCY=3.$mem2reg_wr$\memory$architecture_simulator/rtl/vertical_slice/gtsu_lbuf_16bank_macro_model.sv:78$4247_DATA' using process `$paramod\gtsu_lbuf_16bank_macro_model\BANKS=16\ROWS=1\DATA_W=128\READ_LATENCY=3.$proc$architecture_simulator/rtl/vertical_slice/gtsu_lbuf_16bank_macro_model.sv:51$4378'.
  created $adff cell `$procdff$81918' with positive edge clock and negative level reset.
Creating register for signal `$paramod\gtsu_lbuf_16bank_macro_model\BANKS=16\ROWS=1\DATA_W=128\READ_LATENCY=3.$mem2reg_wr$\memory$architecture_simulator/rtl/vertical_slice/gtsu_lbuf_16bank_macro_model.sv:78$4248_ADDR' using process `$paramod\gtsu_lbuf_16bank_macro_model\BANKS=16\ROWS=1\DATA_W=128\READ_LATENCY=3.$proc$architecture_simulator/rtl/vertical_slice/gtsu_lbuf_16bank_macro_model.sv:51$4378'.
  created $adff cell `$procdff$81919' with positive edge clock and negative level reset.
Creating register for signal `$paramod\gtsu_lbuf_16bank_macro_model\BANKS=16\ROWS=1\DATA_W=128\READ_LATENCY=3.$mem2reg_wr$\memory$architecture_simulator/rtl/vertical_slice/gtsu_lbuf_16bank_macro_model.sv:78$4248_DATA' using process `$paramod\gtsu_lbuf_16bank_macro_model\BANKS=16\ROWS=1\DATA_W=128\READ_LATENCY=3.$proc$architecture_simulator/rtl/vertical_slice/gtsu_lbuf_16bank_macro_model.sv:51$4378'.
  created $adff cell `$procdff$81920' with positive edge clock and negative level reset.
Creating register for signal `$paramod\gtsu_lbuf_16bank_macro_model\BANKS=16\ROWS=1\DATA_W=128\READ_LATENCY=3.$mem2reg_wr$\memory$architecture_simulator/rtl/vertical_slice/gtsu_lbuf_16bank_macro_model.sv:78$4249_ADDR' using process `$paramod\gtsu_lbuf_16bank_macro_model\BANKS=16\ROWS=1\DATA_W=128\READ_LATENCY=3.$proc$architecture_simulator/rtl/vertical_slice/gtsu_lbuf_16bank_macro_model.sv:51$4378'.
  created $adff cell `$procdff$81921' with positive edge clock and negative level reset.
Creating register for signal `$paramod\gtsu_lbuf_16bank_macro_model\BANKS=16\ROWS=1\DATA_W=128\READ_LATENCY=3.$mem2reg_wr$\memory$architecture_simulator/rtl/vertical_slice/gtsu_lbuf_16bank_macro_model.sv:78$4249_DATA' using process `$paramod\gtsu_lbuf_16bank_macro_model\BANKS=16\ROWS=1\DATA_W=128\READ_LATENCY=3.$proc$architecture_simulator/rtl/vertical_slice/gtsu_lbuf_16bank_macro_model.sv:51$4378'.
  created $adff cell `$procdff$81922' with positive edge clock and negative level reset.
Creating register for signal `$paramod\gtsu_lbuf_16bank_macro_model\BANKS=16\ROWS=1\DATA_W=128\READ_LATENCY=3.$mem2reg_wr$\memory$architecture_simulator/rtl/vertical_slice/gtsu_lbuf_16bank_macro_model.sv:78$4250_ADDR' using process `$paramod\gtsu_lbuf_16bank_macro_model\BANKS=16\ROWS=1\DATA_W=128\READ_LATENCY=3.$proc$architecture_simulator/rtl/vertical_slice/gtsu_lbuf_16bank_macro_model.sv:51$4378'.
  created $adff cell `$procdff$81923' with positive edge clock and negative level reset.
Creating register for signal `$paramod\gtsu_lbuf_16bank_macro_model\BANKS=16\ROWS=1\DATA_W=128\READ_LATENCY=3.$mem2reg_wr$\memory$architecture_simulator/rtl/vertical_slice/gtsu_lbuf_16bank_macro_model.sv:78$4250_DATA' using process `$paramod\gtsu_lbuf_16bank_macro_model\BANKS=16\ROWS=1\DATA_W=128\READ_LATENCY=3.$proc$architecture_simulator/rtl/vertical_slice/gtsu_lbuf_16bank_macro_model.sv:51$4378'.
  created $adff cell `$procdff$81924' with positive edge clock and negative level reset.
Creating register for signal `$paramod\gtsu_lbuf_16bank_macro_model\BANKS=16\ROWS=1\DATA_W=128\READ_LATENCY=3.$mem2reg_wr$\memory$architecture_simulator/rtl/vertical_slice/gtsu_lbuf_16bank_macro_model.sv:78$4251_ADDR' using process `$paramod\gtsu_lbuf_16bank_macro_model\BANKS=16\ROWS=1\DATA_W=128\READ_LATENCY=3.$proc$architecture_simulator/rtl/vertical_slice/gtsu_lbuf_16bank_macro_model.sv:51$4378'.
  created $adff cell `$procdff$81925' with positive edge clock and negative level reset.
Creating register for signal `$paramod\gtsu_lbuf_16bank_macro_model\BANKS=16\ROWS=1\DATA_W=128\READ_LATENCY=3.$mem2reg_wr$\memory$architecture_simulator/rtl/vertical_slice/gtsu_lbuf_16bank_macro_model.sv:78$4251_DATA' using process `$paramod\gtsu_lbuf_16bank_macro_model\BANKS=16\ROWS=1\DATA_W=128\READ_LATENCY=3.$proc$architecture_simulator/rtl/vertical_slice/gtsu_lbuf_16bank_macro_model.sv:51$4378'.
  created $adff cell `$procdff$81926' with positive edge clock and negative level reset.
Creating register for signal `$paramod\gtsu_lbuf_16bank_macro_model\BANKS=16\ROWS=1\DATA_W=128\READ_LATENCY=3.$mem2reg_wr$\memory$architecture_simulator/rtl/vertical_slice/gtsu_lbuf_16bank_macro_model.sv:78$4252_ADDR' using process `$paramod\gtsu_lbuf_16bank_macro_model\BANKS=16\ROWS=1\DATA_W=128\READ_LATENCY=3.$proc$architecture_simulator/rtl/vertical_slice/gtsu_lbuf_16bank_macro_model.sv:51$4378'.
  created $adff cell `$procdff$81927' with positive edge clock and negative level reset.
Creating register for signal `$paramod\gtsu_lbuf_16bank_macro_model\BANKS=16\ROWS=1\DATA_W=128\READ_LATENCY=3.$mem2reg_wr$\memory$architecture_simulator/rtl/vertical_slice/gtsu_lbuf_16bank_macro_model.sv:78$4252_DATA' using process `$paramod\gtsu_lbuf_16bank_macro_model\BANKS=16\ROWS=1\DATA_W=128\READ_LATENCY=3.$proc$architecture_simulator/rtl/vertical_slice/gtsu_lbuf_16bank_macro_model.sv:51$4378'.
  created $adff cell `$procdff$81928' with positive edge clock and negative level reset.
Creating register for signal `$paramod\gtsu_lbuf_16bank_macro_model\BANKS=16\ROWS=1\DATA_W=128\READ_LATENCY=3.$mem2reg_wr$\memory$architecture_simulator/rtl/vertical_slice/gtsu_lbuf_16bank_macro_model.sv:78$4253_ADDR' using process `$paramod\gtsu_lbuf_16bank_macro_model\BANKS=16\ROWS=1\DATA_W=128\READ_LATENCY=3.$proc$architecture_simulator/rtl/vertical_slice/gtsu_lbuf_16bank_macro_model.sv:51$4378'.
  created $adff cell `$procdff$81929' with positive edge clock and negative level reset.
Creating register for signal `$paramod\gtsu_lbuf_16bank_macro_model\BANKS=16\ROWS=1\DATA_W=128\READ_LATENCY=3.$mem2reg_wr$\memory$architecture_simulator/rtl/vertical_slice/gtsu_lbuf_16bank_macro_model.sv:78$4253_DATA' using process `$paramod\gtsu_lbuf_16bank_macro_model\BANKS=16\ROWS=1\DATA_W=128\READ_LATENCY=3.$proc$architecture_simulator/rtl/vertical_slice/gtsu_lbuf_16bank_macro_model.sv:51$4378'.
  created $adff cell `$procdff$81930' with positive edge clock and negative level reset.
Creating register for signal `$paramod\gtsu_lbuf_16bank_macro_model\BANKS=16\ROWS=1\DATA_W=128\READ_LATENCY=3.$mem2reg_wr$\memory$architecture_simulator/rtl/vertical_slice/gtsu_lbuf_16bank_macro_model.sv:78$4254_ADDR' using process `$paramod\gtsu_lbuf_16bank_macro_model\BANKS=16\ROWS=1\DATA_W=128\READ_LATENCY=3.$proc$architecture_simulator/rtl/vertical_slice/gtsu_lbuf_16bank_macro_model.sv:51$4378'.
  created $adff cell `$procdff$81931' with positive edge clock and negative level reset.
Creating register for signal `$paramod\gtsu_lbuf_16bank_macro_model\BANKS=16\ROWS=1\DATA_W=128\READ_LATENCY=3.$mem2reg_wr$\memory$architecture_simulator/rtl/vertical_slice/gtsu_lbuf_16bank_macro_model.sv:78$4254_DATA' using process `$paramod\gtsu_lbuf_16bank_macro_model\BANKS=16\ROWS=1\DATA_W=128\READ_LATENCY=3.$proc$architecture_simulator/rtl/vertical_slice/gtsu_lbuf_16bank_macro_model.sv:51$4378'.
  created $adff cell `$procdff$81932' with positive edge clock and negative level reset.
Creating register for signal `$paramod\gtsu_lbuf_16bank_macro_model\BANKS=16\ROWS=1\DATA_W=128\READ_LATENCY=3.$mem2reg_wr$\memory$architecture_simulator/rtl/vertical_slice/gtsu_lbuf_16bank_macro_model.sv:78$4255_ADDR' using process `$paramod\gtsu_lbuf_16bank_macro_model\BANKS=16\ROWS=1\DATA_W=128\READ_LATENCY=3.$proc$architecture_simulator/rtl/vertical_slice/gtsu_lbuf_16bank_macro_model.sv:51$4378'.
  created $adff cell `$procdff$81933' with positive edge clock and negative level reset.
Creating register for signal `$paramod\gtsu_lbuf_16bank_macro_model\BANKS=16\ROWS=1\DATA_W=128\READ_LATENCY=3.$mem2reg_wr$\memory$architecture_simulator/rtl/vertical_slice/gtsu_lbuf_16bank_macro_model.sv:78$4255_DATA' using process `$paramod\gtsu_lbuf_16bank_macro_model\BANKS=16\ROWS=1\DATA_W=128\READ_LATENCY=3.$proc$architecture_simulator/rtl/vertical_slice/gtsu_lbuf_16bank_macro_model.sv:51$4378'.
  created $adff cell `$procdff$81934' with positive edge clock and negative level reset.
Creating register for signal `$paramod\gtsu_lbuf_16bank_macro_model\BANKS=16\ROWS=1\DATA_W=128\READ_LATENCY=3.$mem2reg_wr$\memory$architecture_simulator/rtl/vertical_slice/gtsu_lbuf_16bank_macro_model.sv:78$4256_ADDR' using process `$paramod\gtsu_lbuf_16bank_macro_model\BANKS=16\ROWS=1\DATA_W=128\READ_LATENCY=3.$proc$architecture_simulator/rtl/vertical_slice/gtsu_lbuf_16bank_macro_model.sv:51$4378'.
  created $adff cell `$procdff$81935' with positive edge clock and negative level reset.
Creating register for signal `$paramod\gtsu_lbuf_16bank_macro_model\BANKS=16\ROWS=1\DATA_W=128\READ_LATENCY=3.$mem2reg_wr$\memory$architecture_simulator/rtl/vertical_slice/gtsu_lbuf_16bank_macro_model.sv:78$4256_DATA' using process `$paramod\gtsu_lbuf_16bank_macro_model\BANKS=16\ROWS=1\DATA_W=128\READ_LATENCY=3.$proc$architecture_simulator/rtl/vertical_slice/gtsu_lbuf_16bank_macro_model.sv:51$4378'.
  created $adff cell `$procdff$81936' with positive edge clock and negative level reset.
Creating register for signal `$paramod\gtsu_lbuf_16bank_macro_model\BANKS=16\ROWS=1\DATA_W=128\READ_LATENCY=3.$mem2reg_wr$\memory$architecture_simulator/rtl/vertical_slice/gtsu_lbuf_16bank_macro_model.sv:78$4257_ADDR' using process `$paramod\gtsu_lbuf_16bank_macro_model\BANKS=16\ROWS=1\DATA_W=128\READ_LATENCY=3.$proc$architecture_simulator/rtl/vertical_slice/gtsu_lbuf_16bank_macro_model.sv:51$4378'.
  created $adff cell `$procdff$81937' with positive edge clock and negative level reset.
Creating register for signal `$paramod\gtsu_lbuf_16bank_macro_model\BANKS=16\ROWS=1\DATA_W=128\READ_LATENCY=3.$mem2reg_wr$\memory$architecture_simulator/rtl/vertical_slice/gtsu_lbuf_16bank_macro_model.sv:78$4257_DATA' using process `$paramod\gtsu_lbuf_16bank_macro_model\BANKS=16\ROWS=1\DATA_W=128\READ_LATENCY=3.$proc$architecture_simulator/rtl/vertical_slice/gtsu_lbuf_16bank_macro_model.sv:51$4378'.
  created $adff cell `$procdff$81938' with positive edge clock and negative level reset.
Creating register for signal `$paramod\gtsu_lbuf_16bank_macro_model\BANKS=16\ROWS=1\DATA_W=128\READ_LATENCY=3.$mem2reg_wr$\memory$architecture_simulator/rtl/vertical_slice/gtsu_lbuf_16bank_macro_model.sv:78$4258_ADDR' using process `$paramod\gtsu_lbuf_16bank_macro_model\BANKS=16\ROWS=1\DATA_W=128\READ_LATENCY=3.$proc$architecture_simulator/rtl/vertical_slice/gtsu_lbuf_16bank_macro_model.sv:51$4378'.
  created $adff cell `$procdff$81939' with positive edge clock and negative level reset.
Creating register for signal `$paramod\gtsu_lbuf_16bank_macro_model\BANKS=16\ROWS=1\DATA_W=128\READ_LATENCY=3.$mem2reg_wr$\memory$architecture_simulator/rtl/vertical_slice/gtsu_lbuf_16bank_macro_model.sv:78$4258_DATA' using process `$paramod\gtsu_lbuf_16bank_macro_model\BANKS=16\ROWS=1\DATA_W=128\READ_LATENCY=3.$proc$architecture_simulator/rtl/vertical_slice/gtsu_lbuf_16bank_macro_model.sv:51$4378'.
  created $adff cell `$procdff$81940' with positive edge clock and negative level reset.
Creating register for signal `$paramod\gtsu_lbuf_16bank_macro_model\BANKS=16\ROWS=1\DATA_W=128\READ_LATENCY=3.$mem2reg_wr$\memory$architecture_simulator/rtl/vertical_slice/gtsu_lbuf_16bank_macro_model.sv:78$4259_ADDR' using process `$paramod\gtsu_lbuf_16bank_macro_model\BANKS=16\ROWS=1\DATA_W=128\READ_LATENCY=3.$proc$architecture_simulator/rtl/vertical_slice/gtsu_lbuf_16bank_macro_model.sv:51$4378'.
  created $adff cell `$procdff$81941' with positive edge clock and negative level reset.
Creating register for signal `$paramod\gtsu_lbuf_16bank_macro_model\BANKS=16\ROWS=1\DATA_W=128\READ_LATENCY=3.$mem2reg_wr$\memory$architecture_simulator/rtl/vertical_slice/gtsu_lbuf_16bank_macro_model.sv:78$4259_DATA' using process `$paramod\gtsu_lbuf_16bank_macro_model\BANKS=16\ROWS=1\DATA_W=128\READ_LATENCY=3.$proc$architecture_simulator/rtl/vertical_slice/gtsu_lbuf_16bank_macro_model.sv:51$4378'.
  created $adff cell `$procdff$81942' with positive edge clock and negative level reset.
Creating register for signal `$paramod\gtsu_lbuf_16bank_macro_model\BANKS=16\ROWS=1\DATA_W=128\READ_LATENCY=3.$mem2reg_wr$\memory$architecture_simulator/rtl/vertical_slice/gtsu_lbuf_16bank_macro_model.sv:78$4260_ADDR' using process `$paramod\gtsu_lbuf_16bank_macro_model\BANKS=16\ROWS=1\DATA_W=128\READ_LATENCY=3.$proc$architecture_simulator/rtl/vertical_slice/gtsu_lbuf_16bank_macro_model.sv:51$4378'.
  created $adff cell `$procdff$81943' with positive edge clock and negative level reset.
Creating register for signal `$paramod\gtsu_lbuf_16bank_macro_model\BANKS=16\ROWS=1\DATA_W=128\READ_LATENCY=3.$mem2reg_wr$\memory$architecture_simulator/rtl/vertical_slice/gtsu_lbuf_16bank_macro_model.sv:78$4260_DATA' using process `$paramod\gtsu_lbuf_16bank_macro_model\BANKS=16\ROWS=1\DATA_W=128\READ_LATENCY=3.$proc$architecture_simulator/rtl/vertical_slice/gtsu_lbuf_16bank_macro_model.sv:51$4378'.
  created $adff cell `$procdff$81944' with positive edge clock and negative level reset.
Creating register for signal `$paramod\gtsu_lbuf_16bank_macro_model\BANKS=16\ROWS=1\DATA_W=128\READ_LATENCY=3.$mem2reg_wr$\memory$architecture_simulator/rtl/vertical_slice/gtsu_lbuf_16bank_macro_model.sv:78$4261_ADDR' using process `$paramod\gtsu_lbuf_16bank_macro_model\BANKS=16\ROWS=1\DATA_W=128\READ_LATENCY=3.$proc$architecture_simulator/rtl/vertical_slice/gtsu_lbuf_16bank_macro_model.sv:51$4378'.
  created $adff cell `$procdff$81945' with positive edge clock and negative level reset.
Creating register for signal `$paramod\gtsu_lbuf_16bank_macro_model\BANKS=16\ROWS=1\DATA_W=128\READ_LATENCY=3.$mem2reg_wr$\memory$architecture_simulator/rtl/vertical_slice/gtsu_lbuf_16bank_macro_model.sv:78$4261_DATA' using process `$paramod\gtsu_lbuf_16bank_macro_model\BANKS=16\ROWS=1\DATA_W=128\READ_LATENCY=3.$proc$architecture_simulator/rtl/vertical_slice/gtsu_lbuf_16bank_macro_model.sv:51$4378'.
  created $adff cell `$procdff$81946' with positive edge clock and negative level reset.
Creating register for signal `$paramod\gtsu_lbuf_16bank_macro_model\BANKS=16\ROWS=1\DATA_W=128\READ_LATENCY=3.$mem2reg_wr$\memory$architecture_simulator/rtl/vertical_slice/gtsu_lbuf_16bank_macro_model.sv:78$4262_ADDR' using process `$paramod\gtsu_lbuf_16bank_macro_model\BANKS=16\ROWS=1\DATA_W=128\READ_LATENCY=3.$proc$architecture_simulator/rtl/vertical_slice/gtsu_lbuf_16bank_macro_model.sv:51$4378'.
  created $adff cell `$procdff$81947' with positive edge clock and negative level reset.
Creating register for signal `$paramod\gtsu_lbuf_16bank_macro_model\BANKS=16\ROWS=1\DATA_W=128\READ_LATENCY=3.$mem2reg_wr$\memory$architecture_simulator/rtl/vertical_slice/gtsu_lbuf_16bank_macro_model.sv:78$4262_DATA' using process `$paramod\gtsu_lbuf_16bank_macro_model\BANKS=16\ROWS=1\DATA_W=128\READ_LATENCY=3.$proc$architecture_simulator/rtl/vertical_slice/gtsu_lbuf_16bank_macro_model.sv:51$4378'.
  created $adff cell `$procdff$81948' with positive edge clock and negative level reset.
Creating register for signal `$paramod\gtsu_lbuf_16bank_macro_model\BANKS=16\ROWS=1\DATA_W=128\READ_LATENCY=3.$mem2reg_wr$\memory$architecture_simulator/rtl/vertical_slice/gtsu_lbuf_16bank_macro_model.sv:78$4263_ADDR' using process `$paramod\gtsu_lbuf_16bank_macro_model\BANKS=16\ROWS=1\DATA_W=128\READ_LATENCY=3.$proc$architecture_simulator/rtl/vertical_slice/gtsu_lbuf_16bank_macro_model.sv:51$4378'.
  created $adff cell `$procdff$81949' with positive edge clock and negative level reset.
Creating register for signal `$paramod\gtsu_lbuf_16bank_macro_model\BANKS=16\ROWS=1\DATA_W=128\READ_LATENCY=3.$mem2reg_wr$\memory$architecture_simulator/rtl/vertical_slice/gtsu_lbuf_16bank_macro_model.sv:78$4263_DATA' using process `$paramod\gtsu_lbuf_16bank_macro_model\BANKS=16\ROWS=1\DATA_W=128\READ_LATENCY=3.$proc$architecture_simulator/rtl/vertical_slice/gtsu_lbuf_16bank_macro_model.sv:51$4378'.
  created $adff cell `$procdff$81950' with positive edge clock and negative level reset.
Creating register for signal `$paramod\gtsu_lbuf_16bank_macro_model\BANKS=16\ROWS=1\DATA_W=128\READ_LATENCY=3.$mem2reg_wr$\memory$architecture_simulator/rtl/vertical_slice/gtsu_lbuf_16bank_macro_model.sv:78$4264_ADDR' using process `$paramod\gtsu_lbuf_16bank_macro_model\BANKS=16\ROWS=1\DATA_W=128\READ_LATENCY=3.$proc$architecture_simulator/rtl/vertical_slice/gtsu_lbuf_16bank_macro_model.sv:51$4378'.
  created $adff cell `$procdff$81951' with positive edge clock and negative level reset.
Creating register for signal `$paramod\gtsu_lbuf_16bank_macro_model\BANKS=16\ROWS=1\DATA_W=128\READ_LATENCY=3.$mem2reg_wr$\memory$architecture_simulator/rtl/vertical_slice/gtsu_lbuf_16bank_macro_model.sv:78$4264_DATA' using process `$paramod\gtsu_lbuf_16bank_macro_model\BANKS=16\ROWS=1\DATA_W=128\READ_LATENCY=3.$proc$architecture_simulator/rtl/vertical_slice/gtsu_lbuf_16bank_macro_model.sv:51$4378'.
  created $adff cell `$procdff$81952' with positive edge clock and negative level reset.
Creating register for signal `$paramod\gtsu_lbuf_16bank_macro_model\BANKS=16\ROWS=1\DATA_W=128\READ_LATENCY=3.$mem2reg_wr$\memory$architecture_simulator/rtl/vertical_slice/gtsu_lbuf_16bank_macro_model.sv:78$4265_ADDR' using process `$paramod\gtsu_lbuf_16bank_macro_model\BANKS=16\ROWS=1\DATA_W=128\READ_LATENCY=3.$proc$architecture_simulator/rtl/vertical_slice/gtsu_lbuf_16bank_macro_model.sv:51$4378'.
  created $adff cell `$procdff$81953' with positive edge clock and negative level reset.
Creating register for signal `$paramod\gtsu_lbuf_16bank_macro_model\BANKS=16\ROWS=1\DATA_W=128\READ_LATENCY=3.$mem2reg_wr$\memory$architecture_simulator/rtl/vertical_slice/gtsu_lbuf_16bank_macro_model.sv:78$4265_DATA' using process `$paramod\gtsu_lbuf_16bank_macro_model\BANKS=16\ROWS=1\DATA_W=128\READ_LATENCY=3.$proc$architecture_simulator/rtl/vertical_slice/gtsu_lbuf_16bank_macro_model.sv:51$4378'.
  created $adff cell `$procdff$81954' with positive edge clock and negative level reset.
Creating register for signal `$paramod\gtsu_lbuf_16bank_macro_model\BANKS=16\ROWS=1\DATA_W=128\READ_LATENCY=3.$mem2reg_wr$\memory$architecture_simulator/rtl/vertical_slice/gtsu_lbuf_16bank_macro_model.sv:78$4266_ADDR' using process `$paramod\gtsu_lbuf_16bank_macro_model\BANKS=16\ROWS=1\DATA_W=128\READ_LATENCY=3.$proc$architecture_simulator/rtl/vertical_slice/gtsu_lbuf_16bank_macro_model.sv:51$4378'.
  created $adff cell `$procdff$81955' with positive edge clock and negative level reset.
Creating register for signal `$paramod\gtsu_lbuf_16bank_macro_model\BANKS=16\ROWS=1\DATA_W=128\READ_LATENCY=3.$mem2reg_wr$\memory$architecture_simulator/rtl/vertical_slice/gtsu_lbuf_16bank_macro_model.sv:78$4266_DATA' using process `$paramod\gtsu_lbuf_16bank_macro_model\BANKS=16\ROWS=1\DATA_W=128\READ_LATENCY=3.$proc$architecture_simulator/rtl/vertical_slice/gtsu_lbuf_16bank_macro_model.sv:51$4378'.
  created $adff cell `$procdff$81956' with positive edge clock and negative level reset.
Creating register for signal `$paramod\gtsu_lbuf_16bank_macro_model\BANKS=16\ROWS=1\DATA_W=128\READ_LATENCY=3.$mem2reg_wr$\memory$architecture_simulator/rtl/vertical_slice/gtsu_lbuf_16bank_macro_model.sv:78$4267_ADDR' using process `$paramod\gtsu_lbuf_16bank_macro_model\BANKS=16\ROWS=1\DATA_W=128\READ_LATENCY=3.$proc$architecture_simulator/rtl/vertical_slice/gtsu_lbuf_16bank_macro_model.sv:51$4378'.
  created $adff cell `$procdff$81957' with positive edge clock and negative level reset.
Creating register for signal `$paramod\gtsu_lbuf_16bank_macro_model\BANKS=16\ROWS=1\DATA_W=128\READ_LATENCY=3.$mem2reg_wr$\memory$architecture_simulator/rtl/vertical_slice/gtsu_lbuf_16bank_macro_model.sv:78$4267_DATA' using process `$paramod\gtsu_lbuf_16bank_macro_model\BANKS=16\ROWS=1\DATA_W=128\READ_LATENCY=3.$proc$architecture_simulator/rtl/vertical_slice/gtsu_lbuf_16bank_macro_model.sv:51$4378'.
  created $adff cell `$procdff$81958' with positive edge clock and negative level reset.
Creating register for signal `$paramod\gtsu_lbuf_16bank_macro_model\BANKS=16\ROWS=1\DATA_W=128\READ_LATENCY=3.$mem2reg_wr$\memory$architecture_simulator/rtl/vertical_slice/gtsu_lbuf_16bank_macro_model.sv:78$4268_ADDR' using process `$paramod\gtsu_lbuf_16bank_macro_model\BANKS=16\ROWS=1\DATA_W=128\READ_LATENCY=3.$proc$architecture_simulator/rtl/vertical_slice/gtsu_lbuf_16bank_macro_model.sv:51$4378'.
  created $adff cell `$procdff$81959' with positive edge clock and negative level reset.
Creating register for signal `$paramod\gtsu_lbuf_16bank_macro_model\BANKS=16\ROWS=1\DATA_W=128\READ_LATENCY=3.$mem2reg_wr$\memory$architecture_simulator/rtl/vertical_slice/gtsu_lbuf_16bank_macro_model.sv:78$4268_DATA' using process `$paramod\gtsu_lbuf_16bank_macro_model\BANKS=16\ROWS=1\DATA_W=128\READ_LATENCY=3.$proc$architecture_simulator/rtl/vertical_slice/gtsu_lbuf_16bank_macro_model.sv:51$4378'.
  created $adff cell `$procdff$81960' with positive edge clock and negative level reset.
Creating register for signal `$paramod\gtsu_lbuf_16bank_macro_model\BANKS=16\ROWS=1\DATA_W=128\READ_LATENCY=3.$mem2reg_wr$\memory$architecture_simulator/rtl/vertical_slice/gtsu_lbuf_16bank_macro_model.sv:78$4269_ADDR' using process `$paramod\gtsu_lbuf_16bank_macro_model\BANKS=16\ROWS=1\DATA_W=128\READ_LATENCY=3.$proc$architecture_simulator/rtl/vertical_slice/gtsu_lbuf_16bank_macro_model.sv:51$4378'.
  created $adff cell `$procdff$81961' with positive edge clock and negative level reset.
Creating register for signal `$paramod\gtsu_lbuf_16bank_macro_model\BANKS=16\ROWS=1\DATA_W=128\READ_LATENCY=3.$mem2reg_wr$\memory$architecture_simulator/rtl/vertical_slice/gtsu_lbuf_16bank_macro_model.sv:78$4269_DATA' using process `$paramod\gtsu_lbuf_16bank_macro_model\BANKS=16\ROWS=1\DATA_W=128\READ_LATENCY=3.$proc$architecture_simulator/rtl/vertical_slice/gtsu_lbuf_16bank_macro_model.sv:51$4378'.
  created $adff cell `$procdff$81962' with positive edge clock and negative level reset.
Creating register for signal `$paramod\gtsu_lbuf_16bank_macro_model\BANKS=16\ROWS=1\DATA_W=128\READ_LATENCY=3.$mem2reg_wr$\memory$architecture_simulator/rtl/vertical_slice/gtsu_lbuf_16bank_macro_model.sv:78$4270_ADDR' using process `$paramod\gtsu_lbuf_16bank_macro_model\BANKS=16\ROWS=1\DATA_W=128\READ_LATENCY=3.$proc$architecture_simulator/rtl/vertical_slice/gtsu_lbuf_16bank_macro_model.sv:51$4378'.
  created $adff cell `$procdff$81963' with positive edge clock and negative level reset.
Creating register for signal `$paramod\gtsu_lbuf_16bank_macro_model\BANKS=16\ROWS=1\DATA_W=128\READ_LATENCY=3.$mem2reg_wr$\memory$architecture_simulator/rtl/vertical_slice/gtsu_lbuf_16bank_macro_model.sv:78$4270_DATA' using process `$paramod\gtsu_lbuf_16bank_macro_model\BANKS=16\ROWS=1\DATA_W=128\READ_LATENCY=3.$proc$architecture_simulator/rtl/vertical_slice/gtsu_lbuf_16bank_macro_model.sv:51$4378'.
  created $adff cell `$procdff$81964' with positive edge clock and negative level reset.
Creating register for signal `$paramod\gtsu_lbuf_16bank_macro_model\BANKS=16\ROWS=1\DATA_W=128\READ_LATENCY=3.$mem2reg_wr$\memory$architecture_simulator/rtl/vertical_slice/gtsu_lbuf_16bank_macro_model.sv:78$4271_ADDR' using process `$paramod\gtsu_lbuf_16bank_macro_model\BANKS=16\ROWS=1\DATA_W=128\READ_LATENCY=3.$proc$architecture_simulator/rtl/vertical_slice/gtsu_lbuf_16bank_macro_model.sv:51$4378'.
  created $adff cell `$procdff$81965' with positive edge clock and negative level reset.
Creating register for signal `$paramod\gtsu_lbuf_16bank_macro_model\BANKS=16\ROWS=1\DATA_W=128\READ_LATENCY=3.$mem2reg_wr$\memory$architecture_simulator/rtl/vertical_slice/gtsu_lbuf_16bank_macro_model.sv:78$4271_DATA' using process `$paramod\gtsu_lbuf_16bank_macro_model\BANKS=16\ROWS=1\DATA_W=128\READ_LATENCY=3.$proc$architecture_simulator/rtl/vertical_slice/gtsu_lbuf_16bank_macro_model.sv:51$4378'.
  created $adff cell `$procdff$81966' with positive edge clock and negative level reset.
Creating register for signal `$paramod\gtsu_lbuf_16bank_macro_model\BANKS=16\ROWS=1\DATA_W=128\READ_LATENCY=3.$mem2reg_wr$\memory$architecture_simulator/rtl/vertical_slice/gtsu_lbuf_16bank_macro_model.sv:78$4272_ADDR' using process `$paramod\gtsu_lbuf_16bank_macro_model\BANKS=16\ROWS=1\DATA_W=128\READ_LATENCY=3.$proc$architecture_simulator/rtl/vertical_slice/gtsu_lbuf_16bank_macro_model.sv:51$4378'.
  created $adff cell `$procdff$81967' with positive edge clock and negative level reset.
Creating register for signal `$paramod\gtsu_lbuf_16bank_macro_model\BANKS=16\ROWS=1\DATA_W=128\READ_LATENCY=3.$mem2reg_wr$\memory$architecture_simulator/rtl/vertical_slice/gtsu_lbuf_16bank_macro_model.sv:78$4272_DATA' using process `$paramod\gtsu_lbuf_16bank_macro_model\BANKS=16\ROWS=1\DATA_W=128\READ_LATENCY=3.$proc$architecture_simulator/rtl/vertical_slice/gtsu_lbuf_16bank_macro_model.sv:51$4378'.
  created $adff cell `$procdff$81968' with positive edge clock and negative level reset.
Creating register for signal `$paramod\gtsu_lbuf_16bank_macro_model\BANKS=16\ROWS=1\DATA_W=128\READ_LATENCY=3.$mem2reg_wr$\memory$architecture_simulator/rtl/vertical_slice/gtsu_lbuf_16bank_macro_model.sv:78$4273_ADDR' using process `$paramod\gtsu_lbuf_16bank_macro_model\BANKS=16\ROWS=1\DATA_W=128\READ_LATENCY=3.$proc$architecture_simulator/rtl/vertical_slice/gtsu_lbuf_16bank_macro_model.sv:51$4378'.
  created $adff cell `$procdff$81969' with positive edge clock and negative level reset.
Creating register for signal `$paramod\gtsu_lbuf_16bank_macro_model\BANKS=16\ROWS=1\DATA_W=128\READ_LATENCY=3.$mem2reg_wr$\memory$architecture_simulator/rtl/vertical_slice/gtsu_lbuf_16bank_macro_model.sv:78$4273_DATA' using process `$paramod\gtsu_lbuf_16bank_macro_model\BANKS=16\ROWS=1\DATA_W=128\READ_LATENCY=3.$proc$architecture_simulator/rtl/vertical_slice/gtsu_lbuf_16bank_macro_model.sv:51$4378'.
  created $adff cell `$procdff$81970' with positive edge clock and negative level reset.
Creating register for signal `$paramod\gtsu_lbuf_16bank_macro_model\BANKS=16\ROWS=1\DATA_W=128\READ_LATENCY=3.$mem2reg_wr$\memory$architecture_simulator/rtl/vertical_slice/gtsu_lbuf_16bank_macro_model.sv:78$4274_ADDR' using process `$paramod\gtsu_lbuf_16bank_macro_model\BANKS=16\ROWS=1\DATA_W=128\READ_LATENCY=3.$proc$architecture_simulator/rtl/vertical_slice/gtsu_lbuf_16bank_macro_model.sv:51$4378'.
  created $adff cell `$procdff$81971' with positive edge clock and negative level reset.
Creating register for signal `$paramod\gtsu_lbuf_16bank_macro_model\BANKS=16\ROWS=1\DATA_W=128\READ_LATENCY=3.$mem2reg_wr$\memory$architecture_simulator/rtl/vertical_slice/gtsu_lbuf_16bank_macro_model.sv:78$4274_DATA' using process `$paramod\gtsu_lbuf_16bank_macro_model\BANKS=16\ROWS=1\DATA_W=128\READ_LATENCY=3.$proc$architecture_simulator/rtl/vertical_slice/gtsu_lbuf_16bank_macro_model.sv:51$4378'.
  created $adff cell `$procdff$81972' with positive edge clock and negative level reset.
Creating register for signal `$paramod\gtsu_lbuf_16bank_macro_model\BANKS=16\ROWS=1\DATA_W=128\READ_LATENCY=3.$mem2reg_wr$\memory$architecture_simulator/rtl/vertical_slice/gtsu_lbuf_16bank_macro_model.sv:78$4275_ADDR' using process `$paramod\gtsu_lbuf_16bank_macro_model\BANKS=16\ROWS=1\DATA_W=128\READ_LATENCY=3.$proc$architecture_simulator/rtl/vertical_slice/gtsu_lbuf_16bank_macro_model.sv:51$4378'.
  created $adff cell `$procdff$81973' with positive edge clock and negative level reset.
Creating register for signal `$paramod\gtsu_lbuf_16bank_macro_model\BANKS=16\ROWS=1\DATA_W=128\READ_LATENCY=3.$mem2reg_wr$\memory$architecture_simulator/rtl/vertical_slice/gtsu_lbuf_16bank_macro_model.sv:78$4275_DATA' using process `$paramod\gtsu_lbuf_16bank_macro_model\BANKS=16\ROWS=1\DATA_W=128\READ_LATENCY=3.$proc$architecture_simulator/rtl/vertical_slice/gtsu_lbuf_16bank_macro_model.sv:51$4378'.
  created $adff cell `$procdff$81974' with positive edge clock and negative level reset.
Creating register for signal `$paramod\gtsu_lbuf_16bank_macro_model\BANKS=16\ROWS=1\DATA_W=128\READ_LATENCY=3.$mem2reg_wr$\memory$architecture_simulator/rtl/vertical_slice/gtsu_lbuf_16bank_macro_model.sv:78$4276_ADDR' using process `$paramod\gtsu_lbuf_16bank_macro_model\BANKS=16\ROWS=1\DATA_W=128\READ_LATENCY=3.$proc$architecture_simulator/rtl/vertical_slice/gtsu_lbuf_16bank_macro_model.sv:51$4378'.
  created $adff cell `$procdff$81975' with positive edge clock and negative level reset.
Creating register for signal `$paramod\gtsu_lbuf_16bank_macro_model\BANKS=16\ROWS=1\DATA_W=128\READ_LATENCY=3.$mem2reg_wr$\memory$architecture_simulator/rtl/vertical_slice/gtsu_lbuf_16bank_macro_model.sv:78$4276_DATA' using process `$paramod\gtsu_lbuf_16bank_macro_model\BANKS=16\ROWS=1\DATA_W=128\READ_LATENCY=3.$proc$architecture_simulator/rtl/vertical_slice/gtsu_lbuf_16bank_macro_model.sv:51$4378'.
  created $adff cell `$procdff$81976' with positive edge clock and negative level reset.
Creating register for signal `$paramod\gtsu_lbuf_16bank_macro_model\BANKS=16\ROWS=1\DATA_W=128\READ_LATENCY=3.$mem2reg_wr$\memory$architecture_simulator/rtl/vertical_slice/gtsu_lbuf_16bank_macro_model.sv:78$4277_ADDR' using process `$paramod\gtsu_lbuf_16bank_macro_model\BANKS=16\ROWS=1\DATA_W=128\READ_LATENCY=3.$proc$architecture_simulator/rtl/vertical_slice/gtsu_lbuf_16bank_macro_model.sv:51$4378'.
  created $adff cell `$procdff$81977' with positive edge clock and negative level reset.
Creating register for signal `$paramod\gtsu_lbuf_16bank_macro_model\BANKS=16\ROWS=1\DATA_W=128\READ_LATENCY=3.$mem2reg_wr$\memory$architecture_simulator/rtl/vertical_slice/gtsu_lbuf_16bank_macro_model.sv:78$4277_DATA' using process `$paramod\gtsu_lbuf_16bank_macro_model\BANKS=16\ROWS=1\DATA_W=128\READ_LATENCY=3.$proc$architecture_simulator/rtl/vertical_slice/gtsu_lbuf_16bank_macro_model.sv:51$4378'.
  created $adff cell `$procdff$81978' with positive edge clock and negative level reset.
Creating register for signal `$paramod\gtsu_lbuf_16bank_macro_model\BANKS=16\ROWS=1\DATA_W=128\READ_LATENCY=3.$mem2reg_wr$\memory$architecture_simulator/rtl/vertical_slice/gtsu_lbuf_16bank_macro_model.sv:78$4278_ADDR' using process `$paramod\gtsu_lbuf_16bank_macro_model\BANKS=16\ROWS=1\DATA_W=128\READ_LATENCY=3.$proc$architecture_simulator/rtl/vertical_slice/gtsu_lbuf_16bank_macro_model.sv:51$4378'.
  created $adff cell `$procdff$81979' with positive edge clock and negative level reset.
Creating register for signal `$paramod\gtsu_lbuf_16bank_macro_model\BANKS=16\ROWS=1\DATA_W=128\READ_LATENCY=3.$mem2reg_wr$\memory$architecture_simulator/rtl/vertical_slice/gtsu_lbuf_16bank_macro_model.sv:78$4278_DATA' using process `$paramod\gtsu_lbuf_16bank_macro_model\BANKS=16\ROWS=1\DATA_W=128\READ_LATENCY=3.$proc$architecture_simulator/rtl/vertical_slice/gtsu_lbuf_16bank_macro_model.sv:51$4378'.
  created $adff cell `$procdff$81980' with positive edge clock and negative level reset.
Creating register for signal `$paramod\gtsu_lbuf_16bank_macro_model\BANKS=16\ROWS=1\DATA_W=128\READ_LATENCY=3.$mem2reg_wr$\memory$architecture_simulator/rtl/vertical_slice/gtsu_lbuf_16bank_macro_model.sv:78$4279_ADDR' using process `$paramod\gtsu_lbuf_16bank_macro_model\BANKS=16\ROWS=1\DATA_W=128\READ_LATENCY=3.$proc$architecture_simulator/rtl/vertical_slice/gtsu_lbuf_16bank_macro_model.sv:51$4378'.
  created $adff cell `$procdff$81981' with positive edge clock and negative level reset.
Creating register for signal `$paramod\gtsu_lbuf_16bank_macro_model\BANKS=16\ROWS=1\DATA_W=128\READ_LATENCY=3.$mem2reg_wr$\memory$architecture_simulator/rtl/vertical_slice/gtsu_lbuf_16bank_macro_model.sv:78$4279_DATA' using process `$paramod\gtsu_lbuf_16bank_macro_model\BANKS=16\ROWS=1\DATA_W=128\READ_LATENCY=3.$proc$architecture_simulator/rtl/vertical_slice/gtsu_lbuf_16bank_macro_model.sv:51$4378'.
  created $adff cell `$procdff$81982' with positive edge clock and negative level reset.
Creating register for signal `$paramod\gtsu_lbuf_16bank_macro_model\BANKS=16\ROWS=1\DATA_W=128\READ_LATENCY=3.$mem2reg_wr$\memory$architecture_simulator/rtl/vertical_slice/gtsu_lbuf_16bank_macro_model.sv:78$4280_ADDR' using process `$paramod\gtsu_lbuf_16bank_macro_model\BANKS=16\ROWS=1\DATA_W=128\READ_LATENCY=3.$proc$architecture_simulator/rtl/vertical_slice/gtsu_lbuf_16bank_macro_model.sv:51$4378'.
  created $adff cell `$procdff$81983' with positive edge clock and negative level reset.
Creating register for signal `$paramod\gtsu_lbuf_16bank_macro_model\BANKS=16\ROWS=1\DATA_W=128\READ_LATENCY=3.$mem2reg_wr$\memory$architecture_simulator/rtl/vertical_slice/gtsu_lbuf_16bank_macro_model.sv:78$4280_DATA' using process `$paramod\gtsu_lbuf_16bank_macro_model\BANKS=16\ROWS=1\DATA_W=128\READ_LATENCY=3.$proc$architecture_simulator/rtl/vertical_slice/gtsu_lbuf_16bank_macro_model.sv:51$4378'.
  created $adff cell `$procdff$81984' with positive edge clock and negative level reset.
Creating register for signal `$paramod\gtsu_lbuf_16bank_macro_model\BANKS=16\ROWS=1\DATA_W=128\READ_LATENCY=3.$mem2reg_wr$\memory$architecture_simulator/rtl/vertical_slice/gtsu_lbuf_16bank_macro_model.sv:78$4281_ADDR' using process `$paramod\gtsu_lbuf_16bank_macro_model\BANKS=16\ROWS=1\DATA_W=128\READ_LATENCY=3.$proc$architecture_simulator/rtl/vertical_slice/gtsu_lbuf_16bank_macro_model.sv:51$4378'.
  created $adff cell `$procdff$81985' with positive edge clock and negative level reset.
Creating register for signal `$paramod\gtsu_lbuf_16bank_macro_model\BANKS=16\ROWS=1\DATA_W=128\READ_LATENCY=3.$mem2reg_wr$\memory$architecture_simulator/rtl/vertical_slice/gtsu_lbuf_16bank_macro_model.sv:78$4281_DATA' using process `$paramod\gtsu_lbuf_16bank_macro_model\BANKS=16\ROWS=1\DATA_W=128\READ_LATENCY=3.$proc$architecture_simulator/rtl/vertical_slice/gtsu_lbuf_16bank_macro_model.sv:51$4378'.
  created $adff cell `$procdff$81986' with positive edge clock and negative level reset.
Creating register for signal `$paramod\gtsu_lbuf_16bank_macro_model\BANKS=16\ROWS=1\DATA_W=128\READ_LATENCY=3.$mem2reg_wr$\memory$architecture_simulator/rtl/vertical_slice/gtsu_lbuf_16bank_macro_model.sv:78$4282_ADDR' using process `$paramod\gtsu_lbuf_16bank_macro_model\BANKS=16\ROWS=1\DATA_W=128\READ_LATENCY=3.$proc$architecture_simulator/rtl/vertical_slice/gtsu_lbuf_16bank_macro_model.sv:51$4378'.
  created $adff cell `$procdff$81987' with positive edge clock and negative level reset.
Creating register for signal `$paramod\gtsu_lbuf_16bank_macro_model\BANKS=16\ROWS=1\DATA_W=128\READ_LATENCY=3.$mem2reg_wr$\memory$architecture_simulator/rtl/vertical_slice/gtsu_lbuf_16bank_macro_model.sv:78$4282_DATA' using process `$paramod\gtsu_lbuf_16bank_macro_model\BANKS=16\ROWS=1\DATA_W=128\READ_LATENCY=3.$proc$architecture_simulator/rtl/vertical_slice/gtsu_lbuf_16bank_macro_model.sv:51$4378'.
  created $adff cell `$procdff$81988' with positive edge clock and negative level reset.
Creating register for signal `$paramod\gtsu_lbuf_16bank_macro_model\BANKS=16\ROWS=1\DATA_W=128\READ_LATENCY=3.$mem2reg_wr$\memory$architecture_simulator/rtl/vertical_slice/gtsu_lbuf_16bank_macro_model.sv:78$4283_ADDR' using process `$paramod\gtsu_lbuf_16bank_macro_model\BANKS=16\ROWS=1\DATA_W=128\READ_LATENCY=3.$proc$architecture_simulator/rtl/vertical_slice/gtsu_lbuf_16bank_macro_model.sv:51$4378'.
  created $adff cell `$procdff$81989' with positive edge clock and negative level reset.
Creating register for signal `$paramod\gtsu_lbuf_16bank_macro_model\BANKS=16\ROWS=1\DATA_W=128\READ_LATENCY=3.$mem2reg_wr$\memory$architecture_simulator/rtl/vertical_slice/gtsu_lbuf_16bank_macro_model.sv:78$4283_DATA' using process `$paramod\gtsu_lbuf_16bank_macro_model\BANKS=16\ROWS=1\DATA_W=128\READ_LATENCY=3.$proc$architecture_simulator/rtl/vertical_slice/gtsu_lbuf_16bank_macro_model.sv:51$4378'.
  created $adff cell `$procdff$81990' with positive edge clock and negative level reset.
Creating register for signal `$paramod\gtsu_lbuf_16bank_macro_model\BANKS=16\ROWS=1\DATA_W=128\READ_LATENCY=3.$mem2reg_wr$\memory$architecture_simulator/rtl/vertical_slice/gtsu_lbuf_16bank_macro_model.sv:78$4284_ADDR' using process `$paramod\gtsu_lbuf_16bank_macro_model\BANKS=16\ROWS=1\DATA_W=128\READ_LATENCY=3.$proc$architecture_simulator/rtl/vertical_slice/gtsu_lbuf_16bank_macro_model.sv:51$4378'.
  created $adff cell `$procdff$81991' with positive edge clock and negative level reset.
Creating register for signal `$paramod\gtsu_lbuf_16bank_macro_model\BANKS=16\ROWS=1\DATA_W=128\READ_LATENCY=3.$mem2reg_wr$\memory$architecture_simulator/rtl/vertical_slice/gtsu_lbuf_16bank_macro_model.sv:78$4284_DATA' using process `$paramod\gtsu_lbuf_16bank_macro_model\BANKS=16\ROWS=1\DATA_W=128\READ_LATENCY=3.$proc$architecture_simulator/rtl/vertical_slice/gtsu_lbuf_16bank_macro_model.sv:51$4378'.
  created $adff cell `$procdff$81992' with positive edge clock and negative level reset.
Creating register for signal `$paramod\gtsu_lbuf_16bank_macro_model\BANKS=16\ROWS=1\DATA_W=128\READ_LATENCY=3.$mem2reg_wr$\memory$architecture_simulator/rtl/vertical_slice/gtsu_lbuf_16bank_macro_model.sv:78$4285_ADDR' using process `$paramod\gtsu_lbuf_16bank_macro_model\BANKS=16\ROWS=1\DATA_W=128\READ_LATENCY=3.$proc$architecture_simulator/rtl/vertical_slice/gtsu_lbuf_16bank_macro_model.sv:51$4378'.
  created $adff cell `$procdff$81993' with positive edge clock and negative level reset.
Creating register for signal `$paramod\gtsu_lbuf_16bank_macro_model\BANKS=16\ROWS=1\DATA_W=128\READ_LATENCY=3.$mem2reg_wr$\memory$architecture_simulator/rtl/vertical_slice/gtsu_lbuf_16bank_macro_model.sv:78$4285_DATA' using process `$paramod\gtsu_lbuf_16bank_macro_model\BANKS=16\ROWS=1\DATA_W=128\READ_LATENCY=3.$proc$architecture_simulator/rtl/vertical_slice/gtsu_lbuf_16bank_macro_model.sv:51$4378'.
  created $adff cell `$procdff$81994' with positive edge clock and negative level reset.
Creating register for signal `$paramod\gtsu_lbuf_16bank_macro_model\BANKS=16\ROWS=1\DATA_W=128\READ_LATENCY=3.$mem2reg_wr$\memory$architecture_simulator/rtl/vertical_slice/gtsu_lbuf_16bank_macro_model.sv:78$4286_ADDR' using process `$paramod\gtsu_lbuf_16bank_macro_model\BANKS=16\ROWS=1\DATA_W=128\READ_LATENCY=3.$proc$architecture_simulator/rtl/vertical_slice/gtsu_lbuf_16bank_macro_model.sv:51$4378'.
  created $adff cell `$procdff$81995' with positive edge clock and negative level reset.
Creating register for signal `$paramod\gtsu_lbuf_16bank_macro_model\BANKS=16\ROWS=1\DATA_W=128\READ_LATENCY=3.$mem2reg_wr$\memory$architecture_simulator/rtl/vertical_slice/gtsu_lbuf_16bank_macro_model.sv:78$4286_DATA' using process `$paramod\gtsu_lbuf_16bank_macro_model\BANKS=16\ROWS=1\DATA_W=128\READ_LATENCY=3.$proc$architecture_simulator/rtl/vertical_slice/gtsu_lbuf_16bank_macro_model.sv:51$4378'.
  created $adff cell `$procdff$81996' with positive edge clock and negative level reset.
Creating register for signal `$paramod\gtsu_lbuf_16bank_macro_model\BANKS=16\ROWS=1\DATA_W=128\READ_LATENCY=3.$mem2reg_wr$\memory$architecture_simulator/rtl/vertical_slice/gtsu_lbuf_16bank_macro_model.sv:78$4287_ADDR' using process `$paramod\gtsu_lbuf_16bank_macro_model\BANKS=16\ROWS=1\DATA_W=128\READ_LATENCY=3.$proc$architecture_simulator/rtl/vertical_slice/gtsu_lbuf_16bank_macro_model.sv:51$4378'.
  created $adff cell `$procdff$81997' with positive edge clock and negative level reset.
Creating register for signal `$paramod\gtsu_lbuf_16bank_macro_model\BANKS=16\ROWS=1\DATA_W=128\READ_LATENCY=3.$mem2reg_wr$\memory$architecture_simulator/rtl/vertical_slice/gtsu_lbuf_16bank_macro_model.sv:78$4287_DATA' using process `$paramod\gtsu_lbuf_16bank_macro_model\BANKS=16\ROWS=1\DATA_W=128\READ_LATENCY=3.$proc$architecture_simulator/rtl/vertical_slice/gtsu_lbuf_16bank_macro_model.sv:51$4378'.
  created $adff cell `$procdff$81998' with positive edge clock and negative level reset.
Creating register for signal `$paramod\gtsu_lbuf_16bank_macro_model\BANKS=16\ROWS=1\DATA_W=128\READ_LATENCY=3.$mem2reg_wr$\memory$architecture_simulator/rtl/vertical_slice/gtsu_lbuf_16bank_macro_model.sv:78$4288_ADDR' using process `$paramod\gtsu_lbuf_16bank_macro_model\BANKS=16\ROWS=1\DATA_W=128\READ_LATENCY=3.$proc$architecture_simulator/rtl/vertical_slice/gtsu_lbuf_16bank_macro_model.sv:51$4378'.
  created $adff cell `$procdff$81999' with positive edge clock and negative level reset.
Creating register for signal `$paramod\gtsu_lbuf_16bank_macro_model\BANKS=16\ROWS=1\DATA_W=128\READ_LATENCY=3.$mem2reg_wr$\memory$architecture_simulator/rtl/vertical_slice/gtsu_lbuf_16bank_macro_model.sv:78$4288_DATA' using process `$paramod\gtsu_lbuf_16bank_macro_model\BANKS=16\ROWS=1\DATA_W=128\READ_LATENCY=3.$proc$architecture_simulator/rtl/vertical_slice/gtsu_lbuf_16bank_macro_model.sv:51$4378'.
  created $adff cell `$procdff$82000' with positive edge clock and negative level reset.
Creating register for signal `$paramod\gtsu_lbuf_16bank_macro_model\BANKS=16\ROWS=1\DATA_W=128\READ_LATENCY=3.$mem2reg_wr$\memory$architecture_simulator/rtl/vertical_slice/gtsu_lbuf_16bank_macro_model.sv:78$4289_ADDR' using process `$paramod\gtsu_lbuf_16bank_macro_model\BANKS=16\ROWS=1\DATA_W=128\READ_LATENCY=3.$proc$architecture_simulator/rtl/vertical_slice/gtsu_lbuf_16bank_macro_model.sv:51$4378'.
  created $adff cell `$procdff$82001' with positive edge clock and negative level reset.
Creating register for signal `$paramod\gtsu_lbuf_16bank_macro_model\BANKS=16\ROWS=1\DATA_W=128\READ_LATENCY=3.$mem2reg_wr$\memory$architecture_simulator/rtl/vertical_slice/gtsu_lbuf_16bank_macro_model.sv:78$4289_DATA' using process `$paramod\gtsu_lbuf_16bank_macro_model\BANKS=16\ROWS=1\DATA_W=128\READ_LATENCY=3.$proc$architecture_simulator/rtl/vertical_slice/gtsu_lbuf_16bank_macro_model.sv:51$4378'.
  created $adff cell `$procdff$82002' with positive edge clock and negative level reset.
Creating register for signal `$paramod\gtsu_lbuf_16bank_macro_model\BANKS=16\ROWS=1\DATA_W=128\READ_LATENCY=3.$mem2reg_wr$\memory$architecture_simulator/rtl/vertical_slice/gtsu_lbuf_16bank_macro_model.sv:78$4290_ADDR' using process `$paramod\gtsu_lbuf_16bank_macro_model\BANKS=16\ROWS=1\DATA_W=128\READ_LATENCY=3.$proc$architecture_simulator/rtl/vertical_slice/gtsu_lbuf_16bank_macro_model.sv:51$4378'.
  created $adff cell `$procdff$82003' with positive edge clock and negative level reset.
Creating register for signal `$paramod\gtsu_lbuf_16bank_macro_model\BANKS=16\ROWS=1\DATA_W=128\READ_LATENCY=3.$mem2reg_wr$\memory$architecture_simulator/rtl/vertical_slice/gtsu_lbuf_16bank_macro_model.sv:78$4290_DATA' using process `$paramod\gtsu_lbuf_16bank_macro_model\BANKS=16\ROWS=1\DATA_W=128\READ_LATENCY=3.$proc$architecture_simulator/rtl/vertical_slice/gtsu_lbuf_16bank_macro_model.sv:51$4378'.
  created $adff cell `$procdff$82004' with positive edge clock and negative level reset.
Creating register for signal `$paramod\gtsu_lbuf_16bank_macro_model\BANKS=16\ROWS=1\DATA_W=128\READ_LATENCY=3.$mem2reg_wr$\memory$architecture_simulator/rtl/vertical_slice/gtsu_lbuf_16bank_macro_model.sv:78$4291_ADDR' using process `$paramod\gtsu_lbuf_16bank_macro_model\BANKS=16\ROWS=1\DATA_W=128\READ_LATENCY=3.$proc$architecture_simulator/rtl/vertical_slice/gtsu_lbuf_16bank_macro_model.sv:51$4378'.
  created $adff cell `$procdff$82005' with positive edge clock and negative level reset.
Creating register for signal `$paramod\gtsu_lbuf_16bank_macro_model\BANKS=16\ROWS=1\DATA_W=128\READ_LATENCY=3.$mem2reg_wr$\memory$architecture_simulator/rtl/vertical_slice/gtsu_lbuf_16bank_macro_model.sv:78$4291_DATA' using process `$paramod\gtsu_lbuf_16bank_macro_model\BANKS=16\ROWS=1\DATA_W=128\READ_LATENCY=3.$proc$architecture_simulator/rtl/vertical_slice/gtsu_lbuf_16bank_macro_model.sv:51$4378'.
  created $adff cell `$procdff$82006' with positive edge clock and negative level reset.
Creating register for signal `$paramod\gtsu_lbuf_16bank_macro_model\BANKS=16\ROWS=1\DATA_W=128\READ_LATENCY=3.$mem2reg_wr$\memory$architecture_simulator/rtl/vertical_slice/gtsu_lbuf_16bank_macro_model.sv:78$4292_ADDR' using process `$paramod\gtsu_lbuf_16bank_macro_model\BANKS=16\ROWS=1\DATA_W=128\READ_LATENCY=3.$proc$architecture_simulator/rtl/vertical_slice/gtsu_lbuf_16bank_macro_model.sv:51$4378'.
  created $adff cell `$procdff$82007' with positive edge clock and negative level reset.
Creating register for signal `$paramod\gtsu_lbuf_16bank_macro_model\BANKS=16\ROWS=1\DATA_W=128\READ_LATENCY=3.$mem2reg_wr$\memory$architecture_simulator/rtl/vertical_slice/gtsu_lbuf_16bank_macro_model.sv:78$4292_DATA' using process `$paramod\gtsu_lbuf_16bank_macro_model\BANKS=16\ROWS=1\DATA_W=128\READ_LATENCY=3.$proc$architecture_simulator/rtl/vertical_slice/gtsu_lbuf_16bank_macro_model.sv:51$4378'.
  created $adff cell `$procdff$82008' with positive edge clock and negative level reset.
Creating register for signal `$paramod\gtsu_lbuf_16bank_macro_model\BANKS=16\ROWS=1\DATA_W=128\READ_LATENCY=3.$mem2reg_wr$\memory$architecture_simulator/rtl/vertical_slice/gtsu_lbuf_16bank_macro_model.sv:78$4293_ADDR' using process `$paramod\gtsu_lbuf_16bank_macro_model\BANKS=16\ROWS=1\DATA_W=128\READ_LATENCY=3.$proc$architecture_simulator/rtl/vertical_slice/gtsu_lbuf_16bank_macro_model.sv:51$4378'.
  created $adff cell `$procdff$82009' with positive edge clock and negative level reset.
Creating register for signal `$paramod\gtsu_lbuf_16bank_macro_model\BANKS=16\ROWS=1\DATA_W=128\READ_LATENCY=3.$mem2reg_wr$\memory$architecture_simulator/rtl/vertical_slice/gtsu_lbuf_16bank_macro_model.sv:78$4293_DATA' using process `$paramod\gtsu_lbuf_16bank_macro_model\BANKS=16\ROWS=1\DATA_W=128\READ_LATENCY=3.$proc$architecture_simulator/rtl/vertical_slice/gtsu_lbuf_16bank_macro_model.sv:51$4378'.
  created $adff cell `$procdff$82010' with positive edge clock and negative level reset.
Creating register for signal `$paramod\gtsu_lbuf_16bank_macro_model\BANKS=16\ROWS=1\DATA_W=128\READ_LATENCY=3.$mem2reg_wr$\memory$architecture_simulator/rtl/vertical_slice/gtsu_lbuf_16bank_macro_model.sv:78$4294_ADDR' using process `$paramod\gtsu_lbuf_16bank_macro_model\BANKS=16\ROWS=1\DATA_W=128\READ_LATENCY=3.$proc$architecture_simulator/rtl/vertical_slice/gtsu_lbuf_16bank_macro_model.sv:51$4378'.
  created $adff cell `$procdff$82011' with positive edge clock and negative level reset.
Creating register for signal `$paramod\gtsu_lbuf_16bank_macro_model\BANKS=16\ROWS=1\DATA_W=128\READ_LATENCY=3.$mem2reg_wr$\memory$architecture_simulator/rtl/vertical_slice/gtsu_lbuf_16bank_macro_model.sv:78$4294_DATA' using process `$paramod\gtsu_lbuf_16bank_macro_model\BANKS=16\ROWS=1\DATA_W=128\READ_LATENCY=3.$proc$architecture_simulator/rtl/vertical_slice/gtsu_lbuf_16bank_macro_model.sv:51$4378'.
  created $adff cell `$procdff$82012' with positive edge clock and negative level reset.
Creating register for signal `$paramod\gtsu_lbuf_16bank_macro_model\BANKS=16\ROWS=1\DATA_W=128\READ_LATENCY=3.$mem2reg_wr$\memory$architecture_simulator/rtl/vertical_slice/gtsu_lbuf_16bank_macro_model.sv:78$4295_ADDR' using process `$paramod\gtsu_lbuf_16bank_macro_model\BANKS=16\ROWS=1\DATA_W=128\READ_LATENCY=3.$proc$architecture_simulator/rtl/vertical_slice/gtsu_lbuf_16bank_macro_model.sv:51$4378'.
  created $adff cell `$procdff$82013' with positive edge clock and negative level reset.
Creating register for signal `$paramod\gtsu_lbuf_16bank_macro_model\BANKS=16\ROWS=1\DATA_W=128\READ_LATENCY=3.$mem2reg_wr$\memory$architecture_simulator/rtl/vertical_slice/gtsu_lbuf_16bank_macro_model.sv:78$4295_DATA' using process `$paramod\gtsu_lbuf_16bank_macro_model\BANKS=16\ROWS=1\DATA_W=128\READ_LATENCY=3.$proc$architecture_simulator/rtl/vertical_slice/gtsu_lbuf_16bank_macro_model.sv:51$4378'.
  created $adff cell `$procdff$82014' with positive edge clock and negative level reset.
Creating register for signal `$paramod\gtsu_lbuf_16bank_macro_model\BANKS=16\ROWS=1\DATA_W=128\READ_LATENCY=3.$mem2reg_wr$\memory$architecture_simulator/rtl/vertical_slice/gtsu_lbuf_16bank_macro_model.sv:78$4296_ADDR' using process `$paramod\gtsu_lbuf_16bank_macro_model\BANKS=16\ROWS=1\DATA_W=128\READ_LATENCY=3.$proc$architecture_simulator/rtl/vertical_slice/gtsu_lbuf_16bank_macro_model.sv:51$4378'.
  created $adff cell `$procdff$82015' with positive edge clock and negative level reset.
Creating register for signal `$paramod\gtsu_lbuf_16bank_macro_model\BANKS=16\ROWS=1\DATA_W=128\READ_LATENCY=3.$mem2reg_wr$\memory$architecture_simulator/rtl/vertical_slice/gtsu_lbuf_16bank_macro_model.sv:78$4296_DATA' using process `$paramod\gtsu_lbuf_16bank_macro_model\BANKS=16\ROWS=1\DATA_W=128\READ_LATENCY=3.$proc$architecture_simulator/rtl/vertical_slice/gtsu_lbuf_16bank_macro_model.sv:51$4378'.
  created $adff cell `$procdff$82016' with positive edge clock and negative level reset.
Creating register for signal `$paramod\gtsu_lbuf_16bank_macro_model\BANKS=16\ROWS=1\DATA_W=128\READ_LATENCY=3.$mem2reg_wr$\memory$architecture_simulator/rtl/vertical_slice/gtsu_lbuf_16bank_macro_model.sv:78$4297_ADDR' using process `$paramod\gtsu_lbuf_16bank_macro_model\BANKS=16\ROWS=1\DATA_W=128\READ_LATENCY=3.$proc$architecture_simulator/rtl/vertical_slice/gtsu_lbuf_16bank_macro_model.sv:51$4378'.
  created $adff cell `$procdff$82017' with positive edge clock and negative level reset.
Creating register for signal `$paramod\gtsu_lbuf_16bank_macro_model\BANKS=16\ROWS=1\DATA_W=128\READ_LATENCY=3.$mem2reg_wr$\memory$architecture_simulator/rtl/vertical_slice/gtsu_lbuf_16bank_macro_model.sv:78$4297_DATA' using process `$paramod\gtsu_lbuf_16bank_macro_model\BANKS=16\ROWS=1\DATA_W=128\READ_LATENCY=3.$proc$architecture_simulator/rtl/vertical_slice/gtsu_lbuf_16bank_macro_model.sv:51$4378'.
  created $adff cell `$procdff$82018' with positive edge clock and negative level reset.
Creating register for signal `$paramod\gtsu_lbuf_16bank_macro_model\BANKS=16\ROWS=1\DATA_W=128\READ_LATENCY=3.$mem2reg_wr$\memory$architecture_simulator/rtl/vertical_slice/gtsu_lbuf_16bank_macro_model.sv:78$4298_ADDR' using process `$paramod\gtsu_lbuf_16bank_macro_model\BANKS=16\ROWS=1\DATA_W=128\READ_LATENCY=3.$proc$architecture_simulator/rtl/vertical_slice/gtsu_lbuf_16bank_macro_model.sv:51$4378'.
  created $adff cell `$procdff$82019' with positive edge clock and negative level reset.
Creating register for signal `$paramod\gtsu_lbuf_16bank_macro_model\BANKS=16\ROWS=1\DATA_W=128\READ_LATENCY=3.$mem2reg_wr$\memory$architecture_simulator/rtl/vertical_slice/gtsu_lbuf_16bank_macro_model.sv:78$4298_DATA' using process `$paramod\gtsu_lbuf_16bank_macro_model\BANKS=16\ROWS=1\DATA_W=128\READ_LATENCY=3.$proc$architecture_simulator/rtl/vertical_slice/gtsu_lbuf_16bank_macro_model.sv:51$4378'.
  created $adff cell `$procdff$82020' with positive edge clock and negative level reset.
Creating register for signal `$paramod\gtsu_lbuf_16bank_macro_model\BANKS=16\ROWS=1\DATA_W=128\READ_LATENCY=3.$mem2reg_wr$\memory$architecture_simulator/rtl/vertical_slice/gtsu_lbuf_16bank_macro_model.sv:78$4299_ADDR' using process `$paramod\gtsu_lbuf_16bank_macro_model\BANKS=16\ROWS=1\DATA_W=128\READ_LATENCY=3.$proc$architecture_simulator/rtl/vertical_slice/gtsu_lbuf_16bank_macro_model.sv:51$4378'.
  created $adff cell `$procdff$82021' with positive edge clock and negative level reset.
Creating register for signal `$paramod\gtsu_lbuf_16bank_macro_model\BANKS=16\ROWS=1\DATA_W=128\READ_LATENCY=3.$mem2reg_wr$\memory$architecture_simulator/rtl/vertical_slice/gtsu_lbuf_16bank_macro_model.sv:78$4299_DATA' using process `$paramod\gtsu_lbuf_16bank_macro_model\BANKS=16\ROWS=1\DATA_W=128\READ_LATENCY=3.$proc$architecture_simulator/rtl/vertical_slice/gtsu_lbuf_16bank_macro_model.sv:51$4378'.
  created $adff cell `$procdff$82022' with positive edge clock and negative level reset.
Creating register for signal `$paramod\gtsu_lbuf_16bank_macro_model\BANKS=16\ROWS=1\DATA_W=128\READ_LATENCY=3.$mem2reg_wr$\memory$architecture_simulator/rtl/vertical_slice/gtsu_lbuf_16bank_macro_model.sv:78$4300_ADDR' using process `$paramod\gtsu_lbuf_16bank_macro_model\BANKS=16\ROWS=1\DATA_W=128\READ_LATENCY=3.$proc$architecture_simulator/rtl/vertical_slice/gtsu_lbuf_16bank_macro_model.sv:51$4378'.
  created $adff cell `$procdff$82023' with positive edge clock and negative level reset.
Creating register for signal `$paramod\gtsu_lbuf_16bank_macro_model\BANKS=16\ROWS=1\DATA_W=128\READ_LATENCY=3.$mem2reg_wr$\memory$architecture_simulator/rtl/vertical_slice/gtsu_lbuf_16bank_macro_model.sv:78$4300_DATA' using process `$paramod\gtsu_lbuf_16bank_macro_model\BANKS=16\ROWS=1\DATA_W=128\READ_LATENCY=3.$proc$architecture_simulator/rtl/vertical_slice/gtsu_lbuf_16bank_macro_model.sv:51$4378'.
  created $adff cell `$procdff$82024' with positive edge clock and negative level reset.
Creating register for signal `$paramod\gtsu_lbuf_16bank_macro_model\BANKS=16\ROWS=1\DATA_W=128\READ_LATENCY=3.$mem2reg_wr$\memory$architecture_simulator/rtl/vertical_slice/gtsu_lbuf_16bank_macro_model.sv:78$4301_ADDR' using process `$paramod\gtsu_lbuf_16bank_macro_model\BANKS=16\ROWS=1\DATA_W=128\READ_LATENCY=3.$proc$architecture_simulator/rtl/vertical_slice/gtsu_lbuf_16bank_macro_model.sv:51$4378'.
  created $adff cell `$procdff$82025' with positive edge clock and negative level reset.
Creating register for signal `$paramod\gtsu_lbuf_16bank_macro_model\BANKS=16\ROWS=1\DATA_W=128\READ_LATENCY=3.$mem2reg_wr$\memory$architecture_simulator/rtl/vertical_slice/gtsu_lbuf_16bank_macro_model.sv:78$4301_DATA' using process `$paramod\gtsu_lbuf_16bank_macro_model\BANKS=16\ROWS=1\DATA_W=128\READ_LATENCY=3.$proc$architecture_simulator/rtl/vertical_slice/gtsu_lbuf_16bank_macro_model.sv:51$4378'.
  created $adff cell `$procdff$82026' with positive edge clock and negative level reset.
Creating register for signal `$paramod\gtsu_lbuf_16bank_macro_model\BANKS=16\ROWS=1\DATA_W=128\READ_LATENCY=3.$mem2reg_wr$\memory$architecture_simulator/rtl/vertical_slice/gtsu_lbuf_16bank_macro_model.sv:78$4302_ADDR' using process `$paramod\gtsu_lbuf_16bank_macro_model\BANKS=16\ROWS=1\DATA_W=128\READ_LATENCY=3.$proc$architecture_simulator/rtl/vertical_slice/gtsu_lbuf_16bank_macro_model.sv:51$4378'.
  created $adff cell `$procdff$82027' with positive edge clock and negative level reset.
Creating register for signal `$paramod\gtsu_lbuf_16bank_macro_model\BANKS=16\ROWS=1\DATA_W=128\READ_LATENCY=3.$mem2reg_wr$\memory$architecture_simulator/rtl/vertical_slice/gtsu_lbuf_16bank_macro_model.sv:78$4302_DATA' using process `$paramod\gtsu_lbuf_16bank_macro_model\BANKS=16\ROWS=1\DATA_W=128\READ_LATENCY=3.$proc$architecture_simulator/rtl/vertical_slice/gtsu_lbuf_16bank_macro_model.sv:51$4378'.
  created $adff cell `$procdff$82028' with positive edge clock and negative level reset.
Creating register for signal `$paramod\gtsu_lbuf_16bank_macro_model\BANKS=16\ROWS=1\DATA_W=128\READ_LATENCY=3.$mem2reg_wr$\memory$architecture_simulator/rtl/vertical_slice/gtsu_lbuf_16bank_macro_model.sv:78$4303_ADDR' using process `$paramod\gtsu_lbuf_16bank_macro_model\BANKS=16\ROWS=1\DATA_W=128\READ_LATENCY=3.$proc$architecture_simulator/rtl/vertical_slice/gtsu_lbuf_16bank_macro_model.sv:51$4378'.
  created $adff cell `$procdff$82029' with positive edge clock and negative level reset.
Creating register for signal `$paramod\gtsu_lbuf_16bank_macro_model\BANKS=16\ROWS=1\DATA_W=128\READ_LATENCY=3.$mem2reg_wr$\memory$architecture_simulator/rtl/vertical_slice/gtsu_lbuf_16bank_macro_model.sv:78$4303_DATA' using process `$paramod\gtsu_lbuf_16bank_macro_model\BANKS=16\ROWS=1\DATA_W=128\READ_LATENCY=3.$proc$architecture_simulator/rtl/vertical_slice/gtsu_lbuf_16bank_macro_model.sv:51$4378'.
  created $adff cell `$procdff$82030' with positive edge clock and negative level reset.
Creating register for signal `$paramod\gtsu_lbuf_16bank_macro_model\BANKS=16\ROWS=1\DATA_W=128\READ_LATENCY=3.$mem2reg_wr$\memory$architecture_simulator/rtl/vertical_slice/gtsu_lbuf_16bank_macro_model.sv:78$4304_ADDR' using process `$paramod\gtsu_lbuf_16bank_macro_model\BANKS=16\ROWS=1\DATA_W=128\READ_LATENCY=3.$proc$architecture_simulator/rtl/vertical_slice/gtsu_lbuf_16bank_macro_model.sv:51$4378'.
  created $adff cell `$procdff$82031' with positive edge clock and negative level reset.
Creating register for signal `$paramod\gtsu_lbuf_16bank_macro_model\BANKS=16\ROWS=1\DATA_W=128\READ_LATENCY=3.$mem2reg_wr$\memory$architecture_simulator/rtl/vertical_slice/gtsu_lbuf_16bank_macro_model.sv:78$4304_DATA' using process `$paramod\gtsu_lbuf_16bank_macro_model\BANKS=16\ROWS=1\DATA_W=128\READ_LATENCY=3.$proc$architecture_simulator/rtl/vertical_slice/gtsu_lbuf_16bank_macro_model.sv:51$4378'.
  created $adff cell `$procdff$82032' with positive edge clock and negative level reset.
Creating register for signal `$paramod\gtsu_lbuf_16bank_macro_model\BANKS=16\ROWS=1\DATA_W=128\READ_LATENCY=3.$mem2reg_wr$\memory$architecture_simulator/rtl/vertical_slice/gtsu_lbuf_16bank_macro_model.sv:78$4305_ADDR' using process `$paramod\gtsu_lbuf_16bank_macro_model\BANKS=16\ROWS=1\DATA_W=128\READ_LATENCY=3.$proc$architecture_simulator/rtl/vertical_slice/gtsu_lbuf_16bank_macro_model.sv:51$4378'.
  created $adff cell `$procdff$82033' with positive edge clock and negative level reset.
Creating register for signal `$paramod\gtsu_lbuf_16bank_macro_model\BANKS=16\ROWS=1\DATA_W=128\READ_LATENCY=3.$mem2reg_wr$\memory$architecture_simulator/rtl/vertical_slice/gtsu_lbuf_16bank_macro_model.sv:78$4305_DATA' using process `$paramod\gtsu_lbuf_16bank_macro_model\BANKS=16\ROWS=1\DATA_W=128\READ_LATENCY=3.$proc$architecture_simulator/rtl/vertical_slice/gtsu_lbuf_16bank_macro_model.sv:51$4378'.
  created $adff cell `$procdff$82034' with positive edge clock and negative level reset.
Creating register for signal `$paramod\gtsu_lbuf_16bank_macro_model\BANKS=16\ROWS=1\DATA_W=128\READ_LATENCY=3.$mem2reg_wr$\memory$architecture_simulator/rtl/vertical_slice/gtsu_lbuf_16bank_macro_model.sv:78$4306_ADDR' using process `$paramod\gtsu_lbuf_16bank_macro_model\BANKS=16\ROWS=1\DATA_W=128\READ_LATENCY=3.$proc$architecture_simulator/rtl/vertical_slice/gtsu_lbuf_16bank_macro_model.sv:51$4378'.
  created $adff cell `$procdff$82035' with positive edge clock and negative level reset.
Creating register for signal `$paramod\gtsu_lbuf_16bank_macro_model\BANKS=16\ROWS=1\DATA_W=128\READ_LATENCY=3.$mem2reg_wr$\memory$architecture_simulator/rtl/vertical_slice/gtsu_lbuf_16bank_macro_model.sv:78$4306_DATA' using process `$paramod\gtsu_lbuf_16bank_macro_model\BANKS=16\ROWS=1\DATA_W=128\READ_LATENCY=3.$proc$architecture_simulator/rtl/vertical_slice/gtsu_lbuf_16bank_macro_model.sv:51$4378'.
  created $adff cell `$procdff$82036' with positive edge clock and negative level reset.
Creating register for signal `$paramod\gtsu_lbuf_16bank_macro_model\BANKS=16\ROWS=1\DATA_W=128\READ_LATENCY=3.$mem2reg_wr$\memory$architecture_simulator/rtl/vertical_slice/gtsu_lbuf_16bank_macro_model.sv:78$4307_ADDR' using process `$paramod\gtsu_lbuf_16bank_macro_model\BANKS=16\ROWS=1\DATA_W=128\READ_LATENCY=3.$proc$architecture_simulator/rtl/vertical_slice/gtsu_lbuf_16bank_macro_model.sv:51$4378'.
  created $adff cell `$procdff$82037' with positive edge clock and negative level reset.
Creating register for signal `$paramod\gtsu_lbuf_16bank_macro_model\BANKS=16\ROWS=1\DATA_W=128\READ_LATENCY=3.$mem2reg_wr$\memory$architecture_simulator/rtl/vertical_slice/gtsu_lbuf_16bank_macro_model.sv:78$4307_DATA' using process `$paramod\gtsu_lbuf_16bank_macro_model\BANKS=16\ROWS=1\DATA_W=128\READ_LATENCY=3.$proc$architecture_simulator/rtl/vertical_slice/gtsu_lbuf_16bank_macro_model.sv:51$4378'.
  created $adff cell `$procdff$82038' with positive edge clock and negative level reset.
Creating register for signal `$paramod\gtsu_lbuf_16bank_macro_model\BANKS=16\ROWS=1\DATA_W=128\READ_LATENCY=3.$mem2reg_wr$\memory$architecture_simulator/rtl/vertical_slice/gtsu_lbuf_16bank_macro_model.sv:78$4308_ADDR' using process `$paramod\gtsu_lbuf_16bank_macro_model\BANKS=16\ROWS=1\DATA_W=128\READ_LATENCY=3.$proc$architecture_simulator/rtl/vertical_slice/gtsu_lbuf_16bank_macro_model.sv:51$4378'.
  created $adff cell `$procdff$82039' with positive edge clock and negative level reset.
Creating register for signal `$paramod\gtsu_lbuf_16bank_macro_model\BANKS=16\ROWS=1\DATA_W=128\READ_LATENCY=3.$mem2reg_wr$\memory$architecture_simulator/rtl/vertical_slice/gtsu_lbuf_16bank_macro_model.sv:78$4308_DATA' using process `$paramod\gtsu_lbuf_16bank_macro_model\BANKS=16\ROWS=1\DATA_W=128\READ_LATENCY=3.$proc$architecture_simulator/rtl/vertical_slice/gtsu_lbuf_16bank_macro_model.sv:51$4378'.
  created $adff cell `$procdff$82040' with positive edge clock and negative level reset.
Creating register for signal `$paramod\gtsu_lbuf_16bank_macro_model\BANKS=16\ROWS=1\DATA_W=128\READ_LATENCY=3.$mem2reg_wr$\memory$architecture_simulator/rtl/vertical_slice/gtsu_lbuf_16bank_macro_model.sv:78$4309_ADDR' using process `$paramod\gtsu_lbuf_16bank_macro_model\BANKS=16\ROWS=1\DATA_W=128\READ_LATENCY=3.$proc$architecture_simulator/rtl/vertical_slice/gtsu_lbuf_16bank_macro_model.sv:51$4378'.
  created $adff cell `$procdff$82041' with positive edge clock and negative level reset.
Creating register for signal `$paramod\gtsu_lbuf_16bank_macro_model\BANKS=16\ROWS=1\DATA_W=128\READ_LATENCY=3.$mem2reg_wr$\memory$architecture_simulator/rtl/vertical_slice/gtsu_lbuf_16bank_macro_model.sv:78$4309_DATA' using process `$paramod\gtsu_lbuf_16bank_macro_model\BANKS=16\ROWS=1\DATA_W=128\READ_LATENCY=3.$proc$architecture_simulator/rtl/vertical_slice/gtsu_lbuf_16bank_macro_model.sv:51$4378'.
  created $adff cell `$procdff$82042' with positive edge clock and negative level reset.
Creating register for signal `$paramod\gtsu_lbuf_16bank_macro_model\BANKS=16\ROWS=1\DATA_W=128\READ_LATENCY=3.$mem2reg_wr$\memory$architecture_simulator/rtl/vertical_slice/gtsu_lbuf_16bank_macro_model.sv:78$4310_ADDR' using process `$paramod\gtsu_lbuf_16bank_macro_model\BANKS=16\ROWS=1\DATA_W=128\READ_LATENCY=3.$proc$architecture_simulator/rtl/vertical_slice/gtsu_lbuf_16bank_macro_model.sv:51$4378'.
  created $adff cell `$procdff$82043' with positive edge clock and negative level reset.
Creating register for signal `$paramod\gtsu_lbuf_16bank_macro_model\BANKS=16\ROWS=1\DATA_W=128\READ_LATENCY=3.$mem2reg_wr$\memory$architecture_simulator/rtl/vertical_slice/gtsu_lbuf_16bank_macro_model.sv:78$4310_DATA' using process `$paramod\gtsu_lbuf_16bank_macro_model\BANKS=16\ROWS=1\DATA_W=128\READ_LATENCY=3.$proc$architecture_simulator/rtl/vertical_slice/gtsu_lbuf_16bank_macro_model.sv:51$4378'.
  created $adff cell `$procdff$82044' with positive edge clock and negative level reset.
Creating register for signal `$paramod\gtsu_lbuf_16bank_macro_model\BANKS=16\ROWS=1\DATA_W=128\READ_LATENCY=3.$mem2reg_wr$\memory$architecture_simulator/rtl/vertical_slice/gtsu_lbuf_16bank_macro_model.sv:78$4311_ADDR' using process `$paramod\gtsu_lbuf_16bank_macro_model\BANKS=16\ROWS=1\DATA_W=128\READ_LATENCY=3.$proc$architecture_simulator/rtl/vertical_slice/gtsu_lbuf_16bank_macro_model.sv:51$4378'.
  created $adff cell `$procdff$82045' with positive edge clock and negative level reset.
Creating register for signal `$paramod\gtsu_lbuf_16bank_macro_model\BANKS=16\ROWS=1\DATA_W=128\READ_LATENCY=3.$mem2reg_wr$\memory$architecture_simulator/rtl/vertical_slice/gtsu_lbuf_16bank_macro_model.sv:78$4311_DATA' using process `$paramod\gtsu_lbuf_16bank_macro_model\BANKS=16\ROWS=1\DATA_W=128\READ_LATENCY=3.$proc$architecture_simulator/rtl/vertical_slice/gtsu_lbuf_16bank_macro_model.sv:51$4378'.
  created $adff cell `$procdff$82046' with positive edge clock and negative level reset.
Creating register for signal `$paramod\gtsu_lbuf_16bank_macro_model\BANKS=16\ROWS=1\DATA_W=128\READ_LATENCY=3.$mem2reg_wr$\memory$architecture_simulator/rtl/vertical_slice/gtsu_lbuf_16bank_macro_model.sv:78$4312_ADDR' using process `$paramod\gtsu_lbuf_16bank_macro_model\BANKS=16\ROWS=1\DATA_W=128\READ_LATENCY=3.$proc$architecture_simulator/rtl/vertical_slice/gtsu_lbuf_16bank_macro_model.sv:51$4378'.
  created $adff cell `$procdff$82047' with positive edge clock and negative level reset.
Creating register for signal `$paramod\gtsu_lbuf_16bank_macro_model\BANKS=16\ROWS=1\DATA_W=128\READ_LATENCY=3.$mem2reg_wr$\memory$architecture_simulator/rtl/vertical_slice/gtsu_lbuf_16bank_macro_model.sv:78$4312_DATA' using process `$paramod\gtsu_lbuf_16bank_macro_model\BANKS=16\ROWS=1\DATA_W=128\READ_LATENCY=3.$proc$architecture_simulator/rtl/vertical_slice/gtsu_lbuf_16bank_macro_model.sv:51$4378'.
  created $adff cell `$procdff$82048' with positive edge clock and negative level reset.
Creating register for signal `$paramod\gtsu_lbuf_16bank_macro_model\BANKS=16\ROWS=1\DATA_W=128\READ_LATENCY=3.$mem2reg_wr$\memory$architecture_simulator/rtl/vertical_slice/gtsu_lbuf_16bank_macro_model.sv:78$4313_ADDR' using process `$paramod\gtsu_lbuf_16bank_macro_model\BANKS=16\ROWS=1\DATA_W=128\READ_LATENCY=3.$proc$architecture_simulator/rtl/vertical_slice/gtsu_lbuf_16bank_macro_model.sv:51$4378'.
  created $adff cell `$procdff$82049' with positive edge clock and negative level reset.
Creating register for signal `$paramod\gtsu_lbuf_16bank_macro_model\BANKS=16\ROWS=1\DATA_W=128\READ_LATENCY=3.$mem2reg_wr$\memory$architecture_simulator/rtl/vertical_slice/gtsu_lbuf_16bank_macro_model.sv:78$4313_DATA' using process `$paramod\gtsu_lbuf_16bank_macro_model\BANKS=16\ROWS=1\DATA_W=128\READ_LATENCY=3.$proc$architecture_simulator/rtl/vertical_slice/gtsu_lbuf_16bank_macro_model.sv:51$4378'.
  created $adff cell `$procdff$82050' with positive edge clock and negative level reset.
Creating register for signal `$paramod\gtsu_lbuf_16bank_macro_model\BANKS=16\ROWS=1\DATA_W=128\READ_LATENCY=3.$mem2reg_wr$\memory$architecture_simulator/rtl/vertical_slice/gtsu_lbuf_16bank_macro_model.sv:78$4314_ADDR' using process `$paramod\gtsu_lbuf_16bank_macro_model\BANKS=16\ROWS=1\DATA_W=128\READ_LATENCY=3.$proc$architecture_simulator/rtl/vertical_slice/gtsu_lbuf_16bank_macro_model.sv:51$4378'.
  created $adff cell `$procdff$82051' with positive edge clock and negative level reset.
Creating register for signal `$paramod\gtsu_lbuf_16bank_macro_model\BANKS=16\ROWS=1\DATA_W=128\READ_LATENCY=3.$mem2reg_wr$\memory$architecture_simulator/rtl/vertical_slice/gtsu_lbuf_16bank_macro_model.sv:78$4314_DATA' using process `$paramod\gtsu_lbuf_16bank_macro_model\BANKS=16\ROWS=1\DATA_W=128\READ_LATENCY=3.$proc$architecture_simulator/rtl/vertical_slice/gtsu_lbuf_16bank_macro_model.sv:51$4378'.
  created $adff cell `$procdff$82052' with positive edge clock and negative level reset.
Creating register for signal `$paramod\gtsu_lbuf_16bank_macro_model\BANKS=16\ROWS=1\DATA_W=128\READ_LATENCY=3.$mem2reg_wr$\memory$architecture_simulator/rtl/vertical_slice/gtsu_lbuf_16bank_macro_model.sv:78$4315_ADDR' using process `$paramod\gtsu_lbuf_16bank_macro_model\BANKS=16\ROWS=1\DATA_W=128\READ_LATENCY=3.$proc$architecture_simulator/rtl/vertical_slice/gtsu_lbuf_16bank_macro_model.sv:51$4378'.
  created $adff cell `$procdff$82053' with positive edge clock and negative level reset.
Creating register for signal `$paramod\gtsu_lbuf_16bank_macro_model\BANKS=16\ROWS=1\DATA_W=128\READ_LATENCY=3.$mem2reg_wr$\memory$architecture_simulator/rtl/vertical_slice/gtsu_lbuf_16bank_macro_model.sv:78$4315_DATA' using process `$paramod\gtsu_lbuf_16bank_macro_model\BANKS=16\ROWS=1\DATA_W=128\READ_LATENCY=3.$proc$architecture_simulator/rtl/vertical_slice/gtsu_lbuf_16bank_macro_model.sv:51$4378'.
  created $adff cell `$procdff$82054' with positive edge clock and negative level reset.
Creating register for signal `$paramod\gtsu_lbuf_16bank_macro_model\BANKS=16\ROWS=1\DATA_W=128\READ_LATENCY=3.$mem2reg_wr$\memory$architecture_simulator/rtl/vertical_slice/gtsu_lbuf_16bank_macro_model.sv:78$4316_ADDR' using process `$paramod\gtsu_lbuf_16bank_macro_model\BANKS=16\ROWS=1\DATA_W=128\READ_LATENCY=3.$proc$architecture_simulator/rtl/vertical_slice/gtsu_lbuf_16bank_macro_model.sv:51$4378'.
  created $adff cell `$procdff$82055' with positive edge clock and negative level reset.
Creating register for signal `$paramod\gtsu_lbuf_16bank_macro_model\BANKS=16\ROWS=1\DATA_W=128\READ_LATENCY=3.$mem2reg_wr$\memory$architecture_simulator/rtl/vertical_slice/gtsu_lbuf_16bank_macro_model.sv:78$4316_DATA' using process `$paramod\gtsu_lbuf_16bank_macro_model\BANKS=16\ROWS=1\DATA_W=128\READ_LATENCY=3.$proc$architecture_simulator/rtl/vertical_slice/gtsu_lbuf_16bank_macro_model.sv:51$4378'.
  created $adff cell `$procdff$82056' with positive edge clock and negative level reset.
Creating register for signal `$paramod\gtsu_lbuf_16bank_macro_model\BANKS=16\ROWS=1\DATA_W=128\READ_LATENCY=3.$mem2reg_wr$\memory$architecture_simulator/rtl/vertical_slice/gtsu_lbuf_16bank_macro_model.sv:78$4317_ADDR' using process `$paramod\gtsu_lbuf_16bank_macro_model\BANKS=16\ROWS=1\DATA_W=128\READ_LATENCY=3.$proc$architecture_simulator/rtl/vertical_slice/gtsu_lbuf_16bank_macro_model.sv:51$4378'.
  created $adff cell `$procdff$82057' with positive edge clock and negative level reset.
Creating register for signal `$paramod\gtsu_lbuf_16bank_macro_model\BANKS=16\ROWS=1\DATA_W=128\READ_LATENCY=3.$mem2reg_wr$\memory$architecture_simulator/rtl/vertical_slice/gtsu_lbuf_16bank_macro_model.sv:78$4317_DATA' using process `$paramod\gtsu_lbuf_16bank_macro_model\BANKS=16\ROWS=1\DATA_W=128\READ_LATENCY=3.$proc$architecture_simulator/rtl/vertical_slice/gtsu_lbuf_16bank_macro_model.sv:51$4378'.
  created $adff cell `$procdff$82058' with positive edge clock and negative level reset.
Creating register for signal `$paramod\gtsu_lbuf_16bank_macro_model\BANKS=16\ROWS=1\DATA_W=128\READ_LATENCY=3.$mem2reg_wr$\memory$architecture_simulator/rtl/vertical_slice/gtsu_lbuf_16bank_macro_model.sv:78$4318_ADDR' using process `$paramod\gtsu_lbuf_16bank_macro_model\BANKS=16\ROWS=1\DATA_W=128\READ_LATENCY=3.$proc$architecture_simulator/rtl/vertical_slice/gtsu_lbuf_16bank_macro_model.sv:51$4378'.
  created $adff cell `$procdff$82059' with positive edge clock and negative level reset.
Creating register for signal `$paramod\gtsu_lbuf_16bank_macro_model\BANKS=16\ROWS=1\DATA_W=128\READ_LATENCY=3.$mem2reg_wr$\memory$architecture_simulator/rtl/vertical_slice/gtsu_lbuf_16bank_macro_model.sv:78$4318_DATA' using process `$paramod\gtsu_lbuf_16bank_macro_model\BANKS=16\ROWS=1\DATA_W=128\READ_LATENCY=3.$proc$architecture_simulator/rtl/vertical_slice/gtsu_lbuf_16bank_macro_model.sv:51$4378'.
  created $adff cell `$procdff$82060' with positive edge clock and negative level reset.
Creating register for signal `$paramod\gtsu_lbuf_16bank_macro_model\BANKS=16\ROWS=1\DATA_W=128\READ_LATENCY=3.$mem2reg_wr$\memory$architecture_simulator/rtl/vertical_slice/gtsu_lbuf_16bank_macro_model.sv:78$4319_ADDR' using process `$paramod\gtsu_lbuf_16bank_macro_model\BANKS=16\ROWS=1\DATA_W=128\READ_LATENCY=3.$proc$architecture_simulator/rtl/vertical_slice/gtsu_lbuf_16bank_macro_model.sv:51$4378'.
  created $adff cell `$procdff$82061' with positive edge clock and negative level reset.
Creating register for signal `$paramod\gtsu_lbuf_16bank_macro_model\BANKS=16\ROWS=1\DATA_W=128\READ_LATENCY=3.$mem2reg_wr$\memory$architecture_simulator/rtl/vertical_slice/gtsu_lbuf_16bank_macro_model.sv:78$4319_DATA' using process `$paramod\gtsu_lbuf_16bank_macro_model\BANKS=16\ROWS=1\DATA_W=128\READ_LATENCY=3.$proc$architecture_simulator/rtl/vertical_slice/gtsu_lbuf_16bank_macro_model.sv:51$4378'.
  created $adff cell `$procdff$82062' with positive edge clock and negative level reset.
Creating register for signal `$paramod\gtsu_lbuf_16bank_macro_model\BANKS=16\ROWS=1\DATA_W=128\READ_LATENCY=3.$mem2reg_wr$\memory$architecture_simulator/rtl/vertical_slice/gtsu_lbuf_16bank_macro_model.sv:78$4320_ADDR' using process `$paramod\gtsu_lbuf_16bank_macro_model\BANKS=16\ROWS=1\DATA_W=128\READ_LATENCY=3.$proc$architecture_simulator/rtl/vertical_slice/gtsu_lbuf_16bank_macro_model.sv:51$4378'.
  created $adff cell `$procdff$82063' with positive edge clock and negative level reset.
Creating register for signal `$paramod\gtsu_lbuf_16bank_macro_model\BANKS=16\ROWS=1\DATA_W=128\READ_LATENCY=3.$mem2reg_wr$\memory$architecture_simulator/rtl/vertical_slice/gtsu_lbuf_16bank_macro_model.sv:78$4320_DATA' using process `$paramod\gtsu_lbuf_16bank_macro_model\BANKS=16\ROWS=1\DATA_W=128\READ_LATENCY=3.$proc$architecture_simulator/rtl/vertical_slice/gtsu_lbuf_16bank_macro_model.sv:51$4378'.
  created $adff cell `$procdff$82064' with positive edge clock and negative level reset.
Creating register for signal `$paramod\gtsu_lbuf_16bank_macro_model\BANKS=16\ROWS=1\DATA_W=128\READ_LATENCY=3.$mem2reg_wr$\memory$architecture_simulator/rtl/vertical_slice/gtsu_lbuf_16bank_macro_model.sv:78$4321_ADDR' using process `$paramod\gtsu_lbuf_16bank_macro_model\BANKS=16\ROWS=1\DATA_W=128\READ_LATENCY=3.$proc$architecture_simulator/rtl/vertical_slice/gtsu_lbuf_16bank_macro_model.sv:51$4378'.
  created $adff cell `$procdff$82065' with positive edge clock and negative level reset.
Creating register for signal `$paramod\gtsu_lbuf_16bank_macro_model\BANKS=16\ROWS=1\DATA_W=128\READ_LATENCY=3.$mem2reg_wr$\memory$architecture_simulator/rtl/vertical_slice/gtsu_lbuf_16bank_macro_model.sv:78$4321_DATA' using process `$paramod\gtsu_lbuf_16bank_macro_model\BANKS=16\ROWS=1\DATA_W=128\READ_LATENCY=3.$proc$architecture_simulator/rtl/vertical_slice/gtsu_lbuf_16bank_macro_model.sv:51$4378'.
  created $adff cell `$procdff$82066' with positive edge clock and negative level reset.
Creating register for signal `$paramod\gtsu_lbuf_16bank_macro_model\BANKS=16\ROWS=1\DATA_W=128\READ_LATENCY=3.$mem2reg_wr$\memory$architecture_simulator/rtl/vertical_slice/gtsu_lbuf_16bank_macro_model.sv:78$4322_ADDR' using process `$paramod\gtsu_lbuf_16bank_macro_model\BANKS=16\ROWS=1\DATA_W=128\READ_LATENCY=3.$proc$architecture_simulator/rtl/vertical_slice/gtsu_lbuf_16bank_macro_model.sv:51$4378'.
  created $adff cell `$procdff$82067' with positive edge clock and negative level reset.
Creating register for signal `$paramod\gtsu_lbuf_16bank_macro_model\BANKS=16\ROWS=1\DATA_W=128\READ_LATENCY=3.$mem2reg_wr$\memory$architecture_simulator/rtl/vertical_slice/gtsu_lbuf_16bank_macro_model.sv:78$4322_DATA' using process `$paramod\gtsu_lbuf_16bank_macro_model\BANKS=16\ROWS=1\DATA_W=128\READ_LATENCY=3.$proc$architecture_simulator/rtl/vertical_slice/gtsu_lbuf_16bank_macro_model.sv:51$4378'.
  created $adff cell `$procdff$82068' with positive edge clock and negative level reset.
Creating register for signal `$paramod\gtsu_lbuf_16bank_macro_model\BANKS=16\ROWS=1\DATA_W=128\READ_LATENCY=3.$mem2reg_wr$\memory$architecture_simulator/rtl/vertical_slice/gtsu_lbuf_16bank_macro_model.sv:78$4323_ADDR' using process `$paramod\gtsu_lbuf_16bank_macro_model\BANKS=16\ROWS=1\DATA_W=128\READ_LATENCY=3.$proc$architecture_simulator/rtl/vertical_slice/gtsu_lbuf_16bank_macro_model.sv:51$4378'.
  created $adff cell `$procdff$82069' with positive edge clock and negative level reset.
Creating register for signal `$paramod\gtsu_lbuf_16bank_macro_model\BANKS=16\ROWS=1\DATA_W=128\READ_LATENCY=3.$mem2reg_wr$\memory$architecture_simulator/rtl/vertical_slice/gtsu_lbuf_16bank_macro_model.sv:78$4323_DATA' using process `$paramod\gtsu_lbuf_16bank_macro_model\BANKS=16\ROWS=1\DATA_W=128\READ_LATENCY=3.$proc$architecture_simulator/rtl/vertical_slice/gtsu_lbuf_16bank_macro_model.sv:51$4378'.
  created $adff cell `$procdff$82070' with positive edge clock and negative level reset.
Creating register for signal `$paramod\gtsu_lbuf_16bank_macro_model\BANKS=16\ROWS=1\DATA_W=128\READ_LATENCY=3.$mem2reg_wr$\memory$architecture_simulator/rtl/vertical_slice/gtsu_lbuf_16bank_macro_model.sv:78$4324_ADDR' using process `$paramod\gtsu_lbuf_16bank_macro_model\BANKS=16\ROWS=1\DATA_W=128\READ_LATENCY=3.$proc$architecture_simulator/rtl/vertical_slice/gtsu_lbuf_16bank_macro_model.sv:51$4378'.
  created $adff cell `$procdff$82071' with positive edge clock and negative level reset.
Creating register for signal `$paramod\gtsu_lbuf_16bank_macro_model\BANKS=16\ROWS=1\DATA_W=128\READ_LATENCY=3.$mem2reg_wr$\memory$architecture_simulator/rtl/vertical_slice/gtsu_lbuf_16bank_macro_model.sv:78$4324_DATA' using process `$paramod\gtsu_lbuf_16bank_macro_model\BANKS=16\ROWS=1\DATA_W=128\READ_LATENCY=3.$proc$architecture_simulator/rtl/vertical_slice/gtsu_lbuf_16bank_macro_model.sv:51$4378'.
  created $adff cell `$procdff$82072' with positive edge clock and negative level reset.
Creating register for signal `$paramod\gtsu_lbuf_16bank_macro_model\BANKS=16\ROWS=1\DATA_W=128\READ_LATENCY=3.$mem2reg_wr$\memory$architecture_simulator/rtl/vertical_slice/gtsu_lbuf_16bank_macro_model.sv:78$4325_ADDR' using process `$paramod\gtsu_lbuf_16bank_macro_model\BANKS=16\ROWS=1\DATA_W=128\READ_LATENCY=3.$proc$architecture_simulator/rtl/vertical_slice/gtsu_lbuf_16bank_macro_model.sv:51$4378'.
  created $adff cell `$procdff$82073' with positive edge clock and negative level reset.
Creating register for signal `$paramod\gtsu_lbuf_16bank_macro_model\BANKS=16\ROWS=1\DATA_W=128\READ_LATENCY=3.$mem2reg_wr$\memory$architecture_simulator/rtl/vertical_slice/gtsu_lbuf_16bank_macro_model.sv:78$4325_DATA' using process `$paramod\gtsu_lbuf_16bank_macro_model\BANKS=16\ROWS=1\DATA_W=128\READ_LATENCY=3.$proc$architecture_simulator/rtl/vertical_slice/gtsu_lbuf_16bank_macro_model.sv:51$4378'.
  created $adff cell `$procdff$82074' with positive edge clock and negative level reset.
Creating register for signal `$paramod\gtsu_lbuf_16bank_macro_model\BANKS=16\ROWS=1\DATA_W=128\READ_LATENCY=3.$mem2reg_wr$\memory$architecture_simulator/rtl/vertical_slice/gtsu_lbuf_16bank_macro_model.sv:78$4326_ADDR' using process `$paramod\gtsu_lbuf_16bank_macro_model\BANKS=16\ROWS=1\DATA_W=128\READ_LATENCY=3.$proc$architecture_simulator/rtl/vertical_slice/gtsu_lbuf_16bank_macro_model.sv:51$4378'.
  created $adff cell `$procdff$82075' with positive edge clock and negative level reset.
Creating register for signal `$paramod\gtsu_lbuf_16bank_macro_model\BANKS=16\ROWS=1\DATA_W=128\READ_LATENCY=3.$mem2reg_wr$\memory$architecture_simulator/rtl/vertical_slice/gtsu_lbuf_16bank_macro_model.sv:78$4326_DATA' using process `$paramod\gtsu_lbuf_16bank_macro_model\BANKS=16\ROWS=1\DATA_W=128\READ_LATENCY=3.$proc$architecture_simulator/rtl/vertical_slice/gtsu_lbuf_16bank_macro_model.sv:51$4378'.
  created $adff cell `$procdff$82076' with positive edge clock and negative level reset.
Creating register for signal `$paramod\gtsu_lbuf_16bank_macro_model\BANKS=16\ROWS=1\DATA_W=128\READ_LATENCY=3.$mem2reg_wr$\memory$architecture_simulator/rtl/vertical_slice/gtsu_lbuf_16bank_macro_model.sv:78$4327_ADDR' using process `$paramod\gtsu_lbuf_16bank_macro_model\BANKS=16\ROWS=1\DATA_W=128\READ_LATENCY=3.$proc$architecture_simulator/rtl/vertical_slice/gtsu_lbuf_16bank_macro_model.sv:51$4378'.
  created $adff cell `$procdff$82077' with positive edge clock and negative level reset.
Creating register for signal `$paramod\gtsu_lbuf_16bank_macro_model\BANKS=16\ROWS=1\DATA_W=128\READ_LATENCY=3.$mem2reg_wr$\memory$architecture_simulator/rtl/vertical_slice/gtsu_lbuf_16bank_macro_model.sv:78$4327_DATA' using process `$paramod\gtsu_lbuf_16bank_macro_model\BANKS=16\ROWS=1\DATA_W=128\READ_LATENCY=3.$proc$architecture_simulator/rtl/vertical_slice/gtsu_lbuf_16bank_macro_model.sv:51$4378'.
  created $adff cell `$procdff$82078' with positive edge clock and negative level reset.

5.8. Executing PROC_CLEAN pass (remove empty switches from decision trees).
Found and cleaned up 561 empty switches in `$paramod\gtsu_lbuf_16bank_macro_model\BANKS=16\ROWS=1\DATA_W=128\READ_LATENCY=3.$proc$architecture_simulator/rtl/vertical_slice/gtsu_lbuf_16bank_macro_model.sv:51$4378'.
Removing empty process `$paramod\gtsu_lbuf_16bank_macro_model\BANKS=16\ROWS=1\DATA_W=128\READ_LATENCY=3.$proc$architecture_simulator/rtl/vertical_slice/gtsu_lbuf_16bank_macro_model.sv:51$4378'.
Found and cleaned up 17 empty switches in `$paramod\gtsu_lbuf_16bank_macro_model\BANKS=16\ROWS=1\DATA_W=128\READ_LATENCY=3.$proc$architecture_simulator/rtl/vertical_slice/gtsu_lbuf_16bank_macro_model.sv:40$4328'.
Removing empty process `$paramod\gtsu_lbuf_16bank_macro_model\BANKS=16\ROWS=1\DATA_W=128\READ_LATENCY=3.$proc$architecture_simulator/rtl/vertical_slice/gtsu_lbuf_16bank_macro_model.sv:40$4328'.
Cleaned up 578 empty switches.

6. Executing OPT pass (performing simple optimizations).

6.1. Executing OPT_EXPR pass (perform const folding).
Optimizing module gtsu_geometry_sram_fabric.
<suppressed ~18 debug messages>
Optimizing module $paramod\gtsu_lbuf_16bank_macro_model\BANKS=16\ROWS=1\DATA_W=128\READ_LATENCY=3.
<suppressed ~312 debug messages>

6.2. Executing OPT_MERGE pass (detect identical cells).
Finding identical cells in module `\gtsu_geometry_sram_fabric'.
<suppressed ~51 debug messages>
Finding identical cells in module `$paramod\gtsu_lbuf_16bank_macro_model\BANKS=16\ROWS=1\DATA_W=128\READ_LATENCY=3'.
<suppressed ~13866 debug messages>
Removed a total of 4639 cells.

6.3. Executing OPT_MUXTREE pass (detect dead branches in mux trees).
Running muxtree optimizer on module \gtsu_geometry_sram_fabric..
  Creating internal representation of mux trees.
  Evaluating internal representation of mux trees.
  Analyzing evaluation results.
Running muxtree optimizer on module $paramod\gtsu_lbuf_16bank_macro_model\BANKS=16\ROWS=1\DATA_W=128\READ_LATENCY=3..
  Creating internal representation of mux trees.
  Evaluating internal representation of mux trees.
  Giving up (too many iterations)
Removed 0 multiplexer ports.
<suppressed ~2745 debug messages>

6.4. Executing OPT_REDUCE pass (consolidate $*mux and $reduce_* inputs).
  Optimizing cells in module \gtsu_geometry_sram_fabric.
    New input vector for $reduce_or cell $reduce_or$architecture_simulator/rtl/vertical_slice/gtsu_geometry_sram_fabric.sv:119$3745: { $ternary$architecture_simulator/rtl/vertical_slice/gtsu_geometry_sram_fabric.sv:53$3684_Y [60] $ternary$architecture_simulator/rtl/vertical_slice/gtsu_geometry_sram_fabric.sv:53$3684_Y [61] $ternary$architecture_simulator/rtl/vertical_slice/gtsu_geometry_sram_fabric.sv:53$3684_Y [62] $ternary$architecture_simulator/rtl/vertical_slice/gtsu_geometry_sram_fabric.sv:53$3684_Y [63] }
    New input vector for $reduce_or cell $reduce_or$architecture_simulator/rtl/vertical_slice/gtsu_geometry_sram_fabric.sv:119$3744: { $ternary$architecture_simulator/rtl/vertical_slice/gtsu_geometry_sram_fabric.sv:53$3684_Y [56] $ternary$architecture_simulator/rtl/vertical_slice/gtsu_geometry_sram_fabric.sv:53$3684_Y [57] $ternary$architecture_simulator/rtl/vertical_slice/gtsu_geometry_sram_fabric.sv:53$3684_Y [58] $ternary$architecture_simulator/rtl/vertical_slice/gtsu_geometry_sram_fabric.sv:53$3684_Y [59] }
    New input vector for $reduce_or cell $reduce_or$architecture_simulator/rtl/vertical_slice/gtsu_geometry_sram_fabric.sv:119$3743: { $ternary$architecture_simulator/rtl/vertical_slice/gtsu_geometry_sram_fabric.sv:53$3684_Y [52] $ternary$architecture_simulator/rtl/vertical_slice/gtsu_geometry_sram_fabric.sv:53$3684_Y [53] $ternary$architecture_simulator/rtl/vertical_slice/gtsu_geometry_sram_fabric.sv:53$3684_Y [54] $ternary$architecture_simulator/rtl/vertical_slice/gtsu_geometry_sram_fabric.sv:53$3684_Y [55] }
    New input vector for $reduce_or cell $reduce_or$architecture_simulator/rtl/vertical_slice/gtsu_geometry_sram_fabric.sv:119$3742: { $ternary$architecture_simulator/rtl/vertical_slice/gtsu_geometry_sram_fabric.sv:53$3684_Y [48] $ternary$architecture_simulator/rtl/vertical_slice/gtsu_geometry_sram_fabric.sv:53$3684_Y [49] $ternary$architecture_simulator/rtl/vertical_slice/gtsu_geometry_sram_fabric.sv:53$3684_Y [50] $ternary$architecture_simulator/rtl/vertical_slice/gtsu_geometry_sram_fabric.sv:53$3684_Y [51] }
    New input vector for $reduce_or cell $reduce_or$architecture_simulator/rtl/vertical_slice/gtsu_geometry_sram_fabric.sv:119$3741: { $ternary$architecture_simulator/rtl/vertical_slice/gtsu_geometry_sram_fabric.sv:53$3684_Y [44] $ternary$architecture_simulator/rtl/vertical_slice/gtsu_geometry_sram_fabric.sv:53$3684_Y [45] $ternary$architecture_simulator/rtl/vertical_slice/gtsu_geometry_sram_fabric.sv:53$3684_Y [46] $ternary$architecture_simulator/rtl/vertical_slice/gtsu_geometry_sram_fabric.sv:53$3684_Y [47] }
    New input vector for $reduce_or cell $reduce_or$architecture_simulator/rtl/vertical_slice/gtsu_geometry_sram_fabric.sv:119$3740: { $ternary$architecture_simulator/rtl/vertical_slice/gtsu_geometry_sram_fabric.sv:53$3684_Y [40] $ternary$architecture_simulator/rtl/vertical_slice/gtsu_geometry_sram_fabric.sv:53$3684_Y [41] $ternary$architecture_simulator/rtl/vertical_slice/gtsu_geometry_sram_fabric.sv:53$3684_Y [42] $ternary$architecture_simulator/rtl/vertical_slice/gtsu_geometry_sram_fabric.sv:53$3684_Y [43] }
    New input vector for $reduce_or cell $reduce_or$architecture_simulator/rtl/vertical_slice/gtsu_geometry_sram_fabric.sv:119$3739: { $ternary$architecture_simulator/rtl/vertical_slice/gtsu_geometry_sram_fabric.sv:53$3684_Y [36] $ternary$architecture_simulator/rtl/vertical_slice/gtsu_geometry_sram_fabric.sv:53$3684_Y [37] $ternary$architecture_simulator/rtl/vertical_slice/gtsu_geometry_sram_fabric.sv:53$3684_Y [38] $ternary$architecture_simulator/rtl/vertical_slice/gtsu_geometry_sram_fabric.sv:53$3684_Y [39] }
    New input vector for $reduce_or cell $reduce_or$architecture_simulator/rtl/vertical_slice/gtsu_geometry_sram_fabric.sv:119$3738: { $ternary$architecture_simulator/rtl/vertical_slice/gtsu_geometry_sram_fabric.sv:53$3684_Y [32] $ternary$architecture_simulator/rtl/vertical_slice/gtsu_geometry_sram_fabric.sv:53$3684_Y [33] $ternary$architecture_simulator/rtl/vertical_slice/gtsu_geometry_sram_fabric.sv:53$3684_Y [34] $ternary$architecture_simulator/rtl/vertical_slice/gtsu_geometry_sram_fabric.sv:53$3684_Y [35] }
    New input vector for $reduce_or cell $reduce_or$architecture_simulator/rtl/vertical_slice/gtsu_geometry_sram_fabric.sv:119$3737: { $ternary$architecture_simulator/rtl/vertical_slice/gtsu_geometry_sram_fabric.sv:53$3684_Y [28] $ternary$architecture_simulator/rtl/vertical_slice/gtsu_geometry_sram_fabric.sv:53$3684_Y [29] $ternary$architecture_simulator/rtl/vertical_slice/gtsu_geometry_sram_fabric.sv:53$3684_Y [30] $ternary$architecture_simulator/rtl/vertical_slice/gtsu_geometry_sram_fabric.sv:53$3684_Y [31] }
    New input vector for $reduce_or cell $reduce_or$architecture_simulator/rtl/vertical_slice/gtsu_geometry_sram_fabric.sv:119$3736: { $ternary$architecture_simulator/rtl/vertical_slice/gtsu_geometry_sram_fabric.sv:53$3684_Y [24] $ternary$architecture_simulator/rtl/vertical_slice/gtsu_geometry_sram_fabric.sv:53$3684_Y [25] $ternary$architecture_simulator/rtl/vertical_slice/gtsu_geometry_sram_fabric.sv:53$3684_Y [26] $ternary$architecture_simulator/rtl/vertical_slice/gtsu_geometry_sram_fabric.sv:53$3684_Y [27] }
    New input vector for $reduce_or cell $reduce_or$architecture_simulator/rtl/vertical_slice/gtsu_geometry_sram_fabric.sv:119$3735: { $ternary$architecture_simulator/rtl/vertical_slice/gtsu_geometry_sram_fabric.sv:53$3684_Y [20] $ternary$architecture_simulator/rtl/vertical_slice/gtsu_geometry_sram_fabric.sv:53$3684_Y [21] $ternary$architecture_simulator/rtl/vertical_slice/gtsu_geometry_sram_fabric.sv:53$3684_Y [22] $ternary$architecture_simulator/rtl/vertical_slice/gtsu_geometry_sram_fabric.sv:53$3684_Y [23] }
    New input vector for $reduce_or cell $reduce_or$architecture_simulator/rtl/vertical_slice/gtsu_geometry_sram_fabric.sv:119$3734: { $ternary$architecture_simulator/rtl/vertical_slice/gtsu_geometry_sram_fabric.sv:53$3684_Y [16] $ternary$architecture_simulator/rtl/vertical_slice/gtsu_geometry_sram_fabric.sv:53$3684_Y [17] $ternary$architecture_simulator/rtl/vertical_slice/gtsu_geometry_sram_fabric.sv:53$3684_Y [18] $ternary$architecture_simulator/rtl/vertical_slice/gtsu_geometry_sram_fabric.sv:53$3684_Y [19] }
    New input vector for $reduce_or cell $reduce_or$architecture_simulator/rtl/vertical_slice/gtsu_geometry_sram_fabric.sv:119$3733: { $ternary$architecture_simulator/rtl/vertical_slice/gtsu_geometry_sram_fabric.sv:53$3684_Y [12] $ternary$architecture_simulator/rtl/vertical_slice/gtsu_geometry_sram_fabric.sv:53$3684_Y [13] $ternary$architecture_simulator/rtl/vertical_slice/gtsu_geometry_sram_fabric.sv:53$3684_Y [14] $ternary$architecture_simulator/rtl/vertical_slice/gtsu_geometry_sram_fabric.sv:53$3684_Y [15] }
    New input vector for $reduce_or cell $reduce_or$architecture_simulator/rtl/vertical_slice/gtsu_geometry_sram_fabric.sv:119$3732: { $ternary$architecture_simulator/rtl/vertical_slice/gtsu_geometry_sram_fabric.sv:53$3684_Y [8] $ternary$architecture_simulator/rtl/vertical_slice/gtsu_geometry_sram_fabric.sv:53$3684_Y [9] $ternary$architecture_simulator/rtl/vertical_slice/gtsu_geometry_sram_fabric.sv:53$3684_Y [10] $ternary$architecture_simulator/rtl/vertical_slice/gtsu_geometry_sram_fabric.sv:53$3684_Y [11] }
    New input vector for $reduce_or cell $reduce_or$architecture_simulator/rtl/vertical_slice/gtsu_geometry_sram_fabric.sv:119$3731: { $ternary$architecture_simulator/rtl/vertical_slice/gtsu_geometry_sram_fabric.sv:53$3684_Y [4] $ternary$architecture_simulator/rtl/vertical_slice/gtsu_geometry_sram_fabric.sv:53$3684_Y [5] $ternary$architecture_simulator/rtl/vertical_slice/gtsu_geometry_sram_fabric.sv:53$3684_Y [6] $ternary$architecture_simulator/rtl/vertical_slice/gtsu_geometry_sram_fabric.sv:53$3684_Y [7] }
    New input vector for $reduce_or cell $reduce_or$architecture_simulator/rtl/vertical_slice/gtsu_geometry_sram_fabric.sv:119$3730: { $ternary$architecture_simulator/rtl/vertical_slice/gtsu_geometry_sram_fabric.sv:53$3684_Y [0] $ternary$architecture_simulator/rtl/vertical_slice/gtsu_geometry_sram_fabric.sv:53$3684_Y [1] $ternary$architecture_simulator/rtl/vertical_slice/gtsu_geometry_sram_fabric.sv:53$3684_Y [2] $ternary$architecture_simulator/rtl/vertical_slice/gtsu_geometry_sram_fabric.sv:53$3684_Y [3] }
    New input vector for $reduce_or cell $reduce_or$architecture_simulator/rtl/vertical_slice/gtsu_geometry_sram_fabric.sv:62$3688: { \point_collision [0] \point_collision [1] \point_collision [2] \point_collision [3] }
    New input vector for $reduce_and cell $reduce_and$architecture_simulator/rtl/vertical_slice/gtsu_geometry_sram_fabric.sv:59$3686: { \point_rsp_valid [0] \point_rsp_valid [1] \point_rsp_valid [2] \point_rsp_valid [3] }
  Optimizing cells in module \gtsu_geometry_sram_fabric.
  Optimizing cells in module $paramod\gtsu_lbuf_16bank_macro_model\BANKS=16\ROWS=1\DATA_W=128\READ_LATENCY=3.
Performed a total of 18 changes.

6.5. Executing OPT_MERGE pass (detect identical cells).
Finding identical cells in module `\gtsu_geometry_sram_fabric'.
Finding identical cells in module `$paramod\gtsu_lbuf_16bank_macro_model\BANKS=16\ROWS=1\DATA_W=128\READ_LATENCY=3'.
Removed a total of 0 cells.

6.6. Executing OPT_RMDFF pass (remove dff with constant values).
Removing $procdff$81510 ($dff) from module $paramod\gtsu_lbuf_16bank_macro_model\BANKS=16\ROWS=1\DATA_W=128\READ_LATENCY=3.
Removing $procdff$82054 ($adff) from module $paramod\gtsu_lbuf_16bank_macro_model\BANKS=16\ROWS=1\DATA_W=128\READ_LATENCY=3.
Removing $procdff$82055 ($adff) from module $paramod\gtsu_lbuf_16bank_macro_model\BANKS=16\ROWS=1\DATA_W=128\READ_LATENCY=3.
Replaced 3 DFF cells.

6.7. Executing OPT_CLEAN pass (remove unused cells and wires).
Finding unused cells or wires in module \gtsu_geometry_sram_fabric..
Finding unused cells or wires in module $paramod\gtsu_lbuf_16bank_macro_model\BANKS=16\ROWS=1\DATA_W=128\READ_LATENCY=3..
Removed 3142 unused cells and 22486 unused wires.
<suppressed ~3148 debug messages>

6.8. Executing OPT_EXPR pass (perform const folding).
Optimizing module $paramod\gtsu_lbuf_16bank_macro_model\BANKS=16\ROWS=1\DATA_W=128\READ_LATENCY=3.
<suppressed ~702 debug messages>
Optimizing module gtsu_geometry_sram_fabric.

6.9. Rerunning OPT passes. (Maybe there is more to do..)

6.10. Executing OPT_MUXTREE pass (detect dead branches in mux trees).
Running muxtree optimizer on module $paramod\gtsu_lbuf_16bank_macro_model\BANKS=16\ROWS=1\DATA_W=128\READ_LATENCY=3..
  Creating internal representation of mux trees.
  Evaluating internal representation of mux trees.
  Giving up (too many iterations)
Running muxtree optimizer on module \gtsu_geometry_sram_fabric..
  Creating internal representation of mux trees.
  Evaluating internal representation of mux trees.
  Analyzing evaluation results.
Removed 0 multiplexer ports.
<suppressed ~1748 debug messages>

6.11. Executing OPT_REDUCE pass (consolidate $*mux and $reduce_* inputs).
  Optimizing cells in module $paramod\gtsu_lbuf_16bank_macro_model\BANKS=16\ROWS=1\DATA_W=128\READ_LATENCY=3.
  Optimizing cells in module \gtsu_geometry_sram_fabric.
Performed a total of 0 changes.

6.12. Executing OPT_MERGE pass (detect identical cells).
Finding identical cells in module `$paramod\gtsu_lbuf_16bank_macro_model\BANKS=16\ROWS=1\DATA_W=128\READ_LATENCY=3'.
Finding identical cells in module `\gtsu_geometry_sram_fabric'.
Removed a total of 0 cells.

6.13. Executing OPT_RMDFF pass (remove dff with constant values).

6.14. Executing OPT_CLEAN pass (remove unused cells and wires).
Finding unused cells or wires in module $paramod\gtsu_lbuf_16bank_macro_model\BANKS=16\ROWS=1\DATA_W=128\READ_LATENCY=3..
Finding unused cells or wires in module \gtsu_geometry_sram_fabric..
Removed 0 unused cells and 702 unused wires.
<suppressed ~1 debug messages>

6.15. Executing OPT_EXPR pass (perform const folding).
Optimizing module $paramod\gtsu_lbuf_16bank_macro_model\BANKS=16\ROWS=1\DATA_W=128\READ_LATENCY=3.
Optimizing module gtsu_geometry_sram_fabric.

6.16. Finished OPT passes. (There is nothing left to do.)

7. Executing CHECK pass (checking for obvious problems).
checking module $paramod\gtsu_lbuf_16bank_macro_model\BANKS=16\ROWS=1\DATA_W=128\READ_LATENCY=3..
checking module gtsu_geometry_sram_fabric..
found and reported 0 problems.

8. Printing statistics.

=== $paramod\gtsu_lbuf_16bank_macro_model\BANKS=16\ROWS=1\DATA_W=128\READ_LATENCY=3 ===

   Number of wires:              12315
   Number of wire bits:         115375
   Number of public wires:          41
   Number of public wire bits:   12716
   Number of memories:               0
   Number of memory bits:            0
   Number of processes:              0
   Number of cells:              12553
     $add                           30
     $adff                           7
     $dff                           16
     $eq                           466
     $logic_and                     49
     $logic_not                     32
     $mux                        11937
     $pmux                          16

=== gtsu_geometry_sram_fabric ===

   Number of wires:                 90
   Number of wire bits:          36893
   Number of public wires:          74
   Number of public wire bits:   36722
   Number of memories:               0
   Number of memory bits:            0
   Number of processes:              0
   Number of cells:                 46
     $eq                             3
     $logic_and                      6
     $logic_not                      2
     $logic_or                       2
     $mux                            7
     $paramod\gtsu_lbuf_16bank_macro_model\BANKS=16\ROWS=1\DATA_W=128\READ_LATENCY=3      5
     $reduce_and                     1
     $reduce_or                     17
     $shl                            3

=== design hierarchy ===

   gtsu_geometry_sram_fabric         1
     $paramod\gtsu_lbuf_16bank_macro_model\BANKS=16\ROWS=1\DATA_W=128\READ_LATENCY=3      5

   Number of wires:              61665
   Number of wire bits:         613768
   Number of public wires:         279
   Number of public wire bits:  100302
   Number of memories:               0
   Number of memory bits:            0
   Number of processes:              0
   Number of cells:              62806
     $add                          150
     $adff                          35
     $dff                           80
     $eq                          2333
     $logic_and                    251
     $logic_not                    162
     $logic_or                       2
     $mux                        59692
     $pmux                          80
     $reduce_and                     1
     $reduce_or                     17
     $shl                            3

Warnings: 3 unique messages, 6 total
End of script. Logfile hash: 38693581a6
CPU: user 115.41s system 0.58s, MEM: 262.71 MB total, 239.96 MB resident
Yosys 0.9 (git sha1 1979e0b)
Time spent: 62% 1x proc_mux (72 sec), 10% 1x proc_arst (12 sec), ...
