TRACE 0 LOAD_ACCEPT 0 0 0 0 0 0 0 0
TRACE 1 READ_ISSUE 0 0 0 0 0 ffffffffffffffff 1 0
TRACE 2 LOAD_ACCEPT 1 0 0 0 0 0 0 0
TRACE 3 READ_ISSUE 0 0 0 0 1 ffffffffffffffff 0 0
TRACE 4 READ_ISSUE 0 0 0 0 2 ffffffffffffffff 0 0
TRACE 5 READ_ISSUE 0 0 0 0 3 ffffffffffffffff 0 0
TRACE 6 READ_ISSUE 0 0 0 0 4 ffffffffffffffff 0 0
TRACE 8 READ_ISSUE 0 0 0 0 5 ffffffffffffffff 0 0
TRACE 9 READ_ISSUE 0 0 0 0 6 ffffffffffffffff 0 0
TRACE 10 READ_ISSUE 0 0 0 0 7 ffffffffffffffff 0 0
TRACE 11 READ_ISSUE 0 0 0 0 8 ffffffffffffffff 0 0
TRACE 13 READ_ISSUE 0 0 0 0 9 ffffffffffffffff 0 0
TRACE 14 READ_ISSUE 0 0 0 0 10 ffffffffffffffff 0 0
TRACE 15 READ_ISSUE 0 0 0 0 11 ffffffffffffffff 0 0
TRACE 16 READ_ISSUE 0 0 0 0 12 ffffffffffffffff 0 0
TRACE 18 READ_ISSUE 0 0 0 0 13 ffffffffffffffff 0 0
TRACE 19 READ_ISSUE 0 0 0 0 14 ffffffffffffffff 0 0
TRACE 20 READ_ISSUE 0 0 0 0 15 ffffffffffffffff 0 0
TRACE 20 BLOCK_RELEASE 0 0 0 0 15 ffffffffffffffff 0 0
TRACE 21 READ_ISSUE 1 0 0 1 0 ffffffffffffffff 0 0
TRACE 22 LOAD_ACCEPT 2 0 0 0 0 0 0 0
TRACE 23 READ_ISSUE 1 0 0 1 1 ffffffffffffffff 0 0
TRACE 24 READ_ISSUE 1 0 0 1 2 ffffffffffffffff 0 0
TRACE 25 READ_ISSUE 1 0 0 1 3 ffffffffffffffff 0 0
TRACE 26 READ_ISSUE 1 0 0 1 4 ffffffffffffffff 0 0
TRACE 28 READ_ISSUE 1 0 0 1 5 ffffffffffffffff 0 0
TRACE 29 READ_ISSUE 1 0 0 1 6 ffffffffffffffff 0 0
TRACE 30 READ_ISSUE 1 0 0 1 7 ffffffffffffffff 0 0
TRACE 31 READ_ISSUE 1 0 0 1 8 ffffffffffffffff 0 0
TRACE 33 READ_ISSUE 1 0 0 1 9 ffffffffffffffff 0 0
TRACE 34 READ_ISSUE 1 0 0 1 10 ffffffffffffffff 0 0
TRACE 35 READ_ISSUE 1 0 0 1 11 ffffffffffffffff 0 0
TRACE 36 READ_ISSUE 1 0 0 1 12 ffffffffffffffff 0 0
TRACE 38 READ_ISSUE 1 0 0 1 13 ffffffffffffffff 0 0
TRACE 39 READ_ISSUE 1 0 0 1 14 ffffffffffffffff 0 0
TRACE 40 READ_ISSUE 1 0 0 1 15 ffffffffffffffff 0 0
TRACE 40 BLOCK_RELEASE 1 0 0 1 15 ffffffffffffffff 0 0
TRACE 41 READ_ISSUE 2 0 0 2 0 ffffffffffffffff 0 0
TRACE 42 LOAD_ACCEPT 3 0 0 0 0 0 0 0
TRACE 43 READ_ISSUE 2 0 0 2 1 ffffffffffffffff 0 0
TRACE 44 READ_ISSUE 2 0 0 2 2 ffffffffffffffff 0 0
TRACE 45 READ_ISSUE 2 0 0 2 3 ffffffffffffffff 0 0
TRACE 46 READ_ISSUE 2 0 0 2 4 ffffffffffffffff 0 0
TRACE 48 READ_ISSUE 2 0 0 2 5 ffffffffffffffff 0 0
TRACE 49 READ_ISSUE 2 0 0 2 6 ffffffffffffffff 0 0
TRACE 50 READ_ISSUE 2 0 0 2 7 ffffffffffffffff 0 0
TRACE 51 READ_ISSUE 2 0 0 2 8 ffffffffffffffff 0 0
TRACE 53 READ_ISSUE 2 0 0 2 9 ffffffffffffffff 0 0
TRACE 54 READ_ISSUE 2 0 0 2 10 ffffffffffffffff 0 0
TRACE 55 READ_ISSUE 2 0 0 2 11 ffffffffffffffff 0 0
TRACE 56 READ_ISSUE 2 0 0 2 12 ffffffffffffffff 0 0
TRACE 58 READ_ISSUE 2 0 0 2 13 ffffffffffffffff 0 0
TRACE 59 READ_ISSUE 2 0 0 2 14 ffffffffffffffff 0 0
TRACE 60 READ_ISSUE 2 0 0 2 15 ffffffffffffffff 0 0
TRACE 60 BLOCK_RELEASE 2 0 0 2 15 ffffffffffffffff 0 0
TRACE 61 READ_ISSUE 3 0 0 3 0 ffffffffffffffff 0 0
TRACE 62 LOAD_ACCEPT 4 0 0 0 0 0 0 0
TRACE 63 READ_ISSUE 3 0 0 3 1 ffffffffffffffff 0 0
TRACE 64 READ_ISSUE 3 0 0 3 2 ffffffffffffffff 0 0
TRACE 65 READ_ISSUE 3 0 0 3 3 ffffffffffffffff 0 0
TRACE 66 READ_ISSUE 3 0 0 3 4 ffffffffffffffff 0 0
TRACE 68 READ_ISSUE 3 0 0 3 5 ffffffffffffffff 0 0
TRACE 69 READ_ISSUE 3 0 0 3 6 ffffffffffffffff 0 0
TRACE 70 READ_ISSUE 3 0 0 3 7 ffffffffffffffff 0 0
TRACE 71 READ_ISSUE 3 0 0 3 8 ffffffffffffffff 0 0
TRACE 73 READ_ISSUE 3 0 0 3 9 ffffffffffffffff 0 0
TRACE 74 READ_ISSUE 3 0 0 3 10 ffffffffffffffff 0 0
TRACE 75 READ_ISSUE 3 0 0 3 11 ffffffffffffffff 0 0
TRACE 76 READ_ISSUE 3 0 0 3 12 ffffffffffffffff 0 0
TRACE 78 READ_ISSUE 3 0 0 3 13 ffffffffffffffff 0 0
TRACE 79 READ_ISSUE 3 0 0 3 14 ffffffffffffffff 0 0
TRACE 80 READ_ISSUE 3 0 0 3 15 ffffffffffffffff 0 0
TRACE 80 BLOCK_RELEASE 3 0 0 3 15 ffffffffffffffff 0 0
TRACE 81 READ_ISSUE 4 0 0 4 0 ffffffffffffffff 0 0
TRACE 82 LOAD_ACCEPT 5 0 0 0 0 0 0 0
TRACE 83 READ_ISSUE 4 0 0 4 1 ffffffffffffffff 0 0
TRACE 84 READ_ISSUE 4 0 0 4 2 ffffffffffffffff 0 0
TRACE 85 READ_ISSUE 4 0 0 4 3 ffffffffffffffff 0 0
TRACE 86 READ_ISSUE 4 0 0 4 4 ffffffffffffffff 0 0
TRACE 88 READ_ISSUE 4 0 0 4 5 ffffffffffffffff 0 0
TRACE 89 READ_ISSUE 4 0 0 4 6 ffffffffffffffff 0 0
TRACE 90 READ_ISSUE 4 0 0 4 7 ffffffffffffffff 0 0
TRACE 91 READ_ISSUE 4 0 0 4 8 ffffffffffffffff 0 0
TRACE 93 READ_ISSUE 4 0 0 4 9 ffffffffffffffff 0 0
TRACE 94 READ_ISSUE 4 0 0 4 10 ffffffffffffffff 0 0
TRACE 95 READ_ISSUE 4 0 0 4 11 ffffffffffffffff 0 0
TRACE 96 READ_ISSUE 4 0 0 4 12 ffffffffffffffff 0 0
TRACE 98 READ_ISSUE 4 0 0 4 13 ffffffffffffffff 0 0
TRACE 99 READ_ISSUE 4 0 0 4 14 ffffffffffffffff 0 0
TRACE 100 READ_ISSUE 4 0 0 4 15 ffffffffffffffff 0 0
TRACE 100 BLOCK_RELEASE 4 0 0 4 15 ffffffffffffffff 0 0
TRACE 101 READ_ISSUE 5 0 0 5 0 ffffffffffffffff 0 0
TRACE 102 LOAD_ACCEPT 6 0 0 0 0 0 0 0
TRACE 103 READ_ISSUE 5 0 0 5 1 ffffffffffffffff 0 0
TRACE 104 READ_ISSUE 5 0 0 5 2 ffffffffffffffff 0 0
TRACE 105 READ_ISSUE 5 0 0 5 3 ffffffffffffffff 0 0
TRACE 106 READ_ISSUE 5 0 0 5 4 ffffffffffffffff 0 0
TRACE 108 READ_ISSUE 5 0 0 5 5 ffffffffffffffff 0 0
TRACE 109 READ_ISSUE 5 0 0 5 6 ffffffffffffffff 0 0
TRACE 110 READ_ISSUE 5 0 0 5 7 ffffffffffffffff 0 0
TRACE 111 READ_ISSUE 5 0 0 5 8 ffffffffffffffff 0 0
TRACE 113 READ_ISSUE 5 0 0 5 9 ffffffffffffffff 0 0
TRACE 114 READ_ISSUE 5 0 0 5 10 ffffffffffffffff 0 0
TRACE 115 READ_ISSUE 5 0 0 5 11 ffffffffffffffff 0 0
TRACE 116 READ_ISSUE 5 0 0 5 12 ffffffffffffffff 0 0
TRACE 118 READ_ISSUE 5 0 0 5 13 ffffffffffffffff 0 0
TRACE 119 READ_ISSUE 5 0 0 5 14 ffffffffffffffff 0 0
TRACE 120 READ_ISSUE 5 0 0 5 15 ffffffffffffffff 0 0
TRACE 120 BLOCK_RELEASE 5 0 0 5 15 ffffffffffffffff 0 0
TRACE 121 READ_ISSUE 6 0 0 6 0 ffffffffffffffff 0 0
TRACE 122 LOAD_ACCEPT 7 0 0 0 0 0 0 0
TRACE 123 READ_ISSUE 6 0 0 6 1 ffffffffffffffff 0 0
TRACE 124 READ_ISSUE 6 0 0 6 2 ffffffffffffffff 0 0
TRACE 125 READ_ISSUE 6 0 0 6 3 ffffffffffffffff 0 0
TRACE 126 READ_ISSUE 6 0 0 6 4 ffffffffffffffff 0 0
TRACE 128 READ_ISSUE 6 0 0 6 5 ffffffffffffffff 0 0
TRACE 129 READ_ISSUE 6 0 0 6 6 ffffffffffffffff 0 0
TRACE 130 READ_ISSUE 6 0 0 6 7 ffffffffffffffff 0 0
TRACE 131 READ_ISSUE 6 0 0 6 8 ffffffffffffffff 0 0
TRACE 133 READ_ISSUE 6 0 0 6 9 ffffffffffffffff 0 0
TRACE 134 READ_ISSUE 6 0 0 6 10 ffffffffffffffff 0 0
TRACE 135 READ_ISSUE 6 0 0 6 11 ffffffffffffffff 0 0
TRACE 136 READ_ISSUE 6 0 0 6 12 ffffffffffffffff 0 0
TRACE 138 READ_ISSUE 6 0 0 6 13 ffffffffffffffff 0 0
TRACE 139 READ_ISSUE 6 0 0 6 14 ffffffffffffffff 0 0
TRACE 140 READ_ISSUE 6 0 0 6 15 ffffffffffffffff 0 0
TRACE 140 BLOCK_RELEASE 6 0 0 6 15 ffffffffffffffff 0 0
TRACE 141 READ_ISSUE 7 0 0 7 0 ffffffffffffffff 0 0
TRACE 142 LOAD_ACCEPT 8 0 0 0 0 0 0 0
TRACE 143 READ_ISSUE 7 0 0 7 1 ffffffffffffffff 0 0
TRACE 144 READ_ISSUE 7 0 0 7 2 ffffffffffffffff 0 0
TRACE 145 READ_ISSUE 7 0 0 7 3 ffffffffffffffff 0 0
TRACE 146 READ_ISSUE 7 0 0 7 4 ffffffffffffffff 0 0
TRACE 148 READ_ISSUE 7 0 0 7 5 ffffffffffffffff 0 0
TRACE 149 READ_ISSUE 7 0 0 7 6 ffffffffffffffff 0 0
TRACE 150 READ_ISSUE 7 0 0 7 7 ffffffffffffffff 0 0
TRACE 151 READ_ISSUE 7 0 0 7 8 ffffffffffffffff 0 0
TRACE 153 READ_ISSUE 7 0 0 7 9 ffffffffffffffff 0 0
TRACE 154 READ_ISSUE 7 0 0 7 10 ffffffffffffffff 0 0
TRACE 155 READ_ISSUE 7 0 0 7 11 ffffffffffffffff 0 0
TRACE 156 READ_ISSUE 7 0 0 7 12 ffffffffffffffff 0 0
TRACE 158 READ_ISSUE 7 0 0 7 13 ffffffffffffffff 0 0
TRACE 159 READ_ISSUE 7 0 0 7 14 ffffffffffffffff 0 0
TRACE 160 READ_ISSUE 7 0 0 7 15 ffffffffffffffff 0 0
TRACE 160 BLOCK_RELEASE 7 0 0 7 15 ffffffffffffffff 0 0
TRACE 161 READ_ISSUE 8 0 0 8 0 ffffffffffffffff 0 0
TRACE 162 LOAD_ACCEPT 9 0 0 0 0 0 0 0
TRACE 163 READ_ISSUE 8 0 0 8 1 ffffffffffffffff 0 0
TRACE 164 READ_ISSUE 8 0 0 8 2 ffffffffffffffff 0 0
TRACE 165 READ_ISSUE 8 0 0 8 3 ffffffffffffffff 0 0
TRACE 166 READ_ISSUE 8 0 0 8 4 ffffffffffffffff 0 0
TRACE 168 READ_ISSUE 8 0 0 8 5 ffffffffffffffff 0 0
TRACE 169 READ_ISSUE 8 0 0 8 6 ffffffffffffffff 0 0
TRACE 170 READ_ISSUE 8 0 0 8 7 ffffffffffffffff 0 0
TRACE 171 READ_ISSUE 8 0 0 8 8 ffffffffffffffff 0 0
TRACE 173 READ_ISSUE 8 0 0 8 9 ffffffffffffffff 0 0
TRACE 174 READ_ISSUE 8 0 0 8 10 ffffffffffffffff 0 0
TRACE 175 READ_ISSUE 8 0 0 8 11 ffffffffffffffff 0 0
TRACE 176 READ_ISSUE 8 0 0 8 12 ffffffffffffffff 0 0
TRACE 178 READ_ISSUE 8 0 0 8 13 ffffffffffffffff 0 0
TRACE 179 READ_ISSUE 8 0 0 8 14 ffffffffffffffff 0 0
TRACE 180 READ_ISSUE 8 0 0 8 15 ffffffffffffffff 0 0
TRACE 180 BLOCK_RELEASE 8 0 0 8 15 ffffffffffffffff 0 0
TRACE 181 READ_ISSUE 9 0 0 9 0 ffffffffffffffff 0 0
TRACE 182 LOAD_ACCEPT 10 0 0 0 0 0 0 0
TRACE 183 READ_ISSUE 9 0 0 9 1 ffffffffffffffff 0 0
TRACE 184 READ_ISSUE 9 0 0 9 2 ffffffffffffffff 0 0
TRACE 185 READ_ISSUE 9 0 0 9 3 ffffffffffffffff 0 0
TRACE 186 READ_ISSUE 9 0 0 9 4 ffffffffffffffff 0 0
TRACE 188 READ_ISSUE 9 0 0 9 5 ffffffffffffffff 0 0
TRACE 189 READ_ISSUE 9 0 0 9 6 ffffffffffffffff 0 0
TRACE 190 READ_ISSUE 9 0 0 9 7 ffffffffffffffff 0 0
TRACE 191 READ_ISSUE 9 0 0 9 8 ffffffffffffffff 0 0
TRACE 193 READ_ISSUE 9 0 0 9 9 ffffffffffffffff 0 0
TRACE 194 READ_ISSUE 9 0 0 9 10 ffffffffffffffff 0 0
TRACE 195 READ_ISSUE 9 0 0 9 11 ffffffffffffffff 0 0
TRACE 196 READ_ISSUE 9 0 0 9 12 ffffffffffffffff 0 0
TRACE 198 READ_ISSUE 9 0 0 9 13 ffffffffffffffff 0 0
TRACE 199 READ_ISSUE 9 0 0 9 14 ffffffffffffffff 0 0
TRACE 200 READ_ISSUE 9 0 0 9 15 ffffffffffffffff 0 0
TRACE 200 BLOCK_RELEASE 9 0 0 9 15 ffffffffffffffff 0 0
TRACE 201 READ_ISSUE 10 0 0 10 0 ffffffffffffffff 0 0
TRACE 202 LOAD_ACCEPT 11 0 0 0 0 0 0 0
TRACE 203 READ_ISSUE 10 0 0 10 1 ffffffffffffffff 0 0
TRACE 204 READ_ISSUE 10 0 0 10 2 ffffffffffffffff 0 0
TRACE 205 READ_ISSUE 10 0 0 10 3 ffffffffffffffff 0 0
TRACE 206 READ_ISSUE 10 0 0 10 4 ffffffffffffffff 0 0
TRACE 208 READ_ISSUE 10 0 0 10 5 ffffffffffffffff 0 0
TRACE 209 READ_ISSUE 10 0 0 10 6 ffffffffffffffff 0 0
TRACE 210 READ_ISSUE 10 0 0 10 7 ffffffffffffffff 0 0
TRACE 211 READ_ISSUE 10 0 0 10 8 ffffffffffffffff 0 0
TRACE 213 READ_ISSUE 10 0 0 10 9 ffffffffffffffff 0 0
TRACE 214 READ_ISSUE 10 0 0 10 10 ffffffffffffffff 0 0
TRACE 215 READ_ISSUE 10 0 0 10 11 ffffffffffffffff 0 0
TRACE 216 READ_ISSUE 10 0 0 10 12 ffffffffffffffff 0 0
TRACE 218 READ_ISSUE 10 0 0 10 13 ffffffffffffffff 0 0
TRACE 219 READ_ISSUE 10 0 0 10 14 ffffffffffffffff 0 0
TRACE 220 READ_ISSUE 10 0 0 10 15 ffffffffffffffff 0 0
TRACE 220 BLOCK_RELEASE 10 0 0 10 15 ffffffffffffffff 0 0
TRACE 221 READ_ISSUE 11 0 0 11 0 ffffffffffffffff 0 0
TRACE 222 LOAD_ACCEPT 12 0 0 0 0 0 0 0
TRACE 223 READ_ISSUE 11 0 0 11 1 ffffffffffffffff 0 0
TRACE 224 READ_ISSUE 11 0 0 11 2 ffffffffffffffff 0 0
TRACE 225 READ_ISSUE 11 0 0 11 3 ffffffffffffffff 0 0
TRACE 226 READ_ISSUE 11 0 0 11 4 ffffffffffffffff 0 0
TRACE 228 READ_ISSUE 11 0 0 11 5 ffffffffffffffff 0 0
TRACE 229 READ_ISSUE 11 0 0 11 6 ffffffffffffffff 0 0
TRACE 230 READ_ISSUE 11 0 0 11 7 ffffffffffffffff 0 0
TRACE 231 READ_ISSUE 11 0 0 11 8 ffffffffffffffff 0 0
TRACE 233 READ_ISSUE 11 0 0 11 9 ffffffffffffffff 0 0
TRACE 234 READ_ISSUE 11 0 0 11 10 ffffffffffffffff 0 0
TRACE 235 READ_ISSUE 11 0 0 11 11 ffffffffffffffff 0 0
TRACE 236 READ_ISSUE 11 0 0 11 12 ffffffffffffffff 0 0
TRACE 238 READ_ISSUE 11 0 0 11 13 ffffffffffffffff 0 0
TRACE 239 READ_ISSUE 11 0 0 11 14 ffffffffffffffff 0 0
TRACE 240 READ_ISSUE 11 0 0 11 15 ffffffffffffffff 0 0
TRACE 240 BLOCK_RELEASE 11 0 0 11 15 ffffffffffffffff 0 0
TRACE 241 READ_ISSUE 12 0 0 12 0 ffffffffffffffff 0 0
TRACE 242 LOAD_ACCEPT 13 0 0 0 0 0 0 0
TRACE 243 READ_ISSUE 12 0 0 12 1 ffffffffffffffff 0 0
TRACE 244 READ_ISSUE 12 0 0 12 2 ffffffffffffffff 0 0
TRACE 245 READ_ISSUE 12 0 0 12 3 ffffffffffffffff 0 0
TRACE 246 READ_ISSUE 12 0 0 12 4 ffffffffffffffff 0 0
TRACE 248 READ_ISSUE 12 0 0 12 5 ffffffffffffffff 0 0
TRACE 249 READ_ISSUE 12 0 0 12 6 ffffffffffffffff 0 0
TRACE 250 READ_ISSUE 12 0 0 12 7 ffffffffffffffff 0 0
TRACE 251 READ_ISSUE 12 0 0 12 8 ffffffffffffffff 0 0
TRACE 253 READ_ISSUE 12 0 0 12 9 ffffffffffffffff 0 0
TRACE 254 READ_ISSUE 12 0 0 12 10 ffffffffffffffff 0 0
TRACE 255 READ_ISSUE 12 0 0 12 11 ffffffffffffffff 0 0
TRACE 256 READ_ISSUE 12 0 0 12 12 ffffffffffffffff 0 0
TRACE 258 READ_ISSUE 12 0 0 12 13 ffffffffffffffff 0 0
TRACE 259 READ_ISSUE 12 0 0 12 14 ffffffffffffffff 0 0
TRACE 260 READ_ISSUE 12 0 0 12 15 ffffffffffffffff 0 0
TRACE 260 BLOCK_RELEASE 12 0 0 12 15 ffffffffffffffff 0 0
TRACE 261 READ_ISSUE 13 0 0 13 0 ffffffffffffffff 0 0
TRACE 262 LOAD_ACCEPT 14 0 0 0 0 0 0 0
TRACE 263 READ_ISSUE 13 0 0 13 1 ffffffffffffffff 0 0
TRACE 264 READ_ISSUE 13 0 0 13 2 ffffffffffffffff 0 0
TRACE 265 READ_ISSUE 13 0 0 13 3 ffffffffffffffff 0 0
TRACE 266 READ_ISSUE 13 0 0 13 4 ffffffffffffffff 0 0
TRACE 268 READ_ISSUE 13 0 0 13 5 ffffffffffffffff 0 0
TRACE 269 READ_ISSUE 13 0 0 13 6 ffffffffffffffff 0 0
TRACE 270 READ_ISSUE 13 0 0 13 7 ffffffffffffffff 0 0
TRACE 271 READ_ISSUE 13 0 0 13 8 ffffffffffffffff 0 0
TRACE 273 READ_ISSUE 13 0 0 13 9 ffffffffffffffff 0 0
TRACE 274 READ_ISSUE 13 0 0 13 10 ffffffffffffffff 0 0
TRACE 275 READ_ISSUE 13 0 0 13 11 ffffffffffffffff 0 0
TRACE 276 READ_ISSUE 13 0 0 13 12 ffffffffffffffff 0 0
TRACE 278 READ_ISSUE 13 0 0 13 13 ffffffffffffffff 0 0
TRACE 279 READ_ISSUE 13 0 0 13 14 ffffffffffffffff 0 0
TRACE 280 READ_ISSUE 13 0 0 13 15 ffffffffffffffff 0 0
TRACE 280 BLOCK_RELEASE 13 0 0 13 15 ffffffffffffffff 0 0
TRACE 281 READ_ISSUE 14 0 0 14 0 ffffffffffffffff 0 0
TRACE 282 LOAD_ACCEPT 15 0 0 0 0 0 0 0
TRACE 283 READ_ISSUE 14 0 0 14 1 ffffffffffffffff 0 0
TRACE 284 READ_ISSUE 14 0 0 14 2 ffffffffffffffff 0 0
TRACE 285 READ_ISSUE 14 0 0 14 3 ffffffffffffffff 0 0
TRACE 286 READ_ISSUE 14 0 0 14 4 ffffffffffffffff 0 0
TRACE 288 READ_ISSUE 14 0 0 14 5 ffffffffffffffff 0 0
TRACE 289 READ_ISSUE 14 0 0 14 6 ffffffffffffffff 0 0
TRACE 290 READ_ISSUE 14 0 0 14 7 ffffffffffffffff 0 0
TRACE 291 READ_ISSUE 14 0 0 14 8 ffffffffffffffff 0 0
TRACE 293 READ_ISSUE 14 0 0 14 9 ffffffffffffffff 0 0
TRACE 294 READ_ISSUE 14 0 0 14 10 ffffffffffffffff 0 0
TRACE 295 READ_ISSUE 14 0 0 14 11 ffffffffffffffff 0 0
TRACE 296 READ_ISSUE 14 0 0 14 12 ffffffffffffffff 0 0
TRACE 298 READ_ISSUE 14 0 0 14 13 ffffffffffffffff 0 0
TRACE 299 READ_ISSUE 14 0 0 14 14 ffffffffffffffff 0 0
TRACE 300 READ_ISSUE 14 0 0 14 15 ffffffffffffffff 0 0
TRACE 300 BLOCK_RELEASE 14 0 0 14 15 ffffffffffffffff 0 0
TRACE 301 READ_ISSUE 15 0 0 15 0 ffffffffffffffff 0 0
TRACE 302 LOAD_ACCEPT 16 0 0 0 0 0 0 0
TRACE 303 READ_ISSUE 15 0 0 15 1 ffffffffffffffff 0 0
TRACE 304 READ_ISSUE 15 0 0 15 2 ffffffffffffffff 0 0
TRACE 305 READ_ISSUE 15 0 0 15 3 ffffffffffffffff 0 0
TRACE 306 READ_ISSUE 15 0 0 15 4 ffffffffffffffff 0 0
TRACE 308 READ_ISSUE 15 0 0 15 5 ffffffffffffffff 0 0
TRACE 309 READ_ISSUE 15 0 0 15 6 ffffffffffffffff 0 0
TRACE 310 READ_ISSUE 15 0 0 15 7 ffffffffffffffff 0 0
TRACE 311 READ_ISSUE 15 0 0 15 8 ffffffffffffffff 0 0
TRACE 313 READ_ISSUE 15 0 0 15 9 ffffffffffffffff 0 0
TRACE 314 READ_ISSUE 15 0 0 15 10 ffffffffffffffff 0 0
TRACE 315 READ_ISSUE 15 0 0 15 11 ffffffffffffffff 0 0
TRACE 316 READ_ISSUE 15 0 0 15 12 ffffffffffffffff 0 0
TRACE 318 READ_ISSUE 15 0 0 15 13 ffffffffffffffff 0 0
TRACE 319 READ_ISSUE 15 0 0 15 14 ffffffffffffffff 0 0
TRACE 320 READ_ISSUE 15 0 0 15 15 ffffffffffffffff 0 0
TRACE 320 BLOCK_RELEASE 15 0 0 15 15 ffffffffffffffff 0 0
TRACE 321 READ_ISSUE 16 0 0 16 0 ffffffffffffffff 0 0
TRACE 322 LOAD_ACCEPT 17 0 0 0 0 0 0 0
TRACE 323 READ_ISSUE 16 0 0 16 1 ffffffffffffffff 0 0
TRACE 324 READ_ISSUE 16 0 0 16 2 ffffffffffffffff 0 0
TRACE 325 READ_ISSUE 16 0 0 16 3 ffffffffffffffff 0 0
TRACE 326 READ_ISSUE 16 0 0 16 4 ffffffffffffffff 0 0
TRACE 328 READ_ISSUE 16 0 0 16 5 ffffffffffffffff 0 0
TRACE 329 READ_ISSUE 16 0 0 16 6 ffffffffffffffff 0 0
TRACE 330 READ_ISSUE 16 0 0 16 7 ffffffffffffffff 0 0
TRACE 331 READ_ISSUE 16 0 0 16 8 ffffffffffffffff 0 0
TRACE 333 READ_ISSUE 16 0 0 16 9 ffffffffffffffff 0 0
TRACE 334 READ_ISSUE 16 0 0 16 10 ffffffffffffffff 0 0
TRACE 335 READ_ISSUE 16 0 0 16 11 ffffffffffffffff 0 0
TRACE 336 READ_ISSUE 16 0 0 16 12 ffffffffffffffff 0 0
TRACE 338 READ_ISSUE 16 0 0 16 13 ffffffffffffffff 0 0
TRACE 339 READ_ISSUE 16 0 0 16 14 ffffffffffffffff 0 0
TRACE 340 READ_ISSUE 16 0 0 16 15 ffffffffffffffff 0 0
TRACE 340 BLOCK_RELEASE 16 0 0 16 15 ffffffffffffffff 0 0
TRACE 341 READ_ISSUE 17 0 0 17 0 ffffffffffffffff 0 0
TRACE 342 LOAD_ACCEPT 18 0 0 0 0 0 0 0
TRACE 343 READ_ISSUE 17 0 0 17 1 ffffffffffffffff 0 0
TRACE 344 READ_ISSUE 17 0 0 17 2 ffffffffffffffff 0 0
TRACE 345 READ_ISSUE 17 0 0 17 3 ffffffffffffffff 0 0
TRACE 346 READ_ISSUE 17 0 0 17 4 ffffffffffffffff 0 0
TRACE 348 READ_ISSUE 17 0 0 17 5 ffffffffffffffff 0 0
TRACE 349 READ_ISSUE 17 0 0 17 6 ffffffffffffffff 0 0
TRACE 350 READ_ISSUE 17 0 0 17 7 ffffffffffffffff 0 0
TRACE 351 READ_ISSUE 17 0 0 17 8 ffffffffffffffff 0 0
TRACE 353 READ_ISSUE 17 0 0 17 9 ffffffffffffffff 0 0
TRACE 354 READ_ISSUE 17 0 0 17 10 ffffffffffffffff 0 0
TRACE 355 READ_ISSUE 17 0 0 17 11 ffffffffffffffff 0 0
TRACE 356 READ_ISSUE 17 0 0 17 12 ffffffffffffffff 0 0
TRACE 358 READ_ISSUE 17 0 0 17 13 ffffffffffffffff 0 0
TRACE 359 READ_ISSUE 17 0 0 17 14 ffffffffffffffff 0 0
TRACE 360 READ_ISSUE 17 0 0 17 15 ffffffffffffffff 0 0
TRACE 360 BLOCK_RELEASE 17 0 0 17 15 ffffffffffffffff 0 0
TRACE 361 READ_ISSUE 18 0 0 18 0 ffffffffffffffff 0 0
TRACE 362 LOAD_ACCEPT 19 0 0 0 0 0 0 0
TRACE 363 READ_ISSUE 18 0 0 18 1 ffffffffffffffff 0 0
TRACE 364 READ_ISSUE 18 0 0 18 2 ffffffffffffffff 0 0
TRACE 365 READ_ISSUE 18 0 0 18 3 ffffffffffffffff 0 0
TRACE 366 READ_ISSUE 18 0 0 18 4 ffffffffffffffff 0 0
TRACE 368 READ_ISSUE 18 0 0 18 5 ffffffffffffffff 0 0
TRACE 369 READ_ISSUE 18 0 0 18 6 ffffffffffffffff 0 0
TRACE 370 READ_ISSUE 18 0 0 18 7 ffffffffffffffff 0 0
TRACE 371 READ_ISSUE 18 0 0 18 8 ffffffffffffffff 0 0
TRACE 373 READ_ISSUE 18 0 0 18 9 ffffffffffffffff 0 0
TRACE 374 READ_ISSUE 18 0 0 18 10 ffffffffffffffff 0 0
TRACE 375 READ_ISSUE 18 0 0 18 11 ffffffffffffffff 0 0
TRACE 376 READ_ISSUE 18 0 0 18 12 ffffffffffffffff 0 0
TRACE 378 READ_ISSUE 18 0 0 18 13 ffffffffffffffff 0 0
TRACE 379 READ_ISSUE 18 0 0 18 14 ffffffffffffffff 0 0
TRACE 380 READ_ISSUE 18 0 0 18 15 ffffffffffffffff 0 0
TRACE 380 BLOCK_RELEASE 18 0 0 18 15 ffffffffffffffff 0 0
TRACE 381 READ_ISSUE 19 0 0 19 0 ffffffffffffffff 0 0
TRACE 382 LOAD_ACCEPT 20 0 0 0 0 0 0 0
TRACE 383 READ_ISSUE 19 0 0 19 1 ffffffffffffffff 0 0
TRACE 384 READ_ISSUE 19 0 0 19 2 ffffffffffffffff 0 0
TRACE 385 READ_ISSUE 19 0 0 19 3 ffffffffffffffff 0 0
TRACE 386 READ_ISSUE 19 0 0 19 4 ffffffffffffffff 0 0
TRACE 388 READ_ISSUE 19 0 0 19 5 ffffffffffffffff 0 0
TRACE 389 READ_ISSUE 19 0 0 19 6 ffffffffffffffff 0 0
TRACE 390 READ_ISSUE 19 0 0 19 7 ffffffffffffffff 0 0
TRACE 391 READ_ISSUE 19 0 0 19 8 ffffffffffffffff 0 0
TRACE 393 READ_ISSUE 19 0 0 19 9 ffffffffffffffff 0 0
TRACE 394 READ_ISSUE 19 0 0 19 10 ffffffffffffffff 0 0
TRACE 395 READ_ISSUE 19 0 0 19 11 ffffffffffffffff 0 0
TRACE 396 READ_ISSUE 19 0 0 19 12 ffffffffffffffff 0 0
TRACE 398 READ_ISSUE 19 0 0 19 13 ffffffffffffffff 0 0
TRACE 399 READ_ISSUE 19 0 0 19 14 ffffffffffffffff 0 0
TRACE 400 READ_ISSUE 19 0 0 19 15 ffffffffffffffff 0 0
TRACE 400 BLOCK_RELEASE 19 0 0 19 15 ffffffffffffffff 0 0
TRACE 401 READ_ISSUE 20 0 0 20 0 ffffffffffffffff 0 0
TRACE 402 LOAD_ACCEPT 21 0 0 0 0 0 0 0
TRACE 403 READ_ISSUE 20 0 0 20 1 ffffffffffffffff 0 0
TRACE 404 READ_ISSUE 20 0 0 20 2 ffffffffffffffff 0 0
TRACE 405 READ_ISSUE 20 0 0 20 3 ffffffffffffffff 0 0
TRACE 406 READ_ISSUE 20 0 0 20 4 ffffffffffffffff 0 0
TRACE 408 READ_ISSUE 20 0 0 20 5 ffffffffffffffff 0 0
TRACE 409 READ_ISSUE 20 0 0 20 6 ffffffffffffffff 0 0
TRACE 410 READ_ISSUE 20 0 0 20 7 ffffffffffffffff 0 0
TRACE 411 READ_ISSUE 20 0 0 20 8 ffffffffffffffff 0 0
TRACE 413 READ_ISSUE 20 0 0 20 9 ffffffffffffffff 0 0
TRACE 414 READ_ISSUE 20 0 0 20 10 ffffffffffffffff 0 0
TRACE 415 READ_ISSUE 20 0 0 20 11 ffffffffffffffff 0 0
TRACE 416 READ_ISSUE 20 0 0 20 12 ffffffffffffffff 0 0
TRACE 418 READ_ISSUE 20 0 0 20 13 ffffffffffffffff 0 0
TRACE 419 READ_ISSUE 20 0 0 20 14 ffffffffffffffff 0 0
TRACE 420 READ_ISSUE 20 0 0 20 15 ffffffffffffffff 0 0
TRACE 420 BLOCK_RELEASE 20 0 0 20 15 ffffffffffffffff 0 0
TRACE 421 READ_ISSUE 21 0 0 21 0 ffffffffffffffff 0 0
TRACE 422 LOAD_ACCEPT 22 0 0 0 0 0 0 0
TRACE 423 READ_ISSUE 21 0 0 21 1 ffffffffffffffff 0 0
TRACE 424 READ_ISSUE 21 0 0 21 2 ffffffffffffffff 0 0
TRACE 425 READ_ISSUE 21 0 0 21 3 ffffffffffffffff 0 0
TRACE 426 READ_ISSUE 21 0 0 21 4 ffffffffffffffff 0 0
TRACE 428 READ_ISSUE 21 0 0 21 5 ffffffffffffffff 0 0
TRACE 429 READ_ISSUE 21 0 0 21 6 ffffffffffffffff 0 0
TRACE 430 READ_ISSUE 21 0 0 21 7 ffffffffffffffff 0 0
TRACE 431 READ_ISSUE 21 0 0 21 8 ffffffffffffffff 0 0
TRACE 433 READ_ISSUE 21 0 0 21 9 ffffffffffffffff 0 0
TRACE 434 READ_ISSUE 21 0 0 21 10 ffffffffffffffff 0 0
TRACE 435 READ_ISSUE 21 0 0 21 11 ffffffffffffffff 0 0
TRACE 436 READ_ISSUE 21 0 0 21 12 ffffffffffffffff 0 0
TRACE 438 READ_ISSUE 21 0 0 21 13 ffffffffffffffff 0 0
TRACE 439 READ_ISSUE 21 0 0 21 14 ffffffffffffffff 0 0
TRACE 440 READ_ISSUE 21 0 0 21 15 ffffffffffffffff 0 0
TRACE 440 BLOCK_RELEASE 21 0 0 21 15 ffffffffffffffff 0 0
TRACE 441 READ_ISSUE 22 0 0 22 0 ffffffffffffffff 0 0
TRACE 442 LOAD_ACCEPT 23 0 0 0 0 0 0 0
TRACE 443 READ_ISSUE 22 0 0 22 1 ffffffffffffffff 0 0
TRACE 444 READ_ISSUE 22 0 0 22 2 ffffffffffffffff 0 0
TRACE 445 READ_ISSUE 22 0 0 22 3 ffffffffffffffff 0 0
TRACE 446 READ_ISSUE 22 0 0 22 4 ffffffffffffffff 0 0
TRACE 448 READ_ISSUE 22 0 0 22 5 ffffffffffffffff 0 0
TRACE 449 READ_ISSUE 22 0 0 22 6 ffffffffffffffff 0 0
TRACE 450 READ_ISSUE 22 0 0 22 7 ffffffffffffffff 0 0
TRACE 451 READ_ISSUE 22 0 0 22 8 ffffffffffffffff 0 0
TRACE 453 READ_ISSUE 22 0 0 22 9 ffffffffffffffff 0 0
TRACE 454 READ_ISSUE 22 0 0 22 10 ffffffffffffffff 0 0
TRACE 455 READ_ISSUE 22 0 0 22 11 ffffffffffffffff 0 0
TRACE 456 READ_ISSUE 22 0 0 22 12 ffffffffffffffff 0 0
TRACE 458 READ_ISSUE 22 0 0 22 13 ffffffffffffffff 0 0
TRACE 459 READ_ISSUE 22 0 0 22 14 ffffffffffffffff 0 0
TRACE 460 READ_ISSUE 22 0 0 22 15 ffffffffffffffff 0 0
TRACE 460 BLOCK_RELEASE 22 0 0 22 15 ffffffffffffffff 0 0
TRACE 461 READ_ISSUE 23 0 0 23 0 ffffffffffffffff 0 0
TRACE 462 LOAD_ACCEPT 24 0 0 0 0 0 0 0
TRACE 463 READ_ISSUE 23 0 0 23 1 ffffffffffffffff 0 0
TRACE 464 READ_ISSUE 23 0 0 23 2 ffffffffffffffff 0 0
TRACE 465 READ_ISSUE 23 0 0 23 3 ffffffffffffffff 0 0
TRACE 466 READ_ISSUE 23 0 0 23 4 ffffffffffffffff 0 0
TRACE 468 READ_ISSUE 23 0 0 23 5 ffffffffffffffff 0 0
TRACE 469 READ_ISSUE 23 0 0 23 6 ffffffffffffffff 0 0
TRACE 470 READ_ISSUE 23 0 0 23 7 ffffffffffffffff 0 0
TRACE 471 READ_ISSUE 23 0 0 23 8 ffffffffffffffff 0 0
TRACE 473 READ_ISSUE 23 0 0 23 9 ffffffffffffffff 0 0
TRACE 474 READ_ISSUE 23 0 0 23 10 ffffffffffffffff 0 0
TRACE 475 READ_ISSUE 23 0 0 23 11 ffffffffffffffff 0 0
TRACE 476 READ_ISSUE 23 0 0 23 12 ffffffffffffffff 0 0
TRACE 478 READ_ISSUE 23 0 0 23 13 ffffffffffffffff 0 0
TRACE 479 READ_ISSUE 23 0 0 23 14 ffffffffffffffff 0 0
TRACE 480 READ_ISSUE 23 0 0 23 15 ffffffffffffffff 0 0
TRACE 480 BLOCK_RELEASE 23 0 0 23 15 ffffffffffffffff 0 0
TRACE 481 READ_ISSUE 24 0 0 24 0 ffffffffffffffff 0 0
TRACE 482 LOAD_ACCEPT 25 0 0 0 0 0 0 0
TRACE 483 READ_ISSUE 24 0 0 24 1 ffffffffffffffff 0 0
TRACE 484 READ_ISSUE 24 0 0 24 2 ffffffffffffffff 0 0
TRACE 485 READ_ISSUE 24 0 0 24 3 ffffffffffffffff 0 0
TRACE 486 READ_ISSUE 24 0 0 24 4 ffffffffffffffff 0 0
TRACE 488 READ_ISSUE 24 0 0 24 5 ffffffffffffffff 0 0
TRACE 489 READ_ISSUE 24 0 0 24 6 ffffffffffffffff 0 0
TRACE 490 READ_ISSUE 24 0 0 24 7 ffffffffffffffff 0 0
TRACE 491 READ_ISSUE 24 0 0 24 8 ffffffffffffffff 0 0
TRACE 493 READ_ISSUE 24 0 0 24 9 ffffffffffffffff 0 0
TRACE 494 READ_ISSUE 24 0 0 24 10 ffffffffffffffff 0 0
TRACE 495 READ_ISSUE 24 0 0 24 11 ffffffffffffffff 0 0
TRACE 496 READ_ISSUE 24 0 0 24 12 ffffffffffffffff 0 0
TRACE 498 READ_ISSUE 24 0 0 24 13 ffffffffffffffff 0 0
TRACE 499 READ_ISSUE 24 0 0 24 14 ffffffffffffffff 0 0
TRACE 500 READ_ISSUE 24 0 0 24 15 ffffffffffffffff 0 0
TRACE 500 BLOCK_RELEASE 24 0 0 24 15 ffffffffffffffff 0 0
TRACE 501 READ_ISSUE 25 0 0 25 0 ffffffffffffffff 0 0
TRACE 502 LOAD_ACCEPT 26 0 0 0 0 0 0 0
TRACE 503 READ_ISSUE 25 0 0 25 1 ffffffffffffffff 0 0
TRACE 504 READ_ISSUE 25 0 0 25 2 ffffffffffffffff 0 0
TRACE 505 READ_ISSUE 25 0 0 25 3 ffffffffffffffff 0 0
TRACE 506 READ_ISSUE 25 0 0 25 4 ffffffffffffffff 0 0
TRACE 508 READ_ISSUE 25 0 0 25 5 ffffffffffffffff 0 0
TRACE 509 READ_ISSUE 25 0 0 25 6 ffffffffffffffff 0 0
TRACE 510 READ_ISSUE 25 0 0 25 7 ffffffffffffffff 0 0
TRACE 511 READ_ISSUE 25 0 0 25 8 ffffffffffffffff 0 0
TRACE 513 READ_ISSUE 25 0 0 25 9 ffffffffffffffff 0 0
TRACE 514 READ_ISSUE 25 0 0 25 10 ffffffffffffffff 0 0
TRACE 515 READ_ISSUE 25 0 0 25 11 ffffffffffffffff 0 0
TRACE 516 READ_ISSUE 25 0 0 25 12 ffffffffffffffff 0 0
TRACE 518 READ_ISSUE 25 0 0 25 13 ffffffffffffffff 0 0
TRACE 519 READ_ISSUE 25 0 0 25 14 ffffffffffffffff 0 0
TRACE 520 READ_ISSUE 25 0 0 25 15 ffffffffffffffff 0 0
TRACE 520 BLOCK_RELEASE 25 0 0 25 15 ffffffffffffffff 0 0
TRACE 521 READ_ISSUE 26 0 0 26 0 ffffffffffffffff 0 0
TRACE 522 LOAD_ACCEPT 27 0 0 0 0 0 0 0
TRACE 523 READ_ISSUE 26 0 0 26 1 ffffffffffffffff 0 0
TRACE 524 READ_ISSUE 26 0 0 26 2 ffffffffffffffff 0 0
TRACE 525 READ_ISSUE 26 0 0 26 3 ffffffffffffffff 0 0
TRACE 526 READ_ISSUE 26 0 0 26 4 ffffffffffffffff 0 0
TRACE 528 READ_ISSUE 26 0 0 26 5 ffffffffffffffff 0 0
TRACE 529 READ_ISSUE 26 0 0 26 6 ffffffffffffffff 0 0
TRACE 530 READ_ISSUE 26 0 0 26 7 ffffffffffffffff 0 0
TRACE 531 READ_ISSUE 26 0 0 26 8 ffffffffffffffff 0 0
TRACE 533 READ_ISSUE 26 0 0 26 9 ffffffffffffffff 0 0
TRACE 534 READ_ISSUE 26 0 0 26 10 ffffffffffffffff 0 0
TRACE 535 READ_ISSUE 26 0 0 26 11 ffffffffffffffff 0 0
TRACE 536 READ_ISSUE 26 0 0 26 12 ffffffffffffffff 0 0
TRACE 538 READ_ISSUE 26 0 0 26 13 ffffffffffffffff 0 0
TRACE 539 READ_ISSUE 26 0 0 26 14 ffffffffffffffff 0 0
TRACE 540 READ_ISSUE 26 0 0 26 15 ffffffffffffffff 0 0
TRACE 540 BLOCK_RELEASE 26 0 0 26 15 ffffffffffffffff 0 0
TRACE 541 READ_ISSUE 27 0 0 27 0 ffffffffffffffff 0 0
TRACE 542 LOAD_ACCEPT 28 0 0 0 0 0 0 0
TRACE 543 READ_ISSUE 27 0 0 27 1 ffffffffffffffff 0 0
TRACE 544 READ_ISSUE 27 0 0 27 2 ffffffffffffffff 0 0
TRACE 545 READ_ISSUE 27 0 0 27 3 ffffffffffffffff 0 0
TRACE 546 READ_ISSUE 27 0 0 27 4 ffffffffffffffff 0 0
TRACE 548 READ_ISSUE 27 0 0 27 5 ffffffffffffffff 0 0
TRACE 549 READ_ISSUE 27 0 0 27 6 ffffffffffffffff 0 0
TRACE 550 READ_ISSUE 27 0 0 27 7 ffffffffffffffff 0 0
TRACE 551 READ_ISSUE 27 0 0 27 8 ffffffffffffffff 0 0
TRACE 553 READ_ISSUE 27 0 0 27 9 ffffffffffffffff 0 0
TRACE 554 READ_ISSUE 27 0 0 27 10 ffffffffffffffff 0 0
TRACE 555 READ_ISSUE 27 0 0 27 11 ffffffffffffffff 0 0
TRACE 556 READ_ISSUE 27 0 0 27 12 ffffffffffffffff 0 0
TRACE 558 READ_ISSUE 27 0 0 27 13 ffffffffffffffff 0 0
TRACE 559 READ_ISSUE 27 0 0 27 14 ffffffffffffffff 0 0
TRACE 560 READ_ISSUE 27 0 0 27 15 ffffffffffffffff 0 0
TRACE 560 BLOCK_RELEASE 27 0 0 27 15 ffffffffffffffff 0 0
TRACE 561 READ_ISSUE 28 0 0 28 0 ffffffffffffffff 0 0
TRACE 562 LOAD_ACCEPT 29 0 0 0 0 0 0 0
TRACE 563 READ_ISSUE 28 0 0 28 1 ffffffffffffffff 0 0
TRACE 564 READ_ISSUE 28 0 0 28 2 ffffffffffffffff 0 0
TRACE 565 READ_ISSUE 28 0 0 28 3 ffffffffffffffff 0 0
TRACE 566 READ_ISSUE 28 0 0 28 4 ffffffffffffffff 0 0
TRACE 568 READ_ISSUE 28 0 0 28 5 ffffffffffffffff 0 0
TRACE 569 READ_ISSUE 28 0 0 28 6 ffffffffffffffff 0 0
TRACE 570 READ_ISSUE 28 0 0 28 7 ffffffffffffffff 0 0
TRACE 571 READ_ISSUE 28 0 0 28 8 ffffffffffffffff 0 0
TRACE 573 READ_ISSUE 28 0 0 28 9 ffffffffffffffff 0 0
TRACE 574 READ_ISSUE 28 0 0 28 10 ffffffffffffffff 0 0
TRACE 575 READ_ISSUE 28 0 0 28 11 ffffffffffffffff 0 0
TRACE 576 READ_ISSUE 28 0 0 28 12 ffffffffffffffff 0 0
TRACE 578 READ_ISSUE 28 0 0 28 13 ffffffffffffffff 0 0
TRACE 579 READ_ISSUE 28 0 0 28 14 ffffffffffffffff 0 0
TRACE 580 READ_ISSUE 28 0 0 28 15 ffffffffffffffff 0 0
TRACE 580 BLOCK_RELEASE 28 0 0 28 15 ffffffffffffffff 0 0
TRACE 581 READ_ISSUE 29 0 0 29 0 ffffffffffffffff 0 0
TRACE 582 LOAD_ACCEPT 30 0 0 0 0 0 0 0
TRACE 583 READ_ISSUE 29 0 0 29 1 ffffffffffffffff 0 0
TRACE 584 READ_ISSUE 29 0 0 29 2 ffffffffffffffff 0 0
TRACE 585 READ_ISSUE 29 0 0 29 3 ffffffffffffffff 0 0
TRACE 586 READ_ISSUE 29 0 0 29 4 ffffffffffffffff 0 0
TRACE 588 READ_ISSUE 29 0 0 29 5 ffffffffffffffff 0 0
TRACE 589 READ_ISSUE 29 0 0 29 6 ffffffffffffffff 0 0
TRACE 590 READ_ISSUE 29 0 0 29 7 ffffffffffffffff 0 0
TRACE 591 READ_ISSUE 29 0 0 29 8 ffffffffffffffff 0 0
TRACE 593 READ_ISSUE 29 0 0 29 9 ffffffffffffffff 0 0
TRACE 594 READ_ISSUE 29 0 0 29 10 ffffffffffffffff 0 0
TRACE 595 READ_ISSUE 29 0 0 29 11 ffffffffffffffff 0 0
TRACE 596 READ_ISSUE 29 0 0 29 12 ffffffffffffffff 0 0
TRACE 598 READ_ISSUE 29 0 0 29 13 ffffffffffffffff 0 0
TRACE 599 READ_ISSUE 29 0 0 29 14 ffffffffffffffff 0 0
TRACE 600 READ_ISSUE 29 0 0 29 15 ffffffffffffffff 0 0
TRACE 600 BLOCK_RELEASE 29 0 0 29 15 ffffffffffffffff 0 0
TRACE 601 READ_ISSUE 30 0 0 30 0 ffffffffffffffff 0 0
TRACE 602 LOAD_ACCEPT 31 0 0 0 0 0 0 0
TRACE 603 READ_ISSUE 30 0 0 30 1 ffffffffffffffff 0 0
TRACE 604 READ_ISSUE 30 0 0 30 2 ffffffffffffffff 0 0
TRACE 605 READ_ISSUE 30 0 0 30 3 ffffffffffffffff 0 0
TRACE 606 READ_ISSUE 30 0 0 30 4 ffffffffffffffff 0 0
TRACE 608 READ_ISSUE 30 0 0 30 5 ffffffffffffffff 0 0
TRACE 609 READ_ISSUE 30 0 0 30 6 ffffffffffffffff 0 0
TRACE 610 READ_ISSUE 30 0 0 30 7 ffffffffffffffff 0 0
TRACE 611 READ_ISSUE 30 0 0 30 8 ffffffffffffffff 0 0
TRACE 613 READ_ISSUE 30 0 0 30 9 ffffffffffffffff 0 0
TRACE 614 READ_ISSUE 30 0 0 30 10 ffffffffffffffff 0 0
TRACE 615 READ_ISSUE 30 0 0 30 11 ffffffffffffffff 0 0
TRACE 616 READ_ISSUE 30 0 0 30 12 ffffffffffffffff 0 0
TRACE 618 READ_ISSUE 30 0 0 30 13 ffffffffffffffff 0 0
TRACE 619 READ_ISSUE 30 0 0 30 14 ffffffffffffffff 0 0
TRACE 620 READ_ISSUE 30 0 0 30 15 ffffffffffffffff 0 0
TRACE 620 BLOCK_RELEASE 30 0 0 30 15 ffffffffffffffff 0 0
TRACE 621 READ_ISSUE 31 0 0 31 0 ffffffffffffffff 0 0
TRACE 622 LOAD_ACCEPT 32 0 0 0 0 0 0 0
TRACE 623 READ_ISSUE 31 0 0 31 1 ffffffffffffffff 0 0
TRACE 624 READ_ISSUE 31 0 0 31 2 ffffffffffffffff 0 0
TRACE 625 READ_ISSUE 31 0 0 31 3 ffffffffffffffff 0 0
TRACE 626 READ_ISSUE 31 0 0 31 4 ffffffffffffffff 0 0
TRACE 628 READ_ISSUE 31 0 0 31 5 ffffffffffffffff 0 0
TRACE 629 READ_ISSUE 31 0 0 31 6 ffffffffffffffff 0 0
TRACE 630 READ_ISSUE 31 0 0 31 7 ffffffffffffffff 0 0
TRACE 631 READ_ISSUE 31 0 0 31 8 ffffffffffffffff 0 0
TRACE 633 READ_ISSUE 31 0 0 31 9 ffffffffffffffff 0 0
TRACE 634 READ_ISSUE 31 0 0 31 10 ffffffffffffffff 0 0
TRACE 635 READ_ISSUE 31 0 0 31 11 ffffffffffffffff 0 0
TRACE 636 READ_ISSUE 31 0 0 31 12 ffffffffffffffff 0 0
TRACE 638 READ_ISSUE 31 0 0 31 13 ffffffffffffffff 0 0
TRACE 639 READ_ISSUE 31 0 0 31 14 ffffffffffffffff 0 0
TRACE 640 READ_ISSUE 31 0 0 31 15 ffffffffffffffff 0 0
TRACE 640 BLOCK_RELEASE 31 0 0 31 15 ffffffffffffffff 0 0
TRACE 641 READ_ISSUE 32 0 0 32 0 ffffffffffffffff 0 0
TRACE 642 LOAD_ACCEPT 33 0 0 0 0 0 0 0
TRACE 643 READ_ISSUE 32 0 0 32 1 ffffffffffffffff 0 0
TRACE 644 READ_ISSUE 32 0 0 32 2 ffffffffffffffff 0 0
TRACE 645 READ_ISSUE 32 0 0 32 3 ffffffffffffffff 0 0
TRACE 646 READ_ISSUE 32 0 0 32 4 ffffffffffffffff 0 0
TRACE 648 READ_ISSUE 32 0 0 32 5 ffffffffffffffff 0 0
TRACE 649 READ_ISSUE 32 0 0 32 6 ffffffffffffffff 0 0
TRACE 650 READ_ISSUE 32 0 0 32 7 ffffffffffffffff 0 0
TRACE 651 READ_ISSUE 32 0 0 32 8 ffffffffffffffff 0 0
TRACE 653 READ_ISSUE 32 0 0 32 9 ffffffffffffffff 0 0
TRACE 654 READ_ISSUE 32 0 0 32 10 ffffffffffffffff 0 0
TRACE 655 READ_ISSUE 32 0 0 32 11 ffffffffffffffff 0 0
TRACE 656 READ_ISSUE 32 0 0 32 12 ffffffffffffffff 0 0
TRACE 658 READ_ISSUE 32 0 0 32 13 ffffffffffffffff 0 0
TRACE 659 READ_ISSUE 32 0 0 32 14 ffffffffffffffff 0 0
TRACE 660 READ_ISSUE 32 0 0 32 15 ffffffffffffffff 0 0
TRACE 660 BLOCK_RELEASE 32 0 0 32 15 ffffffffffffffff 0 0
TRACE 661 READ_ISSUE 33 0 0 33 0 ffffffffffffffff 0 0
TRACE 662 LOAD_ACCEPT 34 0 0 0 0 0 0 0
TRACE 663 READ_ISSUE 33 0 0 33 1 ffffffffffffffff 0 0
TRACE 664 READ_ISSUE 33 0 0 33 2 ffffffffffffffff 0 0
TRACE 665 READ_ISSUE 33 0 0 33 3 ffffffffffffffff 0 0
TRACE 666 READ_ISSUE 33 0 0 33 4 ffffffffffffffff 0 0
TRACE 668 READ_ISSUE 33 0 0 33 5 ffffffffffffffff 0 0
TRACE 669 READ_ISSUE 33 0 0 33 6 ffffffffffffffff 0 0
TRACE 670 READ_ISSUE 33 0 0 33 7 ffffffffffffffff 0 0
TRACE 671 READ_ISSUE 33 0 0 33 8 ffffffffffffffff 0 0
TRACE 673 READ_ISSUE 33 0 0 33 9 ffffffffffffffff 0 0
TRACE 674 READ_ISSUE 33 0 0 33 10 ffffffffffffffff 0 0
TRACE 675 READ_ISSUE 33 0 0 33 11 ffffffffffffffff 0 0
TRACE 676 READ_ISSUE 33 0 0 33 12 ffffffffffffffff 0 0
TRACE 678 READ_ISSUE 33 0 0 33 13 ffffffffffffffff 0 0
TRACE 679 READ_ISSUE 33 0 0 33 14 ffffffffffffffff 0 0
TRACE 680 READ_ISSUE 33 0 0 33 15 ffffffffffffffff 0 0
TRACE 680 BLOCK_RELEASE 33 0 0 33 15 ffffffffffffffff 0 0
TRACE 681 READ_ISSUE 34 0 0 34 0 ffffffffffffffff 0 0
TRACE 682 LOAD_ACCEPT 35 0 0 0 0 0 0 0
TRACE 683 READ_ISSUE 34 0 0 34 1 ffffffffffffffff 0 0
TRACE 684 READ_ISSUE 34 0 0 34 2 ffffffffffffffff 0 0
TRACE 685 READ_ISSUE 34 0 0 34 3 ffffffffffffffff 0 0
TRACE 686 READ_ISSUE 34 0 0 34 4 ffffffffffffffff 0 0
TRACE 688 READ_ISSUE 34 0 0 34 5 ffffffffffffffff 0 0
TRACE 689 READ_ISSUE 34 0 0 34 6 ffffffffffffffff 0 0
TRACE 690 READ_ISSUE 34 0 0 34 7 ffffffffffffffff 0 0
TRACE 691 READ_ISSUE 34 0 0 34 8 ffffffffffffffff 0 0
TRACE 693 READ_ISSUE 34 0 0 34 9 ffffffffffffffff 0 0
TRACE 694 READ_ISSUE 34 0 0 34 10 ffffffffffffffff 0 0
TRACE 695 READ_ISSUE 34 0 0 34 11 ffffffffffffffff 0 0
TRACE 696 READ_ISSUE 34 0 0 34 12 ffffffffffffffff 0 0
TRACE 698 READ_ISSUE 34 0 0 34 13 ffffffffffffffff 0 0
TRACE 699 READ_ISSUE 34 0 0 34 14 ffffffffffffffff 0 0
TRACE 700 READ_ISSUE 34 0 0 34 15 ffffffffffffffff 0 0
TRACE 700 BLOCK_RELEASE 34 0 0 34 15 ffffffffffffffff 0 0
TRACE 701 READ_ISSUE 35 0 0 35 0 ffffffffffffffff 0 0
TRACE 702 LOAD_ACCEPT 36 0 0 0 0 0 0 0
TRACE 703 READ_ISSUE 35 0 0 35 1 ffffffffffffffff 0 0
TRACE 704 READ_ISSUE 35 0 0 35 2 ffffffffffffffff 0 0
TRACE 705 READ_ISSUE 35 0 0 35 3 ffffffffffffffff 0 0
TRACE 706 READ_ISSUE 35 0 0 35 4 ffffffffffffffff 0 0
TRACE 708 READ_ISSUE 35 0 0 35 5 ffffffffffffffff 0 0
TRACE 709 READ_ISSUE 35 0 0 35 6 ffffffffffffffff 0 0
TRACE 710 READ_ISSUE 35 0 0 35 7 ffffffffffffffff 0 0
TRACE 711 READ_ISSUE 35 0 0 35 8 ffffffffffffffff 0 0
TRACE 713 READ_ISSUE 35 0 0 35 9 ffffffffffffffff 0 0
TRACE 714 READ_ISSUE 35 0 0 35 10 ffffffffffffffff 0 0
TRACE 715 READ_ISSUE 35 0 0 35 11 ffffffffffffffff 0 0
TRACE 716 READ_ISSUE 35 0 0 35 12 ffffffffffffffff 0 0
TRACE 718 READ_ISSUE 35 0 0 35 13 ffffffffffffffff 0 0
TRACE 719 READ_ISSUE 35 0 0 35 14 ffffffffffffffff 0 0
TRACE 720 READ_ISSUE 35 0 0 35 15 ffffffffffffffff 0 0
TRACE 720 BLOCK_RELEASE 35 0 0 35 15 ffffffffffffffff 0 0
TRACE 721 READ_ISSUE 36 0 0 36 0 ffffffffffffffff 0 0
TRACE 722 LOAD_ACCEPT 37 0 0 0 0 0 0 0
TRACE 723 READ_ISSUE 36 0 0 36 1 ffffffffffffffff 0 0
TRACE 724 READ_ISSUE 36 0 0 36 2 ffffffffffffffff 0 0
TRACE 725 READ_ISSUE 36 0 0 36 3 ffffffffffffffff 0 0
TRACE 726 READ_ISSUE 36 0 0 36 4 ffffffffffffffff 0 0
TRACE 728 READ_ISSUE 36 0 0 36 5 ffffffffffffffff 0 0
TRACE 729 READ_ISSUE 36 0 0 36 6 ffffffffffffffff 0 0
TRACE 730 READ_ISSUE 36 0 0 36 7 ffffffffffffffff 0 0
TRACE 731 READ_ISSUE 36 0 0 36 8 ffffffffffffffff 0 0
TRACE 733 READ_ISSUE 36 0 0 36 9 ffffffffffffffff 0 0
TRACE 734 READ_ISSUE 36 0 0 36 10 ffffffffffffffff 0 0
TRACE 735 READ_ISSUE 36 0 0 36 11 ffffffffffffffff 0 0
TRACE 736 READ_ISSUE 36 0 0 36 12 ffffffffffffffff 0 0
TRACE 738 READ_ISSUE 36 0 0 36 13 ffffffffffffffff 0 0
TRACE 739 READ_ISSUE 36 0 0 36 14 ffffffffffffffff 0 0
TRACE 740 READ_ISSUE 36 0 0 36 15 ffffffffffffffff 0 0
TRACE 740 BLOCK_RELEASE 36 0 0 36 15 ffffffffffffffff 0 0
TRACE 741 READ_ISSUE 37 0 0 37 0 ffffffffffffffff 0 0
TRACE 742 LOAD_ACCEPT 38 0 0 0 0 0 0 0
TRACE 743 READ_ISSUE 37 0 0 37 1 ffffffffffffffff 0 0
TRACE 744 READ_ISSUE 37 0 0 37 2 ffffffffffffffff 0 0
TRACE 745 READ_ISSUE 37 0 0 37 3 ffffffffffffffff 0 0
TRACE 746 READ_ISSUE 37 0 0 37 4 ffffffffffffffff 0 0
TRACE 748 READ_ISSUE 37 0 0 37 5 ffffffffffffffff 0 0
TRACE 749 READ_ISSUE 37 0 0 37 6 ffffffffffffffff 0 0
TRACE 750 READ_ISSUE 37 0 0 37 7 ffffffffffffffff 0 0
TRACE 751 READ_ISSUE 37 0 0 37 8 ffffffffffffffff 0 0
TRACE 753 READ_ISSUE 37 0 0 37 9 ffffffffffffffff 0 0
TRACE 754 READ_ISSUE 37 0 0 37 10 ffffffffffffffff 0 0
TRACE 755 READ_ISSUE 37 0 0 37 11 ffffffffffffffff 0 0
TRACE 756 READ_ISSUE 37 0 0 37 12 ffffffffffffffff 0 0
TRACE 758 READ_ISSUE 37 0 0 37 13 ffffffffffffffff 0 0
TRACE 759 READ_ISSUE 37 0 0 37 14 ffffffffffffffff 0 0
TRACE 760 READ_ISSUE 37 0 0 37 15 ffffffffffffffff 0 0
TRACE 760 BLOCK_RELEASE 37 0 0 37 15 ffffffffffffffff 0 0
TRACE 761 READ_ISSUE 38 0 0 38 0 ffffffffffffffff 0 0
TRACE 762 LOAD_ACCEPT 39 0 0 0 0 0 0 0
TRACE 763 READ_ISSUE 38 0 0 38 1 ffffffffffffffff 0 0
TRACE 764 READ_ISSUE 38 0 0 38 2 ffffffffffffffff 0 0
TRACE 765 READ_ISSUE 38 0 0 38 3 ffffffffffffffff 0 0
TRACE 766 READ_ISSUE 38 0 0 38 4 ffffffffffffffff 0 0
TRACE 768 READ_ISSUE 38 0 0 38 5 ffffffffffffffff 0 0
TRACE 769 READ_ISSUE 38 0 0 38 6 ffffffffffffffff 0 0
TRACE 770 READ_ISSUE 38 0 0 38 7 ffffffffffffffff 0 0
TRACE 771 READ_ISSUE 38 0 0 38 8 ffffffffffffffff 0 0
TRACE 773 READ_ISSUE 38 0 0 38 9 ffffffffffffffff 0 0
TRACE 774 READ_ISSUE 38 0 0 38 10 ffffffffffffffff 0 0
TRACE 775 READ_ISSUE 38 0 0 38 11 ffffffffffffffff 0 0
TRACE 776 READ_ISSUE 38 0 0 38 12 ffffffffffffffff 0 0
TRACE 778 READ_ISSUE 38 0 0 38 13 ffffffffffffffff 0 0
TRACE 779 READ_ISSUE 38 0 0 38 14 ffffffffffffffff 0 0
TRACE 780 READ_ISSUE 38 0 0 38 15 ffffffffffffffff 0 0
TRACE 780 BLOCK_RELEASE 38 0 0 38 15 ffffffffffffffff 0 0
TRACE 781 READ_ISSUE 39 0 0 39 0 ffffffffffffffff 0 0
TRACE 782 LOAD_ACCEPT 40 0 0 0 0 0 0 0
TRACE 783 READ_ISSUE 39 0 0 39 1 ffffffffffffffff 0 0
TRACE 784 READ_ISSUE 39 0 0 39 2 ffffffffffffffff 0 0
TRACE 785 READ_ISSUE 39 0 0 39 3 ffffffffffffffff 0 0
TRACE 786 READ_ISSUE 39 0 0 39 4 ffffffffffffffff 0 0
TRACE 788 READ_ISSUE 39 0 0 39 5 ffffffffffffffff 0 0
TRACE 789 READ_ISSUE 39 0 0 39 6 ffffffffffffffff 0 0
TRACE 790 READ_ISSUE 39 0 0 39 7 ffffffffffffffff 0 0
TRACE 791 READ_ISSUE 39 0 0 39 8 ffffffffffffffff 0 0
TRACE 793 READ_ISSUE 39 0 0 39 9 ffffffffffffffff 0 0
TRACE 794 READ_ISSUE 39 0 0 39 10 ffffffffffffffff 0 0
TRACE 795 READ_ISSUE 39 0 0 39 11 ffffffffffffffff 0 0
TRACE 796 READ_ISSUE 39 0 0 39 12 ffffffffffffffff 0 0
TRACE 798 READ_ISSUE 39 0 0 39 13 ffffffffffffffff 0 0
TRACE 799 READ_ISSUE 39 0 0 39 14 ffffffffffffffff 0 0
TRACE 800 READ_ISSUE 39 0 0 39 15 ffffffffffffffff 0 0
TRACE 800 BLOCK_RELEASE 39 0 0 39 15 ffffffffffffffff 0 0
TRACE 801 READ_ISSUE 40 0 0 40 0 ffffffffffffffff 0 0
TRACE 802 LOAD_ACCEPT 41 0 0 0 0 0 0 0
TRACE 803 READ_ISSUE 40 0 0 40 1 ffffffffffffffff 0 0
TRACE 804 READ_ISSUE 40 0 0 40 2 ffffffffffffffff 0 0
TRACE 805 READ_ISSUE 40 0 0 40 3 ffffffffffffffff 0 0
TRACE 806 READ_ISSUE 40 0 0 40 4 ffffffffffffffff 0 0
TRACE 808 READ_ISSUE 40 0 0 40 5 ffffffffffffffff 0 0
TRACE 809 READ_ISSUE 40 0 0 40 6 ffffffffffffffff 0 0
TRACE 810 READ_ISSUE 40 0 0 40 7 ffffffffffffffff 0 0
TRACE 811 READ_ISSUE 40 0 0 40 8 ffffffffffffffff 0 0
TRACE 813 READ_ISSUE 40 0 0 40 9 ffffffffffffffff 0 0
TRACE 814 READ_ISSUE 40 0 0 40 10 ffffffffffffffff 0 0
TRACE 815 READ_ISSUE 40 0 0 40 11 ffffffffffffffff 0 0
TRACE 816 READ_ISSUE 40 0 0 40 12 ffffffffffffffff 0 0
TRACE 818 READ_ISSUE 40 0 0 40 13 ffffffffffffffff 0 0
TRACE 819 READ_ISSUE 40 0 0 40 14 ffffffffffffffff 0 0
TRACE 820 READ_ISSUE 40 0 0 40 15 ffffffffffffffff 0 0
TRACE 820 BLOCK_RELEASE 40 0 0 40 15 ffffffffffffffff 0 0
TRACE 821 READ_ISSUE 41 0 0 41 0 ffffffffffffffff 0 0
TRACE 822 LOAD_ACCEPT 42 0 0 0 0 0 0 0
TRACE 823 READ_ISSUE 41 0 0 41 1 ffffffffffffffff 0 0
TRACE 824 READ_ISSUE 41 0 0 41 2 ffffffffffffffff 0 0
TRACE 825 READ_ISSUE 41 0 0 41 3 ffffffffffffffff 0 0
TRACE 826 READ_ISSUE 41 0 0 41 4 ffffffffffffffff 0 0
TRACE 828 READ_ISSUE 41 0 0 41 5 ffffffffffffffff 0 0
TRACE 829 READ_ISSUE 41 0 0 41 6 ffffffffffffffff 0 0
TRACE 830 READ_ISSUE 41 0 0 41 7 ffffffffffffffff 0 0
TRACE 831 READ_ISSUE 41 0 0 41 8 ffffffffffffffff 0 0
TRACE 833 READ_ISSUE 41 0 0 41 9 ffffffffffffffff 0 0
TRACE 834 READ_ISSUE 41 0 0 41 10 ffffffffffffffff 0 0
TRACE 835 READ_ISSUE 41 0 0 41 11 ffffffffffffffff 0 0
TRACE 836 READ_ISSUE 41 0 0 41 12 ffffffffffffffff 0 0
TRACE 838 READ_ISSUE 41 0 0 41 13 ffffffffffffffff 0 0
TRACE 839 READ_ISSUE 41 0 0 41 14 ffffffffffffffff 0 0
TRACE 840 READ_ISSUE 41 0 0 41 15 ffffffffffffffff 0 0
TRACE 840 BLOCK_RELEASE 41 0 0 41 15 ffffffffffffffff 0 0
TRACE 841 READ_ISSUE 42 0 0 42 0 ffffffffffffffff 0 0
TRACE 842 LOAD_ACCEPT 43 0 0 0 0 0 0 0
TRACE 843 READ_ISSUE 42 0 0 42 1 ffffffffffffffff 0 0
TRACE 844 READ_ISSUE 42 0 0 42 2 ffffffffffffffff 0 0
TRACE 845 READ_ISSUE 42 0 0 42 3 ffffffffffffffff 0 0
TRACE 846 READ_ISSUE 42 0 0 42 4 ffffffffffffffff 0 0
TRACE 848 READ_ISSUE 42 0 0 42 5 ffffffffffffffff 0 0
TRACE 849 READ_ISSUE 42 0 0 42 6 ffffffffffffffff 0 0
TRACE 850 READ_ISSUE 42 0 0 42 7 ffffffffffffffff 0 0
TRACE 851 READ_ISSUE 42 0 0 42 8 ffffffffffffffff 0 0
TRACE 853 READ_ISSUE 42 0 0 42 9 ffffffffffffffff 0 0
TRACE 854 READ_ISSUE 42 0 0 42 10 ffffffffffffffff 0 0
TRACE 855 READ_ISSUE 42 0 0 42 11 ffffffffffffffff 0 0
TRACE 856 READ_ISSUE 42 0 0 42 12 ffffffffffffffff 0 0
TRACE 858 READ_ISSUE 42 0 0 42 13 ffffffffffffffff 0 0
TRACE 859 READ_ISSUE 42 0 0 42 14 ffffffffffffffff 0 0
TRACE 860 READ_ISSUE 42 0 0 42 15 ffffffffffffffff 0 0
TRACE 860 BLOCK_RELEASE 42 0 0 42 15 ffffffffffffffff 0 0
TRACE 861 READ_ISSUE 43 0 0 43 0 ffffffffffffffff 0 0
TRACE 862 LOAD_ACCEPT 44 0 0 0 0 0 0 0
TRACE 863 READ_ISSUE 43 0 0 43 1 ffffffffffffffff 0 0
TRACE 864 READ_ISSUE 43 0 0 43 2 ffffffffffffffff 0 0
TRACE 865 READ_ISSUE 43 0 0 43 3 ffffffffffffffff 0 0
TRACE 866 READ_ISSUE 43 0 0 43 4 ffffffffffffffff 0 0
TRACE 868 READ_ISSUE 43 0 0 43 5 ffffffffffffffff 0 0
TRACE 869 READ_ISSUE 43 0 0 43 6 ffffffffffffffff 0 0
TRACE 870 READ_ISSUE 43 0 0 43 7 ffffffffffffffff 0 0
TRACE 871 READ_ISSUE 43 0 0 43 8 ffffffffffffffff 0 0
TRACE 873 READ_ISSUE 43 0 0 43 9 ffffffffffffffff 0 0
TRACE 874 READ_ISSUE 43 0 0 43 10 ffffffffffffffff 0 0
TRACE 875 READ_ISSUE 43 0 0 43 11 ffffffffffffffff 0 0
TRACE 876 READ_ISSUE 43 0 0 43 12 ffffffffffffffff 0 0
TRACE 878 READ_ISSUE 43 0 0 43 13 ffffffffffffffff 0 0
TRACE 879 READ_ISSUE 43 0 0 43 14 ffffffffffffffff 0 0
TRACE 880 READ_ISSUE 43 0 0 43 15 ffffffffffffffff 0 0
TRACE 880 BLOCK_RELEASE 43 0 0 43 15 ffffffffffffffff 0 0
TRACE 881 READ_ISSUE 44 0 0 44 0 ffffffffffffffff 0 0
TRACE 882 LOAD_ACCEPT 45 0 0 0 0 0 0 0
TRACE 883 READ_ISSUE 44 0 0 44 1 ffffffffffffffff 0 0
TRACE 884 READ_ISSUE 44 0 0 44 2 ffffffffffffffff 0 0
TRACE 885 READ_ISSUE 44 0 0 44 3 ffffffffffffffff 0 0
TRACE 886 READ_ISSUE 44 0 0 44 4 ffffffffffffffff 0 0
TRACE 888 READ_ISSUE 44 0 0 44 5 ffffffffffffffff 0 0
TRACE 889 READ_ISSUE 44 0 0 44 6 ffffffffffffffff 0 0
TRACE 890 READ_ISSUE 44 0 0 44 7 ffffffffffffffff 0 0
TRACE 891 READ_ISSUE 44 0 0 44 8 ffffffffffffffff 0 0
TRACE 893 READ_ISSUE 44 0 0 44 9 ffffffffffffffff 0 0
TRACE 894 READ_ISSUE 44 0 0 44 10 ffffffffffffffff 0 0
TRACE 895 READ_ISSUE 44 0 0 44 11 ffffffffffffffff 0 0
TRACE 896 READ_ISSUE 44 0 0 44 12 ffffffffffffffff 0 0
TRACE 898 READ_ISSUE 44 0 0 44 13 ffffffffffffffff 0 0
TRACE 899 READ_ISSUE 44 0 0 44 14 ffffffffffffffff 0 0
TRACE 900 READ_ISSUE 44 0 0 44 15 ffffffffffffffff 0 0
TRACE 900 BLOCK_RELEASE 44 0 0 44 15 ffffffffffffffff 0 0
TRACE 901 READ_ISSUE 45 0 0 45 0 ffffffffffffffff 0 0
TRACE 902 LOAD_ACCEPT 46 0 0 0 0 0 0 0
TRACE 903 READ_ISSUE 45 0 0 45 1 ffffffffffffffff 0 0
TRACE 904 READ_ISSUE 45 0 0 45 2 ffffffffffffffff 0 0
TRACE 905 READ_ISSUE 45 0 0 45 3 ffffffffffffffff 0 0
TRACE 906 READ_ISSUE 45 0 0 45 4 ffffffffffffffff 0 0
TRACE 908 READ_ISSUE 45 0 0 45 5 ffffffffffffffff 0 0
TRACE 909 READ_ISSUE 45 0 0 45 6 ffffffffffffffff 0 0
TRACE 910 READ_ISSUE 45 0 0 45 7 ffffffffffffffff 0 0
TRACE 911 READ_ISSUE 45 0 0 45 8 ffffffffffffffff 0 0
TRACE 913 READ_ISSUE 45 0 0 45 9 ffffffffffffffff 0 0
TRACE 914 READ_ISSUE 45 0 0 45 10 ffffffffffffffff 0 0
TRACE 915 READ_ISSUE 45 0 0 45 11 ffffffffffffffff 0 0
TRACE 916 READ_ISSUE 45 0 0 45 12 ffffffffffffffff 0 0
TRACE 918 READ_ISSUE 45 0 0 45 13 ffffffffffffffff 0 0
TRACE 919 READ_ISSUE 45 0 0 45 14 ffffffffffffffff 0 0
TRACE 920 READ_ISSUE 45 0 0 45 15 ffffffffffffffff 0 0
TRACE 920 BLOCK_RELEASE 45 0 0 45 15 ffffffffffffffff 0 0
TRACE 921 READ_ISSUE 46 0 0 46 0 ffffffffffffffff 0 0
TRACE 922 LOAD_ACCEPT 47 0 0 0 0 0 0 0
TRACE 923 READ_ISSUE 46 0 0 46 1 ffffffffffffffff 0 0
TRACE 924 READ_ISSUE 46 0 0 46 2 ffffffffffffffff 0 0
TRACE 925 READ_ISSUE 46 0 0 46 3 ffffffffffffffff 0 0
TRACE 926 READ_ISSUE 46 0 0 46 4 ffffffffffffffff 0 0
TRACE 928 READ_ISSUE 46 0 0 46 5 ffffffffffffffff 0 0
TRACE 929 READ_ISSUE 46 0 0 46 6 ffffffffffffffff 0 0
TRACE 930 READ_ISSUE 46 0 0 46 7 ffffffffffffffff 0 0
TRACE 931 READ_ISSUE 46 0 0 46 8 ffffffffffffffff 0 0
TRACE 933 READ_ISSUE 46 0 0 46 9 ffffffffffffffff 0 0
TRACE 934 READ_ISSUE 46 0 0 46 10 ffffffffffffffff 0 0
TRACE 935 READ_ISSUE 46 0 0 46 11 ffffffffffffffff 0 0
TRACE 936 READ_ISSUE 46 0 0 46 12 ffffffffffffffff 0 0
TRACE 938 READ_ISSUE 46 0 0 46 13 ffffffffffffffff 0 0
TRACE 939 READ_ISSUE 46 0 0 46 14 ffffffffffffffff 0 0
TRACE 940 READ_ISSUE 46 0 0 46 15 ffffffffffffffff 0 0
TRACE 940 BLOCK_RELEASE 46 0 0 46 15 ffffffffffffffff 0 0
TRACE 941 READ_ISSUE 47 0 0 47 0 ffffffffffffffff 0 0
TRACE 942 LOAD_ACCEPT 48 0 0 0 0 0 0 0
TRACE 943 READ_ISSUE 47 0 0 47 1 ffffffffffffffff 0 0
TRACE 944 READ_ISSUE 47 0 0 47 2 ffffffffffffffff 0 0
TRACE 945 READ_ISSUE 47 0 0 47 3 ffffffffffffffff 0 0
TRACE 946 READ_ISSUE 47 0 0 47 4 ffffffffffffffff 0 0
TRACE 948 READ_ISSUE 47 0 0 47 5 ffffffffffffffff 0 0
TRACE 949 READ_ISSUE 47 0 0 47 6 ffffffffffffffff 0 0
TRACE 950 READ_ISSUE 47 0 0 47 7 ffffffffffffffff 0 0
TRACE 951 READ_ISSUE 47 0 0 47 8 ffffffffffffffff 0 0
TRACE 953 READ_ISSUE 47 0 0 47 9 ffffffffffffffff 0 0
TRACE 954 READ_ISSUE 47 0 0 47 10 ffffffffffffffff 0 0
TRACE 955 READ_ISSUE 47 0 0 47 11 ffffffffffffffff 0 0
TRACE 956 READ_ISSUE 47 0 0 47 12 ffffffffffffffff 0 0
TRACE 958 READ_ISSUE 47 0 0 47 13 ffffffffffffffff 0 0
TRACE 959 READ_ISSUE 47 0 0 47 14 ffffffffffffffff 0 0
TRACE 960 READ_ISSUE 47 0 0 47 15 ffffffffffffffff 0 0
TRACE 960 BLOCK_RELEASE 47 0 0 47 15 ffffffffffffffff 0 0
TRACE 961 READ_ISSUE 48 0 0 48 0 ffffffffffffffff 0 0
TRACE 962 LOAD_ACCEPT 49 0 0 0 0 0 0 0
TRACE 963 READ_ISSUE 48 0 0 48 1 ffffffffffffffff 0 0
TRACE 964 READ_ISSUE 48 0 0 48 2 ffffffffffffffff 0 0
TRACE 965 READ_ISSUE 48 0 0 48 3 ffffffffffffffff 0 0
TRACE 966 READ_ISSUE 48 0 0 48 4 ffffffffffffffff 0 0
TRACE 968 READ_ISSUE 48 0 0 48 5 ffffffffffffffff 0 0
TRACE 969 READ_ISSUE 48 0 0 48 6 ffffffffffffffff 0 0
TRACE 970 READ_ISSUE 48 0 0 48 7 ffffffffffffffff 0 0
TRACE 971 READ_ISSUE 48 0 0 48 8 ffffffffffffffff 0 0
TRACE 973 READ_ISSUE 48 0 0 48 9 ffffffffffffffff 0 0
TRACE 974 READ_ISSUE 48 0 0 48 10 ffffffffffffffff 0 0
TRACE 975 READ_ISSUE 48 0 0 48 11 ffffffffffffffff 0 0
TRACE 976 READ_ISSUE 48 0 0 48 12 ffffffffffffffff 0 0
TRACE 978 READ_ISSUE 48 0 0 48 13 ffffffffffffffff 0 0
TRACE 979 READ_ISSUE 48 0 0 48 14 ffffffffffffffff 0 0
TRACE 980 READ_ISSUE 48 0 0 48 15 ffffffffffffffff 0 0
TRACE 980 BLOCK_RELEASE 48 0 0 48 15 ffffffffffffffff 0 0
TRACE 981 READ_ISSUE 49 0 0 49 0 ffffffffffffffff 0 0
TRACE 982 LOAD_ACCEPT 50 0 0 0 0 0 0 0
TRACE 983 READ_ISSUE 49 0 0 49 1 ffffffffffffffff 0 0
TRACE 984 READ_ISSUE 49 0 0 49 2 ffffffffffffffff 0 0
TRACE 985 READ_ISSUE 49 0 0 49 3 ffffffffffffffff 0 0
TRACE 986 READ_ISSUE 49 0 0 49 4 ffffffffffffffff 0 0
TRACE 988 READ_ISSUE 49 0 0 49 5 ffffffffffffffff 0 0
TRACE 989 READ_ISSUE 49 0 0 49 6 ffffffffffffffff 0 0
TRACE 990 READ_ISSUE 49 0 0 49 7 ffffffffffffffff 0 0
TRACE 991 READ_ISSUE 49 0 0 49 8 ffffffffffffffff 0 0
TRACE 993 READ_ISSUE 49 0 0 49 9 ffffffffffffffff 0 0
TRACE 994 READ_ISSUE 49 0 0 49 10 ffffffffffffffff 0 0
TRACE 995 READ_ISSUE 49 0 0 49 11 ffffffffffffffff 0 0
TRACE 996 READ_ISSUE 49 0 0 49 12 ffffffffffffffff 0 0
TRACE 998 READ_ISSUE 49 0 0 49 13 ffffffffffffffff 0 0
TRACE 999 READ_ISSUE 49 0 0 49 14 ffffffffffffffff 0 0
TRACE 1000 READ_ISSUE 49 0 0 49 15 ffffffffffffffff 0 0
TRACE 1000 BLOCK_RELEASE 49 0 0 49 15 ffffffffffffffff 0 0
TRACE 1001 READ_ISSUE 50 0 0 50 0 ffffffffffffffff 0 0
TRACE 1002 LOAD_ACCEPT 51 0 0 0 0 0 0 0
TRACE 1003 READ_ISSUE 50 0 0 50 1 ffffffffffffffff 0 0
TRACE 1004 READ_ISSUE 50 0 0 50 2 ffffffffffffffff 0 0
TRACE 1005 READ_ISSUE 50 0 0 50 3 ffffffffffffffff 0 0
TRACE 1006 READ_ISSUE 50 0 0 50 4 ffffffffffffffff 0 0
TRACE 1008 READ_ISSUE 50 0 0 50 5 ffffffffffffffff 0 0
TRACE 1009 READ_ISSUE 50 0 0 50 6 ffffffffffffffff 0 0
TRACE 1010 READ_ISSUE 50 0 0 50 7 ffffffffffffffff 0 0
TRACE 1011 READ_ISSUE 50 0 0 50 8 ffffffffffffffff 0 0
TRACE 1013 READ_ISSUE 50 0 0 50 9 ffffffffffffffff 0 0
TRACE 1014 READ_ISSUE 50 0 0 50 10 ffffffffffffffff 0 0
TRACE 1015 READ_ISSUE 50 0 0 50 11 ffffffffffffffff 0 0
TRACE 1016 READ_ISSUE 50 0 0 50 12 ffffffffffffffff 0 0
TRACE 1018 READ_ISSUE 50 0 0 50 13 ffffffffffffffff 0 0
TRACE 1019 READ_ISSUE 50 0 0 50 14 ffffffffffffffff 0 0
TRACE 1020 READ_ISSUE 50 0 0 50 15 ffffffffffffffff 0 0
TRACE 1020 BLOCK_RELEASE 50 0 0 50 15 ffffffffffffffff 0 0
TRACE 1021 READ_ISSUE 51 0 0 51 0 ffffffffffffffff 0 0
TRACE 1022 LOAD_ACCEPT 52 0 0 0 0 0 0 0
TRACE 1023 READ_ISSUE 51 0 0 51 1 ffffffffffffffff 0 0
TRACE 1024 READ_ISSUE 51 0 0 51 2 ffffffffffffffff 0 0
TRACE 1025 READ_ISSUE 51 0 0 51 3 ffffffffffffffff 0 0
TRACE 1026 READ_ISSUE 51 0 0 51 4 ffffffffffffffff 0 0
TRACE 1028 READ_ISSUE 51 0 0 51 5 ffffffffffffffff 0 0
TRACE 1029 READ_ISSUE 51 0 0 51 6 ffffffffffffffff 0 0
TRACE 1030 READ_ISSUE 51 0 0 51 7 ffffffffffffffff 0 0
TRACE 1031 READ_ISSUE 51 0 0 51 8 ffffffffffffffff 0 0
TRACE 1033 READ_ISSUE 51 0 0 51 9 ffffffffffffffff 0 0
TRACE 1034 READ_ISSUE 51 0 0 51 10 ffffffffffffffff 0 0
TRACE 1035 READ_ISSUE 51 0 0 51 11 ffffffffffffffff 0 0
TRACE 1036 READ_ISSUE 51 0 0 51 12 ffffffffffffffff 0 0
TRACE 1038 READ_ISSUE 51 0 0 51 13 ffffffffffffffff 0 0
TRACE 1039 READ_ISSUE 51 0 0 51 14 ffffffffffffffff 0 0
TRACE 1040 READ_ISSUE 51 0 0 51 15 ffffffffffffffff 0 0
TRACE 1040 BLOCK_RELEASE 51 0 0 51 15 ffffffffffffffff 0 0
TRACE 1041 READ_ISSUE 52 0 0 52 0 ffffffffffffffff 0 0
TRACE 1042 LOAD_ACCEPT 53 0 0 0 0 0 0 0
TRACE 1043 READ_ISSUE 52 0 0 52 1 ffffffffffffffff 0 0
TRACE 1044 READ_ISSUE 52 0 0 52 2 ffffffffffffffff 0 0
TRACE 1045 READ_ISSUE 52 0 0 52 3 ffffffffffffffff 0 0
TRACE 1046 READ_ISSUE 52 0 0 52 4 ffffffffffffffff 0 0
TRACE 1048 READ_ISSUE 52 0 0 52 5 ffffffffffffffff 0 0
TRACE 1049 READ_ISSUE 52 0 0 52 6 ffffffffffffffff 0 0
TRACE 1050 READ_ISSUE 52 0 0 52 7 ffffffffffffffff 0 0
TRACE 1051 READ_ISSUE 52 0 0 52 8 ffffffffffffffff 0 0
TRACE 1053 READ_ISSUE 52 0 0 52 9 ffffffffffffffff 0 0
TRACE 1054 READ_ISSUE 52 0 0 52 10 ffffffffffffffff 0 0
TRACE 1055 READ_ISSUE 52 0 0 52 11 ffffffffffffffff 0 0
TRACE 1056 READ_ISSUE 52 0 0 52 12 ffffffffffffffff 0 0
TRACE 1058 READ_ISSUE 52 0 0 52 13 ffffffffffffffff 0 0
TRACE 1059 READ_ISSUE 52 0 0 52 14 ffffffffffffffff 0 0
TRACE 1060 READ_ISSUE 52 0 0 52 15 ffffffffffffffff 0 0
TRACE 1060 BLOCK_RELEASE 52 0 0 52 15 ffffffffffffffff 0 0
TRACE 1061 READ_ISSUE 53 0 0 53 0 ffffffffffffffff 0 0
TRACE 1062 LOAD_ACCEPT 54 0 0 0 0 0 0 0
TRACE 1063 READ_ISSUE 53 0 0 53 1 ffffffffffffffff 0 0
TRACE 1064 READ_ISSUE 53 0 0 53 2 ffffffffffffffff 0 0
TRACE 1065 READ_ISSUE 53 0 0 53 3 ffffffffffffffff 0 0
TRACE 1066 READ_ISSUE 53 0 0 53 4 ffffffffffffffff 0 0
TRACE 1068 READ_ISSUE 53 0 0 53 5 ffffffffffffffff 0 0
TRACE 1069 READ_ISSUE 53 0 0 53 6 ffffffffffffffff 0 0
TRACE 1070 READ_ISSUE 53 0 0 53 7 ffffffffffffffff 0 0
TRACE 1071 READ_ISSUE 53 0 0 53 8 ffffffffffffffff 0 0
TRACE 1073 READ_ISSUE 53 0 0 53 9 ffffffffffffffff 0 0
TRACE 1074 READ_ISSUE 53 0 0 53 10 ffffffffffffffff 0 0
TRACE 1075 READ_ISSUE 53 0 0 53 11 ffffffffffffffff 0 0
TRACE 1076 READ_ISSUE 53 0 0 53 12 ffffffffffffffff 0 0
TRACE 1078 READ_ISSUE 53 0 0 53 13 ffffffffffffffff 0 0
TRACE 1079 READ_ISSUE 53 0 0 53 14 ffffffffffffffff 0 0
TRACE 1080 READ_ISSUE 53 0 0 53 15 ffffffffffffffff 0 0
TRACE 1080 BLOCK_RELEASE 53 0 0 53 15 ffffffffffffffff 0 0
TRACE 1081 READ_ISSUE 54 0 0 54 0 ffffffffffffffff 0 0
TRACE 1082 LOAD_ACCEPT 55 0 0 0 0 0 0 0
TRACE 1083 READ_ISSUE 54 0 0 54 1 ffffffffffffffff 0 0
TRACE 1084 READ_ISSUE 54 0 0 54 2 ffffffffffffffff 0 0
TRACE 1085 READ_ISSUE 54 0 0 54 3 ffffffffffffffff 0 0
TRACE 1086 READ_ISSUE 54 0 0 54 4 ffffffffffffffff 0 0
TRACE 1088 READ_ISSUE 54 0 0 54 5 ffffffffffffffff 0 0
TRACE 1089 READ_ISSUE 54 0 0 54 6 ffffffffffffffff 0 0
TRACE 1090 READ_ISSUE 54 0 0 54 7 ffffffffffffffff 0 0
TRACE 1091 READ_ISSUE 54 0 0 54 8 ffffffffffffffff 0 0
TRACE 1093 READ_ISSUE 54 0 0 54 9 ffffffffffffffff 0 0
TRACE 1094 READ_ISSUE 54 0 0 54 10 ffffffffffffffff 0 0
TRACE 1095 READ_ISSUE 54 0 0 54 11 ffffffffffffffff 0 0
TRACE 1096 READ_ISSUE 54 0 0 54 12 ffffffffffffffff 0 0
TRACE 1098 READ_ISSUE 54 0 0 54 13 ffffffffffffffff 0 0
TRACE 1099 READ_ISSUE 54 0 0 54 14 ffffffffffffffff 0 0
TRACE 1100 READ_ISSUE 54 0 0 54 15 ffffffffffffffff 0 0
TRACE 1100 BLOCK_RELEASE 54 0 0 54 15 ffffffffffffffff 0 0
TRACE 1101 READ_ISSUE 55 0 0 55 0 ffffffffffffffff 0 0
TRACE 1102 LOAD_ACCEPT 56 0 0 0 0 0 0 0
TRACE 1103 READ_ISSUE 55 0 0 55 1 ffffffffffffffff 0 0
TRACE 1104 READ_ISSUE 55 0 0 55 2 ffffffffffffffff 0 0
TRACE 1105 READ_ISSUE 55 0 0 55 3 ffffffffffffffff 0 0
TRACE 1106 READ_ISSUE 55 0 0 55 4 ffffffffffffffff 0 0
TRACE 1108 READ_ISSUE 55 0 0 55 5 ffffffffffffffff 0 0
TRACE 1109 READ_ISSUE 55 0 0 55 6 ffffffffffffffff 0 0
TRACE 1110 READ_ISSUE 55 0 0 55 7 ffffffffffffffff 0 0
TRACE 1111 READ_ISSUE 55 0 0 55 8 ffffffffffffffff 0 0
TRACE 1113 READ_ISSUE 55 0 0 55 9 ffffffffffffffff 0 0
TRACE 1114 READ_ISSUE 55 0 0 55 10 ffffffffffffffff 0 0
TRACE 1115 READ_ISSUE 55 0 0 55 11 ffffffffffffffff 0 0
TRACE 1116 READ_ISSUE 55 0 0 55 12 ffffffffffffffff 0 0
TRACE 1118 READ_ISSUE 55 0 0 55 13 ffffffffffffffff 0 0
TRACE 1119 READ_ISSUE 55 0 0 55 14 ffffffffffffffff 0 0
TRACE 1120 READ_ISSUE 55 0 0 55 15 ffffffffffffffff 0 0
TRACE 1120 BLOCK_RELEASE 55 0 0 55 15 ffffffffffffffff 0 0
TRACE 1121 READ_ISSUE 56 0 0 56 0 ffffffffffffffff 0 0
TRACE 1122 LOAD_ACCEPT 57 0 0 0 0 0 0 0
TRACE 1123 READ_ISSUE 56 0 0 56 1 ffffffffffffffff 0 0
TRACE 1124 READ_ISSUE 56 0 0 56 2 ffffffffffffffff 0 0
TRACE 1125 READ_ISSUE 56 0 0 56 3 ffffffffffffffff 0 0
TRACE 1126 READ_ISSUE 56 0 0 56 4 ffffffffffffffff 0 0
TRACE 1128 READ_ISSUE 56 0 0 56 5 ffffffffffffffff 0 0
TRACE 1129 READ_ISSUE 56 0 0 56 6 ffffffffffffffff 0 0
TRACE 1130 READ_ISSUE 56 0 0 56 7 ffffffffffffffff 0 0
TRACE 1131 READ_ISSUE 56 0 0 56 8 ffffffffffffffff 0 0
TRACE 1133 READ_ISSUE 56 0 0 56 9 ffffffffffffffff 0 0
TRACE 1134 READ_ISSUE 56 0 0 56 10 ffffffffffffffff 0 0
TRACE 1135 READ_ISSUE 56 0 0 56 11 ffffffffffffffff 0 0
TRACE 1136 READ_ISSUE 56 0 0 56 12 ffffffffffffffff 0 0
TRACE 1138 READ_ISSUE 56 0 0 56 13 ffffffffffffffff 0 0
TRACE 1139 READ_ISSUE 56 0 0 56 14 ffffffffffffffff 0 0
TRACE 1140 READ_ISSUE 56 0 0 56 15 ffffffffffffffff 0 0
TRACE 1140 BLOCK_RELEASE 56 0 0 56 15 ffffffffffffffff 0 0
TRACE 1141 READ_ISSUE 57 0 0 57 0 ffffffffffffffff 0 0
TRACE 1142 LOAD_ACCEPT 58 0 0 0 0 0 0 0
TRACE 1143 READ_ISSUE 57 0 0 57 1 ffffffffffffffff 0 0
TRACE 1144 READ_ISSUE 57 0 0 57 2 ffffffffffffffff 0 0
TRACE 1145 READ_ISSUE 57 0 0 57 3 ffffffffffffffff 0 0
TRACE 1146 READ_ISSUE 57 0 0 57 4 ffffffffffffffff 0 0
TRACE 1148 READ_ISSUE 57 0 0 57 5 ffffffffffffffff 0 0
TRACE 1149 READ_ISSUE 57 0 0 57 6 ffffffffffffffff 0 0
TRACE 1150 READ_ISSUE 57 0 0 57 7 ffffffffffffffff 0 0
TRACE 1151 READ_ISSUE 57 0 0 57 8 ffffffffffffffff 0 0
TRACE 1153 READ_ISSUE 57 0 0 57 9 ffffffffffffffff 0 0
TRACE 1154 READ_ISSUE 57 0 0 57 10 ffffffffffffffff 0 0
TRACE 1155 READ_ISSUE 57 0 0 57 11 ffffffffffffffff 0 0
TRACE 1156 READ_ISSUE 57 0 0 57 12 ffffffffffffffff 0 0
TRACE 1158 READ_ISSUE 57 0 0 57 13 ffffffffffffffff 0 0
TRACE 1159 READ_ISSUE 57 0 0 57 14 ffffffffffffffff 0 0
TRACE 1160 READ_ISSUE 57 0 0 57 15 ffffffffffffffff 0 0
TRACE 1160 BLOCK_RELEASE 57 0 0 57 15 ffffffffffffffff 0 0
TRACE 1161 READ_ISSUE 58 0 0 58 0 ffffffffffffffff 0 0
TRACE 1162 LOAD_ACCEPT 59 0 0 0 0 0 0 0
TRACE 1163 READ_ISSUE 58 0 0 58 1 ffffffffffffffff 0 0
TRACE 1164 READ_ISSUE 58 0 0 58 2 ffffffffffffffff 0 0
TRACE 1165 READ_ISSUE 58 0 0 58 3 ffffffffffffffff 0 0
TRACE 1166 READ_ISSUE 58 0 0 58 4 ffffffffffffffff 0 0
TRACE 1168 READ_ISSUE 58 0 0 58 5 ffffffffffffffff 0 0
TRACE 1169 READ_ISSUE 58 0 0 58 6 ffffffffffffffff 0 0
TRACE 1170 READ_ISSUE 58 0 0 58 7 ffffffffffffffff 0 0
TRACE 1171 READ_ISSUE 58 0 0 58 8 ffffffffffffffff 0 0
TRACE 1173 READ_ISSUE 58 0 0 58 9 ffffffffffffffff 0 0
TRACE 1174 READ_ISSUE 58 0 0 58 10 ffffffffffffffff 0 0
TRACE 1175 READ_ISSUE 58 0 0 58 11 ffffffffffffffff 0 0
TRACE 1176 READ_ISSUE 58 0 0 58 12 ffffffffffffffff 0 0
TRACE 1178 READ_ISSUE 58 0 0 58 13 ffffffffffffffff 0 0
TRACE 1179 READ_ISSUE 58 0 0 58 14 ffffffffffffffff 0 0
TRACE 1180 READ_ISSUE 58 0 0 58 15 ffffffffffffffff 0 0
TRACE 1180 BLOCK_RELEASE 58 0 0 58 15 ffffffffffffffff 0 0
TRACE 1181 READ_ISSUE 59 0 0 59 0 ffffffffffffffff 0 0
TRACE 1182 LOAD_ACCEPT 60 0 0 0 0 0 0 0
TRACE 1183 READ_ISSUE 59 0 0 59 1 ffffffffffffffff 0 0
TRACE 1184 READ_ISSUE 59 0 0 59 2 ffffffffffffffff 0 0
TRACE 1185 READ_ISSUE 59 0 0 59 3 ffffffffffffffff 0 0
TRACE 1186 READ_ISSUE 59 0 0 59 4 ffffffffffffffff 0 0
TRACE 1188 READ_ISSUE 59 0 0 59 5 ffffffffffffffff 0 0
TRACE 1189 READ_ISSUE 59 0 0 59 6 ffffffffffffffff 0 0
TRACE 1190 READ_ISSUE 59 0 0 59 7 ffffffffffffffff 0 0
TRACE 1191 READ_ISSUE 59 0 0 59 8 ffffffffffffffff 0 0
TRACE 1193 READ_ISSUE 59 0 0 59 9 ffffffffffffffff 0 0
TRACE 1194 READ_ISSUE 59 0 0 59 10 ffffffffffffffff 0 0
TRACE 1195 READ_ISSUE 59 0 0 59 11 ffffffffffffffff 0 0
TRACE 1196 READ_ISSUE 59 0 0 59 12 ffffffffffffffff 0 0
TRACE 1198 READ_ISSUE 59 0 0 59 13 ffffffffffffffff 0 0
TRACE 1199 READ_ISSUE 59 0 0 59 14 ffffffffffffffff 0 0
TRACE 1200 READ_ISSUE 59 0 0 59 15 ffffffffffffffff 0 0
TRACE 1200 BLOCK_RELEASE 59 0 0 59 15 ffffffffffffffff 0 0
TRACE 1201 READ_ISSUE 60 0 0 60 0 ffffffffffffffff 0 0
TRACE 1202 LOAD_ACCEPT 61 0 0 0 0 0 0 0
TRACE 1203 READ_ISSUE 60 0 0 60 1 ffffffffffffffff 0 0
TRACE 1204 READ_ISSUE 60 0 0 60 2 ffffffffffffffff 0 0
TRACE 1205 READ_ISSUE 60 0 0 60 3 ffffffffffffffff 0 0
TRACE 1206 READ_ISSUE 60 0 0 60 4 ffffffffffffffff 0 0
TRACE 1208 READ_ISSUE 60 0 0 60 5 ffffffffffffffff 0 0
TRACE 1209 READ_ISSUE 60 0 0 60 6 ffffffffffffffff 0 0
TRACE 1210 READ_ISSUE 60 0 0 60 7 ffffffffffffffff 0 0
TRACE 1211 READ_ISSUE 60 0 0 60 8 ffffffffffffffff 0 0
TRACE 1213 READ_ISSUE 60 0 0 60 9 ffffffffffffffff 0 0
TRACE 1214 READ_ISSUE 60 0 0 60 10 ffffffffffffffff 0 0
TRACE 1215 READ_ISSUE 60 0 0 60 11 ffffffffffffffff 0 0
TRACE 1216 READ_ISSUE 60 0 0 60 12 ffffffffffffffff 0 0
TRACE 1218 READ_ISSUE 60 0 0 60 13 ffffffffffffffff 0 0
TRACE 1219 READ_ISSUE 60 0 0 60 14 ffffffffffffffff 0 0
TRACE 1220 READ_ISSUE 60 0 0 60 15 ffffffffffffffff 0 0
TRACE 1220 BLOCK_RELEASE 60 0 0 60 15 ffffffffffffffff 0 0
TRACE 1221 READ_ISSUE 61 0 0 61 0 ffffffffffffffff 0 0
TRACE 1222 LOAD_ACCEPT 62 0 0 0 0 0 0 0
TRACE 1223 READ_ISSUE 61 0 0 61 1 ffffffffffffffff 0 0
TRACE 1224 READ_ISSUE 61 0 0 61 2 ffffffffffffffff 0 0
TRACE 1225 READ_ISSUE 61 0 0 61 3 ffffffffffffffff 0 0
TRACE 1226 READ_ISSUE 61 0 0 61 4 ffffffffffffffff 0 0
TRACE 1228 READ_ISSUE 61 0 0 61 5 ffffffffffffffff 0 0
TRACE 1229 READ_ISSUE 61 0 0 61 6 ffffffffffffffff 0 0
TRACE 1230 READ_ISSUE 61 0 0 61 7 ffffffffffffffff 0 0
TRACE 1231 READ_ISSUE 61 0 0 61 8 ffffffffffffffff 0 0
TRACE 1233 READ_ISSUE 61 0 0 61 9 ffffffffffffffff 0 0
TRACE 1234 READ_ISSUE 61 0 0 61 10 ffffffffffffffff 0 0
TRACE 1235 READ_ISSUE 61 0 0 61 11 ffffffffffffffff 0 0
TRACE 1236 READ_ISSUE 61 0 0 61 12 ffffffffffffffff 0 0
TRACE 1238 READ_ISSUE 61 0 0 61 13 ffffffffffffffff 0 0
TRACE 1239 READ_ISSUE 61 0 0 61 14 ffffffffffffffff 0 0
TRACE 1240 READ_ISSUE 61 0 0 61 15 ffffffffffffffff 0 0
TRACE 1240 BLOCK_RELEASE 61 0 0 61 15 ffffffffffffffff 0 0
TRACE 1241 READ_ISSUE 62 0 0 62 0 ffffffffffffffff 0 0
TRACE 1242 LOAD_ACCEPT 63 0 0 0 0 0 0 0
TRACE 1243 READ_ISSUE 62 0 0 62 1 ffffffffffffffff 0 0
TRACE 1244 READ_ISSUE 62 0 0 62 2 ffffffffffffffff 0 0
TRACE 1245 READ_ISSUE 62 0 0 62 3 ffffffffffffffff 0 0
TRACE 1246 READ_ISSUE 62 0 0 62 4 ffffffffffffffff 0 0
TRACE 1248 READ_ISSUE 62 0 0 62 5 ffffffffffffffff 0 0
TRACE 1249 READ_ISSUE 62 0 0 62 6 ffffffffffffffff 0 0
TRACE 1250 READ_ISSUE 62 0 0 62 7 ffffffffffffffff 0 0
TRACE 1251 READ_ISSUE 62 0 0 62 8 ffffffffffffffff 0 0
TRACE 1253 READ_ISSUE 62 0 0 62 9 ffffffffffffffff 0 0
TRACE 1254 READ_ISSUE 62 0 0 62 10 ffffffffffffffff 0 0
TRACE 1255 READ_ISSUE 62 0 0 62 11 ffffffffffffffff 0 0
TRACE 1256 READ_ISSUE 62 0 0 62 12 ffffffffffffffff 0 0
TRACE 1258 READ_ISSUE 62 0 0 62 13 ffffffffffffffff 0 0
TRACE 1259 READ_ISSUE 62 0 0 62 14 ffffffffffffffff 0 0
TRACE 1260 READ_ISSUE 62 0 0 62 15 ffffffffffffffff 0 0
TRACE 1260 BLOCK_RELEASE 62 0 0 62 15 ffffffffffffffff 0 0
TRACE 1261 READ_ISSUE 63 0 0 63 0 ffffffffffffffff 0 0
TRACE 1262 LOAD_ACCEPT 64 0 0 0 0 0 0 0
TRACE 1263 READ_ISSUE 63 0 0 63 1 ffffffffffffffff 0 0
TRACE 1264 READ_ISSUE 63 0 0 63 2 ffffffffffffffff 0 0
TRACE 1265 READ_ISSUE 63 0 0 63 3 ffffffffffffffff 0 0
TRACE 1266 READ_ISSUE 63 0 0 63 4 ffffffffffffffff 0 0
TRACE 1268 READ_ISSUE 63 0 0 63 5 ffffffffffffffff 0 0
TRACE 1269 READ_ISSUE 63 0 0 63 6 ffffffffffffffff 0 0
TRACE 1270 READ_ISSUE 63 0 0 63 7 ffffffffffffffff 0 0
TRACE 1271 READ_ISSUE 63 0 0 63 8 ffffffffffffffff 0 0
TRACE 1273 READ_ISSUE 63 0 0 63 9 ffffffffffffffff 0 0
TRACE 1274 READ_ISSUE 63 0 0 63 10 ffffffffffffffff 0 0
TRACE 1275 READ_ISSUE 63 0 0 63 11 ffffffffffffffff 0 0
TRACE 1276 READ_ISSUE 63 0 0 63 12 ffffffffffffffff 0 0
TRACE 1278 READ_ISSUE 63 0 0 63 13 ffffffffffffffff 0 0
TRACE 1279 READ_ISSUE 63 0 0 63 14 ffffffffffffffff 0 0
TRACE 1280 READ_ISSUE 63 0 0 63 15 ffffffffffffffff 0 1
TRACE 1280 BLOCK_RELEASE 63 0 0 63 15 ffffffffffffffff 0 1
TRACE 1281 READ_ISSUE 64 0 1 0 0 3f 1 0
TRACE 1282 LOAD_ACCEPT 65 0 0 0 0 0 0 0
TRACE 1283 READ_ISSUE 64 0 1 0 1 3f 0 0
TRACE 1284 READ_ISSUE 64 0 1 0 2 3f 0 0
TRACE 1285 READ_ISSUE 64 0 1 0 3 3f 0 0
TRACE 1286 READ_ISSUE 64 0 1 0 4 3f 0 0
TRACE 1288 READ_ISSUE 64 0 1 0 5 3f 0 0
TRACE 1289 READ_ISSUE 64 0 1 0 6 3f 0 0
TRACE 1290 READ_ISSUE 64 0 1 0 7 3f 0 0
TRACE 1291 READ_ISSUE 64 0 1 0 8 3f 0 0
TRACE 1293 READ_ISSUE 64 0 1 0 9 3f 0 0
TRACE 1294 READ_ISSUE 64 0 1 0 10 3f 0 0
TRACE 1295 READ_ISSUE 64 0 1 0 11 3f 0 0
TRACE 1296 READ_ISSUE 64 0 1 0 12 3f 0 0
TRACE 1298 READ_ISSUE 64 0 1 0 13 3f 0 0
TRACE 1299 READ_ISSUE 64 0 1 0 14 3f 0 0
TRACE 1300 READ_ISSUE 64 0 1 0 15 3f 0 0
TRACE 1300 BLOCK_RELEASE 64 0 1 0 15 3f 0 0
TRACE 1301 READ_ISSUE 65 0 1 1 0 3f 0 0
TRACE 1302 LOAD_ACCEPT 66 0 0 0 0 0 0 0
TRACE 1303 READ_ISSUE 65 0 1 1 1 3f 0 0
TRACE 1304 READ_ISSUE 65 0 1 1 2 3f 0 0
TRACE 1305 READ_ISSUE 65 0 1 1 3 3f 0 0
TRACE 1306 READ_ISSUE 65 0 1 1 4 3f 0 0
TRACE 1308 READ_ISSUE 65 0 1 1 5 3f 0 0
TRACE 1309 READ_ISSUE 65 0 1 1 6 3f 0 0
TRACE 1310 READ_ISSUE 65 0 1 1 7 3f 0 0
TRACE 1311 READ_ISSUE 65 0 1 1 8 3f 0 0
TRACE 1313 READ_ISSUE 65 0 1 1 9 3f 0 0
TRACE 1314 READ_ISSUE 65 0 1 1 10 3f 0 0
TRACE 1315 READ_ISSUE 65 0 1 1 11 3f 0 0
TRACE 1316 READ_ISSUE 65 0 1 1 12 3f 0 0
TRACE 1318 READ_ISSUE 65 0 1 1 13 3f 0 0
TRACE 1319 READ_ISSUE 65 0 1 1 14 3f 0 0
TRACE 1320 READ_ISSUE 65 0 1 1 15 3f 0 0
TRACE 1320 BLOCK_RELEASE 65 0 1 1 15 3f 0 0
TRACE 1321 READ_ISSUE 66 0 1 2 0 3f 0 0
TRACE 1322 LOAD_ACCEPT 67 0 0 0 0 0 0 0
TRACE 1323 READ_ISSUE 66 0 1 2 1 3f 0 0
TRACE 1324 READ_ISSUE 66 0 1 2 2 3f 0 0
TRACE 1325 READ_ISSUE 66 0 1 2 3 3f 0 0
TRACE 1326 READ_ISSUE 66 0 1 2 4 3f 0 0
TRACE 1328 READ_ISSUE 66 0 1 2 5 3f 0 0
TRACE 1329 READ_ISSUE 66 0 1 2 6 3f 0 0
TRACE 1330 READ_ISSUE 66 0 1 2 7 3f 0 0
TRACE 1331 READ_ISSUE 66 0 1 2 8 3f 0 0
TRACE 1333 READ_ISSUE 66 0 1 2 9 3f 0 0
TRACE 1334 READ_ISSUE 66 0 1 2 10 3f 0 0
TRACE 1335 READ_ISSUE 66 0 1 2 11 3f 0 0
TRACE 1336 READ_ISSUE 66 0 1 2 12 3f 0 0
TRACE 1338 READ_ISSUE 66 0 1 2 13 3f 0 0
TRACE 1339 READ_ISSUE 66 0 1 2 14 3f 0 0
TRACE 1340 READ_ISSUE 66 0 1 2 15 3f 0 0
TRACE 1340 BLOCK_RELEASE 66 0 1 2 15 3f 0 0
TRACE 1341 READ_ISSUE 67 0 1 3 0 3f 0 0
TRACE 1342 LOAD_ACCEPT 68 0 0 0 0 0 0 0
TRACE 1343 READ_ISSUE 67 0 1 3 1 3f 0 0
TRACE 1344 READ_ISSUE 67 0 1 3 2 3f 0 0
TRACE 1345 READ_ISSUE 67 0 1 3 3 3f 0 0
TRACE 1346 READ_ISSUE 67 0 1 3 4 3f 0 0
TRACE 1348 READ_ISSUE 67 0 1 3 5 3f 0 0
TRACE 1349 READ_ISSUE 67 0 1 3 6 3f 0 0
TRACE 1350 READ_ISSUE 67 0 1 3 7 3f 0 0
TRACE 1351 READ_ISSUE 67 0 1 3 8 3f 0 0
TRACE 1353 READ_ISSUE 67 0 1 3 9 3f 0 0
TRACE 1354 READ_ISSUE 67 0 1 3 10 3f 0 0
TRACE 1355 READ_ISSUE 67 0 1 3 11 3f 0 0
TRACE 1356 READ_ISSUE 67 0 1 3 12 3f 0 0
TRACE 1358 READ_ISSUE 67 0 1 3 13 3f 0 0
TRACE 1359 READ_ISSUE 67 0 1 3 14 3f 0 0
TRACE 1360 READ_ISSUE 67 0 1 3 15 3f 0 0
TRACE 1360 BLOCK_RELEASE 67 0 1 3 15 3f 0 0
TRACE 1361 READ_ISSUE 68 0 1 4 0 3f 0 0
TRACE 1362 LOAD_ACCEPT 69 0 0 0 0 0 0 0
TRACE 1363 READ_ISSUE 68 0 1 4 1 3f 0 0
TRACE 1364 READ_ISSUE 68 0 1 4 2 3f 0 0
TRACE 1365 READ_ISSUE 68 0 1 4 3 3f 0 0
TRACE 1366 READ_ISSUE 68 0 1 4 4 3f 0 0
TRACE 1368 READ_ISSUE 68 0 1 4 5 3f 0 0
TRACE 1369 READ_ISSUE 68 0 1 4 6 3f 0 0
TRACE 1370 READ_ISSUE 68 0 1 4 7 3f 0 0
TRACE 1371 READ_ISSUE 68 0 1 4 8 3f 0 0
TRACE 1373 READ_ISSUE 68 0 1 4 9 3f 0 0
TRACE 1374 READ_ISSUE 68 0 1 4 10 3f 0 0
TRACE 1375 READ_ISSUE 68 0 1 4 11 3f 0 0
TRACE 1376 READ_ISSUE 68 0 1 4 12 3f 0 0
TRACE 1378 READ_ISSUE 68 0 1 4 13 3f 0 0
TRACE 1379 READ_ISSUE 68 0 1 4 14 3f 0 0
TRACE 1380 READ_ISSUE 68 0 1 4 15 3f 0 0
TRACE 1380 BLOCK_RELEASE 68 0 1 4 15 3f 0 0
TRACE 1381 READ_ISSUE 69 0 1 5 0 3f 0 0
TRACE 1382 LOAD_ACCEPT 70 0 0 0 0 0 0 0
TRACE 1383 READ_ISSUE 69 0 1 5 1 3f 0 0
TRACE 1384 READ_ISSUE 69 0 1 5 2 3f 0 0
TRACE 1385 READ_ISSUE 69 0 1 5 3 3f 0 0
TRACE 1386 READ_ISSUE 69 0 1 5 4 3f 0 0
TRACE 1388 READ_ISSUE 69 0 1 5 5 3f 0 0
TRACE 1389 READ_ISSUE 69 0 1 5 6 3f 0 0
TRACE 1390 READ_ISSUE 69 0 1 5 7 3f 0 0
TRACE 1391 READ_ISSUE 69 0 1 5 8 3f 0 0
TRACE 1393 READ_ISSUE 69 0 1 5 9 3f 0 0
TRACE 1394 READ_ISSUE 69 0 1 5 10 3f 0 0
TRACE 1395 READ_ISSUE 69 0 1 5 11 3f 0 0
TRACE 1396 READ_ISSUE 69 0 1 5 12 3f 0 0
TRACE 1398 READ_ISSUE 69 0 1 5 13 3f 0 0
TRACE 1399 READ_ISSUE 69 0 1 5 14 3f 0 0
TRACE 1400 READ_ISSUE 69 0 1 5 15 3f 0 0
TRACE 1400 BLOCK_RELEASE 69 0 1 5 15 3f 0 0
TRACE 1401 READ_ISSUE 70 0 1 6 0 3f 0 0
TRACE 1402 LOAD_ACCEPT 71 0 0 0 0 0 0 0
TRACE 1403 READ_ISSUE 70 0 1 6 1 3f 0 0
TRACE 1404 READ_ISSUE 70 0 1 6 2 3f 0 0
TRACE 1405 READ_ISSUE 70 0 1 6 3 3f 0 0
TRACE 1406 READ_ISSUE 70 0 1 6 4 3f 0 0
TRACE 1408 READ_ISSUE 70 0 1 6 5 3f 0 0
TRACE 1409 READ_ISSUE 70 0 1 6 6 3f 0 0
TRACE 1410 READ_ISSUE 70 0 1 6 7 3f 0 0
TRACE 1411 READ_ISSUE 70 0 1 6 8 3f 0 0
TRACE 1413 READ_ISSUE 70 0 1 6 9 3f 0 0
TRACE 1414 READ_ISSUE 70 0 1 6 10 3f 0 0
TRACE 1415 READ_ISSUE 70 0 1 6 11 3f 0 0
TRACE 1416 READ_ISSUE 70 0 1 6 12 3f 0 0
TRACE 1418 READ_ISSUE 70 0 1 6 13 3f 0 0
TRACE 1419 READ_ISSUE 70 0 1 6 14 3f 0 0
TRACE 1420 READ_ISSUE 70 0 1 6 15 3f 0 0
TRACE 1420 BLOCK_RELEASE 70 0 1 6 15 3f 0 0
TRACE 1421 READ_ISSUE 71 0 1 7 0 3f 0 0
TRACE 1422 LOAD_ACCEPT 72 0 0 0 0 0 0 0
TRACE 1423 READ_ISSUE 71 0 1 7 1 3f 0 0
TRACE 1424 READ_ISSUE 71 0 1 7 2 3f 0 0
TRACE 1425 READ_ISSUE 71 0 1 7 3 3f 0 0
TRACE 1426 READ_ISSUE 71 0 1 7 4 3f 0 0
TRACE 1428 READ_ISSUE 71 0 1 7 5 3f 0 0
TRACE 1429 READ_ISSUE 71 0 1 7 6 3f 0 0
TRACE 1430 READ_ISSUE 71 0 1 7 7 3f 0 0
TRACE 1431 READ_ISSUE 71 0 1 7 8 3f 0 0
TRACE 1433 READ_ISSUE 71 0 1 7 9 3f 0 0
TRACE 1434 READ_ISSUE 71 0 1 7 10 3f 0 0
TRACE 1435 READ_ISSUE 71 0 1 7 11 3f 0 0
TRACE 1436 READ_ISSUE 71 0 1 7 12 3f 0 0
TRACE 1438 READ_ISSUE 71 0 1 7 13 3f 0 0
TRACE 1439 READ_ISSUE 71 0 1 7 14 3f 0 0
TRACE 1440 READ_ISSUE 71 0 1 7 15 3f 0 0
TRACE 1440 BLOCK_RELEASE 71 0 1 7 15 3f 0 0
TRACE 1441 READ_ISSUE 72 0 1 8 0 3f 0 0
TRACE 1442 LOAD_ACCEPT 73 0 0 0 0 0 0 0
TRACE 1443 READ_ISSUE 72 0 1 8 1 3f 0 0
TRACE 1444 READ_ISSUE 72 0 1 8 2 3f 0 0
TRACE 1445 READ_ISSUE 72 0 1 8 3 3f 0 0
TRACE 1446 READ_ISSUE 72 0 1 8 4 3f 0 0
TRACE 1448 READ_ISSUE 72 0 1 8 5 3f 0 0
TRACE 1449 READ_ISSUE 72 0 1 8 6 3f 0 0
TRACE 1450 READ_ISSUE 72 0 1 8 7 3f 0 0
TRACE 1451 READ_ISSUE 72 0 1 8 8 3f 0 0
TRACE 1453 READ_ISSUE 72 0 1 8 9 3f 0 0
TRACE 1454 READ_ISSUE 72 0 1 8 10 3f 0 0
TRACE 1455 READ_ISSUE 72 0 1 8 11 3f 0 0
TRACE 1456 READ_ISSUE 72 0 1 8 12 3f 0 0
TRACE 1458 READ_ISSUE 72 0 1 8 13 3f 0 0
TRACE 1459 READ_ISSUE 72 0 1 8 14 3f 0 0
TRACE 1460 READ_ISSUE 72 0 1 8 15 3f 0 0
TRACE 1460 BLOCK_RELEASE 72 0 1 8 15 3f 0 0
TRACE 1461 READ_ISSUE 73 0 1 9 0 3f 0 0
TRACE 1462 LOAD_ACCEPT 74 0 0 0 0 0 0 0
TRACE 1463 READ_ISSUE 73 0 1 9 1 3f 0 0
TRACE 1464 READ_ISSUE 73 0 1 9 2 3f 0 0
TRACE 1465 READ_ISSUE 73 0 1 9 3 3f 0 0
TRACE 1466 READ_ISSUE 73 0 1 9 4 3f 0 0
TRACE 1468 READ_ISSUE 73 0 1 9 5 3f 0 0
TRACE 1469 READ_ISSUE 73 0 1 9 6 3f 0 0
TRACE 1470 READ_ISSUE 73 0 1 9 7 3f 0 0
TRACE 1471 READ_ISSUE 73 0 1 9 8 3f 0 0
TRACE 1473 READ_ISSUE 73 0 1 9 9 3f 0 0
TRACE 1474 READ_ISSUE 73 0 1 9 10 3f 0 0
TRACE 1475 READ_ISSUE 73 0 1 9 11 3f 0 0
TRACE 1476 READ_ISSUE 73 0 1 9 12 3f 0 0
TRACE 1478 READ_ISSUE 73 0 1 9 13 3f 0 0
TRACE 1479 READ_ISSUE 73 0 1 9 14 3f 0 0
TRACE 1480 READ_ISSUE 73 0 1 9 15 3f 0 0
TRACE 1480 BLOCK_RELEASE 73 0 1 9 15 3f 0 0
TRACE 1481 READ_ISSUE 74 0 1 10 0 3f 0 0
TRACE 1482 LOAD_ACCEPT 75 0 0 0 0 0 0 0
TRACE 1483 READ_ISSUE 74 0 1 10 1 3f 0 0
TRACE 1484 READ_ISSUE 74 0 1 10 2 3f 0 0
TRACE 1485 READ_ISSUE 74 0 1 10 3 3f 0 0
TRACE 1486 READ_ISSUE 74 0 1 10 4 3f 0 0
TRACE 1488 READ_ISSUE 74 0 1 10 5 3f 0 0
TRACE 1489 READ_ISSUE 74 0 1 10 6 3f 0 0
TRACE 1490 READ_ISSUE 74 0 1 10 7 3f 0 0
TRACE 1491 READ_ISSUE 74 0 1 10 8 3f 0 0
TRACE 1493 READ_ISSUE 74 0 1 10 9 3f 0 0
TRACE 1494 READ_ISSUE 74 0 1 10 10 3f 0 0
TRACE 1495 READ_ISSUE 74 0 1 10 11 3f 0 0
TRACE 1496 READ_ISSUE 74 0 1 10 12 3f 0 0
TRACE 1498 READ_ISSUE 74 0 1 10 13 3f 0 0
TRACE 1499 READ_ISSUE 74 0 1 10 14 3f 0 0
TRACE 1500 READ_ISSUE 74 0 1 10 15 3f 0 0
TRACE 1500 BLOCK_RELEASE 74 0 1 10 15 3f 0 0
TRACE 1501 READ_ISSUE 75 0 1 11 0 3f 0 0
TRACE 1502 LOAD_ACCEPT 76 0 0 0 0 0 0 0
TRACE 1503 READ_ISSUE 75 0 1 11 1 3f 0 0
TRACE 1504 READ_ISSUE 75 0 1 11 2 3f 0 0
TRACE 1505 READ_ISSUE 75 0 1 11 3 3f 0 0
TRACE 1506 READ_ISSUE 75 0 1 11 4 3f 0 0
TRACE 1508 READ_ISSUE 75 0 1 11 5 3f 0 0
TRACE 1509 READ_ISSUE 75 0 1 11 6 3f 0 0
TRACE 1510 READ_ISSUE 75 0 1 11 7 3f 0 0
TRACE 1511 READ_ISSUE 75 0 1 11 8 3f 0 0
TRACE 1513 READ_ISSUE 75 0 1 11 9 3f 0 0
TRACE 1514 READ_ISSUE 75 0 1 11 10 3f 0 0
TRACE 1515 READ_ISSUE 75 0 1 11 11 3f 0 0
TRACE 1516 READ_ISSUE 75 0 1 11 12 3f 0 0
TRACE 1518 READ_ISSUE 75 0 1 11 13 3f 0 0
TRACE 1519 READ_ISSUE 75 0 1 11 14 3f 0 0
TRACE 1520 READ_ISSUE 75 0 1 11 15 3f 0 0
TRACE 1520 BLOCK_RELEASE 75 0 1 11 15 3f 0 0
TRACE 1521 READ_ISSUE 76 0 1 12 0 3f 0 0
TRACE 1522 LOAD_ACCEPT 77 0 0 0 0 0 0 0
TRACE 1523 READ_ISSUE 76 0 1 12 1 3f 0 0
TRACE 1524 READ_ISSUE 76 0 1 12 2 3f 0 0
TRACE 1525 READ_ISSUE 76 0 1 12 3 3f 0 0
TRACE 1526 READ_ISSUE 76 0 1 12 4 3f 0 0
TRACE 1528 READ_ISSUE 76 0 1 12 5 3f 0 0
TRACE 1529 READ_ISSUE 76 0 1 12 6 3f 0 0
TRACE 1530 READ_ISSUE 76 0 1 12 7 3f 0 0
TRACE 1531 READ_ISSUE 76 0 1 12 8 3f 0 0
TRACE 1533 READ_ISSUE 76 0 1 12 9 3f 0 0
TRACE 1534 READ_ISSUE 76 0 1 12 10 3f 0 0
TRACE 1535 READ_ISSUE 76 0 1 12 11 3f 0 0
TRACE 1536 READ_ISSUE 76 0 1 12 12 3f 0 0
TRACE 1538 READ_ISSUE 76 0 1 12 13 3f 0 0
TRACE 1539 READ_ISSUE 76 0 1 12 14 3f 0 0
TRACE 1540 READ_ISSUE 76 0 1 12 15 3f 0 0
TRACE 1540 BLOCK_RELEASE 76 0 1 12 15 3f 0 0
TRACE 1541 READ_ISSUE 77 0 1 13 0 3f 0 0
TRACE 1542 LOAD_ACCEPT 78 0 0 0 0 0 0 0
TRACE 1543 READ_ISSUE 77 0 1 13 1 3f 0 0
TRACE 1544 READ_ISSUE 77 0 1 13 2 3f 0 0
TRACE 1545 READ_ISSUE 77 0 1 13 3 3f 0 0
TRACE 1546 READ_ISSUE 77 0 1 13 4 3f 0 0
TRACE 1548 READ_ISSUE 77 0 1 13 5 3f 0 0
TRACE 1549 READ_ISSUE 77 0 1 13 6 3f 0 0
TRACE 1550 READ_ISSUE 77 0 1 13 7 3f 0 0
TRACE 1551 READ_ISSUE 77 0 1 13 8 3f 0 0
TRACE 1553 READ_ISSUE 77 0 1 13 9 3f 0 0
TRACE 1554 READ_ISSUE 77 0 1 13 10 3f 0 0
TRACE 1555 READ_ISSUE 77 0 1 13 11 3f 0 0
TRACE 1556 READ_ISSUE 77 0 1 13 12 3f 0 0
TRACE 1558 READ_ISSUE 77 0 1 13 13 3f 0 0
TRACE 1559 READ_ISSUE 77 0 1 13 14 3f 0 0
TRACE 1560 READ_ISSUE 77 0 1 13 15 3f 0 0
TRACE 1560 BLOCK_RELEASE 77 0 1 13 15 3f 0 0
TRACE 1561 READ_ISSUE 78 0 1 14 0 3f 0 0
TRACE 1562 LOAD_ACCEPT 79 0 0 0 0 0 0 0
TRACE 1563 READ_ISSUE 78 0 1 14 1 3f 0 0
TRACE 1564 READ_ISSUE 78 0 1 14 2 3f 0 0
TRACE 1565 READ_ISSUE 78 0 1 14 3 3f 0 0
TRACE 1566 READ_ISSUE 78 0 1 14 4 3f 0 0
TRACE 1568 READ_ISSUE 78 0 1 14 5 3f 0 0
TRACE 1569 READ_ISSUE 78 0 1 14 6 3f 0 0
TRACE 1570 READ_ISSUE 78 0 1 14 7 3f 0 0
TRACE 1571 READ_ISSUE 78 0 1 14 8 3f 0 0
TRACE 1573 READ_ISSUE 78 0 1 14 9 3f 0 0
TRACE 1574 READ_ISSUE 78 0 1 14 10 3f 0 0
TRACE 1575 READ_ISSUE 78 0 1 14 11 3f 0 0
TRACE 1576 READ_ISSUE 78 0 1 14 12 3f 0 0
TRACE 1578 READ_ISSUE 78 0 1 14 13 3f 0 0
TRACE 1579 READ_ISSUE 78 0 1 14 14 3f 0 0
TRACE 1580 READ_ISSUE 78 0 1 14 15 3f 0 0
TRACE 1580 BLOCK_RELEASE 78 0 1 14 15 3f 0 0
TRACE 1581 READ_ISSUE 79 0 1 15 0 3f 0 0
TRACE 1582 LOAD_ACCEPT 80 0 0 0 0 0 0 0
TRACE 1583 READ_ISSUE 79 0 1 15 1 3f 0 0
TRACE 1584 READ_ISSUE 79 0 1 15 2 3f 0 0
TRACE 1585 READ_ISSUE 79 0 1 15 3 3f 0 0
TRACE 1586 READ_ISSUE 79 0 1 15 4 3f 0 0
TRACE 1588 READ_ISSUE 79 0 1 15 5 3f 0 0
TRACE 1589 READ_ISSUE 79 0 1 15 6 3f 0 0
TRACE 1590 READ_ISSUE 79 0 1 15 7 3f 0 0
TRACE 1591 READ_ISSUE 79 0 1 15 8 3f 0 0
TRACE 1593 READ_ISSUE 79 0 1 15 9 3f 0 0
TRACE 1594 READ_ISSUE 79 0 1 15 10 3f 0 0
TRACE 1595 READ_ISSUE 79 0 1 15 11 3f 0 0
TRACE 1596 READ_ISSUE 79 0 1 15 12 3f 0 0
TRACE 1598 READ_ISSUE 79 0 1 15 13 3f 0 0
TRACE 1599 READ_ISSUE 79 0 1 15 14 3f 0 0
TRACE 1600 READ_ISSUE 79 0 1 15 15 3f 0 0
TRACE 1600 BLOCK_RELEASE 79 0 1 15 15 3f 0 0
TRACE 1601 READ_ISSUE 80 0 1 16 0 3f 0 0
TRACE 1602 LOAD_ACCEPT 81 0 0 0 0 0 0 0
TRACE 1603 READ_ISSUE 80 0 1 16 1 3f 0 0
TRACE 1604 READ_ISSUE 80 0 1 16 2 3f 0 0
TRACE 1605 READ_ISSUE 80 0 1 16 3 3f 0 0
TRACE 1606 READ_ISSUE 80 0 1 16 4 3f 0 0
TRACE 1608 READ_ISSUE 80 0 1 16 5 3f 0 0
TRACE 1609 READ_ISSUE 80 0 1 16 6 3f 0 0
TRACE 1610 READ_ISSUE 80 0 1 16 7 3f 0 0
TRACE 1611 READ_ISSUE 80 0 1 16 8 3f 0 0
TRACE 1613 READ_ISSUE 80 0 1 16 9 3f 0 0
TRACE 1614 READ_ISSUE 80 0 1 16 10 3f 0 0
TRACE 1615 READ_ISSUE 80 0 1 16 11 3f 0 0
TRACE 1616 READ_ISSUE 80 0 1 16 12 3f 0 0
TRACE 1618 READ_ISSUE 80 0 1 16 13 3f 0 0
TRACE 1619 READ_ISSUE 80 0 1 16 14 3f 0 0
TRACE 1620 READ_ISSUE 80 0 1 16 15 3f 0 0
TRACE 1620 BLOCK_RELEASE 80 0 1 16 15 3f 0 0
TRACE 1621 READ_ISSUE 81 0 1 17 0 3f 0 0
TRACE 1622 LOAD_ACCEPT 82 0 0 0 0 0 0 0
TRACE 1623 READ_ISSUE 81 0 1 17 1 3f 0 0
TRACE 1624 READ_ISSUE 81 0 1 17 2 3f 0 0
TRACE 1625 READ_ISSUE 81 0 1 17 3 3f 0 0
TRACE 1626 READ_ISSUE 81 0 1 17 4 3f 0 0
TRACE 1628 READ_ISSUE 81 0 1 17 5 3f 0 0
TRACE 1629 READ_ISSUE 81 0 1 17 6 3f 0 0
TRACE 1630 READ_ISSUE 81 0 1 17 7 3f 0 0
TRACE 1631 READ_ISSUE 81 0 1 17 8 3f 0 0
TRACE 1633 READ_ISSUE 81 0 1 17 9 3f 0 0
TRACE 1634 READ_ISSUE 81 0 1 17 10 3f 0 0
TRACE 1635 READ_ISSUE 81 0 1 17 11 3f 0 0
TRACE 1636 READ_ISSUE 81 0 1 17 12 3f 0 0
TRACE 1638 READ_ISSUE 81 0 1 17 13 3f 0 0
TRACE 1639 READ_ISSUE 81 0 1 17 14 3f 0 0
TRACE 1640 READ_ISSUE 81 0 1 17 15 3f 0 0
TRACE 1640 BLOCK_RELEASE 81 0 1 17 15 3f 0 0
TRACE 1641 READ_ISSUE 82 0 1 18 0 3f 0 0
TRACE 1642 LOAD_ACCEPT 83 0 0 0 0 0 0 0
TRACE 1643 READ_ISSUE 82 0 1 18 1 3f 0 0
TRACE 1644 READ_ISSUE 82 0 1 18 2 3f 0 0
TRACE 1645 READ_ISSUE 82 0 1 18 3 3f 0 0
TRACE 1646 READ_ISSUE 82 0 1 18 4 3f 0 0
TRACE 1648 READ_ISSUE 82 0 1 18 5 3f 0 0
TRACE 1649 READ_ISSUE 82 0 1 18 6 3f 0 0
TRACE 1650 READ_ISSUE 82 0 1 18 7 3f 0 0
TRACE 1651 READ_ISSUE 82 0 1 18 8 3f 0 0
TRACE 1653 READ_ISSUE 82 0 1 18 9 3f 0 0
TRACE 1654 READ_ISSUE 82 0 1 18 10 3f 0 0
TRACE 1655 READ_ISSUE 82 0 1 18 11 3f 0 0
TRACE 1656 READ_ISSUE 82 0 1 18 12 3f 0 0
TRACE 1658 READ_ISSUE 82 0 1 18 13 3f 0 0
TRACE 1659 READ_ISSUE 82 0 1 18 14 3f 0 0
TRACE 1660 READ_ISSUE 82 0 1 18 15 3f 0 0
TRACE 1660 BLOCK_RELEASE 82 0 1 18 15 3f 0 0
TRACE 1661 READ_ISSUE 83 0 1 19 0 3f 0 0
TRACE 1662 LOAD_ACCEPT 84 0 0 0 0 0 0 0
TRACE 1663 READ_ISSUE 83 0 1 19 1 3f 0 0
TRACE 1664 READ_ISSUE 83 0 1 19 2 3f 0 0
TRACE 1665 READ_ISSUE 83 0 1 19 3 3f 0 0
TRACE 1666 READ_ISSUE 83 0 1 19 4 3f 0 0
TRACE 1668 READ_ISSUE 83 0 1 19 5 3f 0 0
TRACE 1669 READ_ISSUE 83 0 1 19 6 3f 0 0
TRACE 1670 READ_ISSUE 83 0 1 19 7 3f 0 0
TRACE 1671 READ_ISSUE 83 0 1 19 8 3f 0 0
TRACE 1673 READ_ISSUE 83 0 1 19 9 3f 0 0
TRACE 1674 READ_ISSUE 83 0 1 19 10 3f 0 0
TRACE 1675 READ_ISSUE 83 0 1 19 11 3f 0 0
TRACE 1676 READ_ISSUE 83 0 1 19 12 3f 0 0
TRACE 1678 READ_ISSUE 83 0 1 19 13 3f 0 0
TRACE 1679 READ_ISSUE 83 0 1 19 14 3f 0 0
TRACE 1680 READ_ISSUE 83 0 1 19 15 3f 0 0
TRACE 1680 BLOCK_RELEASE 83 0 1 19 15 3f 0 0
TRACE 1681 READ_ISSUE 84 0 1 20 0 3f 0 0
TRACE 1682 LOAD_ACCEPT 85 0 0 0 0 0 0 0
TRACE 1683 READ_ISSUE 84 0 1 20 1 3f 0 0
TRACE 1684 READ_ISSUE 84 0 1 20 2 3f 0 0
TRACE 1685 READ_ISSUE 84 0 1 20 3 3f 0 0
TRACE 1686 READ_ISSUE 84 0 1 20 4 3f 0 0
TRACE 1688 READ_ISSUE 84 0 1 20 5 3f 0 0
TRACE 1689 READ_ISSUE 84 0 1 20 6 3f 0 0
TRACE 1690 READ_ISSUE 84 0 1 20 7 3f 0 0
TRACE 1691 READ_ISSUE 84 0 1 20 8 3f 0 0
TRACE 1693 READ_ISSUE 84 0 1 20 9 3f 0 0
TRACE 1694 READ_ISSUE 84 0 1 20 10 3f 0 0
TRACE 1695 READ_ISSUE 84 0 1 20 11 3f 0 0
TRACE 1696 READ_ISSUE 84 0 1 20 12 3f 0 0
TRACE 1698 READ_ISSUE 84 0 1 20 13 3f 0 0
TRACE 1699 READ_ISSUE 84 0 1 20 14 3f 0 0
TRACE 1700 READ_ISSUE 84 0 1 20 15 3f 0 0
TRACE 1700 BLOCK_RELEASE 84 0 1 20 15 3f 0 0
TRACE 1701 READ_ISSUE 85 0 1 21 0 3f 0 0
TRACE 1702 LOAD_ACCEPT 86 0 0 0 0 0 0 0
TRACE 1703 READ_ISSUE 85 0 1 21 1 3f 0 0
TRACE 1704 READ_ISSUE 85 0 1 21 2 3f 0 0
TRACE 1705 READ_ISSUE 85 0 1 21 3 3f 0 0
TRACE 1706 READ_ISSUE 85 0 1 21 4 3f 0 0
TRACE 1708 READ_ISSUE 85 0 1 21 5 3f 0 0
TRACE 1709 READ_ISSUE 85 0 1 21 6 3f 0 0
TRACE 1710 READ_ISSUE 85 0 1 21 7 3f 0 0
TRACE 1711 READ_ISSUE 85 0 1 21 8 3f 0 0
TRACE 1713 READ_ISSUE 85 0 1 21 9 3f 0 0
TRACE 1714 READ_ISSUE 85 0 1 21 10 3f 0 0
TRACE 1715 READ_ISSUE 85 0 1 21 11 3f 0 0
TRACE 1716 READ_ISSUE 85 0 1 21 12 3f 0 0
TRACE 1718 READ_ISSUE 85 0 1 21 13 3f 0 0
TRACE 1719 READ_ISSUE 85 0 1 21 14 3f 0 0
TRACE 1720 READ_ISSUE 85 0 1 21 15 3f 0 0
TRACE 1720 BLOCK_RELEASE 85 0 1 21 15 3f 0 0
TRACE 1721 READ_ISSUE 86 0 1 22 0 3f 0 0
TRACE 1722 LOAD_ACCEPT 87 0 0 0 0 0 0 0
TRACE 1723 READ_ISSUE 86 0 1 22 1 3f 0 0
TRACE 1724 READ_ISSUE 86 0 1 22 2 3f 0 0
TRACE 1725 READ_ISSUE 86 0 1 22 3 3f 0 0
TRACE 1726 READ_ISSUE 86 0 1 22 4 3f 0 0
TRACE 1728 READ_ISSUE 86 0 1 22 5 3f 0 0
TRACE 1729 READ_ISSUE 86 0 1 22 6 3f 0 0
TRACE 1730 READ_ISSUE 86 0 1 22 7 3f 0 0
TRACE 1731 READ_ISSUE 86 0 1 22 8 3f 0 0
TRACE 1733 READ_ISSUE 86 0 1 22 9 3f 0 0
TRACE 1734 READ_ISSUE 86 0 1 22 10 3f 0 0
TRACE 1735 READ_ISSUE 86 0 1 22 11 3f 0 0
TRACE 1736 READ_ISSUE 86 0 1 22 12 3f 0 0
TRACE 1738 READ_ISSUE 86 0 1 22 13 3f 0 0
TRACE 1739 READ_ISSUE 86 0 1 22 14 3f 0 0
TRACE 1740 READ_ISSUE 86 0 1 22 15 3f 0 0
TRACE 1740 BLOCK_RELEASE 86 0 1 22 15 3f 0 0
TRACE 1741 READ_ISSUE 87 0 1 23 0 3f 0 0
TRACE 1742 LOAD_ACCEPT 88 0 0 0 0 0 0 0
TRACE 1743 READ_ISSUE 87 0 1 23 1 3f 0 0
TRACE 1744 READ_ISSUE 87 0 1 23 2 3f 0 0
TRACE 1745 READ_ISSUE 87 0 1 23 3 3f 0 0
TRACE 1746 READ_ISSUE 87 0 1 23 4 3f 0 0
TRACE 1748 READ_ISSUE 87 0 1 23 5 3f 0 0
TRACE 1749 READ_ISSUE 87 0 1 23 6 3f 0 0
TRACE 1750 READ_ISSUE 87 0 1 23 7 3f 0 0
TRACE 1751 READ_ISSUE 87 0 1 23 8 3f 0 0
TRACE 1753 READ_ISSUE 87 0 1 23 9 3f 0 0
TRACE 1754 READ_ISSUE 87 0 1 23 10 3f 0 0
TRACE 1755 READ_ISSUE 87 0 1 23 11 3f 0 0
TRACE 1756 READ_ISSUE 87 0 1 23 12 3f 0 0
TRACE 1758 READ_ISSUE 87 0 1 23 13 3f 0 0
TRACE 1759 READ_ISSUE 87 0 1 23 14 3f 0 0
TRACE 1760 READ_ISSUE 87 0 1 23 15 3f 0 0
TRACE 1760 BLOCK_RELEASE 87 0 1 23 15 3f 0 0
TRACE 1761 READ_ISSUE 88 0 1 24 0 3f 0 0
TRACE 1762 LOAD_ACCEPT 89 0 0 0 0 0 0 0
TRACE 1763 READ_ISSUE 88 0 1 24 1 3f 0 0
TRACE 1764 READ_ISSUE 88 0 1 24 2 3f 0 0
TRACE 1765 READ_ISSUE 88 0 1 24 3 3f 0 0
TRACE 1766 READ_ISSUE 88 0 1 24 4 3f 0 0
TRACE 1768 READ_ISSUE 88 0 1 24 5 3f 0 0
TRACE 1769 READ_ISSUE 88 0 1 24 6 3f 0 0
TRACE 1770 READ_ISSUE 88 0 1 24 7 3f 0 0
TRACE 1771 READ_ISSUE 88 0 1 24 8 3f 0 0
TRACE 1773 READ_ISSUE 88 0 1 24 9 3f 0 0
TRACE 1774 READ_ISSUE 88 0 1 24 10 3f 0 0
TRACE 1775 READ_ISSUE 88 0 1 24 11 3f 0 0
TRACE 1776 READ_ISSUE 88 0 1 24 12 3f 0 0
TRACE 1778 READ_ISSUE 88 0 1 24 13 3f 0 0
TRACE 1779 READ_ISSUE 88 0 1 24 14 3f 0 0
TRACE 1780 READ_ISSUE 88 0 1 24 15 3f 0 0
TRACE 1780 BLOCK_RELEASE 88 0 1 24 15 3f 0 0
TRACE 1781 READ_ISSUE 89 0 1 25 0 3f 0 0
TRACE 1782 LOAD_ACCEPT 90 0 0 0 0 0 0 0
TRACE 1783 READ_ISSUE 89 0 1 25 1 3f 0 0
TRACE 1784 READ_ISSUE 89 0 1 25 2 3f 0 0
TRACE 1785 READ_ISSUE 89 0 1 25 3 3f 0 0
TRACE 1786 READ_ISSUE 89 0 1 25 4 3f 0 0
TRACE 1788 READ_ISSUE 89 0 1 25 5 3f 0 0
TRACE 1789 READ_ISSUE 89 0 1 25 6 3f 0 0
TRACE 1790 READ_ISSUE 89 0 1 25 7 3f 0 0
TRACE 1791 READ_ISSUE 89 0 1 25 8 3f 0 0
TRACE 1793 READ_ISSUE 89 0 1 25 9 3f 0 0
TRACE 1794 READ_ISSUE 89 0 1 25 10 3f 0 0
TRACE 1795 READ_ISSUE 89 0 1 25 11 3f 0 0
TRACE 1796 READ_ISSUE 89 0 1 25 12 3f 0 0
TRACE 1798 READ_ISSUE 89 0 1 25 13 3f 0 0
TRACE 1799 READ_ISSUE 89 0 1 25 14 3f 0 0
TRACE 1800 READ_ISSUE 89 0 1 25 15 3f 0 0
TRACE 1800 BLOCK_RELEASE 89 0 1 25 15 3f 0 0
TRACE 1801 READ_ISSUE 90 0 1 26 0 3f 0 0
TRACE 1802 LOAD_ACCEPT 91 0 0 0 0 0 0 0
TRACE 1803 READ_ISSUE 90 0 1 26 1 3f 0 0
TRACE 1804 READ_ISSUE 90 0 1 26 2 3f 0 0
TRACE 1805 READ_ISSUE 90 0 1 26 3 3f 0 0
TRACE 1806 READ_ISSUE 90 0 1 26 4 3f 0 0
TRACE 1808 READ_ISSUE 90 0 1 26 5 3f 0 0
TRACE 1809 READ_ISSUE 90 0 1 26 6 3f 0 0
TRACE 1810 READ_ISSUE 90 0 1 26 7 3f 0 0
TRACE 1811 READ_ISSUE 90 0 1 26 8 3f 0 0
TRACE 1813 READ_ISSUE 90 0 1 26 9 3f 0 0
TRACE 1814 READ_ISSUE 90 0 1 26 10 3f 0 0
TRACE 1815 READ_ISSUE 90 0 1 26 11 3f 0 0
TRACE 1816 READ_ISSUE 90 0 1 26 12 3f 0 0
TRACE 1818 READ_ISSUE 90 0 1 26 13 3f 0 0
TRACE 1819 READ_ISSUE 90 0 1 26 14 3f 0 0
TRACE 1820 READ_ISSUE 90 0 1 26 15 3f 0 0
TRACE 1820 BLOCK_RELEASE 90 0 1 26 15 3f 0 0
TRACE 1821 READ_ISSUE 91 0 1 27 0 3f 0 0
TRACE 1822 LOAD_ACCEPT 92 0 0 0 0 0 0 0
TRACE 1823 READ_ISSUE 91 0 1 27 1 3f 0 0
TRACE 1824 READ_ISSUE 91 0 1 27 2 3f 0 0
TRACE 1825 READ_ISSUE 91 0 1 27 3 3f 0 0
TRACE 1826 READ_ISSUE 91 0 1 27 4 3f 0 0
TRACE 1828 READ_ISSUE 91 0 1 27 5 3f 0 0
TRACE 1829 READ_ISSUE 91 0 1 27 6 3f 0 0
TRACE 1830 READ_ISSUE 91 0 1 27 7 3f 0 0
TRACE 1831 READ_ISSUE 91 0 1 27 8 3f 0 0
TRACE 1833 READ_ISSUE 91 0 1 27 9 3f 0 0
TRACE 1834 READ_ISSUE 91 0 1 27 10 3f 0 0
TRACE 1835 READ_ISSUE 91 0 1 27 11 3f 0 0
TRACE 1836 READ_ISSUE 91 0 1 27 12 3f 0 0
TRACE 1838 READ_ISSUE 91 0 1 27 13 3f 0 0
TRACE 1839 READ_ISSUE 91 0 1 27 14 3f 0 0
TRACE 1840 READ_ISSUE 91 0 1 27 15 3f 0 0
TRACE 1840 BLOCK_RELEASE 91 0 1 27 15 3f 0 0
TRACE 1841 READ_ISSUE 92 0 1 28 0 3f 0 0
TRACE 1842 LOAD_ACCEPT 93 0 0 0 0 0 0 0
TRACE 1843 READ_ISSUE 92 0 1 28 1 3f 0 0
TRACE 1844 READ_ISSUE 92 0 1 28 2 3f 0 0
TRACE 1845 READ_ISSUE 92 0 1 28 3 3f 0 0
TRACE 1846 READ_ISSUE 92 0 1 28 4 3f 0 0
TRACE 1848 READ_ISSUE 92 0 1 28 5 3f 0 0
TRACE 1849 READ_ISSUE 92 0 1 28 6 3f 0 0
TRACE 1850 READ_ISSUE 92 0 1 28 7 3f 0 0
TRACE 1851 READ_ISSUE 92 0 1 28 8 3f 0 0
TRACE 1853 READ_ISSUE 92 0 1 28 9 3f 0 0
TRACE 1854 READ_ISSUE 92 0 1 28 10 3f 0 0
TRACE 1855 READ_ISSUE 92 0 1 28 11 3f 0 0
TRACE 1856 READ_ISSUE 92 0 1 28 12 3f 0 0
TRACE 1858 READ_ISSUE 92 0 1 28 13 3f 0 0
TRACE 1859 READ_ISSUE 92 0 1 28 14 3f 0 0
TRACE 1860 READ_ISSUE 92 0 1 28 15 3f 0 0
TRACE 1860 BLOCK_RELEASE 92 0 1 28 15 3f 0 0
TRACE 1861 READ_ISSUE 93 0 1 29 0 3f 0 0
TRACE 1862 LOAD_ACCEPT 94 0 0 0 0 0 0 0
TRACE 1863 READ_ISSUE 93 0 1 29 1 3f 0 0
TRACE 1864 READ_ISSUE 93 0 1 29 2 3f 0 0
TRACE 1865 READ_ISSUE 93 0 1 29 3 3f 0 0
TRACE 1866 READ_ISSUE 93 0 1 29 4 3f 0 0
TRACE 1868 READ_ISSUE 93 0 1 29 5 3f 0 0
TRACE 1869 READ_ISSUE 93 0 1 29 6 3f 0 0
TRACE 1870 READ_ISSUE 93 0 1 29 7 3f 0 0
TRACE 1871 READ_ISSUE 93 0 1 29 8 3f 0 0
TRACE 1873 READ_ISSUE 93 0 1 29 9 3f 0 0
TRACE 1874 READ_ISSUE 93 0 1 29 10 3f 0 0
TRACE 1875 READ_ISSUE 93 0 1 29 11 3f 0 0
TRACE 1876 READ_ISSUE 93 0 1 29 12 3f 0 0
TRACE 1878 READ_ISSUE 93 0 1 29 13 3f 0 0
TRACE 1879 READ_ISSUE 93 0 1 29 14 3f 0 0
TRACE 1880 READ_ISSUE 93 0 1 29 15 3f 0 0
TRACE 1880 BLOCK_RELEASE 93 0 1 29 15 3f 0 0
TRACE 1881 READ_ISSUE 94 0 1 30 0 3f 0 0
TRACE 1882 LOAD_ACCEPT 95 0 0 0 0 0 0 0
TRACE 1883 READ_ISSUE 94 0 1 30 1 3f 0 0
TRACE 1884 READ_ISSUE 94 0 1 30 2 3f 0 0
TRACE 1885 READ_ISSUE 94 0 1 30 3 3f 0 0
TRACE 1886 READ_ISSUE 94 0 1 30 4 3f 0 0
TRACE 1888 READ_ISSUE 94 0 1 30 5 3f 0 0
TRACE 1889 READ_ISSUE 94 0 1 30 6 3f 0 0
TRACE 1890 READ_ISSUE 94 0 1 30 7 3f 0 0
TRACE 1891 READ_ISSUE 94 0 1 30 8 3f 0 0
TRACE 1893 READ_ISSUE 94 0 1 30 9 3f 0 0
TRACE 1894 READ_ISSUE 94 0 1 30 10 3f 0 0
TRACE 1895 READ_ISSUE 94 0 1 30 11 3f 0 0
TRACE 1896 READ_ISSUE 94 0 1 30 12 3f 0 0
TRACE 1898 READ_ISSUE 94 0 1 30 13 3f 0 0
TRACE 1899 READ_ISSUE 94 0 1 30 14 3f 0 0
TRACE 1900 READ_ISSUE 94 0 1 30 15 3f 0 0
TRACE 1900 BLOCK_RELEASE 94 0 1 30 15 3f 0 0
TRACE 1901 READ_ISSUE 95 0 1 31 0 3f 0 0
TRACE 1902 LOAD_ACCEPT 96 0 0 0 0 0 0 0
TRACE 1903 READ_ISSUE 95 0 1 31 1 3f 0 0
TRACE 1904 READ_ISSUE 95 0 1 31 2 3f 0 0
TRACE 1905 READ_ISSUE 95 0 1 31 3 3f 0 0
TRACE 1906 READ_ISSUE 95 0 1 31 4 3f 0 0
TRACE 1908 READ_ISSUE 95 0 1 31 5 3f 0 0
TRACE 1909 READ_ISSUE 95 0 1 31 6 3f 0 0
TRACE 1910 READ_ISSUE 95 0 1 31 7 3f 0 0
TRACE 1911 READ_ISSUE 95 0 1 31 8 3f 0 0
TRACE 1913 READ_ISSUE 95 0 1 31 9 3f 0 0
TRACE 1914 READ_ISSUE 95 0 1 31 10 3f 0 0
TRACE 1915 READ_ISSUE 95 0 1 31 11 3f 0 0
TRACE 1916 READ_ISSUE 95 0 1 31 12 3f 0 0
TRACE 1918 READ_ISSUE 95 0 1 31 13 3f 0 0
TRACE 1919 READ_ISSUE 95 0 1 31 14 3f 0 0
TRACE 1920 READ_ISSUE 95 0 1 31 15 3f 0 0
TRACE 1920 BLOCK_RELEASE 95 0 1 31 15 3f 0 0
TRACE 1921 READ_ISSUE 96 0 1 32 0 3f 0 0
TRACE 1922 LOAD_ACCEPT 97 0 0 0 0 0 0 0
TRACE 1923 READ_ISSUE 96 0 1 32 1 3f 0 0
TRACE 1924 READ_ISSUE 96 0 1 32 2 3f 0 0
TRACE 1925 READ_ISSUE 96 0 1 32 3 3f 0 0
TRACE 1926 READ_ISSUE 96 0 1 32 4 3f 0 0
TRACE 1928 READ_ISSUE 96 0 1 32 5 3f 0 0
TRACE 1929 READ_ISSUE 96 0 1 32 6 3f 0 0
TRACE 1930 READ_ISSUE 96 0 1 32 7 3f 0 0
TRACE 1931 READ_ISSUE 96 0 1 32 8 3f 0 0
TRACE 1933 READ_ISSUE 96 0 1 32 9 3f 0 0
TRACE 1934 READ_ISSUE 96 0 1 32 10 3f 0 0
TRACE 1935 READ_ISSUE 96 0 1 32 11 3f 0 0
TRACE 1936 READ_ISSUE 96 0 1 32 12 3f 0 0
TRACE 1938 READ_ISSUE 96 0 1 32 13 3f 0 0
TRACE 1939 READ_ISSUE 96 0 1 32 14 3f 0 0
TRACE 1940 READ_ISSUE 96 0 1 32 15 3f 0 0
TRACE 1940 BLOCK_RELEASE 96 0 1 32 15 3f 0 0
TRACE 1941 READ_ISSUE 97 0 1 33 0 3f 0 0
TRACE 1942 LOAD_ACCEPT 98 0 0 0 0 0 0 0
TRACE 1943 READ_ISSUE 97 0 1 33 1 3f 0 0
TRACE 1944 READ_ISSUE 97 0 1 33 2 3f 0 0
TRACE 1945 READ_ISSUE 97 0 1 33 3 3f 0 0
TRACE 1946 READ_ISSUE 97 0 1 33 4 3f 0 0
TRACE 1948 READ_ISSUE 97 0 1 33 5 3f 0 0
TRACE 1949 READ_ISSUE 97 0 1 33 6 3f 0 0
TRACE 1950 READ_ISSUE 97 0 1 33 7 3f 0 0
TRACE 1951 READ_ISSUE 97 0 1 33 8 3f 0 0
TRACE 1953 READ_ISSUE 97 0 1 33 9 3f 0 0
TRACE 1954 READ_ISSUE 97 0 1 33 10 3f 0 0
TRACE 1955 READ_ISSUE 97 0 1 33 11 3f 0 0
TRACE 1956 READ_ISSUE 97 0 1 33 12 3f 0 0
TRACE 1958 READ_ISSUE 97 0 1 33 13 3f 0 0
TRACE 1959 READ_ISSUE 97 0 1 33 14 3f 0 0
TRACE 1960 READ_ISSUE 97 0 1 33 15 3f 0 0
TRACE 1960 BLOCK_RELEASE 97 0 1 33 15 3f 0 0
TRACE 1961 READ_ISSUE 98 0 1 34 0 3f 0 0
TRACE 1962 LOAD_ACCEPT 99 0 0 0 0 0 0 0
TRACE 1963 READ_ISSUE 98 0 1 34 1 3f 0 0
TRACE 1964 READ_ISSUE 98 0 1 34 2 3f 0 0
TRACE 1965 READ_ISSUE 98 0 1 34 3 3f 0 0
TRACE 1966 READ_ISSUE 98 0 1 34 4 3f 0 0
TRACE 1968 READ_ISSUE 98 0 1 34 5 3f 0 0
TRACE 1969 READ_ISSUE 98 0 1 34 6 3f 0 0
TRACE 1970 READ_ISSUE 98 0 1 34 7 3f 0 0
TRACE 1971 READ_ISSUE 98 0 1 34 8 3f 0 0
TRACE 1973 READ_ISSUE 98 0 1 34 9 3f 0 0
TRACE 1974 READ_ISSUE 98 0 1 34 10 3f 0 0
TRACE 1975 READ_ISSUE 98 0 1 34 11 3f 0 0
TRACE 1976 READ_ISSUE 98 0 1 34 12 3f 0 0
TRACE 1978 READ_ISSUE 98 0 1 34 13 3f 0 0
TRACE 1979 READ_ISSUE 98 0 1 34 14 3f 0 0
TRACE 1980 READ_ISSUE 98 0 1 34 15 3f 0 0
TRACE 1980 BLOCK_RELEASE 98 0 1 34 15 3f 0 0
TRACE 1981 READ_ISSUE 99 0 1 35 0 3f 0 0
TRACE 1982 LOAD_ACCEPT 100 0 0 0 0 0 0 0
TRACE 1983 READ_ISSUE 99 0 1 35 1 3f 0 0
TRACE 1984 READ_ISSUE 99 0 1 35 2 3f 0 0
TRACE 1985 READ_ISSUE 99 0 1 35 3 3f 0 0
TRACE 1986 READ_ISSUE 99 0 1 35 4 3f 0 0
TRACE 1988 READ_ISSUE 99 0 1 35 5 3f 0 0
TRACE 1989 READ_ISSUE 99 0 1 35 6 3f 0 0
TRACE 1990 READ_ISSUE 99 0 1 35 7 3f 0 0
TRACE 1991 READ_ISSUE 99 0 1 35 8 3f 0 0
TRACE 1993 READ_ISSUE 99 0 1 35 9 3f 0 0
TRACE 1994 READ_ISSUE 99 0 1 35 10 3f 0 0
TRACE 1995 READ_ISSUE 99 0 1 35 11 3f 0 0
TRACE 1996 READ_ISSUE 99 0 1 35 12 3f 0 0
TRACE 1998 READ_ISSUE 99 0 1 35 13 3f 0 0
TRACE 1999 READ_ISSUE 99 0 1 35 14 3f 0 0
TRACE 2000 READ_ISSUE 99 0 1 35 15 3f 0 0
TRACE 2000 BLOCK_RELEASE 99 0 1 35 15 3f 0 0
TRACE 2001 READ_ISSUE 100 0 1 36 0 3f 0 0
TRACE 2002 LOAD_ACCEPT 101 0 0 0 0 0 0 0
TRACE 2003 READ_ISSUE 100 0 1 36 1 3f 0 0
TRACE 2004 READ_ISSUE 100 0 1 36 2 3f 0 0
TRACE 2005 READ_ISSUE 100 0 1 36 3 3f 0 0
TRACE 2006 READ_ISSUE 100 0 1 36 4 3f 0 0
TRACE 2008 READ_ISSUE 100 0 1 36 5 3f 0 0
TRACE 2009 READ_ISSUE 100 0 1 36 6 3f 0 0
TRACE 2010 READ_ISSUE 100 0 1 36 7 3f 0 0
TRACE 2011 READ_ISSUE 100 0 1 36 8 3f 0 0
TRACE 2013 READ_ISSUE 100 0 1 36 9 3f 0 0
TRACE 2014 READ_ISSUE 100 0 1 36 10 3f 0 0
TRACE 2015 READ_ISSUE 100 0 1 36 11 3f 0 0
TRACE 2016 READ_ISSUE 100 0 1 36 12 3f 0 0
TRACE 2018 READ_ISSUE 100 0 1 36 13 3f 0 0
TRACE 2019 READ_ISSUE 100 0 1 36 14 3f 0 0
TRACE 2020 READ_ISSUE 100 0 1 36 15 3f 0 0
TRACE 2020 BLOCK_RELEASE 100 0 1 36 15 3f 0 0
TRACE 2021 READ_ISSUE 101 0 1 37 0 3f 0 0
TRACE 2022 LOAD_ACCEPT 102 0 0 0 0 0 0 0
TRACE 2023 READ_ISSUE 101 0 1 37 1 3f 0 0
TRACE 2024 READ_ISSUE 101 0 1 37 2 3f 0 0
TRACE 2025 READ_ISSUE 101 0 1 37 3 3f 0 0
TRACE 2026 READ_ISSUE 101 0 1 37 4 3f 0 0
TRACE 2028 READ_ISSUE 101 0 1 37 5 3f 0 0
TRACE 2029 READ_ISSUE 101 0 1 37 6 3f 0 0
TRACE 2030 READ_ISSUE 101 0 1 37 7 3f 0 0
TRACE 2031 READ_ISSUE 101 0 1 37 8 3f 0 0
TRACE 2033 READ_ISSUE 101 0 1 37 9 3f 0 0
TRACE 2034 READ_ISSUE 101 0 1 37 10 3f 0 0
TRACE 2035 READ_ISSUE 101 0 1 37 11 3f 0 0
TRACE 2036 READ_ISSUE 101 0 1 37 12 3f 0 0
TRACE 2038 READ_ISSUE 101 0 1 37 13 3f 0 0
TRACE 2039 READ_ISSUE 101 0 1 37 14 3f 0 0
TRACE 2040 READ_ISSUE 101 0 1 37 15 3f 0 0
TRACE 2040 BLOCK_RELEASE 101 0 1 37 15 3f 0 0
TRACE 2041 READ_ISSUE 102 0 1 38 0 3f 0 0
TRACE 2042 LOAD_ACCEPT 103 0 0 0 0 0 0 0
TRACE 2043 READ_ISSUE 102 0 1 38 1 3f 0 0
TRACE 2044 READ_ISSUE 102 0 1 38 2 3f 0 0
TRACE 2045 READ_ISSUE 102 0 1 38 3 3f 0 0
TRACE 2046 READ_ISSUE 102 0 1 38 4 3f 0 0
TRACE 2048 READ_ISSUE 102 0 1 38 5 3f 0 0
TRACE 2049 READ_ISSUE 102 0 1 38 6 3f 0 0
TRACE 2050 READ_ISSUE 102 0 1 38 7 3f 0 0
TRACE 2051 READ_ISSUE 102 0 1 38 8 3f 0 0
TRACE 2053 READ_ISSUE 102 0 1 38 9 3f 0 0
TRACE 2054 READ_ISSUE 102 0 1 38 10 3f 0 0
TRACE 2055 READ_ISSUE 102 0 1 38 11 3f 0 0
TRACE 2056 READ_ISSUE 102 0 1 38 12 3f 0 0
TRACE 2058 READ_ISSUE 102 0 1 38 13 3f 0 0
TRACE 2059 READ_ISSUE 102 0 1 38 14 3f 0 0
TRACE 2060 READ_ISSUE 102 0 1 38 15 3f 0 0
TRACE 2060 BLOCK_RELEASE 102 0 1 38 15 3f 0 0
TRACE 2061 READ_ISSUE 103 0 1 39 0 3f 0 0
TRACE 2062 LOAD_ACCEPT 104 0 0 0 0 0 0 0
TRACE 2063 READ_ISSUE 103 0 1 39 1 3f 0 0
TRACE 2064 READ_ISSUE 103 0 1 39 2 3f 0 0
TRACE 2065 READ_ISSUE 103 0 1 39 3 3f 0 0
TRACE 2066 READ_ISSUE 103 0 1 39 4 3f 0 0
TRACE 2068 READ_ISSUE 103 0 1 39 5 3f 0 0
TRACE 2069 READ_ISSUE 103 0 1 39 6 3f 0 0
TRACE 2070 READ_ISSUE 103 0 1 39 7 3f 0 0
TRACE 2071 READ_ISSUE 103 0 1 39 8 3f 0 0
TRACE 2073 READ_ISSUE 103 0 1 39 9 3f 0 0
TRACE 2074 READ_ISSUE 103 0 1 39 10 3f 0 0
TRACE 2075 READ_ISSUE 103 0 1 39 11 3f 0 0
TRACE 2076 READ_ISSUE 103 0 1 39 12 3f 0 0
TRACE 2078 READ_ISSUE 103 0 1 39 13 3f 0 0
TRACE 2079 READ_ISSUE 103 0 1 39 14 3f 0 0
TRACE 2080 READ_ISSUE 103 0 1 39 15 3f 0 0
TRACE 2080 BLOCK_RELEASE 103 0 1 39 15 3f 0 0
TRACE 2081 READ_ISSUE 104 0 1 40 0 3f 0 0
TRACE 2082 LOAD_ACCEPT 105 0 0 0 0 0 0 0
TRACE 2083 READ_ISSUE 104 0 1 40 1 3f 0 0
TRACE 2084 READ_ISSUE 104 0 1 40 2 3f 0 0
TRACE 2085 READ_ISSUE 104 0 1 40 3 3f 0 0
TRACE 2086 READ_ISSUE 104 0 1 40 4 3f 0 0
TRACE 2088 READ_ISSUE 104 0 1 40 5 3f 0 0
TRACE 2089 READ_ISSUE 104 0 1 40 6 3f 0 0
TRACE 2090 READ_ISSUE 104 0 1 40 7 3f 0 0
TRACE 2091 READ_ISSUE 104 0 1 40 8 3f 0 0
TRACE 2093 READ_ISSUE 104 0 1 40 9 3f 0 0
TRACE 2094 READ_ISSUE 104 0 1 40 10 3f 0 0
TRACE 2095 READ_ISSUE 104 0 1 40 11 3f 0 0
TRACE 2096 READ_ISSUE 104 0 1 40 12 3f 0 0
TRACE 2098 READ_ISSUE 104 0 1 40 13 3f 0 0
TRACE 2099 READ_ISSUE 104 0 1 40 14 3f 0 0
TRACE 2100 READ_ISSUE 104 0 1 40 15 3f 0 0
TRACE 2100 BLOCK_RELEASE 104 0 1 40 15 3f 0 0
TRACE 2101 READ_ISSUE 105 0 1 41 0 3f 0 0
TRACE 2102 LOAD_ACCEPT 106 0 0 0 0 0 0 0
TRACE 2103 READ_ISSUE 105 0 1 41 1 3f 0 0
TRACE 2104 READ_ISSUE 105 0 1 41 2 3f 0 0
TRACE 2105 READ_ISSUE 105 0 1 41 3 3f 0 0
TRACE 2106 READ_ISSUE 105 0 1 41 4 3f 0 0
TRACE 2108 READ_ISSUE 105 0 1 41 5 3f 0 0
TRACE 2109 READ_ISSUE 105 0 1 41 6 3f 0 0
TRACE 2110 READ_ISSUE 105 0 1 41 7 3f 0 0
TRACE 2111 READ_ISSUE 105 0 1 41 8 3f 0 0
TRACE 2113 READ_ISSUE 105 0 1 41 9 3f 0 0
TRACE 2114 READ_ISSUE 105 0 1 41 10 3f 0 0
TRACE 2115 READ_ISSUE 105 0 1 41 11 3f 0 0
TRACE 2116 READ_ISSUE 105 0 1 41 12 3f 0 0
TRACE 2118 READ_ISSUE 105 0 1 41 13 3f 0 0
TRACE 2119 READ_ISSUE 105 0 1 41 14 3f 0 0
TRACE 2120 READ_ISSUE 105 0 1 41 15 3f 0 0
TRACE 2120 BLOCK_RELEASE 105 0 1 41 15 3f 0 0
TRACE 2121 READ_ISSUE 106 0 1 42 0 3f 0 0
TRACE 2122 LOAD_ACCEPT 107 0 0 0 0 0 0 0
TRACE 2123 READ_ISSUE 106 0 1 42 1 3f 0 0
TRACE 2124 READ_ISSUE 106 0 1 42 2 3f 0 0
TRACE 2125 READ_ISSUE 106 0 1 42 3 3f 0 0
TRACE 2126 READ_ISSUE 106 0 1 42 4 3f 0 0
TRACE 2128 READ_ISSUE 106 0 1 42 5 3f 0 0
TRACE 2129 READ_ISSUE 106 0 1 42 6 3f 0 0
TRACE 2130 READ_ISSUE 106 0 1 42 7 3f 0 0
TRACE 2131 READ_ISSUE 106 0 1 42 8 3f 0 0
TRACE 2133 READ_ISSUE 106 0 1 42 9 3f 0 0
TRACE 2134 READ_ISSUE 106 0 1 42 10 3f 0 0
TRACE 2135 READ_ISSUE 106 0 1 42 11 3f 0 0
TRACE 2136 READ_ISSUE 106 0 1 42 12 3f 0 0
TRACE 2138 READ_ISSUE 106 0 1 42 13 3f 0 0
TRACE 2139 READ_ISSUE 106 0 1 42 14 3f 0 0
TRACE 2140 READ_ISSUE 106 0 1 42 15 3f 0 0
TRACE 2140 BLOCK_RELEASE 106 0 1 42 15 3f 0 0
TRACE 2141 READ_ISSUE 107 0 1 43 0 3f 0 0
TRACE 2142 LOAD_ACCEPT 108 0 0 0 0 0 0 0
TRACE 2143 READ_ISSUE 107 0 1 43 1 3f 0 0
TRACE 2144 READ_ISSUE 107 0 1 43 2 3f 0 0
TRACE 2145 READ_ISSUE 107 0 1 43 3 3f 0 0
TRACE 2146 READ_ISSUE 107 0 1 43 4 3f 0 0
TRACE 2148 READ_ISSUE 107 0 1 43 5 3f 0 0
TRACE 2149 READ_ISSUE 107 0 1 43 6 3f 0 0
TRACE 2150 READ_ISSUE 107 0 1 43 7 3f 0 0
TRACE 2151 READ_ISSUE 107 0 1 43 8 3f 0 0
TRACE 2153 READ_ISSUE 107 0 1 43 9 3f 0 0
TRACE 2154 READ_ISSUE 107 0 1 43 10 3f 0 0
TRACE 2155 READ_ISSUE 107 0 1 43 11 3f 0 0
TRACE 2156 READ_ISSUE 107 0 1 43 12 3f 0 0
TRACE 2158 READ_ISSUE 107 0 1 43 13 3f 0 0
TRACE 2159 READ_ISSUE 107 0 1 43 14 3f 0 0
TRACE 2160 READ_ISSUE 107 0 1 43 15 3f 0 0
TRACE 2160 BLOCK_RELEASE 107 0 1 43 15 3f 0 0
TRACE 2161 READ_ISSUE 108 0 1 44 0 3f 0 0
TRACE 2162 LOAD_ACCEPT 109 0 0 0 0 0 0 0
TRACE 2163 READ_ISSUE 108 0 1 44 1 3f 0 0
TRACE 2164 READ_ISSUE 108 0 1 44 2 3f 0 0
TRACE 2165 READ_ISSUE 108 0 1 44 3 3f 0 0
TRACE 2166 READ_ISSUE 108 0 1 44 4 3f 0 0
TRACE 2168 READ_ISSUE 108 0 1 44 5 3f 0 0
TRACE 2169 READ_ISSUE 108 0 1 44 6 3f 0 0
TRACE 2170 READ_ISSUE 108 0 1 44 7 3f 0 0
TRACE 2171 READ_ISSUE 108 0 1 44 8 3f 0 0
TRACE 2173 READ_ISSUE 108 0 1 44 9 3f 0 0
TRACE 2174 READ_ISSUE 108 0 1 44 10 3f 0 0
TRACE 2175 READ_ISSUE 108 0 1 44 11 3f 0 0
TRACE 2176 READ_ISSUE 108 0 1 44 12 3f 0 0
TRACE 2178 READ_ISSUE 108 0 1 44 13 3f 0 0
TRACE 2179 READ_ISSUE 108 0 1 44 14 3f 0 0
TRACE 2180 READ_ISSUE 108 0 1 44 15 3f 0 0
TRACE 2180 BLOCK_RELEASE 108 0 1 44 15 3f 0 0
TRACE 2181 READ_ISSUE 109 0 1 45 0 3f 0 0
TRACE 2182 LOAD_ACCEPT 110 0 0 0 0 0 0 0
TRACE 2183 READ_ISSUE 109 0 1 45 1 3f 0 0
TRACE 2184 READ_ISSUE 109 0 1 45 2 3f 0 0
TRACE 2185 READ_ISSUE 109 0 1 45 3 3f 0 0
TRACE 2186 READ_ISSUE 109 0 1 45 4 3f 0 0
TRACE 2188 READ_ISSUE 109 0 1 45 5 3f 0 0
TRACE 2189 READ_ISSUE 109 0 1 45 6 3f 0 0
TRACE 2190 READ_ISSUE 109 0 1 45 7 3f 0 0
TRACE 2191 READ_ISSUE 109 0 1 45 8 3f 0 0
TRACE 2193 READ_ISSUE 109 0 1 45 9 3f 0 0
TRACE 2194 READ_ISSUE 109 0 1 45 10 3f 0 0
TRACE 2195 READ_ISSUE 109 0 1 45 11 3f 0 0
TRACE 2196 READ_ISSUE 109 0 1 45 12 3f 0 0
TRACE 2198 READ_ISSUE 109 0 1 45 13 3f 0 0
TRACE 2199 READ_ISSUE 109 0 1 45 14 3f 0 0
TRACE 2200 READ_ISSUE 109 0 1 45 15 3f 0 0
TRACE 2200 BLOCK_RELEASE 109 0 1 45 15 3f 0 0
TRACE 2201 READ_ISSUE 110 0 1 46 0 3f 0 0
TRACE 2202 LOAD_ACCEPT 111 0 0 0 0 0 0 0
TRACE 2203 READ_ISSUE 110 0 1 46 1 3f 0 0
TRACE 2204 READ_ISSUE 110 0 1 46 2 3f 0 0
TRACE 2205 READ_ISSUE 110 0 1 46 3 3f 0 0
TRACE 2206 READ_ISSUE 110 0 1 46 4 3f 0 0
TRACE 2208 READ_ISSUE 110 0 1 46 5 3f 0 0
TRACE 2209 READ_ISSUE 110 0 1 46 6 3f 0 0
TRACE 2210 READ_ISSUE 110 0 1 46 7 3f 0 0
TRACE 2211 READ_ISSUE 110 0 1 46 8 3f 0 0
TRACE 2213 READ_ISSUE 110 0 1 46 9 3f 0 0
TRACE 2214 READ_ISSUE 110 0 1 46 10 3f 0 0
TRACE 2215 READ_ISSUE 110 0 1 46 11 3f 0 0
TRACE 2216 READ_ISSUE 110 0 1 46 12 3f 0 0
TRACE 2218 READ_ISSUE 110 0 1 46 13 3f 0 0
TRACE 2219 READ_ISSUE 110 0 1 46 14 3f 0 0
TRACE 2220 READ_ISSUE 110 0 1 46 15 3f 0 0
TRACE 2220 BLOCK_RELEASE 110 0 1 46 15 3f 0 0
TRACE 2221 READ_ISSUE 111 0 1 47 0 3f 0 0
TRACE 2222 LOAD_ACCEPT 112 0 0 0 0 0 0 0
TRACE 2223 READ_ISSUE 111 0 1 47 1 3f 0 0
TRACE 2224 READ_ISSUE 111 0 1 47 2 3f 0 0
TRACE 2225 READ_ISSUE 111 0 1 47 3 3f 0 0
TRACE 2226 READ_ISSUE 111 0 1 47 4 3f 0 0
TRACE 2228 READ_ISSUE 111 0 1 47 5 3f 0 0
TRACE 2229 READ_ISSUE 111 0 1 47 6 3f 0 0
TRACE 2230 READ_ISSUE 111 0 1 47 7 3f 0 0
TRACE 2231 READ_ISSUE 111 0 1 47 8 3f 0 0
TRACE 2233 READ_ISSUE 111 0 1 47 9 3f 0 0
TRACE 2234 READ_ISSUE 111 0 1 47 10 3f 0 0
TRACE 2235 READ_ISSUE 111 0 1 47 11 3f 0 0
TRACE 2236 READ_ISSUE 111 0 1 47 12 3f 0 0
TRACE 2238 READ_ISSUE 111 0 1 47 13 3f 0 0
TRACE 2239 READ_ISSUE 111 0 1 47 14 3f 0 0
TRACE 2240 READ_ISSUE 111 0 1 47 15 3f 0 0
TRACE 2240 BLOCK_RELEASE 111 0 1 47 15 3f 0 0
TRACE 2241 READ_ISSUE 112 0 1 48 0 3f 0 0
TRACE 2242 LOAD_ACCEPT 113 0 0 0 0 0 0 0
TRACE 2243 READ_ISSUE 112 0 1 48 1 3f 0 0
TRACE 2244 READ_ISSUE 112 0 1 48 2 3f 0 0
TRACE 2245 READ_ISSUE 112 0 1 48 3 3f 0 0
TRACE 2246 READ_ISSUE 112 0 1 48 4 3f 0 0
TRACE 2248 READ_ISSUE 112 0 1 48 5 3f 0 0
TRACE 2249 READ_ISSUE 112 0 1 48 6 3f 0 0
TRACE 2250 READ_ISSUE 112 0 1 48 7 3f 0 0
TRACE 2251 READ_ISSUE 112 0 1 48 8 3f 0 0
TRACE 2253 READ_ISSUE 112 0 1 48 9 3f 0 0
TRACE 2254 READ_ISSUE 112 0 1 48 10 3f 0 0
TRACE 2255 READ_ISSUE 112 0 1 48 11 3f 0 0
TRACE 2256 READ_ISSUE 112 0 1 48 12 3f 0 0
TRACE 2258 READ_ISSUE 112 0 1 48 13 3f 0 0
TRACE 2259 READ_ISSUE 112 0 1 48 14 3f 0 0
TRACE 2260 READ_ISSUE 112 0 1 48 15 3f 0 0
TRACE 2260 BLOCK_RELEASE 112 0 1 48 15 3f 0 0
TRACE 2261 READ_ISSUE 113 0 1 49 0 3f 0 0
TRACE 2262 LOAD_ACCEPT 114 0 0 0 0 0 0 0
TRACE 2263 READ_ISSUE 113 0 1 49 1 3f 0 0
TRACE 2264 READ_ISSUE 113 0 1 49 2 3f 0 0
TRACE 2265 READ_ISSUE 113 0 1 49 3 3f 0 0
TRACE 2266 READ_ISSUE 113 0 1 49 4 3f 0 0
TRACE 2268 READ_ISSUE 113 0 1 49 5 3f 0 0
TRACE 2269 READ_ISSUE 113 0 1 49 6 3f 0 0
TRACE 2270 READ_ISSUE 113 0 1 49 7 3f 0 0
TRACE 2271 READ_ISSUE 113 0 1 49 8 3f 0 0
TRACE 2273 READ_ISSUE 113 0 1 49 9 3f 0 0
TRACE 2274 READ_ISSUE 113 0 1 49 10 3f 0 0
TRACE 2275 READ_ISSUE 113 0 1 49 11 3f 0 0
TRACE 2276 READ_ISSUE 113 0 1 49 12 3f 0 0
TRACE 2278 READ_ISSUE 113 0 1 49 13 3f 0 0
TRACE 2279 READ_ISSUE 113 0 1 49 14 3f 0 0
TRACE 2280 READ_ISSUE 113 0 1 49 15 3f 0 0
TRACE 2280 BLOCK_RELEASE 113 0 1 49 15 3f 0 0
TRACE 2281 READ_ISSUE 114 0 1 50 0 3f 0 0
TRACE 2282 LOAD_ACCEPT 115 0 0 0 0 0 0 0
TRACE 2283 READ_ISSUE 114 0 1 50 1 3f 0 0
TRACE 2284 READ_ISSUE 114 0 1 50 2 3f 0 0
TRACE 2285 READ_ISSUE 114 0 1 50 3 3f 0 0
TRACE 2286 READ_ISSUE 114 0 1 50 4 3f 0 0
TRACE 2288 READ_ISSUE 114 0 1 50 5 3f 0 0
TRACE 2289 READ_ISSUE 114 0 1 50 6 3f 0 0
TRACE 2290 READ_ISSUE 114 0 1 50 7 3f 0 0
TRACE 2291 READ_ISSUE 114 0 1 50 8 3f 0 0
TRACE 2293 READ_ISSUE 114 0 1 50 9 3f 0 0
TRACE 2294 READ_ISSUE 114 0 1 50 10 3f 0 0
TRACE 2295 READ_ISSUE 114 0 1 50 11 3f 0 0
TRACE 2296 READ_ISSUE 114 0 1 50 12 3f 0 0
TRACE 2298 READ_ISSUE 114 0 1 50 13 3f 0 0
TRACE 2299 READ_ISSUE 114 0 1 50 14 3f 0 0
TRACE 2300 READ_ISSUE 114 0 1 50 15 3f 0 0
TRACE 2300 BLOCK_RELEASE 114 0 1 50 15 3f 0 0
TRACE 2301 READ_ISSUE 115 0 1 51 0 3f 0 0
TRACE 2302 LOAD_ACCEPT 116 0 0 0 0 0 0 0
TRACE 2303 READ_ISSUE 115 0 1 51 1 3f 0 0
TRACE 2304 READ_ISSUE 115 0 1 51 2 3f 0 0
TRACE 2305 READ_ISSUE 115 0 1 51 3 3f 0 0
TRACE 2306 READ_ISSUE 115 0 1 51 4 3f 0 0
TRACE 2308 READ_ISSUE 115 0 1 51 5 3f 0 0
TRACE 2309 READ_ISSUE 115 0 1 51 6 3f 0 0
TRACE 2310 READ_ISSUE 115 0 1 51 7 3f 0 0
TRACE 2311 READ_ISSUE 115 0 1 51 8 3f 0 0
TRACE 2313 READ_ISSUE 115 0 1 51 9 3f 0 0
TRACE 2314 READ_ISSUE 115 0 1 51 10 3f 0 0
TRACE 2315 READ_ISSUE 115 0 1 51 11 3f 0 0
TRACE 2316 READ_ISSUE 115 0 1 51 12 3f 0 0
TRACE 2318 READ_ISSUE 115 0 1 51 13 3f 0 0
TRACE 2319 READ_ISSUE 115 0 1 51 14 3f 0 0
TRACE 2320 READ_ISSUE 115 0 1 51 15 3f 0 0
TRACE 2320 BLOCK_RELEASE 115 0 1 51 15 3f 0 0
TRACE 2321 READ_ISSUE 116 0 1 52 0 3f 0 0
TRACE 2322 LOAD_ACCEPT 117 0 0 0 0 0 0 0
TRACE 2323 READ_ISSUE 116 0 1 52 1 3f 0 0
TRACE 2324 READ_ISSUE 116 0 1 52 2 3f 0 0
TRACE 2325 READ_ISSUE 116 0 1 52 3 3f 0 0
TRACE 2326 READ_ISSUE 116 0 1 52 4 3f 0 0
TRACE 2328 READ_ISSUE 116 0 1 52 5 3f 0 0
TRACE 2329 READ_ISSUE 116 0 1 52 6 3f 0 0
TRACE 2330 READ_ISSUE 116 0 1 52 7 3f 0 0
TRACE 2331 READ_ISSUE 116 0 1 52 8 3f 0 0
TRACE 2333 READ_ISSUE 116 0 1 52 9 3f 0 0
TRACE 2334 READ_ISSUE 116 0 1 52 10 3f 0 0
TRACE 2335 READ_ISSUE 116 0 1 52 11 3f 0 0
TRACE 2336 READ_ISSUE 116 0 1 52 12 3f 0 0
TRACE 2338 READ_ISSUE 116 0 1 52 13 3f 0 0
TRACE 2339 READ_ISSUE 116 0 1 52 14 3f 0 0
TRACE 2340 READ_ISSUE 116 0 1 52 15 3f 0 0
TRACE 2340 BLOCK_RELEASE 116 0 1 52 15 3f 0 0
TRACE 2341 READ_ISSUE 117 0 1 53 0 3f 0 0
TRACE 2342 LOAD_ACCEPT 118 0 0 0 0 0 0 0
TRACE 2343 READ_ISSUE 117 0 1 53 1 3f 0 0
TRACE 2344 READ_ISSUE 117 0 1 53 2 3f 0 0
TRACE 2345 READ_ISSUE 117 0 1 53 3 3f 0 0
TRACE 2346 READ_ISSUE 117 0 1 53 4 3f 0 0
TRACE 2348 READ_ISSUE 117 0 1 53 5 3f 0 0
TRACE 2349 READ_ISSUE 117 0 1 53 6 3f 0 0
TRACE 2350 READ_ISSUE 117 0 1 53 7 3f 0 0
TRACE 2351 READ_ISSUE 117 0 1 53 8 3f 0 0
TRACE 2353 READ_ISSUE 117 0 1 53 9 3f 0 0
TRACE 2354 READ_ISSUE 117 0 1 53 10 3f 0 0
TRACE 2355 READ_ISSUE 117 0 1 53 11 3f 0 0
TRACE 2356 READ_ISSUE 117 0 1 53 12 3f 0 0
TRACE 2358 READ_ISSUE 117 0 1 53 13 3f 0 0
TRACE 2359 READ_ISSUE 117 0 1 53 14 3f 0 0
TRACE 2360 READ_ISSUE 117 0 1 53 15 3f 0 0
TRACE 2360 BLOCK_RELEASE 117 0 1 53 15 3f 0 0
TRACE 2361 READ_ISSUE 118 0 1 54 0 3f 0 0
TRACE 2362 LOAD_ACCEPT 119 0 0 0 0 0 0 0
TRACE 2363 READ_ISSUE 118 0 1 54 1 3f 0 0
TRACE 2364 READ_ISSUE 118 0 1 54 2 3f 0 0
TRACE 2365 READ_ISSUE 118 0 1 54 3 3f 0 0
TRACE 2366 READ_ISSUE 118 0 1 54 4 3f 0 0
TRACE 2368 READ_ISSUE 118 0 1 54 5 3f 0 0
TRACE 2369 READ_ISSUE 118 0 1 54 6 3f 0 0
TRACE 2370 READ_ISSUE 118 0 1 54 7 3f 0 0
TRACE 2371 READ_ISSUE 118 0 1 54 8 3f 0 0
TRACE 2373 READ_ISSUE 118 0 1 54 9 3f 0 0
TRACE 2374 READ_ISSUE 118 0 1 54 10 3f 0 0
TRACE 2375 READ_ISSUE 118 0 1 54 11 3f 0 0
TRACE 2376 READ_ISSUE 118 0 1 54 12 3f 0 0
TRACE 2378 READ_ISSUE 118 0 1 54 13 3f 0 0
TRACE 2379 READ_ISSUE 118 0 1 54 14 3f 0 0
TRACE 2380 READ_ISSUE 118 0 1 54 15 3f 0 0
TRACE 2380 BLOCK_RELEASE 118 0 1 54 15 3f 0 0
TRACE 2381 READ_ISSUE 119 0 1 55 0 3f 0 0
TRACE 2382 LOAD_ACCEPT 120 0 0 0 0 0 0 0
TRACE 2383 READ_ISSUE 119 0 1 55 1 3f 0 0
TRACE 2384 READ_ISSUE 119 0 1 55 2 3f 0 0
TRACE 2385 READ_ISSUE 119 0 1 55 3 3f 0 0
TRACE 2386 READ_ISSUE 119 0 1 55 4 3f 0 0
TRACE 2388 READ_ISSUE 119 0 1 55 5 3f 0 0
TRACE 2389 READ_ISSUE 119 0 1 55 6 3f 0 0
TRACE 2390 READ_ISSUE 119 0 1 55 7 3f 0 0
TRACE 2391 READ_ISSUE 119 0 1 55 8 3f 0 0
TRACE 2393 READ_ISSUE 119 0 1 55 9 3f 0 0
TRACE 2394 READ_ISSUE 119 0 1 55 10 3f 0 0
TRACE 2395 READ_ISSUE 119 0 1 55 11 3f 0 0
TRACE 2396 READ_ISSUE 119 0 1 55 12 3f 0 0
TRACE 2398 READ_ISSUE 119 0 1 55 13 3f 0 0
TRACE 2399 READ_ISSUE 119 0 1 55 14 3f 0 0
TRACE 2400 READ_ISSUE 119 0 1 55 15 3f 0 0
TRACE 2400 BLOCK_RELEASE 119 0 1 55 15 3f 0 0
TRACE 2401 READ_ISSUE 120 0 1 56 0 3f 0 0
TRACE 2402 LOAD_ACCEPT 121 0 0 0 0 0 0 0
TRACE 2403 READ_ISSUE 120 0 1 56 1 3f 0 0
TRACE 2404 READ_ISSUE 120 0 1 56 2 3f 0 0
TRACE 2405 READ_ISSUE 120 0 1 56 3 3f 0 0
TRACE 2406 READ_ISSUE 120 0 1 56 4 3f 0 0
TRACE 2408 READ_ISSUE 120 0 1 56 5 3f 0 0
TRACE 2409 READ_ISSUE 120 0 1 56 6 3f 0 0
TRACE 2410 READ_ISSUE 120 0 1 56 7 3f 0 0
TRACE 2411 READ_ISSUE 120 0 1 56 8 3f 0 0
TRACE 2413 READ_ISSUE 120 0 1 56 9 3f 0 0
TRACE 2414 READ_ISSUE 120 0 1 56 10 3f 0 0
TRACE 2415 READ_ISSUE 120 0 1 56 11 3f 0 0
TRACE 2416 READ_ISSUE 120 0 1 56 12 3f 0 0
TRACE 2418 READ_ISSUE 120 0 1 56 13 3f 0 0
TRACE 2419 READ_ISSUE 120 0 1 56 14 3f 0 0
TRACE 2420 READ_ISSUE 120 0 1 56 15 3f 0 0
TRACE 2420 BLOCK_RELEASE 120 0 1 56 15 3f 0 0
TRACE 2421 READ_ISSUE 121 0 1 57 0 3f 0 0
TRACE 2422 LOAD_ACCEPT 122 0 0 0 0 0 0 0
TRACE 2423 READ_ISSUE 121 0 1 57 1 3f 0 0
TRACE 2424 READ_ISSUE 121 0 1 57 2 3f 0 0
TRACE 2425 READ_ISSUE 121 0 1 57 3 3f 0 0
TRACE 2426 READ_ISSUE 121 0 1 57 4 3f 0 0
TRACE 2428 READ_ISSUE 121 0 1 57 5 3f 0 0
TRACE 2429 READ_ISSUE 121 0 1 57 6 3f 0 0
TRACE 2430 READ_ISSUE 121 0 1 57 7 3f 0 0
TRACE 2431 READ_ISSUE 121 0 1 57 8 3f 0 0
TRACE 2433 READ_ISSUE 121 0 1 57 9 3f 0 0
TRACE 2434 READ_ISSUE 121 0 1 57 10 3f 0 0
TRACE 2435 READ_ISSUE 121 0 1 57 11 3f 0 0
TRACE 2436 READ_ISSUE 121 0 1 57 12 3f 0 0
TRACE 2438 READ_ISSUE 121 0 1 57 13 3f 0 0
TRACE 2439 READ_ISSUE 121 0 1 57 14 3f 0 0
TRACE 2440 READ_ISSUE 121 0 1 57 15 3f 0 0
TRACE 2440 BLOCK_RELEASE 121 0 1 57 15 3f 0 0
TRACE 2441 READ_ISSUE 122 0 1 58 0 3f 0 0
TRACE 2442 LOAD_ACCEPT 123 0 0 0 0 0 0 0
TRACE 2443 READ_ISSUE 122 0 1 58 1 3f 0 0
TRACE 2444 READ_ISSUE 122 0 1 58 2 3f 0 0
TRACE 2445 READ_ISSUE 122 0 1 58 3 3f 0 0
TRACE 2446 READ_ISSUE 122 0 1 58 4 3f 0 0
TRACE 2448 READ_ISSUE 122 0 1 58 5 3f 0 0
TRACE 2449 READ_ISSUE 122 0 1 58 6 3f 0 0
TRACE 2450 READ_ISSUE 122 0 1 58 7 3f 0 0
TRACE 2451 READ_ISSUE 122 0 1 58 8 3f 0 0
TRACE 2453 READ_ISSUE 122 0 1 58 9 3f 0 0
TRACE 2454 READ_ISSUE 122 0 1 58 10 3f 0 0
TRACE 2455 READ_ISSUE 122 0 1 58 11 3f 0 0
TRACE 2456 READ_ISSUE 122 0 1 58 12 3f 0 0
TRACE 2458 READ_ISSUE 122 0 1 58 13 3f 0 0
TRACE 2459 READ_ISSUE 122 0 1 58 14 3f 0 0
TRACE 2460 READ_ISSUE 122 0 1 58 15 3f 0 0
TRACE 2460 BLOCK_RELEASE 122 0 1 58 15 3f 0 0
TRACE 2461 READ_ISSUE 123 0 1 59 0 3f 0 0
TRACE 2462 LOAD_ACCEPT 124 0 0 0 0 0 0 0
TRACE 2463 READ_ISSUE 123 0 1 59 1 3f 0 0
TRACE 2464 READ_ISSUE 123 0 1 59 2 3f 0 0
TRACE 2465 READ_ISSUE 123 0 1 59 3 3f 0 0
TRACE 2466 READ_ISSUE 123 0 1 59 4 3f 0 0
TRACE 2468 READ_ISSUE 123 0 1 59 5 3f 0 0
TRACE 2469 READ_ISSUE 123 0 1 59 6 3f 0 0
TRACE 2470 READ_ISSUE 123 0 1 59 7 3f 0 0
TRACE 2471 READ_ISSUE 123 0 1 59 8 3f 0 0
TRACE 2473 READ_ISSUE 123 0 1 59 9 3f 0 0
TRACE 2474 READ_ISSUE 123 0 1 59 10 3f 0 0
TRACE 2475 READ_ISSUE 123 0 1 59 11 3f 0 0
TRACE 2476 READ_ISSUE 123 0 1 59 12 3f 0 0
TRACE 2478 READ_ISSUE 123 0 1 59 13 3f 0 0
TRACE 2479 READ_ISSUE 123 0 1 59 14 3f 0 0
TRACE 2480 READ_ISSUE 123 0 1 59 15 3f 0 0
TRACE 2480 BLOCK_RELEASE 123 0 1 59 15 3f 0 0
TRACE 2481 READ_ISSUE 124 0 1 60 0 3f 0 0
TRACE 2482 LOAD_ACCEPT 125 0 0 0 0 0 0 0
TRACE 2483 READ_ISSUE 124 0 1 60 1 3f 0 0
TRACE 2484 READ_ISSUE 124 0 1 60 2 3f 0 0
TRACE 2485 READ_ISSUE 124 0 1 60 3 3f 0 0
TRACE 2486 READ_ISSUE 124 0 1 60 4 3f 0 0
TRACE 2488 READ_ISSUE 124 0 1 60 5 3f 0 0
TRACE 2489 READ_ISSUE 124 0 1 60 6 3f 0 0
TRACE 2490 READ_ISSUE 124 0 1 60 7 3f 0 0
TRACE 2491 READ_ISSUE 124 0 1 60 8 3f 0 0
TRACE 2493 READ_ISSUE 124 0 1 60 9 3f 0 0
TRACE 2494 READ_ISSUE 124 0 1 60 10 3f 0 0
TRACE 2495 READ_ISSUE 124 0 1 60 11 3f 0 0
TRACE 2496 READ_ISSUE 124 0 1 60 12 3f 0 0
TRACE 2498 READ_ISSUE 124 0 1 60 13 3f 0 0
TRACE 2499 READ_ISSUE 124 0 1 60 14 3f 0 0
TRACE 2500 READ_ISSUE 124 0 1 60 15 3f 0 0
TRACE 2500 BLOCK_RELEASE 124 0 1 60 15 3f 0 0
TRACE 2501 READ_ISSUE 125 0 1 61 0 3f 0 0
TRACE 2502 LOAD_ACCEPT 126 0 0 0 0 0 0 0
TRACE 2503 READ_ISSUE 125 0 1 61 1 3f 0 0
TRACE 2504 READ_ISSUE 125 0 1 61 2 3f 0 0
TRACE 2505 READ_ISSUE 125 0 1 61 3 3f 0 0
TRACE 2506 READ_ISSUE 125 0 1 61 4 3f 0 0
TRACE 2508 READ_ISSUE 125 0 1 61 5 3f 0 0
TRACE 2509 READ_ISSUE 125 0 1 61 6 3f 0 0
TRACE 2510 READ_ISSUE 125 0 1 61 7 3f 0 0
TRACE 2511 READ_ISSUE 125 0 1 61 8 3f 0 0
TRACE 2513 READ_ISSUE 125 0 1 61 9 3f 0 0
TRACE 2514 READ_ISSUE 125 0 1 61 10 3f 0 0
TRACE 2515 READ_ISSUE 125 0 1 61 11 3f 0 0
TRACE 2516 READ_ISSUE 125 0 1 61 12 3f 0 0
TRACE 2518 READ_ISSUE 125 0 1 61 13 3f 0 0
TRACE 2519 READ_ISSUE 125 0 1 61 14 3f 0 0
TRACE 2520 READ_ISSUE 125 0 1 61 15 3f 0 0
TRACE 2520 BLOCK_RELEASE 125 0 1 61 15 3f 0 0
TRACE 2521 READ_ISSUE 126 0 1 62 0 3f 0 0
TRACE 2522 LOAD_ACCEPT 127 0 0 0 0 0 0 0
TRACE 2523 READ_ISSUE 126 0 1 62 1 3f 0 0
TRACE 2524 READ_ISSUE 126 0 1 62 2 3f 0 0
TRACE 2525 READ_ISSUE 126 0 1 62 3 3f 0 0
TRACE 2526 READ_ISSUE 126 0 1 62 4 3f 0 0
TRACE 2528 READ_ISSUE 126 0 1 62 5 3f 0 0
TRACE 2529 READ_ISSUE 126 0 1 62 6 3f 0 0
TRACE 2530 READ_ISSUE 126 0 1 62 7 3f 0 0
TRACE 2531 READ_ISSUE 126 0 1 62 8 3f 0 0
TRACE 2533 READ_ISSUE 126 0 1 62 9 3f 0 0
TRACE 2534 READ_ISSUE 126 0 1 62 10 3f 0 0
TRACE 2535 READ_ISSUE 126 0 1 62 11 3f 0 0
TRACE 2536 READ_ISSUE 126 0 1 62 12 3f 0 0
TRACE 2538 READ_ISSUE 126 0 1 62 13 3f 0 0
TRACE 2539 READ_ISSUE 126 0 1 62 14 3f 0 0
TRACE 2540 READ_ISSUE 126 0 1 62 15 3f 0 0
TRACE 2540 BLOCK_RELEASE 126 0 1 62 15 3f 0 0
TRACE 2541 READ_ISSUE 127 0 1 63 0 3f 0 0
TRACE 2543 READ_ISSUE 127 0 1 63 1 3f 0 0
TRACE 2544 READ_ISSUE 127 0 1 63 2 3f 0 0
TRACE 2545 READ_ISSUE 127 0 1 63 3 3f 0 0
TRACE 2546 READ_ISSUE 127 0 1 63 4 3f 0 0
TRACE 2548 READ_ISSUE 127 0 1 63 5 3f 0 0
TRACE 2549 READ_ISSUE 127 0 1 63 6 3f 0 0
TRACE 2550 READ_ISSUE 127 0 1 63 7 3f 0 0
TRACE 2551 READ_ISSUE 127 0 1 63 8 3f 0 0
TRACE 2553 READ_ISSUE 127 0 1 63 9 3f 0 0
TRACE 2554 READ_ISSUE 127 0 1 63 10 3f 0 0
TRACE 2555 READ_ISSUE 127 0 1 63 11 3f 0 0
TRACE 2556 READ_ISSUE 127 0 1 63 12 3f 0 0
TRACE 2558 READ_ISSUE 127 0 1 63 13 3f 0 0
TRACE 2559 READ_ISSUE 127 0 1 63 14 3f 0 0
TRACE 2560 READ_ISSUE 127 0 1 63 15 3f 0 1
TRACE 2560 BLOCK_RELEASE 127 0 1 63 15 3f 0 1
SUMMARY 2561 128 2048 128 1764 1 512 2286
architecture_simulator/rtl/vertical_slice/tb_gtsu_dense_mnk_controller.sv:116: $finish called at 25636 (1s)
