
 /----------------------------------------------------------------------------\
 |                                                                            |
 |  yosys -- Yosys Open SYnthesis Suite                                       |
 |                                                                            |
 |  Copyright (C) 2012 - 2019  Clifford Wolf <clifford@clifford.at>           |
 |                                                                            |
 |  Permission to use, copy, modify, and/or distribute this software for any  |
 |  purpose with or without fee is hereby granted, provided that the above    |
 |  copyright notice and this permission notice appear in all copies.         |
 |                                                                            |
 |  THE SOFTWARE IS PROVIDED "AS IS" AND THE AUTHOR DISCLAIMS ALL WARRANTIES  |
 |  WITH REGARD TO THIS SOFTWARE INCLUDING ALL IMPLIED WARRANTIES OF          |
 |  MERCHANTABILITY AND FITNESS. IN NO EVENT SHALL THE AUTHOR BE LIABLE FOR   |
 |  ANY SPECIAL, DIRECT, INDIRECT, OR CONSEQUENTIAL DAMAGES OR ANY DAMAGES    |
 |  WHATSOEVER RESULTING FROM LOSS OF USE, DATA OR PROFITS, WHETHER IN AN     |
 |  ACTION OF CONTRACT, NEGLIGENCE OR OTHER TORTIOUS ACTION, ARISING OUT OF   |
 |  OR IN CONNECTION WITH THE USE OR PERFORMANCE OF THIS SOFTWARE.            |
 |                                                                            |
 \----------------------------------------------------------------------------/

 Yosys 0.9 (git sha1 1979e0b)


-- Running command `read_verilog -sv architecture_simulator/rtl/vertical_slice/gtsu_dot4_pe.sv architecture_simulator/rtl/vertical_slice/gtsu_dense_dot4_tile.sv architecture_simulator/rtl/vertical_slice/gtsu_requantize_int32.sv architecture_simulator/rtl/vertical_slice/gtsu_rv_fifo.sv architecture_simulator/rtl/vertical_slice/gtsu_banked_sram_2client.sv architecture_simulator/rtl/vertical_slice/gtsu_dense_mnk_controller.sv architecture_simulator/rtl/vertical_slice/gtsu_dense_sram_requant_pipeline.sv architecture_simulator/rtl/vertical_slice/gtsu_dram_dma_unpack.sv architecture_simulator/rtl/vertical_slice/gtsu_dense_dramsim_dma_pipeline.sv; chparam -set M 2 -set N 5 -set K 16 -set N_TILE 3 -set K_BLOCK 8 -set ROB_DEPTH 4 -set READ_LATENCY 3 -set FIFO_DEPTH 8 gtsu_dense_dramsim_dma_pipeline; hierarchy -check -top gtsu_dense_dramsim_dma_pipeline; proc; opt; check -assert; stat; write_json /tmp/gtsu_dramsim_dma_publ2tpg/dma_pipeline.json' --

1. Executing Verilog-2005 frontend: architecture_simulator/rtl/vertical_slice/gtsu_dot4_pe.sv
Parsing SystemVerilog input from `architecture_simulator/rtl/vertical_slice/gtsu_dot4_pe.sv' to AST representation.
Generating RTLIL representation for module `\gtsu_dot4_pe'.
Successfully finished Verilog frontend.

2. Executing Verilog-2005 frontend: architecture_simulator/rtl/vertical_slice/gtsu_dense_dot4_tile.sv
Parsing SystemVerilog input from `architecture_simulator/rtl/vertical_slice/gtsu_dense_dot4_tile.sv' to AST representation.
Generating RTLIL representation for module `\gtsu_dense_dot4_tile'.
Warning: Replacing memory \accumulator with list of registers. See architecture_simulator/rtl/vertical_slice/gtsu_dense_dot4_tile.sv:54
Successfully finished Verilog frontend.

3. Executing Verilog-2005 frontend: architecture_simulator/rtl/vertical_slice/gtsu_requantize_int32.sv
Parsing SystemVerilog input from `architecture_simulator/rtl/vertical_slice/gtsu_requantize_int32.sv' to AST representation.
Generating RTLIL representation for module `\gtsu_requantize_int32'.
Successfully finished Verilog frontend.

4. Executing Verilog-2005 frontend: architecture_simulator/rtl/vertical_slice/gtsu_rv_fifo.sv
Parsing SystemVerilog input from `architecture_simulator/rtl/vertical_slice/gtsu_rv_fifo.sv' to AST representation.
Generating RTLIL representation for module `\gtsu_rv_fifo'.
Warning: Replacing memory \storage with list of registers. See architecture_simulator/rtl/vertical_slice/gtsu_rv_fifo.sv:37
Successfully finished Verilog frontend.

5. Executing Verilog-2005 frontend: architecture_simulator/rtl/vertical_slice/gtsu_banked_sram_2client.sv
Parsing SystemVerilog input from `architecture_simulator/rtl/vertical_slice/gtsu_banked_sram_2client.sv' to AST representation.
Generating RTLIL representation for module `\gtsu_banked_sram_2client'.
Warning: Replacing memory \memory with list of registers. See architecture_simulator/rtl/vertical_slice/gtsu_banked_sram_2client.sv:120
Warning: Replacing memory \c1_data_pipe with list of registers. See architecture_simulator/rtl/vertical_slice/gtsu_banked_sram_2client.sv:87
Warning: Replacing memory \c0_data_pipe with list of registers. See architecture_simulator/rtl/vertical_slice/gtsu_banked_sram_2client.sv:86
Warning: Replacing memory \c1_row_pipe with list of registers. See architecture_simulator/rtl/vertical_slice/gtsu_banked_sram_2client.sv:85
Warning: Replacing memory \c0_row_pipe with list of registers. See architecture_simulator/rtl/vertical_slice/gtsu_banked_sram_2client.sv:84
Warning: Replacing memory \c1_bank_pipe with list of registers. See architecture_simulator/rtl/vertical_slice/gtsu_banked_sram_2client.sv:83
Warning: Replacing memory \c0_bank_pipe with list of registers. See architecture_simulator/rtl/vertical_slice/gtsu_banked_sram_2client.sv:82
Warning: Replacing memory \c1_tag_pipe with list of registers. See architecture_simulator/rtl/vertical_slice/gtsu_banked_sram_2client.sv:81
Warning: Replacing memory \c0_tag_pipe with list of registers. See architecture_simulator/rtl/vertical_slice/gtsu_banked_sram_2client.sv:80
Successfully finished Verilog frontend.

6. Executing Verilog-2005 frontend: architecture_simulator/rtl/vertical_slice/gtsu_dense_mnk_controller.sv
Parsing SystemVerilog input from `architecture_simulator/rtl/vertical_slice/gtsu_dense_mnk_controller.sv' to AST representation.
Generating RTLIL representation for module `\gtsu_dense_mnk_controller'.
Warning: Replacing memory \buffer_sequence with list of registers. See architecture_simulator/rtl/vertical_slice/gtsu_dense_mnk_controller.sv:74
Successfully finished Verilog frontend.

7. Executing Verilog-2005 frontend: architecture_simulator/rtl/vertical_slice/gtsu_dense_sram_requant_pipeline.sv
Parsing SystemVerilog input from `architecture_simulator/rtl/vertical_slice/gtsu_dense_sram_requant_pipeline.sv' to AST representation.
Generating RTLIL representation for module `\gtsu_dense_sram_requant_pipeline'.
Warning: Replacing memory \metadata_last with list of registers. See architecture_simulator/rtl/vertical_slice/gtsu_dense_sram_requant_pipeline.sv:249
Warning: Replacing memory \metadata_first with list of registers. See architecture_simulator/rtl/vertical_slice/gtsu_dense_sram_requant_pipeline.sv:248
Warning: Replacing memory \metadata_mask with list of registers. See architecture_simulator/rtl/vertical_slice/gtsu_dense_sram_requant_pipeline.sv:247
Warning: Replacing memory \metadata_sequence with list of registers. See architecture_simulator/rtl/vertical_slice/gtsu_dense_sram_requant_pipeline.sv:246
Successfully finished Verilog frontend.

8. Executing Verilog-2005 frontend: architecture_simulator/rtl/vertical_slice/gtsu_dram_dma_unpack.sv
Parsing SystemVerilog input from `architecture_simulator/rtl/vertical_slice/gtsu_dram_dma_unpack.sv' to AST representation.
Generating RTLIL representation for module `\gtsu_dram_dma_unpack'.
Warning: Replacing memory \rob_tag with list of registers. See architecture_simulator/rtl/vertical_slice/gtsu_dram_dma_unpack.sv:66
Warning: Replacing memory \rob_data with list of registers. See architecture_simulator/rtl/vertical_slice/gtsu_dram_dma_unpack.sv:65
Successfully finished Verilog frontend.

9. Executing Verilog-2005 frontend: architecture_simulator/rtl/vertical_slice/gtsu_dense_dramsim_dma_pipeline.sv
Parsing SystemVerilog input from `architecture_simulator/rtl/vertical_slice/gtsu_dense_dramsim_dma_pipeline.sv' to AST representation.
Generating RTLIL representation for module `\gtsu_dense_dramsim_dma_pipeline'.
Successfully finished Verilog frontend.

10. Executing AST frontend in derive mode using pre-parsed AST for module `\gtsu_dense_dramsim_dma_pipeline'.
Parameter \M = 2
Parameter \N = 5
Parameter \K = 16
Parameter \N_TILE = 3
Parameter \K_BLOCK = 8
Parameter \ROB_DEPTH = 4
Parameter \READ_LATENCY = 3
Parameter \FIFO_DEPTH = 8
Generating RTLIL representation for module `$paramod$1ea6baeab06d566e44d47e8ab6a1a9b6d62d7c2d\gtsu_dense_dramsim_dma_pipeline'.

11. Executing HIERARCHY pass (managing design hierarchy).

11.1. Analyzing design hierarchy..
Top module:  \gtsu_dense_dramsim_dma_pipeline
Used module:     \gtsu_dram_dma_unpack
Used module:     \gtsu_dense_sram_requant_pipeline
Used module:         \gtsu_requantize_int32
Used module:         \gtsu_dense_dot4_tile
Used module:             \gtsu_dot4_pe
Used module:         \gtsu_rv_fifo
Used module:         \gtsu_banked_sram_2client
Used module:         \gtsu_dense_mnk_controller

11.2. Executing AST frontend in derive mode using pre-parsed AST for module `\gtsu_requantize_int32'.
Parameter \TAG_WIDTH = 32
Generating RTLIL representation for module `$paramod\gtsu_requantize_int32\TAG_WIDTH=32'.

11.3. Executing AST frontend in derive mode using pre-parsed AST for module `\gtsu_requantize_int32'.
Parameter \TAG_WIDTH = 32
Found cached RTLIL representation for module `$paramod\gtsu_requantize_int32\TAG_WIDTH=32'.

11.4. Executing AST frontend in derive mode using pre-parsed AST for module `\gtsu_requantize_int32'.
Parameter \TAG_WIDTH = 32
Found cached RTLIL representation for module `$paramod\gtsu_requantize_int32\TAG_WIDTH=32'.

11.5. Executing AST frontend in derive mode using pre-parsed AST for module `\gtsu_dense_dot4_tile'.
Parameter \N_TILE = 3
Parameter \TAG_WIDTH = 32
Generating RTLIL representation for module `$paramod\gtsu_dense_dot4_tile\N_TILE=3\TAG_WIDTH=32'.
Warning: Replacing memory \accumulator with list of registers. See architecture_simulator/rtl/vertical_slice/gtsu_dense_dot4_tile.sv:54

11.6. Executing AST frontend in derive mode using pre-parsed AST for module `\gtsu_rv_fifo'.
Parameter \WIDTH = 165
Parameter \DEPTH = 8
Generating RTLIL representation for module `$paramod\gtsu_rv_fifo\WIDTH=165\DEPTH=8'.
Warning: Replacing memory \storage with list of registers. See architecture_simulator/rtl/vertical_slice/gtsu_rv_fifo.sv:37

11.7. Executing AST frontend in derive mode using pre-parsed AST for module `\gtsu_banked_sram_2client'.
Parameter \BANKS = 16
Parameter \ROWS_PER_BANK = 4
Parameter \DATA_W = 128
Parameter \READ_LATENCY = 3
Parameter \TAG_W = 4
Generating RTLIL representation for module `$paramod\gtsu_banked_sram_2client\BANKS=16\ROWS_PER_BANK=4\DATA_W=128\READ_LATENCY=3\TAG_W=4'.
Warning: Replacing memory \memory with list of registers. See architecture_simulator/rtl/vertical_slice/gtsu_banked_sram_2client.sv:120
Warning: Replacing memory \c1_data_pipe with list of registers. See architecture_simulator/rtl/vertical_slice/gtsu_banked_sram_2client.sv:87
Warning: Replacing memory \c0_data_pipe with list of registers. See architecture_simulator/rtl/vertical_slice/gtsu_banked_sram_2client.sv:86
Warning: Replacing memory \c1_row_pipe with list of registers. See architecture_simulator/rtl/vertical_slice/gtsu_banked_sram_2client.sv:85
Warning: Replacing memory \c0_row_pipe with list of registers. See architecture_simulator/rtl/vertical_slice/gtsu_banked_sram_2client.sv:84
Warning: Replacing memory \c1_bank_pipe with list of registers. See architecture_simulator/rtl/vertical_slice/gtsu_banked_sram_2client.sv:83
Warning: Replacing memory \c0_bank_pipe with list of registers. See architecture_simulator/rtl/vertical_slice/gtsu_banked_sram_2client.sv:82
Warning: Replacing memory \c1_tag_pipe with list of registers. See architecture_simulator/rtl/vertical_slice/gtsu_banked_sram_2client.sv:81
Warning: Replacing memory \c0_tag_pipe with list of registers. See architecture_simulator/rtl/vertical_slice/gtsu_banked_sram_2client.sv:80

11.8. Executing AST frontend in derive mode using pre-parsed AST for module `\gtsu_dense_mnk_controller'.
Parameter \M = 2
Parameter \N = 5
Parameter \K = 16
Parameter \N_TILE = 3
Parameter \K_BLOCK = 8
Generating RTLIL representation for module `$paramod\gtsu_dense_mnk_controller\M=2\N=5\K=16\N_TILE=3\K_BLOCK=8'.
Warning: Replacing memory \buffer_sequence with list of registers. See architecture_simulator/rtl/vertical_slice/gtsu_dense_mnk_controller.sv:74

11.9. Executing AST frontend in derive mode using pre-parsed AST for module `\gtsu_dram_dma_unpack'.
Parameter \LINES = 4
Parameter \ROB_DEPTH = 4
Parameter \BLOCK_CHUNKS = 2
Generating RTLIL representation for module `$paramod\gtsu_dram_dma_unpack\LINES=4\ROB_DEPTH=4\BLOCK_CHUNKS=2'.
Warning: Replacing memory \rob_tag with list of registers. See architecture_simulator/rtl/vertical_slice/gtsu_dram_dma_unpack.sv:66
Warning: Replacing memory \rob_data with list of registers. See architecture_simulator/rtl/vertical_slice/gtsu_dram_dma_unpack.sv:65

11.10. Executing AST frontend in derive mode using pre-parsed AST for module `\gtsu_dense_sram_requant_pipeline'.
Parameter \M = 2
Parameter \N = 5
Parameter \K = 16
Parameter \N_TILE = 3
Parameter \K_BLOCK = 8
Parameter \READ_LATENCY = 3
Parameter \FIFO_DEPTH = 8
Parameter \REQUANT_MULTIPLIER = 1
Parameter \REQUANT_RIGHT_SHIFT = 6'000101
Generating RTLIL representation for module `$paramod$8985b4fcc7f68f510e6508caa93a2ca151febd4b\gtsu_dense_sram_requant_pipeline'.
Warning: Replacing memory \metadata_last with list of registers. See architecture_simulator/rtl/vertical_slice/gtsu_dense_sram_requant_pipeline.sv:249
Warning: Replacing memory \metadata_first with list of registers. See architecture_simulator/rtl/vertical_slice/gtsu_dense_sram_requant_pipeline.sv:248
Warning: Replacing memory \metadata_mask with list of registers. See architecture_simulator/rtl/vertical_slice/gtsu_dense_sram_requant_pipeline.sv:247
Warning: Replacing memory \metadata_sequence with list of registers. See architecture_simulator/rtl/vertical_slice/gtsu_dense_sram_requant_pipeline.sv:246

11.11. Analyzing design hierarchy..
Top module:  \gtsu_dense_dramsim_dma_pipeline
Used module:     $paramod\gtsu_dram_dma_unpack\LINES=4\ROB_DEPTH=4\BLOCK_CHUNKS=2
Used module:     $paramod$8985b4fcc7f68f510e6508caa93a2ca151febd4b\gtsu_dense_sram_requant_pipeline
Used module:         \gtsu_requantize_int32
Used module:         \gtsu_dense_dot4_tile
Used module:             \gtsu_dot4_pe
Used module:         \gtsu_rv_fifo
Used module:         \gtsu_banked_sram_2client
Used module:         \gtsu_dense_mnk_controller

11.12. Executing AST frontend in derive mode using pre-parsed AST for module `\gtsu_requantize_int32'.
Parameter \TAG_WIDTH = 32
Found cached RTLIL representation for module `$paramod\gtsu_requantize_int32\TAG_WIDTH=32'.

11.13. Executing AST frontend in derive mode using pre-parsed AST for module `\gtsu_requantize_int32'.
Parameter \TAG_WIDTH = 32
Found cached RTLIL representation for module `$paramod\gtsu_requantize_int32\TAG_WIDTH=32'.

11.14. Executing AST frontend in derive mode using pre-parsed AST for module `\gtsu_requantize_int32'.
Parameter \TAG_WIDTH = 32
Found cached RTLIL representation for module `$paramod\gtsu_requantize_int32\TAG_WIDTH=32'.

11.15. Executing AST frontend in derive mode using pre-parsed AST for module `\gtsu_dense_dot4_tile'.
Parameter \N_TILE = 3
Parameter \TAG_WIDTH = 32
Found cached RTLIL representation for module `$paramod\gtsu_dense_dot4_tile\N_TILE=3\TAG_WIDTH=32'.

11.16. Executing AST frontend in derive mode using pre-parsed AST for module `\gtsu_rv_fifo'.
Parameter \WIDTH = 165
Parameter \DEPTH = 8
Found cached RTLIL representation for module `$paramod\gtsu_rv_fifo\WIDTH=165\DEPTH=8'.

11.17. Executing AST frontend in derive mode using pre-parsed AST for module `\gtsu_banked_sram_2client'.
Parameter \BANKS = 16
Parameter \ROWS_PER_BANK = 4
Parameter \DATA_W = 128
Parameter \READ_LATENCY = 3
Parameter \TAG_W = 4
Found cached RTLIL representation for module `$paramod\gtsu_banked_sram_2client\BANKS=16\ROWS_PER_BANK=4\DATA_W=128\READ_LATENCY=3\TAG_W=4'.

11.18. Executing AST frontend in derive mode using pre-parsed AST for module `\gtsu_dense_mnk_controller'.
Parameter \M = 2
Parameter \N = 5
Parameter \K = 16
Parameter \N_TILE = 3
Parameter \K_BLOCK = 8
Found cached RTLIL representation for module `$paramod\gtsu_dense_mnk_controller\M=2\N=5\K=16\N_TILE=3\K_BLOCK=8'.

11.19. Analyzing design hierarchy..
Top module:  \gtsu_dense_dramsim_dma_pipeline
Used module:     $paramod\gtsu_dram_dma_unpack\LINES=4\ROB_DEPTH=4\BLOCK_CHUNKS=2
Used module:     $paramod$8985b4fcc7f68f510e6508caa93a2ca151febd4b\gtsu_dense_sram_requant_pipeline
Used module:         $paramod\gtsu_requantize_int32\TAG_WIDTH=32
Used module:         $paramod\gtsu_dense_dot4_tile\N_TILE=3\TAG_WIDTH=32
Used module:             \gtsu_dot4_pe
Used module:         $paramod\gtsu_rv_fifo\WIDTH=165\DEPTH=8
Used module:         $paramod\gtsu_banked_sram_2client\BANKS=16\ROWS_PER_BANK=4\DATA_W=128\READ_LATENCY=3\TAG_W=4
Used module:         $paramod\gtsu_dense_mnk_controller\M=2\N=5\K=16\N_TILE=3\K_BLOCK=8

11.20. Analyzing design hierarchy..
Top module:  \gtsu_dense_dramsim_dma_pipeline
Used module:     $paramod\gtsu_dram_dma_unpack\LINES=4\ROB_DEPTH=4\BLOCK_CHUNKS=2
Used module:     $paramod$8985b4fcc7f68f510e6508caa93a2ca151febd4b\gtsu_dense_sram_requant_pipeline
Used module:         $paramod\gtsu_requantize_int32\TAG_WIDTH=32
Used module:         $paramod\gtsu_dense_dot4_tile\N_TILE=3\TAG_WIDTH=32
Used module:             \gtsu_dot4_pe
Used module:         $paramod\gtsu_rv_fifo\WIDTH=165\DEPTH=8
Used module:         $paramod\gtsu_banked_sram_2client\BANKS=16\ROWS_PER_BANK=4\DATA_W=128\READ_LATENCY=3\TAG_W=4
Used module:         $paramod\gtsu_dense_mnk_controller\M=2\N=5\K=16\N_TILE=3\K_BLOCK=8
Removing unused module `\gtsu_dram_dma_unpack'.
Removing unused module `\gtsu_dense_sram_requant_pipeline'.
Removing unused module `\gtsu_dense_mnk_controller'.
Removing unused module `\gtsu_banked_sram_2client'.
Removing unused module `\gtsu_rv_fifo'.
Removing unused module `\gtsu_requantize_int32'.
Removing unused module `\gtsu_dense_dot4_tile'.
Removed 7 unused modules.

12. Executing PROC pass (convert processes to netlists).

12.1. Executing PROC_CLEAN pass (remove empty switches from decision trees).
Found and cleaned up 1 empty switch in `\gtsu_dense_dramsim_dma_pipeline.$proc$architecture_simulator/rtl/vertical_slice/gtsu_dense_dramsim_dma_pipeline.sv:88$820'.
Removing empty process `gtsu_dense_dramsim_dma_pipeline.$proc$architecture_simulator/rtl/vertical_slice/gtsu_dense_dramsim_dma_pipeline.sv:88$820'.
Found and cleaned up 3 empty switches in `$paramod$8985b4fcc7f68f510e6508caa93a2ca151febd4b\gtsu_dense_sram_requant_pipeline.$proc$architecture_simulator/rtl/vertical_slice/gtsu_dense_sram_requant_pipeline.sv:287$1611'.
Removing empty process `$paramod$8985b4fcc7f68f510e6508caa93a2ca151febd4b\gtsu_dense_sram_requant_pipeline.$proc$architecture_simulator/rtl/vertical_slice/gtsu_dense_sram_requant_pipeline.sv:287$1611'.
Found and cleaned up 1 empty switch in `$paramod\gtsu_dram_dma_unpack\LINES=4\ROB_DEPTH=4\BLOCK_CHUNKS=2.$proc$architecture_simulator/rtl/vertical_slice/gtsu_dram_dma_unpack.sv:99$1492'.
Removing empty process `$paramod\gtsu_dram_dma_unpack\LINES=4\ROB_DEPTH=4\BLOCK_CHUNKS=2.$proc$architecture_simulator/rtl/vertical_slice/gtsu_dram_dma_unpack.sv:99$1492'.
Found and cleaned up 1 empty switch in `$paramod\gtsu_dense_mnk_controller\M=2\N=5\K=16\N_TILE=3\K_BLOCK=8.$proc$architecture_simulator/rtl/vertical_slice/gtsu_dense_mnk_controller.sv:109$1418'.
Removing empty process `$paramod\gtsu_dense_mnk_controller\M=2\N=5\K=16\N_TILE=3\K_BLOCK=8.$proc$architecture_simulator/rtl/vertical_slice/gtsu_dense_mnk_controller.sv:109$1418'.
Found and cleaned up 1 empty switch in `$paramod\gtsu_dense_dot4_tile\N_TILE=3\TAG_WIDTH=32.$proc$architecture_simulator/rtl/vertical_slice/gtsu_dense_dot4_tile.sv:75$912'.
Removing empty process `$paramod\gtsu_dense_dot4_tile\N_TILE=3\TAG_WIDTH=32.$proc$architecture_simulator/rtl/vertical_slice/gtsu_dense_dot4_tile.sv:75$912'.
Cleaned up 7 empty switches.

12.2. Executing PROC_RMDEAD pass (remove dead branches from decision trees).
Removed 1 dead cases from process $proc$architecture_simulator/rtl/vertical_slice/gtsu_dense_sram_requant_pipeline.sv:5$1608 in module $paramod$8985b4fcc7f68f510e6508caa93a2ca151febd4b\gtsu_dense_sram_requant_pipeline.
Marked 1 switch rules as full_case in process $proc$architecture_simulator/rtl/vertical_slice/gtsu_dense_sram_requant_pipeline.sv:5$1608 in module $paramod$8985b4fcc7f68f510e6508caa93a2ca151febd4b\gtsu_dense_sram_requant_pipeline.
Removed 1 dead cases from process $proc$architecture_simulator/rtl/vertical_slice/gtsu_dense_sram_requant_pipeline.sv:5$1605 in module $paramod$8985b4fcc7f68f510e6508caa93a2ca151febd4b\gtsu_dense_sram_requant_pipeline.
Marked 1 switch rules as full_case in process $proc$architecture_simulator/rtl/vertical_slice/gtsu_dense_sram_requant_pipeline.sv:5$1605 in module $paramod$8985b4fcc7f68f510e6508caa93a2ca151febd4b\gtsu_dense_sram_requant_pipeline.
Removed 1 dead cases from process $proc$architecture_simulator/rtl/vertical_slice/gtsu_dense_sram_requant_pipeline.sv:5$1602 in module $paramod$8985b4fcc7f68f510e6508caa93a2ca151febd4b\gtsu_dense_sram_requant_pipeline.
Marked 1 switch rules as full_case in process $proc$architecture_simulator/rtl/vertical_slice/gtsu_dense_sram_requant_pipeline.sv:5$1602 in module $paramod$8985b4fcc7f68f510e6508caa93a2ca151febd4b\gtsu_dense_sram_requant_pipeline.
Removed 1 dead cases from process $proc$architecture_simulator/rtl/vertical_slice/gtsu_dense_sram_requant_pipeline.sv:5$1599 in module $paramod$8985b4fcc7f68f510e6508caa93a2ca151febd4b\gtsu_dense_sram_requant_pipeline.
Marked 1 switch rules as full_case in process $proc$architecture_simulator/rtl/vertical_slice/gtsu_dense_sram_requant_pipeline.sv:5$1599 in module $paramod$8985b4fcc7f68f510e6508caa93a2ca151febd4b\gtsu_dense_sram_requant_pipeline.
Marked 8 switch rules as full_case in process $proc$architecture_simulator/rtl/vertical_slice/gtsu_dense_sram_requant_pipeline.sv:232$1557 in module $paramod$8985b4fcc7f68f510e6508caa93a2ca151febd4b\gtsu_dense_sram_requant_pipeline.
Removed 1 dead cases from process $proc$architecture_simulator/rtl/vertical_slice/gtsu_dram_dma_unpack.sv:2$1489 in module $paramod\gtsu_dram_dma_unpack\LINES=4\ROB_DEPTH=4\BLOCK_CHUNKS=2.
Marked 1 switch rules as full_case in process $proc$architecture_simulator/rtl/vertical_slice/gtsu_dram_dma_unpack.sv:2$1489 in module $paramod\gtsu_dram_dma_unpack\LINES=4\ROB_DEPTH=4\BLOCK_CHUNKS=2.
Removed 1 dead cases from process $proc$architecture_simulator/rtl/vertical_slice/gtsu_dram_dma_unpack.sv:2$1486 in module $paramod\gtsu_dram_dma_unpack\LINES=4\ROB_DEPTH=4\BLOCK_CHUNKS=2.
Marked 1 switch rules as full_case in process $proc$architecture_simulator/rtl/vertical_slice/gtsu_dram_dma_unpack.sv:2$1486 in module $paramod\gtsu_dram_dma_unpack\LINES=4\ROB_DEPTH=4\BLOCK_CHUNKS=2.
Marked 8 switch rules as full_case in process $proc$architecture_simulator/rtl/vertical_slice/gtsu_dram_dma_unpack.sv:53$1455 in module $paramod\gtsu_dram_dma_unpack\LINES=4\ROB_DEPTH=4\BLOCK_CHUNKS=2.
Removed 1 dead cases from process $proc$architecture_simulator/rtl/vertical_slice/gtsu_dense_mnk_controller.sv:3$1415 in module $paramod\gtsu_dense_mnk_controller\M=2\N=5\K=16\N_TILE=3\K_BLOCK=8.
Marked 1 switch rules as full_case in process $proc$architecture_simulator/rtl/vertical_slice/gtsu_dense_mnk_controller.sv:3$1415 in module $paramod\gtsu_dense_mnk_controller\M=2\N=5\K=16\N_TILE=3\K_BLOCK=8.
Marked 8 switch rules as full_case in process $proc$architecture_simulator/rtl/vertical_slice/gtsu_dense_mnk_controller.sv:71$1396 in module $paramod\gtsu_dense_mnk_controller\M=2\N=5\K=16\N_TILE=3\K_BLOCK=8.
Removed 2 dead cases from process $proc$architecture_simulator/rtl/vertical_slice/gtsu_banked_sram_2client.sv:75$1017 in module $paramod\gtsu_banked_sram_2client\BANKS=16\ROWS_PER_BANK=4\DATA_W=128\READ_LATENCY=3\TAG_W=4.
Marked 71 switch rules as full_case in process $proc$architecture_simulator/rtl/vertical_slice/gtsu_banked_sram_2client.sv:75$1017 in module $paramod\gtsu_banked_sram_2client\BANKS=16\ROWS_PER_BANK=4\DATA_W=128\READ_LATENCY=3\TAG_W=4.
Removed 1 dead cases from process $proc$architecture_simulator/rtl/vertical_slice/gtsu_rv_fifo.sv:1$935 in module $paramod\gtsu_rv_fifo\WIDTH=165\DEPTH=8.
Marked 1 switch rules as full_case in process $proc$architecture_simulator/rtl/vertical_slice/gtsu_rv_fifo.sv:1$935 in module $paramod\gtsu_rv_fifo\WIDTH=165\DEPTH=8.
Marked 4 switch rules as full_case in process $proc$architecture_simulator/rtl/vertical_slice/gtsu_rv_fifo.sv:30$919 in module $paramod\gtsu_rv_fifo\WIDTH=165\DEPTH=8.
Marked 2 switch rules as full_case in process $proc$architecture_simulator/rtl/vertical_slice/gtsu_dense_dot4_tile.sv:47$902 in module $paramod\gtsu_dense_dot4_tile\N_TILE=3\TAG_WIDTH=32.
Marked 5 switch rules as full_case in process $proc$architecture_simulator/rtl/vertical_slice/gtsu_requantize_int32.sv:69$824 in module $paramod\gtsu_requantize_int32\TAG_WIDTH=32.
Removed a total of 10 dead cases.

12.3. Executing PROC_INIT pass (extract init attributes).

12.4. Executing PROC_ARST pass (detect async resets in processes).
Found async reset \rst_n in `$paramod$8985b4fcc7f68f510e6508caa93a2ca151febd4b\gtsu_dense_sram_requant_pipeline.$proc$architecture_simulator/rtl/vertical_slice/gtsu_dense_sram_requant_pipeline.sv:232$1557'.
Found async reset \rst_n in `$paramod\gtsu_dram_dma_unpack\LINES=4\ROB_DEPTH=4\BLOCK_CHUNKS=2.$proc$architecture_simulator/rtl/vertical_slice/gtsu_dram_dma_unpack.sv:53$1455'.
Found async reset \rst_n in `$paramod\gtsu_dense_mnk_controller\M=2\N=5\K=16\N_TILE=3\K_BLOCK=8.$proc$architecture_simulator/rtl/vertical_slice/gtsu_dense_mnk_controller.sv:71$1396'.
Found async reset \rst_n in `$paramod\gtsu_banked_sram_2client\BANKS=16\ROWS_PER_BANK=4\DATA_W=128\READ_LATENCY=3\TAG_W=4.$proc$architecture_simulator/rtl/vertical_slice/gtsu_banked_sram_2client.sv:75$1017'.
Found async reset \rst_n in `$paramod\gtsu_rv_fifo\WIDTH=165\DEPTH=8.$proc$architecture_simulator/rtl/vertical_slice/gtsu_rv_fifo.sv:30$919'.
Found async reset \rst_n in `$paramod\gtsu_dense_dot4_tile\N_TILE=3\TAG_WIDTH=32.$proc$architecture_simulator/rtl/vertical_slice/gtsu_dense_dot4_tile.sv:47$902'.
Found async reset \rst_n in `$paramod\gtsu_requantize_int32\TAG_WIDTH=32.$proc$architecture_simulator/rtl/vertical_slice/gtsu_requantize_int32.sv:69$824'.

12.5. Executing PROC_MUX pass (convert decision trees to multiplexers).
Creating decoders for process `$paramod$8985b4fcc7f68f510e6508caa93a2ca151febd4b\gtsu_dense_sram_requant_pipeline.$proc$architecture_simulator/rtl/vertical_slice/gtsu_dense_sram_requant_pipeline.sv:5$1608'.
     1/2: $1$mem2reg_rd$\metadata_last$architecture_simulator/rtl/vertical_slice/gtsu_dense_sram_requant_pipeline.sv:156$1512_DATA[0:0]$1610
     2/2: $0$mem2reg_rd$\metadata_last$architecture_simulator/rtl/vertical_slice/gtsu_dense_sram_requant_pipeline.sv:156$1512_DATA[0:0]$1609
Creating decoders for process `$paramod$8985b4fcc7f68f510e6508caa93a2ca151febd4b\gtsu_dense_sram_requant_pipeline.$proc$architecture_simulator/rtl/vertical_slice/gtsu_dense_sram_requant_pipeline.sv:5$1605'.
     1/2: $1$mem2reg_rd$\metadata_first$architecture_simulator/rtl/vertical_slice/gtsu_dense_sram_requant_pipeline.sv:156$1511_DATA[0:0]$1607
     2/2: $0$mem2reg_rd$\metadata_first$architecture_simulator/rtl/vertical_slice/gtsu_dense_sram_requant_pipeline.sv:156$1511_DATA[0:0]$1606
Creating decoders for process `$paramod$8985b4fcc7f68f510e6508caa93a2ca151febd4b\gtsu_dense_sram_requant_pipeline.$proc$architecture_simulator/rtl/vertical_slice/gtsu_dense_sram_requant_pipeline.sv:5$1602'.
     1/2: $1$mem2reg_rd$\metadata_mask$architecture_simulator/rtl/vertical_slice/gtsu_dense_sram_requant_pipeline.sv:157$1510_DATA[2:0]$1604
     2/2: $0$mem2reg_rd$\metadata_mask$architecture_simulator/rtl/vertical_slice/gtsu_dense_sram_requant_pipeline.sv:157$1510_DATA[2:0]$1603
Creating decoders for process `$paramod$8985b4fcc7f68f510e6508caa93a2ca151febd4b\gtsu_dense_sram_requant_pipeline.$proc$architecture_simulator/rtl/vertical_slice/gtsu_dense_sram_requant_pipeline.sv:5$1599'.
     1/2: $1$mem2reg_rd$\metadata_sequence$architecture_simulator/rtl/vertical_slice/gtsu_dense_sram_requant_pipeline.sv:158$1509_DATA[31:0]$1601
     2/2: $0$mem2reg_rd$\metadata_sequence$architecture_simulator/rtl/vertical_slice/gtsu_dense_sram_requant_pipeline.sv:158$1509_DATA[31:0]$1600
Creating decoders for process `$paramod$8985b4fcc7f68f510e6508caa93a2ca151febd4b\gtsu_dense_sram_requant_pipeline.$proc$architecture_simulator/rtl/vertical_slice/gtsu_dense_sram_requant_pipeline.sv:232$1557'.
     1/101: $2$mem2reg_wr$\metadata_last$architecture_simulator/rtl/vertical_slice/gtsu_dense_sram_requant_pipeline.sv:265$1516_ADDR[3:0]$1584
     2/101: $2$mem2reg_wr$\metadata_last$architecture_simulator/rtl/vertical_slice/gtsu_dense_sram_requant_pipeline.sv:265$1516_DATA[0:0]$1585
     3/101: $2$mem2reg_wr$\metadata_first$architecture_simulator/rtl/vertical_slice/gtsu_dense_sram_requant_pipeline.sv:264$1515_ADDR[3:0]$1582
     4/101: $2$mem2reg_wr$\metadata_first$architecture_simulator/rtl/vertical_slice/gtsu_dense_sram_requant_pipeline.sv:264$1515_DATA[0:0]$1583
     5/101: $2$mem2reg_wr$\metadata_mask$architecture_simulator/rtl/vertical_slice/gtsu_dense_sram_requant_pipeline.sv:263$1514_ADDR[3:0]$1580
     6/101: $2$mem2reg_wr$\metadata_mask$architecture_simulator/rtl/vertical_slice/gtsu_dense_sram_requant_pipeline.sv:263$1514_DATA[2:0]$1581
     7/101: $2$mem2reg_wr$\metadata_sequence$architecture_simulator/rtl/vertical_slice/gtsu_dense_sram_requant_pipeline.sv:262$1513_ADDR[3:0]$1578
     8/101: $2$mem2reg_wr$\metadata_sequence$architecture_simulator/rtl/vertical_slice/gtsu_dense_sram_requant_pipeline.sv:262$1513_DATA[31:0]$1579
     9/101: $1$mem2reg_wr$\metadata_last$architecture_simulator/rtl/vertical_slice/gtsu_dense_sram_requant_pipeline.sv:265$1516_DATA[0:0]$1574
    10/101: $1$mem2reg_wr$\metadata_last$architecture_simulator/rtl/vertical_slice/gtsu_dense_sram_requant_pipeline.sv:265$1516_ADDR[3:0]$1573
    11/101: $1$mem2reg_wr$\metadata_first$architecture_simulator/rtl/vertical_slice/gtsu_dense_sram_requant_pipeline.sv:264$1515_DATA[0:0]$1572
    12/101: $1$mem2reg_wr$\metadata_first$architecture_simulator/rtl/vertical_slice/gtsu_dense_sram_requant_pipeline.sv:264$1515_ADDR[3:0]$1571
    13/101: $1$mem2reg_wr$\metadata_mask$architecture_simulator/rtl/vertical_slice/gtsu_dense_sram_requant_pipeline.sv:263$1514_DATA[2:0]$1570
    14/101: $1$mem2reg_wr$\metadata_mask$architecture_simulator/rtl/vertical_slice/gtsu_dense_sram_requant_pipeline.sv:263$1514_ADDR[3:0]$1569
    15/101: $1$mem2reg_wr$\metadata_sequence$architecture_simulator/rtl/vertical_slice/gtsu_dense_sram_requant_pipeline.sv:262$1513_DATA[31:0]$1568
    16/101: $1$mem2reg_wr$\metadata_sequence$architecture_simulator/rtl/vertical_slice/gtsu_dense_sram_requant_pipeline.sv:262$1513_ADDR[3:0]$1567
    17/101: $1\index[31:0]
    18/101: $0$mem2reg_wr$\metadata_last$architecture_simulator/rtl/vertical_slice/gtsu_dense_sram_requant_pipeline.sv:265$1516_DATA[0:0]$1565
    19/101: $0$mem2reg_wr$\metadata_last$architecture_simulator/rtl/vertical_slice/gtsu_dense_sram_requant_pipeline.sv:265$1516_ADDR[3:0]$1564
    20/101: $0$mem2reg_wr$\metadata_first$architecture_simulator/rtl/vertical_slice/gtsu_dense_sram_requant_pipeline.sv:264$1515_DATA[0:0]$1563
    21/101: $0$mem2reg_wr$\metadata_first$architecture_simulator/rtl/vertical_slice/gtsu_dense_sram_requant_pipeline.sv:264$1515_ADDR[3:0]$1562
    22/101: $0$mem2reg_wr$\metadata_mask$architecture_simulator/rtl/vertical_slice/gtsu_dense_sram_requant_pipeline.sv:263$1514_DATA[2:0]$1561
    23/101: $0$mem2reg_wr$\metadata_mask$architecture_simulator/rtl/vertical_slice/gtsu_dense_sram_requant_pipeline.sv:263$1514_ADDR[3:0]$1560
    24/101: $0$mem2reg_wr$\metadata_sequence$architecture_simulator/rtl/vertical_slice/gtsu_dense_sram_requant_pipeline.sv:262$1513_DATA[31:0]$1559
    25/101: $0$mem2reg_wr$\metadata_sequence$architecture_simulator/rtl/vertical_slice/gtsu_dense_sram_requant_pipeline.sv:262$1513_ADDR[3:0]$1558
    26/101: $0\index[31:0]
    27/101: $0\metadata_last[15][0:0]
    28/101: $0\metadata_last[14][0:0]
    29/101: $0\metadata_last[13][0:0]
    30/101: $0\metadata_last[12][0:0]
    31/101: $0\metadata_last[11][0:0]
    32/101: $0\metadata_last[10][0:0]
    33/101: $0\metadata_last[9][0:0]
    34/101: $0\metadata_last[8][0:0]
    35/101: $0\metadata_last[7][0:0]
    36/101: $0\metadata_last[6][0:0]
    37/101: $0\metadata_last[5][0:0]
    38/101: $0\metadata_last[4][0:0]
    39/101: $0\metadata_last[3][0:0]
    40/101: $0\metadata_last[2][0:0]
    41/101: $0\metadata_last[1][0:0]
    42/101: $0\metadata_last[0][0:0]
    43/101: $0\metadata_first[15][0:0]
    44/101: $0\metadata_first[14][0:0]
    45/101: $0\metadata_first[13][0:0]
    46/101: $0\metadata_first[12][0:0]
    47/101: $0\metadata_first[11][0:0]
    48/101: $0\metadata_first[10][0:0]
    49/101: $0\metadata_first[9][0:0]
    50/101: $0\metadata_first[8][0:0]
    51/101: $0\metadata_first[7][0:0]
    52/101: $0\metadata_first[6][0:0]
    53/101: $0\metadata_first[5][0:0]
    54/101: $0\metadata_first[4][0:0]
    55/101: $0\metadata_first[3][0:0]
    56/101: $0\metadata_first[2][0:0]
    57/101: $0\metadata_first[1][0:0]
    58/101: $0\metadata_first[0][0:0]
    59/101: $0\metadata_mask[15][2:0]
    60/101: $0\metadata_mask[14][2:0]
    61/101: $0\metadata_mask[13][2:0]
    62/101: $0\metadata_mask[12][2:0]
    63/101: $0\metadata_mask[11][2:0]
    64/101: $0\metadata_mask[10][2:0]
    65/101: $0\metadata_mask[9][2:0]
    66/101: $0\metadata_mask[8][2:0]
    67/101: $0\metadata_mask[7][2:0]
    68/101: $0\metadata_mask[6][2:0]
    69/101: $0\metadata_mask[5][2:0]
    70/101: $0\metadata_mask[4][2:0]
    71/101: $0\metadata_mask[3][2:0]
    72/101: $0\metadata_mask[2][2:0]
    73/101: $0\metadata_mask[1][2:0]
    74/101: $0\metadata_mask[0][2:0]
    75/101: $0\metadata_sequence[15][31:0]
    76/101: $0\metadata_sequence[14][31:0]
    77/101: $0\metadata_sequence[13][31:0]
    78/101: $0\metadata_sequence[12][31:0]
    79/101: $0\metadata_sequence[11][31:0]
    80/101: $0\metadata_sequence[10][31:0]
    81/101: $0\metadata_sequence[9][31:0]
    82/101: $0\metadata_sequence[8][31:0]
    83/101: $0\metadata_sequence[7][31:0]
    84/101: $0\metadata_sequence[6][31:0]
    85/101: $0\metadata_sequence[5][31:0]
    86/101: $0\metadata_sequence[4][31:0]
    87/101: $0\metadata_sequence[3][31:0]
    88/101: $0\metadata_sequence[2][31:0]
    89/101: $0\metadata_sequence[1][31:0]
    90/101: $0\metadata_sequence[0][31:0]
    91/101: $0\output_mask_reg[2:0]
    92/101: $0\outstanding_reads[4:0]
    93/101: $0\issue_tag[3:0]
    94/101: $0\next_load_chunk[7:0]
    95/101: $0\next_load_sequence[31:0]
    96/101: $0\count_read_write_overlap_cycles[31:0]
    97/101: $0\count_output_tiles[31:0]
    98/101: $0\count_dot4_inputs[31:0]
    99/101: $0\count_sram_responses[31:0]
   100/101: $0\count_sram_read_issues[31:0]
   101/101: $0\count_payload_writes[31:0]
Creating decoders for process `$paramod\gtsu_dram_dma_unpack\LINES=4\ROB_DEPTH=4\BLOCK_CHUNKS=2.$proc$architecture_simulator/rtl/vertical_slice/gtsu_dram_dma_unpack.sv:2$1489'.
     1/2: $1$mem2reg_rd$\rob_data$architecture_simulator/rtl/vertical_slice/gtsu_dram_dma_unpack.sv:47$1424_DATA[511:0]$1491
     2/2: $0$mem2reg_rd$\rob_data$architecture_simulator/rtl/vertical_slice/gtsu_dram_dma_unpack.sv:47$1424_DATA[511:0]$1490
Creating decoders for process `$paramod\gtsu_dram_dma_unpack\LINES=4\ROB_DEPTH=4\BLOCK_CHUNKS=2.$proc$architecture_simulator/rtl/vertical_slice/gtsu_dram_dma_unpack.sv:2$1486'.
     1/2: $1$mem2reg_rd$\rob_tag$architecture_simulator/rtl/vertical_slice/gtsu_dram_dma_unpack.sv:43$1423_DATA[31:0]$1488
     2/2: $0$mem2reg_rd$\rob_tag$architecture_simulator/rtl/vertical_slice/gtsu_dram_dma_unpack.sv:43$1423_DATA[31:0]$1487
Creating decoders for process `$paramod\gtsu_dram_dma_unpack\LINES=4\ROB_DEPTH=4\BLOCK_CHUNKS=2.$proc$architecture_simulator/rtl/vertical_slice/gtsu_dram_dma_unpack.sv:53$1455'.
     1/34: $0\rob_valid[3:0] [3]
     2/34: $0\rob_valid[3:0] [2]
     3/34: $0\rob_valid[3:0] [1]
     4/34: $0\rob_valid[3:0] [0]
     5/34: $2$mem2reg_wr$\rob_data$architecture_simulator/rtl/vertical_slice/gtsu_dram_dma_unpack.sv:76$1426_DATA[511:0]$1473
     6/34: $2$mem2reg_wr$\rob_tag$architecture_simulator/rtl/vertical_slice/gtsu_dram_dma_unpack.sv:75$1425_ADDR[1:0]$1470
     7/34: $2$mem2reg_wr$\rob_tag$architecture_simulator/rtl/vertical_slice/gtsu_dram_dma_unpack.sv:75$1425_DATA[31:0]$1471
     8/34: $1$mem2reg_wr$\rob_data$architecture_simulator/rtl/vertical_slice/gtsu_dram_dma_unpack.sv:76$1426_DATA[511:0]$1464
     9/34: $1$mem2reg_wr$\rob_data$architecture_simulator/rtl/vertical_slice/gtsu_dram_dma_unpack.sv:76$1426_ADDR[1:0]$1463
    10/34: $1$mem2reg_wr$\rob_tag$architecture_simulator/rtl/vertical_slice/gtsu_dram_dma_unpack.sv:75$1425_DATA[31:0]$1462
    11/34: $1$mem2reg_wr$\rob_tag$architecture_simulator/rtl/vertical_slice/gtsu_dram_dma_unpack.sv:75$1425_ADDR[1:0]$1461
    12/34: $1\index[31:0]
    13/34: $0$mem2reg_wr$\rob_data$architecture_simulator/rtl/vertical_slice/gtsu_dram_dma_unpack.sv:76$1426_DATA[511:0]$1459
    14/34: $0$mem2reg_wr$\rob_data$architecture_simulator/rtl/vertical_slice/gtsu_dram_dma_unpack.sv:76$1426_ADDR[1:0]$1458
    15/34: $0$mem2reg_wr$\rob_tag$architecture_simulator/rtl/vertical_slice/gtsu_dram_dma_unpack.sv:75$1425_DATA[31:0]$1457
    16/34: $0$mem2reg_wr$\rob_tag$architecture_simulator/rtl/vertical_slice/gtsu_dram_dma_unpack.sv:75$1425_ADDR[1:0]$1456
    17/34: $0\index[31:0]
    18/34: $0\rob_tag[3][31:0]
    19/34: $0\rob_tag[2][31:0]
    20/34: $0\rob_tag[1][31:0]
    21/34: $0\rob_tag[0][31:0]
    22/34: $0\rob_data[3][511:0]
    23/34: $0\rob_data[2][511:0]
    24/34: $0\rob_data[1][511:0]
    25/34: $0\rob_data[0][511:0]
    26/34: $0\protocol_error_reg[0:0]
    27/34: $0\rob_occupancy[31:0]
    28/34: $0\word_offset[1:0]
    29/34: $0\retire_line[31:0]
    30/34: $2$mem2reg_wr$\rob_data$architecture_simulator/rtl/vertical_slice/gtsu_dram_dma_unpack.sv:76$1426_ADDR[1:0]$1472
    31/34: $0\count_payload_words[31:0]
    32/34: $0\count_completion_accepts[31:0]
    33/34: $0\count_rob_backpressure_cycles[31:0]
    34/34: $0\count_rob_peak[31:0]
Creating decoders for process `$paramod\gtsu_dense_mnk_controller\M=2\N=5\K=16\N_TILE=3\K_BLOCK=8.$proc$architecture_simulator/rtl/vertical_slice/gtsu_dense_mnk_controller.sv:3$1415'.
     1/2: $1$mem2reg_rd$\buffer_sequence$architecture_simulator/rtl/vertical_slice/gtsu_dense_mnk_controller.sv:49$1367_DATA[31:0]$1417
     2/2: $0$mem2reg_rd$\buffer_sequence$architecture_simulator/rtl/vertical_slice/gtsu_dense_mnk_controller.sv:49$1367_DATA[31:0]$1416
Creating decoders for process `$paramod\gtsu_dense_mnk_controller\M=2\N=5\K=16\N_TILE=3\K_BLOCK=8.$proc$architecture_simulator/rtl/vertical_slice/gtsu_dense_mnk_controller.sv:71$1396'.
     1/15: $0\buffer_valid[1:0] [1]
     2/15: $0\buffer_valid[1:0] [0]
     3/15: $2$mem2reg_wr$\buffer_sequence$architecture_simulator/rtl/vertical_slice/gtsu_dense_mnk_controller.sv:84$1368_DATA[31:0]$1403
     4/15: $1$mem2reg_wr$\buffer_sequence$architecture_simulator/rtl/vertical_slice/gtsu_dense_mnk_controller.sv:84$1368_ADDR[0:0]$1401
     5/15: $1$mem2reg_wr$\buffer_sequence$architecture_simulator/rtl/vertical_slice/gtsu_dense_mnk_controller.sv:84$1368_DATA[31:0]$1400
     6/15: $0$mem2reg_wr$\buffer_sequence$architecture_simulator/rtl/vertical_slice/gtsu_dense_mnk_controller.sv:84$1368_ADDR[0:0]$1398
     7/15: $0$mem2reg_wr$\buffer_sequence$architecture_simulator/rtl/vertical_slice/gtsu_dense_mnk_controller.sv:84$1368_DATA[31:0]$1397
     8/15: $0\buffer_sequence[1][31:0]
     9/15: $0\buffer_sequence[0][31:0]
    10/15: $0\chunk_counter[0:0]
    11/15: $0\k_block_counter[0:0]
    12/15: $0\n_tile_counter[0:0]
    13/15: $0\row_counter[0:0]
    14/15: $0\expected_sequence[31:0]
    15/15: $2$mem2reg_wr$\buffer_sequence$architecture_simulator/rtl/vertical_slice/gtsu_dense_mnk_controller.sv:84$1368_ADDR[0:0]$1404
Creating decoders for process `$paramod\gtsu_banked_sram_2client\BANKS=16\ROWS_PER_BANK=4\DATA_W=128\READ_LATENCY=3\TAG_W=4.$proc$architecture_simulator/rtl/vertical_slice/gtsu_banked_sram_2client.sv:75$1017'.
     1/1330: $3$mem2reg_wr$\memory$architecture_simulator/rtl/vertical_slice/gtsu_banked_sram_2client.sv:126$1008_ADDR[5:0]$1363
     2/1330: $3$mem2reg_wr$\memory$architecture_simulator/rtl/vertical_slice/gtsu_banked_sram_2client.sv:126$1008_DATA[127:0]$1364
     3/1330: $3$mem2reg_wr$\memory$architecture_simulator/rtl/vertical_slice/gtsu_banked_sram_2client.sv:126$1007_ADDR[5:0]$1359
     4/1330: $3$mem2reg_wr$\memory$architecture_simulator/rtl/vertical_slice/gtsu_banked_sram_2client.sv:126$1007_DATA[127:0]$1360
     5/1330: $3$mem2reg_wr$\memory$architecture_simulator/rtl/vertical_slice/gtsu_banked_sram_2client.sv:126$1006_ADDR[5:0]$1355
     6/1330: $3$mem2reg_wr$\memory$architecture_simulator/rtl/vertical_slice/gtsu_banked_sram_2client.sv:126$1006_DATA[127:0]$1356
     7/1330: $3$mem2reg_wr$\memory$architecture_simulator/rtl/vertical_slice/gtsu_banked_sram_2client.sv:126$1005_ADDR[5:0]$1351
     8/1330: $3$mem2reg_wr$\memory$architecture_simulator/rtl/vertical_slice/gtsu_banked_sram_2client.sv:126$1005_DATA[127:0]$1352
     9/1330: $3$mem2reg_wr$\memory$architecture_simulator/rtl/vertical_slice/gtsu_banked_sram_2client.sv:126$1004_ADDR[5:0]$1347
    10/1330: $3$mem2reg_wr$\memory$architecture_simulator/rtl/vertical_slice/gtsu_banked_sram_2client.sv:126$1004_DATA[127:0]$1348
    11/1330: $3$mem2reg_wr$\memory$architecture_simulator/rtl/vertical_slice/gtsu_banked_sram_2client.sv:126$1003_ADDR[5:0]$1343
    12/1330: $3$mem2reg_wr$\memory$architecture_simulator/rtl/vertical_slice/gtsu_banked_sram_2client.sv:126$1003_DATA[127:0]$1344
    13/1330: $3$mem2reg_wr$\memory$architecture_simulator/rtl/vertical_slice/gtsu_banked_sram_2client.sv:126$1002_ADDR[5:0]$1339
    14/1330: $3$mem2reg_wr$\memory$architecture_simulator/rtl/vertical_slice/gtsu_banked_sram_2client.sv:126$1002_DATA[127:0]$1340
    15/1330: $3$mem2reg_wr$\memory$architecture_simulator/rtl/vertical_slice/gtsu_banked_sram_2client.sv:126$1001_ADDR[5:0]$1335
    16/1330: $3$mem2reg_wr$\memory$architecture_simulator/rtl/vertical_slice/gtsu_banked_sram_2client.sv:126$1001_DATA[127:0]$1336
    17/1330: $3$mem2reg_wr$\memory$architecture_simulator/rtl/vertical_slice/gtsu_banked_sram_2client.sv:126$1000_ADDR[5:0]$1331
    18/1330: $3$mem2reg_wr$\memory$architecture_simulator/rtl/vertical_slice/gtsu_banked_sram_2client.sv:126$1000_DATA[127:0]$1332
    19/1330: $3$mem2reg_wr$\memory$architecture_simulator/rtl/vertical_slice/gtsu_banked_sram_2client.sv:126$999_ADDR[5:0]$1327
    20/1330: $3$mem2reg_wr$\memory$architecture_simulator/rtl/vertical_slice/gtsu_banked_sram_2client.sv:126$999_DATA[127:0]$1328
    21/1330: $3$mem2reg_wr$\memory$architecture_simulator/rtl/vertical_slice/gtsu_banked_sram_2client.sv:126$998_ADDR[5:0]$1323
    22/1330: $3$mem2reg_wr$\memory$architecture_simulator/rtl/vertical_slice/gtsu_banked_sram_2client.sv:126$998_DATA[127:0]$1324
    23/1330: $3$mem2reg_wr$\memory$architecture_simulator/rtl/vertical_slice/gtsu_banked_sram_2client.sv:126$997_ADDR[5:0]$1319
    24/1330: $3$mem2reg_wr$\memory$architecture_simulator/rtl/vertical_slice/gtsu_banked_sram_2client.sv:126$997_DATA[127:0]$1320
    25/1330: $3$mem2reg_wr$\memory$architecture_simulator/rtl/vertical_slice/gtsu_banked_sram_2client.sv:126$996_ADDR[5:0]$1315
    26/1330: $3$mem2reg_wr$\memory$architecture_simulator/rtl/vertical_slice/gtsu_banked_sram_2client.sv:126$996_DATA[127:0]$1316
    27/1330: $3$mem2reg_wr$\memory$architecture_simulator/rtl/vertical_slice/gtsu_banked_sram_2client.sv:126$995_ADDR[5:0]$1311
    28/1330: $3$mem2reg_wr$\memory$architecture_simulator/rtl/vertical_slice/gtsu_banked_sram_2client.sv:126$995_DATA[127:0]$1312
    29/1330: $3$mem2reg_wr$\memory$architecture_simulator/rtl/vertical_slice/gtsu_banked_sram_2client.sv:126$994_ADDR[5:0]$1307
    30/1330: $3$mem2reg_wr$\memory$architecture_simulator/rtl/vertical_slice/gtsu_banked_sram_2client.sv:126$994_DATA[127:0]$1308
    31/1330: $3$mem2reg_wr$\memory$architecture_simulator/rtl/vertical_slice/gtsu_banked_sram_2client.sv:126$993_ADDR[5:0]$1303
    32/1330: $3$mem2reg_wr$\memory$architecture_simulator/rtl/vertical_slice/gtsu_banked_sram_2client.sv:126$993_DATA[127:0]$1304
    33/1330: $3\byte_index[31:0]
    34/1330: $2$mem2reg_wr$\memory$architecture_simulator/rtl/vertical_slice/gtsu_banked_sram_2client.sv:126$1008_DATA[127:0]$1302
    35/1330: $2$mem2reg_wr$\memory$architecture_simulator/rtl/vertical_slice/gtsu_banked_sram_2client.sv:126$1008_ADDR[5:0]$1301
    36/1330: $2$mem2reg_wr$\memory$architecture_simulator/rtl/vertical_slice/gtsu_banked_sram_2client.sv:126$1007_DATA[127:0]$1300
    37/1330: $2$mem2reg_wr$\memory$architecture_simulator/rtl/vertical_slice/gtsu_banked_sram_2client.sv:126$1007_ADDR[5:0]$1299
    38/1330: $2$mem2reg_wr$\memory$architecture_simulator/rtl/vertical_slice/gtsu_banked_sram_2client.sv:126$1006_DATA[127:0]$1298
    39/1330: $2$mem2reg_wr$\memory$architecture_simulator/rtl/vertical_slice/gtsu_banked_sram_2client.sv:126$1006_ADDR[5:0]$1297
    40/1330: $2$mem2reg_wr$\memory$architecture_simulator/rtl/vertical_slice/gtsu_banked_sram_2client.sv:126$1005_DATA[127:0]$1296
    41/1330: $2$mem2reg_wr$\memory$architecture_simulator/rtl/vertical_slice/gtsu_banked_sram_2client.sv:126$1005_ADDR[5:0]$1295
    42/1330: $2$mem2reg_wr$\memory$architecture_simulator/rtl/vertical_slice/gtsu_banked_sram_2client.sv:126$1004_DATA[127:0]$1294
    43/1330: $2$mem2reg_wr$\memory$architecture_simulator/rtl/vertical_slice/gtsu_banked_sram_2client.sv:126$1004_ADDR[5:0]$1293
    44/1330: $2$mem2reg_wr$\memory$architecture_simulator/rtl/vertical_slice/gtsu_banked_sram_2client.sv:126$1003_DATA[127:0]$1292
    45/1330: $2$mem2reg_wr$\memory$architecture_simulator/rtl/vertical_slice/gtsu_banked_sram_2client.sv:126$1003_ADDR[5:0]$1291
    46/1330: $2$mem2reg_wr$\memory$architecture_simulator/rtl/vertical_slice/gtsu_banked_sram_2client.sv:126$1002_DATA[127:0]$1290
    47/1330: $2$mem2reg_wr$\memory$architecture_simulator/rtl/vertical_slice/gtsu_banked_sram_2client.sv:126$1002_ADDR[5:0]$1289
    48/1330: $2$mem2reg_wr$\memory$architecture_simulator/rtl/vertical_slice/gtsu_banked_sram_2client.sv:126$1001_DATA[127:0]$1288
    49/1330: $2$mem2reg_wr$\memory$architecture_simulator/rtl/vertical_slice/gtsu_banked_sram_2client.sv:126$1001_ADDR[5:0]$1287
    50/1330: $2$mem2reg_wr$\memory$architecture_simulator/rtl/vertical_slice/gtsu_banked_sram_2client.sv:126$1000_DATA[127:0]$1286
    51/1330: $2$mem2reg_wr$\memory$architecture_simulator/rtl/vertical_slice/gtsu_banked_sram_2client.sv:126$1000_ADDR[5:0]$1285
    52/1330: $2$mem2reg_wr$\memory$architecture_simulator/rtl/vertical_slice/gtsu_banked_sram_2client.sv:126$999_DATA[127:0]$1284
    53/1330: $2$mem2reg_wr$\memory$architecture_simulator/rtl/vertical_slice/gtsu_banked_sram_2client.sv:126$999_ADDR[5:0]$1283
    54/1330: $2$mem2reg_wr$\memory$architecture_simulator/rtl/vertical_slice/gtsu_banked_sram_2client.sv:126$998_DATA[127:0]$1282
    55/1330: $2$mem2reg_wr$\memory$architecture_simulator/rtl/vertical_slice/gtsu_banked_sram_2client.sv:126$998_ADDR[5:0]$1281
    56/1330: $2$mem2reg_wr$\memory$architecture_simulator/rtl/vertical_slice/gtsu_banked_sram_2client.sv:126$997_DATA[127:0]$1280
    57/1330: $2$mem2reg_wr$\memory$architecture_simulator/rtl/vertical_slice/gtsu_banked_sram_2client.sv:126$997_ADDR[5:0]$1279
    58/1330: $2$mem2reg_wr$\memory$architecture_simulator/rtl/vertical_slice/gtsu_banked_sram_2client.sv:126$996_DATA[127:0]$1278
    59/1330: $2$mem2reg_wr$\memory$architecture_simulator/rtl/vertical_slice/gtsu_banked_sram_2client.sv:126$996_ADDR[5:0]$1277
    60/1330: $2$mem2reg_wr$\memory$architecture_simulator/rtl/vertical_slice/gtsu_banked_sram_2client.sv:126$995_DATA[127:0]$1276
    61/1330: $2$mem2reg_wr$\memory$architecture_simulator/rtl/vertical_slice/gtsu_banked_sram_2client.sv:126$995_ADDR[5:0]$1275
    62/1330: $2$mem2reg_wr$\memory$architecture_simulator/rtl/vertical_slice/gtsu_banked_sram_2client.sv:126$994_DATA[127:0]$1274
    63/1330: $2$mem2reg_wr$\memory$architecture_simulator/rtl/vertical_slice/gtsu_banked_sram_2client.sv:126$994_ADDR[5:0]$1273
    64/1330: $2$mem2reg_wr$\memory$architecture_simulator/rtl/vertical_slice/gtsu_banked_sram_2client.sv:126$993_DATA[127:0]$1272
    65/1330: $2$mem2reg_wr$\memory$architecture_simulator/rtl/vertical_slice/gtsu_banked_sram_2client.sv:126$993_ADDR[5:0]$1271
    66/1330: $3$mem2reg_wr$\memory$architecture_simulator/rtl/vertical_slice/gtsu_banked_sram_2client.sv:120$992_ADDR[5:0]$1266
    67/1330: $3$mem2reg_wr$\memory$architecture_simulator/rtl/vertical_slice/gtsu_banked_sram_2client.sv:120$992_DATA[127:0]$1267
    68/1330: $0\memory[63][127:0] [127:120]
    69/1330: $0\memory[63][127:0] [119:112]
    70/1330: $0\memory[62][127:0] [119:112]
    71/1330: $0\memory[61][127:0] [119:112]
    72/1330: $0\memory[60][127:0] [119:112]
    73/1330: $0\memory[59][127:0] [119:112]
    74/1330: $0\memory[58][127:0] [119:112]
    75/1330: $0\memory[57][127:0] [119:112]
    76/1330: $0\memory[56][127:0] [119:112]
    77/1330: $0\memory[55][127:0] [119:112]
    78/1330: $0\memory[54][127:0] [119:112]
    79/1330: $0\memory[53][127:0] [119:112]
    80/1330: $0\memory[52][127:0] [119:112]
    81/1330: $0\memory[51][127:0] [119:112]
    82/1330: $0\memory[50][127:0] [119:112]
    83/1330: $0\memory[49][127:0] [119:112]
    84/1330: $0\memory[48][127:0] [119:112]
    85/1330: $0\memory[47][127:0] [119:112]
    86/1330: $0\memory[46][127:0] [119:112]
    87/1330: $0\memory[45][127:0] [119:112]
    88/1330: $0\memory[44][127:0] [119:112]
    89/1330: $0\memory[43][127:0] [119:112]
    90/1330: $0\memory[42][127:0] [119:112]
    91/1330: $0\memory[41][127:0] [119:112]
    92/1330: $0\memory[40][127:0] [119:112]
    93/1330: $0\memory[39][127:0] [119:112]
    94/1330: $0\memory[38][127:0] [119:112]
    95/1330: $0\memory[37][127:0] [119:112]
    96/1330: $0\memory[36][127:0] [119:112]
    97/1330: $0\memory[35][127:0] [119:112]
    98/1330: $0\memory[34][127:0] [119:112]
    99/1330: $0\memory[33][127:0] [119:112]
   100/1330: $0\memory[32][127:0] [119:112]
   101/1330: $0\memory[31][127:0] [119:112]
   102/1330: $0\memory[30][127:0] [119:112]
   103/1330: $0\memory[29][127:0] [119:112]
   104/1330: $0\memory[28][127:0] [119:112]
   105/1330: $0\memory[27][127:0] [119:112]
   106/1330: $0\memory[26][127:0] [119:112]
   107/1330: $0\memory[25][127:0] [119:112]
   108/1330: $0\memory[24][127:0] [119:112]
   109/1330: $0\memory[23][127:0] [119:112]
   110/1330: $0\memory[22][127:0] [119:112]
   111/1330: $0\memory[21][127:0] [119:112]
   112/1330: $0\memory[20][127:0] [119:112]
   113/1330: $0\memory[19][127:0] [119:112]
   114/1330: $0\memory[18][127:0] [119:112]
   115/1330: $0\memory[17][127:0] [119:112]
   116/1330: $0\memory[16][127:0] [119:112]
   117/1330: $0\memory[15][127:0] [119:112]
   118/1330: $0\memory[14][127:0] [119:112]
   119/1330: $0\memory[13][127:0] [119:112]
   120/1330: $0\memory[12][127:0] [119:112]
   121/1330: $0\memory[11][127:0] [119:112]
   122/1330: $0\memory[10][127:0] [119:112]
   123/1330: $0\memory[9][127:0] [119:112]
   124/1330: $0\memory[8][127:0] [119:112]
   125/1330: $0\memory[7][127:0] [119:112]
   126/1330: $0\memory[6][127:0] [119:112]
   127/1330: $0\memory[5][127:0] [119:112]
   128/1330: $0\memory[4][127:0] [119:112]
   129/1330: $0\memory[3][127:0] [119:112]
   130/1330: $0\memory[2][127:0] [119:112]
   131/1330: $0\memory[1][127:0] [119:112]
   132/1330: $0\memory[0][127:0] [119:112]
   133/1330: $3$mem2reg_wr$\memory$architecture_simulator/rtl/vertical_slice/gtsu_banked_sram_2client.sv:120$991_DATA[127:0]$1263
   134/1330: $0\memory[62][127:0] [127:120]
   135/1330: $0\memory[63][127:0] [111:104]
   136/1330: $0\memory[62][127:0] [111:104]
   137/1330: $0\memory[61][127:0] [111:104]
   138/1330: $0\memory[60][127:0] [111:104]
   139/1330: $0\memory[59][127:0] [111:104]
   140/1330: $0\memory[58][127:0] [111:104]
   141/1330: $0\memory[57][127:0] [111:104]
   142/1330: $0\memory[56][127:0] [111:104]
   143/1330: $0\memory[55][127:0] [111:104]
   144/1330: $0\memory[54][127:0] [111:104]
   145/1330: $0\memory[53][127:0] [111:104]
   146/1330: $0\memory[52][127:0] [111:104]
   147/1330: $0\memory[51][127:0] [111:104]
   148/1330: $0\memory[50][127:0] [111:104]
   149/1330: $0\memory[49][127:0] [111:104]
   150/1330: $0\memory[48][127:0] [111:104]
   151/1330: $0\memory[47][127:0] [111:104]
   152/1330: $0\memory[46][127:0] [111:104]
   153/1330: $0\memory[45][127:0] [111:104]
   154/1330: $0\memory[44][127:0] [111:104]
   155/1330: $0\memory[43][127:0] [111:104]
   156/1330: $0\memory[42][127:0] [111:104]
   157/1330: $0\memory[41][127:0] [111:104]
   158/1330: $0\memory[40][127:0] [111:104]
   159/1330: $0\memory[39][127:0] [111:104]
   160/1330: $0\memory[38][127:0] [111:104]
   161/1330: $0\memory[37][127:0] [111:104]
   162/1330: $0\memory[36][127:0] [111:104]
   163/1330: $0\memory[35][127:0] [111:104]
   164/1330: $0\memory[34][127:0] [111:104]
   165/1330: $0\memory[33][127:0] [111:104]
   166/1330: $0\memory[32][127:0] [111:104]
   167/1330: $0\memory[31][127:0] [111:104]
   168/1330: $0\memory[30][127:0] [111:104]
   169/1330: $0\memory[29][127:0] [111:104]
   170/1330: $0\memory[28][127:0] [111:104]
   171/1330: $0\memory[27][127:0] [111:104]
   172/1330: $0\memory[26][127:0] [111:104]
   173/1330: $0\memory[25][127:0] [111:104]
   174/1330: $0\memory[24][127:0] [111:104]
   175/1330: $0\memory[23][127:0] [111:104]
   176/1330: $0\memory[22][127:0] [111:104]
   177/1330: $0\memory[21][127:0] [111:104]
   178/1330: $0\memory[20][127:0] [111:104]
   179/1330: $0\memory[19][127:0] [111:104]
   180/1330: $0\memory[18][127:0] [111:104]
   181/1330: $0\memory[17][127:0] [111:104]
   182/1330: $0\memory[16][127:0] [111:104]
   183/1330: $0\memory[15][127:0] [111:104]
   184/1330: $0\memory[14][127:0] [111:104]
   185/1330: $0\memory[13][127:0] [111:104]
   186/1330: $0\memory[12][127:0] [111:104]
   187/1330: $0\memory[11][127:0] [111:104]
   188/1330: $0\memory[10][127:0] [111:104]
   189/1330: $0\memory[9][127:0] [111:104]
   190/1330: $0\memory[8][127:0] [111:104]
   191/1330: $0\memory[7][127:0] [111:104]
   192/1330: $0\memory[6][127:0] [111:104]
   193/1330: $0\memory[5][127:0] [111:104]
   194/1330: $0\memory[4][127:0] [111:104]
   195/1330: $0\memory[3][127:0] [111:104]
   196/1330: $0\memory[2][127:0] [111:104]
   197/1330: $0\memory[1][127:0] [111:104]
   198/1330: $0\memory[0][127:0] [111:104]
   199/1330: $3$mem2reg_wr$\memory$architecture_simulator/rtl/vertical_slice/gtsu_banked_sram_2client.sv:120$990_DATA[127:0]$1259
   200/1330: $0\memory[61][127:0] [127:120]
   201/1330: $0\memory[63][127:0] [103:96]
   202/1330: $0\memory[62][127:0] [103:96]
   203/1330: $0\memory[61][127:0] [103:96]
   204/1330: $0\memory[60][127:0] [103:96]
   205/1330: $0\memory[59][127:0] [103:96]
   206/1330: $0\memory[58][127:0] [103:96]
   207/1330: $0\memory[57][127:0] [103:96]
   208/1330: $0\memory[56][127:0] [103:96]
   209/1330: $0\memory[55][127:0] [103:96]
   210/1330: $0\memory[54][127:0] [103:96]
   211/1330: $0\memory[53][127:0] [103:96]
   212/1330: $0\memory[52][127:0] [103:96]
   213/1330: $0\memory[51][127:0] [103:96]
   214/1330: $0\memory[50][127:0] [103:96]
   215/1330: $0\memory[49][127:0] [103:96]
   216/1330: $0\memory[48][127:0] [103:96]
   217/1330: $0\memory[47][127:0] [103:96]
   218/1330: $0\memory[46][127:0] [103:96]
   219/1330: $0\memory[45][127:0] [103:96]
   220/1330: $0\memory[44][127:0] [103:96]
   221/1330: $0\memory[43][127:0] [103:96]
   222/1330: $0\memory[42][127:0] [103:96]
   223/1330: $0\memory[41][127:0] [103:96]
   224/1330: $0\memory[40][127:0] [103:96]
   225/1330: $0\memory[39][127:0] [103:96]
   226/1330: $0\memory[38][127:0] [103:96]
   227/1330: $0\memory[37][127:0] [103:96]
   228/1330: $0\memory[36][127:0] [103:96]
   229/1330: $0\memory[35][127:0] [103:96]
   230/1330: $0\memory[34][127:0] [103:96]
   231/1330: $0\memory[33][127:0] [103:96]
   232/1330: $0\memory[32][127:0] [103:96]
   233/1330: $0\memory[31][127:0] [103:96]
   234/1330: $0\memory[30][127:0] [103:96]
   235/1330: $0\memory[29][127:0] [103:96]
   236/1330: $0\memory[28][127:0] [103:96]
   237/1330: $0\memory[27][127:0] [103:96]
   238/1330: $0\memory[26][127:0] [103:96]
   239/1330: $0\memory[25][127:0] [103:96]
   240/1330: $0\memory[24][127:0] [103:96]
   241/1330: $0\memory[23][127:0] [103:96]
   242/1330: $0\memory[22][127:0] [103:96]
   243/1330: $0\memory[21][127:0] [103:96]
   244/1330: $0\memory[20][127:0] [103:96]
   245/1330: $0\memory[19][127:0] [103:96]
   246/1330: $0\memory[18][127:0] [103:96]
   247/1330: $0\memory[17][127:0] [103:96]
   248/1330: $0\memory[16][127:0] [103:96]
   249/1330: $0\memory[15][127:0] [103:96]
   250/1330: $0\memory[14][127:0] [103:96]
   251/1330: $0\memory[13][127:0] [103:96]
   252/1330: $0\memory[12][127:0] [103:96]
   253/1330: $0\memory[11][127:0] [103:96]
   254/1330: $0\memory[10][127:0] [103:96]
   255/1330: $0\memory[9][127:0] [103:96]
   256/1330: $0\memory[8][127:0] [103:96]
   257/1330: $0\memory[7][127:0] [103:96]
   258/1330: $0\memory[6][127:0] [103:96]
   259/1330: $0\memory[5][127:0] [103:96]
   260/1330: $0\memory[4][127:0] [103:96]
   261/1330: $0\memory[3][127:0] [103:96]
   262/1330: $0\memory[2][127:0] [103:96]
   263/1330: $0\memory[1][127:0] [103:96]
   264/1330: $0\memory[0][127:0] [103:96]
   265/1330: $3$mem2reg_wr$\memory$architecture_simulator/rtl/vertical_slice/gtsu_banked_sram_2client.sv:120$989_DATA[127:0]$1255
   266/1330: $0\memory[60][127:0] [127:120]
   267/1330: $0\memory[63][127:0] [95:88]
   268/1330: $0\memory[62][127:0] [95:88]
   269/1330: $0\memory[61][127:0] [95:88]
   270/1330: $0\memory[60][127:0] [95:88]
   271/1330: $0\memory[59][127:0] [95:88]
   272/1330: $0\memory[58][127:0] [95:88]
   273/1330: $0\memory[57][127:0] [95:88]
   274/1330: $0\memory[56][127:0] [95:88]
   275/1330: $0\memory[55][127:0] [95:88]
   276/1330: $0\memory[54][127:0] [95:88]
   277/1330: $0\memory[53][127:0] [95:88]
   278/1330: $0\memory[52][127:0] [95:88]
   279/1330: $0\memory[51][127:0] [95:88]
   280/1330: $0\memory[50][127:0] [95:88]
   281/1330: $0\memory[49][127:0] [95:88]
   282/1330: $0\memory[48][127:0] [95:88]
   283/1330: $0\memory[47][127:0] [95:88]
   284/1330: $0\memory[46][127:0] [95:88]
   285/1330: $0\memory[45][127:0] [95:88]
   286/1330: $0\memory[44][127:0] [95:88]
   287/1330: $0\memory[43][127:0] [95:88]
   288/1330: $0\memory[42][127:0] [95:88]
   289/1330: $0\memory[41][127:0] [95:88]
   290/1330: $0\memory[40][127:0] [95:88]
   291/1330: $0\memory[39][127:0] [95:88]
   292/1330: $0\memory[38][127:0] [95:88]
   293/1330: $0\memory[37][127:0] [95:88]
   294/1330: $0\memory[36][127:0] [95:88]
   295/1330: $0\memory[35][127:0] [95:88]
   296/1330: $0\memory[34][127:0] [95:88]
   297/1330: $0\memory[33][127:0] [95:88]
   298/1330: $0\memory[32][127:0] [95:88]
   299/1330: $0\memory[31][127:0] [95:88]
   300/1330: $0\memory[30][127:0] [95:88]
   301/1330: $0\memory[29][127:0] [95:88]
   302/1330: $0\memory[28][127:0] [95:88]
   303/1330: $0\memory[27][127:0] [95:88]
   304/1330: $0\memory[26][127:0] [95:88]
   305/1330: $0\memory[25][127:0] [95:88]
   306/1330: $0\memory[24][127:0] [95:88]
   307/1330: $0\memory[23][127:0] [95:88]
   308/1330: $0\memory[22][127:0] [95:88]
   309/1330: $0\memory[21][127:0] [95:88]
   310/1330: $0\memory[20][127:0] [95:88]
   311/1330: $0\memory[19][127:0] [95:88]
   312/1330: $0\memory[18][127:0] [95:88]
   313/1330: $0\memory[17][127:0] [95:88]
   314/1330: $0\memory[16][127:0] [95:88]
   315/1330: $0\memory[15][127:0] [95:88]
   316/1330: $0\memory[14][127:0] [95:88]
   317/1330: $0\memory[13][127:0] [95:88]
   318/1330: $0\memory[12][127:0] [95:88]
   319/1330: $0\memory[11][127:0] [95:88]
   320/1330: $0\memory[10][127:0] [95:88]
   321/1330: $0\memory[9][127:0] [95:88]
   322/1330: $0\memory[8][127:0] [95:88]
   323/1330: $0\memory[7][127:0] [95:88]
   324/1330: $0\memory[6][127:0] [95:88]
   325/1330: $0\memory[5][127:0] [95:88]
   326/1330: $0\memory[4][127:0] [95:88]
   327/1330: $0\memory[3][127:0] [95:88]
   328/1330: $0\memory[2][127:0] [95:88]
   329/1330: $0\memory[1][127:0] [95:88]
   330/1330: $0\memory[0][127:0] [95:88]
   331/1330: $3$mem2reg_wr$\memory$architecture_simulator/rtl/vertical_slice/gtsu_banked_sram_2client.sv:120$988_DATA[127:0]$1251
   332/1330: $0\memory[59][127:0] [127:120]
   333/1330: $0\memory[63][127:0] [87:80]
   334/1330: $0\memory[62][127:0] [87:80]
   335/1330: $0\memory[61][127:0] [87:80]
   336/1330: $0\memory[60][127:0] [87:80]
   337/1330: $0\memory[59][127:0] [87:80]
   338/1330: $0\memory[58][127:0] [87:80]
   339/1330: $0\memory[57][127:0] [87:80]
   340/1330: $0\memory[56][127:0] [87:80]
   341/1330: $0\memory[55][127:0] [87:80]
   342/1330: $0\memory[54][127:0] [87:80]
   343/1330: $0\memory[53][127:0] [87:80]
   344/1330: $0\memory[52][127:0] [87:80]
   345/1330: $0\memory[51][127:0] [87:80]
   346/1330: $0\memory[50][127:0] [87:80]
   347/1330: $0\memory[49][127:0] [87:80]
   348/1330: $0\memory[48][127:0] [87:80]
   349/1330: $0\memory[47][127:0] [87:80]
   350/1330: $0\memory[46][127:0] [87:80]
   351/1330: $0\memory[45][127:0] [87:80]
   352/1330: $0\memory[44][127:0] [87:80]
   353/1330: $0\memory[43][127:0] [87:80]
   354/1330: $0\memory[42][127:0] [87:80]
   355/1330: $0\memory[41][127:0] [87:80]
   356/1330: $0\memory[40][127:0] [87:80]
   357/1330: $0\memory[39][127:0] [87:80]
   358/1330: $0\memory[38][127:0] [87:80]
   359/1330: $0\memory[37][127:0] [87:80]
   360/1330: $0\memory[36][127:0] [87:80]
   361/1330: $0\memory[35][127:0] [87:80]
   362/1330: $0\memory[34][127:0] [87:80]
   363/1330: $0\memory[33][127:0] [87:80]
   364/1330: $0\memory[32][127:0] [87:80]
   365/1330: $0\memory[31][127:0] [87:80]
   366/1330: $0\memory[30][127:0] [87:80]
   367/1330: $0\memory[29][127:0] [87:80]
   368/1330: $0\memory[28][127:0] [87:80]
   369/1330: $0\memory[27][127:0] [87:80]
   370/1330: $0\memory[26][127:0] [87:80]
   371/1330: $0\memory[25][127:0] [87:80]
   372/1330: $0\memory[24][127:0] [87:80]
   373/1330: $0\memory[23][127:0] [87:80]
   374/1330: $0\memory[22][127:0] [87:80]
   375/1330: $0\memory[21][127:0] [87:80]
   376/1330: $0\memory[20][127:0] [87:80]
   377/1330: $0\memory[19][127:0] [87:80]
   378/1330: $0\memory[18][127:0] [87:80]
   379/1330: $0\memory[17][127:0] [87:80]
   380/1330: $0\memory[16][127:0] [87:80]
   381/1330: $0\memory[15][127:0] [87:80]
   382/1330: $0\memory[14][127:0] [87:80]
   383/1330: $0\memory[13][127:0] [87:80]
   384/1330: $0\memory[12][127:0] [87:80]
   385/1330: $0\memory[11][127:0] [87:80]
   386/1330: $0\memory[10][127:0] [87:80]
   387/1330: $0\memory[9][127:0] [87:80]
   388/1330: $0\memory[8][127:0] [87:80]
   389/1330: $0\memory[7][127:0] [87:80]
   390/1330: $0\memory[6][127:0] [87:80]
   391/1330: $0\memory[5][127:0] [87:80]
   392/1330: $0\memory[4][127:0] [87:80]
   393/1330: $0\memory[3][127:0] [87:80]
   394/1330: $0\memory[2][127:0] [87:80]
   395/1330: $0\memory[1][127:0] [87:80]
   396/1330: $0\memory[0][127:0] [87:80]
   397/1330: $3$mem2reg_wr$\memory$architecture_simulator/rtl/vertical_slice/gtsu_banked_sram_2client.sv:120$987_DATA[127:0]$1247
   398/1330: $0\memory[58][127:0] [127:120]
   399/1330: $0\memory[63][127:0] [79:72]
   400/1330: $0\memory[62][127:0] [79:72]
   401/1330: $0\memory[61][127:0] [79:72]
   402/1330: $0\memory[60][127:0] [79:72]
   403/1330: $0\memory[59][127:0] [79:72]
   404/1330: $0\memory[58][127:0] [79:72]
   405/1330: $0\memory[57][127:0] [79:72]
   406/1330: $0\memory[56][127:0] [79:72]
   407/1330: $0\memory[55][127:0] [79:72]
   408/1330: $0\memory[54][127:0] [79:72]
   409/1330: $0\memory[53][127:0] [79:72]
   410/1330: $0\memory[52][127:0] [79:72]
   411/1330: $0\memory[51][127:0] [79:72]
   412/1330: $0\memory[50][127:0] [79:72]
   413/1330: $0\memory[49][127:0] [79:72]
   414/1330: $0\memory[48][127:0] [79:72]
   415/1330: $0\memory[47][127:0] [79:72]
   416/1330: $0\memory[46][127:0] [79:72]
   417/1330: $0\memory[45][127:0] [79:72]
   418/1330: $0\memory[44][127:0] [79:72]
   419/1330: $0\memory[43][127:0] [79:72]
   420/1330: $0\memory[42][127:0] [79:72]
   421/1330: $0\memory[41][127:0] [79:72]
   422/1330: $0\memory[40][127:0] [79:72]
   423/1330: $0\memory[39][127:0] [79:72]
   424/1330: $0\memory[38][127:0] [79:72]
   425/1330: $0\memory[37][127:0] [79:72]
   426/1330: $0\memory[36][127:0] [79:72]
   427/1330: $0\memory[35][127:0] [79:72]
   428/1330: $0\memory[34][127:0] [79:72]
   429/1330: $0\memory[33][127:0] [79:72]
   430/1330: $0\memory[32][127:0] [79:72]
   431/1330: $0\memory[31][127:0] [79:72]
   432/1330: $0\memory[30][127:0] [79:72]
   433/1330: $0\memory[29][127:0] [79:72]
   434/1330: $0\memory[28][127:0] [79:72]
   435/1330: $0\memory[27][127:0] [79:72]
   436/1330: $0\memory[26][127:0] [79:72]
   437/1330: $0\memory[25][127:0] [79:72]
   438/1330: $0\memory[24][127:0] [79:72]
   439/1330: $0\memory[23][127:0] [79:72]
   440/1330: $0\memory[22][127:0] [79:72]
   441/1330: $0\memory[21][127:0] [79:72]
   442/1330: $0\memory[20][127:0] [79:72]
   443/1330: $0\memory[19][127:0] [79:72]
   444/1330: $0\memory[18][127:0] [79:72]
   445/1330: $0\memory[17][127:0] [79:72]
   446/1330: $0\memory[16][127:0] [79:72]
   447/1330: $0\memory[15][127:0] [79:72]
   448/1330: $0\memory[14][127:0] [79:72]
   449/1330: $0\memory[13][127:0] [79:72]
   450/1330: $0\memory[12][127:0] [79:72]
   451/1330: $0\memory[11][127:0] [79:72]
   452/1330: $0\memory[10][127:0] [79:72]
   453/1330: $0\memory[9][127:0] [79:72]
   454/1330: $0\memory[8][127:0] [79:72]
   455/1330: $0\memory[7][127:0] [79:72]
   456/1330: $0\memory[6][127:0] [79:72]
   457/1330: $0\memory[5][127:0] [79:72]
   458/1330: $0\memory[4][127:0] [79:72]
   459/1330: $0\memory[3][127:0] [79:72]
   460/1330: $0\memory[2][127:0] [79:72]
   461/1330: $0\memory[1][127:0] [79:72]
   462/1330: $0\memory[0][127:0] [79:72]
   463/1330: $3$mem2reg_wr$\memory$architecture_simulator/rtl/vertical_slice/gtsu_banked_sram_2client.sv:120$986_DATA[127:0]$1243
   464/1330: $0\memory[57][127:0] [127:120]
   465/1330: $0\memory[63][127:0] [71:64]
   466/1330: $0\memory[62][127:0] [71:64]
   467/1330: $0\memory[61][127:0] [71:64]
   468/1330: $0\memory[60][127:0] [71:64]
   469/1330: $0\memory[59][127:0] [71:64]
   470/1330: $0\memory[58][127:0] [71:64]
   471/1330: $0\memory[57][127:0] [71:64]
   472/1330: $0\memory[56][127:0] [71:64]
   473/1330: $0\memory[55][127:0] [71:64]
   474/1330: $0\memory[54][127:0] [71:64]
   475/1330: $0\memory[53][127:0] [71:64]
   476/1330: $0\memory[52][127:0] [71:64]
   477/1330: $0\memory[51][127:0] [71:64]
   478/1330: $0\memory[50][127:0] [71:64]
   479/1330: $0\memory[49][127:0] [71:64]
   480/1330: $0\memory[48][127:0] [71:64]
   481/1330: $0\memory[47][127:0] [71:64]
   482/1330: $0\memory[46][127:0] [71:64]
   483/1330: $0\memory[45][127:0] [71:64]
   484/1330: $0\memory[44][127:0] [71:64]
   485/1330: $0\memory[43][127:0] [71:64]
   486/1330: $0\memory[42][127:0] [71:64]
   487/1330: $0\memory[41][127:0] [71:64]
   488/1330: $0\memory[40][127:0] [71:64]
   489/1330: $0\memory[39][127:0] [71:64]
   490/1330: $0\memory[38][127:0] [71:64]
   491/1330: $0\memory[37][127:0] [71:64]
   492/1330: $0\memory[36][127:0] [71:64]
   493/1330: $0\memory[35][127:0] [71:64]
   494/1330: $0\memory[34][127:0] [71:64]
   495/1330: $0\memory[33][127:0] [71:64]
   496/1330: $0\memory[32][127:0] [71:64]
   497/1330: $0\memory[31][127:0] [71:64]
   498/1330: $0\memory[30][127:0] [71:64]
   499/1330: $0\memory[29][127:0] [71:64]
   500/1330: $0\memory[28][127:0] [71:64]
   501/1330: $0\memory[27][127:0] [71:64]
   502/1330: $0\memory[26][127:0] [71:64]
   503/1330: $0\memory[25][127:0] [71:64]
   504/1330: $0\memory[24][127:0] [71:64]
   505/1330: $0\memory[23][127:0] [71:64]
   506/1330: $0\memory[22][127:0] [71:64]
   507/1330: $0\memory[21][127:0] [71:64]
   508/1330: $0\memory[20][127:0] [71:64]
   509/1330: $0\memory[19][127:0] [71:64]
   510/1330: $0\memory[18][127:0] [71:64]
   511/1330: $0\memory[17][127:0] [71:64]
   512/1330: $0\memory[16][127:0] [71:64]
   513/1330: $0\memory[15][127:0] [71:64]
   514/1330: $0\memory[14][127:0] [71:64]
   515/1330: $0\memory[13][127:0] [71:64]
   516/1330: $0\memory[12][127:0] [71:64]
   517/1330: $0\memory[11][127:0] [71:64]
   518/1330: $0\memory[10][127:0] [71:64]
   519/1330: $0\memory[9][127:0] [71:64]
   520/1330: $0\memory[8][127:0] [71:64]
   521/1330: $0\memory[7][127:0] [71:64]
   522/1330: $0\memory[6][127:0] [71:64]
   523/1330: $0\memory[5][127:0] [71:64]
   524/1330: $0\memory[4][127:0] [71:64]
   525/1330: $0\memory[3][127:0] [71:64]
   526/1330: $0\memory[2][127:0] [71:64]
   527/1330: $0\memory[1][127:0] [71:64]
   528/1330: $0\memory[0][127:0] [71:64]
   529/1330: $3$mem2reg_wr$\memory$architecture_simulator/rtl/vertical_slice/gtsu_banked_sram_2client.sv:120$985_DATA[127:0]$1239
   530/1330: $0\memory[56][127:0] [127:120]
   531/1330: $0\memory[63][127:0] [63:56]
   532/1330: $0\memory[62][127:0] [63:56]
   533/1330: $0\memory[61][127:0] [63:56]
   534/1330: $0\memory[60][127:0] [63:56]
   535/1330: $0\memory[59][127:0] [63:56]
   536/1330: $0\memory[58][127:0] [63:56]
   537/1330: $0\memory[57][127:0] [63:56]
   538/1330: $0\memory[56][127:0] [63:56]
   539/1330: $0\memory[55][127:0] [63:56]
   540/1330: $0\memory[54][127:0] [63:56]
   541/1330: $0\memory[53][127:0] [63:56]
   542/1330: $0\memory[52][127:0] [63:56]
   543/1330: $0\memory[51][127:0] [63:56]
   544/1330: $0\memory[50][127:0] [63:56]
   545/1330: $0\memory[49][127:0] [63:56]
   546/1330: $0\memory[48][127:0] [63:56]
   547/1330: $0\memory[47][127:0] [63:56]
   548/1330: $0\memory[46][127:0] [63:56]
   549/1330: $0\memory[45][127:0] [63:56]
   550/1330: $0\memory[44][127:0] [63:56]
   551/1330: $0\memory[43][127:0] [63:56]
   552/1330: $0\memory[42][127:0] [63:56]
   553/1330: $0\memory[41][127:0] [63:56]
   554/1330: $0\memory[40][127:0] [63:56]
   555/1330: $0\memory[39][127:0] [63:56]
   556/1330: $0\memory[38][127:0] [63:56]
   557/1330: $0\memory[37][127:0] [63:56]
   558/1330: $0\memory[36][127:0] [63:56]
   559/1330: $0\memory[35][127:0] [63:56]
   560/1330: $0\memory[34][127:0] [63:56]
   561/1330: $0\memory[33][127:0] [63:56]
   562/1330: $0\memory[32][127:0] [63:56]
   563/1330: $0\memory[31][127:0] [63:56]
   564/1330: $0\memory[30][127:0] [63:56]
   565/1330: $0\memory[29][127:0] [63:56]
   566/1330: $0\memory[28][127:0] [63:56]
   567/1330: $0\memory[27][127:0] [63:56]
   568/1330: $0\memory[26][127:0] [63:56]
   569/1330: $0\memory[25][127:0] [63:56]
   570/1330: $0\memory[24][127:0] [63:56]
   571/1330: $0\memory[23][127:0] [63:56]
   572/1330: $0\memory[22][127:0] [63:56]
   573/1330: $0\memory[21][127:0] [63:56]
   574/1330: $0\memory[20][127:0] [63:56]
   575/1330: $0\memory[19][127:0] [63:56]
   576/1330: $0\memory[18][127:0] [63:56]
   577/1330: $0\memory[17][127:0] [63:56]
   578/1330: $0\memory[16][127:0] [63:56]
   579/1330: $0\memory[15][127:0] [63:56]
   580/1330: $0\memory[14][127:0] [63:56]
   581/1330: $0\memory[13][127:0] [63:56]
   582/1330: $0\memory[12][127:0] [63:56]
   583/1330: $0\memory[11][127:0] [63:56]
   584/1330: $0\memory[10][127:0] [63:56]
   585/1330: $0\memory[9][127:0] [63:56]
   586/1330: $0\memory[8][127:0] [63:56]
   587/1330: $0\memory[7][127:0] [63:56]
   588/1330: $0\memory[6][127:0] [63:56]
   589/1330: $0\memory[5][127:0] [63:56]
   590/1330: $0\memory[4][127:0] [63:56]
   591/1330: $0\memory[3][127:0] [63:56]
   592/1330: $0\memory[2][127:0] [63:56]
   593/1330: $0\memory[1][127:0] [63:56]
   594/1330: $0\memory[0][127:0] [63:56]
   595/1330: $3$mem2reg_wr$\memory$architecture_simulator/rtl/vertical_slice/gtsu_banked_sram_2client.sv:120$984_DATA[127:0]$1235
   596/1330: $0\memory[55][127:0] [127:120]
   597/1330: $0\memory[63][127:0] [55:48]
   598/1330: $0\memory[62][127:0] [55:48]
   599/1330: $0\memory[61][127:0] [55:48]
   600/1330: $0\memory[60][127:0] [55:48]
   601/1330: $0\memory[59][127:0] [55:48]
   602/1330: $0\memory[58][127:0] [55:48]
   603/1330: $0\memory[57][127:0] [55:48]
   604/1330: $0\memory[56][127:0] [55:48]
   605/1330: $0\memory[55][127:0] [55:48]
   606/1330: $0\memory[54][127:0] [55:48]
   607/1330: $0\memory[53][127:0] [55:48]
   608/1330: $0\memory[52][127:0] [55:48]
   609/1330: $0\memory[51][127:0] [55:48]
   610/1330: $0\memory[50][127:0] [55:48]
   611/1330: $0\memory[49][127:0] [55:48]
   612/1330: $0\memory[48][127:0] [55:48]
   613/1330: $0\memory[47][127:0] [55:48]
   614/1330: $0\memory[46][127:0] [55:48]
   615/1330: $0\memory[45][127:0] [55:48]
   616/1330: $0\memory[44][127:0] [55:48]
   617/1330: $0\memory[43][127:0] [55:48]
   618/1330: $0\memory[42][127:0] [55:48]
   619/1330: $0\memory[41][127:0] [55:48]
   620/1330: $0\memory[40][127:0] [55:48]
   621/1330: $0\memory[39][127:0] [55:48]
   622/1330: $0\memory[38][127:0] [55:48]
   623/1330: $0\memory[37][127:0] [55:48]
   624/1330: $0\memory[36][127:0] [55:48]
   625/1330: $0\memory[35][127:0] [55:48]
   626/1330: $0\memory[34][127:0] [55:48]
   627/1330: $0\memory[33][127:0] [55:48]
   628/1330: $0\memory[32][127:0] [55:48]
   629/1330: $0\memory[31][127:0] [55:48]
   630/1330: $0\memory[30][127:0] [55:48]
   631/1330: $0\memory[29][127:0] [55:48]
   632/1330: $0\memory[28][127:0] [55:48]
   633/1330: $0\memory[27][127:0] [55:48]
   634/1330: $0\memory[26][127:0] [55:48]
   635/1330: $0\memory[25][127:0] [55:48]
   636/1330: $0\memory[24][127:0] [55:48]
   637/1330: $0\memory[23][127:0] [55:48]
   638/1330: $0\memory[22][127:0] [55:48]
   639/1330: $0\memory[21][127:0] [55:48]
   640/1330: $0\memory[20][127:0] [55:48]
   641/1330: $0\memory[19][127:0] [55:48]
   642/1330: $0\memory[18][127:0] [55:48]
   643/1330: $0\memory[17][127:0] [55:48]
   644/1330: $0\memory[16][127:0] [55:48]
   645/1330: $0\memory[15][127:0] [55:48]
   646/1330: $0\memory[14][127:0] [55:48]
   647/1330: $0\memory[13][127:0] [55:48]
   648/1330: $0\memory[12][127:0] [55:48]
   649/1330: $0\memory[11][127:0] [55:48]
   650/1330: $0\memory[10][127:0] [55:48]
   651/1330: $0\memory[9][127:0] [55:48]
   652/1330: $0\memory[8][127:0] [55:48]
   653/1330: $0\memory[7][127:0] [55:48]
   654/1330: $0\memory[6][127:0] [55:48]
   655/1330: $0\memory[5][127:0] [55:48]
   656/1330: $0\memory[4][127:0] [55:48]
   657/1330: $0\memory[3][127:0] [55:48]
   658/1330: $0\memory[2][127:0] [55:48]
   659/1330: $0\memory[1][127:0] [55:48]
   660/1330: $0\memory[0][127:0] [55:48]
   661/1330: $3$mem2reg_wr$\memory$architecture_simulator/rtl/vertical_slice/gtsu_banked_sram_2client.sv:120$983_DATA[127:0]$1231
   662/1330: $0\memory[54][127:0] [127:120]
   663/1330: $0\memory[63][127:0] [47:40]
   664/1330: $0\memory[62][127:0] [47:40]
   665/1330: $0\memory[61][127:0] [47:40]
   666/1330: $0\memory[60][127:0] [47:40]
   667/1330: $0\memory[59][127:0] [47:40]
   668/1330: $0\memory[58][127:0] [47:40]
   669/1330: $0\memory[57][127:0] [47:40]
   670/1330: $0\memory[56][127:0] [47:40]
   671/1330: $0\memory[55][127:0] [47:40]
   672/1330: $0\memory[54][127:0] [47:40]
   673/1330: $0\memory[53][127:0] [47:40]
   674/1330: $0\memory[52][127:0] [47:40]
   675/1330: $0\memory[51][127:0] [47:40]
   676/1330: $0\memory[50][127:0] [47:40]
   677/1330: $0\memory[49][127:0] [47:40]
   678/1330: $0\memory[48][127:0] [47:40]
   679/1330: $0\memory[47][127:0] [47:40]
   680/1330: $0\memory[46][127:0] [47:40]
   681/1330: $0\memory[45][127:0] [47:40]
   682/1330: $0\memory[44][127:0] [47:40]
   683/1330: $0\memory[43][127:0] [47:40]
   684/1330: $0\memory[42][127:0] [47:40]
   685/1330: $0\memory[41][127:0] [47:40]
   686/1330: $0\memory[40][127:0] [47:40]
   687/1330: $0\memory[39][127:0] [47:40]
   688/1330: $0\memory[38][127:0] [47:40]
   689/1330: $0\memory[37][127:0] [47:40]
   690/1330: $0\memory[36][127:0] [47:40]
   691/1330: $0\memory[35][127:0] [47:40]
   692/1330: $0\memory[34][127:0] [47:40]
   693/1330: $0\memory[33][127:0] [47:40]
   694/1330: $0\memory[32][127:0] [47:40]
   695/1330: $0\memory[31][127:0] [47:40]
   696/1330: $0\memory[30][127:0] [47:40]
   697/1330: $0\memory[29][127:0] [47:40]
   698/1330: $0\memory[28][127:0] [47:40]
   699/1330: $0\memory[27][127:0] [47:40]
   700/1330: $0\memory[26][127:0] [47:40]
   701/1330: $0\memory[25][127:0] [47:40]
   702/1330: $0\memory[24][127:0] [47:40]
   703/1330: $0\memory[23][127:0] [47:40]
   704/1330: $0\memory[22][127:0] [47:40]
   705/1330: $0\memory[21][127:0] [47:40]
   706/1330: $0\memory[20][127:0] [47:40]
   707/1330: $0\memory[19][127:0] [47:40]
   708/1330: $0\memory[18][127:0] [47:40]
   709/1330: $0\memory[17][127:0] [47:40]
   710/1330: $0\memory[16][127:0] [47:40]
   711/1330: $0\memory[15][127:0] [47:40]
   712/1330: $0\memory[14][127:0] [47:40]
   713/1330: $0\memory[13][127:0] [47:40]
   714/1330: $0\memory[12][127:0] [47:40]
   715/1330: $0\memory[11][127:0] [47:40]
   716/1330: $0\memory[10][127:0] [47:40]
   717/1330: $0\memory[9][127:0] [47:40]
   718/1330: $0\memory[8][127:0] [47:40]
   719/1330: $0\memory[7][127:0] [47:40]
   720/1330: $0\memory[6][127:0] [47:40]
   721/1330: $0\memory[5][127:0] [47:40]
   722/1330: $0\memory[4][127:0] [47:40]
   723/1330: $0\memory[3][127:0] [47:40]
   724/1330: $0\memory[2][127:0] [47:40]
   725/1330: $0\memory[1][127:0] [47:40]
   726/1330: $0\memory[0][127:0] [47:40]
   727/1330: $3$mem2reg_wr$\memory$architecture_simulator/rtl/vertical_slice/gtsu_banked_sram_2client.sv:120$982_DATA[127:0]$1227
   728/1330: $0\memory[53][127:0] [127:120]
   729/1330: $0\memory[63][127:0] [39:32]
   730/1330: $0\memory[62][127:0] [39:32]
   731/1330: $0\memory[61][127:0] [39:32]
   732/1330: $0\memory[60][127:0] [39:32]
   733/1330: $0\memory[59][127:0] [39:32]
   734/1330: $0\memory[58][127:0] [39:32]
   735/1330: $0\memory[57][127:0] [39:32]
   736/1330: $0\memory[56][127:0] [39:32]
   737/1330: $0\memory[55][127:0] [39:32]
   738/1330: $0\memory[54][127:0] [39:32]
   739/1330: $0\memory[53][127:0] [39:32]
   740/1330: $0\memory[52][127:0] [39:32]
   741/1330: $0\memory[51][127:0] [39:32]
   742/1330: $0\memory[50][127:0] [39:32]
   743/1330: $0\memory[49][127:0] [39:32]
   744/1330: $0\memory[48][127:0] [39:32]
   745/1330: $0\memory[47][127:0] [39:32]
   746/1330: $0\memory[46][127:0] [39:32]
   747/1330: $0\memory[45][127:0] [39:32]
   748/1330: $0\memory[44][127:0] [39:32]
   749/1330: $0\memory[43][127:0] [39:32]
   750/1330: $0\memory[42][127:0] [39:32]
   751/1330: $0\memory[41][127:0] [39:32]
   752/1330: $0\memory[40][127:0] [39:32]
   753/1330: $0\memory[39][127:0] [39:32]
   754/1330: $0\memory[38][127:0] [39:32]
   755/1330: $0\memory[37][127:0] [39:32]
   756/1330: $0\memory[36][127:0] [39:32]
   757/1330: $0\memory[35][127:0] [39:32]
   758/1330: $0\memory[34][127:0] [39:32]
   759/1330: $0\memory[33][127:0] [39:32]
   760/1330: $0\memory[32][127:0] [39:32]
   761/1330: $0\memory[31][127:0] [39:32]
   762/1330: $0\memory[30][127:0] [39:32]
   763/1330: $0\memory[29][127:0] [39:32]
   764/1330: $0\memory[28][127:0] [39:32]
   765/1330: $0\memory[27][127:0] [39:32]
   766/1330: $0\memory[26][127:0] [39:32]
   767/1330: $0\memory[25][127:0] [39:32]
   768/1330: $0\memory[24][127:0] [39:32]
   769/1330: $0\memory[23][127:0] [39:32]
   770/1330: $0\memory[22][127:0] [39:32]
   771/1330: $0\memory[21][127:0] [39:32]
   772/1330: $0\memory[20][127:0] [39:32]
   773/1330: $0\memory[19][127:0] [39:32]
   774/1330: $0\memory[18][127:0] [39:32]
   775/1330: $0\memory[17][127:0] [39:32]
   776/1330: $0\memory[16][127:0] [39:32]
   777/1330: $0\memory[15][127:0] [39:32]
   778/1330: $0\memory[14][127:0] [39:32]
   779/1330: $0\memory[13][127:0] [39:32]
   780/1330: $0\memory[12][127:0] [39:32]
   781/1330: $0\memory[11][127:0] [39:32]
   782/1330: $0\memory[10][127:0] [39:32]
   783/1330: $0\memory[9][127:0] [39:32]
   784/1330: $0\memory[8][127:0] [39:32]
   785/1330: $0\memory[7][127:0] [39:32]
   786/1330: $0\memory[6][127:0] [39:32]
   787/1330: $0\memory[5][127:0] [39:32]
   788/1330: $0\memory[4][127:0] [39:32]
   789/1330: $0\memory[3][127:0] [39:32]
   790/1330: $0\memory[2][127:0] [39:32]
   791/1330: $0\memory[1][127:0] [39:32]
   792/1330: $0\memory[0][127:0] [39:32]
   793/1330: $3$mem2reg_wr$\memory$architecture_simulator/rtl/vertical_slice/gtsu_banked_sram_2client.sv:120$981_DATA[127:0]$1223
   794/1330: $0\memory[52][127:0] [127:120]
   795/1330: $0\memory[63][127:0] [31:24]
   796/1330: $0\memory[62][127:0] [31:24]
   797/1330: $0\memory[61][127:0] [31:24]
   798/1330: $0\memory[60][127:0] [31:24]
   799/1330: $0\memory[59][127:0] [31:24]
   800/1330: $0\memory[58][127:0] [31:24]
   801/1330: $0\memory[57][127:0] [31:24]
   802/1330: $0\memory[56][127:0] [31:24]
   803/1330: $0\memory[55][127:0] [31:24]
   804/1330: $0\memory[54][127:0] [31:24]
   805/1330: $0\memory[53][127:0] [31:24]
   806/1330: $0\memory[52][127:0] [31:24]
   807/1330: $0\memory[51][127:0] [31:24]
   808/1330: $0\memory[50][127:0] [31:24]
   809/1330: $0\memory[49][127:0] [31:24]
   810/1330: $0\memory[48][127:0] [31:24]
   811/1330: $0\memory[47][127:0] [31:24]
   812/1330: $0\memory[46][127:0] [31:24]
   813/1330: $0\memory[45][127:0] [31:24]
   814/1330: $0\memory[44][127:0] [31:24]
   815/1330: $0\memory[43][127:0] [31:24]
   816/1330: $0\memory[42][127:0] [31:24]
   817/1330: $0\memory[41][127:0] [31:24]
   818/1330: $0\memory[40][127:0] [31:24]
   819/1330: $0\memory[39][127:0] [31:24]
   820/1330: $0\memory[38][127:0] [31:24]
   821/1330: $0\memory[37][127:0] [31:24]
   822/1330: $0\memory[36][127:0] [31:24]
   823/1330: $0\memory[35][127:0] [31:24]
   824/1330: $0\memory[34][127:0] [31:24]
   825/1330: $0\memory[33][127:0] [31:24]
   826/1330: $0\memory[32][127:0] [31:24]
   827/1330: $0\memory[31][127:0] [31:24]
   828/1330: $0\memory[30][127:0] [31:24]
   829/1330: $0\memory[29][127:0] [31:24]
   830/1330: $0\memory[28][127:0] [31:24]
   831/1330: $0\memory[27][127:0] [31:24]
   832/1330: $0\memory[26][127:0] [31:24]
   833/1330: $0\memory[25][127:0] [31:24]
   834/1330: $0\memory[24][127:0] [31:24]
   835/1330: $0\memory[23][127:0] [31:24]
   836/1330: $0\memory[22][127:0] [31:24]
   837/1330: $0\memory[21][127:0] [31:24]
   838/1330: $0\memory[20][127:0] [31:24]
   839/1330: $0\memory[19][127:0] [31:24]
   840/1330: $0\memory[18][127:0] [31:24]
   841/1330: $0\memory[17][127:0] [31:24]
   842/1330: $0\memory[16][127:0] [31:24]
   843/1330: $0\memory[15][127:0] [31:24]
   844/1330: $0\memory[14][127:0] [31:24]
   845/1330: $0\memory[13][127:0] [31:24]
   846/1330: $0\memory[12][127:0] [31:24]
   847/1330: $0\memory[11][127:0] [31:24]
   848/1330: $0\memory[10][127:0] [31:24]
   849/1330: $0\memory[9][127:0] [31:24]
   850/1330: $0\memory[8][127:0] [31:24]
   851/1330: $0\memory[7][127:0] [31:24]
   852/1330: $0\memory[6][127:0] [31:24]
   853/1330: $0\memory[5][127:0] [31:24]
   854/1330: $0\memory[4][127:0] [31:24]
   855/1330: $0\memory[3][127:0] [31:24]
   856/1330: $0\memory[2][127:0] [31:24]
   857/1330: $0\memory[1][127:0] [31:24]
   858/1330: $0\memory[0][127:0] [31:24]
   859/1330: $3$mem2reg_wr$\memory$architecture_simulator/rtl/vertical_slice/gtsu_banked_sram_2client.sv:120$980_DATA[127:0]$1219
   860/1330: $0\memory[51][127:0] [127:120]
   861/1330: $0\memory[63][127:0] [23:16]
   862/1330: $0\memory[62][127:0] [23:16]
   863/1330: $0\memory[61][127:0] [23:16]
   864/1330: $0\memory[60][127:0] [23:16]
   865/1330: $0\memory[59][127:0] [23:16]
   866/1330: $0\memory[58][127:0] [23:16]
   867/1330: $0\memory[57][127:0] [23:16]
   868/1330: $0\memory[56][127:0] [23:16]
   869/1330: $0\memory[55][127:0] [23:16]
   870/1330: $0\memory[54][127:0] [23:16]
   871/1330: $0\memory[53][127:0] [23:16]
   872/1330: $0\memory[52][127:0] [23:16]
   873/1330: $0\memory[51][127:0] [23:16]
   874/1330: $0\memory[50][127:0] [23:16]
   875/1330: $0\memory[49][127:0] [23:16]
   876/1330: $0\memory[48][127:0] [23:16]
   877/1330: $0\memory[47][127:0] [23:16]
   878/1330: $0\memory[46][127:0] [23:16]
   879/1330: $0\memory[45][127:0] [23:16]
   880/1330: $0\memory[44][127:0] [23:16]
   881/1330: $0\memory[43][127:0] [23:16]
   882/1330: $0\memory[42][127:0] [23:16]
   883/1330: $0\memory[41][127:0] [23:16]
   884/1330: $0\memory[40][127:0] [23:16]
   885/1330: $0\memory[39][127:0] [23:16]
   886/1330: $0\memory[38][127:0] [23:16]
   887/1330: $0\memory[37][127:0] [23:16]
   888/1330: $0\memory[36][127:0] [23:16]
   889/1330: $0\memory[35][127:0] [23:16]
   890/1330: $0\memory[34][127:0] [23:16]
   891/1330: $0\memory[33][127:0] [23:16]
   892/1330: $0\memory[32][127:0] [23:16]
   893/1330: $0\memory[31][127:0] [23:16]
   894/1330: $0\memory[30][127:0] [23:16]
   895/1330: $0\memory[29][127:0] [23:16]
   896/1330: $0\memory[28][127:0] [23:16]
   897/1330: $0\memory[27][127:0] [23:16]
   898/1330: $0\memory[26][127:0] [23:16]
   899/1330: $0\memory[25][127:0] [23:16]
   900/1330: $0\memory[24][127:0] [23:16]
   901/1330: $0\memory[23][127:0] [23:16]
   902/1330: $0\memory[22][127:0] [23:16]
   903/1330: $0\memory[21][127:0] [23:16]
   904/1330: $0\memory[20][127:0] [23:16]
   905/1330: $0\memory[19][127:0] [23:16]
   906/1330: $0\memory[18][127:0] [23:16]
   907/1330: $0\memory[17][127:0] [23:16]
   908/1330: $0\memory[16][127:0] [23:16]
   909/1330: $0\memory[15][127:0] [23:16]
   910/1330: $0\memory[14][127:0] [23:16]
   911/1330: $0\memory[13][127:0] [23:16]
   912/1330: $0\memory[12][127:0] [23:16]
   913/1330: $0\memory[11][127:0] [23:16]
   914/1330: $0\memory[10][127:0] [23:16]
   915/1330: $0\memory[9][127:0] [23:16]
   916/1330: $0\memory[8][127:0] [23:16]
   917/1330: $0\memory[7][127:0] [23:16]
   918/1330: $0\memory[6][127:0] [23:16]
   919/1330: $0\memory[5][127:0] [23:16]
   920/1330: $0\memory[4][127:0] [23:16]
   921/1330: $0\memory[3][127:0] [23:16]
   922/1330: $0\memory[2][127:0] [23:16]
   923/1330: $0\memory[1][127:0] [23:16]
   924/1330: $0\memory[0][127:0] [23:16]
   925/1330: $3$mem2reg_wr$\memory$architecture_simulator/rtl/vertical_slice/gtsu_banked_sram_2client.sv:120$979_DATA[127:0]$1215
   926/1330: $0\memory[50][127:0] [127:120]
   927/1330: $0\memory[63][127:0] [15:8]
   928/1330: $0\memory[62][127:0] [15:8]
   929/1330: $0\memory[61][127:0] [15:8]
   930/1330: $0\memory[60][127:0] [15:8]
   931/1330: $0\memory[59][127:0] [15:8]
   932/1330: $0\memory[58][127:0] [15:8]
   933/1330: $0\memory[57][127:0] [15:8]
   934/1330: $0\memory[56][127:0] [15:8]
   935/1330: $0\memory[55][127:0] [15:8]
   936/1330: $0\memory[54][127:0] [15:8]
   937/1330: $0\memory[53][127:0] [15:8]
   938/1330: $0\memory[52][127:0] [15:8]
   939/1330: $0\memory[51][127:0] [15:8]
   940/1330: $0\memory[50][127:0] [15:8]
   941/1330: $0\memory[49][127:0] [15:8]
   942/1330: $0\memory[48][127:0] [15:8]
   943/1330: $0\memory[47][127:0] [15:8]
   944/1330: $0\memory[46][127:0] [15:8]
   945/1330: $0\memory[45][127:0] [15:8]
   946/1330: $0\memory[44][127:0] [15:8]
   947/1330: $0\memory[43][127:0] [15:8]
   948/1330: $0\memory[42][127:0] [15:8]
   949/1330: $0\memory[41][127:0] [15:8]
   950/1330: $0\memory[40][127:0] [15:8]
   951/1330: $0\memory[39][127:0] [15:8]
   952/1330: $0\memory[38][127:0] [15:8]
   953/1330: $0\memory[37][127:0] [15:8]
   954/1330: $0\memory[36][127:0] [15:8]
   955/1330: $0\memory[35][127:0] [15:8]
   956/1330: $0\memory[34][127:0] [15:8]
   957/1330: $0\memory[33][127:0] [15:8]
   958/1330: $0\memory[32][127:0] [15:8]
   959/1330: $0\memory[31][127:0] [15:8]
   960/1330: $0\memory[30][127:0] [15:8]
   961/1330: $0\memory[29][127:0] [15:8]
   962/1330: $0\memory[28][127:0] [15:8]
   963/1330: $0\memory[27][127:0] [15:8]
   964/1330: $0\memory[26][127:0] [15:8]
   965/1330: $0\memory[25][127:0] [15:8]
   966/1330: $0\memory[24][127:0] [15:8]
   967/1330: $0\memory[23][127:0] [15:8]
   968/1330: $0\memory[22][127:0] [15:8]
   969/1330: $0\memory[21][127:0] [15:8]
   970/1330: $0\memory[20][127:0] [15:8]
   971/1330: $0\memory[19][127:0] [15:8]
   972/1330: $0\memory[18][127:0] [15:8]
   973/1330: $0\memory[17][127:0] [15:8]
   974/1330: $0\memory[16][127:0] [15:8]
   975/1330: $0\memory[15][127:0] [15:8]
   976/1330: $0\memory[14][127:0] [15:8]
   977/1330: $0\memory[13][127:0] [15:8]
   978/1330: $0\memory[12][127:0] [15:8]
   979/1330: $0\memory[11][127:0] [15:8]
   980/1330: $0\memory[10][127:0] [15:8]
   981/1330: $0\memory[9][127:0] [15:8]
   982/1330: $0\memory[8][127:0] [15:8]
   983/1330: $0\memory[7][127:0] [15:8]
   984/1330: $0\memory[6][127:0] [15:8]
   985/1330: $0\memory[5][127:0] [15:8]
   986/1330: $0\memory[4][127:0] [15:8]
   987/1330: $0\memory[3][127:0] [15:8]
   988/1330: $0\memory[2][127:0] [15:8]
   989/1330: $0\memory[1][127:0] [15:8]
   990/1330: $0\memory[0][127:0] [15:8]
   991/1330: $3$mem2reg_wr$\memory$architecture_simulator/rtl/vertical_slice/gtsu_banked_sram_2client.sv:120$978_DATA[127:0]$1211
   992/1330: $0\memory[49][127:0] [127:120]
   993/1330: $0\memory[63][127:0] [7:0]
   994/1330: $0\memory[62][127:0] [7:0]
   995/1330: $0\memory[61][127:0] [7:0]
   996/1330: $0\memory[60][127:0] [7:0]
   997/1330: $0\memory[59][127:0] [7:0]
   998/1330: $0\memory[58][127:0] [7:0]
   999/1330: $0\memory[57][127:0] [7:0]
  1000/1330: $0\memory[56][127:0] [7:0]
  1001/1330: $0\memory[55][127:0] [7:0]
  1002/1330: $0\memory[54][127:0] [7:0]
  1003/1330: $0\memory[53][127:0] [7:0]
  1004/1330: $0\memory[52][127:0] [7:0]
  1005/1330: $0\memory[51][127:0] [7:0]
  1006/1330: $0\memory[50][127:0] [7:0]
  1007/1330: $0\memory[49][127:0] [7:0]
  1008/1330: $0\memory[48][127:0] [7:0]
  1009/1330: $0\memory[47][127:0] [7:0]
  1010/1330: $0\memory[46][127:0] [7:0]
  1011/1330: $0\memory[45][127:0] [7:0]
  1012/1330: $0\memory[44][127:0] [7:0]
  1013/1330: $0\memory[43][127:0] [7:0]
  1014/1330: $0\memory[42][127:0] [7:0]
  1015/1330: $0\memory[41][127:0] [7:0]
  1016/1330: $0\memory[40][127:0] [7:0]
  1017/1330: $0\memory[39][127:0] [7:0]
  1018/1330: $0\memory[38][127:0] [7:0]
  1019/1330: $0\memory[37][127:0] [7:0]
  1020/1330: $0\memory[36][127:0] [7:0]
  1021/1330: $0\memory[35][127:0] [7:0]
  1022/1330: $0\memory[34][127:0] [7:0]
  1023/1330: $0\memory[33][127:0] [7:0]
  1024/1330: $0\memory[32][127:0] [7:0]
  1025/1330: $0\memory[31][127:0] [7:0]
  1026/1330: $0\memory[30][127:0] [7:0]
  1027/1330: $0\memory[29][127:0] [7:0]
  1028/1330: $0\memory[28][127:0] [7:0]
  1029/1330: $0\memory[27][127:0] [7:0]
  1030/1330: $0\memory[26][127:0] [7:0]
  1031/1330: $0\memory[25][127:0] [7:0]
  1032/1330: $0\memory[24][127:0] [7:0]
  1033/1330: $0\memory[23][127:0] [7:0]
  1034/1330: $0\memory[22][127:0] [7:0]
  1035/1330: $0\memory[21][127:0] [7:0]
  1036/1330: $0\memory[20][127:0] [7:0]
  1037/1330: $0\memory[19][127:0] [7:0]
  1038/1330: $0\memory[18][127:0] [7:0]
  1039/1330: $0\memory[17][127:0] [7:0]
  1040/1330: $0\memory[16][127:0] [7:0]
  1041/1330: $0\memory[15][127:0] [7:0]
  1042/1330: $0\memory[14][127:0] [7:0]
  1043/1330: $0\memory[13][127:0] [7:0]
  1044/1330: $0\memory[12][127:0] [7:0]
  1045/1330: $0\memory[11][127:0] [7:0]
  1046/1330: $0\memory[10][127:0] [7:0]
  1047/1330: $0\memory[9][127:0] [7:0]
  1048/1330: $0\memory[8][127:0] [7:0]
  1049/1330: $0\memory[7][127:0] [7:0]
  1050/1330: $0\memory[6][127:0] [7:0]
  1051/1330: $0\memory[5][127:0] [7:0]
  1052/1330: $0\memory[4][127:0] [7:0]
  1053/1330: $0\memory[3][127:0] [7:0]
  1054/1330: $0\memory[2][127:0] [7:0]
  1055/1330: $0\memory[1][127:0] [7:0]
  1056/1330: $0\memory[0][127:0] [7:0]
  1057/1330: $3$mem2reg_wr$\memory$architecture_simulator/rtl/vertical_slice/gtsu_banked_sram_2client.sv:120$977_DATA[127:0]$1207
  1058/1330: $2\byte_index[31:0]
  1059/1330: $2$mem2reg_wr$\memory$architecture_simulator/rtl/vertical_slice/gtsu_banked_sram_2client.sv:120$992_DATA[127:0]$1205
  1060/1330: $2$mem2reg_wr$\memory$architecture_simulator/rtl/vertical_slice/gtsu_banked_sram_2client.sv:120$992_ADDR[5:0]$1204
  1061/1330: $2$mem2reg_wr$\memory$architecture_simulator/rtl/vertical_slice/gtsu_banked_sram_2client.sv:120$991_DATA[127:0]$1203
  1062/1330: $2$mem2reg_wr$\memory$architecture_simulator/rtl/vertical_slice/gtsu_banked_sram_2client.sv:120$991_ADDR[5:0]$1202
  1063/1330: $2$mem2reg_wr$\memory$architecture_simulator/rtl/vertical_slice/gtsu_banked_sram_2client.sv:120$990_DATA[127:0]$1201
  1064/1330: $2$mem2reg_wr$\memory$architecture_simulator/rtl/vertical_slice/gtsu_banked_sram_2client.sv:120$990_ADDR[5:0]$1200
  1065/1330: $2$mem2reg_wr$\memory$architecture_simulator/rtl/vertical_slice/gtsu_banked_sram_2client.sv:120$989_DATA[127:0]$1199
  1066/1330: $2$mem2reg_wr$\memory$architecture_simulator/rtl/vertical_slice/gtsu_banked_sram_2client.sv:120$989_ADDR[5:0]$1198
  1067/1330: $2$mem2reg_wr$\memory$architecture_simulator/rtl/vertical_slice/gtsu_banked_sram_2client.sv:120$988_DATA[127:0]$1197
  1068/1330: $2$mem2reg_wr$\memory$architecture_simulator/rtl/vertical_slice/gtsu_banked_sram_2client.sv:120$988_ADDR[5:0]$1196
  1069/1330: $2$mem2reg_wr$\memory$architecture_simulator/rtl/vertical_slice/gtsu_banked_sram_2client.sv:120$987_DATA[127:0]$1195
  1070/1330: $2$mem2reg_wr$\memory$architecture_simulator/rtl/vertical_slice/gtsu_banked_sram_2client.sv:120$987_ADDR[5:0]$1194
  1071/1330: $2$mem2reg_wr$\memory$architecture_simulator/rtl/vertical_slice/gtsu_banked_sram_2client.sv:120$986_DATA[127:0]$1193
  1072/1330: $2$mem2reg_wr$\memory$architecture_simulator/rtl/vertical_slice/gtsu_banked_sram_2client.sv:120$986_ADDR[5:0]$1192
  1073/1330: $2$mem2reg_wr$\memory$architecture_simulator/rtl/vertical_slice/gtsu_banked_sram_2client.sv:120$985_DATA[127:0]$1191
  1074/1330: $2$mem2reg_wr$\memory$architecture_simulator/rtl/vertical_slice/gtsu_banked_sram_2client.sv:120$985_ADDR[5:0]$1190
  1075/1330: $2$mem2reg_wr$\memory$architecture_simulator/rtl/vertical_slice/gtsu_banked_sram_2client.sv:120$984_DATA[127:0]$1189
  1076/1330: $2$mem2reg_wr$\memory$architecture_simulator/rtl/vertical_slice/gtsu_banked_sram_2client.sv:120$984_ADDR[5:0]$1188
  1077/1330: $2$mem2reg_wr$\memory$architecture_simulator/rtl/vertical_slice/gtsu_banked_sram_2client.sv:120$983_DATA[127:0]$1187
  1078/1330: $2$mem2reg_wr$\memory$architecture_simulator/rtl/vertical_slice/gtsu_banked_sram_2client.sv:120$983_ADDR[5:0]$1186
  1079/1330: $2$mem2reg_wr$\memory$architecture_simulator/rtl/vertical_slice/gtsu_banked_sram_2client.sv:120$982_DATA[127:0]$1185
  1080/1330: $2$mem2reg_wr$\memory$architecture_simulator/rtl/vertical_slice/gtsu_banked_sram_2client.sv:120$982_ADDR[5:0]$1184
  1081/1330: $2$mem2reg_wr$\memory$architecture_simulator/rtl/vertical_slice/gtsu_banked_sram_2client.sv:120$981_DATA[127:0]$1183
  1082/1330: $2$mem2reg_wr$\memory$architecture_simulator/rtl/vertical_slice/gtsu_banked_sram_2client.sv:120$981_ADDR[5:0]$1182
  1083/1330: $2$mem2reg_wr$\memory$architecture_simulator/rtl/vertical_slice/gtsu_banked_sram_2client.sv:120$980_DATA[127:0]$1181
  1084/1330: $2$mem2reg_wr$\memory$architecture_simulator/rtl/vertical_slice/gtsu_banked_sram_2client.sv:120$980_ADDR[5:0]$1180
  1085/1330: $2$mem2reg_wr$\memory$architecture_simulator/rtl/vertical_slice/gtsu_banked_sram_2client.sv:120$979_DATA[127:0]$1179
  1086/1330: $2$mem2reg_wr$\memory$architecture_simulator/rtl/vertical_slice/gtsu_banked_sram_2client.sv:120$979_ADDR[5:0]$1178
  1087/1330: $2$mem2reg_wr$\memory$architecture_simulator/rtl/vertical_slice/gtsu_banked_sram_2client.sv:120$978_DATA[127:0]$1177
  1088/1330: $2$mem2reg_wr$\memory$architecture_simulator/rtl/vertical_slice/gtsu_banked_sram_2client.sv:120$978_ADDR[5:0]$1176
  1089/1330: $2$mem2reg_wr$\memory$architecture_simulator/rtl/vertical_slice/gtsu_banked_sram_2client.sv:120$977_DATA[127:0]$1175
  1090/1330: $2$mem2reg_wr$\memory$architecture_simulator/rtl/vertical_slice/gtsu_banked_sram_2client.sv:120$977_ADDR[5:0]$1174
  1091/1330: $3$mem2reg_rd$\memory$architecture_simulator/rtl/vertical_slice/gtsu_banked_sram_2client.sv:114$976_DATA[127:0]$1172
  1092/1330: $2$mem2reg_rd$\memory$architecture_simulator/rtl/vertical_slice/gtsu_banked_sram_2client.sv:114$976_DATA[127:0]$1169
  1093/1330: $2$mem2reg_rd$\memory$architecture_simulator/rtl/vertical_slice/gtsu_banked_sram_2client.sv:114$976_ADDR[5:0]$1168
  1094/1330: $3$mem2reg_rd$\memory$architecture_simulator/rtl/vertical_slice/gtsu_banked_sram_2client.sv:108$975_DATA[127:0]$1165
  1095/1330: $2$mem2reg_rd$\memory$architecture_simulator/rtl/vertical_slice/gtsu_banked_sram_2client.sv:108$975_DATA[127:0]$1162
  1096/1330: $2$mem2reg_rd$\memory$architecture_simulator/rtl/vertical_slice/gtsu_banked_sram_2client.sv:108$975_ADDR[5:0]$1161
  1097/1330: $1$mem2reg_wr$\memory$architecture_simulator/rtl/vertical_slice/gtsu_banked_sram_2client.sv:126$1008_DATA[127:0]$1154
  1098/1330: $1$mem2reg_wr$\memory$architecture_simulator/rtl/vertical_slice/gtsu_banked_sram_2client.sv:126$1008_ADDR[5:0]$1153
  1099/1330: $1$mem2reg_wr$\memory$architecture_simulator/rtl/vertical_slice/gtsu_banked_sram_2client.sv:126$1007_DATA[127:0]$1152
  1100/1330: $1$mem2reg_wr$\memory$architecture_simulator/rtl/vertical_slice/gtsu_banked_sram_2client.sv:126$1007_ADDR[5:0]$1151
  1101/1330: $1$mem2reg_wr$\memory$architecture_simulator/rtl/vertical_slice/gtsu_banked_sram_2client.sv:126$1006_DATA[127:0]$1150
  1102/1330: $1$mem2reg_wr$\memory$architecture_simulator/rtl/vertical_slice/gtsu_banked_sram_2client.sv:126$1006_ADDR[5:0]$1149
  1103/1330: $1$mem2reg_wr$\memory$architecture_simulator/rtl/vertical_slice/gtsu_banked_sram_2client.sv:126$1005_DATA[127:0]$1148
  1104/1330: $1$mem2reg_wr$\memory$architecture_simulator/rtl/vertical_slice/gtsu_banked_sram_2client.sv:126$1005_ADDR[5:0]$1147
  1105/1330: $1$mem2reg_wr$\memory$architecture_simulator/rtl/vertical_slice/gtsu_banked_sram_2client.sv:126$1004_DATA[127:0]$1146
  1106/1330: $1$mem2reg_wr$\memory$architecture_simulator/rtl/vertical_slice/gtsu_banked_sram_2client.sv:126$1004_ADDR[5:0]$1145
  1107/1330: $1$mem2reg_wr$\memory$architecture_simulator/rtl/vertical_slice/gtsu_banked_sram_2client.sv:126$1003_DATA[127:0]$1144
  1108/1330: $1$mem2reg_wr$\memory$architecture_simulator/rtl/vertical_slice/gtsu_banked_sram_2client.sv:126$1003_ADDR[5:0]$1143
  1109/1330: $1$mem2reg_wr$\memory$architecture_simulator/rtl/vertical_slice/gtsu_banked_sram_2client.sv:126$1002_DATA[127:0]$1142
  1110/1330: $1$mem2reg_wr$\memory$architecture_simulator/rtl/vertical_slice/gtsu_banked_sram_2client.sv:126$1002_ADDR[5:0]$1141
  1111/1330: $1$mem2reg_wr$\memory$architecture_simulator/rtl/vertical_slice/gtsu_banked_sram_2client.sv:126$1001_DATA[127:0]$1140
  1112/1330: $1$mem2reg_wr$\memory$architecture_simulator/rtl/vertical_slice/gtsu_banked_sram_2client.sv:126$1001_ADDR[5:0]$1139
  1113/1330: $1$mem2reg_wr$\memory$architecture_simulator/rtl/vertical_slice/gtsu_banked_sram_2client.sv:126$1000_DATA[127:0]$1138
  1114/1330: $1$mem2reg_wr$\memory$architecture_simulator/rtl/vertical_slice/gtsu_banked_sram_2client.sv:126$1000_ADDR[5:0]$1137
  1115/1330: $1$mem2reg_wr$\memory$architecture_simulator/rtl/vertical_slice/gtsu_banked_sram_2client.sv:126$999_DATA[127:0]$1136
  1116/1330: $1$mem2reg_wr$\memory$architecture_simulator/rtl/vertical_slice/gtsu_banked_sram_2client.sv:126$999_ADDR[5:0]$1135
  1117/1330: $1$mem2reg_wr$\memory$architecture_simulator/rtl/vertical_slice/gtsu_banked_sram_2client.sv:126$998_DATA[127:0]$1134
  1118/1330: $1$mem2reg_wr$\memory$architecture_simulator/rtl/vertical_slice/gtsu_banked_sram_2client.sv:126$998_ADDR[5:0]$1133
  1119/1330: $1$mem2reg_wr$\memory$architecture_simulator/rtl/vertical_slice/gtsu_banked_sram_2client.sv:126$997_DATA[127:0]$1132
  1120/1330: $1$mem2reg_wr$\memory$architecture_simulator/rtl/vertical_slice/gtsu_banked_sram_2client.sv:126$997_ADDR[5:0]$1131
  1121/1330: $1$mem2reg_wr$\memory$architecture_simulator/rtl/vertical_slice/gtsu_banked_sram_2client.sv:126$996_DATA[127:0]$1130
  1122/1330: $1$mem2reg_wr$\memory$architecture_simulator/rtl/vertical_slice/gtsu_banked_sram_2client.sv:126$996_ADDR[5:0]$1129
  1123/1330: $1$mem2reg_wr$\memory$architecture_simulator/rtl/vertical_slice/gtsu_banked_sram_2client.sv:126$995_DATA[127:0]$1128
  1124/1330: $1$mem2reg_wr$\memory$architecture_simulator/rtl/vertical_slice/gtsu_banked_sram_2client.sv:126$995_ADDR[5:0]$1127
  1125/1330: $1$mem2reg_wr$\memory$architecture_simulator/rtl/vertical_slice/gtsu_banked_sram_2client.sv:126$994_DATA[127:0]$1126
  1126/1330: $1$mem2reg_wr$\memory$architecture_simulator/rtl/vertical_slice/gtsu_banked_sram_2client.sv:126$994_ADDR[5:0]$1125
  1127/1330: $1$mem2reg_wr$\memory$architecture_simulator/rtl/vertical_slice/gtsu_banked_sram_2client.sv:126$993_DATA[127:0]$1124
  1128/1330: $1$mem2reg_wr$\memory$architecture_simulator/rtl/vertical_slice/gtsu_banked_sram_2client.sv:126$993_ADDR[5:0]$1123
  1129/1330: $1\byte_index[31:0]
  1130/1330: $1$mem2reg_wr$\memory$architecture_simulator/rtl/vertical_slice/gtsu_banked_sram_2client.sv:120$992_DATA[127:0]$1122
  1131/1330: $1$mem2reg_wr$\memory$architecture_simulator/rtl/vertical_slice/gtsu_banked_sram_2client.sv:120$992_ADDR[5:0]$1121
  1132/1330: $1$mem2reg_wr$\memory$architecture_simulator/rtl/vertical_slice/gtsu_banked_sram_2client.sv:120$991_DATA[127:0]$1120
  1133/1330: $1$mem2reg_wr$\memory$architecture_simulator/rtl/vertical_slice/gtsu_banked_sram_2client.sv:120$991_ADDR[5:0]$1119
  1134/1330: $1$mem2reg_wr$\memory$architecture_simulator/rtl/vertical_slice/gtsu_banked_sram_2client.sv:120$990_DATA[127:0]$1118
  1135/1330: $1$mem2reg_wr$\memory$architecture_simulator/rtl/vertical_slice/gtsu_banked_sram_2client.sv:120$990_ADDR[5:0]$1117
  1136/1330: $1$mem2reg_wr$\memory$architecture_simulator/rtl/vertical_slice/gtsu_banked_sram_2client.sv:120$989_DATA[127:0]$1116
  1137/1330: $1$mem2reg_wr$\memory$architecture_simulator/rtl/vertical_slice/gtsu_banked_sram_2client.sv:120$989_ADDR[5:0]$1115
  1138/1330: $1$mem2reg_wr$\memory$architecture_simulator/rtl/vertical_slice/gtsu_banked_sram_2client.sv:120$988_DATA[127:0]$1114
  1139/1330: $1$mem2reg_wr$\memory$architecture_simulator/rtl/vertical_slice/gtsu_banked_sram_2client.sv:120$988_ADDR[5:0]$1113
  1140/1330: $1$mem2reg_wr$\memory$architecture_simulator/rtl/vertical_slice/gtsu_banked_sram_2client.sv:120$987_DATA[127:0]$1112
  1141/1330: $1$mem2reg_wr$\memory$architecture_simulator/rtl/vertical_slice/gtsu_banked_sram_2client.sv:120$987_ADDR[5:0]$1111
  1142/1330: $1$mem2reg_wr$\memory$architecture_simulator/rtl/vertical_slice/gtsu_banked_sram_2client.sv:120$986_DATA[127:0]$1110
  1143/1330: $1$mem2reg_wr$\memory$architecture_simulator/rtl/vertical_slice/gtsu_banked_sram_2client.sv:120$986_ADDR[5:0]$1109
  1144/1330: $1$mem2reg_wr$\memory$architecture_simulator/rtl/vertical_slice/gtsu_banked_sram_2client.sv:120$985_DATA[127:0]$1108
  1145/1330: $1$mem2reg_wr$\memory$architecture_simulator/rtl/vertical_slice/gtsu_banked_sram_2client.sv:120$985_ADDR[5:0]$1107
  1146/1330: $1$mem2reg_wr$\memory$architecture_simulator/rtl/vertical_slice/gtsu_banked_sram_2client.sv:120$984_DATA[127:0]$1106
  1147/1330: $1$mem2reg_wr$\memory$architecture_simulator/rtl/vertical_slice/gtsu_banked_sram_2client.sv:120$984_ADDR[5:0]$1105
  1148/1330: $1$mem2reg_wr$\memory$architecture_simulator/rtl/vertical_slice/gtsu_banked_sram_2client.sv:120$983_DATA[127:0]$1104
  1149/1330: $1$mem2reg_wr$\memory$architecture_simulator/rtl/vertical_slice/gtsu_banked_sram_2client.sv:120$983_ADDR[5:0]$1103
  1150/1330: $1$mem2reg_wr$\memory$architecture_simulator/rtl/vertical_slice/gtsu_banked_sram_2client.sv:120$982_DATA[127:0]$1102
  1151/1330: $1$mem2reg_wr$\memory$architecture_simulator/rtl/vertical_slice/gtsu_banked_sram_2client.sv:120$982_ADDR[5:0]$1101
  1152/1330: $1$mem2reg_wr$\memory$architecture_simulator/rtl/vertical_slice/gtsu_banked_sram_2client.sv:120$981_DATA[127:0]$1100
  1153/1330: $1$mem2reg_wr$\memory$architecture_simulator/rtl/vertical_slice/gtsu_banked_sram_2client.sv:120$981_ADDR[5:0]$1099
  1154/1330: $1$mem2reg_wr$\memory$architecture_simulator/rtl/vertical_slice/gtsu_banked_sram_2client.sv:120$980_DATA[127:0]$1098
  1155/1330: $1$mem2reg_wr$\memory$architecture_simulator/rtl/vertical_slice/gtsu_banked_sram_2client.sv:120$980_ADDR[5:0]$1097
  1156/1330: $1$mem2reg_wr$\memory$architecture_simulator/rtl/vertical_slice/gtsu_banked_sram_2client.sv:120$979_DATA[127:0]$1096
  1157/1330: $1$mem2reg_wr$\memory$architecture_simulator/rtl/vertical_slice/gtsu_banked_sram_2client.sv:120$979_ADDR[5:0]$1095
  1158/1330: $1$mem2reg_wr$\memory$architecture_simulator/rtl/vertical_slice/gtsu_banked_sram_2client.sv:120$978_DATA[127:0]$1094
  1159/1330: $1$mem2reg_wr$\memory$architecture_simulator/rtl/vertical_slice/gtsu_banked_sram_2client.sv:120$978_ADDR[5:0]$1093
  1160/1330: $1$mem2reg_wr$\memory$architecture_simulator/rtl/vertical_slice/gtsu_banked_sram_2client.sv:120$977_DATA[127:0]$1092
  1161/1330: $1$mem2reg_wr$\memory$architecture_simulator/rtl/vertical_slice/gtsu_banked_sram_2client.sv:120$977_ADDR[5:0]$1091
  1162/1330: $1$mem2reg_rd$\memory$architecture_simulator/rtl/vertical_slice/gtsu_banked_sram_2client.sv:114$976_DATA[127:0]$1090
  1163/1330: $1$mem2reg_rd$\memory$architecture_simulator/rtl/vertical_slice/gtsu_banked_sram_2client.sv:114$976_ADDR[5:0]$1089
  1164/1330: $1$mem2reg_rd$\memory$architecture_simulator/rtl/vertical_slice/gtsu_banked_sram_2client.sv:108$975_DATA[127:0]$1088
  1165/1330: $1$mem2reg_rd$\memory$architecture_simulator/rtl/vertical_slice/gtsu_banked_sram_2client.sv:108$975_ADDR[5:0]$1087
  1166/1330: $1\stage[31:0]
  1167/1330: $0\c1_vld_pipe[2:0] [1]
  1168/1330: $0\c1_vld_pipe[2:0] [0]
  1169/1330: $0\c0_vld_pipe[2:0] [0]
  1170/1330: $0\c0_vld_pipe[2:0] [1]
  1171/1330: $0\c1_vld_pipe[2:0] [2]
  1172/1330: $0$mem2reg_wr$\memory$architecture_simulator/rtl/vertical_slice/gtsu_banked_sram_2client.sv:126$1008_ADDR[5:0]$1084
  1173/1330: $0$mem2reg_wr$\memory$architecture_simulator/rtl/vertical_slice/gtsu_banked_sram_2client.sv:126$1007_DATA[127:0]$1083
  1174/1330: $0$mem2reg_wr$\memory$architecture_simulator/rtl/vertical_slice/gtsu_banked_sram_2client.sv:126$1007_ADDR[5:0]$1082
  1175/1330: $0$mem2reg_wr$\memory$architecture_simulator/rtl/vertical_slice/gtsu_banked_sram_2client.sv:126$1006_DATA[127:0]$1081
  1176/1330: $0$mem2reg_wr$\memory$architecture_simulator/rtl/vertical_slice/gtsu_banked_sram_2client.sv:126$1006_ADDR[5:0]$1080
  1177/1330: $0$mem2reg_wr$\memory$architecture_simulator/rtl/vertical_slice/gtsu_banked_sram_2client.sv:126$1005_DATA[127:0]$1079
  1178/1330: $0$mem2reg_wr$\memory$architecture_simulator/rtl/vertical_slice/gtsu_banked_sram_2client.sv:126$1005_ADDR[5:0]$1078
  1179/1330: $0$mem2reg_wr$\memory$architecture_simulator/rtl/vertical_slice/gtsu_banked_sram_2client.sv:126$1004_DATA[127:0]$1077
  1180/1330: $0$mem2reg_wr$\memory$architecture_simulator/rtl/vertical_slice/gtsu_banked_sram_2client.sv:126$1004_ADDR[5:0]$1076
  1181/1330: $0$mem2reg_wr$\memory$architecture_simulator/rtl/vertical_slice/gtsu_banked_sram_2client.sv:126$1003_DATA[127:0]$1075
  1182/1330: $0$mem2reg_wr$\memory$architecture_simulator/rtl/vertical_slice/gtsu_banked_sram_2client.sv:126$1003_ADDR[5:0]$1074
  1183/1330: $0$mem2reg_wr$\memory$architecture_simulator/rtl/vertical_slice/gtsu_banked_sram_2client.sv:126$1002_DATA[127:0]$1073
  1184/1330: $0$mem2reg_wr$\memory$architecture_simulator/rtl/vertical_slice/gtsu_banked_sram_2client.sv:126$1002_ADDR[5:0]$1072
  1185/1330: $0$mem2reg_wr$\memory$architecture_simulator/rtl/vertical_slice/gtsu_banked_sram_2client.sv:126$1001_DATA[127:0]$1071
  1186/1330: $0$mem2reg_wr$\memory$architecture_simulator/rtl/vertical_slice/gtsu_banked_sram_2client.sv:126$1001_ADDR[5:0]$1070
  1187/1330: $0$mem2reg_wr$\memory$architecture_simulator/rtl/vertical_slice/gtsu_banked_sram_2client.sv:126$1000_DATA[127:0]$1069
  1188/1330: $0$mem2reg_wr$\memory$architecture_simulator/rtl/vertical_slice/gtsu_banked_sram_2client.sv:126$1000_ADDR[5:0]$1068
  1189/1330: $0$mem2reg_wr$\memory$architecture_simulator/rtl/vertical_slice/gtsu_banked_sram_2client.sv:126$999_DATA[127:0]$1067
  1190/1330: $0$mem2reg_wr$\memory$architecture_simulator/rtl/vertical_slice/gtsu_banked_sram_2client.sv:126$999_ADDR[5:0]$1066
  1191/1330: $0$mem2reg_wr$\memory$architecture_simulator/rtl/vertical_slice/gtsu_banked_sram_2client.sv:126$998_DATA[127:0]$1065
  1192/1330: $0$mem2reg_wr$\memory$architecture_simulator/rtl/vertical_slice/gtsu_banked_sram_2client.sv:126$998_ADDR[5:0]$1064
  1193/1330: $0$mem2reg_wr$\memory$architecture_simulator/rtl/vertical_slice/gtsu_banked_sram_2client.sv:126$997_DATA[127:0]$1063
  1194/1330: $0$mem2reg_wr$\memory$architecture_simulator/rtl/vertical_slice/gtsu_banked_sram_2client.sv:126$997_ADDR[5:0]$1062
  1195/1330: $0$mem2reg_wr$\memory$architecture_simulator/rtl/vertical_slice/gtsu_banked_sram_2client.sv:126$996_DATA[127:0]$1061
  1196/1330: $0$mem2reg_wr$\memory$architecture_simulator/rtl/vertical_slice/gtsu_banked_sram_2client.sv:126$996_ADDR[5:0]$1060
  1197/1330: $0$mem2reg_wr$\memory$architecture_simulator/rtl/vertical_slice/gtsu_banked_sram_2client.sv:126$995_DATA[127:0]$1059
  1198/1330: $0$mem2reg_wr$\memory$architecture_simulator/rtl/vertical_slice/gtsu_banked_sram_2client.sv:126$995_ADDR[5:0]$1058
  1199/1330: $0$mem2reg_wr$\memory$architecture_simulator/rtl/vertical_slice/gtsu_banked_sram_2client.sv:126$994_DATA[127:0]$1057
  1200/1330: $0$mem2reg_wr$\memory$architecture_simulator/rtl/vertical_slice/gtsu_banked_sram_2client.sv:126$994_ADDR[5:0]$1056
  1201/1330: $0$mem2reg_wr$\memory$architecture_simulator/rtl/vertical_slice/gtsu_banked_sram_2client.sv:126$993_DATA[127:0]$1055
  1202/1330: $0$mem2reg_wr$\memory$architecture_simulator/rtl/vertical_slice/gtsu_banked_sram_2client.sv:126$993_ADDR[5:0]$1054
  1203/1330: $0$mem2reg_wr$\memory$architecture_simulator/rtl/vertical_slice/gtsu_banked_sram_2client.sv:120$992_DATA[127:0]$1053
  1204/1330: $0$mem2reg_wr$\memory$architecture_simulator/rtl/vertical_slice/gtsu_banked_sram_2client.sv:120$992_ADDR[5:0]$1052
  1205/1330: $0$mem2reg_wr$\memory$architecture_simulator/rtl/vertical_slice/gtsu_banked_sram_2client.sv:120$991_DATA[127:0]$1051
  1206/1330: $0$mem2reg_wr$\memory$architecture_simulator/rtl/vertical_slice/gtsu_banked_sram_2client.sv:120$991_ADDR[5:0]$1050
  1207/1330: $0$mem2reg_wr$\memory$architecture_simulator/rtl/vertical_slice/gtsu_banked_sram_2client.sv:120$990_DATA[127:0]$1049
  1208/1330: $0$mem2reg_wr$\memory$architecture_simulator/rtl/vertical_slice/gtsu_banked_sram_2client.sv:120$990_ADDR[5:0]$1048
  1209/1330: $0$mem2reg_wr$\memory$architecture_simulator/rtl/vertical_slice/gtsu_banked_sram_2client.sv:120$989_DATA[127:0]$1047
  1210/1330: $0$mem2reg_wr$\memory$architecture_simulator/rtl/vertical_slice/gtsu_banked_sram_2client.sv:120$989_ADDR[5:0]$1046
  1211/1330: $0$mem2reg_wr$\memory$architecture_simulator/rtl/vertical_slice/gtsu_banked_sram_2client.sv:120$988_DATA[127:0]$1045
  1212/1330: $0$mem2reg_wr$\memory$architecture_simulator/rtl/vertical_slice/gtsu_banked_sram_2client.sv:120$988_ADDR[5:0]$1044
  1213/1330: $0$mem2reg_wr$\memory$architecture_simulator/rtl/vertical_slice/gtsu_banked_sram_2client.sv:120$987_DATA[127:0]$1043
  1214/1330: $0$mem2reg_wr$\memory$architecture_simulator/rtl/vertical_slice/gtsu_banked_sram_2client.sv:120$987_ADDR[5:0]$1042
  1215/1330: $0$mem2reg_wr$\memory$architecture_simulator/rtl/vertical_slice/gtsu_banked_sram_2client.sv:120$986_DATA[127:0]$1041
  1216/1330: $0$mem2reg_wr$\memory$architecture_simulator/rtl/vertical_slice/gtsu_banked_sram_2client.sv:120$986_ADDR[5:0]$1040
  1217/1330: $0$mem2reg_wr$\memory$architecture_simulator/rtl/vertical_slice/gtsu_banked_sram_2client.sv:120$985_DATA[127:0]$1039
  1218/1330: $0$mem2reg_wr$\memory$architecture_simulator/rtl/vertical_slice/gtsu_banked_sram_2client.sv:120$985_ADDR[5:0]$1038
  1219/1330: $0$mem2reg_wr$\memory$architecture_simulator/rtl/vertical_slice/gtsu_banked_sram_2client.sv:120$984_DATA[127:0]$1037
  1220/1330: $0$mem2reg_wr$\memory$architecture_simulator/rtl/vertical_slice/gtsu_banked_sram_2client.sv:120$984_ADDR[5:0]$1036
  1221/1330: $0$mem2reg_wr$\memory$architecture_simulator/rtl/vertical_slice/gtsu_banked_sram_2client.sv:120$983_DATA[127:0]$1035
  1222/1330: $0$mem2reg_wr$\memory$architecture_simulator/rtl/vertical_slice/gtsu_banked_sram_2client.sv:120$983_ADDR[5:0]$1034
  1223/1330: $0$mem2reg_wr$\memory$architecture_simulator/rtl/vertical_slice/gtsu_banked_sram_2client.sv:120$982_DATA[127:0]$1033
  1224/1330: $0$mem2reg_wr$\memory$architecture_simulator/rtl/vertical_slice/gtsu_banked_sram_2client.sv:120$982_ADDR[5:0]$1032
  1225/1330: $0$mem2reg_wr$\memory$architecture_simulator/rtl/vertical_slice/gtsu_banked_sram_2client.sv:120$981_DATA[127:0]$1031
  1226/1330: $0$mem2reg_wr$\memory$architecture_simulator/rtl/vertical_slice/gtsu_banked_sram_2client.sv:120$981_ADDR[5:0]$1030
  1227/1330: $0$mem2reg_wr$\memory$architecture_simulator/rtl/vertical_slice/gtsu_banked_sram_2client.sv:120$980_DATA[127:0]$1029
  1228/1330: $0$mem2reg_wr$\memory$architecture_simulator/rtl/vertical_slice/gtsu_banked_sram_2client.sv:120$980_ADDR[5:0]$1028
  1229/1330: $0$mem2reg_wr$\memory$architecture_simulator/rtl/vertical_slice/gtsu_banked_sram_2client.sv:120$979_DATA[127:0]$1027
  1230/1330: $0$mem2reg_wr$\memory$architecture_simulator/rtl/vertical_slice/gtsu_banked_sram_2client.sv:120$979_ADDR[5:0]$1026
  1231/1330: $0$mem2reg_wr$\memory$architecture_simulator/rtl/vertical_slice/gtsu_banked_sram_2client.sv:120$978_DATA[127:0]$1025
  1232/1330: $0$mem2reg_wr$\memory$architecture_simulator/rtl/vertical_slice/gtsu_banked_sram_2client.sv:120$978_ADDR[5:0]$1024
  1233/1330: $0$mem2reg_wr$\memory$architecture_simulator/rtl/vertical_slice/gtsu_banked_sram_2client.sv:120$977_DATA[127:0]$1023
  1234/1330: $0$mem2reg_wr$\memory$architecture_simulator/rtl/vertical_slice/gtsu_banked_sram_2client.sv:120$977_ADDR[5:0]$1022
  1235/1330: $0$mem2reg_rd$\memory$architecture_simulator/rtl/vertical_slice/gtsu_banked_sram_2client.sv:114$976_DATA[127:0]$1021
  1236/1330: $0$mem2reg_rd$\memory$architecture_simulator/rtl/vertical_slice/gtsu_banked_sram_2client.sv:114$976_ADDR[5:0]$1020
  1237/1330: $0$mem2reg_rd$\memory$architecture_simulator/rtl/vertical_slice/gtsu_banked_sram_2client.sv:108$975_DATA[127:0]$1019
  1238/1330: $0$mem2reg_rd$\memory$architecture_simulator/rtl/vertical_slice/gtsu_banked_sram_2client.sv:108$975_ADDR[5:0]$1018
  1239/1330: $0\byte_index[31:0]
  1240/1330: $0\stage[31:0]
  1241/1330: $0\memory[48][127:0] [127:120]
  1242/1330: $0\memory[47][127:0] [127:120]
  1243/1330: $0\memory[46][127:0] [127:120]
  1244/1330: $0\memory[45][127:0] [127:120]
  1245/1330: $0\memory[44][127:0] [127:120]
  1246/1330: $0\memory[43][127:0] [127:120]
  1247/1330: $0\memory[42][127:0] [127:120]
  1248/1330: $0\memory[41][127:0] [127:120]
  1249/1330: $0\memory[40][127:0] [127:120]
  1250/1330: $0\memory[39][127:0] [127:120]
  1251/1330: $0\memory[38][127:0] [127:120]
  1252/1330: $0\memory[37][127:0] [127:120]
  1253/1330: $0\memory[36][127:0] [127:120]
  1254/1330: $0\memory[35][127:0] [127:120]
  1255/1330: $0\memory[34][127:0] [127:120]
  1256/1330: $0\memory[33][127:0] [127:120]
  1257/1330: $0\memory[32][127:0] [127:120]
  1258/1330: $0\memory[31][127:0] [127:120]
  1259/1330: $0\memory[30][127:0] [127:120]
  1260/1330: $0\memory[29][127:0] [127:120]
  1261/1330: $0\memory[28][127:0] [127:120]
  1262/1330: $0\memory[27][127:0] [127:120]
  1263/1330: $0\memory[26][127:0] [127:120]
  1264/1330: $0\memory[19][127:0] [127:120]
  1265/1330: $0\memory[18][127:0] [127:120]
  1266/1330: $0\memory[25][127:0] [127:120]
  1267/1330: $0\memory[24][127:0] [127:120]
  1268/1330: $0\memory[22][127:0] [127:120]
  1269/1330: $0\memory[21][127:0] [127:120]
  1270/1330: $0\memory[20][127:0] [127:120]
  1271/1330: $0\memory[17][127:0] [127:120]
  1272/1330: $0\memory[23][127:0] [127:120]
  1273/1330: $0\memory[16][127:0] [127:120]
  1274/1330: $0\memory[15][127:0] [127:120]
  1275/1330: $0\memory[14][127:0] [127:120]
  1276/1330: $0\memory[13][127:0] [127:120]
  1277/1330: $0\memory[12][127:0] [127:120]
  1278/1330: $0\memory[11][127:0] [127:120]
  1279/1330: $0\memory[10][127:0] [127:120]
  1280/1330: $0\memory[9][127:0] [127:120]
  1281/1330: $0\memory[8][127:0] [127:120]
  1282/1330: $0\memory[7][127:0] [127:120]
  1283/1330: $0\memory[6][127:0] [127:120]
  1284/1330: $0\memory[5][127:0] [127:120]
  1285/1330: $0\memory[4][127:0] [127:120]
  1286/1330: $0\memory[3][127:0] [127:120]
  1287/1330: $0\memory[2][127:0] [127:120]
  1288/1330: $0\memory[1][127:0] [127:120]
  1289/1330: $0\memory[0][127:0] [127:120]
  1290/1330: $3$mem2reg_wr$\memory$architecture_simulator/rtl/vertical_slice/gtsu_banked_sram_2client.sv:120$991_ADDR[5:0]$1262
  1291/1330: $3$mem2reg_wr$\memory$architecture_simulator/rtl/vertical_slice/gtsu_banked_sram_2client.sv:120$990_ADDR[5:0]$1258
  1292/1330: $3$mem2reg_wr$\memory$architecture_simulator/rtl/vertical_slice/gtsu_banked_sram_2client.sv:120$989_ADDR[5:0]$1254
  1293/1330: $3$mem2reg_wr$\memory$architecture_simulator/rtl/vertical_slice/gtsu_banked_sram_2client.sv:120$988_ADDR[5:0]$1250
  1294/1330: $3$mem2reg_wr$\memory$architecture_simulator/rtl/vertical_slice/gtsu_banked_sram_2client.sv:120$987_ADDR[5:0]$1246
  1295/1330: $3$mem2reg_wr$\memory$architecture_simulator/rtl/vertical_slice/gtsu_banked_sram_2client.sv:120$986_ADDR[5:0]$1242
  1296/1330: $3$mem2reg_wr$\memory$architecture_simulator/rtl/vertical_slice/gtsu_banked_sram_2client.sv:120$985_ADDR[5:0]$1238
  1297/1330: $3$mem2reg_wr$\memory$architecture_simulator/rtl/vertical_slice/gtsu_banked_sram_2client.sv:120$984_ADDR[5:0]$1234
  1298/1330: $3$mem2reg_wr$\memory$architecture_simulator/rtl/vertical_slice/gtsu_banked_sram_2client.sv:120$983_ADDR[5:0]$1230
  1299/1330: $3$mem2reg_wr$\memory$architecture_simulator/rtl/vertical_slice/gtsu_banked_sram_2client.sv:120$982_ADDR[5:0]$1226
  1300/1330: $3$mem2reg_wr$\memory$architecture_simulator/rtl/vertical_slice/gtsu_banked_sram_2client.sv:120$981_ADDR[5:0]$1222
  1301/1330: $3$mem2reg_wr$\memory$architecture_simulator/rtl/vertical_slice/gtsu_banked_sram_2client.sv:120$980_ADDR[5:0]$1218
  1302/1330: $3$mem2reg_wr$\memory$architecture_simulator/rtl/vertical_slice/gtsu_banked_sram_2client.sv:120$979_ADDR[5:0]$1214
  1303/1330: $3$mem2reg_wr$\memory$architecture_simulator/rtl/vertical_slice/gtsu_banked_sram_2client.sv:120$978_ADDR[5:0]$1210
  1304/1330: $3$mem2reg_wr$\memory$architecture_simulator/rtl/vertical_slice/gtsu_banked_sram_2client.sv:120$977_ADDR[5:0]$1206
  1305/1330: $0\c1_data_pipe[2][127:0]
  1306/1330: $0\c1_data_pipe[1][127:0]
  1307/1330: $0\c1_data_pipe[0][127:0]
  1308/1330: $0\c0_data_pipe[2][127:0]
  1309/1330: $0\c0_data_pipe[1][127:0]
  1310/1330: $0\c0_data_pipe[0][127:0]
  1311/1330: $0\c1_row_pipe[2][1:0]
  1312/1330: $0\c1_row_pipe[1][1:0]
  1313/1330: $0\c1_row_pipe[0][1:0]
  1314/1330: $0\c0_row_pipe[2][1:0]
  1315/1330: $0\c0_row_pipe[1][1:0]
  1316/1330: $0\c0_row_pipe[0][1:0]
  1317/1330: $0\c1_bank_pipe[2][3:0]
  1318/1330: $0\c1_bank_pipe[1][3:0]
  1319/1330: $0\c1_bank_pipe[0][3:0]
  1320/1330: $0\c0_bank_pipe[2][3:0]
  1321/1330: $0\c0_bank_pipe[1][3:0]
  1322/1330: $0\c0_bank_pipe[0][3:0]
  1323/1330: $0\c1_tag_pipe[2][3:0]
  1324/1330: $0\c1_tag_pipe[1][3:0]
  1325/1330: $0\c1_tag_pipe[0][3:0]
  1326/1330: $0\c0_tag_pipe[2][3:0]
  1327/1330: $0\c0_tag_pipe[1][3:0]
  1328/1330: $0\c0_tag_pipe[0][3:0]
  1329/1330: $0\c0_vld_pipe[2:0] [2]
  1330/1330: $0$mem2reg_wr$\memory$architecture_simulator/rtl/vertical_slice/gtsu_banked_sram_2client.sv:126$1008_DATA[127:0]$1085
Creating decoders for process `$paramod\gtsu_rv_fifo\WIDTH=165\DEPTH=8.$proc$architecture_simulator/rtl/vertical_slice/gtsu_rv_fifo.sv:1$935'.
     1/2: $1$mem2reg_rd$\storage$architecture_simulator/rtl/vertical_slice/gtsu_rv_fifo.sv:27$913_DATA[164:0]$937
     2/2: $0$mem2reg_rd$\storage$architecture_simulator/rtl/vertical_slice/gtsu_rv_fifo.sv:27$913_DATA[164:0]$936
Creating decoders for process `$paramod\gtsu_rv_fifo\WIDTH=165\DEPTH=8.$proc$architecture_simulator/rtl/vertical_slice/gtsu_rv_fifo.sv:30$919'.
     1/17: $2$mem2reg_wr$\storage$architecture_simulator/rtl/vertical_slice/gtsu_rv_fifo.sv:37$914_ADDR[2:0]$925
     2/17: $2$mem2reg_wr$\storage$architecture_simulator/rtl/vertical_slice/gtsu_rv_fifo.sv:37$914_DATA[164:0]$926
     3/17: $1$mem2reg_wr$\storage$architecture_simulator/rtl/vertical_slice/gtsu_rv_fifo.sv:37$914_DATA[164:0]$924
     4/17: $1$mem2reg_wr$\storage$architecture_simulator/rtl/vertical_slice/gtsu_rv_fifo.sv:37$914_ADDR[2:0]$923
     5/17: $0$mem2reg_wr$\storage$architecture_simulator/rtl/vertical_slice/gtsu_rv_fifo.sv:37$914_DATA[164:0]$921
     6/17: $0$mem2reg_wr$\storage$architecture_simulator/rtl/vertical_slice/gtsu_rv_fifo.sv:37$914_ADDR[2:0]$920
     7/17: $0\storage[4][164:0]
     8/17: $0\storage[7][164:0]
     9/17: $0\storage[6][164:0]
    10/17: $0\storage[5][164:0]
    11/17: $0\storage[3][164:0]
    12/17: $0\storage[2][164:0]
    13/17: $0\read_ptr[2:0]
    14/17: $0\count[3:0]
    15/17: $0\write_ptr[2:0]
    16/17: $0\storage[0][164:0]
    17/17: $0\storage[1][164:0]
Creating decoders for process `$paramod\gtsu_dense_dot4_tile\N_TILE=3\TAG_WIDTH=32.$proc$architecture_simulator/rtl/vertical_slice/gtsu_dense_dot4_tile.sv:47$902'.
     1/15: $0\out_accumulator_reg[95:0] [95:64]
     2/15: $0\out_accumulator_reg[95:0] [63:32]
     3/15: $0\out_accumulator_reg[95:0] [31:0]
     4/15: $2\next_accumulator[31:0]
     5/15: $1\next_accumulator[31:0]
     6/15: $1\index[31:0]
     7/15: $0\next_accumulator[31:0]
     8/15: $0\index[31:0]
     9/15: $0\accumulator[2][31:0]
    10/15: $0\accumulator[1][31:0]
    11/15: $0\accumulator[0][31:0]
    12/15: $2\index[31:0]
    13/15: $0\out_mask_reg[2:0]
    14/15: $0\out_tag_reg[31:0]
    15/15: $0\out_valid_reg[0:0]
Creating decoders for process `$paramod\gtsu_requantize_int32\TAG_WIDTH=32.$proc$architecture_simulator/rtl/vertical_slice/gtsu_requantize_int32.sv:69$824'.
     1/48: $4$func$\requantize$architecture_simulator/rtl/vertical_slice/gtsu_requantize_int32.sv:80$821$\requantize[7:0]$893
     2/48: $3$func$\requantize$architecture_simulator/rtl/vertical_slice/gtsu_requantize_int32.sv:80$821$\requantize[7:0]$891
     3/48: $3$func$\requantize$architecture_simulator/rtl/vertical_slice/gtsu_requantize_int32.sv:80$821$\round_up[0:0]$875
     4/48: $3$func$\requantize$architecture_simulator/rtl/vertical_slice/gtsu_requantize_int32.sv:80$821$\truncated[65:0]$872
     5/48: $3$func$\requantize$architecture_simulator/rtl/vertical_slice/gtsu_requantize_int32.sv:80$821$\half[65:0]$874
     6/48: $3$func$\requantize$architecture_simulator/rtl/vertical_slice/gtsu_requantize_int32.sv:80$821$\remainder[65:0]$873
     7/48: $2$func$\requantize$architecture_simulator/rtl/vertical_slice/gtsu_requantize_int32.sv:80$821$\requantize[7:0]$856
     8/48: $2$func$\requantize$architecture_simulator/rtl/vertical_slice/gtsu_requantize_int32.sv:80$821$\rounded[66:0]$866
     9/48: $2$func$\requantize$architecture_simulator/rtl/vertical_slice/gtsu_requantize_int32.sv:80$821$\round_up[0:0]$865
    10/48: $2$func$\requantize$architecture_simulator/rtl/vertical_slice/gtsu_requantize_int32.sv:80$821$\half[65:0]$864
    11/48: $2$func$\requantize$architecture_simulator/rtl/vertical_slice/gtsu_requantize_int32.sv:80$821$\remainder[65:0]$863
    12/48: $2$func$\requantize$architecture_simulator/rtl/vertical_slice/gtsu_requantize_int32.sv:80$821$\truncated[65:0]$857
    13/48: $2$func$\requantize$architecture_simulator/rtl/vertical_slice/gtsu_requantize_int32.sv:80$821$\magnitude[65:0]$858
    14/48: $2$func$\requantize$architecture_simulator/rtl/vertical_slice/gtsu_requantize_int32.sv:80$821$\product[65:0]$861
    15/48: $2$func$\requantize$architecture_simulator/rtl/vertical_slice/gtsu_requantize_int32.sv:80$821$\biased[32:0]$859
    16/48: $2$func$\requantize$architecture_simulator/rtl/vertical_slice/gtsu_requantize_int32.sv:80$821$\right_shift[5:0]$854
    17/48: $2$func$\requantize$architecture_simulator/rtl/vertical_slice/gtsu_requantize_int32.sv:80$821$\multiplier[31:0]$862
    18/48: $2$func$\requantize$architecture_simulator/rtl/vertical_slice/gtsu_requantize_int32.sv:80$821$\bias[31:0]$860
    19/48: $2$func$\requantize$architecture_simulator/rtl/vertical_slice/gtsu_requantize_int32.sv:80$821$\accumulator[31:0]$855
    20/48: $1$func$\requantize$architecture_simulator/rtl/vertical_slice/gtsu_requantize_int32.sv:80$821$\rounded[66:0]$851
    21/48: $1$func$\requantize$architecture_simulator/rtl/vertical_slice/gtsu_requantize_int32.sv:80$821$\round_up[0:0]$850
    22/48: $1$func$\requantize$architecture_simulator/rtl/vertical_slice/gtsu_requantize_int32.sv:80$821$\half[65:0]$849
    23/48: $1$func$\requantize$architecture_simulator/rtl/vertical_slice/gtsu_requantize_int32.sv:80$821$\remainder[65:0]$848
    24/48: $1$func$\requantize$architecture_simulator/rtl/vertical_slice/gtsu_requantize_int32.sv:80$821$\multiplier[31:0]$847
    25/48: $1$func$\requantize$architecture_simulator/rtl/vertical_slice/gtsu_requantize_int32.sv:80$821$\product[65:0]$846
    26/48: $1$func$\requantize$architecture_simulator/rtl/vertical_slice/gtsu_requantize_int32.sv:80$821$\bias[31:0]$845
    27/48: $1$func$\requantize$architecture_simulator/rtl/vertical_slice/gtsu_requantize_int32.sv:80$821$\biased[32:0]$844
    28/48: $1$func$\requantize$architecture_simulator/rtl/vertical_slice/gtsu_requantize_int32.sv:80$821$\magnitude[65:0]$843
    29/48: $1$func$\requantize$architecture_simulator/rtl/vertical_slice/gtsu_requantize_int32.sv:80$821$\truncated[65:0]$842
    30/48: $1$func$\requantize$architecture_simulator/rtl/vertical_slice/gtsu_requantize_int32.sv:80$821$\requantize[7:0]$841
    31/48: $1$func$\requantize$architecture_simulator/rtl/vertical_slice/gtsu_requantize_int32.sv:80$821$\accumulator[31:0]$840
    32/48: $1$func$\requantize$architecture_simulator/rtl/vertical_slice/gtsu_requantize_int32.sv:80$821$\right_shift[5:0]$839
    33/48: $0$func$\requantize$architecture_simulator/rtl/vertical_slice/gtsu_requantize_int32.sv:80$821$\rounded[66:0]$837
    34/48: $0$func$\requantize$architecture_simulator/rtl/vertical_slice/gtsu_requantize_int32.sv:80$821$\round_up[0:0]$836
    35/48: $0$func$\requantize$architecture_simulator/rtl/vertical_slice/gtsu_requantize_int32.sv:80$821$\half[65:0]$835
    36/48: $0$func$\requantize$architecture_simulator/rtl/vertical_slice/gtsu_requantize_int32.sv:80$821$\remainder[65:0]$834
    37/48: $0$func$\requantize$architecture_simulator/rtl/vertical_slice/gtsu_requantize_int32.sv:80$821$\multiplier[31:0]$833
    38/48: $0$func$\requantize$architecture_simulator/rtl/vertical_slice/gtsu_requantize_int32.sv:80$821$\product[65:0]$832
    39/48: $0$func$\requantize$architecture_simulator/rtl/vertical_slice/gtsu_requantize_int32.sv:80$821$\bias[31:0]$831
    40/48: $0$func$\requantize$architecture_simulator/rtl/vertical_slice/gtsu_requantize_int32.sv:80$821$\biased[32:0]$830
    41/48: $0$func$\requantize$architecture_simulator/rtl/vertical_slice/gtsu_requantize_int32.sv:80$821$\magnitude[65:0]$829
    42/48: $0$func$\requantize$architecture_simulator/rtl/vertical_slice/gtsu_requantize_int32.sv:80$821$\truncated[65:0]$828
    43/48: $0$func$\requantize$architecture_simulator/rtl/vertical_slice/gtsu_requantize_int32.sv:80$821$\requantize[7:0]$827
    44/48: $0$func$\requantize$architecture_simulator/rtl/vertical_slice/gtsu_requantize_int32.sv:80$821$\accumulator[31:0]$826
    45/48: $0$func$\requantize$architecture_simulator/rtl/vertical_slice/gtsu_requantize_int32.sv:80$821$\right_shift[5:0]$825
    46/48: $0\out_data_reg[7:0]
    47/48: $0\out_tag_reg[31:0]
    48/48: $0\out_valid_reg[0:0]

12.6. Executing PROC_DLATCH pass (convert process syncs to latches).
No latch inferred for signal `$paramod$8985b4fcc7f68f510e6508caa93a2ca151febd4b\gtsu_dense_sram_requant_pipeline.$mem2reg_rd$\metadata_last$architecture_simulator/rtl/vertical_slice/gtsu_dense_sram_requant_pipeline.sv:156$1512_DATA' from process `$paramod$8985b4fcc7f68f510e6508caa93a2ca151febd4b\gtsu_dense_sram_requant_pipeline.$proc$architecture_simulator/rtl/vertical_slice/gtsu_dense_sram_requant_pipeline.sv:5$1608'.
No latch inferred for signal `$paramod$8985b4fcc7f68f510e6508caa93a2ca151febd4b\gtsu_dense_sram_requant_pipeline.$mem2reg_rd$\metadata_first$architecture_simulator/rtl/vertical_slice/gtsu_dense_sram_requant_pipeline.sv:156$1511_DATA' from process `$paramod$8985b4fcc7f68f510e6508caa93a2ca151febd4b\gtsu_dense_sram_requant_pipeline.$proc$architecture_simulator/rtl/vertical_slice/gtsu_dense_sram_requant_pipeline.sv:5$1605'.
No latch inferred for signal `$paramod$8985b4fcc7f68f510e6508caa93a2ca151febd4b\gtsu_dense_sram_requant_pipeline.$mem2reg_rd$\metadata_mask$architecture_simulator/rtl/vertical_slice/gtsu_dense_sram_requant_pipeline.sv:157$1510_DATA' from process `$paramod$8985b4fcc7f68f510e6508caa93a2ca151febd4b\gtsu_dense_sram_requant_pipeline.$proc$architecture_simulator/rtl/vertical_slice/gtsu_dense_sram_requant_pipeline.sv:5$1602'.
No latch inferred for signal `$paramod$8985b4fcc7f68f510e6508caa93a2ca151febd4b\gtsu_dense_sram_requant_pipeline.$mem2reg_rd$\metadata_sequence$architecture_simulator/rtl/vertical_slice/gtsu_dense_sram_requant_pipeline.sv:158$1509_DATA' from process `$paramod$8985b4fcc7f68f510e6508caa93a2ca151febd4b\gtsu_dense_sram_requant_pipeline.$proc$architecture_simulator/rtl/vertical_slice/gtsu_dense_sram_requant_pipeline.sv:5$1599'.
No latch inferred for signal `$paramod\gtsu_dram_dma_unpack\LINES=4\ROB_DEPTH=4\BLOCK_CHUNKS=2.$mem2reg_rd$\rob_data$architecture_simulator/rtl/vertical_slice/gtsu_dram_dma_unpack.sv:47$1424_DATA' from process `$paramod\gtsu_dram_dma_unpack\LINES=4\ROB_DEPTH=4\BLOCK_CHUNKS=2.$proc$architecture_simulator/rtl/vertical_slice/gtsu_dram_dma_unpack.sv:2$1489'.
No latch inferred for signal `$paramod\gtsu_dram_dma_unpack\LINES=4\ROB_DEPTH=4\BLOCK_CHUNKS=2.$mem2reg_rd$\rob_tag$architecture_simulator/rtl/vertical_slice/gtsu_dram_dma_unpack.sv:43$1423_DATA' from process `$paramod\gtsu_dram_dma_unpack\LINES=4\ROB_DEPTH=4\BLOCK_CHUNKS=2.$proc$architecture_simulator/rtl/vertical_slice/gtsu_dram_dma_unpack.sv:2$1486'.
No latch inferred for signal `$paramod\gtsu_dense_mnk_controller\M=2\N=5\K=16\N_TILE=3\K_BLOCK=8.$mem2reg_rd$\buffer_sequence$architecture_simulator/rtl/vertical_slice/gtsu_dense_mnk_controller.sv:49$1367_DATA' from process `$paramod\gtsu_dense_mnk_controller\M=2\N=5\K=16\N_TILE=3\K_BLOCK=8.$proc$architecture_simulator/rtl/vertical_slice/gtsu_dense_mnk_controller.sv:3$1415'.
No latch inferred for signal `$paramod\gtsu_rv_fifo\WIDTH=165\DEPTH=8.$mem2reg_rd$\storage$architecture_simulator/rtl/vertical_slice/gtsu_rv_fifo.sv:27$913_DATA' from process `$paramod\gtsu_rv_fifo\WIDTH=165\DEPTH=8.$proc$architecture_simulator/rtl/vertical_slice/gtsu_rv_fifo.sv:1$935'.

12.7. Executing PROC_DFF pass (convert process syncs to FFs).
Creating register for signal `$paramod$8985b4fcc7f68f510e6508caa93a2ca151febd4b\gtsu_dense_sram_requant_pipeline.\index' using process `$paramod$8985b4fcc7f68f510e6508caa93a2ca151febd4b\gtsu_dense_sram_requant_pipeline.$proc$architecture_simulator/rtl/vertical_slice/gtsu_dense_sram_requant_pipeline.sv:232$1557'.
  created $adff cell `$procdff$84662' with positive edge clock and negative level reset.
Creating register for signal `$paramod$8985b4fcc7f68f510e6508caa93a2ca151febd4b\gtsu_dense_sram_requant_pipeline.\count_payload_writes' using process `$paramod$8985b4fcc7f68f510e6508caa93a2ca151febd4b\gtsu_dense_sram_requant_pipeline.$proc$architecture_simulator/rtl/vertical_slice/gtsu_dense_sram_requant_pipeline.sv:232$1557'.
  created $adff cell `$procdff$84663' with positive edge clock and negative level reset.
Creating register for signal `$paramod$8985b4fcc7f68f510e6508caa93a2ca151febd4b\gtsu_dense_sram_requant_pipeline.\count_sram_read_issues' using process `$paramod$8985b4fcc7f68f510e6508caa93a2ca151febd4b\gtsu_dense_sram_requant_pipeline.$proc$architecture_simulator/rtl/vertical_slice/gtsu_dense_sram_requant_pipeline.sv:232$1557'.
  created $adff cell `$procdff$84664' with positive edge clock and negative level reset.
Creating register for signal `$paramod$8985b4fcc7f68f510e6508caa93a2ca151febd4b\gtsu_dense_sram_requant_pipeline.\count_sram_responses' using process `$paramod$8985b4fcc7f68f510e6508caa93a2ca151febd4b\gtsu_dense_sram_requant_pipeline.$proc$architecture_simulator/rtl/vertical_slice/gtsu_dense_sram_requant_pipeline.sv:232$1557'.
  created $adff cell `$procdff$84665' with positive edge clock and negative level reset.
Creating register for signal `$paramod$8985b4fcc7f68f510e6508caa93a2ca151febd4b\gtsu_dense_sram_requant_pipeline.\count_dot4_inputs' using process `$paramod$8985b4fcc7f68f510e6508caa93a2ca151febd4b\gtsu_dense_sram_requant_pipeline.$proc$architecture_simulator/rtl/vertical_slice/gtsu_dense_sram_requant_pipeline.sv:232$1557'.
  created $adff cell `$procdff$84666' with positive edge clock and negative level reset.
Creating register for signal `$paramod$8985b4fcc7f68f510e6508caa93a2ca151febd4b\gtsu_dense_sram_requant_pipeline.\count_output_tiles' using process `$paramod$8985b4fcc7f68f510e6508caa93a2ca151febd4b\gtsu_dense_sram_requant_pipeline.$proc$architecture_simulator/rtl/vertical_slice/gtsu_dense_sram_requant_pipeline.sv:232$1557'.
  created $adff cell `$procdff$84667' with positive edge clock and negative level reset.
Creating register for signal `$paramod$8985b4fcc7f68f510e6508caa93a2ca151febd4b\gtsu_dense_sram_requant_pipeline.\count_read_write_overlap_cycles' using process `$paramod$8985b4fcc7f68f510e6508caa93a2ca151febd4b\gtsu_dense_sram_requant_pipeline.$proc$architecture_simulator/rtl/vertical_slice/gtsu_dense_sram_requant_pipeline.sv:232$1557'.
  created $adff cell `$procdff$84668' with positive edge clock and negative level reset.
Creating register for signal `$paramod$8985b4fcc7f68f510e6508caa93a2ca151febd4b\gtsu_dense_sram_requant_pipeline.\next_load_sequence' using process `$paramod$8985b4fcc7f68f510e6508caa93a2ca151febd4b\gtsu_dense_sram_requant_pipeline.$proc$architecture_simulator/rtl/vertical_slice/gtsu_dense_sram_requant_pipeline.sv:232$1557'.
  created $adff cell `$procdff$84669' with positive edge clock and negative level reset.
Creating register for signal `$paramod$8985b4fcc7f68f510e6508caa93a2ca151febd4b\gtsu_dense_sram_requant_pipeline.\next_load_chunk' using process `$paramod$8985b4fcc7f68f510e6508caa93a2ca151febd4b\gtsu_dense_sram_requant_pipeline.$proc$architecture_simulator/rtl/vertical_slice/gtsu_dense_sram_requant_pipeline.sv:232$1557'.
  created $adff cell `$procdff$84670' with positive edge clock and negative level reset.
Creating register for signal `$paramod$8985b4fcc7f68f510e6508caa93a2ca151febd4b\gtsu_dense_sram_requant_pipeline.\issue_tag' using process `$paramod$8985b4fcc7f68f510e6508caa93a2ca151febd4b\gtsu_dense_sram_requant_pipeline.$proc$architecture_simulator/rtl/vertical_slice/gtsu_dense_sram_requant_pipeline.sv:232$1557'.
  created $adff cell `$procdff$84671' with positive edge clock and negative level reset.
Creating register for signal `$paramod$8985b4fcc7f68f510e6508caa93a2ca151febd4b\gtsu_dense_sram_requant_pipeline.\outstanding_reads' using process `$paramod$8985b4fcc7f68f510e6508caa93a2ca151febd4b\gtsu_dense_sram_requant_pipeline.$proc$architecture_simulator/rtl/vertical_slice/gtsu_dense_sram_requant_pipeline.sv:232$1557'.
  created $adff cell `$procdff$84672' with positive edge clock and negative level reset.
Creating register for signal `$paramod$8985b4fcc7f68f510e6508caa93a2ca151febd4b\gtsu_dense_sram_requant_pipeline.\output_mask_reg' using process `$paramod$8985b4fcc7f68f510e6508caa93a2ca151febd4b\gtsu_dense_sram_requant_pipeline.$proc$architecture_simulator/rtl/vertical_slice/gtsu_dense_sram_requant_pipeline.sv:232$1557'.
  created $adff cell `$procdff$84673' with positive edge clock and negative level reset.
Creating register for signal `$paramod$8985b4fcc7f68f510e6508caa93a2ca151febd4b\gtsu_dense_sram_requant_pipeline.\metadata_sequence[0]' using process `$paramod$8985b4fcc7f68f510e6508caa93a2ca151febd4b\gtsu_dense_sram_requant_pipeline.$proc$architecture_simulator/rtl/vertical_slice/gtsu_dense_sram_requant_pipeline.sv:232$1557'.
  created $adff cell `$procdff$84674' with positive edge clock and negative level reset.
Creating register for signal `$paramod$8985b4fcc7f68f510e6508caa93a2ca151febd4b\gtsu_dense_sram_requant_pipeline.\metadata_sequence[1]' using process `$paramod$8985b4fcc7f68f510e6508caa93a2ca151febd4b\gtsu_dense_sram_requant_pipeline.$proc$architecture_simulator/rtl/vertical_slice/gtsu_dense_sram_requant_pipeline.sv:232$1557'.
  created $adff cell `$procdff$84675' with positive edge clock and negative level reset.
Creating register for signal `$paramod$8985b4fcc7f68f510e6508caa93a2ca151febd4b\gtsu_dense_sram_requant_pipeline.\metadata_sequence[2]' using process `$paramod$8985b4fcc7f68f510e6508caa93a2ca151febd4b\gtsu_dense_sram_requant_pipeline.$proc$architecture_simulator/rtl/vertical_slice/gtsu_dense_sram_requant_pipeline.sv:232$1557'.
  created $adff cell `$procdff$84676' with positive edge clock and negative level reset.
Creating register for signal `$paramod$8985b4fcc7f68f510e6508caa93a2ca151febd4b\gtsu_dense_sram_requant_pipeline.\metadata_sequence[3]' using process `$paramod$8985b4fcc7f68f510e6508caa93a2ca151febd4b\gtsu_dense_sram_requant_pipeline.$proc$architecture_simulator/rtl/vertical_slice/gtsu_dense_sram_requant_pipeline.sv:232$1557'.
  created $adff cell `$procdff$84677' with positive edge clock and negative level reset.
Creating register for signal `$paramod$8985b4fcc7f68f510e6508caa93a2ca151febd4b\gtsu_dense_sram_requant_pipeline.\metadata_sequence[4]' using process `$paramod$8985b4fcc7f68f510e6508caa93a2ca151febd4b\gtsu_dense_sram_requant_pipeline.$proc$architecture_simulator/rtl/vertical_slice/gtsu_dense_sram_requant_pipeline.sv:232$1557'.
  created $adff cell `$procdff$84678' with positive edge clock and negative level reset.
Creating register for signal `$paramod$8985b4fcc7f68f510e6508caa93a2ca151febd4b\gtsu_dense_sram_requant_pipeline.\metadata_sequence[5]' using process `$paramod$8985b4fcc7f68f510e6508caa93a2ca151febd4b\gtsu_dense_sram_requant_pipeline.$proc$architecture_simulator/rtl/vertical_slice/gtsu_dense_sram_requant_pipeline.sv:232$1557'.
  created $adff cell `$procdff$84679' with positive edge clock and negative level reset.
Creating register for signal `$paramod$8985b4fcc7f68f510e6508caa93a2ca151febd4b\gtsu_dense_sram_requant_pipeline.\metadata_sequence[6]' using process `$paramod$8985b4fcc7f68f510e6508caa93a2ca151febd4b\gtsu_dense_sram_requant_pipeline.$proc$architecture_simulator/rtl/vertical_slice/gtsu_dense_sram_requant_pipeline.sv:232$1557'.
  created $adff cell `$procdff$84680' with positive edge clock and negative level reset.
Creating register for signal `$paramod$8985b4fcc7f68f510e6508caa93a2ca151febd4b\gtsu_dense_sram_requant_pipeline.\metadata_sequence[7]' using process `$paramod$8985b4fcc7f68f510e6508caa93a2ca151febd4b\gtsu_dense_sram_requant_pipeline.$proc$architecture_simulator/rtl/vertical_slice/gtsu_dense_sram_requant_pipeline.sv:232$1557'.
  created $adff cell `$procdff$84681' with positive edge clock and negative level reset.
Creating register for signal `$paramod$8985b4fcc7f68f510e6508caa93a2ca151febd4b\gtsu_dense_sram_requant_pipeline.\metadata_sequence[8]' using process `$paramod$8985b4fcc7f68f510e6508caa93a2ca151febd4b\gtsu_dense_sram_requant_pipeline.$proc$architecture_simulator/rtl/vertical_slice/gtsu_dense_sram_requant_pipeline.sv:232$1557'.
  created $adff cell `$procdff$84682' with positive edge clock and negative level reset.
Creating register for signal `$paramod$8985b4fcc7f68f510e6508caa93a2ca151febd4b\gtsu_dense_sram_requant_pipeline.\metadata_sequence[9]' using process `$paramod$8985b4fcc7f68f510e6508caa93a2ca151febd4b\gtsu_dense_sram_requant_pipeline.$proc$architecture_simulator/rtl/vertical_slice/gtsu_dense_sram_requant_pipeline.sv:232$1557'.
  created $adff cell `$procdff$84683' with positive edge clock and negative level reset.
Creating register for signal `$paramod$8985b4fcc7f68f510e6508caa93a2ca151febd4b\gtsu_dense_sram_requant_pipeline.\metadata_sequence[10]' using process `$paramod$8985b4fcc7f68f510e6508caa93a2ca151febd4b\gtsu_dense_sram_requant_pipeline.$proc$architecture_simulator/rtl/vertical_slice/gtsu_dense_sram_requant_pipeline.sv:232$1557'.
  created $adff cell `$procdff$84684' with positive edge clock and negative level reset.
Creating register for signal `$paramod$8985b4fcc7f68f510e6508caa93a2ca151febd4b\gtsu_dense_sram_requant_pipeline.\metadata_sequence[11]' using process `$paramod$8985b4fcc7f68f510e6508caa93a2ca151febd4b\gtsu_dense_sram_requant_pipeline.$proc$architecture_simulator/rtl/vertical_slice/gtsu_dense_sram_requant_pipeline.sv:232$1557'.
  created $adff cell `$procdff$84685' with positive edge clock and negative level reset.
Creating register for signal `$paramod$8985b4fcc7f68f510e6508caa93a2ca151febd4b\gtsu_dense_sram_requant_pipeline.\metadata_sequence[12]' using process `$paramod$8985b4fcc7f68f510e6508caa93a2ca151febd4b\gtsu_dense_sram_requant_pipeline.$proc$architecture_simulator/rtl/vertical_slice/gtsu_dense_sram_requant_pipeline.sv:232$1557'.
  created $adff cell `$procdff$84686' with positive edge clock and negative level reset.
Creating register for signal `$paramod$8985b4fcc7f68f510e6508caa93a2ca151febd4b\gtsu_dense_sram_requant_pipeline.\metadata_sequence[13]' using process `$paramod$8985b4fcc7f68f510e6508caa93a2ca151febd4b\gtsu_dense_sram_requant_pipeline.$proc$architecture_simulator/rtl/vertical_slice/gtsu_dense_sram_requant_pipeline.sv:232$1557'.
  created $adff cell `$procdff$84687' with positive edge clock and negative level reset.
Creating register for signal `$paramod$8985b4fcc7f68f510e6508caa93a2ca151febd4b\gtsu_dense_sram_requant_pipeline.\metadata_sequence[14]' using process `$paramod$8985b4fcc7f68f510e6508caa93a2ca151febd4b\gtsu_dense_sram_requant_pipeline.$proc$architecture_simulator/rtl/vertical_slice/gtsu_dense_sram_requant_pipeline.sv:232$1557'.
  created $adff cell `$procdff$84688' with positive edge clock and negative level reset.
Creating register for signal `$paramod$8985b4fcc7f68f510e6508caa93a2ca151febd4b\gtsu_dense_sram_requant_pipeline.\metadata_sequence[15]' using process `$paramod$8985b4fcc7f68f510e6508caa93a2ca151febd4b\gtsu_dense_sram_requant_pipeline.$proc$architecture_simulator/rtl/vertical_slice/gtsu_dense_sram_requant_pipeline.sv:232$1557'.
  created $adff cell `$procdff$84689' with positive edge clock and negative level reset.
Creating register for signal `$paramod$8985b4fcc7f68f510e6508caa93a2ca151febd4b\gtsu_dense_sram_requant_pipeline.\metadata_mask[0]' using process `$paramod$8985b4fcc7f68f510e6508caa93a2ca151febd4b\gtsu_dense_sram_requant_pipeline.$proc$architecture_simulator/rtl/vertical_slice/gtsu_dense_sram_requant_pipeline.sv:232$1557'.
  created $adff cell `$procdff$84690' with positive edge clock and negative level reset.
Creating register for signal `$paramod$8985b4fcc7f68f510e6508caa93a2ca151febd4b\gtsu_dense_sram_requant_pipeline.\metadata_mask[1]' using process `$paramod$8985b4fcc7f68f510e6508caa93a2ca151febd4b\gtsu_dense_sram_requant_pipeline.$proc$architecture_simulator/rtl/vertical_slice/gtsu_dense_sram_requant_pipeline.sv:232$1557'.
  created $adff cell `$procdff$84691' with positive edge clock and negative level reset.
Creating register for signal `$paramod$8985b4fcc7f68f510e6508caa93a2ca151febd4b\gtsu_dense_sram_requant_pipeline.\metadata_mask[2]' using process `$paramod$8985b4fcc7f68f510e6508caa93a2ca151febd4b\gtsu_dense_sram_requant_pipeline.$proc$architecture_simulator/rtl/vertical_slice/gtsu_dense_sram_requant_pipeline.sv:232$1557'.
  created $adff cell `$procdff$84692' with positive edge clock and negative level reset.
Creating register for signal `$paramod$8985b4fcc7f68f510e6508caa93a2ca151febd4b\gtsu_dense_sram_requant_pipeline.\metadata_mask[3]' using process `$paramod$8985b4fcc7f68f510e6508caa93a2ca151febd4b\gtsu_dense_sram_requant_pipeline.$proc$architecture_simulator/rtl/vertical_slice/gtsu_dense_sram_requant_pipeline.sv:232$1557'.
  created $adff cell `$procdff$84693' with positive edge clock and negative level reset.
Creating register for signal `$paramod$8985b4fcc7f68f510e6508caa93a2ca151febd4b\gtsu_dense_sram_requant_pipeline.\metadata_mask[4]' using process `$paramod$8985b4fcc7f68f510e6508caa93a2ca151febd4b\gtsu_dense_sram_requant_pipeline.$proc$architecture_simulator/rtl/vertical_slice/gtsu_dense_sram_requant_pipeline.sv:232$1557'.
  created $adff cell `$procdff$84694' with positive edge clock and negative level reset.
Creating register for signal `$paramod$8985b4fcc7f68f510e6508caa93a2ca151febd4b\gtsu_dense_sram_requant_pipeline.\metadata_mask[5]' using process `$paramod$8985b4fcc7f68f510e6508caa93a2ca151febd4b\gtsu_dense_sram_requant_pipeline.$proc$architecture_simulator/rtl/vertical_slice/gtsu_dense_sram_requant_pipeline.sv:232$1557'.
  created $adff cell `$procdff$84695' with positive edge clock and negative level reset.
Creating register for signal `$paramod$8985b4fcc7f68f510e6508caa93a2ca151febd4b\gtsu_dense_sram_requant_pipeline.\metadata_mask[6]' using process `$paramod$8985b4fcc7f68f510e6508caa93a2ca151febd4b\gtsu_dense_sram_requant_pipeline.$proc$architecture_simulator/rtl/vertical_slice/gtsu_dense_sram_requant_pipeline.sv:232$1557'.
  created $adff cell `$procdff$84696' with positive edge clock and negative level reset.
Creating register for signal `$paramod$8985b4fcc7f68f510e6508caa93a2ca151febd4b\gtsu_dense_sram_requant_pipeline.\metadata_mask[7]' using process `$paramod$8985b4fcc7f68f510e6508caa93a2ca151febd4b\gtsu_dense_sram_requant_pipeline.$proc$architecture_simulator/rtl/vertical_slice/gtsu_dense_sram_requant_pipeline.sv:232$1557'.
  created $adff cell `$procdff$84697' with positive edge clock and negative level reset.
Creating register for signal `$paramod$8985b4fcc7f68f510e6508caa93a2ca151febd4b\gtsu_dense_sram_requant_pipeline.\metadata_mask[8]' using process `$paramod$8985b4fcc7f68f510e6508caa93a2ca151febd4b\gtsu_dense_sram_requant_pipeline.$proc$architecture_simulator/rtl/vertical_slice/gtsu_dense_sram_requant_pipeline.sv:232$1557'.
  created $adff cell `$procdff$84698' with positive edge clock and negative level reset.
Creating register for signal `$paramod$8985b4fcc7f68f510e6508caa93a2ca151febd4b\gtsu_dense_sram_requant_pipeline.\metadata_mask[9]' using process `$paramod$8985b4fcc7f68f510e6508caa93a2ca151febd4b\gtsu_dense_sram_requant_pipeline.$proc$architecture_simulator/rtl/vertical_slice/gtsu_dense_sram_requant_pipeline.sv:232$1557'.
  created $adff cell `$procdff$84699' with positive edge clock and negative level reset.
Creating register for signal `$paramod$8985b4fcc7f68f510e6508caa93a2ca151febd4b\gtsu_dense_sram_requant_pipeline.\metadata_mask[10]' using process `$paramod$8985b4fcc7f68f510e6508caa93a2ca151febd4b\gtsu_dense_sram_requant_pipeline.$proc$architecture_simulator/rtl/vertical_slice/gtsu_dense_sram_requant_pipeline.sv:232$1557'.
  created $adff cell `$procdff$84700' with positive edge clock and negative level reset.
Creating register for signal `$paramod$8985b4fcc7f68f510e6508caa93a2ca151febd4b\gtsu_dense_sram_requant_pipeline.\metadata_mask[11]' using process `$paramod$8985b4fcc7f68f510e6508caa93a2ca151febd4b\gtsu_dense_sram_requant_pipeline.$proc$architecture_simulator/rtl/vertical_slice/gtsu_dense_sram_requant_pipeline.sv:232$1557'.
  created $adff cell `$procdff$84701' with positive edge clock and negative level reset.
Creating register for signal `$paramod$8985b4fcc7f68f510e6508caa93a2ca151febd4b\gtsu_dense_sram_requant_pipeline.\metadata_mask[12]' using process `$paramod$8985b4fcc7f68f510e6508caa93a2ca151febd4b\gtsu_dense_sram_requant_pipeline.$proc$architecture_simulator/rtl/vertical_slice/gtsu_dense_sram_requant_pipeline.sv:232$1557'.
  created $adff cell `$procdff$84702' with positive edge clock and negative level reset.
Creating register for signal `$paramod$8985b4fcc7f68f510e6508caa93a2ca151febd4b\gtsu_dense_sram_requant_pipeline.\metadata_mask[13]' using process `$paramod$8985b4fcc7f68f510e6508caa93a2ca151febd4b\gtsu_dense_sram_requant_pipeline.$proc$architecture_simulator/rtl/vertical_slice/gtsu_dense_sram_requant_pipeline.sv:232$1557'.
  created $adff cell `$procdff$84703' with positive edge clock and negative level reset.
Creating register for signal `$paramod$8985b4fcc7f68f510e6508caa93a2ca151febd4b\gtsu_dense_sram_requant_pipeline.\metadata_mask[14]' using process `$paramod$8985b4fcc7f68f510e6508caa93a2ca151febd4b\gtsu_dense_sram_requant_pipeline.$proc$architecture_simulator/rtl/vertical_slice/gtsu_dense_sram_requant_pipeline.sv:232$1557'.
  created $adff cell `$procdff$84704' with positive edge clock and negative level reset.
Creating register for signal `$paramod$8985b4fcc7f68f510e6508caa93a2ca151febd4b\gtsu_dense_sram_requant_pipeline.\metadata_mask[15]' using process `$paramod$8985b4fcc7f68f510e6508caa93a2ca151febd4b\gtsu_dense_sram_requant_pipeline.$proc$architecture_simulator/rtl/vertical_slice/gtsu_dense_sram_requant_pipeline.sv:232$1557'.
  created $adff cell `$procdff$84705' with positive edge clock and negative level reset.
Creating register for signal `$paramod$8985b4fcc7f68f510e6508caa93a2ca151febd4b\gtsu_dense_sram_requant_pipeline.\metadata_first[0]' using process `$paramod$8985b4fcc7f68f510e6508caa93a2ca151febd4b\gtsu_dense_sram_requant_pipeline.$proc$architecture_simulator/rtl/vertical_slice/gtsu_dense_sram_requant_pipeline.sv:232$1557'.
  created $adff cell `$procdff$84706' with positive edge clock and negative level reset.
Creating register for signal `$paramod$8985b4fcc7f68f510e6508caa93a2ca151febd4b\gtsu_dense_sram_requant_pipeline.\metadata_first[1]' using process `$paramod$8985b4fcc7f68f510e6508caa93a2ca151febd4b\gtsu_dense_sram_requant_pipeline.$proc$architecture_simulator/rtl/vertical_slice/gtsu_dense_sram_requant_pipeline.sv:232$1557'.
  created $adff cell `$procdff$84707' with positive edge clock and negative level reset.
Creating register for signal `$paramod$8985b4fcc7f68f510e6508caa93a2ca151febd4b\gtsu_dense_sram_requant_pipeline.\metadata_first[2]' using process `$paramod$8985b4fcc7f68f510e6508caa93a2ca151febd4b\gtsu_dense_sram_requant_pipeline.$proc$architecture_simulator/rtl/vertical_slice/gtsu_dense_sram_requant_pipeline.sv:232$1557'.
  created $adff cell `$procdff$84708' with positive edge clock and negative level reset.
Creating register for signal `$paramod$8985b4fcc7f68f510e6508caa93a2ca151febd4b\gtsu_dense_sram_requant_pipeline.\metadata_first[3]' using process `$paramod$8985b4fcc7f68f510e6508caa93a2ca151febd4b\gtsu_dense_sram_requant_pipeline.$proc$architecture_simulator/rtl/vertical_slice/gtsu_dense_sram_requant_pipeline.sv:232$1557'.
  created $adff cell `$procdff$84709' with positive edge clock and negative level reset.
Creating register for signal `$paramod$8985b4fcc7f68f510e6508caa93a2ca151febd4b\gtsu_dense_sram_requant_pipeline.\metadata_first[4]' using process `$paramod$8985b4fcc7f68f510e6508caa93a2ca151febd4b\gtsu_dense_sram_requant_pipeline.$proc$architecture_simulator/rtl/vertical_slice/gtsu_dense_sram_requant_pipeline.sv:232$1557'.
  created $adff cell `$procdff$84710' with positive edge clock and negative level reset.
Creating register for signal `$paramod$8985b4fcc7f68f510e6508caa93a2ca151febd4b\gtsu_dense_sram_requant_pipeline.\metadata_first[5]' using process `$paramod$8985b4fcc7f68f510e6508caa93a2ca151febd4b\gtsu_dense_sram_requant_pipeline.$proc$architecture_simulator/rtl/vertical_slice/gtsu_dense_sram_requant_pipeline.sv:232$1557'.
  created $adff cell `$procdff$84711' with positive edge clock and negative level reset.
Creating register for signal `$paramod$8985b4fcc7f68f510e6508caa93a2ca151febd4b\gtsu_dense_sram_requant_pipeline.\metadata_first[6]' using process `$paramod$8985b4fcc7f68f510e6508caa93a2ca151febd4b\gtsu_dense_sram_requant_pipeline.$proc$architecture_simulator/rtl/vertical_slice/gtsu_dense_sram_requant_pipeline.sv:232$1557'.
  created $adff cell `$procdff$84712' with positive edge clock and negative level reset.
Creating register for signal `$paramod$8985b4fcc7f68f510e6508caa93a2ca151febd4b\gtsu_dense_sram_requant_pipeline.\metadata_first[7]' using process `$paramod$8985b4fcc7f68f510e6508caa93a2ca151febd4b\gtsu_dense_sram_requant_pipeline.$proc$architecture_simulator/rtl/vertical_slice/gtsu_dense_sram_requant_pipeline.sv:232$1557'.
  created $adff cell `$procdff$84713' with positive edge clock and negative level reset.
Creating register for signal `$paramod$8985b4fcc7f68f510e6508caa93a2ca151febd4b\gtsu_dense_sram_requant_pipeline.\metadata_first[8]' using process `$paramod$8985b4fcc7f68f510e6508caa93a2ca151febd4b\gtsu_dense_sram_requant_pipeline.$proc$architecture_simulator/rtl/vertical_slice/gtsu_dense_sram_requant_pipeline.sv:232$1557'.
  created $adff cell `$procdff$84714' with positive edge clock and negative level reset.
Creating register for signal `$paramod$8985b4fcc7f68f510e6508caa93a2ca151febd4b\gtsu_dense_sram_requant_pipeline.\metadata_first[9]' using process `$paramod$8985b4fcc7f68f510e6508caa93a2ca151febd4b\gtsu_dense_sram_requant_pipeline.$proc$architecture_simulator/rtl/vertical_slice/gtsu_dense_sram_requant_pipeline.sv:232$1557'.
  created $adff cell `$procdff$84715' with positive edge clock and negative level reset.
Creating register for signal `$paramod$8985b4fcc7f68f510e6508caa93a2ca151febd4b\gtsu_dense_sram_requant_pipeline.\metadata_first[10]' using process `$paramod$8985b4fcc7f68f510e6508caa93a2ca151febd4b\gtsu_dense_sram_requant_pipeline.$proc$architecture_simulator/rtl/vertical_slice/gtsu_dense_sram_requant_pipeline.sv:232$1557'.
  created $adff cell `$procdff$84716' with positive edge clock and negative level reset.
Creating register for signal `$paramod$8985b4fcc7f68f510e6508caa93a2ca151febd4b\gtsu_dense_sram_requant_pipeline.\metadata_first[11]' using process `$paramod$8985b4fcc7f68f510e6508caa93a2ca151febd4b\gtsu_dense_sram_requant_pipeline.$proc$architecture_simulator/rtl/vertical_slice/gtsu_dense_sram_requant_pipeline.sv:232$1557'.
  created $adff cell `$procdff$84717' with positive edge clock and negative level reset.
Creating register for signal `$paramod$8985b4fcc7f68f510e6508caa93a2ca151febd4b\gtsu_dense_sram_requant_pipeline.\metadata_first[12]' using process `$paramod$8985b4fcc7f68f510e6508caa93a2ca151febd4b\gtsu_dense_sram_requant_pipeline.$proc$architecture_simulator/rtl/vertical_slice/gtsu_dense_sram_requant_pipeline.sv:232$1557'.
  created $adff cell `$procdff$84718' with positive edge clock and negative level reset.
Creating register for signal `$paramod$8985b4fcc7f68f510e6508caa93a2ca151febd4b\gtsu_dense_sram_requant_pipeline.\metadata_first[13]' using process `$paramod$8985b4fcc7f68f510e6508caa93a2ca151febd4b\gtsu_dense_sram_requant_pipeline.$proc$architecture_simulator/rtl/vertical_slice/gtsu_dense_sram_requant_pipeline.sv:232$1557'.
  created $adff cell `$procdff$84719' with positive edge clock and negative level reset.
Creating register for signal `$paramod$8985b4fcc7f68f510e6508caa93a2ca151febd4b\gtsu_dense_sram_requant_pipeline.\metadata_first[14]' using process `$paramod$8985b4fcc7f68f510e6508caa93a2ca151febd4b\gtsu_dense_sram_requant_pipeline.$proc$architecture_simulator/rtl/vertical_slice/gtsu_dense_sram_requant_pipeline.sv:232$1557'.
  created $adff cell `$procdff$84720' with positive edge clock and negative level reset.
Creating register for signal `$paramod$8985b4fcc7f68f510e6508caa93a2ca151febd4b\gtsu_dense_sram_requant_pipeline.\metadata_first[15]' using process `$paramod$8985b4fcc7f68f510e6508caa93a2ca151febd4b\gtsu_dense_sram_requant_pipeline.$proc$architecture_simulator/rtl/vertical_slice/gtsu_dense_sram_requant_pipeline.sv:232$1557'.
  created $adff cell `$procdff$84721' with positive edge clock and negative level reset.
Creating register for signal `$paramod$8985b4fcc7f68f510e6508caa93a2ca151febd4b\gtsu_dense_sram_requant_pipeline.\metadata_last[0]' using process `$paramod$8985b4fcc7f68f510e6508caa93a2ca151febd4b\gtsu_dense_sram_requant_pipeline.$proc$architecture_simulator/rtl/vertical_slice/gtsu_dense_sram_requant_pipeline.sv:232$1557'.
  created $adff cell `$procdff$84722' with positive edge clock and negative level reset.
Creating register for signal `$paramod$8985b4fcc7f68f510e6508caa93a2ca151febd4b\gtsu_dense_sram_requant_pipeline.\metadata_last[1]' using process `$paramod$8985b4fcc7f68f510e6508caa93a2ca151febd4b\gtsu_dense_sram_requant_pipeline.$proc$architecture_simulator/rtl/vertical_slice/gtsu_dense_sram_requant_pipeline.sv:232$1557'.
  created $adff cell `$procdff$84723' with positive edge clock and negative level reset.
Creating register for signal `$paramod$8985b4fcc7f68f510e6508caa93a2ca151febd4b\gtsu_dense_sram_requant_pipeline.\metadata_last[2]' using process `$paramod$8985b4fcc7f68f510e6508caa93a2ca151febd4b\gtsu_dense_sram_requant_pipeline.$proc$architecture_simulator/rtl/vertical_slice/gtsu_dense_sram_requant_pipeline.sv:232$1557'.
  created $adff cell `$procdff$84724' with positive edge clock and negative level reset.
Creating register for signal `$paramod$8985b4fcc7f68f510e6508caa93a2ca151febd4b\gtsu_dense_sram_requant_pipeline.\metadata_last[3]' using process `$paramod$8985b4fcc7f68f510e6508caa93a2ca151febd4b\gtsu_dense_sram_requant_pipeline.$proc$architecture_simulator/rtl/vertical_slice/gtsu_dense_sram_requant_pipeline.sv:232$1557'.
  created $adff cell `$procdff$84725' with positive edge clock and negative level reset.
Creating register for signal `$paramod$8985b4fcc7f68f510e6508caa93a2ca151febd4b\gtsu_dense_sram_requant_pipeline.\metadata_last[4]' using process `$paramod$8985b4fcc7f68f510e6508caa93a2ca151febd4b\gtsu_dense_sram_requant_pipeline.$proc$architecture_simulator/rtl/vertical_slice/gtsu_dense_sram_requant_pipeline.sv:232$1557'.
  created $adff cell `$procdff$84726' with positive edge clock and negative level reset.
Creating register for signal `$paramod$8985b4fcc7f68f510e6508caa93a2ca151febd4b\gtsu_dense_sram_requant_pipeline.\metadata_last[5]' using process `$paramod$8985b4fcc7f68f510e6508caa93a2ca151febd4b\gtsu_dense_sram_requant_pipeline.$proc$architecture_simulator/rtl/vertical_slice/gtsu_dense_sram_requant_pipeline.sv:232$1557'.
  created $adff cell `$procdff$84727' with positive edge clock and negative level reset.
Creating register for signal `$paramod$8985b4fcc7f68f510e6508caa93a2ca151febd4b\gtsu_dense_sram_requant_pipeline.\metadata_last[6]' using process `$paramod$8985b4fcc7f68f510e6508caa93a2ca151febd4b\gtsu_dense_sram_requant_pipeline.$proc$architecture_simulator/rtl/vertical_slice/gtsu_dense_sram_requant_pipeline.sv:232$1557'.
  created $adff cell `$procdff$84728' with positive edge clock and negative level reset.
Creating register for signal `$paramod$8985b4fcc7f68f510e6508caa93a2ca151febd4b\gtsu_dense_sram_requant_pipeline.\metadata_last[7]' using process `$paramod$8985b4fcc7f68f510e6508caa93a2ca151febd4b\gtsu_dense_sram_requant_pipeline.$proc$architecture_simulator/rtl/vertical_slice/gtsu_dense_sram_requant_pipeline.sv:232$1557'.
  created $adff cell `$procdff$84729' with positive edge clock and negative level reset.
Creating register for signal `$paramod$8985b4fcc7f68f510e6508caa93a2ca151febd4b\gtsu_dense_sram_requant_pipeline.\metadata_last[8]' using process `$paramod$8985b4fcc7f68f510e6508caa93a2ca151febd4b\gtsu_dense_sram_requant_pipeline.$proc$architecture_simulator/rtl/vertical_slice/gtsu_dense_sram_requant_pipeline.sv:232$1557'.
  created $adff cell `$procdff$84730' with positive edge clock and negative level reset.
Creating register for signal `$paramod$8985b4fcc7f68f510e6508caa93a2ca151febd4b\gtsu_dense_sram_requant_pipeline.\metadata_last[9]' using process `$paramod$8985b4fcc7f68f510e6508caa93a2ca151febd4b\gtsu_dense_sram_requant_pipeline.$proc$architecture_simulator/rtl/vertical_slice/gtsu_dense_sram_requant_pipeline.sv:232$1557'.
  created $adff cell `$procdff$84731' with positive edge clock and negative level reset.
Creating register for signal `$paramod$8985b4fcc7f68f510e6508caa93a2ca151febd4b\gtsu_dense_sram_requant_pipeline.\metadata_last[10]' using process `$paramod$8985b4fcc7f68f510e6508caa93a2ca151febd4b\gtsu_dense_sram_requant_pipeline.$proc$architecture_simulator/rtl/vertical_slice/gtsu_dense_sram_requant_pipeline.sv:232$1557'.
  created $adff cell `$procdff$84732' with positive edge clock and negative level reset.
Creating register for signal `$paramod$8985b4fcc7f68f510e6508caa93a2ca151febd4b\gtsu_dense_sram_requant_pipeline.\metadata_last[11]' using process `$paramod$8985b4fcc7f68f510e6508caa93a2ca151febd4b\gtsu_dense_sram_requant_pipeline.$proc$architecture_simulator/rtl/vertical_slice/gtsu_dense_sram_requant_pipeline.sv:232$1557'.
  created $adff cell `$procdff$84733' with positive edge clock and negative level reset.
Creating register for signal `$paramod$8985b4fcc7f68f510e6508caa93a2ca151febd4b\gtsu_dense_sram_requant_pipeline.\metadata_last[12]' using process `$paramod$8985b4fcc7f68f510e6508caa93a2ca151febd4b\gtsu_dense_sram_requant_pipeline.$proc$architecture_simulator/rtl/vertical_slice/gtsu_dense_sram_requant_pipeline.sv:232$1557'.
  created $adff cell `$procdff$84734' with positive edge clock and negative level reset.
Creating register for signal `$paramod$8985b4fcc7f68f510e6508caa93a2ca151febd4b\gtsu_dense_sram_requant_pipeline.\metadata_last[13]' using process `$paramod$8985b4fcc7f68f510e6508caa93a2ca151febd4b\gtsu_dense_sram_requant_pipeline.$proc$architecture_simulator/rtl/vertical_slice/gtsu_dense_sram_requant_pipeline.sv:232$1557'.
  created $adff cell `$procdff$84735' with positive edge clock and negative level reset.
Creating register for signal `$paramod$8985b4fcc7f68f510e6508caa93a2ca151febd4b\gtsu_dense_sram_requant_pipeline.\metadata_last[14]' using process `$paramod$8985b4fcc7f68f510e6508caa93a2ca151febd4b\gtsu_dense_sram_requant_pipeline.$proc$architecture_simulator/rtl/vertical_slice/gtsu_dense_sram_requant_pipeline.sv:232$1557'.
  created $adff cell `$procdff$84736' with positive edge clock and negative level reset.
Creating register for signal `$paramod$8985b4fcc7f68f510e6508caa93a2ca151febd4b\gtsu_dense_sram_requant_pipeline.\metadata_last[15]' using process `$paramod$8985b4fcc7f68f510e6508caa93a2ca151febd4b\gtsu_dense_sram_requant_pipeline.$proc$architecture_simulator/rtl/vertical_slice/gtsu_dense_sram_requant_pipeline.sv:232$1557'.
  created $adff cell `$procdff$84737' with positive edge clock and negative level reset.
Creating register for signal `$paramod$8985b4fcc7f68f510e6508caa93a2ca151febd4b\gtsu_dense_sram_requant_pipeline.$mem2reg_wr$\metadata_sequence$architecture_simulator/rtl/vertical_slice/gtsu_dense_sram_requant_pipeline.sv:262$1513_ADDR' using process `$paramod$8985b4fcc7f68f510e6508caa93a2ca151febd4b\gtsu_dense_sram_requant_pipeline.$proc$architecture_simulator/rtl/vertical_slice/gtsu_dense_sram_requant_pipeline.sv:232$1557'.
  created $adff cell `$procdff$84738' with positive edge clock and negative level reset.
Creating register for signal `$paramod$8985b4fcc7f68f510e6508caa93a2ca151febd4b\gtsu_dense_sram_requant_pipeline.$mem2reg_wr$\metadata_sequence$architecture_simulator/rtl/vertical_slice/gtsu_dense_sram_requant_pipeline.sv:262$1513_DATA' using process `$paramod$8985b4fcc7f68f510e6508caa93a2ca151febd4b\gtsu_dense_sram_requant_pipeline.$proc$architecture_simulator/rtl/vertical_slice/gtsu_dense_sram_requant_pipeline.sv:232$1557'.
  created $adff cell `$procdff$84739' with positive edge clock and negative level reset.
Creating register for signal `$paramod$8985b4fcc7f68f510e6508caa93a2ca151febd4b\gtsu_dense_sram_requant_pipeline.$mem2reg_wr$\metadata_mask$architecture_simulator/rtl/vertical_slice/gtsu_dense_sram_requant_pipeline.sv:263$1514_ADDR' using process `$paramod$8985b4fcc7f68f510e6508caa93a2ca151febd4b\gtsu_dense_sram_requant_pipeline.$proc$architecture_simulator/rtl/vertical_slice/gtsu_dense_sram_requant_pipeline.sv:232$1557'.
  created $adff cell `$procdff$84740' with positive edge clock and negative level reset.
Creating register for signal `$paramod$8985b4fcc7f68f510e6508caa93a2ca151febd4b\gtsu_dense_sram_requant_pipeline.$mem2reg_wr$\metadata_mask$architecture_simulator/rtl/vertical_slice/gtsu_dense_sram_requant_pipeline.sv:263$1514_DATA' using process `$paramod$8985b4fcc7f68f510e6508caa93a2ca151febd4b\gtsu_dense_sram_requant_pipeline.$proc$architecture_simulator/rtl/vertical_slice/gtsu_dense_sram_requant_pipeline.sv:232$1557'.
  created $adff cell `$procdff$84741' with positive edge clock and negative level reset.
Creating register for signal `$paramod$8985b4fcc7f68f510e6508caa93a2ca151febd4b\gtsu_dense_sram_requant_pipeline.$mem2reg_wr$\metadata_first$architecture_simulator/rtl/vertical_slice/gtsu_dense_sram_requant_pipeline.sv:264$1515_ADDR' using process `$paramod$8985b4fcc7f68f510e6508caa93a2ca151febd4b\gtsu_dense_sram_requant_pipeline.$proc$architecture_simulator/rtl/vertical_slice/gtsu_dense_sram_requant_pipeline.sv:232$1557'.
  created $adff cell `$procdff$84742' with positive edge clock and negative level reset.
Creating register for signal `$paramod$8985b4fcc7f68f510e6508caa93a2ca151febd4b\gtsu_dense_sram_requant_pipeline.$mem2reg_wr$\metadata_first$architecture_simulator/rtl/vertical_slice/gtsu_dense_sram_requant_pipeline.sv:264$1515_DATA' using process `$paramod$8985b4fcc7f68f510e6508caa93a2ca151febd4b\gtsu_dense_sram_requant_pipeline.$proc$architecture_simulator/rtl/vertical_slice/gtsu_dense_sram_requant_pipeline.sv:232$1557'.
  created $adff cell `$procdff$84743' with positive edge clock and negative level reset.
Creating register for signal `$paramod$8985b4fcc7f68f510e6508caa93a2ca151febd4b\gtsu_dense_sram_requant_pipeline.$mem2reg_wr$\metadata_last$architecture_simulator/rtl/vertical_slice/gtsu_dense_sram_requant_pipeline.sv:265$1516_ADDR' using process `$paramod$8985b4fcc7f68f510e6508caa93a2ca151febd4b\gtsu_dense_sram_requant_pipeline.$proc$architecture_simulator/rtl/vertical_slice/gtsu_dense_sram_requant_pipeline.sv:232$1557'.
  created $adff cell `$procdff$84744' with positive edge clock and negative level reset.
Creating register for signal `$paramod$8985b4fcc7f68f510e6508caa93a2ca151febd4b\gtsu_dense_sram_requant_pipeline.$mem2reg_wr$\metadata_last$architecture_simulator/rtl/vertical_slice/gtsu_dense_sram_requant_pipeline.sv:265$1516_DATA' using process `$paramod$8985b4fcc7f68f510e6508caa93a2ca151febd4b\gtsu_dense_sram_requant_pipeline.$proc$architecture_simulator/rtl/vertical_slice/gtsu_dense_sram_requant_pipeline.sv:232$1557'.
  created $adff cell `$procdff$84745' with positive edge clock and negative level reset.
Creating register for signal `$paramod\gtsu_dram_dma_unpack\LINES=4\ROB_DEPTH=4\BLOCK_CHUNKS=2.\index' using process `$paramod\gtsu_dram_dma_unpack\LINES=4\ROB_DEPTH=4\BLOCK_CHUNKS=2.$proc$architecture_simulator/rtl/vertical_slice/gtsu_dram_dma_unpack.sv:53$1455'.
  created $adff cell `$procdff$84746' with positive edge clock and negative level reset.
Creating register for signal `$paramod\gtsu_dram_dma_unpack\LINES=4\ROB_DEPTH=4\BLOCK_CHUNKS=2.\count_rob_peak' using process `$paramod\gtsu_dram_dma_unpack\LINES=4\ROB_DEPTH=4\BLOCK_CHUNKS=2.$proc$architecture_simulator/rtl/vertical_slice/gtsu_dram_dma_unpack.sv:53$1455'.
  created $adff cell `$procdff$84747' with positive edge clock and negative level reset.
Creating register for signal `$paramod\gtsu_dram_dma_unpack\LINES=4\ROB_DEPTH=4\BLOCK_CHUNKS=2.\count_rob_backpressure_cycles' using process `$paramod\gtsu_dram_dma_unpack\LINES=4\ROB_DEPTH=4\BLOCK_CHUNKS=2.$proc$architecture_simulator/rtl/vertical_slice/gtsu_dram_dma_unpack.sv:53$1455'.
  created $adff cell `$procdff$84748' with positive edge clock and negative level reset.
Creating register for signal `$paramod\gtsu_dram_dma_unpack\LINES=4\ROB_DEPTH=4\BLOCK_CHUNKS=2.\count_completion_accepts' using process `$paramod\gtsu_dram_dma_unpack\LINES=4\ROB_DEPTH=4\BLOCK_CHUNKS=2.$proc$architecture_simulator/rtl/vertical_slice/gtsu_dram_dma_unpack.sv:53$1455'.
  created $adff cell `$procdff$84749' with positive edge clock and negative level reset.
Creating register for signal `$paramod\gtsu_dram_dma_unpack\LINES=4\ROB_DEPTH=4\BLOCK_CHUNKS=2.\count_payload_words' using process `$paramod\gtsu_dram_dma_unpack\LINES=4\ROB_DEPTH=4\BLOCK_CHUNKS=2.$proc$architecture_simulator/rtl/vertical_slice/gtsu_dram_dma_unpack.sv:53$1455'.
  created $adff cell `$procdff$84750' with positive edge clock and negative level reset.
Creating register for signal `$paramod\gtsu_dram_dma_unpack\LINES=4\ROB_DEPTH=4\BLOCK_CHUNKS=2.\rob_valid' using process `$paramod\gtsu_dram_dma_unpack\LINES=4\ROB_DEPTH=4\BLOCK_CHUNKS=2.$proc$architecture_simulator/rtl/vertical_slice/gtsu_dram_dma_unpack.sv:53$1455'.
  created $adff cell `$procdff$84751' with positive edge clock and negative level reset.
Creating register for signal `$paramod\gtsu_dram_dma_unpack\LINES=4\ROB_DEPTH=4\BLOCK_CHUNKS=2.\retire_line' using process `$paramod\gtsu_dram_dma_unpack\LINES=4\ROB_DEPTH=4\BLOCK_CHUNKS=2.$proc$architecture_simulator/rtl/vertical_slice/gtsu_dram_dma_unpack.sv:53$1455'.
  created $adff cell `$procdff$84752' with positive edge clock and negative level reset.
Creating register for signal `$paramod\gtsu_dram_dma_unpack\LINES=4\ROB_DEPTH=4\BLOCK_CHUNKS=2.\word_offset' using process `$paramod\gtsu_dram_dma_unpack\LINES=4\ROB_DEPTH=4\BLOCK_CHUNKS=2.$proc$architecture_simulator/rtl/vertical_slice/gtsu_dram_dma_unpack.sv:53$1455'.
  created $adff cell `$procdff$84753' with positive edge clock and negative level reset.
Creating register for signal `$paramod\gtsu_dram_dma_unpack\LINES=4\ROB_DEPTH=4\BLOCK_CHUNKS=2.\rob_occupancy' using process `$paramod\gtsu_dram_dma_unpack\LINES=4\ROB_DEPTH=4\BLOCK_CHUNKS=2.$proc$architecture_simulator/rtl/vertical_slice/gtsu_dram_dma_unpack.sv:53$1455'.
  created $adff cell `$procdff$84754' with positive edge clock and negative level reset.
Creating register for signal `$paramod\gtsu_dram_dma_unpack\LINES=4\ROB_DEPTH=4\BLOCK_CHUNKS=2.\protocol_error_reg' using process `$paramod\gtsu_dram_dma_unpack\LINES=4\ROB_DEPTH=4\BLOCK_CHUNKS=2.$proc$architecture_simulator/rtl/vertical_slice/gtsu_dram_dma_unpack.sv:53$1455'.
  created $adff cell `$procdff$84755' with positive edge clock and negative level reset.
Creating register for signal `$paramod\gtsu_dram_dma_unpack\LINES=4\ROB_DEPTH=4\BLOCK_CHUNKS=2.\rob_data[0]' using process `$paramod\gtsu_dram_dma_unpack\LINES=4\ROB_DEPTH=4\BLOCK_CHUNKS=2.$proc$architecture_simulator/rtl/vertical_slice/gtsu_dram_dma_unpack.sv:53$1455'.
  created $adff cell `$procdff$84756' with positive edge clock and negative level reset.
Creating register for signal `$paramod\gtsu_dram_dma_unpack\LINES=4\ROB_DEPTH=4\BLOCK_CHUNKS=2.\rob_data[1]' using process `$paramod\gtsu_dram_dma_unpack\LINES=4\ROB_DEPTH=4\BLOCK_CHUNKS=2.$proc$architecture_simulator/rtl/vertical_slice/gtsu_dram_dma_unpack.sv:53$1455'.
  created $adff cell `$procdff$84757' with positive edge clock and negative level reset.
Creating register for signal `$paramod\gtsu_dram_dma_unpack\LINES=4\ROB_DEPTH=4\BLOCK_CHUNKS=2.\rob_data[2]' using process `$paramod\gtsu_dram_dma_unpack\LINES=4\ROB_DEPTH=4\BLOCK_CHUNKS=2.$proc$architecture_simulator/rtl/vertical_slice/gtsu_dram_dma_unpack.sv:53$1455'.
  created $adff cell `$procdff$84758' with positive edge clock and negative level reset.
Creating register for signal `$paramod\gtsu_dram_dma_unpack\LINES=4\ROB_DEPTH=4\BLOCK_CHUNKS=2.\rob_data[3]' using process `$paramod\gtsu_dram_dma_unpack\LINES=4\ROB_DEPTH=4\BLOCK_CHUNKS=2.$proc$architecture_simulator/rtl/vertical_slice/gtsu_dram_dma_unpack.sv:53$1455'.
  created $adff cell `$procdff$84759' with positive edge clock and negative level reset.
Creating register for signal `$paramod\gtsu_dram_dma_unpack\LINES=4\ROB_DEPTH=4\BLOCK_CHUNKS=2.\rob_tag[0]' using process `$paramod\gtsu_dram_dma_unpack\LINES=4\ROB_DEPTH=4\BLOCK_CHUNKS=2.$proc$architecture_simulator/rtl/vertical_slice/gtsu_dram_dma_unpack.sv:53$1455'.
  created $adff cell `$procdff$84760' with positive edge clock and negative level reset.
Creating register for signal `$paramod\gtsu_dram_dma_unpack\LINES=4\ROB_DEPTH=4\BLOCK_CHUNKS=2.\rob_tag[1]' using process `$paramod\gtsu_dram_dma_unpack\LINES=4\ROB_DEPTH=4\BLOCK_CHUNKS=2.$proc$architecture_simulator/rtl/vertical_slice/gtsu_dram_dma_unpack.sv:53$1455'.
  created $adff cell `$procdff$84761' with positive edge clock and negative level reset.
Creating register for signal `$paramod\gtsu_dram_dma_unpack\LINES=4\ROB_DEPTH=4\BLOCK_CHUNKS=2.\rob_tag[2]' using process `$paramod\gtsu_dram_dma_unpack\LINES=4\ROB_DEPTH=4\BLOCK_CHUNKS=2.$proc$architecture_simulator/rtl/vertical_slice/gtsu_dram_dma_unpack.sv:53$1455'.
  created $adff cell `$procdff$84762' with positive edge clock and negative level reset.
Creating register for signal `$paramod\gtsu_dram_dma_unpack\LINES=4\ROB_DEPTH=4\BLOCK_CHUNKS=2.\rob_tag[3]' using process `$paramod\gtsu_dram_dma_unpack\LINES=4\ROB_DEPTH=4\BLOCK_CHUNKS=2.$proc$architecture_simulator/rtl/vertical_slice/gtsu_dram_dma_unpack.sv:53$1455'.
  created $adff cell `$procdff$84763' with positive edge clock and negative level reset.
Creating register for signal `$paramod\gtsu_dram_dma_unpack\LINES=4\ROB_DEPTH=4\BLOCK_CHUNKS=2.$mem2reg_wr$\rob_tag$architecture_simulator/rtl/vertical_slice/gtsu_dram_dma_unpack.sv:75$1425_ADDR' using process `$paramod\gtsu_dram_dma_unpack\LINES=4\ROB_DEPTH=4\BLOCK_CHUNKS=2.$proc$architecture_simulator/rtl/vertical_slice/gtsu_dram_dma_unpack.sv:53$1455'.
  created $adff cell `$procdff$84764' with positive edge clock and negative level reset.
Creating register for signal `$paramod\gtsu_dram_dma_unpack\LINES=4\ROB_DEPTH=4\BLOCK_CHUNKS=2.$mem2reg_wr$\rob_tag$architecture_simulator/rtl/vertical_slice/gtsu_dram_dma_unpack.sv:75$1425_DATA' using process `$paramod\gtsu_dram_dma_unpack\LINES=4\ROB_DEPTH=4\BLOCK_CHUNKS=2.$proc$architecture_simulator/rtl/vertical_slice/gtsu_dram_dma_unpack.sv:53$1455'.
  created $adff cell `$procdff$84765' with positive edge clock and negative level reset.
Creating register for signal `$paramod\gtsu_dram_dma_unpack\LINES=4\ROB_DEPTH=4\BLOCK_CHUNKS=2.$mem2reg_wr$\rob_data$architecture_simulator/rtl/vertical_slice/gtsu_dram_dma_unpack.sv:76$1426_ADDR' using process `$paramod\gtsu_dram_dma_unpack\LINES=4\ROB_DEPTH=4\BLOCK_CHUNKS=2.$proc$architecture_simulator/rtl/vertical_slice/gtsu_dram_dma_unpack.sv:53$1455'.
  created $adff cell `$procdff$84766' with positive edge clock and negative level reset.
Creating register for signal `$paramod\gtsu_dram_dma_unpack\LINES=4\ROB_DEPTH=4\BLOCK_CHUNKS=2.$mem2reg_wr$\rob_data$architecture_simulator/rtl/vertical_slice/gtsu_dram_dma_unpack.sv:76$1426_DATA' using process `$paramod\gtsu_dram_dma_unpack\LINES=4\ROB_DEPTH=4\BLOCK_CHUNKS=2.$proc$architecture_simulator/rtl/vertical_slice/gtsu_dram_dma_unpack.sv:53$1455'.
  created $adff cell `$procdff$84767' with positive edge clock and negative level reset.
Creating register for signal `$paramod\gtsu_dense_mnk_controller\M=2\N=5\K=16\N_TILE=3\K_BLOCK=8.\buffer_valid' using process `$paramod\gtsu_dense_mnk_controller\M=2\N=5\K=16\N_TILE=3\K_BLOCK=8.$proc$architecture_simulator/rtl/vertical_slice/gtsu_dense_mnk_controller.sv:71$1396'.
  created $adff cell `$procdff$84768' with positive edge clock and negative level reset.
Creating register for signal `$paramod\gtsu_dense_mnk_controller\M=2\N=5\K=16\N_TILE=3\K_BLOCK=8.\expected_sequence' using process `$paramod\gtsu_dense_mnk_controller\M=2\N=5\K=16\N_TILE=3\K_BLOCK=8.$proc$architecture_simulator/rtl/vertical_slice/gtsu_dense_mnk_controller.sv:71$1396'.
  created $adff cell `$procdff$84769' with positive edge clock and negative level reset.
Creating register for signal `$paramod\gtsu_dense_mnk_controller\M=2\N=5\K=16\N_TILE=3\K_BLOCK=8.\row_counter' using process `$paramod\gtsu_dense_mnk_controller\M=2\N=5\K=16\N_TILE=3\K_BLOCK=8.$proc$architecture_simulator/rtl/vertical_slice/gtsu_dense_mnk_controller.sv:71$1396'.
  created $adff cell `$procdff$84770' with positive edge clock and negative level reset.
Creating register for signal `$paramod\gtsu_dense_mnk_controller\M=2\N=5\K=16\N_TILE=3\K_BLOCK=8.\n_tile_counter' using process `$paramod\gtsu_dense_mnk_controller\M=2\N=5\K=16\N_TILE=3\K_BLOCK=8.$proc$architecture_simulator/rtl/vertical_slice/gtsu_dense_mnk_controller.sv:71$1396'.
  created $adff cell `$procdff$84771' with positive edge clock and negative level reset.
Creating register for signal `$paramod\gtsu_dense_mnk_controller\M=2\N=5\K=16\N_TILE=3\K_BLOCK=8.\k_block_counter' using process `$paramod\gtsu_dense_mnk_controller\M=2\N=5\K=16\N_TILE=3\K_BLOCK=8.$proc$architecture_simulator/rtl/vertical_slice/gtsu_dense_mnk_controller.sv:71$1396'.
  created $adff cell `$procdff$84772' with positive edge clock and negative level reset.
Creating register for signal `$paramod\gtsu_dense_mnk_controller\M=2\N=5\K=16\N_TILE=3\K_BLOCK=8.\chunk_counter' using process `$paramod\gtsu_dense_mnk_controller\M=2\N=5\K=16\N_TILE=3\K_BLOCK=8.$proc$architecture_simulator/rtl/vertical_slice/gtsu_dense_mnk_controller.sv:71$1396'.
  created $adff cell `$procdff$84773' with positive edge clock and negative level reset.
Creating register for signal `$paramod\gtsu_dense_mnk_controller\M=2\N=5\K=16\N_TILE=3\K_BLOCK=8.\buffer_sequence[0]' using process `$paramod\gtsu_dense_mnk_controller\M=2\N=5\K=16\N_TILE=3\K_BLOCK=8.$proc$architecture_simulator/rtl/vertical_slice/gtsu_dense_mnk_controller.sv:71$1396'.
  created $adff cell `$procdff$84774' with positive edge clock and negative level reset.
Creating register for signal `$paramod\gtsu_dense_mnk_controller\M=2\N=5\K=16\N_TILE=3\K_BLOCK=8.\buffer_sequence[1]' using process `$paramod\gtsu_dense_mnk_controller\M=2\N=5\K=16\N_TILE=3\K_BLOCK=8.$proc$architecture_simulator/rtl/vertical_slice/gtsu_dense_mnk_controller.sv:71$1396'.
  created $adff cell `$procdff$84775' with positive edge clock and negative level reset.
Creating register for signal `$paramod\gtsu_dense_mnk_controller\M=2\N=5\K=16\N_TILE=3\K_BLOCK=8.$mem2reg_wr$\buffer_sequence$architecture_simulator/rtl/vertical_slice/gtsu_dense_mnk_controller.sv:84$1368_DATA' using process `$paramod\gtsu_dense_mnk_controller\M=2\N=5\K=16\N_TILE=3\K_BLOCK=8.$proc$architecture_simulator/rtl/vertical_slice/gtsu_dense_mnk_controller.sv:71$1396'.
  created $adff cell `$procdff$84776' with positive edge clock and negative level reset.
Creating register for signal `$paramod\gtsu_dense_mnk_controller\M=2\N=5\K=16\N_TILE=3\K_BLOCK=8.$mem2reg_wr$\buffer_sequence$architecture_simulator/rtl/vertical_slice/gtsu_dense_mnk_controller.sv:84$1368_ADDR' using process `$paramod\gtsu_dense_mnk_controller\M=2\N=5\K=16\N_TILE=3\K_BLOCK=8.$proc$architecture_simulator/rtl/vertical_slice/gtsu_dense_mnk_controller.sv:71$1396'.
  created $adff cell `$procdff$84777' with positive edge clock and negative level reset.
Creating register for signal `$paramod\gtsu_banked_sram_2client\BANKS=16\ROWS_PER_BANK=4\DATA_W=128\READ_LATENCY=3\TAG_W=4.\c0_vld_pipe' using process `$paramod\gtsu_banked_sram_2client\BANKS=16\ROWS_PER_BANK=4\DATA_W=128\READ_LATENCY=3\TAG_W=4.$proc$architecture_simulator/rtl/vertical_slice/gtsu_banked_sram_2client.sv:75$1017'.
  created $adff cell `$procdff$84778' with positive edge clock and negative level reset.
Creating register for signal `$paramod\gtsu_banked_sram_2client\BANKS=16\ROWS_PER_BANK=4\DATA_W=128\READ_LATENCY=3\TAG_W=4.\c1_vld_pipe' using process `$paramod\gtsu_banked_sram_2client\BANKS=16\ROWS_PER_BANK=4\DATA_W=128\READ_LATENCY=3\TAG_W=4.$proc$architecture_simulator/rtl/vertical_slice/gtsu_banked_sram_2client.sv:75$1017'.
  created $adff cell `$procdff$84779' with positive edge clock and negative level reset.
Creating register for signal `$paramod\gtsu_banked_sram_2client\BANKS=16\ROWS_PER_BANK=4\DATA_W=128\READ_LATENCY=3\TAG_W=4.\stage' using process `$paramod\gtsu_banked_sram_2client\BANKS=16\ROWS_PER_BANK=4\DATA_W=128\READ_LATENCY=3\TAG_W=4.$proc$architecture_simulator/rtl/vertical_slice/gtsu_banked_sram_2client.sv:75$1017'.
  created $adff cell `$procdff$84780' with positive edge clock and negative level reset.
Creating register for signal `$paramod\gtsu_banked_sram_2client\BANKS=16\ROWS_PER_BANK=4\DATA_W=128\READ_LATENCY=3\TAG_W=4.\byte_index' using process `$paramod\gtsu_banked_sram_2client\BANKS=16\ROWS_PER_BANK=4\DATA_W=128\READ_LATENCY=3\TAG_W=4.$proc$architecture_simulator/rtl/vertical_slice/gtsu_banked_sram_2client.sv:75$1017'.
  created $dff cell `$procdff$84781' with positive edge clock.
Creating register for signal `$paramod\gtsu_banked_sram_2client\BANKS=16\ROWS_PER_BANK=4\DATA_W=128\READ_LATENCY=3\TAG_W=4.\c0_tag_pipe[0]' using process `$paramod\gtsu_banked_sram_2client\BANKS=16\ROWS_PER_BANK=4\DATA_W=128\READ_LATENCY=3\TAG_W=4.$proc$architecture_simulator/rtl/vertical_slice/gtsu_banked_sram_2client.sv:75$1017'.
  created $adff cell `$procdff$84782' with positive edge clock and negative level reset.
Creating register for signal `$paramod\gtsu_banked_sram_2client\BANKS=16\ROWS_PER_BANK=4\DATA_W=128\READ_LATENCY=3\TAG_W=4.\c0_tag_pipe[1]' using process `$paramod\gtsu_banked_sram_2client\BANKS=16\ROWS_PER_BANK=4\DATA_W=128\READ_LATENCY=3\TAG_W=4.$proc$architecture_simulator/rtl/vertical_slice/gtsu_banked_sram_2client.sv:75$1017'.
  created $adff cell `$procdff$84783' with positive edge clock and negative level reset.
Creating register for signal `$paramod\gtsu_banked_sram_2client\BANKS=16\ROWS_PER_BANK=4\DATA_W=128\READ_LATENCY=3\TAG_W=4.\c0_tag_pipe[2]' using process `$paramod\gtsu_banked_sram_2client\BANKS=16\ROWS_PER_BANK=4\DATA_W=128\READ_LATENCY=3\TAG_W=4.$proc$architecture_simulator/rtl/vertical_slice/gtsu_banked_sram_2client.sv:75$1017'.
  created $adff cell `$procdff$84784' with positive edge clock and negative level reset.
Creating register for signal `$paramod\gtsu_banked_sram_2client\BANKS=16\ROWS_PER_BANK=4\DATA_W=128\READ_LATENCY=3\TAG_W=4.\c1_tag_pipe[0]' using process `$paramod\gtsu_banked_sram_2client\BANKS=16\ROWS_PER_BANK=4\DATA_W=128\READ_LATENCY=3\TAG_W=4.$proc$architecture_simulator/rtl/vertical_slice/gtsu_banked_sram_2client.sv:75$1017'.
  created $adff cell `$procdff$84785' with positive edge clock and negative level reset.
Creating register for signal `$paramod\gtsu_banked_sram_2client\BANKS=16\ROWS_PER_BANK=4\DATA_W=128\READ_LATENCY=3\TAG_W=4.\c1_tag_pipe[1]' using process `$paramod\gtsu_banked_sram_2client\BANKS=16\ROWS_PER_BANK=4\DATA_W=128\READ_LATENCY=3\TAG_W=4.$proc$architecture_simulator/rtl/vertical_slice/gtsu_banked_sram_2client.sv:75$1017'.
  created $adff cell `$procdff$84786' with positive edge clock and negative level reset.
Creating register for signal `$paramod\gtsu_banked_sram_2client\BANKS=16\ROWS_PER_BANK=4\DATA_W=128\READ_LATENCY=3\TAG_W=4.\c1_tag_pipe[2]' using process `$paramod\gtsu_banked_sram_2client\BANKS=16\ROWS_PER_BANK=4\DATA_W=128\READ_LATENCY=3\TAG_W=4.$proc$architecture_simulator/rtl/vertical_slice/gtsu_banked_sram_2client.sv:75$1017'.
  created $adff cell `$procdff$84787' with positive edge clock and negative level reset.
Creating register for signal `$paramod\gtsu_banked_sram_2client\BANKS=16\ROWS_PER_BANK=4\DATA_W=128\READ_LATENCY=3\TAG_W=4.\c0_bank_pipe[0]' using process `$paramod\gtsu_banked_sram_2client\BANKS=16\ROWS_PER_BANK=4\DATA_W=128\READ_LATENCY=3\TAG_W=4.$proc$architecture_simulator/rtl/vertical_slice/gtsu_banked_sram_2client.sv:75$1017'.
  created $adff cell `$procdff$84788' with positive edge clock and negative level reset.
Creating register for signal `$paramod\gtsu_banked_sram_2client\BANKS=16\ROWS_PER_BANK=4\DATA_W=128\READ_LATENCY=3\TAG_W=4.\c0_bank_pipe[1]' using process `$paramod\gtsu_banked_sram_2client\BANKS=16\ROWS_PER_BANK=4\DATA_W=128\READ_LATENCY=3\TAG_W=4.$proc$architecture_simulator/rtl/vertical_slice/gtsu_banked_sram_2client.sv:75$1017'.
  created $adff cell `$procdff$84789' with positive edge clock and negative level reset.
Creating register for signal `$paramod\gtsu_banked_sram_2client\BANKS=16\ROWS_PER_BANK=4\DATA_W=128\READ_LATENCY=3\TAG_W=4.\c0_bank_pipe[2]' using process `$paramod\gtsu_banked_sram_2client\BANKS=16\ROWS_PER_BANK=4\DATA_W=128\READ_LATENCY=3\TAG_W=4.$proc$architecture_simulator/rtl/vertical_slice/gtsu_banked_sram_2client.sv:75$1017'.
  created $adff cell `$procdff$84790' with positive edge clock and negative level reset.
Creating register for signal `$paramod\gtsu_banked_sram_2client\BANKS=16\ROWS_PER_BANK=4\DATA_W=128\READ_LATENCY=3\TAG_W=4.\c1_bank_pipe[0]' using process `$paramod\gtsu_banked_sram_2client\BANKS=16\ROWS_PER_BANK=4\DATA_W=128\READ_LATENCY=3\TAG_W=4.$proc$architecture_simulator/rtl/vertical_slice/gtsu_banked_sram_2client.sv:75$1017'.
  created $adff cell `$procdff$84791' with positive edge clock and negative level reset.
Creating register for signal `$paramod\gtsu_banked_sram_2client\BANKS=16\ROWS_PER_BANK=4\DATA_W=128\READ_LATENCY=3\TAG_W=4.\c1_bank_pipe[1]' using process `$paramod\gtsu_banked_sram_2client\BANKS=16\ROWS_PER_BANK=4\DATA_W=128\READ_LATENCY=3\TAG_W=4.$proc$architecture_simulator/rtl/vertical_slice/gtsu_banked_sram_2client.sv:75$1017'.
  created $adff cell `$procdff$84792' with positive edge clock and negative level reset.
Creating register for signal `$paramod\gtsu_banked_sram_2client\BANKS=16\ROWS_PER_BANK=4\DATA_W=128\READ_LATENCY=3\TAG_W=4.\c1_bank_pipe[2]' using process `$paramod\gtsu_banked_sram_2client\BANKS=16\ROWS_PER_BANK=4\DATA_W=128\READ_LATENCY=3\TAG_W=4.$proc$architecture_simulator/rtl/vertical_slice/gtsu_banked_sram_2client.sv:75$1017'.
  created $adff cell `$procdff$84793' with positive edge clock and negative level reset.
Creating register for signal `$paramod\gtsu_banked_sram_2client\BANKS=16\ROWS_PER_BANK=4\DATA_W=128\READ_LATENCY=3\TAG_W=4.\c0_row_pipe[0]' using process `$paramod\gtsu_banked_sram_2client\BANKS=16\ROWS_PER_BANK=4\DATA_W=128\READ_LATENCY=3\TAG_W=4.$proc$architecture_simulator/rtl/vertical_slice/gtsu_banked_sram_2client.sv:75$1017'.
  created $adff cell `$procdff$84794' with positive edge clock and negative level reset.
Creating register for signal `$paramod\gtsu_banked_sram_2client\BANKS=16\ROWS_PER_BANK=4\DATA_W=128\READ_LATENCY=3\TAG_W=4.\c0_row_pipe[1]' using process `$paramod\gtsu_banked_sram_2client\BANKS=16\ROWS_PER_BANK=4\DATA_W=128\READ_LATENCY=3\TAG_W=4.$proc$architecture_simulator/rtl/vertical_slice/gtsu_banked_sram_2client.sv:75$1017'.
  created $adff cell `$procdff$84795' with positive edge clock and negative level reset.
Creating register for signal `$paramod\gtsu_banked_sram_2client\BANKS=16\ROWS_PER_BANK=4\DATA_W=128\READ_LATENCY=3\TAG_W=4.\c0_row_pipe[2]' using process `$paramod\gtsu_banked_sram_2client\BANKS=16\ROWS_PER_BANK=4\DATA_W=128\READ_LATENCY=3\TAG_W=4.$proc$architecture_simulator/rtl/vertical_slice/gtsu_banked_sram_2client.sv:75$1017'.
  created $adff cell `$procdff$84796' with positive edge clock and negative level reset.
Creating register for signal `$paramod\gtsu_banked_sram_2client\BANKS=16\ROWS_PER_BANK=4\DATA_W=128\READ_LATENCY=3\TAG_W=4.\c1_row_pipe[0]' using process `$paramod\gtsu_banked_sram_2client\BANKS=16\ROWS_PER_BANK=4\DATA_W=128\READ_LATENCY=3\TAG_W=4.$proc$architecture_simulator/rtl/vertical_slice/gtsu_banked_sram_2client.sv:75$1017'.
  created $adff cell `$procdff$84797' with positive edge clock and negative level reset.
Creating register for signal `$paramod\gtsu_banked_sram_2client\BANKS=16\ROWS_PER_BANK=4\DATA_W=128\READ_LATENCY=3\TAG_W=4.\c1_row_pipe[1]' using process `$paramod\gtsu_banked_sram_2client\BANKS=16\ROWS_PER_BANK=4\DATA_W=128\READ_LATENCY=3\TAG_W=4.$proc$architecture_simulator/rtl/vertical_slice/gtsu_banked_sram_2client.sv:75$1017'.
  created $adff cell `$procdff$84798' with positive edge clock and negative level reset.
Creating register for signal `$paramod\gtsu_banked_sram_2client\BANKS=16\ROWS_PER_BANK=4\DATA_W=128\READ_LATENCY=3\TAG_W=4.\c1_row_pipe[2]' using process `$paramod\gtsu_banked_sram_2client\BANKS=16\ROWS_PER_BANK=4\DATA_W=128\READ_LATENCY=3\TAG_W=4.$proc$architecture_simulator/rtl/vertical_slice/gtsu_banked_sram_2client.sv:75$1017'.
  created $adff cell `$procdff$84799' with positive edge clock and negative level reset.
Creating register for signal `$paramod\gtsu_banked_sram_2client\BANKS=16\ROWS_PER_BANK=4\DATA_W=128\READ_LATENCY=3\TAG_W=4.\c0_data_pipe[0]' using process `$paramod\gtsu_banked_sram_2client\BANKS=16\ROWS_PER_BANK=4\DATA_W=128\READ_LATENCY=3\TAG_W=4.$proc$architecture_simulator/rtl/vertical_slice/gtsu_banked_sram_2client.sv:75$1017'.
  created $adff cell `$procdff$84800' with positive edge clock and negative level reset.
Creating register for signal `$paramod\gtsu_banked_sram_2client\BANKS=16\ROWS_PER_BANK=4\DATA_W=128\READ_LATENCY=3\TAG_W=4.\c0_data_pipe[1]' using process `$paramod\gtsu_banked_sram_2client\BANKS=16\ROWS_PER_BANK=4\DATA_W=128\READ_LATENCY=3\TAG_W=4.$proc$architecture_simulator/rtl/vertical_slice/gtsu_banked_sram_2client.sv:75$1017'.
  created $adff cell `$procdff$84801' with positive edge clock and negative level reset.
Creating register for signal `$paramod\gtsu_banked_sram_2client\BANKS=16\ROWS_PER_BANK=4\DATA_W=128\READ_LATENCY=3\TAG_W=4.\c0_data_pipe[2]' using process `$paramod\gtsu_banked_sram_2client\BANKS=16\ROWS_PER_BANK=4\DATA_W=128\READ_LATENCY=3\TAG_W=4.$proc$architecture_simulator/rtl/vertical_slice/gtsu_banked_sram_2client.sv:75$1017'.
  created $adff cell `$procdff$84802' with positive edge clock and negative level reset.
Creating register for signal `$paramod\gtsu_banked_sram_2client\BANKS=16\ROWS_PER_BANK=4\DATA_W=128\READ_LATENCY=3\TAG_W=4.\c1_data_pipe[0]' using process `$paramod\gtsu_banked_sram_2client\BANKS=16\ROWS_PER_BANK=4\DATA_W=128\READ_LATENCY=3\TAG_W=4.$proc$architecture_simulator/rtl/vertical_slice/gtsu_banked_sram_2client.sv:75$1017'.
  created $adff cell `$procdff$84803' with positive edge clock and negative level reset.
Creating register for signal `$paramod\gtsu_banked_sram_2client\BANKS=16\ROWS_PER_BANK=4\DATA_W=128\READ_LATENCY=3\TAG_W=4.\c1_data_pipe[1]' using process `$paramod\gtsu_banked_sram_2client\BANKS=16\ROWS_PER_BANK=4\DATA_W=128\READ_LATENCY=3\TAG_W=4.$proc$architecture_simulator/rtl/vertical_slice/gtsu_banked_sram_2client.sv:75$1017'.
  created $adff cell `$procdff$84804' with positive edge clock and negative level reset.
Creating register for signal `$paramod\gtsu_banked_sram_2client\BANKS=16\ROWS_PER_BANK=4\DATA_W=128\READ_LATENCY=3\TAG_W=4.\c1_data_pipe[2]' using process `$paramod\gtsu_banked_sram_2client\BANKS=16\ROWS_PER_BANK=4\DATA_W=128\READ_LATENCY=3\TAG_W=4.$proc$architecture_simulator/rtl/vertical_slice/gtsu_banked_sram_2client.sv:75$1017'.
  created $adff cell `$procdff$84805' with positive edge clock and negative level reset.
Creating register for signal `$paramod\gtsu_banked_sram_2client\BANKS=16\ROWS_PER_BANK=4\DATA_W=128\READ_LATENCY=3\TAG_W=4.\memory[0]' using process `$paramod\gtsu_banked_sram_2client\BANKS=16\ROWS_PER_BANK=4\DATA_W=128\READ_LATENCY=3\TAG_W=4.$proc$architecture_simulator/rtl/vertical_slice/gtsu_banked_sram_2client.sv:75$1017'.
  created $dff cell `$procdff$84806' with positive edge clock.
Creating register for signal `$paramod\gtsu_banked_sram_2client\BANKS=16\ROWS_PER_BANK=4\DATA_W=128\READ_LATENCY=3\TAG_W=4.\memory[1]' using process `$paramod\gtsu_banked_sram_2client\BANKS=16\ROWS_PER_BANK=4\DATA_W=128\READ_LATENCY=3\TAG_W=4.$proc$architecture_simulator/rtl/vertical_slice/gtsu_banked_sram_2client.sv:75$1017'.
  created $dff cell `$procdff$84807' with positive edge clock.
Creating register for signal `$paramod\gtsu_banked_sram_2client\BANKS=16\ROWS_PER_BANK=4\DATA_W=128\READ_LATENCY=3\TAG_W=4.\memory[2]' using process `$paramod\gtsu_banked_sram_2client\BANKS=16\ROWS_PER_BANK=4\DATA_W=128\READ_LATENCY=3\TAG_W=4.$proc$architecture_simulator/rtl/vertical_slice/gtsu_banked_sram_2client.sv:75$1017'.
  created $dff cell `$procdff$84808' with positive edge clock.
Creating register for signal `$paramod\gtsu_banked_sram_2client\BANKS=16\ROWS_PER_BANK=4\DATA_W=128\READ_LATENCY=3\TAG_W=4.\memory[3]' using process `$paramod\gtsu_banked_sram_2client\BANKS=16\ROWS_PER_BANK=4\DATA_W=128\READ_LATENCY=3\TAG_W=4.$proc$architecture_simulator/rtl/vertical_slice/gtsu_banked_sram_2client.sv:75$1017'.
  created $dff cell `$procdff$84809' with positive edge clock.
Creating register for signal `$paramod\gtsu_banked_sram_2client\BANKS=16\ROWS_PER_BANK=4\DATA_W=128\READ_LATENCY=3\TAG_W=4.\memory[4]' using process `$paramod\gtsu_banked_sram_2client\BANKS=16\ROWS_PER_BANK=4\DATA_W=128\READ_LATENCY=3\TAG_W=4.$proc$architecture_simulator/rtl/vertical_slice/gtsu_banked_sram_2client.sv:75$1017'.
  created $dff cell `$procdff$84810' with positive edge clock.
Creating register for signal `$paramod\gtsu_banked_sram_2client\BANKS=16\ROWS_PER_BANK=4\DATA_W=128\READ_LATENCY=3\TAG_W=4.\memory[5]' using process `$paramod\gtsu_banked_sram_2client\BANKS=16\ROWS_PER_BANK=4\DATA_W=128\READ_LATENCY=3\TAG_W=4.$proc$architecture_simulator/rtl/vertical_slice/gtsu_banked_sram_2client.sv:75$1017'.
  created $dff cell `$procdff$84811' with positive edge clock.
Creating register for signal `$paramod\gtsu_banked_sram_2client\BANKS=16\ROWS_PER_BANK=4\DATA_W=128\READ_LATENCY=3\TAG_W=4.\memory[6]' using process `$paramod\gtsu_banked_sram_2client\BANKS=16\ROWS_PER_BANK=4\DATA_W=128\READ_LATENCY=3\TAG_W=4.$proc$architecture_simulator/rtl/vertical_slice/gtsu_banked_sram_2client.sv:75$1017'.
  created $dff cell `$procdff$84812' with positive edge clock.
Creating register for signal `$paramod\gtsu_banked_sram_2client\BANKS=16\ROWS_PER_BANK=4\DATA_W=128\READ_LATENCY=3\TAG_W=4.\memory[7]' using process `$paramod\gtsu_banked_sram_2client\BANKS=16\ROWS_PER_BANK=4\DATA_W=128\READ_LATENCY=3\TAG_W=4.$proc$architecture_simulator/rtl/vertical_slice/gtsu_banked_sram_2client.sv:75$1017'.
  created $dff cell `$procdff$84813' with positive edge clock.
Creating register for signal `$paramod\gtsu_banked_sram_2client\BANKS=16\ROWS_PER_BANK=4\DATA_W=128\READ_LATENCY=3\TAG_W=4.\memory[8]' using process `$paramod\gtsu_banked_sram_2client\BANKS=16\ROWS_PER_BANK=4\DATA_W=128\READ_LATENCY=3\TAG_W=4.$proc$architecture_simulator/rtl/vertical_slice/gtsu_banked_sram_2client.sv:75$1017'.
  created $dff cell `$procdff$84814' with positive edge clock.
Creating register for signal `$paramod\gtsu_banked_sram_2client\BANKS=16\ROWS_PER_BANK=4\DATA_W=128\READ_LATENCY=3\TAG_W=4.\memory[9]' using process `$paramod\gtsu_banked_sram_2client\BANKS=16\ROWS_PER_BANK=4\DATA_W=128\READ_LATENCY=3\TAG_W=4.$proc$architecture_simulator/rtl/vertical_slice/gtsu_banked_sram_2client.sv:75$1017'.
  created $dff cell `$procdff$84815' with positive edge clock.
Creating register for signal `$paramod\gtsu_banked_sram_2client\BANKS=16\ROWS_PER_BANK=4\DATA_W=128\READ_LATENCY=3\TAG_W=4.\memory[10]' using process `$paramod\gtsu_banked_sram_2client\BANKS=16\ROWS_PER_BANK=4\DATA_W=128\READ_LATENCY=3\TAG_W=4.$proc$architecture_simulator/rtl/vertical_slice/gtsu_banked_sram_2client.sv:75$1017'.
  created $dff cell `$procdff$84816' with positive edge clock.
Creating register for signal `$paramod\gtsu_banked_sram_2client\BANKS=16\ROWS_PER_BANK=4\DATA_W=128\READ_LATENCY=3\TAG_W=4.\memory[11]' using process `$paramod\gtsu_banked_sram_2client\BANKS=16\ROWS_PER_BANK=4\DATA_W=128\READ_LATENCY=3\TAG_W=4.$proc$architecture_simulator/rtl/vertical_slice/gtsu_banked_sram_2client.sv:75$1017'.
  created $dff cell `$procdff$84817' with positive edge clock.
Creating register for signal `$paramod\gtsu_banked_sram_2client\BANKS=16\ROWS_PER_BANK=4\DATA_W=128\READ_LATENCY=3\TAG_W=4.\memory[12]' using process `$paramod\gtsu_banked_sram_2client\BANKS=16\ROWS_PER_BANK=4\DATA_W=128\READ_LATENCY=3\TAG_W=4.$proc$architecture_simulator/rtl/vertical_slice/gtsu_banked_sram_2client.sv:75$1017'.
  created $dff cell `$procdff$84818' with positive edge clock.
Creating register for signal `$paramod\gtsu_banked_sram_2client\BANKS=16\ROWS_PER_BANK=4\DATA_W=128\READ_LATENCY=3\TAG_W=4.\memory[13]' using process `$paramod\gtsu_banked_sram_2client\BANKS=16\ROWS_PER_BANK=4\DATA_W=128\READ_LATENCY=3\TAG_W=4.$proc$architecture_simulator/rtl/vertical_slice/gtsu_banked_sram_2client.sv:75$1017'.
  created $dff cell `$procdff$84819' with positive edge clock.
Creating register for signal `$paramod\gtsu_banked_sram_2client\BANKS=16\ROWS_PER_BANK=4\DATA_W=128\READ_LATENCY=3\TAG_W=4.\memory[14]' using process `$paramod\gtsu_banked_sram_2client\BANKS=16\ROWS_PER_BANK=4\DATA_W=128\READ_LATENCY=3\TAG_W=4.$proc$architecture_simulator/rtl/vertical_slice/gtsu_banked_sram_2client.sv:75$1017'.
  created $dff cell `$procdff$84820' with positive edge clock.
Creating register for signal `$paramod\gtsu_banked_sram_2client\BANKS=16\ROWS_PER_BANK=4\DATA_W=128\READ_LATENCY=3\TAG_W=4.\memory[15]' using process `$paramod\gtsu_banked_sram_2client\BANKS=16\ROWS_PER_BANK=4\DATA_W=128\READ_LATENCY=3\TAG_W=4.$proc$architecture_simulator/rtl/vertical_slice/gtsu_banked_sram_2client.sv:75$1017'.
  created $dff cell `$procdff$84821' with positive edge clock.
Creating register for signal `$paramod\gtsu_banked_sram_2client\BANKS=16\ROWS_PER_BANK=4\DATA_W=128\READ_LATENCY=3\TAG_W=4.\memory[16]' using process `$paramod\gtsu_banked_sram_2client\BANKS=16\ROWS_PER_BANK=4\DATA_W=128\READ_LATENCY=3\TAG_W=4.$proc$architecture_simulator/rtl/vertical_slice/gtsu_banked_sram_2client.sv:75$1017'.
  created $dff cell `$procdff$84822' with positive edge clock.
Creating register for signal `$paramod\gtsu_banked_sram_2client\BANKS=16\ROWS_PER_BANK=4\DATA_W=128\READ_LATENCY=3\TAG_W=4.\memory[17]' using process `$paramod\gtsu_banked_sram_2client\BANKS=16\ROWS_PER_BANK=4\DATA_W=128\READ_LATENCY=3\TAG_W=4.$proc$architecture_simulator/rtl/vertical_slice/gtsu_banked_sram_2client.sv:75$1017'.
  created $dff cell `$procdff$84823' with positive edge clock.
Creating register for signal `$paramod\gtsu_banked_sram_2client\BANKS=16\ROWS_PER_BANK=4\DATA_W=128\READ_LATENCY=3\TAG_W=4.\memory[18]' using process `$paramod\gtsu_banked_sram_2client\BANKS=16\ROWS_PER_BANK=4\DATA_W=128\READ_LATENCY=3\TAG_W=4.$proc$architecture_simulator/rtl/vertical_slice/gtsu_banked_sram_2client.sv:75$1017'.
  created $dff cell `$procdff$84824' with positive edge clock.
Creating register for signal `$paramod\gtsu_banked_sram_2client\BANKS=16\ROWS_PER_BANK=4\DATA_W=128\READ_LATENCY=3\TAG_W=4.\memory[19]' using process `$paramod\gtsu_banked_sram_2client\BANKS=16\ROWS_PER_BANK=4\DATA_W=128\READ_LATENCY=3\TAG_W=4.$proc$architecture_simulator/rtl/vertical_slice/gtsu_banked_sram_2client.sv:75$1017'.
  created $dff cell `$procdff$84825' with positive edge clock.
Creating register for signal `$paramod\gtsu_banked_sram_2client\BANKS=16\ROWS_PER_BANK=4\DATA_W=128\READ_LATENCY=3\TAG_W=4.\memory[20]' using process `$paramod\gtsu_banked_sram_2client\BANKS=16\ROWS_PER_BANK=4\DATA_W=128\READ_LATENCY=3\TAG_W=4.$proc$architecture_simulator/rtl/vertical_slice/gtsu_banked_sram_2client.sv:75$1017'.
  created $dff cell `$procdff$84826' with positive edge clock.
Creating register for signal `$paramod\gtsu_banked_sram_2client\BANKS=16\ROWS_PER_BANK=4\DATA_W=128\READ_LATENCY=3\TAG_W=4.\memory[21]' using process `$paramod\gtsu_banked_sram_2client\BANKS=16\ROWS_PER_BANK=4\DATA_W=128\READ_LATENCY=3\TAG_W=4.$proc$architecture_simulator/rtl/vertical_slice/gtsu_banked_sram_2client.sv:75$1017'.
  created $dff cell `$procdff$84827' with positive edge clock.
Creating register for signal `$paramod\gtsu_banked_sram_2client\BANKS=16\ROWS_PER_BANK=4\DATA_W=128\READ_LATENCY=3\TAG_W=4.\memory[22]' using process `$paramod\gtsu_banked_sram_2client\BANKS=16\ROWS_PER_BANK=4\DATA_W=128\READ_LATENCY=3\TAG_W=4.$proc$architecture_simulator/rtl/vertical_slice/gtsu_banked_sram_2client.sv:75$1017'.
  created $dff cell `$procdff$84828' with positive edge clock.
Creating register for signal `$paramod\gtsu_banked_sram_2client\BANKS=16\ROWS_PER_BANK=4\DATA_W=128\READ_LATENCY=3\TAG_W=4.\memory[23]' using process `$paramod\gtsu_banked_sram_2client\BANKS=16\ROWS_PER_BANK=4\DATA_W=128\READ_LATENCY=3\TAG_W=4.$proc$architecture_simulator/rtl/vertical_slice/gtsu_banked_sram_2client.sv:75$1017'.
  created $dff cell `$procdff$84829' with positive edge clock.
Creating register for signal `$paramod\gtsu_banked_sram_2client\BANKS=16\ROWS_PER_BANK=4\DATA_W=128\READ_LATENCY=3\TAG_W=4.\memory[24]' using process `$paramod\gtsu_banked_sram_2client\BANKS=16\ROWS_PER_BANK=4\DATA_W=128\READ_LATENCY=3\TAG_W=4.$proc$architecture_simulator/rtl/vertical_slice/gtsu_banked_sram_2client.sv:75$1017'.
  created $dff cell `$procdff$84830' with positive edge clock.
Creating register for signal `$paramod\gtsu_banked_sram_2client\BANKS=16\ROWS_PER_BANK=4\DATA_W=128\READ_LATENCY=3\TAG_W=4.\memory[25]' using process `$paramod\gtsu_banked_sram_2client\BANKS=16\ROWS_PER_BANK=4\DATA_W=128\READ_LATENCY=3\TAG_W=4.$proc$architecture_simulator/rtl/vertical_slice/gtsu_banked_sram_2client.sv:75$1017'.
  created $dff cell `$procdff$84831' with positive edge clock.
Creating register for signal `$paramod\gtsu_banked_sram_2client\BANKS=16\ROWS_PER_BANK=4\DATA_W=128\READ_LATENCY=3\TAG_W=4.\memory[26]' using process `$paramod\gtsu_banked_sram_2client\BANKS=16\ROWS_PER_BANK=4\DATA_W=128\READ_LATENCY=3\TAG_W=4.$proc$architecture_simulator/rtl/vertical_slice/gtsu_banked_sram_2client.sv:75$1017'.
  created $dff cell `$procdff$84832' with positive edge clock.
Creating register for signal `$paramod\gtsu_banked_sram_2client\BANKS=16\ROWS_PER_BANK=4\DATA_W=128\READ_LATENCY=3\TAG_W=4.\memory[27]' using process `$paramod\gtsu_banked_sram_2client\BANKS=16\ROWS_PER_BANK=4\DATA_W=128\READ_LATENCY=3\TAG_W=4.$proc$architecture_simulator/rtl/vertical_slice/gtsu_banked_sram_2client.sv:75$1017'.
  created $dff cell `$procdff$84833' with positive edge clock.
Creating register for signal `$paramod\gtsu_banked_sram_2client\BANKS=16\ROWS_PER_BANK=4\DATA_W=128\READ_LATENCY=3\TAG_W=4.\memory[28]' using process `$paramod\gtsu_banked_sram_2client\BANKS=16\ROWS_PER_BANK=4\DATA_W=128\READ_LATENCY=3\TAG_W=4.$proc$architecture_simulator/rtl/vertical_slice/gtsu_banked_sram_2client.sv:75$1017'.
  created $dff cell `$procdff$84834' with positive edge clock.
Creating register for signal `$paramod\gtsu_banked_sram_2client\BANKS=16\ROWS_PER_BANK=4\DATA_W=128\READ_LATENCY=3\TAG_W=4.\memory[29]' using process `$paramod\gtsu_banked_sram_2client\BANKS=16\ROWS_PER_BANK=4\DATA_W=128\READ_LATENCY=3\TAG_W=4.$proc$architecture_simulator/rtl/vertical_slice/gtsu_banked_sram_2client.sv:75$1017'.
  created $dff cell `$procdff$84835' with positive edge clock.
Creating register for signal `$paramod\gtsu_banked_sram_2client\BANKS=16\ROWS_PER_BANK=4\DATA_W=128\READ_LATENCY=3\TAG_W=4.\memory[30]' using process `$paramod\gtsu_banked_sram_2client\BANKS=16\ROWS_PER_BANK=4\DATA_W=128\READ_LATENCY=3\TAG_W=4.$proc$architecture_simulator/rtl/vertical_slice/gtsu_banked_sram_2client.sv:75$1017'.
  created $dff cell `$procdff$84836' with positive edge clock.
Creating register for signal `$paramod\gtsu_banked_sram_2client\BANKS=16\ROWS_PER_BANK=4\DATA_W=128\READ_LATENCY=3\TAG_W=4.\memory[31]' using process `$paramod\gtsu_banked_sram_2client\BANKS=16\ROWS_PER_BANK=4\DATA_W=128\READ_LATENCY=3\TAG_W=4.$proc$architecture_simulator/rtl/vertical_slice/gtsu_banked_sram_2client.sv:75$1017'.
  created $dff cell `$procdff$84837' with positive edge clock.
Creating register for signal `$paramod\gtsu_banked_sram_2client\BANKS=16\ROWS_PER_BANK=4\DATA_W=128\READ_LATENCY=3\TAG_W=4.\memory[38]' using process `$paramod\gtsu_banked_sram_2client\BANKS=16\ROWS_PER_BANK=4\DATA_W=128\READ_LATENCY=3\TAG_W=4.$proc$architecture_simulator/rtl/vertical_slice/gtsu_banked_sram_2client.sv:75$1017'.
  created $dff cell `$procdff$84838' with positive edge clock.
Creating register for signal `$paramod\gtsu_banked_sram_2client\BANKS=16\ROWS_PER_BANK=4\DATA_W=128\READ_LATENCY=3\TAG_W=4.\memory[32]' using process `$paramod\gtsu_banked_sram_2client\BANKS=16\ROWS_PER_BANK=4\DATA_W=128\READ_LATENCY=3\TAG_W=4.$proc$architecture_simulator/rtl/vertical_slice/gtsu_banked_sram_2client.sv:75$1017'.
  created $dff cell `$procdff$84839' with positive edge clock.
Creating register for signal `$paramod\gtsu_banked_sram_2client\BANKS=16\ROWS_PER_BANK=4\DATA_W=128\READ_LATENCY=3\TAG_W=4.\memory[35]' using process `$paramod\gtsu_banked_sram_2client\BANKS=16\ROWS_PER_BANK=4\DATA_W=128\READ_LATENCY=3\TAG_W=4.$proc$architecture_simulator/rtl/vertical_slice/gtsu_banked_sram_2client.sv:75$1017'.
  created $dff cell `$procdff$84840' with positive edge clock.
Creating register for signal `$paramod\gtsu_banked_sram_2client\BANKS=16\ROWS_PER_BANK=4\DATA_W=128\READ_LATENCY=3\TAG_W=4.\memory[36]' using process `$paramod\gtsu_banked_sram_2client\BANKS=16\ROWS_PER_BANK=4\DATA_W=128\READ_LATENCY=3\TAG_W=4.$proc$architecture_simulator/rtl/vertical_slice/gtsu_banked_sram_2client.sv:75$1017'.
  created $dff cell `$procdff$84841' with positive edge clock.
Creating register for signal `$paramod\gtsu_banked_sram_2client\BANKS=16\ROWS_PER_BANK=4\DATA_W=128\READ_LATENCY=3\TAG_W=4.\memory[37]' using process `$paramod\gtsu_banked_sram_2client\BANKS=16\ROWS_PER_BANK=4\DATA_W=128\READ_LATENCY=3\TAG_W=4.$proc$architecture_simulator/rtl/vertical_slice/gtsu_banked_sram_2client.sv:75$1017'.
  created $dff cell `$procdff$84842' with positive edge clock.
Creating register for signal `$paramod\gtsu_banked_sram_2client\BANKS=16\ROWS_PER_BANK=4\DATA_W=128\READ_LATENCY=3\TAG_W=4.\memory[39]' using process `$paramod\gtsu_banked_sram_2client\BANKS=16\ROWS_PER_BANK=4\DATA_W=128\READ_LATENCY=3\TAG_W=4.$proc$architecture_simulator/rtl/vertical_slice/gtsu_banked_sram_2client.sv:75$1017'.
  created $dff cell `$procdff$84843' with positive edge clock.
Creating register for signal `$paramod\gtsu_banked_sram_2client\BANKS=16\ROWS_PER_BANK=4\DATA_W=128\READ_LATENCY=3\TAG_W=4.\memory[40]' using process `$paramod\gtsu_banked_sram_2client\BANKS=16\ROWS_PER_BANK=4\DATA_W=128\READ_LATENCY=3\TAG_W=4.$proc$architecture_simulator/rtl/vertical_slice/gtsu_banked_sram_2client.sv:75$1017'.
  created $dff cell `$procdff$84844' with positive edge clock.
Creating register for signal `$paramod\gtsu_banked_sram_2client\BANKS=16\ROWS_PER_BANK=4\DATA_W=128\READ_LATENCY=3\TAG_W=4.\memory[33]' using process `$paramod\gtsu_banked_sram_2client\BANKS=16\ROWS_PER_BANK=4\DATA_W=128\READ_LATENCY=3\TAG_W=4.$proc$architecture_simulator/rtl/vertical_slice/gtsu_banked_sram_2client.sv:75$1017'.
  created $dff cell `$procdff$84845' with positive edge clock.
Creating register for signal `$paramod\gtsu_banked_sram_2client\BANKS=16\ROWS_PER_BANK=4\DATA_W=128\READ_LATENCY=3\TAG_W=4.\memory[34]' using process `$paramod\gtsu_banked_sram_2client\BANKS=16\ROWS_PER_BANK=4\DATA_W=128\READ_LATENCY=3\TAG_W=4.$proc$architecture_simulator/rtl/vertical_slice/gtsu_banked_sram_2client.sv:75$1017'.
  created $dff cell `$procdff$84846' with positive edge clock.
Creating register for signal `$paramod\gtsu_banked_sram_2client\BANKS=16\ROWS_PER_BANK=4\DATA_W=128\READ_LATENCY=3\TAG_W=4.\memory[41]' using process `$paramod\gtsu_banked_sram_2client\BANKS=16\ROWS_PER_BANK=4\DATA_W=128\READ_LATENCY=3\TAG_W=4.$proc$architecture_simulator/rtl/vertical_slice/gtsu_banked_sram_2client.sv:75$1017'.
  created $dff cell `$procdff$84847' with positive edge clock.
Creating register for signal `$paramod\gtsu_banked_sram_2client\BANKS=16\ROWS_PER_BANK=4\DATA_W=128\READ_LATENCY=3\TAG_W=4.\memory[42]' using process `$paramod\gtsu_banked_sram_2client\BANKS=16\ROWS_PER_BANK=4\DATA_W=128\READ_LATENCY=3\TAG_W=4.$proc$architecture_simulator/rtl/vertical_slice/gtsu_banked_sram_2client.sv:75$1017'.
  created $dff cell `$procdff$84848' with positive edge clock.
Creating register for signal `$paramod\gtsu_banked_sram_2client\BANKS=16\ROWS_PER_BANK=4\DATA_W=128\READ_LATENCY=3\TAG_W=4.\memory[43]' using process `$paramod\gtsu_banked_sram_2client\BANKS=16\ROWS_PER_BANK=4\DATA_W=128\READ_LATENCY=3\TAG_W=4.$proc$architecture_simulator/rtl/vertical_slice/gtsu_banked_sram_2client.sv:75$1017'.
  created $dff cell `$procdff$84849' with positive edge clock.
Creating register for signal `$paramod\gtsu_banked_sram_2client\BANKS=16\ROWS_PER_BANK=4\DATA_W=128\READ_LATENCY=3\TAG_W=4.\memory[44]' using process `$paramod\gtsu_banked_sram_2client\BANKS=16\ROWS_PER_BANK=4\DATA_W=128\READ_LATENCY=3\TAG_W=4.$proc$architecture_simulator/rtl/vertical_slice/gtsu_banked_sram_2client.sv:75$1017'.
  created $dff cell `$procdff$84850' with positive edge clock.
Creating register for signal `$paramod\gtsu_banked_sram_2client\BANKS=16\ROWS_PER_BANK=4\DATA_W=128\READ_LATENCY=3\TAG_W=4.\memory[45]' using process `$paramod\gtsu_banked_sram_2client\BANKS=16\ROWS_PER_BANK=4\DATA_W=128\READ_LATENCY=3\TAG_W=4.$proc$architecture_simulator/rtl/vertical_slice/gtsu_banked_sram_2client.sv:75$1017'.
  created $dff cell `$procdff$84851' with positive edge clock.
Creating register for signal `$paramod\gtsu_banked_sram_2client\BANKS=16\ROWS_PER_BANK=4\DATA_W=128\READ_LATENCY=3\TAG_W=4.\memory[46]' using process `$paramod\gtsu_banked_sram_2client\BANKS=16\ROWS_PER_BANK=4\DATA_W=128\READ_LATENCY=3\TAG_W=4.$proc$architecture_simulator/rtl/vertical_slice/gtsu_banked_sram_2client.sv:75$1017'.
  created $dff cell `$procdff$84852' with positive edge clock.
Creating register for signal `$paramod\gtsu_banked_sram_2client\BANKS=16\ROWS_PER_BANK=4\DATA_W=128\READ_LATENCY=3\TAG_W=4.\memory[47]' using process `$paramod\gtsu_banked_sram_2client\BANKS=16\ROWS_PER_BANK=4\DATA_W=128\READ_LATENCY=3\TAG_W=4.$proc$architecture_simulator/rtl/vertical_slice/gtsu_banked_sram_2client.sv:75$1017'.
  created $dff cell `$procdff$84853' with positive edge clock.
Creating register for signal `$paramod\gtsu_banked_sram_2client\BANKS=16\ROWS_PER_BANK=4\DATA_W=128\READ_LATENCY=3\TAG_W=4.\memory[48]' using process `$paramod\gtsu_banked_sram_2client\BANKS=16\ROWS_PER_BANK=4\DATA_W=128\READ_LATENCY=3\TAG_W=4.$proc$architecture_simulator/rtl/vertical_slice/gtsu_banked_sram_2client.sv:75$1017'.
  created $dff cell `$procdff$84854' with positive edge clock.
Creating register for signal `$paramod\gtsu_banked_sram_2client\BANKS=16\ROWS_PER_BANK=4\DATA_W=128\READ_LATENCY=3\TAG_W=4.\memory[49]' using process `$paramod\gtsu_banked_sram_2client\BANKS=16\ROWS_PER_BANK=4\DATA_W=128\READ_LATENCY=3\TAG_W=4.$proc$architecture_simulator/rtl/vertical_slice/gtsu_banked_sram_2client.sv:75$1017'.
  created $dff cell `$procdff$84855' with positive edge clock.
Creating register for signal `$paramod\gtsu_banked_sram_2client\BANKS=16\ROWS_PER_BANK=4\DATA_W=128\READ_LATENCY=3\TAG_W=4.\memory[50]' using process `$paramod\gtsu_banked_sram_2client\BANKS=16\ROWS_PER_BANK=4\DATA_W=128\READ_LATENCY=3\TAG_W=4.$proc$architecture_simulator/rtl/vertical_slice/gtsu_banked_sram_2client.sv:75$1017'.
  created $dff cell `$procdff$84856' with positive edge clock.
Creating register for signal `$paramod\gtsu_banked_sram_2client\BANKS=16\ROWS_PER_BANK=4\DATA_W=128\READ_LATENCY=3\TAG_W=4.\memory[51]' using process `$paramod\gtsu_banked_sram_2client\BANKS=16\ROWS_PER_BANK=4\DATA_W=128\READ_LATENCY=3\TAG_W=4.$proc$architecture_simulator/rtl/vertical_slice/gtsu_banked_sram_2client.sv:75$1017'.
  created $dff cell `$procdff$84857' with positive edge clock.
Creating register for signal `$paramod\gtsu_banked_sram_2client\BANKS=16\ROWS_PER_BANK=4\DATA_W=128\READ_LATENCY=3\TAG_W=4.\memory[52]' using process `$paramod\gtsu_banked_sram_2client\BANKS=16\ROWS_PER_BANK=4\DATA_W=128\READ_LATENCY=3\TAG_W=4.$proc$architecture_simulator/rtl/vertical_slice/gtsu_banked_sram_2client.sv:75$1017'.
  created $dff cell `$procdff$84858' with positive edge clock.
Creating register for signal `$paramod\gtsu_banked_sram_2client\BANKS=16\ROWS_PER_BANK=4\DATA_W=128\READ_LATENCY=3\TAG_W=4.\memory[53]' using process `$paramod\gtsu_banked_sram_2client\BANKS=16\ROWS_PER_BANK=4\DATA_W=128\READ_LATENCY=3\TAG_W=4.$proc$architecture_simulator/rtl/vertical_slice/gtsu_banked_sram_2client.sv:75$1017'.
  created $dff cell `$procdff$84859' with positive edge clock.
Creating register for signal `$paramod\gtsu_banked_sram_2client\BANKS=16\ROWS_PER_BANK=4\DATA_W=128\READ_LATENCY=3\TAG_W=4.\memory[54]' using process `$paramod\gtsu_banked_sram_2client\BANKS=16\ROWS_PER_BANK=4\DATA_W=128\READ_LATENCY=3\TAG_W=4.$proc$architecture_simulator/rtl/vertical_slice/gtsu_banked_sram_2client.sv:75$1017'.
  created $dff cell `$procdff$84860' with positive edge clock.
Creating register for signal `$paramod\gtsu_banked_sram_2client\BANKS=16\ROWS_PER_BANK=4\DATA_W=128\READ_LATENCY=3\TAG_W=4.\memory[55]' using process `$paramod\gtsu_banked_sram_2client\BANKS=16\ROWS_PER_BANK=4\DATA_W=128\READ_LATENCY=3\TAG_W=4.$proc$architecture_simulator/rtl/vertical_slice/gtsu_banked_sram_2client.sv:75$1017'.
  created $dff cell `$procdff$84861' with positive edge clock.
Creating register for signal `$paramod\gtsu_banked_sram_2client\BANKS=16\ROWS_PER_BANK=4\DATA_W=128\READ_LATENCY=3\TAG_W=4.\memory[56]' using process `$paramod\gtsu_banked_sram_2client\BANKS=16\ROWS_PER_BANK=4\DATA_W=128\READ_LATENCY=3\TAG_W=4.$proc$architecture_simulator/rtl/vertical_slice/gtsu_banked_sram_2client.sv:75$1017'.
  created $dff cell `$procdff$84862' with positive edge clock.
Creating register for signal `$paramod\gtsu_banked_sram_2client\BANKS=16\ROWS_PER_BANK=4\DATA_W=128\READ_LATENCY=3\TAG_W=4.\memory[57]' using process `$paramod\gtsu_banked_sram_2client\BANKS=16\ROWS_PER_BANK=4\DATA_W=128\READ_LATENCY=3\TAG_W=4.$proc$architecture_simulator/rtl/vertical_slice/gtsu_banked_sram_2client.sv:75$1017'.
  created $dff cell `$procdff$84863' with positive edge clock.
Creating register for signal `$paramod\gtsu_banked_sram_2client\BANKS=16\ROWS_PER_BANK=4\DATA_W=128\READ_LATENCY=3\TAG_W=4.\memory[58]' using process `$paramod\gtsu_banked_sram_2client\BANKS=16\ROWS_PER_BANK=4\DATA_W=128\READ_LATENCY=3\TAG_W=4.$proc$architecture_simulator/rtl/vertical_slice/gtsu_banked_sram_2client.sv:75$1017'.
  created $dff cell `$procdff$84864' with positive edge clock.
Creating register for signal `$paramod\gtsu_banked_sram_2client\BANKS=16\ROWS_PER_BANK=4\DATA_W=128\READ_LATENCY=3\TAG_W=4.\memory[59]' using process `$paramod\gtsu_banked_sram_2client\BANKS=16\ROWS_PER_BANK=4\DATA_W=128\READ_LATENCY=3\TAG_W=4.$proc$architecture_simulator/rtl/vertical_slice/gtsu_banked_sram_2client.sv:75$1017'.
  created $dff cell `$procdff$84865' with positive edge clock.
Creating register for signal `$paramod\gtsu_banked_sram_2client\BANKS=16\ROWS_PER_BANK=4\DATA_W=128\READ_LATENCY=3\TAG_W=4.\memory[60]' using process `$paramod\gtsu_banked_sram_2client\BANKS=16\ROWS_PER_BANK=4\DATA_W=128\READ_LATENCY=3\TAG_W=4.$proc$architecture_simulator/rtl/vertical_slice/gtsu_banked_sram_2client.sv:75$1017'.
  created $dff cell `$procdff$84866' with positive edge clock.
Creating register for signal `$paramod\gtsu_banked_sram_2client\BANKS=16\ROWS_PER_BANK=4\DATA_W=128\READ_LATENCY=3\TAG_W=4.\memory[61]' using process `$paramod\gtsu_banked_sram_2client\BANKS=16\ROWS_PER_BANK=4\DATA_W=128\READ_LATENCY=3\TAG_W=4.$proc$architecture_simulator/rtl/vertical_slice/gtsu_banked_sram_2client.sv:75$1017'.
  created $dff cell `$procdff$84867' with positive edge clock.
Creating register for signal `$paramod\gtsu_banked_sram_2client\BANKS=16\ROWS_PER_BANK=4\DATA_W=128\READ_LATENCY=3\TAG_W=4.\memory[62]' using process `$paramod\gtsu_banked_sram_2client\BANKS=16\ROWS_PER_BANK=4\DATA_W=128\READ_LATENCY=3\TAG_W=4.$proc$architecture_simulator/rtl/vertical_slice/gtsu_banked_sram_2client.sv:75$1017'.
  created $dff cell `$procdff$84868' with positive edge clock.
Creating register for signal `$paramod\gtsu_banked_sram_2client\BANKS=16\ROWS_PER_BANK=4\DATA_W=128\READ_LATENCY=3\TAG_W=4.\memory[63]' using process `$paramod\gtsu_banked_sram_2client\BANKS=16\ROWS_PER_BANK=4\DATA_W=128\READ_LATENCY=3\TAG_W=4.$proc$architecture_simulator/rtl/vertical_slice/gtsu_banked_sram_2client.sv:75$1017'.
  created $dff cell `$procdff$84869' with positive edge clock.
Creating register for signal `$paramod\gtsu_banked_sram_2client\BANKS=16\ROWS_PER_BANK=4\DATA_W=128\READ_LATENCY=3\TAG_W=4.$mem2reg_rd$\memory$architecture_simulator/rtl/vertical_slice/gtsu_banked_sram_2client.sv:108$975_ADDR' using process `$paramod\gtsu_banked_sram_2client\BANKS=16\ROWS_PER_BANK=4\DATA_W=128\READ_LATENCY=3\TAG_W=4.$proc$architecture_simulator/rtl/vertical_slice/gtsu_banked_sram_2client.sv:75$1017'.
  created $adff cell `$procdff$84870' with positive edge clock and negative level reset.
Creating register for signal `$paramod\gtsu_banked_sram_2client\BANKS=16\ROWS_PER_BANK=4\DATA_W=128\READ_LATENCY=3\TAG_W=4.$mem2reg_rd$\memory$architecture_simulator/rtl/vertical_slice/gtsu_banked_sram_2client.sv:108$975_DATA' using process `$paramod\gtsu_banked_sram_2client\BANKS=16\ROWS_PER_BANK=4\DATA_W=128\READ_LATENCY=3\TAG_W=4.$proc$architecture_simulator/rtl/vertical_slice/gtsu_banked_sram_2client.sv:75$1017'.
  created $adff cell `$procdff$84871' with positive edge clock and negative level reset.
Creating register for signal `$paramod\gtsu_banked_sram_2client\BANKS=16\ROWS_PER_BANK=4\DATA_W=128\READ_LATENCY=3\TAG_W=4.$mem2reg_rd$\memory$architecture_simulator/rtl/vertical_slice/gtsu_banked_sram_2client.sv:114$976_ADDR' using process `$paramod\gtsu_banked_sram_2client\BANKS=16\ROWS_PER_BANK=4\DATA_W=128\READ_LATENCY=3\TAG_W=4.$proc$architecture_simulator/rtl/vertical_slice/gtsu_banked_sram_2client.sv:75$1017'.
  created $adff cell `$procdff$84872' with positive edge clock and negative level reset.
Creating register for signal `$paramod\gtsu_banked_sram_2client\BANKS=16\ROWS_PER_BANK=4\DATA_W=128\READ_LATENCY=3\TAG_W=4.$mem2reg_rd$\memory$architecture_simulator/rtl/vertical_slice/gtsu_banked_sram_2client.sv:114$976_DATA' using process `$paramod\gtsu_banked_sram_2client\BANKS=16\ROWS_PER_BANK=4\DATA_W=128\READ_LATENCY=3\TAG_W=4.$proc$architecture_simulator/rtl/vertical_slice/gtsu_banked_sram_2client.sv:75$1017'.
  created $adff cell `$procdff$84873' with positive edge clock and negative level reset.
Creating register for signal `$paramod\gtsu_banked_sram_2client\BANKS=16\ROWS_PER_BANK=4\DATA_W=128\READ_LATENCY=3\TAG_W=4.$mem2reg_wr$\memory$architecture_simulator/rtl/vertical_slice/gtsu_banked_sram_2client.sv:120$977_ADDR' using process `$paramod\gtsu_banked_sram_2client\BANKS=16\ROWS_PER_BANK=4\DATA_W=128\READ_LATENCY=3\TAG_W=4.$proc$architecture_simulator/rtl/vertical_slice/gtsu_banked_sram_2client.sv:75$1017'.
  created $adff cell `$procdff$84874' with positive edge clock and negative level reset.
Creating register for signal `$paramod\gtsu_banked_sram_2client\BANKS=16\ROWS_PER_BANK=4\DATA_W=128\READ_LATENCY=3\TAG_W=4.$mem2reg_wr$\memory$architecture_simulator/rtl/vertical_slice/gtsu_banked_sram_2client.sv:120$977_DATA' using process `$paramod\gtsu_banked_sram_2client\BANKS=16\ROWS_PER_BANK=4\DATA_W=128\READ_LATENCY=3\TAG_W=4.$proc$architecture_simulator/rtl/vertical_slice/gtsu_banked_sram_2client.sv:75$1017'.
  created $adff cell `$procdff$84875' with positive edge clock and negative level reset.
Creating register for signal `$paramod\gtsu_banked_sram_2client\BANKS=16\ROWS_PER_BANK=4\DATA_W=128\READ_LATENCY=3\TAG_W=4.$mem2reg_wr$\memory$architecture_simulator/rtl/vertical_slice/gtsu_banked_sram_2client.sv:120$978_ADDR' using process `$paramod\gtsu_banked_sram_2client\BANKS=16\ROWS_PER_BANK=4\DATA_W=128\READ_LATENCY=3\TAG_W=4.$proc$architecture_simulator/rtl/vertical_slice/gtsu_banked_sram_2client.sv:75$1017'.
  created $adff cell `$procdff$84876' with positive edge clock and negative level reset.
Creating register for signal `$paramod\gtsu_banked_sram_2client\BANKS=16\ROWS_PER_BANK=4\DATA_W=128\READ_LATENCY=3\TAG_W=4.$mem2reg_wr$\memory$architecture_simulator/rtl/vertical_slice/gtsu_banked_sram_2client.sv:120$978_DATA' using process `$paramod\gtsu_banked_sram_2client\BANKS=16\ROWS_PER_BANK=4\DATA_W=128\READ_LATENCY=3\TAG_W=4.$proc$architecture_simulator/rtl/vertical_slice/gtsu_banked_sram_2client.sv:75$1017'.
  created $adff cell `$procdff$84877' with positive edge clock and negative level reset.
Creating register for signal `$paramod\gtsu_banked_sram_2client\BANKS=16\ROWS_PER_BANK=4\DATA_W=128\READ_LATENCY=3\TAG_W=4.$mem2reg_wr$\memory$architecture_simulator/rtl/vertical_slice/gtsu_banked_sram_2client.sv:120$979_ADDR' using process `$paramod\gtsu_banked_sram_2client\BANKS=16\ROWS_PER_BANK=4\DATA_W=128\READ_LATENCY=3\TAG_W=4.$proc$architecture_simulator/rtl/vertical_slice/gtsu_banked_sram_2client.sv:75$1017'.
  created $adff cell `$procdff$84878' with positive edge clock and negative level reset.
Creating register for signal `$paramod\gtsu_banked_sram_2client\BANKS=16\ROWS_PER_BANK=4\DATA_W=128\READ_LATENCY=3\TAG_W=4.$mem2reg_wr$\memory$architecture_simulator/rtl/vertical_slice/gtsu_banked_sram_2client.sv:120$979_DATA' using process `$paramod\gtsu_banked_sram_2client\BANKS=16\ROWS_PER_BANK=4\DATA_W=128\READ_LATENCY=3\TAG_W=4.$proc$architecture_simulator/rtl/vertical_slice/gtsu_banked_sram_2client.sv:75$1017'.
  created $adff cell `$procdff$84879' with positive edge clock and negative level reset.
Creating register for signal `$paramod\gtsu_banked_sram_2client\BANKS=16\ROWS_PER_BANK=4\DATA_W=128\READ_LATENCY=3\TAG_W=4.$mem2reg_wr$\memory$architecture_simulator/rtl/vertical_slice/gtsu_banked_sram_2client.sv:120$980_ADDR' using process `$paramod\gtsu_banked_sram_2client\BANKS=16\ROWS_PER_BANK=4\DATA_W=128\READ_LATENCY=3\TAG_W=4.$proc$architecture_simulator/rtl/vertical_slice/gtsu_banked_sram_2client.sv:75$1017'.
  created $adff cell `$procdff$84880' with positive edge clock and negative level reset.
Creating register for signal `$paramod\gtsu_banked_sram_2client\BANKS=16\ROWS_PER_BANK=4\DATA_W=128\READ_LATENCY=3\TAG_W=4.$mem2reg_wr$\memory$architecture_simulator/rtl/vertical_slice/gtsu_banked_sram_2client.sv:120$980_DATA' using process `$paramod\gtsu_banked_sram_2client\BANKS=16\ROWS_PER_BANK=4\DATA_W=128\READ_LATENCY=3\TAG_W=4.$proc$architecture_simulator/rtl/vertical_slice/gtsu_banked_sram_2client.sv:75$1017'.
  created $adff cell `$procdff$84881' with positive edge clock and negative level reset.
Creating register for signal `$paramod\gtsu_banked_sram_2client\BANKS=16\ROWS_PER_BANK=4\DATA_W=128\READ_LATENCY=3\TAG_W=4.$mem2reg_wr$\memory$architecture_simulator/rtl/vertical_slice/gtsu_banked_sram_2client.sv:120$981_ADDR' using process `$paramod\gtsu_banked_sram_2client\BANKS=16\ROWS_PER_BANK=4\DATA_W=128\READ_LATENCY=3\TAG_W=4.$proc$architecture_simulator/rtl/vertical_slice/gtsu_banked_sram_2client.sv:75$1017'.
  created $adff cell `$procdff$84882' with positive edge clock and negative level reset.
Creating register for signal `$paramod\gtsu_banked_sram_2client\BANKS=16\ROWS_PER_BANK=4\DATA_W=128\READ_LATENCY=3\TAG_W=4.$mem2reg_wr$\memory$architecture_simulator/rtl/vertical_slice/gtsu_banked_sram_2client.sv:120$981_DATA' using process `$paramod\gtsu_banked_sram_2client\BANKS=16\ROWS_PER_BANK=4\DATA_W=128\READ_LATENCY=3\TAG_W=4.$proc$architecture_simulator/rtl/vertical_slice/gtsu_banked_sram_2client.sv:75$1017'.
  created $adff cell `$procdff$84883' with positive edge clock and negative level reset.
Creating register for signal `$paramod\gtsu_banked_sram_2client\BANKS=16\ROWS_PER_BANK=4\DATA_W=128\READ_LATENCY=3\TAG_W=4.$mem2reg_wr$\memory$architecture_simulator/rtl/vertical_slice/gtsu_banked_sram_2client.sv:120$982_ADDR' using process `$paramod\gtsu_banked_sram_2client\BANKS=16\ROWS_PER_BANK=4\DATA_W=128\READ_LATENCY=3\TAG_W=4.$proc$architecture_simulator/rtl/vertical_slice/gtsu_banked_sram_2client.sv:75$1017'.
  created $adff cell `$procdff$84884' with positive edge clock and negative level reset.
Creating register for signal `$paramod\gtsu_banked_sram_2client\BANKS=16\ROWS_PER_BANK=4\DATA_W=128\READ_LATENCY=3\TAG_W=4.$mem2reg_wr$\memory$architecture_simulator/rtl/vertical_slice/gtsu_banked_sram_2client.sv:120$982_DATA' using process `$paramod\gtsu_banked_sram_2client\BANKS=16\ROWS_PER_BANK=4\DATA_W=128\READ_LATENCY=3\TAG_W=4.$proc$architecture_simulator/rtl/vertical_slice/gtsu_banked_sram_2client.sv:75$1017'.
  created $adff cell `$procdff$84885' with positive edge clock and negative level reset.
Creating register for signal `$paramod\gtsu_banked_sram_2client\BANKS=16\ROWS_PER_BANK=4\DATA_W=128\READ_LATENCY=3\TAG_W=4.$mem2reg_wr$\memory$architecture_simulator/rtl/vertical_slice/gtsu_banked_sram_2client.sv:120$983_ADDR' using process `$paramod\gtsu_banked_sram_2client\BANKS=16\ROWS_PER_BANK=4\DATA_W=128\READ_LATENCY=3\TAG_W=4.$proc$architecture_simulator/rtl/vertical_slice/gtsu_banked_sram_2client.sv:75$1017'.
  created $adff cell `$procdff$84886' with positive edge clock and negative level reset.
Creating register for signal `$paramod\gtsu_banked_sram_2client\BANKS=16\ROWS_PER_BANK=4\DATA_W=128\READ_LATENCY=3\TAG_W=4.$mem2reg_wr$\memory$architecture_simulator/rtl/vertical_slice/gtsu_banked_sram_2client.sv:120$983_DATA' using process `$paramod\gtsu_banked_sram_2client\BANKS=16\ROWS_PER_BANK=4\DATA_W=128\READ_LATENCY=3\TAG_W=4.$proc$architecture_simulator/rtl/vertical_slice/gtsu_banked_sram_2client.sv:75$1017'.
  created $adff cell `$procdff$84887' with positive edge clock and negative level reset.
Creating register for signal `$paramod\gtsu_banked_sram_2client\BANKS=16\ROWS_PER_BANK=4\DATA_W=128\READ_LATENCY=3\TAG_W=4.$mem2reg_wr$\memory$architecture_simulator/rtl/vertical_slice/gtsu_banked_sram_2client.sv:120$984_ADDR' using process `$paramod\gtsu_banked_sram_2client\BANKS=16\ROWS_PER_BANK=4\DATA_W=128\READ_LATENCY=3\TAG_W=4.$proc$architecture_simulator/rtl/vertical_slice/gtsu_banked_sram_2client.sv:75$1017'.
  created $adff cell `$procdff$84888' with positive edge clock and negative level reset.
Creating register for signal `$paramod\gtsu_banked_sram_2client\BANKS=16\ROWS_PER_BANK=4\DATA_W=128\READ_LATENCY=3\TAG_W=4.$mem2reg_wr$\memory$architecture_simulator/rtl/vertical_slice/gtsu_banked_sram_2client.sv:120$984_DATA' using process `$paramod\gtsu_banked_sram_2client\BANKS=16\ROWS_PER_BANK=4\DATA_W=128\READ_LATENCY=3\TAG_W=4.$proc$architecture_simulator/rtl/vertical_slice/gtsu_banked_sram_2client.sv:75$1017'.
  created $adff cell `$procdff$84889' with positive edge clock and negative level reset.
Creating register for signal `$paramod\gtsu_banked_sram_2client\BANKS=16\ROWS_PER_BANK=4\DATA_W=128\READ_LATENCY=3\TAG_W=4.$mem2reg_wr$\memory$architecture_simulator/rtl/vertical_slice/gtsu_banked_sram_2client.sv:120$985_ADDR' using process `$paramod\gtsu_banked_sram_2client\BANKS=16\ROWS_PER_BANK=4\DATA_W=128\READ_LATENCY=3\TAG_W=4.$proc$architecture_simulator/rtl/vertical_slice/gtsu_banked_sram_2client.sv:75$1017'.
  created $adff cell `$procdff$84890' with positive edge clock and negative level reset.
Creating register for signal `$paramod\gtsu_banked_sram_2client\BANKS=16\ROWS_PER_BANK=4\DATA_W=128\READ_LATENCY=3\TAG_W=4.$mem2reg_wr$\memory$architecture_simulator/rtl/vertical_slice/gtsu_banked_sram_2client.sv:120$985_DATA' using process `$paramod\gtsu_banked_sram_2client\BANKS=16\ROWS_PER_BANK=4\DATA_W=128\READ_LATENCY=3\TAG_W=4.$proc$architecture_simulator/rtl/vertical_slice/gtsu_banked_sram_2client.sv:75$1017'.
  created $adff cell `$procdff$84891' with positive edge clock and negative level reset.
Creating register for signal `$paramod\gtsu_banked_sram_2client\BANKS=16\ROWS_PER_BANK=4\DATA_W=128\READ_LATENCY=3\TAG_W=4.$mem2reg_wr$\memory$architecture_simulator/rtl/vertical_slice/gtsu_banked_sram_2client.sv:120$986_ADDR' using process `$paramod\gtsu_banked_sram_2client\BANKS=16\ROWS_PER_BANK=4\DATA_W=128\READ_LATENCY=3\TAG_W=4.$proc$architecture_simulator/rtl/vertical_slice/gtsu_banked_sram_2client.sv:75$1017'.
  created $adff cell `$procdff$84892' with positive edge clock and negative level reset.
Creating register for signal `$paramod\gtsu_banked_sram_2client\BANKS=16\ROWS_PER_BANK=4\DATA_W=128\READ_LATENCY=3\TAG_W=4.$mem2reg_wr$\memory$architecture_simulator/rtl/vertical_slice/gtsu_banked_sram_2client.sv:120$986_DATA' using process `$paramod\gtsu_banked_sram_2client\BANKS=16\ROWS_PER_BANK=4\DATA_W=128\READ_LATENCY=3\TAG_W=4.$proc$architecture_simulator/rtl/vertical_slice/gtsu_banked_sram_2client.sv:75$1017'.
  created $adff cell `$procdff$84893' with positive edge clock and negative level reset.
Creating register for signal `$paramod\gtsu_banked_sram_2client\BANKS=16\ROWS_PER_BANK=4\DATA_W=128\READ_LATENCY=3\TAG_W=4.$mem2reg_wr$\memory$architecture_simulator/rtl/vertical_slice/gtsu_banked_sram_2client.sv:120$987_ADDR' using process `$paramod\gtsu_banked_sram_2client\BANKS=16\ROWS_PER_BANK=4\DATA_W=128\READ_LATENCY=3\TAG_W=4.$proc$architecture_simulator/rtl/vertical_slice/gtsu_banked_sram_2client.sv:75$1017'.
  created $adff cell `$procdff$84894' with positive edge clock and negative level reset.
Creating register for signal `$paramod\gtsu_banked_sram_2client\BANKS=16\ROWS_PER_BANK=4\DATA_W=128\READ_LATENCY=3\TAG_W=4.$mem2reg_wr$\memory$architecture_simulator/rtl/vertical_slice/gtsu_banked_sram_2client.sv:120$987_DATA' using process `$paramod\gtsu_banked_sram_2client\BANKS=16\ROWS_PER_BANK=4\DATA_W=128\READ_LATENCY=3\TAG_W=4.$proc$architecture_simulator/rtl/vertical_slice/gtsu_banked_sram_2client.sv:75$1017'.
  created $adff cell `$procdff$84895' with positive edge clock and negative level reset.
Creating register for signal `$paramod\gtsu_banked_sram_2client\BANKS=16\ROWS_PER_BANK=4\DATA_W=128\READ_LATENCY=3\TAG_W=4.$mem2reg_wr$\memory$architecture_simulator/rtl/vertical_slice/gtsu_banked_sram_2client.sv:120$988_ADDR' using process `$paramod\gtsu_banked_sram_2client\BANKS=16\ROWS_PER_BANK=4\DATA_W=128\READ_LATENCY=3\TAG_W=4.$proc$architecture_simulator/rtl/vertical_slice/gtsu_banked_sram_2client.sv:75$1017'.
  created $adff cell `$procdff$84896' with positive edge clock and negative level reset.
Creating register for signal `$paramod\gtsu_banked_sram_2client\BANKS=16\ROWS_PER_BANK=4\DATA_W=128\READ_LATENCY=3\TAG_W=4.$mem2reg_wr$\memory$architecture_simulator/rtl/vertical_slice/gtsu_banked_sram_2client.sv:120$988_DATA' using process `$paramod\gtsu_banked_sram_2client\BANKS=16\ROWS_PER_BANK=4\DATA_W=128\READ_LATENCY=3\TAG_W=4.$proc$architecture_simulator/rtl/vertical_slice/gtsu_banked_sram_2client.sv:75$1017'.
  created $adff cell `$procdff$84897' with positive edge clock and negative level reset.
Creating register for signal `$paramod\gtsu_banked_sram_2client\BANKS=16\ROWS_PER_BANK=4\DATA_W=128\READ_LATENCY=3\TAG_W=4.$mem2reg_wr$\memory$architecture_simulator/rtl/vertical_slice/gtsu_banked_sram_2client.sv:120$989_ADDR' using process `$paramod\gtsu_banked_sram_2client\BANKS=16\ROWS_PER_BANK=4\DATA_W=128\READ_LATENCY=3\TAG_W=4.$proc$architecture_simulator/rtl/vertical_slice/gtsu_banked_sram_2client.sv:75$1017'.
  created $adff cell `$procdff$84898' with positive edge clock and negative level reset.
Creating register for signal `$paramod\gtsu_banked_sram_2client\BANKS=16\ROWS_PER_BANK=4\DATA_W=128\READ_LATENCY=3\TAG_W=4.$mem2reg_wr$\memory$architecture_simulator/rtl/vertical_slice/gtsu_banked_sram_2client.sv:120$989_DATA' using process `$paramod\gtsu_banked_sram_2client\BANKS=16\ROWS_PER_BANK=4\DATA_W=128\READ_LATENCY=3\TAG_W=4.$proc$architecture_simulator/rtl/vertical_slice/gtsu_banked_sram_2client.sv:75$1017'.
  created $adff cell `$procdff$84899' with positive edge clock and negative level reset.
Creating register for signal `$paramod\gtsu_banked_sram_2client\BANKS=16\ROWS_PER_BANK=4\DATA_W=128\READ_LATENCY=3\TAG_W=4.$mem2reg_wr$\memory$architecture_simulator/rtl/vertical_slice/gtsu_banked_sram_2client.sv:120$990_ADDR' using process `$paramod\gtsu_banked_sram_2client\BANKS=16\ROWS_PER_BANK=4\DATA_W=128\READ_LATENCY=3\TAG_W=4.$proc$architecture_simulator/rtl/vertical_slice/gtsu_banked_sram_2client.sv:75$1017'.
  created $adff cell `$procdff$84900' with positive edge clock and negative level reset.
Creating register for signal `$paramod\gtsu_banked_sram_2client\BANKS=16\ROWS_PER_BANK=4\DATA_W=128\READ_LATENCY=3\TAG_W=4.$mem2reg_wr$\memory$architecture_simulator/rtl/vertical_slice/gtsu_banked_sram_2client.sv:120$990_DATA' using process `$paramod\gtsu_banked_sram_2client\BANKS=16\ROWS_PER_BANK=4\DATA_W=128\READ_LATENCY=3\TAG_W=4.$proc$architecture_simulator/rtl/vertical_slice/gtsu_banked_sram_2client.sv:75$1017'.
  created $adff cell `$procdff$84901' with positive edge clock and negative level reset.
Creating register for signal `$paramod\gtsu_banked_sram_2client\BANKS=16\ROWS_PER_BANK=4\DATA_W=128\READ_LATENCY=3\TAG_W=4.$mem2reg_wr$\memory$architecture_simulator/rtl/vertical_slice/gtsu_banked_sram_2client.sv:120$991_ADDR' using process `$paramod\gtsu_banked_sram_2client\BANKS=16\ROWS_PER_BANK=4\DATA_W=128\READ_LATENCY=3\TAG_W=4.$proc$architecture_simulator/rtl/vertical_slice/gtsu_banked_sram_2client.sv:75$1017'.
  created $adff cell `$procdff$84902' with positive edge clock and negative level reset.
Creating register for signal `$paramod\gtsu_banked_sram_2client\BANKS=16\ROWS_PER_BANK=4\DATA_W=128\READ_LATENCY=3\TAG_W=4.$mem2reg_wr$\memory$architecture_simulator/rtl/vertical_slice/gtsu_banked_sram_2client.sv:120$991_DATA' using process `$paramod\gtsu_banked_sram_2client\BANKS=16\ROWS_PER_BANK=4\DATA_W=128\READ_LATENCY=3\TAG_W=4.$proc$architecture_simulator/rtl/vertical_slice/gtsu_banked_sram_2client.sv:75$1017'.
  created $adff cell `$procdff$84903' with positive edge clock and negative level reset.
Creating register for signal `$paramod\gtsu_banked_sram_2client\BANKS=16\ROWS_PER_BANK=4\DATA_W=128\READ_LATENCY=3\TAG_W=4.$mem2reg_wr$\memory$architecture_simulator/rtl/vertical_slice/gtsu_banked_sram_2client.sv:120$992_ADDR' using process `$paramod\gtsu_banked_sram_2client\BANKS=16\ROWS_PER_BANK=4\DATA_W=128\READ_LATENCY=3\TAG_W=4.$proc$architecture_simulator/rtl/vertical_slice/gtsu_banked_sram_2client.sv:75$1017'.
  created $adff cell `$procdff$84904' with positive edge clock and negative level reset.
Creating register for signal `$paramod\gtsu_banked_sram_2client\BANKS=16\ROWS_PER_BANK=4\DATA_W=128\READ_LATENCY=3\TAG_W=4.$mem2reg_wr$\memory$architecture_simulator/rtl/vertical_slice/gtsu_banked_sram_2client.sv:120$992_DATA' using process `$paramod\gtsu_banked_sram_2client\BANKS=16\ROWS_PER_BANK=4\DATA_W=128\READ_LATENCY=3\TAG_W=4.$proc$architecture_simulator/rtl/vertical_slice/gtsu_banked_sram_2client.sv:75$1017'.
  created $adff cell `$procdff$84905' with positive edge clock and negative level reset.
Creating register for signal `$paramod\gtsu_banked_sram_2client\BANKS=16\ROWS_PER_BANK=4\DATA_W=128\READ_LATENCY=3\TAG_W=4.$mem2reg_wr$\memory$architecture_simulator/rtl/vertical_slice/gtsu_banked_sram_2client.sv:126$993_ADDR' using process `$paramod\gtsu_banked_sram_2client\BANKS=16\ROWS_PER_BANK=4\DATA_W=128\READ_LATENCY=3\TAG_W=4.$proc$architecture_simulator/rtl/vertical_slice/gtsu_banked_sram_2client.sv:75$1017'.
  created $adff cell `$procdff$84906' with positive edge clock and negative level reset.
Creating register for signal `$paramod\gtsu_banked_sram_2client\BANKS=16\ROWS_PER_BANK=4\DATA_W=128\READ_LATENCY=3\TAG_W=4.$mem2reg_wr$\memory$architecture_simulator/rtl/vertical_slice/gtsu_banked_sram_2client.sv:126$993_DATA' using process `$paramod\gtsu_banked_sram_2client\BANKS=16\ROWS_PER_BANK=4\DATA_W=128\READ_LATENCY=3\TAG_W=4.$proc$architecture_simulator/rtl/vertical_slice/gtsu_banked_sram_2client.sv:75$1017'.
  created $adff cell `$procdff$84907' with positive edge clock and negative level reset.
Creating register for signal `$paramod\gtsu_banked_sram_2client\BANKS=16\ROWS_PER_BANK=4\DATA_W=128\READ_LATENCY=3\TAG_W=4.$mem2reg_wr$\memory$architecture_simulator/rtl/vertical_slice/gtsu_banked_sram_2client.sv:126$994_ADDR' using process `$paramod\gtsu_banked_sram_2client\BANKS=16\ROWS_PER_BANK=4\DATA_W=128\READ_LATENCY=3\TAG_W=4.$proc$architecture_simulator/rtl/vertical_slice/gtsu_banked_sram_2client.sv:75$1017'.
  created $adff cell `$procdff$84908' with positive edge clock and negative level reset.
Creating register for signal `$paramod\gtsu_banked_sram_2client\BANKS=16\ROWS_PER_BANK=4\DATA_W=128\READ_LATENCY=3\TAG_W=4.$mem2reg_wr$\memory$architecture_simulator/rtl/vertical_slice/gtsu_banked_sram_2client.sv:126$994_DATA' using process `$paramod\gtsu_banked_sram_2client\BANKS=16\ROWS_PER_BANK=4\DATA_W=128\READ_LATENCY=3\TAG_W=4.$proc$architecture_simulator/rtl/vertical_slice/gtsu_banked_sram_2client.sv:75$1017'.
  created $adff cell `$procdff$84909' with positive edge clock and negative level reset.
Creating register for signal `$paramod\gtsu_banked_sram_2client\BANKS=16\ROWS_PER_BANK=4\DATA_W=128\READ_LATENCY=3\TAG_W=4.$mem2reg_wr$\memory$architecture_simulator/rtl/vertical_slice/gtsu_banked_sram_2client.sv:126$995_ADDR' using process `$paramod\gtsu_banked_sram_2client\BANKS=16\ROWS_PER_BANK=4\DATA_W=128\READ_LATENCY=3\TAG_W=4.$proc$architecture_simulator/rtl/vertical_slice/gtsu_banked_sram_2client.sv:75$1017'.
  created $adff cell `$procdff$84910' with positive edge clock and negative level reset.
Creating register for signal `$paramod\gtsu_banked_sram_2client\BANKS=16\ROWS_PER_BANK=4\DATA_W=128\READ_LATENCY=3\TAG_W=4.$mem2reg_wr$\memory$architecture_simulator/rtl/vertical_slice/gtsu_banked_sram_2client.sv:126$995_DATA' using process `$paramod\gtsu_banked_sram_2client\BANKS=16\ROWS_PER_BANK=4\DATA_W=128\READ_LATENCY=3\TAG_W=4.$proc$architecture_simulator/rtl/vertical_slice/gtsu_banked_sram_2client.sv:75$1017'.
  created $adff cell `$procdff$84911' with positive edge clock and negative level reset.
Creating register for signal `$paramod\gtsu_banked_sram_2client\BANKS=16\ROWS_PER_BANK=4\DATA_W=128\READ_LATENCY=3\TAG_W=4.$mem2reg_wr$\memory$architecture_simulator/rtl/vertical_slice/gtsu_banked_sram_2client.sv:126$996_ADDR' using process `$paramod\gtsu_banked_sram_2client\BANKS=16\ROWS_PER_BANK=4\DATA_W=128\READ_LATENCY=3\TAG_W=4.$proc$architecture_simulator/rtl/vertical_slice/gtsu_banked_sram_2client.sv:75$1017'.
  created $adff cell `$procdff$84912' with positive edge clock and negative level reset.
Creating register for signal `$paramod\gtsu_banked_sram_2client\BANKS=16\ROWS_PER_BANK=4\DATA_W=128\READ_LATENCY=3\TAG_W=4.$mem2reg_wr$\memory$architecture_simulator/rtl/vertical_slice/gtsu_banked_sram_2client.sv:126$996_DATA' using process `$paramod\gtsu_banked_sram_2client\BANKS=16\ROWS_PER_BANK=4\DATA_W=128\READ_LATENCY=3\TAG_W=4.$proc$architecture_simulator/rtl/vertical_slice/gtsu_banked_sram_2client.sv:75$1017'.
  created $adff cell `$procdff$84913' with positive edge clock and negative level reset.
Creating register for signal `$paramod\gtsu_banked_sram_2client\BANKS=16\ROWS_PER_BANK=4\DATA_W=128\READ_LATENCY=3\TAG_W=4.$mem2reg_wr$\memory$architecture_simulator/rtl/vertical_slice/gtsu_banked_sram_2client.sv:126$997_ADDR' using process `$paramod\gtsu_banked_sram_2client\BANKS=16\ROWS_PER_BANK=4\DATA_W=128\READ_LATENCY=3\TAG_W=4.$proc$architecture_simulator/rtl/vertical_slice/gtsu_banked_sram_2client.sv:75$1017'.
  created $adff cell `$procdff$84914' with positive edge clock and negative level reset.
Creating register for signal `$paramod\gtsu_banked_sram_2client\BANKS=16\ROWS_PER_BANK=4\DATA_W=128\READ_LATENCY=3\TAG_W=4.$mem2reg_wr$\memory$architecture_simulator/rtl/vertical_slice/gtsu_banked_sram_2client.sv:126$997_DATA' using process `$paramod\gtsu_banked_sram_2client\BANKS=16\ROWS_PER_BANK=4\DATA_W=128\READ_LATENCY=3\TAG_W=4.$proc$architecture_simulator/rtl/vertical_slice/gtsu_banked_sram_2client.sv:75$1017'.
  created $adff cell `$procdff$84915' with positive edge clock and negative level reset.
Creating register for signal `$paramod\gtsu_banked_sram_2client\BANKS=16\ROWS_PER_BANK=4\DATA_W=128\READ_LATENCY=3\TAG_W=4.$mem2reg_wr$\memory$architecture_simulator/rtl/vertical_slice/gtsu_banked_sram_2client.sv:126$998_ADDR' using process `$paramod\gtsu_banked_sram_2client\BANKS=16\ROWS_PER_BANK=4\DATA_W=128\READ_LATENCY=3\TAG_W=4.$proc$architecture_simulator/rtl/vertical_slice/gtsu_banked_sram_2client.sv:75$1017'.
  created $adff cell `$procdff$84916' with positive edge clock and negative level reset.
Creating register for signal `$paramod\gtsu_banked_sram_2client\BANKS=16\ROWS_PER_BANK=4\DATA_W=128\READ_LATENCY=3\TAG_W=4.$mem2reg_wr$\memory$architecture_simulator/rtl/vertical_slice/gtsu_banked_sram_2client.sv:126$998_DATA' using process `$paramod\gtsu_banked_sram_2client\BANKS=16\ROWS_PER_BANK=4\DATA_W=128\READ_LATENCY=3\TAG_W=4.$proc$architecture_simulator/rtl/vertical_slice/gtsu_banked_sram_2client.sv:75$1017'.
  created $adff cell `$procdff$84917' with positive edge clock and negative level reset.
Creating register for signal `$paramod\gtsu_banked_sram_2client\BANKS=16\ROWS_PER_BANK=4\DATA_W=128\READ_LATENCY=3\TAG_W=4.$mem2reg_wr$\memory$architecture_simulator/rtl/vertical_slice/gtsu_banked_sram_2client.sv:126$999_ADDR' using process `$paramod\gtsu_banked_sram_2client\BANKS=16\ROWS_PER_BANK=4\DATA_W=128\READ_LATENCY=3\TAG_W=4.$proc$architecture_simulator/rtl/vertical_slice/gtsu_banked_sram_2client.sv:75$1017'.
  created $adff cell `$procdff$84918' with positive edge clock and negative level reset.
Creating register for signal `$paramod\gtsu_banked_sram_2client\BANKS=16\ROWS_PER_BANK=4\DATA_W=128\READ_LATENCY=3\TAG_W=4.$mem2reg_wr$\memory$architecture_simulator/rtl/vertical_slice/gtsu_banked_sram_2client.sv:126$999_DATA' using process `$paramod\gtsu_banked_sram_2client\BANKS=16\ROWS_PER_BANK=4\DATA_W=128\READ_LATENCY=3\TAG_W=4.$proc$architecture_simulator/rtl/vertical_slice/gtsu_banked_sram_2client.sv:75$1017'.
  created $adff cell `$procdff$84919' with positive edge clock and negative level reset.
Creating register for signal `$paramod\gtsu_banked_sram_2client\BANKS=16\ROWS_PER_BANK=4\DATA_W=128\READ_LATENCY=3\TAG_W=4.$mem2reg_wr$\memory$architecture_simulator/rtl/vertical_slice/gtsu_banked_sram_2client.sv:126$1000_ADDR' using process `$paramod\gtsu_banked_sram_2client\BANKS=16\ROWS_PER_BANK=4\DATA_W=128\READ_LATENCY=3\TAG_W=4.$proc$architecture_simulator/rtl/vertical_slice/gtsu_banked_sram_2client.sv:75$1017'.
  created $adff cell `$procdff$84920' with positive edge clock and negative level reset.
Creating register for signal `$paramod\gtsu_banked_sram_2client\BANKS=16\ROWS_PER_BANK=4\DATA_W=128\READ_LATENCY=3\TAG_W=4.$mem2reg_wr$\memory$architecture_simulator/rtl/vertical_slice/gtsu_banked_sram_2client.sv:126$1000_DATA' using process `$paramod\gtsu_banked_sram_2client\BANKS=16\ROWS_PER_BANK=4\DATA_W=128\READ_LATENCY=3\TAG_W=4.$proc$architecture_simulator/rtl/vertical_slice/gtsu_banked_sram_2client.sv:75$1017'.
  created $adff cell `$procdff$84921' with positive edge clock and negative level reset.
Creating register for signal `$paramod\gtsu_banked_sram_2client\BANKS=16\ROWS_PER_BANK=4\DATA_W=128\READ_LATENCY=3\TAG_W=4.$mem2reg_wr$\memory$architecture_simulator/rtl/vertical_slice/gtsu_banked_sram_2client.sv:126$1001_ADDR' using process `$paramod\gtsu_banked_sram_2client\BANKS=16\ROWS_PER_BANK=4\DATA_W=128\READ_LATENCY=3\TAG_W=4.$proc$architecture_simulator/rtl/vertical_slice/gtsu_banked_sram_2client.sv:75$1017'.
  created $adff cell `$procdff$84922' with positive edge clock and negative level reset.
Creating register for signal `$paramod\gtsu_banked_sram_2client\BANKS=16\ROWS_PER_BANK=4\DATA_W=128\READ_LATENCY=3\TAG_W=4.$mem2reg_wr$\memory$architecture_simulator/rtl/vertical_slice/gtsu_banked_sram_2client.sv:126$1001_DATA' using process `$paramod\gtsu_banked_sram_2client\BANKS=16\ROWS_PER_BANK=4\DATA_W=128\READ_LATENCY=3\TAG_W=4.$proc$architecture_simulator/rtl/vertical_slice/gtsu_banked_sram_2client.sv:75$1017'.
  created $adff cell `$procdff$84923' with positive edge clock and negative level reset.
Creating register for signal `$paramod\gtsu_banked_sram_2client\BANKS=16\ROWS_PER_BANK=4\DATA_W=128\READ_LATENCY=3\TAG_W=4.$mem2reg_wr$\memory$architecture_simulator/rtl/vertical_slice/gtsu_banked_sram_2client.sv:126$1002_ADDR' using process `$paramod\gtsu_banked_sram_2client\BANKS=16\ROWS_PER_BANK=4\DATA_W=128\READ_LATENCY=3\TAG_W=4.$proc$architecture_simulator/rtl/vertical_slice/gtsu_banked_sram_2client.sv:75$1017'.
  created $adff cell `$procdff$84924' with positive edge clock and negative level reset.
Creating register for signal `$paramod\gtsu_banked_sram_2client\BANKS=16\ROWS_PER_BANK=4\DATA_W=128\READ_LATENCY=3\TAG_W=4.$mem2reg_wr$\memory$architecture_simulator/rtl/vertical_slice/gtsu_banked_sram_2client.sv:126$1002_DATA' using process `$paramod\gtsu_banked_sram_2client\BANKS=16\ROWS_PER_BANK=4\DATA_W=128\READ_LATENCY=3\TAG_W=4.$proc$architecture_simulator/rtl/vertical_slice/gtsu_banked_sram_2client.sv:75$1017'.
  created $adff cell `$procdff$84925' with positive edge clock and negative level reset.
Creating register for signal `$paramod\gtsu_banked_sram_2client\BANKS=16\ROWS_PER_BANK=4\DATA_W=128\READ_LATENCY=3\TAG_W=4.$mem2reg_wr$\memory$architecture_simulator/rtl/vertical_slice/gtsu_banked_sram_2client.sv:126$1003_ADDR' using process `$paramod\gtsu_banked_sram_2client\BANKS=16\ROWS_PER_BANK=4\DATA_W=128\READ_LATENCY=3\TAG_W=4.$proc$architecture_simulator/rtl/vertical_slice/gtsu_banked_sram_2client.sv:75$1017'.
  created $adff cell `$procdff$84926' with positive edge clock and negative level reset.
Creating register for signal `$paramod\gtsu_banked_sram_2client\BANKS=16\ROWS_PER_BANK=4\DATA_W=128\READ_LATENCY=3\TAG_W=4.$mem2reg_wr$\memory$architecture_simulator/rtl/vertical_slice/gtsu_banked_sram_2client.sv:126$1003_DATA' using process `$paramod\gtsu_banked_sram_2client\BANKS=16\ROWS_PER_BANK=4\DATA_W=128\READ_LATENCY=3\TAG_W=4.$proc$architecture_simulator/rtl/vertical_slice/gtsu_banked_sram_2client.sv:75$1017'.
  created $adff cell `$procdff$84927' with positive edge clock and negative level reset.
Creating register for signal `$paramod\gtsu_banked_sram_2client\BANKS=16\ROWS_PER_BANK=4\DATA_W=128\READ_LATENCY=3\TAG_W=4.$mem2reg_wr$\memory$architecture_simulator/rtl/vertical_slice/gtsu_banked_sram_2client.sv:126$1004_ADDR' using process `$paramod\gtsu_banked_sram_2client\BANKS=16\ROWS_PER_BANK=4\DATA_W=128\READ_LATENCY=3\TAG_W=4.$proc$architecture_simulator/rtl/vertical_slice/gtsu_banked_sram_2client.sv:75$1017'.
  created $adff cell `$procdff$84928' with positive edge clock and negative level reset.
Creating register for signal `$paramod\gtsu_banked_sram_2client\BANKS=16\ROWS_PER_BANK=4\DATA_W=128\READ_LATENCY=3\TAG_W=4.$mem2reg_wr$\memory$architecture_simulator/rtl/vertical_slice/gtsu_banked_sram_2client.sv:126$1004_DATA' using process `$paramod\gtsu_banked_sram_2client\BANKS=16\ROWS_PER_BANK=4\DATA_W=128\READ_LATENCY=3\TAG_W=4.$proc$architecture_simulator/rtl/vertical_slice/gtsu_banked_sram_2client.sv:75$1017'.
  created $adff cell `$procdff$84929' with positive edge clock and negative level reset.
Creating register for signal `$paramod\gtsu_banked_sram_2client\BANKS=16\ROWS_PER_BANK=4\DATA_W=128\READ_LATENCY=3\TAG_W=4.$mem2reg_wr$\memory$architecture_simulator/rtl/vertical_slice/gtsu_banked_sram_2client.sv:126$1005_ADDR' using process `$paramod\gtsu_banked_sram_2client\BANKS=16\ROWS_PER_BANK=4\DATA_W=128\READ_LATENCY=3\TAG_W=4.$proc$architecture_simulator/rtl/vertical_slice/gtsu_banked_sram_2client.sv:75$1017'.
  created $adff cell `$procdff$84930' with positive edge clock and negative level reset.
Creating register for signal `$paramod\gtsu_banked_sram_2client\BANKS=16\ROWS_PER_BANK=4\DATA_W=128\READ_LATENCY=3\TAG_W=4.$mem2reg_wr$\memory$architecture_simulator/rtl/vertical_slice/gtsu_banked_sram_2client.sv:126$1005_DATA' using process `$paramod\gtsu_banked_sram_2client\BANKS=16\ROWS_PER_BANK=4\DATA_W=128\READ_LATENCY=3\TAG_W=4.$proc$architecture_simulator/rtl/vertical_slice/gtsu_banked_sram_2client.sv:75$1017'.
  created $adff cell `$procdff$84931' with positive edge clock and negative level reset.
Creating register for signal `$paramod\gtsu_banked_sram_2client\BANKS=16\ROWS_PER_BANK=4\DATA_W=128\READ_LATENCY=3\TAG_W=4.$mem2reg_wr$\memory$architecture_simulator/rtl/vertical_slice/gtsu_banked_sram_2client.sv:126$1006_ADDR' using process `$paramod\gtsu_banked_sram_2client\BANKS=16\ROWS_PER_BANK=4\DATA_W=128\READ_LATENCY=3\TAG_W=4.$proc$architecture_simulator/rtl/vertical_slice/gtsu_banked_sram_2client.sv:75$1017'.
  created $adff cell `$procdff$84932' with positive edge clock and negative level reset.
Creating register for signal `$paramod\gtsu_banked_sram_2client\BANKS=16\ROWS_PER_BANK=4\DATA_W=128\READ_LATENCY=3\TAG_W=4.$mem2reg_wr$\memory$architecture_simulator/rtl/vertical_slice/gtsu_banked_sram_2client.sv:126$1006_DATA' using process `$paramod\gtsu_banked_sram_2client\BANKS=16\ROWS_PER_BANK=4\DATA_W=128\READ_LATENCY=3\TAG_W=4.$proc$architecture_simulator/rtl/vertical_slice/gtsu_banked_sram_2client.sv:75$1017'.
  created $adff cell `$procdff$84933' with positive edge clock and negative level reset.
Creating register for signal `$paramod\gtsu_banked_sram_2client\BANKS=16\ROWS_PER_BANK=4\DATA_W=128\READ_LATENCY=3\TAG_W=4.$mem2reg_wr$\memory$architecture_simulator/rtl/vertical_slice/gtsu_banked_sram_2client.sv:126$1007_ADDR' using process `$paramod\gtsu_banked_sram_2client\BANKS=16\ROWS_PER_BANK=4\DATA_W=128\READ_LATENCY=3\TAG_W=4.$proc$architecture_simulator/rtl/vertical_slice/gtsu_banked_sram_2client.sv:75$1017'.
  created $adff cell `$procdff$84934' with positive edge clock and negative level reset.
Creating register for signal `$paramod\gtsu_banked_sram_2client\BANKS=16\ROWS_PER_BANK=4\DATA_W=128\READ_LATENCY=3\TAG_W=4.$mem2reg_wr$\memory$architecture_simulator/rtl/vertical_slice/gtsu_banked_sram_2client.sv:126$1007_DATA' using process `$paramod\gtsu_banked_sram_2client\BANKS=16\ROWS_PER_BANK=4\DATA_W=128\READ_LATENCY=3\TAG_W=4.$proc$architecture_simulator/rtl/vertical_slice/gtsu_banked_sram_2client.sv:75$1017'.
  created $adff cell `$procdff$84935' with positive edge clock and negative level reset.
Creating register for signal `$paramod\gtsu_banked_sram_2client\BANKS=16\ROWS_PER_BANK=4\DATA_W=128\READ_LATENCY=3\TAG_W=4.$mem2reg_wr$\memory$architecture_simulator/rtl/vertical_slice/gtsu_banked_sram_2client.sv:126$1008_ADDR' using process `$paramod\gtsu_banked_sram_2client\BANKS=16\ROWS_PER_BANK=4\DATA_W=128\READ_LATENCY=3\TAG_W=4.$proc$architecture_simulator/rtl/vertical_slice/gtsu_banked_sram_2client.sv:75$1017'.
  created $adff cell `$procdff$84936' with positive edge clock and negative level reset.
Creating register for signal `$paramod\gtsu_banked_sram_2client\BANKS=16\ROWS_PER_BANK=4\DATA_W=128\READ_LATENCY=3\TAG_W=4.$mem2reg_wr$\memory$architecture_simulator/rtl/vertical_slice/gtsu_banked_sram_2client.sv:126$1008_DATA' using process `$paramod\gtsu_banked_sram_2client\BANKS=16\ROWS_PER_BANK=4\DATA_W=128\READ_LATENCY=3\TAG_W=4.$proc$architecture_simulator/rtl/vertical_slice/gtsu_banked_sram_2client.sv:75$1017'.
  created $adff cell `$procdff$84937' with positive edge clock and negative level reset.
Creating register for signal `$paramod\gtsu_rv_fifo\WIDTH=165\DEPTH=8.\storage[1]' using process `$paramod\gtsu_rv_fifo\WIDTH=165\DEPTH=8.$proc$architecture_simulator/rtl/vertical_slice/gtsu_rv_fifo.sv:30$919'.
  created $dff cell `$procdff$84938' with positive edge clock.
Creating register for signal `$paramod\gtsu_rv_fifo\WIDTH=165\DEPTH=8.\storage[0]' using process `$paramod\gtsu_rv_fifo\WIDTH=165\DEPTH=8.$proc$architecture_simulator/rtl/vertical_slice/gtsu_rv_fifo.sv:30$919'.
  created $dff cell `$procdff$84939' with positive edge clock.
Creating register for signal `$paramod\gtsu_rv_fifo\WIDTH=165\DEPTH=8.\write_ptr' using process `$paramod\gtsu_rv_fifo\WIDTH=165\DEPTH=8.$proc$architecture_simulator/rtl/vertical_slice/gtsu_rv_fifo.sv:30$919'.
  created $adff cell `$procdff$84940' with positive edge clock and negative level reset.
Creating register for signal `$paramod\gtsu_rv_fifo\WIDTH=165\DEPTH=8.\count' using process `$paramod\gtsu_rv_fifo\WIDTH=165\DEPTH=8.$proc$architecture_simulator/rtl/vertical_slice/gtsu_rv_fifo.sv:30$919'.
  created $adff cell `$procdff$84941' with positive edge clock and negative level reset.
Creating register for signal `$paramod\gtsu_rv_fifo\WIDTH=165\DEPTH=8.\read_ptr' using process `$paramod\gtsu_rv_fifo\WIDTH=165\DEPTH=8.$proc$architecture_simulator/rtl/vertical_slice/gtsu_rv_fifo.sv:30$919'.
  created $adff cell `$procdff$84942' with positive edge clock and negative level reset.
Creating register for signal `$paramod\gtsu_rv_fifo\WIDTH=165\DEPTH=8.$mem2reg_wr$\storage$architecture_simulator/rtl/vertical_slice/gtsu_rv_fifo.sv:37$914_ADDR' using process `$paramod\gtsu_rv_fifo\WIDTH=165\DEPTH=8.$proc$architecture_simulator/rtl/vertical_slice/gtsu_rv_fifo.sv:30$919'.
  created $adff cell `$procdff$84943' with positive edge clock and negative level reset.
Creating register for signal `$paramod\gtsu_rv_fifo\WIDTH=165\DEPTH=8.\storage[2]' using process `$paramod\gtsu_rv_fifo\WIDTH=165\DEPTH=8.$proc$architecture_simulator/rtl/vertical_slice/gtsu_rv_fifo.sv:30$919'.
  created $dff cell `$procdff$84944' with positive edge clock.
Creating register for signal `$paramod\gtsu_rv_fifo\WIDTH=165\DEPTH=8.\storage[3]' using process `$paramod\gtsu_rv_fifo\WIDTH=165\DEPTH=8.$proc$architecture_simulator/rtl/vertical_slice/gtsu_rv_fifo.sv:30$919'.
  created $dff cell `$procdff$84945' with positive edge clock.
Creating register for signal `$paramod\gtsu_rv_fifo\WIDTH=165\DEPTH=8.\storage[5]' using process `$paramod\gtsu_rv_fifo\WIDTH=165\DEPTH=8.$proc$architecture_simulator/rtl/vertical_slice/gtsu_rv_fifo.sv:30$919'.
  created $dff cell `$procdff$84946' with positive edge clock.
Creating register for signal `$paramod\gtsu_rv_fifo\WIDTH=165\DEPTH=8.\storage[6]' using process `$paramod\gtsu_rv_fifo\WIDTH=165\DEPTH=8.$proc$architecture_simulator/rtl/vertical_slice/gtsu_rv_fifo.sv:30$919'.
  created $dff cell `$procdff$84947' with positive edge clock.
Creating register for signal `$paramod\gtsu_rv_fifo\WIDTH=165\DEPTH=8.\storage[7]' using process `$paramod\gtsu_rv_fifo\WIDTH=165\DEPTH=8.$proc$architecture_simulator/rtl/vertical_slice/gtsu_rv_fifo.sv:30$919'.
  created $dff cell `$procdff$84948' with positive edge clock.
Creating register for signal `$paramod\gtsu_rv_fifo\WIDTH=165\DEPTH=8.\storage[4]' using process `$paramod\gtsu_rv_fifo\WIDTH=165\DEPTH=8.$proc$architecture_simulator/rtl/vertical_slice/gtsu_rv_fifo.sv:30$919'.
  created $dff cell `$procdff$84949' with positive edge clock.
Creating register for signal `$paramod\gtsu_rv_fifo\WIDTH=165\DEPTH=8.$mem2reg_wr$\storage$architecture_simulator/rtl/vertical_slice/gtsu_rv_fifo.sv:37$914_DATA' using process `$paramod\gtsu_rv_fifo\WIDTH=165\DEPTH=8.$proc$architecture_simulator/rtl/vertical_slice/gtsu_rv_fifo.sv:30$919'.
  created $adff cell `$procdff$84950' with positive edge clock and negative level reset.
Creating register for signal `$paramod\gtsu_dense_dot4_tile\N_TILE=3\TAG_WIDTH=32.\out_valid_reg' using process `$paramod\gtsu_dense_dot4_tile\N_TILE=3\TAG_WIDTH=32.$proc$architecture_simulator/rtl/vertical_slice/gtsu_dense_dot4_tile.sv:47$902'.
  created $adff cell `$procdff$84951' with positive edge clock and negative level reset.
Creating register for signal `$paramod\gtsu_dense_dot4_tile\N_TILE=3\TAG_WIDTH=32.\out_tag_reg' using process `$paramod\gtsu_dense_dot4_tile\N_TILE=3\TAG_WIDTH=32.$proc$architecture_simulator/rtl/vertical_slice/gtsu_dense_dot4_tile.sv:47$902'.
  created $adff cell `$procdff$84952' with positive edge clock and negative level reset.
Creating register for signal `$paramod\gtsu_dense_dot4_tile\N_TILE=3\TAG_WIDTH=32.\out_mask_reg' using process `$paramod\gtsu_dense_dot4_tile\N_TILE=3\TAG_WIDTH=32.$proc$architecture_simulator/rtl/vertical_slice/gtsu_dense_dot4_tile.sv:47$902'.
  created $adff cell `$procdff$84953' with positive edge clock and negative level reset.
Creating register for signal `$paramod\gtsu_dense_dot4_tile\N_TILE=3\TAG_WIDTH=32.\out_accumulator_reg' using process `$paramod\gtsu_dense_dot4_tile\N_TILE=3\TAG_WIDTH=32.$proc$architecture_simulator/rtl/vertical_slice/gtsu_dense_dot4_tile.sv:47$902'.
  created $adff cell `$procdff$84954' with positive edge clock and negative level reset.
Creating register for signal `$paramod\gtsu_dense_dot4_tile\N_TILE=3\TAG_WIDTH=32.\index' using process `$paramod\gtsu_dense_dot4_tile\N_TILE=3\TAG_WIDTH=32.$proc$architecture_simulator/rtl/vertical_slice/gtsu_dense_dot4_tile.sv:47$902'.
  created $adff cell `$procdff$84955' with positive edge clock and negative level reset.
Creating register for signal `$paramod\gtsu_dense_dot4_tile\N_TILE=3\TAG_WIDTH=32.\next_accumulator' using process `$paramod\gtsu_dense_dot4_tile\N_TILE=3\TAG_WIDTH=32.$proc$architecture_simulator/rtl/vertical_slice/gtsu_dense_dot4_tile.sv:47$902'.
  created $dff cell `$procdff$84956' with positive edge clock.
Creating register for signal `$paramod\gtsu_dense_dot4_tile\N_TILE=3\TAG_WIDTH=32.\accumulator[0]' using process `$paramod\gtsu_dense_dot4_tile\N_TILE=3\TAG_WIDTH=32.$proc$architecture_simulator/rtl/vertical_slice/gtsu_dense_dot4_tile.sv:47$902'.
  created $adff cell `$procdff$84957' with positive edge clock and negative level reset.
Creating register for signal `$paramod\gtsu_dense_dot4_tile\N_TILE=3\TAG_WIDTH=32.\accumulator[1]' using process `$paramod\gtsu_dense_dot4_tile\N_TILE=3\TAG_WIDTH=32.$proc$architecture_simulator/rtl/vertical_slice/gtsu_dense_dot4_tile.sv:47$902'.
  created $adff cell `$procdff$84958' with positive edge clock and negative level reset.
Creating register for signal `$paramod\gtsu_dense_dot4_tile\N_TILE=3\TAG_WIDTH=32.\accumulator[2]' using process `$paramod\gtsu_dense_dot4_tile\N_TILE=3\TAG_WIDTH=32.$proc$architecture_simulator/rtl/vertical_slice/gtsu_dense_dot4_tile.sv:47$902'.
  created $adff cell `$procdff$84959' with positive edge clock and negative level reset.
Creating register for signal `$paramod\gtsu_requantize_int32\TAG_WIDTH=32.\out_valid_reg' using process `$paramod\gtsu_requantize_int32\TAG_WIDTH=32.$proc$architecture_simulator/rtl/vertical_slice/gtsu_requantize_int32.sv:69$824'.
  created $adff cell `$procdff$84960' with positive edge clock and negative level reset.
Creating register for signal `$paramod\gtsu_requantize_int32\TAG_WIDTH=32.\out_tag_reg' using process `$paramod\gtsu_requantize_int32\TAG_WIDTH=32.$proc$architecture_simulator/rtl/vertical_slice/gtsu_requantize_int32.sv:69$824'.
  created $adff cell `$procdff$84961' with positive edge clock and negative level reset.
Creating register for signal `$paramod\gtsu_requantize_int32\TAG_WIDTH=32.\out_data_reg' using process `$paramod\gtsu_requantize_int32\TAG_WIDTH=32.$proc$architecture_simulator/rtl/vertical_slice/gtsu_requantize_int32.sv:69$824'.
  created $adff cell `$procdff$84962' with positive edge clock and negative level reset.
Creating register for signal `$paramod\gtsu_requantize_int32\TAG_WIDTH=32.$func$\requantize$architecture_simulator/rtl/vertical_slice/gtsu_requantize_int32.sv:80$821$\right_shift' using process `$paramod\gtsu_requantize_int32\TAG_WIDTH=32.$proc$architecture_simulator/rtl/vertical_slice/gtsu_requantize_int32.sv:69$824'.
  created $adff cell `$procdff$84963' with positive edge clock and negative level reset.
Creating register for signal `$paramod\gtsu_requantize_int32\TAG_WIDTH=32.$func$\requantize$architecture_simulator/rtl/vertical_slice/gtsu_requantize_int32.sv:80$821$\accumulator' using process `$paramod\gtsu_requantize_int32\TAG_WIDTH=32.$proc$architecture_simulator/rtl/vertical_slice/gtsu_requantize_int32.sv:69$824'.
  created $adff cell `$procdff$84964' with positive edge clock and negative level reset.
Creating register for signal `$paramod\gtsu_requantize_int32\TAG_WIDTH=32.$func$\requantize$architecture_simulator/rtl/vertical_slice/gtsu_requantize_int32.sv:80$821$\requantize' using process `$paramod\gtsu_requantize_int32\TAG_WIDTH=32.$proc$architecture_simulator/rtl/vertical_slice/gtsu_requantize_int32.sv:69$824'.
  created $adff cell `$procdff$84965' with positive edge clock and negative level reset.
Creating register for signal `$paramod\gtsu_requantize_int32\TAG_WIDTH=32.$func$\requantize$architecture_simulator/rtl/vertical_slice/gtsu_requantize_int32.sv:80$821$\truncated' using process `$paramod\gtsu_requantize_int32\TAG_WIDTH=32.$proc$architecture_simulator/rtl/vertical_slice/gtsu_requantize_int32.sv:69$824'.
  created $adff cell `$procdff$84966' with positive edge clock and negative level reset.
Creating register for signal `$paramod\gtsu_requantize_int32\TAG_WIDTH=32.$func$\requantize$architecture_simulator/rtl/vertical_slice/gtsu_requantize_int32.sv:80$821$\magnitude' using process `$paramod\gtsu_requantize_int32\TAG_WIDTH=32.$proc$architecture_simulator/rtl/vertical_slice/gtsu_requantize_int32.sv:69$824'.
  created $adff cell `$procdff$84967' with positive edge clock and negative level reset.
Creating register for signal `$paramod\gtsu_requantize_int32\TAG_WIDTH=32.$func$\requantize$architecture_simulator/rtl/vertical_slice/gtsu_requantize_int32.sv:80$821$\biased' using process `$paramod\gtsu_requantize_int32\TAG_WIDTH=32.$proc$architecture_simulator/rtl/vertical_slice/gtsu_requantize_int32.sv:69$824'.
  created $adff cell `$procdff$84968' with positive edge clock and negative level reset.
Creating register for signal `$paramod\gtsu_requantize_int32\TAG_WIDTH=32.$func$\requantize$architecture_simulator/rtl/vertical_slice/gtsu_requantize_int32.sv:80$821$\bias' using process `$paramod\gtsu_requantize_int32\TAG_WIDTH=32.$proc$architecture_simulator/rtl/vertical_slice/gtsu_requantize_int32.sv:69$824'.
  created $adff cell `$procdff$84969' with positive edge clock and negative level reset.
Creating register for signal `$paramod\gtsu_requantize_int32\TAG_WIDTH=32.$func$\requantize$architecture_simulator/rtl/vertical_slice/gtsu_requantize_int32.sv:80$821$\product' using process `$paramod\gtsu_requantize_int32\TAG_WIDTH=32.$proc$architecture_simulator/rtl/vertical_slice/gtsu_requantize_int32.sv:69$824'.
  created $adff cell `$procdff$84970' with positive edge clock and negative level reset.
Creating register for signal `$paramod\gtsu_requantize_int32\TAG_WIDTH=32.$func$\requantize$architecture_simulator/rtl/vertical_slice/gtsu_requantize_int32.sv:80$821$\multiplier' using process `$paramod\gtsu_requantize_int32\TAG_WIDTH=32.$proc$architecture_simulator/rtl/vertical_slice/gtsu_requantize_int32.sv:69$824'.
  created $adff cell `$procdff$84971' with positive edge clock and negative level reset.
Creating register for signal `$paramod\gtsu_requantize_int32\TAG_WIDTH=32.$func$\requantize$architecture_simulator/rtl/vertical_slice/gtsu_requantize_int32.sv:80$821$\remainder' using process `$paramod\gtsu_requantize_int32\TAG_WIDTH=32.$proc$architecture_simulator/rtl/vertical_slice/gtsu_requantize_int32.sv:69$824'.
  created $adff cell `$procdff$84972' with positive edge clock and negative level reset.
Creating register for signal `$paramod\gtsu_requantize_int32\TAG_WIDTH=32.$func$\requantize$architecture_simulator/rtl/vertical_slice/gtsu_requantize_int32.sv:80$821$\half' using process `$paramod\gtsu_requantize_int32\TAG_WIDTH=32.$proc$architecture_simulator/rtl/vertical_slice/gtsu_requantize_int32.sv:69$824'.
  created $adff cell `$procdff$84973' with positive edge clock and negative level reset.
Creating register for signal `$paramod\gtsu_requantize_int32\TAG_WIDTH=32.$func$\requantize$architecture_simulator/rtl/vertical_slice/gtsu_requantize_int32.sv:80$821$\round_up' using process `$paramod\gtsu_requantize_int32\TAG_WIDTH=32.$proc$architecture_simulator/rtl/vertical_slice/gtsu_requantize_int32.sv:69$824'.
  created $adff cell `$procdff$84974' with positive edge clock and negative level reset.
Creating register for signal `$paramod\gtsu_requantize_int32\TAG_WIDTH=32.$func$\requantize$architecture_simulator/rtl/vertical_slice/gtsu_requantize_int32.sv:80$821$\rounded' using process `$paramod\gtsu_requantize_int32\TAG_WIDTH=32.$proc$architecture_simulator/rtl/vertical_slice/gtsu_requantize_int32.sv:69$824'.
  created $adff cell `$procdff$84975' with positive edge clock and negative level reset.

12.8. Executing PROC_CLEAN pass (remove empty switches from decision trees).
Found and cleaned up 1 empty switch in `$paramod$8985b4fcc7f68f510e6508caa93a2ca151febd4b\gtsu_dense_sram_requant_pipeline.$proc$architecture_simulator/rtl/vertical_slice/gtsu_dense_sram_requant_pipeline.sv:5$1608'.
Removing empty process `$paramod$8985b4fcc7f68f510e6508caa93a2ca151febd4b\gtsu_dense_sram_requant_pipeline.$proc$architecture_simulator/rtl/vertical_slice/gtsu_dense_sram_requant_pipeline.sv:5$1608'.
Found and cleaned up 1 empty switch in `$paramod$8985b4fcc7f68f510e6508caa93a2ca151febd4b\gtsu_dense_sram_requant_pipeline.$proc$architecture_simulator/rtl/vertical_slice/gtsu_dense_sram_requant_pipeline.sv:5$1605'.
Removing empty process `$paramod$8985b4fcc7f68f510e6508caa93a2ca151febd4b\gtsu_dense_sram_requant_pipeline.$proc$architecture_simulator/rtl/vertical_slice/gtsu_dense_sram_requant_pipeline.sv:5$1605'.
Found and cleaned up 1 empty switch in `$paramod$8985b4fcc7f68f510e6508caa93a2ca151febd4b\gtsu_dense_sram_requant_pipeline.$proc$architecture_simulator/rtl/vertical_slice/gtsu_dense_sram_requant_pipeline.sv:5$1602'.
Removing empty process `$paramod$8985b4fcc7f68f510e6508caa93a2ca151febd4b\gtsu_dense_sram_requant_pipeline.$proc$architecture_simulator/rtl/vertical_slice/gtsu_dense_sram_requant_pipeline.sv:5$1602'.
Found and cleaned up 1 empty switch in `$paramod$8985b4fcc7f68f510e6508caa93a2ca151febd4b\gtsu_dense_sram_requant_pipeline.$proc$architecture_simulator/rtl/vertical_slice/gtsu_dense_sram_requant_pipeline.sv:5$1599'.
Removing empty process `$paramod$8985b4fcc7f68f510e6508caa93a2ca151febd4b\gtsu_dense_sram_requant_pipeline.$proc$architecture_simulator/rtl/vertical_slice/gtsu_dense_sram_requant_pipeline.sv:5$1599'.
Found and cleaned up 13 empty switches in `$paramod$8985b4fcc7f68f510e6508caa93a2ca151febd4b\gtsu_dense_sram_requant_pipeline.$proc$architecture_simulator/rtl/vertical_slice/gtsu_dense_sram_requant_pipeline.sv:232$1557'.
Removing empty process `$paramod$8985b4fcc7f68f510e6508caa93a2ca151febd4b\gtsu_dense_sram_requant_pipeline.$proc$architecture_simulator/rtl/vertical_slice/gtsu_dense_sram_requant_pipeline.sv:232$1557'.
Found and cleaned up 1 empty switch in `$paramod\gtsu_dram_dma_unpack\LINES=4\ROB_DEPTH=4\BLOCK_CHUNKS=2.$proc$architecture_simulator/rtl/vertical_slice/gtsu_dram_dma_unpack.sv:2$1489'.
Removing empty process `$paramod\gtsu_dram_dma_unpack\LINES=4\ROB_DEPTH=4\BLOCK_CHUNKS=2.$proc$architecture_simulator/rtl/vertical_slice/gtsu_dram_dma_unpack.sv:2$1489'.
Found and cleaned up 1 empty switch in `$paramod\gtsu_dram_dma_unpack\LINES=4\ROB_DEPTH=4\BLOCK_CHUNKS=2.$proc$architecture_simulator/rtl/vertical_slice/gtsu_dram_dma_unpack.sv:2$1486'.
Removing empty process `$paramod\gtsu_dram_dma_unpack\LINES=4\ROB_DEPTH=4\BLOCK_CHUNKS=2.$proc$architecture_simulator/rtl/vertical_slice/gtsu_dram_dma_unpack.sv:2$1486'.
Found and cleaned up 11 empty switches in `$paramod\gtsu_dram_dma_unpack\LINES=4\ROB_DEPTH=4\BLOCK_CHUNKS=2.$proc$architecture_simulator/rtl/vertical_slice/gtsu_dram_dma_unpack.sv:53$1455'.
Removing empty process `$paramod\gtsu_dram_dma_unpack\LINES=4\ROB_DEPTH=4\BLOCK_CHUNKS=2.$proc$architecture_simulator/rtl/vertical_slice/gtsu_dram_dma_unpack.sv:53$1455'.
Found and cleaned up 1 empty switch in `$paramod\gtsu_dense_mnk_controller\M=2\N=5\K=16\N_TILE=3\K_BLOCK=8.$proc$architecture_simulator/rtl/vertical_slice/gtsu_dense_mnk_controller.sv:3$1415'.
Removing empty process `$paramod\gtsu_dense_mnk_controller\M=2\N=5\K=16\N_TILE=3\K_BLOCK=8.$proc$architecture_simulator/rtl/vertical_slice/gtsu_dense_mnk_controller.sv:3$1415'.
Found and cleaned up 8 empty switches in `$paramod\gtsu_dense_mnk_controller\M=2\N=5\K=16\N_TILE=3\K_BLOCK=8.$proc$architecture_simulator/rtl/vertical_slice/gtsu_dense_mnk_controller.sv:71$1396'.
Removing empty process `$paramod\gtsu_dense_mnk_controller\M=2\N=5\K=16\N_TILE=3\K_BLOCK=8.$proc$architecture_simulator/rtl/vertical_slice/gtsu_dense_mnk_controller.sv:71$1396'.
Found and cleaned up 70 empty switches in `$paramod\gtsu_banked_sram_2client\BANKS=16\ROWS_PER_BANK=4\DATA_W=128\READ_LATENCY=3\TAG_W=4.$proc$architecture_simulator/rtl/vertical_slice/gtsu_banked_sram_2client.sv:75$1017'.
Removing empty process `$paramod\gtsu_banked_sram_2client\BANKS=16\ROWS_PER_BANK=4\DATA_W=128\READ_LATENCY=3\TAG_W=4.$proc$architecture_simulator/rtl/vertical_slice/gtsu_banked_sram_2client.sv:75$1017'.
Found and cleaned up 1 empty switch in `$paramod\gtsu_rv_fifo\WIDTH=165\DEPTH=8.$proc$architecture_simulator/rtl/vertical_slice/gtsu_rv_fifo.sv:1$935'.
Removing empty process `$paramod\gtsu_rv_fifo\WIDTH=165\DEPTH=8.$proc$architecture_simulator/rtl/vertical_slice/gtsu_rv_fifo.sv:1$935'.
Found and cleaned up 4 empty switches in `$paramod\gtsu_rv_fifo\WIDTH=165\DEPTH=8.$proc$architecture_simulator/rtl/vertical_slice/gtsu_rv_fifo.sv:30$919'.
Removing empty process `$paramod\gtsu_rv_fifo\WIDTH=165\DEPTH=8.$proc$architecture_simulator/rtl/vertical_slice/gtsu_rv_fifo.sv:30$919'.
Found and cleaned up 6 empty switches in `$paramod\gtsu_dense_dot4_tile\N_TILE=3\TAG_WIDTH=32.$proc$architecture_simulator/rtl/vertical_slice/gtsu_dense_dot4_tile.sv:47$902'.
Removing empty process `$paramod\gtsu_dense_dot4_tile\N_TILE=3\TAG_WIDTH=32.$proc$architecture_simulator/rtl/vertical_slice/gtsu_dense_dot4_tile.sv:47$902'.
Found and cleaned up 5 empty switches in `$paramod\gtsu_requantize_int32\TAG_WIDTH=32.$proc$architecture_simulator/rtl/vertical_slice/gtsu_requantize_int32.sv:69$824'.
Removing empty process `$paramod\gtsu_requantize_int32\TAG_WIDTH=32.$proc$architecture_simulator/rtl/vertical_slice/gtsu_requantize_int32.sv:69$824'.
Cleaned up 125 empty switches.

13. Executing OPT pass (performing simple optimizations).

13.1. Executing OPT_EXPR pass (perform const folding).
Optimizing module gtsu_dense_dramsim_dma_pipeline.
Optimizing module $paramod$8985b4fcc7f68f510e6508caa93a2ca151febd4b\gtsu_dense_sram_requant_pipeline.
<suppressed ~14 debug messages>
Optimizing module $paramod\gtsu_dram_dma_unpack\LINES=4\ROB_DEPTH=4\BLOCK_CHUNKS=2.
<suppressed ~15 debug messages>
Optimizing module $paramod\gtsu_dense_mnk_controller\M=2\N=5\K=16\N_TILE=3\K_BLOCK=8.
<suppressed ~18 debug messages>
Optimizing module $paramod\gtsu_banked_sram_2client\BANKS=16\ROWS_PER_BANK=4\DATA_W=128\READ_LATENCY=3\TAG_W=4.
<suppressed ~103 debug messages>
Optimizing module $paramod\gtsu_rv_fifo\WIDTH=165\DEPTH=8.
<suppressed ~3 debug messages>
Optimizing module $paramod\gtsu_dense_dot4_tile\N_TILE=3\TAG_WIDTH=32.
Optimizing module $paramod\gtsu_requantize_int32\TAG_WIDTH=32.
<suppressed ~1 debug messages>
Optimizing module gtsu_dot4_pe.

13.2. Executing OPT_MERGE pass (detect identical cells).
Finding identical cells in module `\gtsu_dense_dramsim_dma_pipeline'.
Finding identical cells in module `$paramod$8985b4fcc7f68f510e6508caa93a2ca151febd4b\gtsu_dense_sram_requant_pipeline'.
<suppressed ~312 debug messages>
Finding identical cells in module `$paramod\gtsu_dram_dma_unpack\LINES=4\ROB_DEPTH=4\BLOCK_CHUNKS=2'.
<suppressed ~60 debug messages>
Finding identical cells in module `$paramod\gtsu_dense_mnk_controller\M=2\N=5\K=16\N_TILE=3\K_BLOCK=8'.
<suppressed ~15 debug messages>
Finding identical cells in module `$paramod\gtsu_banked_sram_2client\BANKS=16\ROWS_PER_BANK=4\DATA_W=128\READ_LATENCY=3\TAG_W=4'.
<suppressed ~6450 debug messages>
Finding identical cells in module `$paramod\gtsu_rv_fifo\WIDTH=165\DEPTH=8'.
<suppressed ~6 debug messages>
Finding identical cells in module `$paramod\gtsu_dense_dot4_tile\N_TILE=3\TAG_WIDTH=32'.
Finding identical cells in module `$paramod\gtsu_requantize_int32\TAG_WIDTH=32'.
<suppressed ~21 debug messages>
Finding identical cells in module `\gtsu_dot4_pe'.
Removed a total of 2288 cells.

13.3. Executing OPT_MUXTREE pass (detect dead branches in mux trees).
Running muxtree optimizer on module \gtsu_dense_dramsim_dma_pipeline..
  Creating internal representation of mux trees.
  No muxes found in this module.
Running muxtree optimizer on module $paramod$8985b4fcc7f68f510e6508caa93a2ca151febd4b\gtsu_dense_sram_requant_pipeline..
  Creating internal representation of mux trees.
  Evaluating internal representation of mux trees.
  Analyzing evaluation results.
    dead port 1/2 on $mux $procmux$1702.
    dead port 2/2 on $mux $procmux$1702.
    dead port 1/2 on $mux $procmux$1699.
    dead port 2/2 on $mux $procmux$1699.
    dead port 1/2 on $mux $procmux$1696.
    dead port 2/2 on $mux $procmux$1696.
    dead port 1/2 on $mux $procmux$1693.
    dead port 2/2 on $mux $procmux$1693.
    dead port 1/2 on $mux $procmux$1690.
    dead port 2/2 on $mux $procmux$1690.
    dead port 1/2 on $mux $procmux$1687.
    dead port 2/2 on $mux $procmux$1687.
    dead port 1/2 on $mux $procmux$1684.
    dead port 2/2 on $mux $procmux$1684.
    dead port 1/2 on $mux $procmux$1681.
    dead port 2/2 on $mux $procmux$1681.
Running muxtree optimizer on module $paramod\gtsu_dram_dma_unpack\LINES=4\ROB_DEPTH=4\BLOCK_CHUNKS=2..
  Creating internal representation of mux trees.
  Evaluating internal representation of mux trees.
  Analyzing evaluation results.
    dead port 1/2 on $mux $procmux$2684.
    dead port 2/2 on $mux $procmux$2684.
    dead port 1/2 on $mux $procmux$2613.
    dead port 2/2 on $mux $procmux$2613.
    dead port 1/2 on $mux $procmux$2610.
    dead port 2/2 on $mux $procmux$2610.
    dead port 1/2 on $mux $procmux$2607.
    dead port 2/2 on $mux $procmux$2607.
Running muxtree optimizer on module $paramod\gtsu_dense_mnk_controller\M=2\N=5\K=16\N_TILE=3\K_BLOCK=8..
  Creating internal representation of mux trees.
  Evaluating internal representation of mux trees.
      Replacing known input bits on port A of cell $procmux$2737: \load_sequence -> { \load_sequence [31:1] 1'0 }
      Replacing known input bits on port B of cell $procmux$2731: \load_sequence -> { \load_sequence [31:1] 1'1 }
  Analyzing evaluation results.
    dead port 1/2 on $mux $procmux$2728.
    dead port 2/2 on $mux $procmux$2728.
    dead port 1/2 on $mux $procmux$2782.
    dead port 2/2 on $mux $procmux$2782.
Running muxtree optimizer on module $paramod\gtsu_banked_sram_2client\BANKS=16\ROWS_PER_BANK=4\DATA_W=128\READ_LATENCY=3\TAG_W=4..
  Creating internal representation of mux trees.
  Evaluating internal representation of mux trees.
  Analyzing evaluation results.
    dead port 1/2 on $mux $procmux$79712.
    dead port 2/2 on $mux $procmux$79712.
    dead port 1/2 on $mux $procmux$79709.
    dead port 2/2 on $mux $procmux$79709.
    dead port 2/2 on $mux $procmux$79706.
    dead port 1/2 on $mux $procmux$64153.
    dead port 2/2 on $mux $procmux$64153.
    dead port 1/2 on $mux $procmux$64151.
    dead port 2/2 on $mux $procmux$64151.
    dead port 1/2 on $mux $procmux$84408.
    dead port 2/2 on $mux $procmux$84408.
    dead port 1/2 on $mux $procmux$84406.
    dead port 2/2 on $mux $procmux$84406.
    dead port 1/2 on $mux $procmux$84402.
    dead port 2/2 on $mux $procmux$84402.
    dead port 1/2 on $mux $procmux$84400.
    dead port 2/2 on $mux $procmux$84400.
    dead port 1/2 on $mux $procmux$84396.
    dead port 2/2 on $mux $procmux$84396.
    dead port 1/2 on $mux $procmux$84394.
    dead port 2/2 on $mux $procmux$84394.
    dead port 1/2 on $mux $procmux$84390.
    dead port 2/2 on $mux $procmux$84390.
    dead port 1/2 on $mux $procmux$84388.
    dead port 2/2 on $mux $procmux$84388.
    dead port 1/2 on $mux $procmux$84384.
    dead port 2/2 on $mux $procmux$84384.
    dead port 1/2 on $mux $procmux$84382.
    dead port 2/2 on $mux $procmux$84382.
    dead port 1/2 on $mux $procmux$84378.
    dead port 2/2 on $mux $procmux$84378.
    dead port 1/2 on $mux $procmux$84376.
    dead port 2/2 on $mux $procmux$84376.
    dead port 1/2 on $mux $procmux$84372.
    dead port 2/2 on $mux $procmux$84372.
    dead port 1/2 on $mux $procmux$84370.
    dead port 2/2 on $mux $procmux$84370.
    dead port 1/2 on $mux $procmux$84366.
    dead port 2/2 on $mux $procmux$84366.
    dead port 1/2 on $mux $procmux$84364.
    dead port 2/2 on $mux $procmux$84364.
    dead port 1/2 on $mux $procmux$79638.
    dead port 2/2 on $mux $procmux$79638.
    dead port 1/2 on $mux $procmux$79635.
    dead port 2/2 on $mux $procmux$79635.
    dead port 2/2 on $mux $procmux$79632.
    dead port 1/2 on $mux $procmux$84360.
    dead port 2/2 on $mux $procmux$84360.
    dead port 1/2 on $mux $procmux$84358.
    dead port 2/2 on $mux $procmux$84358.
    dead port 1/2 on $mux $procmux$84354.
    dead port 2/2 on $mux $procmux$84354.
    dead port 1/2 on $mux $procmux$84352.
    dead port 2/2 on $mux $procmux$84352.
    dead port 1/2 on $mux $procmux$84348.
    dead port 2/2 on $mux $procmux$84348.
    dead port 1/2 on $mux $procmux$84346.
    dead port 2/2 on $mux $procmux$84346.
    dead port 1/2 on $mux $procmux$84342.
    dead port 2/2 on $mux $procmux$84342.
    dead port 1/2 on $mux $procmux$84340.
    dead port 2/2 on $mux $procmux$84340.
    dead port 1/2 on $mux $procmux$84336.
    dead port 2/2 on $mux $procmux$84336.
    dead port 1/2 on $mux $procmux$84334.
    dead port 2/2 on $mux $procmux$84334.
    dead port 1/2 on $mux $procmux$84330.
    dead port 2/2 on $mux $procmux$84330.
    dead port 1/2 on $mux $procmux$84328.
    dead port 2/2 on $mux $procmux$84328.
    dead port 1/2 on $mux $procmux$84324.
    dead port 2/2 on $mux $procmux$84324.
    dead port 1/2 on $mux $procmux$84322.
    dead port 2/2 on $mux $procmux$84322.
    dead port 1/2 on $mux $procmux$79564.
    dead port 2/2 on $mux $procmux$79564.
    dead port 1/2 on $mux $procmux$79561.
    dead port 2/2 on $mux $procmux$79561.
    dead port 1/2 on $mux $procmux$79558.
    dead port 2/2 on $mux $procmux$79558.
    dead port 1/2 on $mux $procmux$79555.
    dead port 2/2 on $mux $procmux$79555.
    dead port 1/2 on $mux $procmux$79552.
    dead port 2/2 on $mux $procmux$79552.
    dead port 1/2 on $mux $procmux$79549.
    dead port 2/2 on $mux $procmux$79549.
    dead port 1/2 on $mux $procmux$79546.
    dead port 2/2 on $mux $procmux$79546.
    dead port 1/2 on $mux $procmux$79543.
    dead port 2/2 on $mux $procmux$79543.
    dead port 1/2 on $mux $procmux$79540.
    dead port 2/2 on $mux $procmux$79540.
    dead port 1/2 on $mux $procmux$79537.
    dead port 2/2 on $mux $procmux$79537.
    dead port 1/2 on $mux $procmux$79534.
    dead port 2/2 on $mux $procmux$79534.
    dead port 1/2 on $mux $procmux$79531.
    dead port 2/2 on $mux $procmux$79531.
    dead port 1/2 on $mux $procmux$79528.
    dead port 2/2 on $mux $procmux$79528.
    dead port 1/2 on $mux $procmux$79525.
    dead port 2/2 on $mux $procmux$79525.
    dead port 1/2 on $mux $procmux$79522.
    dead port 2/2 on $mux $procmux$79522.
    dead port 1/2 on $mux $procmux$79519.
    dead port 2/2 on $mux $procmux$79519.
    dead port 1/2 on $mux $procmux$79516.
    dead port 2/2 on $mux $procmux$79516.
    dead port 1/2 on $mux $procmux$79513.
    dead port 2/2 on $mux $procmux$79513.
    dead port 1/2 on $mux $procmux$79510.
    dead port 2/2 on $mux $procmux$79510.
    dead port 1/2 on $mux $procmux$79507.
    dead port 2/2 on $mux $procmux$79507.
    dead port 1/2 on $mux $procmux$79504.
    dead port 2/2 on $mux $procmux$79504.
    dead port 1/2 on $mux $procmux$79501.
    dead port 2/2 on $mux $procmux$79501.
    dead port 1/2 on $mux $procmux$79498.
    dead port 2/2 on $mux $procmux$79498.
    dead port 1/2 on $mux $procmux$79495.
    dead port 2/2 on $mux $procmux$79495.
    dead port 1/2 on $mux $procmux$79492.
    dead port 2/2 on $mux $procmux$79492.
    dead port 1/2 on $mux $procmux$79489.
    dead port 2/2 on $mux $procmux$79489.
    dead port 1/2 on $mux $procmux$79486.
    dead port 2/2 on $mux $procmux$79486.
    dead port 1/2 on $mux $procmux$59053.
    dead port 2/2 on $mux $procmux$59053.
    dead port 1/2 on $mux $procmux$59051.
    dead port 2/2 on $mux $procmux$59051.
    dead port 1/2 on $mux $procmux$79483.
    dead port 2/2 on $mux $procmux$79483.
    dead port 1/2 on $mux $procmux$79480.
    dead port 2/2 on $mux $procmux$79480.
    dead port 1/2 on $mux $procmux$79477.
    dead port 2/2 on $mux $procmux$79477.
    dead port 1/2 on $mux $procmux$79474.
    dead port 2/2 on $mux $procmux$79474.
    dead port 1/2 on $mux $procmux$79471.
    dead port 2/2 on $mux $procmux$79471.
    dead port 1/2 on $mux $procmux$79465.
    dead port 2/2 on $mux $procmux$79465.
    dead port 1/2 on $mux $procmux$79463.
    dead port 2/2 on $mux $procmux$79463.
    dead port 1/2 on $mux $procmux$53955.
    dead port 2/2 on $mux $procmux$53955.
    dead port 1/2 on $mux $procmux$53953.
    dead port 2/2 on $mux $procmux$53953.
    dead port 1/2 on $mux $procmux$48859.
    dead port 2/2 on $mux $procmux$48859.
    dead port 1/2 on $mux $procmux$48857.
    dead port 2/2 on $mux $procmux$48857.
    dead port 1/2 on $mux $procmux$43765.
    dead port 2/2 on $mux $procmux$43765.
    dead port 1/2 on $mux $procmux$43763.
    dead port 2/2 on $mux $procmux$43763.
    dead port 1/2 on $mux $procmux$38673.
    dead port 2/2 on $mux $procmux$38673.
    dead port 1/2 on $mux $procmux$38671.
    dead port 2/2 on $mux $procmux$38671.
    dead port 1/2 on $mux $procmux$74359.
    dead port 2/2 on $mux $procmux$74359.
    dead port 1/2 on $mux $procmux$74357.
    dead port 2/2 on $mux $procmux$74357.
    dead port 1/2 on $mux $procmux$33583.
    dead port 2/2 on $mux $procmux$33583.
    dead port 1/2 on $mux $procmux$33581.
    dead port 2/2 on $mux $procmux$33581.
    dead port 1/2 on $mux $procmux$28495.
    dead port 2/2 on $mux $procmux$28495.
    dead port 1/2 on $mux $procmux$28493.
    dead port 2/2 on $mux $procmux$28493.
    dead port 1/2 on $mux $procmux$23409.
    dead port 2/2 on $mux $procmux$23409.
    dead port 1/2 on $mux $procmux$23407.
    dead port 2/2 on $mux $procmux$23407.
    dead port 1/2 on $mux $procmux$18325.
    dead port 2/2 on $mux $procmux$18325.
    dead port 1/2 on $mux $procmux$18323.
    dead port 2/2 on $mux $procmux$18323.
    dead port 1/2 on $mux $procmux$69255.
    dead port 2/2 on $mux $procmux$69255.
    dead port 1/2 on $mux $procmux$69253.
    dead port 2/2 on $mux $procmux$69253.
    dead port 1/2 on $mux $procmux$13243.
    dead port 2/2 on $mux $procmux$13243.
    dead port 1/2 on $mux $procmux$13241.
    dead port 2/2 on $mux $procmux$13241.
    dead port 1/2 on $mux $procmux$8163.
    dead port 2/2 on $mux $procmux$8163.
    dead port 1/2 on $mux $procmux$8161.
    dead port 2/2 on $mux $procmux$8161.
    dead port 1/2 on $mux $procmux$3085.
    dead port 2/2 on $mux $procmux$3085.
    dead port 1/2 on $mux $procmux$3083.
    dead port 2/2 on $mux $procmux$3083.
    dead port 1/2 on $mux $procmux$3079.
    dead port 2/2 on $mux $procmux$3079.
    dead port 1/2 on $mux $procmux$3077.
    dead port 2/2 on $mux $procmux$3077.
    dead port 1/2 on $mux $procmux$3073.
    dead port 2/2 on $mux $procmux$3073.
    dead port 1/2 on $mux $procmux$3070.
    dead port 2/2 on $mux $procmux$3070.
    dead port 1/2 on $mux $procmux$3067.
    dead port 2/2 on $mux $procmux$3067.
    dead port 1/2 on $mux $procmux$3064.
    dead port 2/2 on $mux $procmux$3064.
    dead port 1/2 on $mux $procmux$3061.
    dead port 2/2 on $mux $procmux$3061.
    dead port 1/2 on $mux $procmux$3058.
    dead port 2/2 on $mux $procmux$3058.
    dead port 1/2 on $mux $procmux$3055.
    dead port 2/2 on $mux $procmux$3055.
    dead port 1/2 on $mux $procmux$3052.
    dead port 2/2 on $mux $procmux$3052.
    dead port 1/2 on $mux $procmux$3049.
    dead port 2/2 on $mux $procmux$3049.
    dead port 1/2 on $mux $procmux$3046.
    dead port 2/2 on $mux $procmux$3046.
    dead port 1/2 on $mux $procmux$3043.
    dead port 2/2 on $mux $procmux$3043.
    dead port 1/2 on $mux $procmux$3040.
    dead port 2/2 on $mux $procmux$3040.
    dead port 1/2 on $mux $procmux$3037.
    dead port 2/2 on $mux $procmux$3037.
    dead port 1/2 on $mux $procmux$3034.
    dead port 2/2 on $mux $procmux$3034.
    dead port 1/2 on $mux $procmux$3031.
    dead port 2/2 on $mux $procmux$3031.
    dead port 1/2 on $mux $procmux$3028.
    dead port 2/2 on $mux $procmux$3028.
    dead port 1/2 on $mux $procmux$3025.
    dead port 2/2 on $mux $procmux$3025.
    dead port 1/2 on $mux $procmux$3022.
    dead port 2/2 on $mux $procmux$3022.
    dead port 1/2 on $mux $procmux$3019.
    dead port 2/2 on $mux $procmux$3019.
    dead port 1/2 on $mux $procmux$3016.
    dead port 2/2 on $mux $procmux$3016.
    dead port 1/2 on $mux $procmux$3013.
    dead port 2/2 on $mux $procmux$3013.
    dead port 1/2 on $mux $procmux$3010.
    dead port 2/2 on $mux $procmux$3010.
    dead port 1/2 on $mux $procmux$3007.
    dead port 2/2 on $mux $procmux$3007.
    dead port 1/2 on $mux $procmux$3004.
    dead port 2/2 on $mux $procmux$3004.
    dead port 1/2 on $mux $procmux$3001.
    dead port 2/2 on $mux $procmux$3001.
    dead port 1/2 on $mux $procmux$2998.
    dead port 2/2 on $mux $procmux$2998.
    dead port 1/2 on $mux $procmux$2995.
    dead port 2/2 on $mux $procmux$2995.
    dead port 1/2 on $mux $procmux$2992.
    dead port 2/2 on $mux $procmux$2992.
    dead port 1/2 on $mux $procmux$2989.
    dead port 2/2 on $mux $procmux$2989.
    dead port 1/2 on $mux $procmux$2986.
    dead port 2/2 on $mux $procmux$2986.
    dead port 1/2 on $mux $procmux$2983.
    dead port 2/2 on $mux $procmux$2983.
    dead port 1/2 on $mux $procmux$2980.
    dead port 2/2 on $mux $procmux$2980.
    dead port 1/2 on $mux $procmux$2974.
    dead port 2/2 on $mux $procmux$2974.
    dead port 1/2 on $mux $procmux$2972.
    dead port 2/2 on $mux $procmux$2972.
    dead port 1/2 on $mux $procmux$2968.
    dead port 2/2 on $mux $procmux$2968.
    dead port 1/2 on $mux $procmux$2966.
    dead port 2/2 on $mux $procmux$2966.
    dead port 1/2 on $mux $procmux$2962.
    dead port 2/2 on $mux $procmux$2962.
    dead port 1/2 on $mux $procmux$2960.
    dead port 2/2 on $mux $procmux$2960.
    dead port 1/2 on $mux $procmux$2956.
    dead port 2/2 on $mux $procmux$2956.
    dead port 1/2 on $mux $procmux$2954.
    dead port 2/2 on $mux $procmux$2954.
    dead port 1/2 on $mux $procmux$2950.
    dead port 2/2 on $mux $procmux$2950.
    dead port 1/2 on $mux $procmux$2948.
    dead port 2/2 on $mux $procmux$2948.
    dead port 1/2 on $mux $procmux$2944.
    dead port 2/2 on $mux $procmux$2944.
    dead port 1/2 on $mux $procmux$2942.
    dead port 2/2 on $mux $procmux$2942.
    dead port 1/2 on $mux $procmux$2938.
    dead port 2/2 on $mux $procmux$2938.
    dead port 1/2 on $mux $procmux$2936.
    dead port 2/2 on $mux $procmux$2936.
    dead port 1/2 on $mux $procmux$2932.
    dead port 2/2 on $mux $procmux$2932.
    dead port 1/2 on $mux $procmux$2930.
    dead port 2/2 on $mux $procmux$2930.
    dead port 1/2 on $mux $procmux$2926.
    dead port 2/2 on $mux $procmux$2926.
    dead port 1/2 on $mux $procmux$2924.
    dead port 2/2 on $mux $procmux$2924.
    dead port 1/2 on $mux $procmux$2920.
    dead port 2/2 on $mux $procmux$2920.
    dead port 1/2 on $mux $procmux$2918.
    dead port 2/2 on $mux $procmux$2918.
    dead port 1/2 on $mux $procmux$2914.
    dead port 2/2 on $mux $procmux$2914.
    dead port 1/2 on $mux $procmux$2912.
    dead port 2/2 on $mux $procmux$2912.
    dead port 1/2 on $mux $procmux$2908.
    dead port 2/2 on $mux $procmux$2908.
    dead port 1/2 on $mux $procmux$2906.
    dead port 2/2 on $mux $procmux$2906.
    dead port 1/2 on $mux $procmux$2902.
    dead port 2/2 on $mux $procmux$2902.
    dead port 1/2 on $mux $procmux$2900.
    dead port 2/2 on $mux $procmux$2900.
    dead port 1/2 on $mux $procmux$2896.
    dead port 2/2 on $mux $procmux$2896.
    dead port 1/2 on $mux $procmux$2894.
    dead port 2/2 on $mux $procmux$2894.
    dead port 1/2 on $mux $procmux$2890.
    dead port 2/2 on $mux $procmux$2890.
    dead port 1/2 on $mux $procmux$2888.
    dead port 2/2 on $mux $procmux$2888.
    dead port 1/2 on $mux $procmux$2884.
    dead port 2/2 on $mux $procmux$2884.
    dead port 1/2 on $mux $procmux$2882.
    dead port 2/2 on $mux $procmux$2882.
    dead port 1/2 on $mux $procmux$2878.
    dead port 2/2 on $mux $procmux$2878.
    dead port 1/2 on $mux $procmux$2876.
    dead port 2/2 on $mux $procmux$2876.
    dead port 1/2 on $mux $procmux$2872.
    dead port 2/2 on $mux $procmux$2872.
    dead port 1/2 on $mux $procmux$2870.
    dead port 2/2 on $mux $procmux$2870.
    dead port 1/2 on $mux $procmux$2866.
    dead port 2/2 on $mux $procmux$2866.
    dead port 1/2 on $mux $procmux$2864.
    dead port 2/2 on $mux $procmux$2864.
    dead port 1/2 on $mux $procmux$2860.
    dead port 2/2 on $mux $procmux$2860.
    dead port 1/2 on $mux $procmux$2858.
    dead port 2/2 on $mux $procmux$2858.
    dead port 1/2 on $mux $procmux$2854.
    dead port 2/2 on $mux $procmux$2854.
    dead port 1/2 on $mux $procmux$2852.
    dead port 2/2 on $mux $procmux$2852.
    dead port 1/2 on $mux $procmux$2848.
    dead port 2/2 on $mux $procmux$2848.
    dead port 1/2 on $mux $procmux$2846.
    dead port 2/2 on $mux $procmux$2846.
    dead port 1/2 on $mux $procmux$2842.
    dead port 2/2 on $mux $procmux$2842.
    dead port 1/2 on $mux $procmux$2840.
    dead port 2/2 on $mux $procmux$2840.
    dead port 1/2 on $mux $procmux$2836.
    dead port 2/2 on $mux $procmux$2836.
    dead port 1/2 on $mux $procmux$2834.
    dead port 2/2 on $mux $procmux$2834.
    dead port 1/2 on $mux $procmux$2830.
    dead port 2/2 on $mux $procmux$2830.
    dead port 1/2 on $mux $procmux$2828.
    dead port 2/2 on $mux $procmux$2828.
    dead port 1/2 on $mux $procmux$2824.
    dead port 2/2 on $mux $procmux$2824.
    dead port 1/2 on $mux $procmux$2822.
    dead port 2/2 on $mux $procmux$2822.
    dead port 1/2 on $mux $procmux$2818.
    dead port 2/2 on $mux $procmux$2818.
    dead port 1/2 on $mux $procmux$2816.
    dead port 2/2 on $mux $procmux$2816.
    dead port 1/2 on $mux $procmux$2812.
    dead port 2/2 on $mux $procmux$2812.
    dead port 1/2 on $mux $procmux$2810.
    dead port 2/2 on $mux $procmux$2810.
    dead port 1/2 on $mux $procmux$2806.
    dead port 2/2 on $mux $procmux$2806.
    dead port 1/2 on $mux $procmux$2804.
    dead port 2/2 on $mux $procmux$2804.
    dead port 1/2 on $mux $procmux$2800.
    dead port 2/2 on $mux $procmux$2800.
    dead port 1/2 on $mux $procmux$2798.
    dead port 2/2 on $mux $procmux$2798.
    dead port 1/2 on $mux $procmux$2794.
    dead port 2/2 on $mux $procmux$2794.
    dead port 1/2 on $mux $procmux$2792.
    dead port 2/2 on $mux $procmux$2792.
    dead port 1/2 on $mux $procmux$2788.
    dead port 2/2 on $mux $procmux$2788.
    dead port 1/2 on $mux $procmux$2786.
    dead port 2/2 on $mux $procmux$2786.
Running muxtree optimizer on module $paramod\gtsu_rv_fifo\WIDTH=165\DEPTH=8..
  Creating internal representation of mux trees.
  Evaluating internal representation of mux trees.
  Analyzing evaluation results.
    dead port 1/2 on $mux $procmux$84447.
    dead port 2/2 on $mux $procmux$84447.
    dead port 1/2 on $mux $procmux$84444.
    dead port 2/2 on $mux $procmux$84444.
Running muxtree optimizer on module $paramod\gtsu_dense_dot4_tile\N_TILE=3\TAG_WIDTH=32..
  Creating internal representation of mux trees.
  Evaluating internal representation of mux trees.
  Analyzing evaluation results.
Running muxtree optimizer on module $paramod\gtsu_requantize_int32\TAG_WIDTH=32..
  Creating internal representation of mux trees.
  Evaluating internal representation of mux trees.
      Replacing known input bits on port A of cell $ternary$architecture_simulator/rtl/vertical_slice/gtsu_requantize_int32.sv:46$870: $mul$architecture_simulator/rtl/vertical_slice/gtsu_requantize_int32.sv:45$868_Y -> { 1'0 $mul$architecture_simulator/rtl/vertical_slice/gtsu_requantize_int32.sv:45$868_Y [64:0] }
  Analyzing evaluation results.
    dead port 1/2 on $mux $procmux$84649.
    dead port 2/2 on $mux $procmux$84649.
    dead port 1/2 on $mux $procmux$84646.
    dead port 2/2 on $mux $procmux$84646.
    dead port 1/2 on $mux $procmux$84643.
    dead port 2/2 on $mux $procmux$84643.
    dead port 1/2 on $mux $procmux$84640.
    dead port 2/2 on $mux $procmux$84640.
    dead port 1/2 on $mux $procmux$84637.
    dead port 2/2 on $mux $procmux$84637.
    dead port 1/2 on $mux $procmux$84634.
    dead port 2/2 on $mux $procmux$84634.
    dead port 1/2 on $mux $procmux$84631.
    dead port 2/2 on $mux $procmux$84631.
    dead port 1/2 on $mux $procmux$84628.
    dead port 2/2 on $mux $procmux$84628.
    dead port 1/2 on $mux $procmux$84625.
    dead port 2/2 on $mux $procmux$84625.
    dead port 1/2 on $mux $procmux$84622.
    dead port 2/2 on $mux $procmux$84622.
    dead port 1/2 on $mux $procmux$84619.
    dead port 2/2 on $mux $procmux$84619.
    dead port 1/2 on $mux $procmux$84616.
    dead port 2/2 on $mux $procmux$84616.
    dead port 1/2 on $mux $procmux$84613.
    dead port 2/2 on $mux $procmux$84613.
    dead port 1/2 on $mux $procmux$84610.
    dead port 2/2 on $mux $procmux$84610.
    dead port 1/2 on $mux $procmux$84608.
    dead port 2/2 on $mux $procmux$84608.
    dead port 1/2 on $mux $procmux$84604.
    dead port 2/2 on $mux $procmux$84604.
    dead port 1/2 on $mux $procmux$84602.
    dead port 2/2 on $mux $procmux$84602.
    dead port 2/2 on $mux $procmux$84586.
    dead port 2/2 on $mux $procmux$84580.
    dead port 1/2 on $mux $procmux$84578.
Running muxtree optimizer on module \gtsu_dot4_pe..
  Creating internal representation of mux trees.
  No muxes found in this module.
Removed 463 multiplexer ports.
<suppressed ~2213 debug messages>

13.4. Executing OPT_REDUCE pass (consolidate $*mux and $reduce_* inputs).
  Optimizing cells in module \gtsu_dense_dramsim_dma_pipeline.
  Optimizing cells in module $paramod$8985b4fcc7f68f510e6508caa93a2ca151febd4b\gtsu_dense_sram_requant_pipeline.
    New input vector for $reduce_or cell $reduce_or$architecture_simulator/rtl/vertical_slice/gtsu_dense_sram_requant_pipeline.sv:200$1544: { \requant_out_valid [0] \requant_out_valid [1] \requant_out_valid [2] }
    New input vector for $reduce_and cell $reduce_and$architecture_simulator/rtl/vertical_slice/gtsu_dense_sram_requant_pipeline.sv:198$1542: { \requant_in_ready [0] \requant_in_ready [1] \requant_in_ready [2] }
    New input vector for $reduce_and cell $reduce_and$architecture_simulator/rtl/vertical_slice/gtsu_dense_sram_requant_pipeline.sv:199$1543: { \requant_out_valid [0] \requant_out_valid [1] \requant_out_valid [2] }
  Optimizing cells in module $paramod$8985b4fcc7f68f510e6508caa93a2ca151febd4b\gtsu_dense_sram_requant_pipeline.
  Optimizing cells in module $paramod\gtsu_dram_dma_unpack\LINES=4\ROB_DEPTH=4\BLOCK_CHUNKS=2.
  Optimizing cells in module $paramod\gtsu_dense_mnk_controller\M=2\N=5\K=16\N_TILE=3\K_BLOCK=8.
  Optimizing cells in module $paramod\gtsu_banked_sram_2client\BANKS=16\ROWS_PER_BANK=4\DATA_W=128\READ_LATENCY=3\TAG_W=4.
  Optimizing cells in module $paramod\gtsu_rv_fifo\WIDTH=165\DEPTH=8.
  Optimizing cells in module $paramod\gtsu_dense_dot4_tile\N_TILE=3\TAG_WIDTH=32.
  Optimizing cells in module $paramod\gtsu_requantize_int32\TAG_WIDTH=32.
  Optimizing cells in module \gtsu_dot4_pe.
Performed a total of 3 changes.

13.5. Executing OPT_MERGE pass (detect identical cells).
Finding identical cells in module `\gtsu_dense_dramsim_dma_pipeline'.
Finding identical cells in module `$paramod$8985b4fcc7f68f510e6508caa93a2ca151febd4b\gtsu_dense_sram_requant_pipeline'.
Finding identical cells in module `$paramod\gtsu_dram_dma_unpack\LINES=4\ROB_DEPTH=4\BLOCK_CHUNKS=2'.
Finding identical cells in module `$paramod\gtsu_dense_mnk_controller\M=2\N=5\K=16\N_TILE=3\K_BLOCK=8'.
Finding identical cells in module `$paramod\gtsu_banked_sram_2client\BANKS=16\ROWS_PER_BANK=4\DATA_W=128\READ_LATENCY=3\TAG_W=4'.
Finding identical cells in module `$paramod\gtsu_rv_fifo\WIDTH=165\DEPTH=8'.
Finding identical cells in module `$paramod\gtsu_dense_dot4_tile\N_TILE=3\TAG_WIDTH=32'.
Finding identical cells in module `$paramod\gtsu_requantize_int32\TAG_WIDTH=32'.
Finding identical cells in module `\gtsu_dot4_pe'.
Removed a total of 0 cells.

13.6. Executing OPT_RMDFF pass (remove dff with constant values).
Removing $procdff$84741 ($adff) from module $paramod$8985b4fcc7f68f510e6508caa93a2ca151febd4b\gtsu_dense_sram_requant_pipeline.
Removing $procdff$84743 ($adff) from module $paramod$8985b4fcc7f68f510e6508caa93a2ca151febd4b\gtsu_dense_sram_requant_pipeline.
Removing $procdff$84739 ($adff) from module $paramod$8985b4fcc7f68f510e6508caa93a2ca151febd4b\gtsu_dense_sram_requant_pipeline.
Removing $procdff$84742 ($adff) from module $paramod$8985b4fcc7f68f510e6508caa93a2ca151febd4b\gtsu_dense_sram_requant_pipeline.
Removing $procdff$84662 ($adff) from module $paramod$8985b4fcc7f68f510e6508caa93a2ca151febd4b\gtsu_dense_sram_requant_pipeline.
Removing $procdff$84764 ($adff) from module $paramod\gtsu_dram_dma_unpack\LINES=4\ROB_DEPTH=4\BLOCK_CHUNKS=2.
Removing $procdff$84746 ($adff) from module $paramod\gtsu_dram_dma_unpack\LINES=4\ROB_DEPTH=4\BLOCK_CHUNKS=2.
Removing $procdff$84765 ($adff) from module $paramod\gtsu_dram_dma_unpack\LINES=4\ROB_DEPTH=4\BLOCK_CHUNKS=2.
Removing $procdff$84767 ($adff) from module $paramod\gtsu_dram_dma_unpack\LINES=4\ROB_DEPTH=4\BLOCK_CHUNKS=2.
Removing $procdff$84776 ($adff) from module $paramod\gtsu_dense_mnk_controller\M=2\N=5\K=16\N_TILE=3\K_BLOCK=8.
Removing $procdff$84777 ($adff) from module $paramod\gtsu_dense_mnk_controller\M=2\N=5\K=16\N_TILE=3\K_BLOCK=8.
Removing $procdff$84901 ($adff) from module $paramod\gtsu_banked_sram_2client\BANKS=16\ROWS_PER_BANK=4\DATA_W=128\READ_LATENCY=3\TAG_W=4.
Removing $procdff$84902 ($adff) from module $paramod\gtsu_banked_sram_2client\BANKS=16\ROWS_PER_BANK=4\DATA_W=128\READ_LATENCY=3\TAG_W=4.
Removing $procdff$84943 ($adff) from module $paramod\gtsu_rv_fifo\WIDTH=165\DEPTH=8.
Removing $procdff$84950 ($adff) from module $paramod\gtsu_rv_fifo\WIDTH=165\DEPTH=8.
Removing $procdff$84968 ($adff) from module $paramod\gtsu_requantize_int32\TAG_WIDTH=32.
Removing $procdff$84975 ($adff) from module $paramod\gtsu_requantize_int32\TAG_WIDTH=32.
Removing $procdff$84971 ($adff) from module $paramod\gtsu_requantize_int32\TAG_WIDTH=32.
Removing $procdff$84965 ($adff) from module $paramod\gtsu_requantize_int32\TAG_WIDTH=32.
Removing $procdff$84974 ($adff) from module $paramod\gtsu_requantize_int32\TAG_WIDTH=32.
Removing $procdff$84963 ($adff) from module $paramod\gtsu_requantize_int32\TAG_WIDTH=32.
Removing $procdff$84973 ($adff) from module $paramod\gtsu_requantize_int32\TAG_WIDTH=32.
Replaced 22 DFF cells.

13.7. Executing OPT_CLEAN pass (remove unused cells and wires).
Finding unused cells or wires in module \gtsu_dense_dramsim_dma_pipeline..
Finding unused cells or wires in module $paramod$8985b4fcc7f68f510e6508caa93a2ca151febd4b\gtsu_dense_sram_requant_pipeline..
Finding unused cells or wires in module $paramod\gtsu_dram_dma_unpack\LINES=4\ROB_DEPTH=4\BLOCK_CHUNKS=2..
Finding unused cells or wires in module $paramod\gtsu_dense_mnk_controller\M=2\N=5\K=16\N_TILE=3\K_BLOCK=8..
Finding unused cells or wires in module $paramod\gtsu_banked_sram_2client\BANKS=16\ROWS_PER_BANK=4\DATA_W=128\READ_LATENCY=3\TAG_W=4..
Finding unused cells or wires in module $paramod\gtsu_rv_fifo\WIDTH=165\DEPTH=8..
Finding unused cells or wires in module $paramod\gtsu_dense_dot4_tile\N_TILE=3\TAG_WIDTH=32..
Finding unused cells or wires in module $paramod\gtsu_requantize_int32\TAG_WIDTH=32..
Finding unused cells or wires in module \gtsu_dot4_pe..
Removed 16 unused cells and 8760 unused wires.
<suppressed ~28 debug messages>

13.8. Executing OPT_EXPR pass (perform const folding).
Optimizing module $paramod$8985b4fcc7f68f510e6508caa93a2ca151febd4b\gtsu_dense_sram_requant_pipeline.
Optimizing module $paramod\gtsu_banked_sram_2client\BANKS=16\ROWS_PER_BANK=4\DATA_W=128\READ_LATENCY=3\TAG_W=4.
Optimizing module $paramod\gtsu_dense_dot4_tile\N_TILE=3\TAG_WIDTH=32.
Optimizing module $paramod\gtsu_dense_mnk_controller\M=2\N=5\K=16\N_TILE=3\K_BLOCK=8.
<suppressed ~1 debug messages>
Optimizing module $paramod\gtsu_dram_dma_unpack\LINES=4\ROB_DEPTH=4\BLOCK_CHUNKS=2.
Optimizing module $paramod\gtsu_requantize_int32\TAG_WIDTH=32.
Optimizing module $paramod\gtsu_rv_fifo\WIDTH=165\DEPTH=8.
Optimizing module gtsu_dense_dramsim_dma_pipeline.
Optimizing module gtsu_dot4_pe.

13.9. Rerunning OPT passes. (Maybe there is more to do..)

13.10. Executing OPT_MUXTREE pass (detect dead branches in mux trees).
Running muxtree optimizer on module $paramod$8985b4fcc7f68f510e6508caa93a2ca151febd4b\gtsu_dense_sram_requant_pipeline..
  Creating internal representation of mux trees.
  Evaluating internal representation of mux trees.
  Analyzing evaluation results.
Running muxtree optimizer on module $paramod\gtsu_banked_sram_2client\BANKS=16\ROWS_PER_BANK=4\DATA_W=128\READ_LATENCY=3\TAG_W=4..
  Creating internal representation of mux trees.
  Evaluating internal representation of mux trees.
  Analyzing evaluation results.
Running muxtree optimizer on module $paramod\gtsu_dense_dot4_tile\N_TILE=3\TAG_WIDTH=32..
  Creating internal representation of mux trees.
  Evaluating internal representation of mux trees.
  Analyzing evaluation results.
Running muxtree optimizer on module $paramod\gtsu_dense_mnk_controller\M=2\N=5\K=16\N_TILE=3\K_BLOCK=8..
  Creating internal representation of mux trees.
  Evaluating internal representation of mux trees.
  Analyzing evaluation results.
Running muxtree optimizer on module $paramod\gtsu_dram_dma_unpack\LINES=4\ROB_DEPTH=4\BLOCK_CHUNKS=2..
  Creating internal representation of mux trees.
  Evaluating internal representation of mux trees.
  Analyzing evaluation results.
Running muxtree optimizer on module $paramod\gtsu_requantize_int32\TAG_WIDTH=32..
  Creating internal representation of mux trees.
  Evaluating internal representation of mux trees.
  Analyzing evaluation results.
Running muxtree optimizer on module $paramod\gtsu_rv_fifo\WIDTH=165\DEPTH=8..
  Creating internal representation of mux trees.
  Evaluating internal representation of mux trees.
  Analyzing evaluation results.
Running muxtree optimizer on module \gtsu_dense_dramsim_dma_pipeline..
  Creating internal representation of mux trees.
  No muxes found in this module.
Running muxtree optimizer on module \gtsu_dot4_pe..
  Creating internal representation of mux trees.
  No muxes found in this module.
Removed 0 multiplexer ports.
<suppressed ~2207 debug messages>

13.11. Executing OPT_REDUCE pass (consolidate $*mux and $reduce_* inputs).
  Optimizing cells in module $paramod$8985b4fcc7f68f510e6508caa93a2ca151febd4b\gtsu_dense_sram_requant_pipeline.
  Optimizing cells in module $paramod\gtsu_banked_sram_2client\BANKS=16\ROWS_PER_BANK=4\DATA_W=128\READ_LATENCY=3\TAG_W=4.
  Optimizing cells in module $paramod\gtsu_dense_dot4_tile\N_TILE=3\TAG_WIDTH=32.
  Optimizing cells in module $paramod\gtsu_dense_mnk_controller\M=2\N=5\K=16\N_TILE=3\K_BLOCK=8.
  Optimizing cells in module $paramod\gtsu_dram_dma_unpack\LINES=4\ROB_DEPTH=4\BLOCK_CHUNKS=2.
  Optimizing cells in module $paramod\gtsu_requantize_int32\TAG_WIDTH=32.
  Optimizing cells in module $paramod\gtsu_rv_fifo\WIDTH=165\DEPTH=8.
  Optimizing cells in module \gtsu_dense_dramsim_dma_pipeline.
  Optimizing cells in module \gtsu_dot4_pe.
Performed a total of 0 changes.

13.12. Executing OPT_MERGE pass (detect identical cells).
Finding identical cells in module `$paramod$8985b4fcc7f68f510e6508caa93a2ca151febd4b\gtsu_dense_sram_requant_pipeline'.
Finding identical cells in module `$paramod\gtsu_banked_sram_2client\BANKS=16\ROWS_PER_BANK=4\DATA_W=128\READ_LATENCY=3\TAG_W=4'.
Finding identical cells in module `$paramod\gtsu_dense_dot4_tile\N_TILE=3\TAG_WIDTH=32'.
Finding identical cells in module `$paramod\gtsu_dense_mnk_controller\M=2\N=5\K=16\N_TILE=3\K_BLOCK=8'.
Finding identical cells in module `$paramod\gtsu_dram_dma_unpack\LINES=4\ROB_DEPTH=4\BLOCK_CHUNKS=2'.
Finding identical cells in module `$paramod\gtsu_requantize_int32\TAG_WIDTH=32'.
Finding identical cells in module `$paramod\gtsu_rv_fifo\WIDTH=165\DEPTH=8'.
Finding identical cells in module `\gtsu_dense_dramsim_dma_pipeline'.
Finding identical cells in module `\gtsu_dot4_pe'.
Removed a total of 0 cells.

13.13. Executing OPT_RMDFF pass (remove dff with constant values).

13.14. Executing OPT_CLEAN pass (remove unused cells and wires).
Finding unused cells or wires in module $paramod$8985b4fcc7f68f510e6508caa93a2ca151febd4b\gtsu_dense_sram_requant_pipeline..
Finding unused cells or wires in module $paramod\gtsu_banked_sram_2client\BANKS=16\ROWS_PER_BANK=4\DATA_W=128\READ_LATENCY=3\TAG_W=4..
Finding unused cells or wires in module $paramod\gtsu_dense_dot4_tile\N_TILE=3\TAG_WIDTH=32..
Finding unused cells or wires in module $paramod\gtsu_dense_mnk_controller\M=2\N=5\K=16\N_TILE=3\K_BLOCK=8..
Finding unused cells or wires in module $paramod\gtsu_dram_dma_unpack\LINES=4\ROB_DEPTH=4\BLOCK_CHUNKS=2..
Finding unused cells or wires in module $paramod\gtsu_requantize_int32\TAG_WIDTH=32..
Finding unused cells or wires in module $paramod\gtsu_rv_fifo\WIDTH=165\DEPTH=8..
Finding unused cells or wires in module \gtsu_dense_dramsim_dma_pipeline..
Finding unused cells or wires in module \gtsu_dot4_pe..
Removed 0 unused cells and 1 unused wires.
<suppressed ~1 debug messages>

13.15. Executing OPT_EXPR pass (perform const folding).
Optimizing module $paramod$8985b4fcc7f68f510e6508caa93a2ca151febd4b\gtsu_dense_sram_requant_pipeline.
Optimizing module $paramod\gtsu_banked_sram_2client\BANKS=16\ROWS_PER_BANK=4\DATA_W=128\READ_LATENCY=3\TAG_W=4.
Optimizing module $paramod\gtsu_dense_dot4_tile\N_TILE=3\TAG_WIDTH=32.
Optimizing module $paramod\gtsu_dense_mnk_controller\M=2\N=5\K=16\N_TILE=3\K_BLOCK=8.
Optimizing module $paramod\gtsu_dram_dma_unpack\LINES=4\ROB_DEPTH=4\BLOCK_CHUNKS=2.
Optimizing module $paramod\gtsu_requantize_int32\TAG_WIDTH=32.
Optimizing module $paramod\gtsu_rv_fifo\WIDTH=165\DEPTH=8.
Optimizing module gtsu_dense_dramsim_dma_pipeline.
Optimizing module gtsu_dot4_pe.

13.16. Finished OPT passes. (There is nothing left to do.)

14. Executing CHECK pass (checking for obvious problems).
checking module $paramod$8985b4fcc7f68f510e6508caa93a2ca151febd4b\gtsu_dense_sram_requant_pipeline..
checking module $paramod\gtsu_banked_sram_2client\BANKS=16\ROWS_PER_BANK=4\DATA_W=128\READ_LATENCY=3\TAG_W=4..
checking module $paramod\gtsu_dense_dot4_tile\N_TILE=3\TAG_WIDTH=32..
checking module $paramod\gtsu_dense_mnk_controller\M=2\N=5\K=16\N_TILE=3\K_BLOCK=8..
checking module $paramod\gtsu_dram_dma_unpack\LINES=4\ROB_DEPTH=4\BLOCK_CHUNKS=2..
checking module $paramod\gtsu_requantize_int32\TAG_WIDTH=32..
checking module $paramod\gtsu_rv_fifo\WIDTH=165\DEPTH=8..
checking module gtsu_dense_dramsim_dma_pipeline..
checking module gtsu_dot4_pe..
found and reported 0 problems.

15. Printing statistics.

=== $paramod$8985b4fcc7f68f510e6508caa93a2ca151febd4b\gtsu_dense_sram_requant_pipeline ===

   Number of wires:                359
   Number of wire bits:           3951
   Number of public wires:         150
   Number of public wire bits:    2087
   Number of memories:               0
   Number of memory bits:            0
   Number of processes:              0
   Number of cells:                311
     $add                           13
     $adff                          75
     $eq                            36
     $logic_and                     22
     $logic_not                      7
     $lt                             2
     $mux                          140
     $paramod\gtsu_banked_sram_2client\BANKS=16\ROWS_PER_BANK=4\DATA_W=128\READ_LATENCY=3\TAG_W=4      1
     $paramod\gtsu_dense_dot4_tile\N_TILE=3\TAG_WIDTH=32      1
     $paramod\gtsu_dense_mnk_controller\M=2\N=5\K=16\N_TILE=3\K_BLOCK=8      1
     $paramod\gtsu_requantize_int32\TAG_WIDTH=32      3
     $paramod\gtsu_rv_fifo\WIDTH=165\DEPTH=8      1
     $pmux                           5
     $reduce_and                     2
     $reduce_or                      1
     $sub                            1

=== $paramod\gtsu_banked_sram_2client\BANKS=16\ROWS_PER_BANK=4\DATA_W=128\READ_LATENCY=3\TAG_W=4 ===

   Number of wires:               5457
   Number of wire bits:          59525
   Number of public wires:         123
   Number of public wire bits:    9635
   Number of memories:               0
   Number of memory bits:            0
   Number of processes:              0
   Number of cells:               6387
     $add                            2
     $adff                          26
     $dff                           64
     $eq                           128
     $logic_and                      8
     $logic_not                      5
     $mux                         6152
     $pmux                           2

=== $paramod\gtsu_dense_dot4_tile\N_TILE=3\TAG_WIDTH=32 ===

   Number of wires:                 48
   Number of wire bits:           1182
   Number of public wires:          25
   Number of public wire bits:     626
   Number of memories:               0
   Number of memory bits:            0
   Number of processes:              0
   Number of cells:                 36
     $add                            3
     $adff                           7
     $logic_and                      2
     $logic_not                      1
     $logic_or                       1
     $mux                           19
     gtsu_dot4_pe                    3

=== $paramod\gtsu_dense_mnk_controller\M=2\N=5\K=16\N_TILE=3\K_BLOCK=8 ===

   Number of wires:                 76
   Number of wire bits:            578
   Number of public wires:          30
   Number of public wire bits:     250
   Number of memories:               0
   Number of memory bits:            0
   Number of processes:              0
   Number of cells:                 64
     $add                            5
     $adff                           8
     $eq                             2
     $ge                             1
     $logic_and                      7
     $logic_not                      1
     $lt                             1
     $mux                           31
     $not                            3
     $pmux                           1
     $shiftx                         2
     $shr                            1
     $sub                            1

=== $paramod\gtsu_dram_dma_unpack\LINES=4\ROB_DEPTH=4\BLOCK_CHUNKS=2 ===

   Number of wires:                125
   Number of wire bits:           9207
   Number of public wires:          38
   Number of public wire bits:    3167
   Number of memories:               0
   Number of memory bits:            0
   Number of processes:              0
   Number of cells:                115
     $add                            8
     $adff                          17
     $and                            3
     $eq                            10
     $ge                             1
     $gt                             1
     $logic_and                     12
     $logic_not                      5
     $lt                             5
     $mux                           46
     $pmux                           3
     $shiftx                         2
     $shr                            1
     $sub                            1

=== $paramod\gtsu_requantize_int32\TAG_WIDTH=32 ===

   Number of wires:                 49
   Number of wire bits:           1190
   Number of public wires:          16
   Number of public wire bits:     221
   Number of memories:               0
   Number of memory bits:            0
   Number of processes:              0
   Number of cells:                 37
     $add                            2
     $adff                           3
     $and                            1
     $eq                             1
     $gt                             2
     $logic_and                      3
     $logic_not                      2
     $logic_or                       2
     $lt                             1
     $mul                            1
     $mux                           12
     $neg                            2
     $shl                            2
     $shr                            1
     $sub                            2

=== $paramod\gtsu_rv_fifo\WIDTH=165\DEPTH=8 ===

   Number of wires:                 65
   Number of wire bits:           4476
   Number of public wires:          22
   Number of public wire bits:    1672
   Number of memories:               0
   Number of memory bits:            0
   Number of processes:              0
   Number of cells:                 59
     $add                            3
     $adff                           3
     $dff                            8
     $eq                            16
     $logic_and                      2
     $logic_not                      2
     $lt                             1
     $mux                           20
     $pmux                           2
     $reduce_bool                    1
     $sub                            1

=== gtsu_dense_dramsim_dma_pipeline ===

   Number of wires:                 29
   Number of wire bits:           1102
   Number of public wires:          29
   Number of public wire bits:    1102
   Number of memories:               0
   Number of memory bits:            0
   Number of processes:              0
   Number of cells:                  2
     $paramod$8985b4fcc7f68f510e6508caa93a2ca151febd4b\gtsu_dense_sram_requant_pipeline      1
     $paramod\gtsu_dram_dma_unpack\LINES=4\ROB_DEPTH=4\BLOCK_CHUNKS=2      1

=== gtsu_dot4_pe ===

   Number of wires:                 18
   Number of wire bits:            276
   Number of public wires:          18
   Number of public wire bits:     276
   Number of memories:               0
   Number of memory bits:            0
   Number of processes:              0
   Number of cells:                  7
     $add                            3
     $mul                            4

=== design hierarchy ===

   gtsu_dense_dramsim_dma_pipeline      1
     $paramod$8985b4fcc7f68f510e6508caa93a2ca151febd4b\gtsu_dense_sram_requant_pipeline      1
       $paramod\gtsu_banked_sram_2client\BANKS=16\ROWS_PER_BANK=4\DATA_W=128\READ_LATENCY=3\TAG_W=4      1
       $paramod\gtsu_dense_dot4_tile\N_TILE=3\TAG_WIDTH=32      1
         gtsu_dot4_pe                3
       $paramod\gtsu_dense_mnk_controller\M=2\N=5\K=16\N_TILE=3\K_BLOCK=8      1
       $paramod\gtsu_requantize_int32\TAG_WIDTH=32      3
       $paramod\gtsu_rv_fifo\WIDTH=165\DEPTH=8      1
     $paramod\gtsu_dram_dma_unpack\LINES=4\ROB_DEPTH=4\BLOCK_CHUNKS=2      1

   Number of wires:               6360
   Number of wire bits:          84419
   Number of public wires:         519
   Number of public wire bits:   20030
   Number of memories:               0
   Number of memory bits:            0
   Number of processes:              0
   Number of cells:               7094
     $add                           49
     $adff                         145
     $and                            6
     $dff                           72
     $eq                           195
     $ge                             2
     $gt                             7
     $logic_and                     62
     $logic_not                     27
     $logic_or                       7
     $lt                            12
     $mul                           15
     $mux                         6444
     $neg                            6
     $not                            3
     $pmux                          13
     $reduce_and                     2
     $reduce_bool                    1
     $reduce_or                      1
     $shiftx                         4
     $shl                            6
     $shr                            5
     $sub                           10

16. Executing JSON backend.

Warnings: 18 unique messages, 36 total
End of script. Logfile hash: 675358abc9
CPU: user 17.09s system 0.13s, MEM: 109.08 MB total, 103.06 MB resident
Yosys 0.9 (git sha1 1979e0b)
Time spent: 18% 1x proc_mux (3 sec), 15% 3x opt_expr (2 sec), ...
