cycle,event,tag,value
1029,OUTPUT_ACCEPT,0,30131
1029,OUTPUT_ACCEPT,1,31642
1029,OUTPUT_ACCEPT,2,-30389
1029,OUTPUT_ACCEPT,3,-30319
1029,OUTPUT_ACCEPT,4,27184
1029,OUTPUT_ACCEPT,5,30418
1029,OUTPUT_ACCEPT,6,3989
1029,OUTPUT_ACCEPT,7,-26719
1029,OUTPUT_ACCEPT,8,-28097
1029,OUTPUT_ACCEPT,9,-32374
1029,OUTPUT_ACCEPT,10,-29303
1029,OUTPUT_ACCEPT,11,30867
1029,OUTPUT_ACCEPT,12,-29800
1029,OUTPUT_ACCEPT,13,-32263
1029,OUTPUT_ACCEPT,14,-33601
1029,OUTPUT_ACCEPT,15,29491
1029,OUTPUT_ACCEPT,16,-30503
1029,OUTPUT_ACCEPT,17,-30259
1029,OUTPUT_ACCEPT,18,3535
1029,OUTPUT_ACCEPT,19,29603
1029,OUTPUT_ACCEPT,20,-34930
1029,OUTPUT_ACCEPT,21,30366
1029,OUTPUT_ACCEPT,22,30522
1029,OUTPUT_ACCEPT,23,-33622
1029,OUTPUT_ACCEPT,24,-140
1029,OUTPUT_ACCEPT,25,-26432
1029,OUTPUT_ACCEPT,26,34183
1029,OUTPUT_ACCEPT,27,35824
1029,OUTPUT_ACCEPT,28,-21283
1029,OUTPUT_ACCEPT,29,32548
1029,OUTPUT_ACCEPT,30,-33172
1029,OUTPUT_ACCEPT,31,-28342
1029,OUTPUT_ACCEPT,32,33534
1029,OUTPUT_ACCEPT,33,27962
1029,OUTPUT_ACCEPT,34,-25876
1029,OUTPUT_ACCEPT,35,38364
1029,OUTPUT_ACCEPT,36,-21444
1029,OUTPUT_ACCEPT,37,25845
1029,OUTPUT_ACCEPT,38,-31448
1029,OUTPUT_ACCEPT,39,-13594
1029,OUTPUT_ACCEPT,40,-27556
1029,OUTPUT_ACCEPT,41,24348
1029,OUTPUT_ACCEPT,42,-14525
1029,OUTPUT_ACCEPT,43,32579
1029,OUTPUT_ACCEPT,44,31699
1029,OUTPUT_ACCEPT,45,-31524
1029,OUTPUT_ACCEPT,46,-5717
1029,OUTPUT_ACCEPT,47,-14408
1029,OUTPUT_ACCEPT,48,-30868
1029,OUTPUT_ACCEPT,49,-29544
1029,OUTPUT_ACCEPT,50,30372
1029,OUTPUT_ACCEPT,51,29631
1029,OUTPUT_ACCEPT,52,16662
1029,OUTPUT_ACCEPT,53,-34156
1029,OUTPUT_ACCEPT,54,30453
1029,OUTPUT_ACCEPT,55,27902
1029,OUTPUT_ACCEPT,56,31705
1029,OUTPUT_ACCEPT,57,20532
1029,OUTPUT_ACCEPT,58,30519
1029,OUTPUT_ACCEPT,59,25559
1029,OUTPUT_ACCEPT,60,-21753
1029,OUTPUT_ACCEPT,61,-33950
1029,OUTPUT_ACCEPT,62,-30802
1029,OUTPUT_ACCEPT,63,-29299
2053,OUTPUT_ACCEPT,64,-14737
2053,OUTPUT_ACCEPT,65,14028
2053,OUTPUT_ACCEPT,66,27065
2053,OUTPUT_ACCEPT,67,-30587
2053,OUTPUT_ACCEPT,68,-30746
2053,OUTPUT_ACCEPT,69,-34464
2053,OUTPUT_ACCEPT,70,-28888
2053,OUTPUT_ACCEPT,71,3386
2053,OUTPUT_ACCEPT,72,27406
2053,OUTPUT_ACCEPT,73,33785
2053,OUTPUT_ACCEPT,74,28382
2053,OUTPUT_ACCEPT,75,-32966
2053,OUTPUT_ACCEPT,76,-34531
2053,OUTPUT_ACCEPT,77,28892
2053,OUTPUT_ACCEPT,78,-30878
2053,OUTPUT_ACCEPT,79,-36546
2053,OUTPUT_ACCEPT,80,-31434
2053,OUTPUT_ACCEPT,81,30416
2053,OUTPUT_ACCEPT,82,33415
2053,OUTPUT_ACCEPT,83,-20958
2053,OUTPUT_ACCEPT,84,38639
2053,OUTPUT_ACCEPT,85,-33001
2053,OUTPUT_ACCEPT,86,-25049
2053,OUTPUT_ACCEPT,87,-25212
2053,OUTPUT_ACCEPT,88,-34073
2053,OUTPUT_ACCEPT,89,17520
2053,OUTPUT_ACCEPT,90,-34595
2053,OUTPUT_ACCEPT,91,36694
2053,OUTPUT_ACCEPT,92,25263
2053,OUTPUT_ACCEPT,93,37007
2053,OUTPUT_ACCEPT,94,40834
2053,OUTPUT_ACCEPT,95,-32584
2053,OUTPUT_ACCEPT,96,32368
2053,OUTPUT_ACCEPT,97,25497
2053,OUTPUT_ACCEPT,98,-33642
2053,OUTPUT_ACCEPT,99,24818
2053,OUTPUT_ACCEPT,100,-21208
2053,OUTPUT_ACCEPT,101,35396
2053,OUTPUT_ACCEPT,102,21989
2053,OUTPUT_ACCEPT,103,3038
2053,OUTPUT_ACCEPT,104,24450
2053,OUTPUT_ACCEPT,105,-6171
2053,OUTPUT_ACCEPT,106,-25515
2053,OUTPUT_ACCEPT,107,-21167
2053,OUTPUT_ACCEPT,108,-32296
2053,OUTPUT_ACCEPT,109,-32177
2053,OUTPUT_ACCEPT,110,32325
2053,OUTPUT_ACCEPT,111,35295
2053,OUTPUT_ACCEPT,112,31103
2053,OUTPUT_ACCEPT,113,32180
2053,OUTPUT_ACCEPT,114,-27849
2053,OUTPUT_ACCEPT,115,-27752
2053,OUTPUT_ACCEPT,116,-30339
2053,OUTPUT_ACCEPT,117,-20599
2053,OUTPUT_ACCEPT,118,-26926
2053,OUTPUT_ACCEPT,119,29218
2053,OUTPUT_ACCEPT,120,-25023
2053,OUTPUT_ACCEPT,121,-28539
2053,OUTPUT_ACCEPT,122,30551
2053,OUTPUT_ACCEPT,123,-22712
2053,OUTPUT_ACCEPT,124,-27076
2053,OUTPUT_ACCEPT,125,27929
2053,OUTPUT_ACCEPT,126,42517
2053,OUTPUT_ACCEPT,127,-21966
3077,OUTPUT_ACCEPT,128,-30189
3077,OUTPUT_ACCEPT,129,27435
3077,OUTPUT_ACCEPT,130,-27179
3077,OUTPUT_ACCEPT,131,-37422
3077,OUTPUT_ACCEPT,132,-18007
3077,OUTPUT_ACCEPT,133,-12078
3077,OUTPUT_ACCEPT,134,-8365
3077,OUTPUT_ACCEPT,135,-20234
3077,OUTPUT_ACCEPT,136,27301
3077,OUTPUT_ACCEPT,137,-29224
3077,OUTPUT_ACCEPT,138,-27090
3077,OUTPUT_ACCEPT,139,-27147
3077,OUTPUT_ACCEPT,140,30256
3077,OUTPUT_ACCEPT,141,30239
3077,OUTPUT_ACCEPT,142,29836
3077,OUTPUT_ACCEPT,143,29926
3077,OUTPUT_ACCEPT,144,-33738
3077,OUTPUT_ACCEPT,145,31740
3077,OUTPUT_ACCEPT,146,30621
3077,OUTPUT_ACCEPT,147,-30993
3077,OUTPUT_ACCEPT,148,31431
3077,OUTPUT_ACCEPT,149,-30934
3077,OUTPUT_ACCEPT,150,-36365
3077,OUTPUT_ACCEPT,151,28857
3077,OUTPUT_ACCEPT,152,-29152
3077,OUTPUT_ACCEPT,153,35552
3077,OUTPUT_ACCEPT,154,-29085
3077,OUTPUT_ACCEPT,155,-32841
3077,OUTPUT_ACCEPT,156,24380
3077,OUTPUT_ACCEPT,157,-33697
3077,OUTPUT_ACCEPT,158,20957
3077,OUTPUT_ACCEPT,159,-12878
3077,OUTPUT_ACCEPT,160,27341
3077,OUTPUT_ACCEPT,161,34852
3077,OUTPUT_ACCEPT,162,-32733
3077,OUTPUT_ACCEPT,163,35120
3077,OUTPUT_ACCEPT,164,25078
3077,OUTPUT_ACCEPT,165,32850
3077,OUTPUT_ACCEPT,166,-32623
3077,OUTPUT_ACCEPT,167,31343
3077,OUTPUT_ACCEPT,168,3862
3077,OUTPUT_ACCEPT,169,-9169
3077,OUTPUT_ACCEPT,170,-1985
3077,OUTPUT_ACCEPT,171,20440
3077,OUTPUT_ACCEPT,172,25797
3077,OUTPUT_ACCEPT,173,-32865
3077,OUTPUT_ACCEPT,174,34310
3077,OUTPUT_ACCEPT,175,-30074
3077,OUTPUT_ACCEPT,176,-34364
3077,OUTPUT_ACCEPT,177,31692
3077,OUTPUT_ACCEPT,178,-986
3077,OUTPUT_ACCEPT,179,-27962
3077,OUTPUT_ACCEPT,180,21044
3077,OUTPUT_ACCEPT,181,-8809
3077,OUTPUT_ACCEPT,182,30814
3077,OUTPUT_ACCEPT,183,-17719
3077,OUTPUT_ACCEPT,184,-23896
3077,OUTPUT_ACCEPT,185,-27457
3077,OUTPUT_ACCEPT,186,13708
3077,OUTPUT_ACCEPT,187,-28689
3077,OUTPUT_ACCEPT,188,30633
3077,OUTPUT_ACCEPT,189,-31775
3077,OUTPUT_ACCEPT,190,17464
3077,OUTPUT_ACCEPT,191,11392
4101,OUTPUT_ACCEPT,192,33170
4101,OUTPUT_ACCEPT,193,-34228
4101,OUTPUT_ACCEPT,194,17358
4101,OUTPUT_ACCEPT,195,-21275
4101,OUTPUT_ACCEPT,196,-29948
4101,OUTPUT_ACCEPT,197,33000
4101,OUTPUT_ACCEPT,198,33461
4101,OUTPUT_ACCEPT,199,-27413
4101,OUTPUT_ACCEPT,200,-38666
4101,OUTPUT_ACCEPT,201,18896
4101,OUTPUT_ACCEPT,202,32674
4101,OUTPUT_ACCEPT,203,32950
4101,OUTPUT_ACCEPT,204,28637
4101,OUTPUT_ACCEPT,205,31942
4101,OUTPUT_ACCEPT,206,-30716
4101,OUTPUT_ACCEPT,207,-35977
4101,OUTPUT_ACCEPT,208,-30198
4101,OUTPUT_ACCEPT,209,31246
4101,OUTPUT_ACCEPT,210,-29098
4101,OUTPUT_ACCEPT,211,28278
4101,OUTPUT_ACCEPT,212,-35128
4101,OUTPUT_ACCEPT,213,21876
4101,OUTPUT_ACCEPT,214,-32869
4101,OUTPUT_ACCEPT,215,32264
4101,OUTPUT_ACCEPT,216,-31279
4101,OUTPUT_ACCEPT,217,32511
4101,OUTPUT_ACCEPT,218,22461
4101,OUTPUT_ACCEPT,219,34984
4101,OUTPUT_ACCEPT,220,30489
4101,OUTPUT_ACCEPT,221,39987
4101,OUTPUT_ACCEPT,222,39700
4101,OUTPUT_ACCEPT,223,-41279
4101,OUTPUT_ACCEPT,224,34095
4101,OUTPUT_ACCEPT,225,-29444
4101,OUTPUT_ACCEPT,226,18456
4101,OUTPUT_ACCEPT,227,31441
4101,OUTPUT_ACCEPT,228,-25188
4101,OUTPUT_ACCEPT,229,-29243
4101,OUTPUT_ACCEPT,230,32458
4101,OUTPUT_ACCEPT,231,-9498
4101,OUTPUT_ACCEPT,232,-17132
4101,OUTPUT_ACCEPT,233,-11663
4101,OUTPUT_ACCEPT,234,-9207
4101,OUTPUT_ACCEPT,235,-24
4101,OUTPUT_ACCEPT,236,30905
4101,OUTPUT_ACCEPT,237,26438
4101,OUTPUT_ACCEPT,238,29859
4101,OUTPUT_ACCEPT,239,33304
4101,OUTPUT_ACCEPT,240,-33140
4101,OUTPUT_ACCEPT,241,36611
4101,OUTPUT_ACCEPT,242,36463
4101,OUTPUT_ACCEPT,243,-27810
4101,OUTPUT_ACCEPT,244,-29317
4101,OUTPUT_ACCEPT,245,24846
4101,OUTPUT_ACCEPT,246,-19113
4101,OUTPUT_ACCEPT,247,-15252
4101,OUTPUT_ACCEPT,248,-23455
4101,OUTPUT_ACCEPT,249,-26680
4101,OUTPUT_ACCEPT,250,-30411
4101,OUTPUT_ACCEPT,251,-30999
4101,OUTPUT_ACCEPT,252,-32173
4101,OUTPUT_ACCEPT,253,-15284
4101,OUTPUT_ACCEPT,254,-29496
4101,OUTPUT_ACCEPT,255,-29058
5125,OUTPUT_ACCEPT,256,33081
5125,OUTPUT_ACCEPT,257,-31058
5125,OUTPUT_ACCEPT,258,-1190
5125,OUTPUT_ACCEPT,259,-28743
5125,OUTPUT_ACCEPT,260,39051
5125,OUTPUT_ACCEPT,261,-21352
5125,OUTPUT_ACCEPT,262,-32478
5125,OUTPUT_ACCEPT,263,-7109
5125,OUTPUT_ACCEPT,264,-17811
5125,OUTPUT_ACCEPT,265,23349
5125,OUTPUT_ACCEPT,266,3556
5125,OUTPUT_ACCEPT,267,-31013
5125,OUTPUT_ACCEPT,268,-40629
5125,OUTPUT_ACCEPT,269,28152
5125,OUTPUT_ACCEPT,270,9078
5125,OUTPUT_ACCEPT,271,-6440
5125,OUTPUT_ACCEPT,272,7826
5125,OUTPUT_ACCEPT,273,7070
5125,OUTPUT_ACCEPT,274,7099
5125,OUTPUT_ACCEPT,275,6799
5125,OUTPUT_ACCEPT,276,-23454
5125,OUTPUT_ACCEPT,277,26161
5125,OUTPUT_ACCEPT,278,33795
5125,OUTPUT_ACCEPT,279,-12559
5125,OUTPUT_ACCEPT,280,13901
5125,OUTPUT_ACCEPT,281,-46740
5125,OUTPUT_ACCEPT,282,-93
5125,OUTPUT_ACCEPT,283,21888
5125,OUTPUT_ACCEPT,284,-9644
5125,OUTPUT_ACCEPT,285,-18018
5125,OUTPUT_ACCEPT,286,-3793
5125,OUTPUT_ACCEPT,287,-1044
5125,OUTPUT_ACCEPT,288,-6435
5125,OUTPUT_ACCEPT,289,16178
5125,OUTPUT_ACCEPT,290,23066
5125,OUTPUT_ACCEPT,291,30475
5125,OUTPUT_ACCEPT,292,8362
5125,OUTPUT_ACCEPT,293,-28197
5125,OUTPUT_ACCEPT,294,16845
5125,OUTPUT_ACCEPT,295,22844
5125,OUTPUT_ACCEPT,296,5284
5125,OUTPUT_ACCEPT,297,-11063
5125,OUTPUT_ACCEPT,298,-12630
5125,OUTPUT_ACCEPT,299,-3502
5125,OUTPUT_ACCEPT,300,-90
5125,OUTPUT_ACCEPT,301,415
5125,OUTPUT_ACCEPT,302,-20301
5125,OUTPUT_ACCEPT,303,-22715
5125,OUTPUT_ACCEPT,304,9476
5125,OUTPUT_ACCEPT,305,-23585
5125,OUTPUT_ACCEPT,306,15342
5125,OUTPUT_ACCEPT,307,15023
5125,OUTPUT_ACCEPT,308,42246
5125,OUTPUT_ACCEPT,309,-32865
5125,OUTPUT_ACCEPT,310,-38986
5125,OUTPUT_ACCEPT,311,6196
5125,OUTPUT_ACCEPT,312,-3153
5125,OUTPUT_ACCEPT,313,27666
5125,OUTPUT_ACCEPT,314,22701
5125,OUTPUT_ACCEPT,315,-22549
5125,OUTPUT_ACCEPT,316,-28930
5125,OUTPUT_ACCEPT,317,3620
5125,OUTPUT_ACCEPT,318,8691
5125,OUTPUT_ACCEPT,319,-21788
6149,OUTPUT_ACCEPT,320,20757
6149,OUTPUT_ACCEPT,321,1625
6149,OUTPUT_ACCEPT,322,33883
6149,OUTPUT_ACCEPT,323,15642
6149,OUTPUT_ACCEPT,324,-38378
6149,OUTPUT_ACCEPT,325,-21679
6149,OUTPUT_ACCEPT,326,20477
6149,OUTPUT_ACCEPT,327,-38005
6149,OUTPUT_ACCEPT,328,-34256
6149,OUTPUT_ACCEPT,329,32291
6149,OUTPUT_ACCEPT,330,-29678
6149,OUTPUT_ACCEPT,331,18365
6149,OUTPUT_ACCEPT,332,37810
6149,OUTPUT_ACCEPT,333,26008
6149,OUTPUT_ACCEPT,334,-4786
6149,OUTPUT_ACCEPT,335,-42301
6149,OUTPUT_ACCEPT,336,25059
6149,OUTPUT_ACCEPT,337,-4558
6149,OUTPUT_ACCEPT,338,-34112
6149,OUTPUT_ACCEPT,339,36494
6149,OUTPUT_ACCEPT,340,-3392
6149,OUTPUT_ACCEPT,341,-6353
6149,OUTPUT_ACCEPT,342,47491
6149,OUTPUT_ACCEPT,343,1475
6149,OUTPUT_ACCEPT,344,1541
6149,OUTPUT_ACCEPT,345,-8599
6149,OUTPUT_ACCEPT,346,10185
6149,OUTPUT_ACCEPT,347,-6829
6149,OUTPUT_ACCEPT,348,-4293
6149,OUTPUT_ACCEPT,349,21486
6149,OUTPUT_ACCEPT,350,13599
6149,OUTPUT_ACCEPT,351,7765
6149,OUTPUT_ACCEPT,352,-31963
6149,OUTPUT_ACCEPT,353,2071
6149,OUTPUT_ACCEPT,354,20350
6149,OUTPUT_ACCEPT,355,-9927
6149,OUTPUT_ACCEPT,356,7662
6149,OUTPUT_ACCEPT,357,-25119
6149,OUTPUT_ACCEPT,358,11685
6149,OUTPUT_ACCEPT,359,-19152
6149,OUTPUT_ACCEPT,360,40407
6149,OUTPUT_ACCEPT,361,21770
6149,OUTPUT_ACCEPT,362,-3413
6149,OUTPUT_ACCEPT,363,-25943
6149,OUTPUT_ACCEPT,364,-22904
6149,OUTPUT_ACCEPT,365,7656
6149,OUTPUT_ACCEPT,366,28318
6149,OUTPUT_ACCEPT,367,-27411
6149,OUTPUT_ACCEPT,368,-8465
6149,OUTPUT_ACCEPT,369,36501
6149,OUTPUT_ACCEPT,370,-28763
6149,OUTPUT_ACCEPT,371,-11007
6149,OUTPUT_ACCEPT,372,-4817
6149,OUTPUT_ACCEPT,373,-10516
6149,OUTPUT_ACCEPT,374,-30034
6149,OUTPUT_ACCEPT,375,21707
6149,OUTPUT_ACCEPT,376,22133
6149,OUTPUT_ACCEPT,377,-19710
6149,OUTPUT_ACCEPT,378,-29451
6149,OUTPUT_ACCEPT,379,30628
6149,OUTPUT_ACCEPT,380,32293
6149,OUTPUT_ACCEPT,381,-21735
6149,OUTPUT_ACCEPT,382,1913
6149,OUTPUT_ACCEPT,383,39495
7173,OUTPUT_ACCEPT,384,18289
7173,OUTPUT_ACCEPT,385,-21936
7173,OUTPUT_ACCEPT,386,25017
7173,OUTPUT_ACCEPT,387,-43110
7173,OUTPUT_ACCEPT,388,31865
7173,OUTPUT_ACCEPT,389,-32063
7173,OUTPUT_ACCEPT,390,-28820
7173,OUTPUT_ACCEPT,391,29519
7173,OUTPUT_ACCEPT,392,19815
7173,OUTPUT_ACCEPT,393,-21425
7173,OUTPUT_ACCEPT,394,-35772
7173,OUTPUT_ACCEPT,395,29159
7173,OUTPUT_ACCEPT,396,27484
7173,OUTPUT_ACCEPT,397,-30694
7173,OUTPUT_ACCEPT,398,-27744
7173,OUTPUT_ACCEPT,399,31854
7173,OUTPUT_ACCEPT,400,32292
7173,OUTPUT_ACCEPT,401,-32812
7173,OUTPUT_ACCEPT,402,-28520
7173,OUTPUT_ACCEPT,403,32100
7173,OUTPUT_ACCEPT,404,36207
7173,OUTPUT_ACCEPT,405,-38907
7173,OUTPUT_ACCEPT,406,26684
7173,OUTPUT_ACCEPT,407,-15251
7173,OUTPUT_ACCEPT,408,-23481
7173,OUTPUT_ACCEPT,409,31523
7173,OUTPUT_ACCEPT,410,27457
7173,OUTPUT_ACCEPT,411,-33309
7173,OUTPUT_ACCEPT,412,26748
7173,OUTPUT_ACCEPT,413,-30094
7173,OUTPUT_ACCEPT,414,25108
7173,OUTPUT_ACCEPT,415,-30205
7173,OUTPUT_ACCEPT,416,21656
7173,OUTPUT_ACCEPT,417,29380
7173,OUTPUT_ACCEPT,418,-28190
7173,OUTPUT_ACCEPT,419,-11209
7173,OUTPUT_ACCEPT,420,-28038
7173,OUTPUT_ACCEPT,421,-28657
7173,OUTPUT_ACCEPT,422,-27700
7173,OUTPUT_ACCEPT,423,-23378
7173,OUTPUT_ACCEPT,424,21003
7173,OUTPUT_ACCEPT,425,-15958
7173,OUTPUT_ACCEPT,426,27395
7173,OUTPUT_ACCEPT,427,10519
7173,OUTPUT_ACCEPT,428,201
7173,OUTPUT_ACCEPT,429,-24321
7173,OUTPUT_ACCEPT,430,29600
7173,OUTPUT_ACCEPT,431,30847
7173,OUTPUT_ACCEPT,432,-26843
7173,OUTPUT_ACCEPT,433,26312
7173,OUTPUT_ACCEPT,434,-32446
7173,OUTPUT_ACCEPT,435,-34503
7173,OUTPUT_ACCEPT,436,-33687
7173,OUTPUT_ACCEPT,437,-25801
7173,OUTPUT_ACCEPT,438,-32039
7173,OUTPUT_ACCEPT,439,33456
7173,OUTPUT_ACCEPT,440,-29265
7173,OUTPUT_ACCEPT,441,29332
7173,OUTPUT_ACCEPT,442,38945
7173,OUTPUT_ACCEPT,443,-30955
7173,OUTPUT_ACCEPT,444,30944
7173,OUTPUT_ACCEPT,445,27555
7173,OUTPUT_ACCEPT,446,-32115
7173,OUTPUT_ACCEPT,447,-32471
8197,OUTPUT_ACCEPT,448,-32928
8197,OUTPUT_ACCEPT,449,-30259
8197,OUTPUT_ACCEPT,450,-25332
8197,OUTPUT_ACCEPT,451,-24533
8197,OUTPUT_ACCEPT,452,-33351
8197,OUTPUT_ACCEPT,453,-14474
8197,OUTPUT_ACCEPT,454,20849
8197,OUTPUT_ACCEPT,455,31575
8197,OUTPUT_ACCEPT,456,-28563
8197,OUTPUT_ACCEPT,457,32306
8197,OUTPUT_ACCEPT,458,30191
8197,OUTPUT_ACCEPT,459,-30202
8197,OUTPUT_ACCEPT,460,30942
8197,OUTPUT_ACCEPT,461,-21257
8197,OUTPUT_ACCEPT,462,-31150
8197,OUTPUT_ACCEPT,463,33166
8197,OUTPUT_ACCEPT,464,33588
8197,OUTPUT_ACCEPT,465,31634
8197,OUTPUT_ACCEPT,466,35692
8197,OUTPUT_ACCEPT,467,-36729
8197,OUTPUT_ACCEPT,468,30367
8197,OUTPUT_ACCEPT,469,-32136
8197,OUTPUT_ACCEPT,470,-36111
8197,OUTPUT_ACCEPT,471,-20532
8197,OUTPUT_ACCEPT,472,28957
8197,OUTPUT_ACCEPT,473,-38665
8197,OUTPUT_ACCEPT,474,-30887
8197,OUTPUT_ACCEPT,475,32298
8197,OUTPUT_ACCEPT,476,30033
8197,OUTPUT_ACCEPT,477,40895
8197,OUTPUT_ACCEPT,478,-31722
8197,OUTPUT_ACCEPT,479,27837
8197,OUTPUT_ACCEPT,480,-67470
8197,OUTPUT_ACCEPT,481,-7531
8197,OUTPUT_ACCEPT,482,7461
8197,OUTPUT_ACCEPT,483,2104
8197,OUTPUT_ACCEPT,484,-37958
8197,OUTPUT_ACCEPT,485,5868
8197,OUTPUT_ACCEPT,486,105
8197,OUTPUT_ACCEPT,487,30157
8197,OUTPUT_ACCEPT,488,-2449
8197,OUTPUT_ACCEPT,489,-42210
8197,OUTPUT_ACCEPT,490,-16771
8197,OUTPUT_ACCEPT,491,4730
8197,OUTPUT_ACCEPT,492,-29227
8197,OUTPUT_ACCEPT,493,-27732
8197,OUTPUT_ACCEPT,494,16231
8197,OUTPUT_ACCEPT,495,29484
8197,OUTPUT_ACCEPT,496,31006
8197,OUTPUT_ACCEPT,497,-30970
8197,OUTPUT_ACCEPT,498,-34911
8197,OUTPUT_ACCEPT,499,31712
8197,OUTPUT_ACCEPT,500,31598
8197,OUTPUT_ACCEPT,501,31904
8197,OUTPUT_ACCEPT,502,-37314
8197,OUTPUT_ACCEPT,503,28799
8197,OUTPUT_ACCEPT,504,32830
8197,OUTPUT_ACCEPT,505,-31390
8197,OUTPUT_ACCEPT,506,-33749
8197,OUTPUT_ACCEPT,507,32237
8197,OUTPUT_ACCEPT,508,34501
8197,OUTPUT_ACCEPT,509,25256
8197,OUTPUT_ACCEPT,510,-30752
8197,OUTPUT_ACCEPT,511,35091
9221,OUTPUT_ACCEPT,512,-6266
9221,OUTPUT_ACCEPT,513,1077
9221,OUTPUT_ACCEPT,514,23609
9221,OUTPUT_ACCEPT,515,-15231
9221,OUTPUT_ACCEPT,516,5454
9221,OUTPUT_ACCEPT,517,-24661
9221,OUTPUT_ACCEPT,518,-259
9221,OUTPUT_ACCEPT,519,676
9221,OUTPUT_ACCEPT,520,-20268
9221,OUTPUT_ACCEPT,521,1171
9221,OUTPUT_ACCEPT,522,-28375
9221,OUTPUT_ACCEPT,523,5795
9221,OUTPUT_ACCEPT,524,17788
9221,OUTPUT_ACCEPT,525,1754
9221,OUTPUT_ACCEPT,526,-31453
9221,OUTPUT_ACCEPT,527,3359
9221,OUTPUT_ACCEPT,528,-17917
9221,OUTPUT_ACCEPT,529,-21360
9221,OUTPUT_ACCEPT,530,10132
9221,OUTPUT_ACCEPT,531,2590
9221,OUTPUT_ACCEPT,532,4695
9221,OUTPUT_ACCEPT,533,2285
9221,OUTPUT_ACCEPT,534,5846
9221,OUTPUT_ACCEPT,535,-7767
9221,OUTPUT_ACCEPT,536,-1177
9221,OUTPUT_ACCEPT,537,-9889
9221,OUTPUT_ACCEPT,538,15602
9221,OUTPUT_ACCEPT,539,7802
9221,OUTPUT_ACCEPT,540,28135
9221,OUTPUT_ACCEPT,541,28226
9221,OUTPUT_ACCEPT,542,828
9221,OUTPUT_ACCEPT,543,17192
9221,OUTPUT_ACCEPT,544,-20959
9221,OUTPUT_ACCEPT,545,15490
9221,OUTPUT_ACCEPT,546,-28790
9221,OUTPUT_ACCEPT,547,19331
9221,OUTPUT_ACCEPT,548,4659
9221,OUTPUT_ACCEPT,549,10452
9221,OUTPUT_ACCEPT,550,-21538
9221,OUTPUT_ACCEPT,551,1241
9221,OUTPUT_ACCEPT,552,-21164
9221,OUTPUT_ACCEPT,553,-32122
9221,OUTPUT_ACCEPT,554,-17640
9221,OUTPUT_ACCEPT,555,25899
9221,OUTPUT_ACCEPT,556,-11437
9221,OUTPUT_ACCEPT,557,45737
9221,OUTPUT_ACCEPT,558,41338
9221,OUTPUT_ACCEPT,559,-17549
9221,OUTPUT_ACCEPT,560,24844
9221,OUTPUT_ACCEPT,561,-11860
9221,OUTPUT_ACCEPT,562,31060
9221,OUTPUT_ACCEPT,563,25464
9221,OUTPUT_ACCEPT,564,24917
9221,OUTPUT_ACCEPT,565,-18320
9221,OUTPUT_ACCEPT,566,28869
9221,OUTPUT_ACCEPT,567,-15519
9221,OUTPUT_ACCEPT,568,27812
9221,OUTPUT_ACCEPT,569,-19405
9221,OUTPUT_ACCEPT,570,-44789
9221,OUTPUT_ACCEPT,571,-15294
9221,OUTPUT_ACCEPT,572,-21234
9221,OUTPUT_ACCEPT,573,-27252
9221,OUTPUT_ACCEPT,574,38706
9221,OUTPUT_ACCEPT,575,15885
10245,OUTPUT_ACCEPT,576,-2248
10245,OUTPUT_ACCEPT,577,3935
10245,OUTPUT_ACCEPT,578,-22768
10245,OUTPUT_ACCEPT,579,-3765
10245,OUTPUT_ACCEPT,580,2936
10245,OUTPUT_ACCEPT,581,16513
10245,OUTPUT_ACCEPT,582,26139
10245,OUTPUT_ACCEPT,583,-8896
10245,OUTPUT_ACCEPT,584,-27093
10245,OUTPUT_ACCEPT,585,-19626
10245,OUTPUT_ACCEPT,586,33449
10245,OUTPUT_ACCEPT,587,24155
10245,OUTPUT_ACCEPT,588,-21591
10245,OUTPUT_ACCEPT,589,-8460
10245,OUTPUT_ACCEPT,590,13531
10245,OUTPUT_ACCEPT,591,-6334
10245,OUTPUT_ACCEPT,592,-21285
10245,OUTPUT_ACCEPT,593,-5129
10245,OUTPUT_ACCEPT,594,11436
10245,OUTPUT_ACCEPT,595,19409
10245,OUTPUT_ACCEPT,596,29303
10245,OUTPUT_ACCEPT,597,30389
10245,OUTPUT_ACCEPT,598,-15460
10245,OUTPUT_ACCEPT,599,2525
10245,OUTPUT_ACCEPT,600,23706
10245,OUTPUT_ACCEPT,601,6237
10245,OUTPUT_ACCEPT,602,-23878
10245,OUTPUT_ACCEPT,603,23346
10245,OUTPUT_ACCEPT,604,-26160
10245,OUTPUT_ACCEPT,605,-25700
10245,OUTPUT_ACCEPT,606,-4146
10245,OUTPUT_ACCEPT,607,-30268
10245,OUTPUT_ACCEPT,608,-23115
10245,OUTPUT_ACCEPT,609,-30613
10245,OUTPUT_ACCEPT,610,-21808
10245,OUTPUT_ACCEPT,611,-13122
10245,OUTPUT_ACCEPT,612,14221
10245,OUTPUT_ACCEPT,613,-38463
10245,OUTPUT_ACCEPT,614,11881
10245,OUTPUT_ACCEPT,615,33874
10245,OUTPUT_ACCEPT,616,11435
10245,OUTPUT_ACCEPT,617,-6294
10245,OUTPUT_ACCEPT,618,8662
10245,OUTPUT_ACCEPT,619,27859
10245,OUTPUT_ACCEPT,620,10046
10245,OUTPUT_ACCEPT,621,-2627
10245,OUTPUT_ACCEPT,622,-33836
10245,OUTPUT_ACCEPT,623,29101
10245,OUTPUT_ACCEPT,624,-244
10245,OUTPUT_ACCEPT,625,27369
10245,OUTPUT_ACCEPT,626,30353
10245,OUTPUT_ACCEPT,627,-5820
10245,OUTPUT_ACCEPT,628,20114
10245,OUTPUT_ACCEPT,629,-29138
10245,OUTPUT_ACCEPT,630,12089
10245,OUTPUT_ACCEPT,631,8289
10245,OUTPUT_ACCEPT,632,13174
10245,OUTPUT_ACCEPT,633,-38494
10245,OUTPUT_ACCEPT,634,35354
10245,OUTPUT_ACCEPT,635,17706
10245,OUTPUT_ACCEPT,636,-8193
10245,OUTPUT_ACCEPT,637,-15444
10245,OUTPUT_ACCEPT,638,25552
10245,OUTPUT_ACCEPT,639,-21008
11269,OUTPUT_ACCEPT,640,11314
11269,OUTPUT_ACCEPT,641,-22099
11269,OUTPUT_ACCEPT,642,18255
11269,OUTPUT_ACCEPT,643,3513
11269,OUTPUT_ACCEPT,644,4775
11269,OUTPUT_ACCEPT,645,18790
11269,OUTPUT_ACCEPT,646,-27522
11269,OUTPUT_ACCEPT,647,-3701
11269,OUTPUT_ACCEPT,648,-14362
11269,OUTPUT_ACCEPT,649,-20504
11269,OUTPUT_ACCEPT,650,-15525
11269,OUTPUT_ACCEPT,651,-6844
11269,OUTPUT_ACCEPT,652,24032
11269,OUTPUT_ACCEPT,653,-31574
11269,OUTPUT_ACCEPT,654,-66316
11269,OUTPUT_ACCEPT,655,-964
11269,OUTPUT_ACCEPT,656,35839
11269,OUTPUT_ACCEPT,657,-1027
11269,OUTPUT_ACCEPT,658,24674
11269,OUTPUT_ACCEPT,659,16835
11269,OUTPUT_ACCEPT,660,-42149
11269,OUTPUT_ACCEPT,661,66027
11269,OUTPUT_ACCEPT,662,-44435
11269,OUTPUT_ACCEPT,663,2598
11269,OUTPUT_ACCEPT,664,2049
11269,OUTPUT_ACCEPT,665,-23191
11269,OUTPUT_ACCEPT,666,36123
11269,OUTPUT_ACCEPT,667,-39058
11269,OUTPUT_ACCEPT,668,52457
11269,OUTPUT_ACCEPT,669,60970
11269,OUTPUT_ACCEPT,670,-42000
11269,OUTPUT_ACCEPT,671,-43196
11269,OUTPUT_ACCEPT,672,-45758
11269,OUTPUT_ACCEPT,673,52123
11269,OUTPUT_ACCEPT,674,-32157
11269,OUTPUT_ACCEPT,675,63228
11269,OUTPUT_ACCEPT,676,29616
11269,OUTPUT_ACCEPT,677,-45422
11269,OUTPUT_ACCEPT,678,-25653
11269,OUTPUT_ACCEPT,679,8177
11269,OUTPUT_ACCEPT,680,-31529
11269,OUTPUT_ACCEPT,681,62103
11269,OUTPUT_ACCEPT,682,-53327
11269,OUTPUT_ACCEPT,683,31854
11269,OUTPUT_ACCEPT,684,9097
11269,OUTPUT_ACCEPT,685,40306
11269,OUTPUT_ACCEPT,686,36205
11269,OUTPUT_ACCEPT,687,46314
11269,OUTPUT_ACCEPT,688,-9672
11269,OUTPUT_ACCEPT,689,-17184
11269,OUTPUT_ACCEPT,690,-24954
11269,OUTPUT_ACCEPT,691,17059
11269,OUTPUT_ACCEPT,692,-15041
11269,OUTPUT_ACCEPT,693,42158
11269,OUTPUT_ACCEPT,694,6763
11269,OUTPUT_ACCEPT,695,-11934
11269,OUTPUT_ACCEPT,696,-44931
11269,OUTPUT_ACCEPT,697,-23000
11269,OUTPUT_ACCEPT,698,5284
11269,OUTPUT_ACCEPT,699,23050
11269,OUTPUT_ACCEPT,700,28479
11269,OUTPUT_ACCEPT,701,-2030
11269,OUTPUT_ACCEPT,702,-44183
11269,OUTPUT_ACCEPT,703,-3703
12293,OUTPUT_ACCEPT,704,44562
12293,OUTPUT_ACCEPT,705,-3190
12293,OUTPUT_ACCEPT,706,-32195
12293,OUTPUT_ACCEPT,707,-1292
12293,OUTPUT_ACCEPT,708,13525
12293,OUTPUT_ACCEPT,709,-1217
12293,OUTPUT_ACCEPT,710,-24714
12293,OUTPUT_ACCEPT,711,-18460
12293,OUTPUT_ACCEPT,712,-20368
12293,OUTPUT_ACCEPT,713,-18878
12293,OUTPUT_ACCEPT,714,26047
12293,OUTPUT_ACCEPT,715,23534
12293,OUTPUT_ACCEPT,716,38467
12293,OUTPUT_ACCEPT,717,-851
12293,OUTPUT_ACCEPT,718,8897
12293,OUTPUT_ACCEPT,719,-25442
12293,OUTPUT_ACCEPT,720,39696
12293,OUTPUT_ACCEPT,721,54010
12293,OUTPUT_ACCEPT,722,-34948
12293,OUTPUT_ACCEPT,723,42035
12293,OUTPUT_ACCEPT,724,43518
12293,OUTPUT_ACCEPT,725,-40927
12293,OUTPUT_ACCEPT,726,-39401
12293,OUTPUT_ACCEPT,727,34706
12293,OUTPUT_ACCEPT,728,-15214
12293,OUTPUT_ACCEPT,729,-39746
12293,OUTPUT_ACCEPT,730,-42760
12293,OUTPUT_ACCEPT,731,34325
12293,OUTPUT_ACCEPT,732,-43880
12293,OUTPUT_ACCEPT,733,11223
12293,OUTPUT_ACCEPT,734,5396
12293,OUTPUT_ACCEPT,735,-34922
12293,OUTPUT_ACCEPT,736,-4240
12293,OUTPUT_ACCEPT,737,-36548
12293,OUTPUT_ACCEPT,738,27907
12293,OUTPUT_ACCEPT,739,5184
12293,OUTPUT_ACCEPT,740,50467
12293,OUTPUT_ACCEPT,741,12470
12293,OUTPUT_ACCEPT,742,-40916
12293,OUTPUT_ACCEPT,743,7763
12293,OUTPUT_ACCEPT,744,-18982
12293,OUTPUT_ACCEPT,745,50371
12293,OUTPUT_ACCEPT,746,20606
12293,OUTPUT_ACCEPT,747,-35626
12293,OUTPUT_ACCEPT,748,-3949
12293,OUTPUT_ACCEPT,749,-34573
12293,OUTPUT_ACCEPT,750,8287
12293,OUTPUT_ACCEPT,751,3428
12293,OUTPUT_ACCEPT,752,30491
12293,OUTPUT_ACCEPT,753,-62405
12293,OUTPUT_ACCEPT,754,41559
12293,OUTPUT_ACCEPT,755,-4748
12293,OUTPUT_ACCEPT,756,-32171
12293,OUTPUT_ACCEPT,757,45511
12293,OUTPUT_ACCEPT,758,37223
12293,OUTPUT_ACCEPT,759,-2742
12293,OUTPUT_ACCEPT,760,-57595
12293,OUTPUT_ACCEPT,761,-37884
12293,OUTPUT_ACCEPT,762,54102
12293,OUTPUT_ACCEPT,763,-4267
12293,OUTPUT_ACCEPT,764,50163
12293,OUTPUT_ACCEPT,765,-3763
12293,OUTPUT_ACCEPT,766,-16368
12293,OUTPUT_ACCEPT,767,50987
13317,OUTPUT_ACCEPT,768,32621
13317,OUTPUT_ACCEPT,769,-3899
13317,OUTPUT_ACCEPT,770,-31041
13317,OUTPUT_ACCEPT,771,-1517
13317,OUTPUT_ACCEPT,772,-18006
13317,OUTPUT_ACCEPT,773,-907
13317,OUTPUT_ACCEPT,774,-2709
13317,OUTPUT_ACCEPT,775,-17025
13317,OUTPUT_ACCEPT,776,-7236
13317,OUTPUT_ACCEPT,777,-17805
13317,OUTPUT_ACCEPT,778,11219
13317,OUTPUT_ACCEPT,779,-25845
13317,OUTPUT_ACCEPT,780,-13900
13317,OUTPUT_ACCEPT,781,18465
13317,OUTPUT_ACCEPT,782,-34220
13317,OUTPUT_ACCEPT,783,5616
13317,OUTPUT_ACCEPT,784,-5291
13317,OUTPUT_ACCEPT,785,-12602
13317,OUTPUT_ACCEPT,786,-35870
13317,OUTPUT_ACCEPT,787,4214
13317,OUTPUT_ACCEPT,788,29239
13317,OUTPUT_ACCEPT,789,-27522
13317,OUTPUT_ACCEPT,790,-6764
13317,OUTPUT_ACCEPT,791,26454
13317,OUTPUT_ACCEPT,792,-27022
13317,OUTPUT_ACCEPT,793,-12539
13317,OUTPUT_ACCEPT,794,-26985
13317,OUTPUT_ACCEPT,795,26356
13317,OUTPUT_ACCEPT,796,-14675
13317,OUTPUT_ACCEPT,797,30096
13317,OUTPUT_ACCEPT,798,26307
13317,OUTPUT_ACCEPT,799,-35016
13317,OUTPUT_ACCEPT,800,-14102
13317,OUTPUT_ACCEPT,801,15818
13317,OUTPUT_ACCEPT,802,27443
13317,OUTPUT_ACCEPT,803,10695
13317,OUTPUT_ACCEPT,804,12580
13317,OUTPUT_ACCEPT,805,-9397
13317,OUTPUT_ACCEPT,806,-16946
13317,OUTPUT_ACCEPT,807,-18381
13317,OUTPUT_ACCEPT,808,10231
13317,OUTPUT_ACCEPT,809,-9471
13317,OUTPUT_ACCEPT,810,19726
13317,OUTPUT_ACCEPT,811,10371
13317,OUTPUT_ACCEPT,812,-29740
13317,OUTPUT_ACCEPT,813,25447
13317,OUTPUT_ACCEPT,814,-5374
13317,OUTPUT_ACCEPT,815,5205
13317,OUTPUT_ACCEPT,816,21430
13317,OUTPUT_ACCEPT,817,-6070
13317,OUTPUT_ACCEPT,818,-6780
13317,OUTPUT_ACCEPT,819,34316
13317,OUTPUT_ACCEPT,820,25498
13317,OUTPUT_ACCEPT,821,5359
13317,OUTPUT_ACCEPT,822,3912
13317,OUTPUT_ACCEPT,823,123
13317,OUTPUT_ACCEPT,824,-3274
13317,OUTPUT_ACCEPT,825,-18430
13317,OUTPUT_ACCEPT,826,25055
13317,OUTPUT_ACCEPT,827,24333
13317,OUTPUT_ACCEPT,828,17792
13317,OUTPUT_ACCEPT,829,23972
13317,OUTPUT_ACCEPT,830,7502
13317,OUTPUT_ACCEPT,831,-7081
14341,OUTPUT_ACCEPT,832,-3515
14341,OUTPUT_ACCEPT,833,12634
14341,OUTPUT_ACCEPT,834,3263
14341,OUTPUT_ACCEPT,835,-17886
14341,OUTPUT_ACCEPT,836,-30340
14341,OUTPUT_ACCEPT,837,19933
14341,OUTPUT_ACCEPT,838,11562
14341,OUTPUT_ACCEPT,839,-14305
14341,OUTPUT_ACCEPT,840,-12834
14341,OUTPUT_ACCEPT,841,-31064
14341,OUTPUT_ACCEPT,842,3758
14341,OUTPUT_ACCEPT,843,-16463
14341,OUTPUT_ACCEPT,844,-28092
14341,OUTPUT_ACCEPT,845,5128
14341,OUTPUT_ACCEPT,846,-20475
14341,OUTPUT_ACCEPT,847,3370
14341,OUTPUT_ACCEPT,848,-15796
14341,OUTPUT_ACCEPT,849,-25902
14341,OUTPUT_ACCEPT,850,-24959
14341,OUTPUT_ACCEPT,851,14167
14341,OUTPUT_ACCEPT,852,-30037
14341,OUTPUT_ACCEPT,853,19637
14341,OUTPUT_ACCEPT,854,26848
14341,OUTPUT_ACCEPT,855,28306
14341,OUTPUT_ACCEPT,856,-25830
14341,OUTPUT_ACCEPT,857,32099
14341,OUTPUT_ACCEPT,858,7113
14341,OUTPUT_ACCEPT,859,-10895
14341,OUTPUT_ACCEPT,860,-28040
14341,OUTPUT_ACCEPT,861,-2340
14341,OUTPUT_ACCEPT,862,-20456
14341,OUTPUT_ACCEPT,863,8928
14341,OUTPUT_ACCEPT,864,-12625
14341,OUTPUT_ACCEPT,865,20686
14341,OUTPUT_ACCEPT,866,4529
14341,OUTPUT_ACCEPT,867,-26533
14341,OUTPUT_ACCEPT,868,-26964
14341,OUTPUT_ACCEPT,869,-35324
14341,OUTPUT_ACCEPT,870,-17424
14341,OUTPUT_ACCEPT,871,3645
14341,OUTPUT_ACCEPT,872,-28736
14341,OUTPUT_ACCEPT,873,-15371
14341,OUTPUT_ACCEPT,874,-15636
14341,OUTPUT_ACCEPT,875,-9854
14341,OUTPUT_ACCEPT,876,8514
14341,OUTPUT_ACCEPT,877,31643
14341,OUTPUT_ACCEPT,878,18877
14341,OUTPUT_ACCEPT,879,-27366
14341,OUTPUT_ACCEPT,880,-28534
14341,OUTPUT_ACCEPT,881,-26715
14341,OUTPUT_ACCEPT,882,-24967
14341,OUTPUT_ACCEPT,883,15107
14341,OUTPUT_ACCEPT,884,27450
14341,OUTPUT_ACCEPT,885,-12329
14341,OUTPUT_ACCEPT,886,35802
14341,OUTPUT_ACCEPT,887,26967
14341,OUTPUT_ACCEPT,888,9559
14341,OUTPUT_ACCEPT,889,28417
14341,OUTPUT_ACCEPT,890,-36787
14341,OUTPUT_ACCEPT,891,8510
14341,OUTPUT_ACCEPT,892,-35795
14341,OUTPUT_ACCEPT,893,-10947
14341,OUTPUT_ACCEPT,894,8080
14341,OUTPUT_ACCEPT,895,2177
15365,OUTPUT_ACCEPT,896,7102
15365,OUTPUT_ACCEPT,897,24303
15365,OUTPUT_ACCEPT,898,-868
15365,OUTPUT_ACCEPT,899,-10861
15365,OUTPUT_ACCEPT,900,-7037
15365,OUTPUT_ACCEPT,901,-1431
15365,OUTPUT_ACCEPT,902,1311
15365,OUTPUT_ACCEPT,903,-9404
15365,OUTPUT_ACCEPT,904,-25148
15365,OUTPUT_ACCEPT,905,21157
15365,OUTPUT_ACCEPT,906,-4675
15365,OUTPUT_ACCEPT,907,-22991
15365,OUTPUT_ACCEPT,908,12165
15365,OUTPUT_ACCEPT,909,-7645
15365,OUTPUT_ACCEPT,910,-14739
15365,OUTPUT_ACCEPT,911,18957
15365,OUTPUT_ACCEPT,912,-5190
15365,OUTPUT_ACCEPT,913,-11766
15365,OUTPUT_ACCEPT,914,-9354
15365,OUTPUT_ACCEPT,915,-8235
15365,OUTPUT_ACCEPT,916,902
15365,OUTPUT_ACCEPT,917,27071
15365,OUTPUT_ACCEPT,918,-2256
15365,OUTPUT_ACCEPT,919,5735
15365,OUTPUT_ACCEPT,920,-20239
15365,OUTPUT_ACCEPT,921,-9233
15365,OUTPUT_ACCEPT,922,-4022
15365,OUTPUT_ACCEPT,923,-27010
15365,OUTPUT_ACCEPT,924,4519
15365,OUTPUT_ACCEPT,925,9566
15365,OUTPUT_ACCEPT,926,-13960
15365,OUTPUT_ACCEPT,927,17517
15365,OUTPUT_ACCEPT,928,-5110
15365,OUTPUT_ACCEPT,929,-17973
15365,OUTPUT_ACCEPT,930,13837
15365,OUTPUT_ACCEPT,931,-20525
15365,OUTPUT_ACCEPT,932,22428
15365,OUTPUT_ACCEPT,933,24948
15365,OUTPUT_ACCEPT,934,-20848
15365,OUTPUT_ACCEPT,935,5085
15365,OUTPUT_ACCEPT,936,15865
15365,OUTPUT_ACCEPT,937,-29545
15365,OUTPUT_ACCEPT,938,34954
15365,OUTPUT_ACCEPT,939,33216
15365,OUTPUT_ACCEPT,940,23312
15365,OUTPUT_ACCEPT,941,-26826
15365,OUTPUT_ACCEPT,942,208
15365,OUTPUT_ACCEPT,943,-32001
15365,OUTPUT_ACCEPT,944,-11992
15365,OUTPUT_ACCEPT,945,-31937
15365,OUTPUT_ACCEPT,946,14615
15365,OUTPUT_ACCEPT,947,2494
15365,OUTPUT_ACCEPT,948,-32985
15365,OUTPUT_ACCEPT,949,-28693
15365,OUTPUT_ACCEPT,950,20568
15365,OUTPUT_ACCEPT,951,-21005
15365,OUTPUT_ACCEPT,952,16658
15365,OUTPUT_ACCEPT,953,-17116
15365,OUTPUT_ACCEPT,954,17789
15365,OUTPUT_ACCEPT,955,-10177
15365,OUTPUT_ACCEPT,956,22172
15365,OUTPUT_ACCEPT,957,14243
15365,OUTPUT_ACCEPT,958,-10241
15365,OUTPUT_ACCEPT,959,9971
16389,OUTPUT_ACCEPT,960,-1789
16389,OUTPUT_ACCEPT,961,3760
16389,OUTPUT_ACCEPT,962,2107
16389,OUTPUT_ACCEPT,963,14881
16389,OUTPUT_ACCEPT,964,27757
16389,OUTPUT_ACCEPT,965,-8992
16389,OUTPUT_ACCEPT,966,20030
16389,OUTPUT_ACCEPT,967,21579
16389,OUTPUT_ACCEPT,968,-4337
16389,OUTPUT_ACCEPT,969,-22016
16389,OUTPUT_ACCEPT,970,-21466
16389,OUTPUT_ACCEPT,971,-10847
16389,OUTPUT_ACCEPT,972,-22364
16389,OUTPUT_ACCEPT,973,11993
16389,OUTPUT_ACCEPT,974,-19325
16389,OUTPUT_ACCEPT,975,23523
16389,OUTPUT_ACCEPT,976,-13218
16389,OUTPUT_ACCEPT,977,25509
16389,OUTPUT_ACCEPT,978,15184
16389,OUTPUT_ACCEPT,979,-12046
16389,OUTPUT_ACCEPT,980,9287
16389,OUTPUT_ACCEPT,981,-5251
16389,OUTPUT_ACCEPT,982,-13513
16389,OUTPUT_ACCEPT,983,-942
16389,OUTPUT_ACCEPT,984,12317
16389,OUTPUT_ACCEPT,985,8286
16389,OUTPUT_ACCEPT,986,19126
16389,OUTPUT_ACCEPT,987,-20965
16389,OUTPUT_ACCEPT,988,-29025
16389,OUTPUT_ACCEPT,989,-53344
16389,OUTPUT_ACCEPT,990,-15851
16389,OUTPUT_ACCEPT,991,19406
16389,OUTPUT_ACCEPT,992,-26540
16389,OUTPUT_ACCEPT,993,-25481
16389,OUTPUT_ACCEPT,994,-6151
16389,OUTPUT_ACCEPT,995,-31889
16389,OUTPUT_ACCEPT,996,-16087
16389,OUTPUT_ACCEPT,997,-7538
16389,OUTPUT_ACCEPT,998,35267
16389,OUTPUT_ACCEPT,999,34312
16389,OUTPUT_ACCEPT,1000,-35161
16389,OUTPUT_ACCEPT,1001,-28084
16389,OUTPUT_ACCEPT,1002,-23580
16389,OUTPUT_ACCEPT,1003,-33764
16389,OUTPUT_ACCEPT,1004,3391
16389,OUTPUT_ACCEPT,1005,-31785
16389,OUTPUT_ACCEPT,1006,-31499
16389,OUTPUT_ACCEPT,1007,-13400
16389,OUTPUT_ACCEPT,1008,33085
16389,OUTPUT_ACCEPT,1009,-15393
16389,OUTPUT_ACCEPT,1010,-14023
16389,OUTPUT_ACCEPT,1011,-20504
16389,OUTPUT_ACCEPT,1012,-31799
16389,OUTPUT_ACCEPT,1013,17512
16389,OUTPUT_ACCEPT,1014,-26288
16389,OUTPUT_ACCEPT,1015,7386
16389,OUTPUT_ACCEPT,1016,-33290
16389,OUTPUT_ACCEPT,1017,-29055
16389,OUTPUT_ACCEPT,1018,19192
16389,OUTPUT_ACCEPT,1019,-11903
16389,OUTPUT_ACCEPT,1020,-27427
16389,OUTPUT_ACCEPT,1021,6123
16389,OUTPUT_ACCEPT,1022,16298
16389,OUTPUT_ACCEPT,1023,27914
17413,OUTPUT_ACCEPT,1024,5916
17413,OUTPUT_ACCEPT,1025,26666
17413,OUTPUT_ACCEPT,1026,-23747
17413,OUTPUT_ACCEPT,1027,-23356
17413,OUTPUT_ACCEPT,1028,7517
17413,OUTPUT_ACCEPT,1029,3154
17413,OUTPUT_ACCEPT,1030,29483
17413,OUTPUT_ACCEPT,1031,-17044
17413,OUTPUT_ACCEPT,1032,20348
17413,OUTPUT_ACCEPT,1033,-32189
17413,OUTPUT_ACCEPT,1034,-37034
17413,OUTPUT_ACCEPT,1035,-30421
17413,OUTPUT_ACCEPT,1036,14454
17413,OUTPUT_ACCEPT,1037,-39309
17413,OUTPUT_ACCEPT,1038,-5389
17413,OUTPUT_ACCEPT,1039,-15699
17413,OUTPUT_ACCEPT,1040,48519
17413,OUTPUT_ACCEPT,1041,-16608
17413,OUTPUT_ACCEPT,1042,2091
17413,OUTPUT_ACCEPT,1043,13471
17413,OUTPUT_ACCEPT,1044,21917
17413,OUTPUT_ACCEPT,1045,-24786
17413,OUTPUT_ACCEPT,1046,10920
17413,OUTPUT_ACCEPT,1047,-26905
17413,OUTPUT_ACCEPT,1048,-44377
17413,OUTPUT_ACCEPT,1049,-4595
17413,OUTPUT_ACCEPT,1050,4247
17413,OUTPUT_ACCEPT,1051,-21081
17413,OUTPUT_ACCEPT,1052,15922
17413,OUTPUT_ACCEPT,1053,-36869
17413,OUTPUT_ACCEPT,1054,-15506
17413,OUTPUT_ACCEPT,1055,17582
17413,OUTPUT_ACCEPT,1056,-2625
17413,OUTPUT_ACCEPT,1057,32309
17413,OUTPUT_ACCEPT,1058,-18843
17413,OUTPUT_ACCEPT,1059,28775
17413,OUTPUT_ACCEPT,1060,-7246
17413,OUTPUT_ACCEPT,1061,50210
17413,OUTPUT_ACCEPT,1062,29923
17413,OUTPUT_ACCEPT,1063,-1486
17413,OUTPUT_ACCEPT,1064,47476
17413,OUTPUT_ACCEPT,1065,-43161
17413,OUTPUT_ACCEPT,1066,-38348
17413,OUTPUT_ACCEPT,1067,2044
17413,OUTPUT_ACCEPT,1068,-1286
17413,OUTPUT_ACCEPT,1069,6422
17413,OUTPUT_ACCEPT,1070,11976
17413,OUTPUT_ACCEPT,1071,26879
17413,OUTPUT_ACCEPT,1072,-20203
17413,OUTPUT_ACCEPT,1073,-4011
17413,OUTPUT_ACCEPT,1074,-21385
17413,OUTPUT_ACCEPT,1075,27303
17413,OUTPUT_ACCEPT,1076,-26627
17413,OUTPUT_ACCEPT,1077,22316
17413,OUTPUT_ACCEPT,1078,-28374
17413,OUTPUT_ACCEPT,1079,-30519
17413,OUTPUT_ACCEPT,1080,-13152
17413,OUTPUT_ACCEPT,1081,7614
17413,OUTPUT_ACCEPT,1082,-9532
17413,OUTPUT_ACCEPT,1083,20214
17413,OUTPUT_ACCEPT,1084,4634
17413,OUTPUT_ACCEPT,1085,-31521
17413,OUTPUT_ACCEPT,1086,-5009
17413,OUTPUT_ACCEPT,1087,-34534
18437,OUTPUT_ACCEPT,1088,21508
18437,OUTPUT_ACCEPT,1089,17921
18437,OUTPUT_ACCEPT,1090,5024
18437,OUTPUT_ACCEPT,1091,16668
18437,OUTPUT_ACCEPT,1092,-21721
18437,OUTPUT_ACCEPT,1093,-28112
18437,OUTPUT_ACCEPT,1094,24339
18437,OUTPUT_ACCEPT,1095,-1528
18437,OUTPUT_ACCEPT,1096,-26346
18437,OUTPUT_ACCEPT,1097,24007
18437,OUTPUT_ACCEPT,1098,-12250
18437,OUTPUT_ACCEPT,1099,20189
18437,OUTPUT_ACCEPT,1100,-5455
18437,OUTPUT_ACCEPT,1101,30453
18437,OUTPUT_ACCEPT,1102,-22939
18437,OUTPUT_ACCEPT,1103,-1709
18437,OUTPUT_ACCEPT,1104,-36594
18437,OUTPUT_ACCEPT,1105,-30823
18437,OUTPUT_ACCEPT,1106,-7709
18437,OUTPUT_ACCEPT,1107,34761
18437,OUTPUT_ACCEPT,1108,16909
18437,OUTPUT_ACCEPT,1109,42604
18437,OUTPUT_ACCEPT,1110,-212
18437,OUTPUT_ACCEPT,1111,35940
18437,OUTPUT_ACCEPT,1112,-33622
18437,OUTPUT_ACCEPT,1113,-27229
18437,OUTPUT_ACCEPT,1114,11934
18437,OUTPUT_ACCEPT,1115,22105
18437,OUTPUT_ACCEPT,1116,-16433
18437,OUTPUT_ACCEPT,1117,-35472
18437,OUTPUT_ACCEPT,1118,29092
18437,OUTPUT_ACCEPT,1119,225
18437,OUTPUT_ACCEPT,1120,18505
18437,OUTPUT_ACCEPT,1121,-35468
18437,OUTPUT_ACCEPT,1122,-24131
18437,OUTPUT_ACCEPT,1123,-32903
18437,OUTPUT_ACCEPT,1124,-33372
18437,OUTPUT_ACCEPT,1125,28022
18437,OUTPUT_ACCEPT,1126,-7251
18437,OUTPUT_ACCEPT,1127,-7242
18437,OUTPUT_ACCEPT,1128,27279
18437,OUTPUT_ACCEPT,1129,26387
18437,OUTPUT_ACCEPT,1130,-11466
18437,OUTPUT_ACCEPT,1131,34229
18437,OUTPUT_ACCEPT,1132,-41327
18437,OUTPUT_ACCEPT,1133,-34111
18437,OUTPUT_ACCEPT,1134,20801
18437,OUTPUT_ACCEPT,1135,-26087
18437,OUTPUT_ACCEPT,1136,-13614
18437,OUTPUT_ACCEPT,1137,16296
18437,OUTPUT_ACCEPT,1138,3953
18437,OUTPUT_ACCEPT,1139,13931
18437,OUTPUT_ACCEPT,1140,11948
18437,OUTPUT_ACCEPT,1141,20346
18437,OUTPUT_ACCEPT,1142,-3009
18437,OUTPUT_ACCEPT,1143,13364
18437,OUTPUT_ACCEPT,1144,-10164
18437,OUTPUT_ACCEPT,1145,-14581
18437,OUTPUT_ACCEPT,1146,-26635
18437,OUTPUT_ACCEPT,1147,7356
18437,OUTPUT_ACCEPT,1148,33782
18437,OUTPUT_ACCEPT,1149,13801
18437,OUTPUT_ACCEPT,1150,-21175
18437,OUTPUT_ACCEPT,1151,17387
19461,OUTPUT_ACCEPT,1152,-46502
19461,OUTPUT_ACCEPT,1153,38381
19461,OUTPUT_ACCEPT,1154,23570
19461,OUTPUT_ACCEPT,1155,17043
19461,OUTPUT_ACCEPT,1156,-39473
19461,OUTPUT_ACCEPT,1157,-14106
19461,OUTPUT_ACCEPT,1158,51956
19461,OUTPUT_ACCEPT,1159,42469
19461,OUTPUT_ACCEPT,1160,1289
19461,OUTPUT_ACCEPT,1161,7994
19461,OUTPUT_ACCEPT,1162,20425
19461,OUTPUT_ACCEPT,1163,-22027
19461,OUTPUT_ACCEPT,1164,3702
19461,OUTPUT_ACCEPT,1165,5406
19461,OUTPUT_ACCEPT,1166,755
19461,OUTPUT_ACCEPT,1167,9427
19461,OUTPUT_ACCEPT,1168,7414
19461,OUTPUT_ACCEPT,1169,16369
19461,OUTPUT_ACCEPT,1170,12549
19461,OUTPUT_ACCEPT,1171,21581
19461,OUTPUT_ACCEPT,1172,-1127
19461,OUTPUT_ACCEPT,1173,4274
19461,OUTPUT_ACCEPT,1174,9409
19461,OUTPUT_ACCEPT,1175,-14161
19461,OUTPUT_ACCEPT,1176,610
19461,OUTPUT_ACCEPT,1177,13914
19461,OUTPUT_ACCEPT,1178,5366
19461,OUTPUT_ACCEPT,1179,-31388
19461,OUTPUT_ACCEPT,1180,27313
19461,OUTPUT_ACCEPT,1181,-12494
19461,OUTPUT_ACCEPT,1182,-13300
19461,OUTPUT_ACCEPT,1183,25948
19461,OUTPUT_ACCEPT,1184,-18694
19461,OUTPUT_ACCEPT,1185,-17051
19461,OUTPUT_ACCEPT,1186,-15065
19461,OUTPUT_ACCEPT,1187,3029
19461,OUTPUT_ACCEPT,1188,-16893
19461,OUTPUT_ACCEPT,1189,-935
19461,OUTPUT_ACCEPT,1190,-23739
19461,OUTPUT_ACCEPT,1191,13777
19461,OUTPUT_ACCEPT,1192,-20138
19461,OUTPUT_ACCEPT,1193,-31919
19461,OUTPUT_ACCEPT,1194,22130
19461,OUTPUT_ACCEPT,1195,4068
19461,OUTPUT_ACCEPT,1196,17846
19461,OUTPUT_ACCEPT,1197,-27180
19461,OUTPUT_ACCEPT,1198,-26584
19461,OUTPUT_ACCEPT,1199,3530
19461,OUTPUT_ACCEPT,1200,-5013
19461,OUTPUT_ACCEPT,1201,-26082
19461,OUTPUT_ACCEPT,1202,1791
19461,OUTPUT_ACCEPT,1203,13244
19461,OUTPUT_ACCEPT,1204,16017
19461,OUTPUT_ACCEPT,1205,-30710
19461,OUTPUT_ACCEPT,1206,-26999
19461,OUTPUT_ACCEPT,1207,8553
19461,OUTPUT_ACCEPT,1208,-14450
19461,OUTPUT_ACCEPT,1209,1858
19461,OUTPUT_ACCEPT,1210,18287
19461,OUTPUT_ACCEPT,1211,8993
19461,OUTPUT_ACCEPT,1212,-17741
19461,OUTPUT_ACCEPT,1213,-15425
19461,OUTPUT_ACCEPT,1214,32731
19461,OUTPUT_ACCEPT,1215,-10422
20485,OUTPUT_ACCEPT,1216,-15557
20485,OUTPUT_ACCEPT,1217,-25268
20485,OUTPUT_ACCEPT,1218,-34531
20485,OUTPUT_ACCEPT,1219,15898
20485,OUTPUT_ACCEPT,1220,32110
20485,OUTPUT_ACCEPT,1221,20555
20485,OUTPUT_ACCEPT,1222,-16454
20485,OUTPUT_ACCEPT,1223,5545
20485,OUTPUT_ACCEPT,1224,29234
20485,OUTPUT_ACCEPT,1225,4356
20485,OUTPUT_ACCEPT,1226,35088
20485,OUTPUT_ACCEPT,1227,-45214
20485,OUTPUT_ACCEPT,1228,45260
20485,OUTPUT_ACCEPT,1229,-25382
20485,OUTPUT_ACCEPT,1230,-14413
20485,OUTPUT_ACCEPT,1231,-17177
20485,OUTPUT_ACCEPT,1232,-10214
20485,OUTPUT_ACCEPT,1233,3372
20485,OUTPUT_ACCEPT,1234,-5593
20485,OUTPUT_ACCEPT,1235,601
20485,OUTPUT_ACCEPT,1236,-9324
20485,OUTPUT_ACCEPT,1237,15390
20485,OUTPUT_ACCEPT,1238,-33262
20485,OUTPUT_ACCEPT,1239,-2594
20485,OUTPUT_ACCEPT,1240,-4012
20485,OUTPUT_ACCEPT,1241,20284
20485,OUTPUT_ACCEPT,1242,-21243
20485,OUTPUT_ACCEPT,1243,4717
20485,OUTPUT_ACCEPT,1244,26050
20485,OUTPUT_ACCEPT,1245,1689
20485,OUTPUT_ACCEPT,1246,-26316
20485,OUTPUT_ACCEPT,1247,-10955
20485,OUTPUT_ACCEPT,1248,5411
20485,OUTPUT_ACCEPT,1249,26228
20485,OUTPUT_ACCEPT,1250,-20347
20485,OUTPUT_ACCEPT,1251,-10202
20485,OUTPUT_ACCEPT,1252,-37094
20485,OUTPUT_ACCEPT,1253,25053
20485,OUTPUT_ACCEPT,1254,-14809
20485,OUTPUT_ACCEPT,1255,12701
20485,OUTPUT_ACCEPT,1256,25892
20485,OUTPUT_ACCEPT,1257,26368
20485,OUTPUT_ACCEPT,1258,26640
20485,OUTPUT_ACCEPT,1259,30348
20485,OUTPUT_ACCEPT,1260,-12517
20485,OUTPUT_ACCEPT,1261,-15823
20485,OUTPUT_ACCEPT,1262,-16163
20485,OUTPUT_ACCEPT,1263,15935
20485,OUTPUT_ACCEPT,1264,-17351
20485,OUTPUT_ACCEPT,1265,10630
20485,OUTPUT_ACCEPT,1266,29100
20485,OUTPUT_ACCEPT,1267,6671
20485,OUTPUT_ACCEPT,1268,20734
20485,OUTPUT_ACCEPT,1269,-21015
20485,OUTPUT_ACCEPT,1270,-3091
20485,OUTPUT_ACCEPT,1271,-2821
20485,OUTPUT_ACCEPT,1272,-4785
20485,OUTPUT_ACCEPT,1273,10659
20485,OUTPUT_ACCEPT,1274,-3474
20485,OUTPUT_ACCEPT,1275,-9386
20485,OUTPUT_ACCEPT,1276,17929
20485,OUTPUT_ACCEPT,1277,-1816
20485,OUTPUT_ACCEPT,1278,-1190
20485,OUTPUT_ACCEPT,1279,-1247
21509,OUTPUT_ACCEPT,1280,-16692
21509,OUTPUT_ACCEPT,1281,-17976
21509,OUTPUT_ACCEPT,1282,-12110
21509,OUTPUT_ACCEPT,1283,16921
21509,OUTPUT_ACCEPT,1284,-5914
21509,OUTPUT_ACCEPT,1285,23864
21509,OUTPUT_ACCEPT,1286,-31835
21509,OUTPUT_ACCEPT,1287,6717
21509,OUTPUT_ACCEPT,1288,14638
21509,OUTPUT_ACCEPT,1289,139
21509,OUTPUT_ACCEPT,1290,6498
21509,OUTPUT_ACCEPT,1291,6186
21509,OUTPUT_ACCEPT,1292,-5747
21509,OUTPUT_ACCEPT,1293,-11653
21509,OUTPUT_ACCEPT,1294,-25516
21509,OUTPUT_ACCEPT,1295,18717
21509,OUTPUT_ACCEPT,1296,-12588
21509,OUTPUT_ACCEPT,1297,13607
21509,OUTPUT_ACCEPT,1298,-6728
21509,OUTPUT_ACCEPT,1299,5878
21509,OUTPUT_ACCEPT,1300,-10752
21509,OUTPUT_ACCEPT,1301,2484
21509,OUTPUT_ACCEPT,1302,-5730
21509,OUTPUT_ACCEPT,1303,-7716
21509,OUTPUT_ACCEPT,1304,22231
21509,OUTPUT_ACCEPT,1305,7366
21509,OUTPUT_ACCEPT,1306,-17028
21509,OUTPUT_ACCEPT,1307,11155
21509,OUTPUT_ACCEPT,1308,2147
21509,OUTPUT_ACCEPT,1309,-5480
21509,OUTPUT_ACCEPT,1310,-539
21509,OUTPUT_ACCEPT,1311,12380
21509,OUTPUT_ACCEPT,1312,-8208
21509,OUTPUT_ACCEPT,1313,3805
21509,OUTPUT_ACCEPT,1314,-17911
21509,OUTPUT_ACCEPT,1315,-5242
21509,OUTPUT_ACCEPT,1316,-4988
21509,OUTPUT_ACCEPT,1317,-27732
21509,OUTPUT_ACCEPT,1318,-5459
21509,OUTPUT_ACCEPT,1319,41597
21509,OUTPUT_ACCEPT,1320,-357
21509,OUTPUT_ACCEPT,1321,-8951
21509,OUTPUT_ACCEPT,1322,-5823
21509,OUTPUT_ACCEPT,1323,5633
21509,OUTPUT_ACCEPT,1324,19154
21509,OUTPUT_ACCEPT,1325,22744
21509,OUTPUT_ACCEPT,1326,32468
21509,OUTPUT_ACCEPT,1327,-14385
21509,OUTPUT_ACCEPT,1328,8482
21509,OUTPUT_ACCEPT,1329,-29895
21509,OUTPUT_ACCEPT,1330,-29056
21509,OUTPUT_ACCEPT,1331,6450
21509,OUTPUT_ACCEPT,1332,18493
21509,OUTPUT_ACCEPT,1333,14877
21509,OUTPUT_ACCEPT,1334,25502
21509,OUTPUT_ACCEPT,1335,21872
21509,OUTPUT_ACCEPT,1336,-11434
21509,OUTPUT_ACCEPT,1337,8681
21509,OUTPUT_ACCEPT,1338,18492
21509,OUTPUT_ACCEPT,1339,-13450
21509,OUTPUT_ACCEPT,1340,33699
21509,OUTPUT_ACCEPT,1341,31995
21509,OUTPUT_ACCEPT,1342,-4591
21509,OUTPUT_ACCEPT,1343,-7308
22533,OUTPUT_ACCEPT,1344,1804
22533,OUTPUT_ACCEPT,1345,17023
22533,OUTPUT_ACCEPT,1346,-12136
22533,OUTPUT_ACCEPT,1347,-9004
22533,OUTPUT_ACCEPT,1348,-22219
22533,OUTPUT_ACCEPT,1349,-383
22533,OUTPUT_ACCEPT,1350,700
22533,OUTPUT_ACCEPT,1351,-1724
22533,OUTPUT_ACCEPT,1352,-10197
22533,OUTPUT_ACCEPT,1353,28626
22533,OUTPUT_ACCEPT,1354,8048
22533,OUTPUT_ACCEPT,1355,49
22533,OUTPUT_ACCEPT,1356,4582
22533,OUTPUT_ACCEPT,1357,-5314
22533,OUTPUT_ACCEPT,1358,2703
22533,OUTPUT_ACCEPT,1359,-6547
22533,OUTPUT_ACCEPT,1360,-3889
22533,OUTPUT_ACCEPT,1361,-2278
22533,OUTPUT_ACCEPT,1362,-11002
22533,OUTPUT_ACCEPT,1363,-23674
22533,OUTPUT_ACCEPT,1364,22272
22533,OUTPUT_ACCEPT,1365,7418
22533,OUTPUT_ACCEPT,1366,-15633
22533,OUTPUT_ACCEPT,1367,9062
22533,OUTPUT_ACCEPT,1368,-4681
22533,OUTPUT_ACCEPT,1369,13940
22533,OUTPUT_ACCEPT,1370,17538
22533,OUTPUT_ACCEPT,1371,-9964
22533,OUTPUT_ACCEPT,1372,17203
22533,OUTPUT_ACCEPT,1373,28628
22533,OUTPUT_ACCEPT,1374,6961
22533,OUTPUT_ACCEPT,1375,3606
22533,OUTPUT_ACCEPT,1376,-3975
22533,OUTPUT_ACCEPT,1377,-5482
22533,OUTPUT_ACCEPT,1378,11002
22533,OUTPUT_ACCEPT,1379,-4822
22533,OUTPUT_ACCEPT,1380,22659
22533,OUTPUT_ACCEPT,1381,16049
22533,OUTPUT_ACCEPT,1382,-8429
22533,OUTPUT_ACCEPT,1383,20337
22533,OUTPUT_ACCEPT,1384,7216
22533,OUTPUT_ACCEPT,1385,-13514
22533,OUTPUT_ACCEPT,1386,9618
22533,OUTPUT_ACCEPT,1387,23244
22533,OUTPUT_ACCEPT,1388,20059
22533,OUTPUT_ACCEPT,1389,-10223
22533,OUTPUT_ACCEPT,1390,4053
22533,OUTPUT_ACCEPT,1391,30824
22533,OUTPUT_ACCEPT,1392,24351
22533,OUTPUT_ACCEPT,1393,-16518
22533,OUTPUT_ACCEPT,1394,-20862
22533,OUTPUT_ACCEPT,1395,12007
22533,OUTPUT_ACCEPT,1396,17920
22533,OUTPUT_ACCEPT,1397,-1655
22533,OUTPUT_ACCEPT,1398,-3839
22533,OUTPUT_ACCEPT,1399,-17154
22533,OUTPUT_ACCEPT,1400,-17126
22533,OUTPUT_ACCEPT,1401,-129
22533,OUTPUT_ACCEPT,1402,-33020
22533,OUTPUT_ACCEPT,1403,15396
22533,OUTPUT_ACCEPT,1404,-54
22533,OUTPUT_ACCEPT,1405,23069
22533,OUTPUT_ACCEPT,1406,-2166
22533,OUTPUT_ACCEPT,1407,-13556
23557,OUTPUT_ACCEPT,1408,27163
23557,OUTPUT_ACCEPT,1409,-24177
23557,OUTPUT_ACCEPT,1410,-25604
23557,OUTPUT_ACCEPT,1411,3191
23557,OUTPUT_ACCEPT,1412,2223
23557,OUTPUT_ACCEPT,1413,-15859
23557,OUTPUT_ACCEPT,1414,-25774
23557,OUTPUT_ACCEPT,1415,10989
23557,OUTPUT_ACCEPT,1416,24889
23557,OUTPUT_ACCEPT,1417,17376
23557,OUTPUT_ACCEPT,1418,45954
23557,OUTPUT_ACCEPT,1419,25100
23557,OUTPUT_ACCEPT,1420,36272
23557,OUTPUT_ACCEPT,1421,-20915
23557,OUTPUT_ACCEPT,1422,-17494
23557,OUTPUT_ACCEPT,1423,-27751
23557,OUTPUT_ACCEPT,1424,-26176
23557,OUTPUT_ACCEPT,1425,-10651
23557,OUTPUT_ACCEPT,1426,-37505
23557,OUTPUT_ACCEPT,1427,-21676
23557,OUTPUT_ACCEPT,1428,-40582
23557,OUTPUT_ACCEPT,1429,37027
23557,OUTPUT_ACCEPT,1430,11345
23557,OUTPUT_ACCEPT,1431,-45830
23557,OUTPUT_ACCEPT,1432,-23971
23557,OUTPUT_ACCEPT,1433,-31767
23557,OUTPUT_ACCEPT,1434,36381
23557,OUTPUT_ACCEPT,1435,-22893
23557,OUTPUT_ACCEPT,1436,-31792
23557,OUTPUT_ACCEPT,1437,-5475
23557,OUTPUT_ACCEPT,1438,31287
23557,OUTPUT_ACCEPT,1439,-33291
23557,OUTPUT_ACCEPT,1440,-13441
23557,OUTPUT_ACCEPT,1441,22600
23557,OUTPUT_ACCEPT,1442,-8779
23557,OUTPUT_ACCEPT,1443,19178
23557,OUTPUT_ACCEPT,1444,-30236
23557,OUTPUT_ACCEPT,1445,19650
23557,OUTPUT_ACCEPT,1446,13051
23557,OUTPUT_ACCEPT,1447,-13209
23557,OUTPUT_ACCEPT,1448,20506
23557,OUTPUT_ACCEPT,1449,12120
23557,OUTPUT_ACCEPT,1450,-12630
23557,OUTPUT_ACCEPT,1451,18110
23557,OUTPUT_ACCEPT,1452,9983
23557,OUTPUT_ACCEPT,1453,-9116
23557,OUTPUT_ACCEPT,1454,-23270
23557,OUTPUT_ACCEPT,1455,-7389
23557,OUTPUT_ACCEPT,1456,-531
23557,OUTPUT_ACCEPT,1457,32343
23557,OUTPUT_ACCEPT,1458,37656
23557,OUTPUT_ACCEPT,1459,-5456
23557,OUTPUT_ACCEPT,1460,-2495
23557,OUTPUT_ACCEPT,1461,-10243
23557,OUTPUT_ACCEPT,1462,8616
23557,OUTPUT_ACCEPT,1463,18678
23557,OUTPUT_ACCEPT,1464,9828
23557,OUTPUT_ACCEPT,1465,-5823
23557,OUTPUT_ACCEPT,1466,21912
23557,OUTPUT_ACCEPT,1467,-19920
23557,OUTPUT_ACCEPT,1468,18812
23557,OUTPUT_ACCEPT,1469,-29109
23557,OUTPUT_ACCEPT,1470,-12408
23557,OUTPUT_ACCEPT,1471,-3328
24581,OUTPUT_ACCEPT,1472,-13503
24581,OUTPUT_ACCEPT,1473,1204
24581,OUTPUT_ACCEPT,1474,-3044
24581,OUTPUT_ACCEPT,1475,-12604
24581,OUTPUT_ACCEPT,1476,-12337
24581,OUTPUT_ACCEPT,1477,9651
24581,OUTPUT_ACCEPT,1478,-26857
24581,OUTPUT_ACCEPT,1479,7334
24581,OUTPUT_ACCEPT,1480,-247
24581,OUTPUT_ACCEPT,1481,25694
24581,OUTPUT_ACCEPT,1482,-20769
24581,OUTPUT_ACCEPT,1483,-16762
24581,OUTPUT_ACCEPT,1484,-27693
24581,OUTPUT_ACCEPT,1485,-23804
24581,OUTPUT_ACCEPT,1486,-25244
24581,OUTPUT_ACCEPT,1487,26399
24581,OUTPUT_ACCEPT,1488,-30529
24581,OUTPUT_ACCEPT,1489,-40518
24581,OUTPUT_ACCEPT,1490,-46571
24581,OUTPUT_ACCEPT,1491,-22747
24581,OUTPUT_ACCEPT,1492,-23934
24581,OUTPUT_ACCEPT,1493,6399
24581,OUTPUT_ACCEPT,1494,-31096
24581,OUTPUT_ACCEPT,1495,-15910
24581,OUTPUT_ACCEPT,1496,9288
24581,OUTPUT_ACCEPT,1497,-44106
24581,OUTPUT_ACCEPT,1498,29152
24581,OUTPUT_ACCEPT,1499,39825
24581,OUTPUT_ACCEPT,1500,37397
24581,OUTPUT_ACCEPT,1501,26271
24581,OUTPUT_ACCEPT,1502,-42216
24581,OUTPUT_ACCEPT,1503,-3659
24581,OUTPUT_ACCEPT,1504,-34940
24581,OUTPUT_ACCEPT,1505,-10981
24581,OUTPUT_ACCEPT,1506,23558
24581,OUTPUT_ACCEPT,1507,22087
24581,OUTPUT_ACCEPT,1508,38634
24581,OUTPUT_ACCEPT,1509,30435
24581,OUTPUT_ACCEPT,1510,451
24581,OUTPUT_ACCEPT,1511,28482
24581,OUTPUT_ACCEPT,1512,-27496
24581,OUTPUT_ACCEPT,1513,-24721
24581,OUTPUT_ACCEPT,1514,36702
24581,OUTPUT_ACCEPT,1515,26326
24581,OUTPUT_ACCEPT,1516,2278
24581,OUTPUT_ACCEPT,1517,19166
24581,OUTPUT_ACCEPT,1518,-31424
24581,OUTPUT_ACCEPT,1519,25216
24581,OUTPUT_ACCEPT,1520,-30602
24581,OUTPUT_ACCEPT,1521,11515
24581,OUTPUT_ACCEPT,1522,0
24581,OUTPUT_ACCEPT,1523,29620
24581,OUTPUT_ACCEPT,1524,-8002
24581,OUTPUT_ACCEPT,1525,5257
24581,OUTPUT_ACCEPT,1526,-22692
24581,OUTPUT_ACCEPT,1527,37289
24581,OUTPUT_ACCEPT,1528,-14400
24581,OUTPUT_ACCEPT,1529,4513
24581,OUTPUT_ACCEPT,1530,-9328
24581,OUTPUT_ACCEPT,1531,22120
24581,OUTPUT_ACCEPT,1532,19877
24581,OUTPUT_ACCEPT,1533,-12848
24581,OUTPUT_ACCEPT,1534,-6717
24581,OUTPUT_ACCEPT,1535,-11607
25605,OUTPUT_ACCEPT,1536,1698
25605,OUTPUT_ACCEPT,1537,3265
25605,OUTPUT_ACCEPT,1538,29185
25605,OUTPUT_ACCEPT,1539,-14242
25605,OUTPUT_ACCEPT,1540,6899
25605,OUTPUT_ACCEPT,1541,-4385
25605,OUTPUT_ACCEPT,1542,1132
25605,OUTPUT_ACCEPT,1543,4021
25605,OUTPUT_ACCEPT,1544,36129
25605,OUTPUT_ACCEPT,1545,8601
25605,OUTPUT_ACCEPT,1546,17120
25605,OUTPUT_ACCEPT,1547,19013
25605,OUTPUT_ACCEPT,1548,38708
25605,OUTPUT_ACCEPT,1549,9876
25605,OUTPUT_ACCEPT,1550,-39990
25605,OUTPUT_ACCEPT,1551,-56955
25605,OUTPUT_ACCEPT,1552,30617
25605,OUTPUT_ACCEPT,1553,14034
25605,OUTPUT_ACCEPT,1554,-38358
25605,OUTPUT_ACCEPT,1555,20728
25605,OUTPUT_ACCEPT,1556,49834
25605,OUTPUT_ACCEPT,1557,-14074
25605,OUTPUT_ACCEPT,1558,-16110
25605,OUTPUT_ACCEPT,1559,44573
25605,OUTPUT_ACCEPT,1560,-8141
25605,OUTPUT_ACCEPT,1561,-13297
25605,OUTPUT_ACCEPT,1562,-28093
25605,OUTPUT_ACCEPT,1563,-41649
25605,OUTPUT_ACCEPT,1564,49893
25605,OUTPUT_ACCEPT,1565,-25218
25605,OUTPUT_ACCEPT,1566,-23323
25605,OUTPUT_ACCEPT,1567,-22680
25605,OUTPUT_ACCEPT,1568,-28431
25605,OUTPUT_ACCEPT,1569,-39186
25605,OUTPUT_ACCEPT,1570,25690
25605,OUTPUT_ACCEPT,1571,27570
25605,OUTPUT_ACCEPT,1572,63104
25605,OUTPUT_ACCEPT,1573,-62742
25605,OUTPUT_ACCEPT,1574,-4172
25605,OUTPUT_ACCEPT,1575,-11100
25605,OUTPUT_ACCEPT,1576,2376
25605,OUTPUT_ACCEPT,1577,-50532
25605,OUTPUT_ACCEPT,1578,-14653
25605,OUTPUT_ACCEPT,1579,42234
25605,OUTPUT_ACCEPT,1580,15009
25605,OUTPUT_ACCEPT,1581,-6163
25605,OUTPUT_ACCEPT,1582,31298
25605,OUTPUT_ACCEPT,1583,38139
25605,OUTPUT_ACCEPT,1584,28818
25605,OUTPUT_ACCEPT,1585,43229
25605,OUTPUT_ACCEPT,1586,-19589
25605,OUTPUT_ACCEPT,1587,1983
25605,OUTPUT_ACCEPT,1588,-37212
25605,OUTPUT_ACCEPT,1589,-3678
25605,OUTPUT_ACCEPT,1590,-3254
25605,OUTPUT_ACCEPT,1591,4839
25605,OUTPUT_ACCEPT,1592,5915
25605,OUTPUT_ACCEPT,1593,-25294
25605,OUTPUT_ACCEPT,1594,-26171
25605,OUTPUT_ACCEPT,1595,50198
25605,OUTPUT_ACCEPT,1596,44154
25605,OUTPUT_ACCEPT,1597,-865
25605,OUTPUT_ACCEPT,1598,-1489
25605,OUTPUT_ACCEPT,1599,-686
26629,OUTPUT_ACCEPT,1600,-658
26629,OUTPUT_ACCEPT,1601,24902
26629,OUTPUT_ACCEPT,1602,5193
26629,OUTPUT_ACCEPT,1603,-3685
26629,OUTPUT_ACCEPT,1604,2739
26629,OUTPUT_ACCEPT,1605,-12037
26629,OUTPUT_ACCEPT,1606,5769
26629,OUTPUT_ACCEPT,1607,23479
26629,OUTPUT_ACCEPT,1608,-3815
26629,OUTPUT_ACCEPT,1609,-27264
26629,OUTPUT_ACCEPT,1610,-38652
26629,OUTPUT_ACCEPT,1611,11835
26629,OUTPUT_ACCEPT,1612,9303
26629,OUTPUT_ACCEPT,1613,-47012
26629,OUTPUT_ACCEPT,1614,-5675
26629,OUTPUT_ACCEPT,1615,3788
26629,OUTPUT_ACCEPT,1616,-44264
26629,OUTPUT_ACCEPT,1617,6072
26629,OUTPUT_ACCEPT,1618,10110
26629,OUTPUT_ACCEPT,1619,59720
26629,OUTPUT_ACCEPT,1620,50490
26629,OUTPUT_ACCEPT,1621,20982
26629,OUTPUT_ACCEPT,1622,17388
26629,OUTPUT_ACCEPT,1623,85920
26629,OUTPUT_ACCEPT,1624,4758
26629,OUTPUT_ACCEPT,1625,-47442
26629,OUTPUT_ACCEPT,1626,40946
26629,OUTPUT_ACCEPT,1627,-44800
26629,OUTPUT_ACCEPT,1628,512
26629,OUTPUT_ACCEPT,1629,15996
26629,OUTPUT_ACCEPT,1630,9705
26629,OUTPUT_ACCEPT,1631,-51673
26629,OUTPUT_ACCEPT,1632,31357
26629,OUTPUT_ACCEPT,1633,5530
26629,OUTPUT_ACCEPT,1634,25644
26629,OUTPUT_ACCEPT,1635,2706
26629,OUTPUT_ACCEPT,1636,-34527
26629,OUTPUT_ACCEPT,1637,33883
26629,OUTPUT_ACCEPT,1638,24630
26629,OUTPUT_ACCEPT,1639,-4017
26629,OUTPUT_ACCEPT,1640,-27880
26629,OUTPUT_ACCEPT,1641,1212
26629,OUTPUT_ACCEPT,1642,60586
26629,OUTPUT_ACCEPT,1643,-19254
26629,OUTPUT_ACCEPT,1644,-57282
26629,OUTPUT_ACCEPT,1645,-55070
26629,OUTPUT_ACCEPT,1646,-33937
26629,OUTPUT_ACCEPT,1647,1604
26629,OUTPUT_ACCEPT,1648,16569
26629,OUTPUT_ACCEPT,1649,30886
26629,OUTPUT_ACCEPT,1650,-9374
26629,OUTPUT_ACCEPT,1651,11134
26629,OUTPUT_ACCEPT,1652,34164
26629,OUTPUT_ACCEPT,1653,-20017
26629,OUTPUT_ACCEPT,1654,-26838
26629,OUTPUT_ACCEPT,1655,-19925
26629,OUTPUT_ACCEPT,1656,-3679
26629,OUTPUT_ACCEPT,1657,25720
26629,OUTPUT_ACCEPT,1658,21350
26629,OUTPUT_ACCEPT,1659,191
26629,OUTPUT_ACCEPT,1660,22471
26629,OUTPUT_ACCEPT,1661,-15540
26629,OUTPUT_ACCEPT,1662,4924
26629,OUTPUT_ACCEPT,1663,-5125
27653,OUTPUT_ACCEPT,1664,71
27653,OUTPUT_ACCEPT,1665,-5346
27653,OUTPUT_ACCEPT,1666,-3894
27653,OUTPUT_ACCEPT,1667,5301
27653,OUTPUT_ACCEPT,1668,871
27653,OUTPUT_ACCEPT,1669,-24888
27653,OUTPUT_ACCEPT,1670,5052
27653,OUTPUT_ACCEPT,1671,12171
27653,OUTPUT_ACCEPT,1672,-29738
27653,OUTPUT_ACCEPT,1673,2088
27653,OUTPUT_ACCEPT,1674,-1247
27653,OUTPUT_ACCEPT,1675,14399
27653,OUTPUT_ACCEPT,1676,39529
27653,OUTPUT_ACCEPT,1677,3877
27653,OUTPUT_ACCEPT,1678,17527
27653,OUTPUT_ACCEPT,1679,10960
27653,OUTPUT_ACCEPT,1680,-7350
27653,OUTPUT_ACCEPT,1681,12957
27653,OUTPUT_ACCEPT,1682,30618
27653,OUTPUT_ACCEPT,1683,19975
27653,OUTPUT_ACCEPT,1684,13725
27653,OUTPUT_ACCEPT,1685,-18138
27653,OUTPUT_ACCEPT,1686,-17880
27653,OUTPUT_ACCEPT,1687,-21992
27653,OUTPUT_ACCEPT,1688,-50656
27653,OUTPUT_ACCEPT,1689,-33791
27653,OUTPUT_ACCEPT,1690,6013
27653,OUTPUT_ACCEPT,1691,-57022
27653,OUTPUT_ACCEPT,1692,-27068
27653,OUTPUT_ACCEPT,1693,-52137
27653,OUTPUT_ACCEPT,1694,-38255
27653,OUTPUT_ACCEPT,1695,6869
27653,OUTPUT_ACCEPT,1696,-10080
27653,OUTPUT_ACCEPT,1697,9723
27653,OUTPUT_ACCEPT,1698,43716
27653,OUTPUT_ACCEPT,1699,4291
27653,OUTPUT_ACCEPT,1700,34426
27653,OUTPUT_ACCEPT,1701,-46486
27653,OUTPUT_ACCEPT,1702,-23202
27653,OUTPUT_ACCEPT,1703,-30673
27653,OUTPUT_ACCEPT,1704,-26863
27653,OUTPUT_ACCEPT,1705,38237
27653,OUTPUT_ACCEPT,1706,49713
27653,OUTPUT_ACCEPT,1707,45660
27653,OUTPUT_ACCEPT,1708,4642
27653,OUTPUT_ACCEPT,1709,-9816
27653,OUTPUT_ACCEPT,1710,32934
27653,OUTPUT_ACCEPT,1711,20375
27653,OUTPUT_ACCEPT,1712,-9920
27653,OUTPUT_ACCEPT,1713,32348
27653,OUTPUT_ACCEPT,1714,38867
27653,OUTPUT_ACCEPT,1715,18130
27653,OUTPUT_ACCEPT,1716,50491
27653,OUTPUT_ACCEPT,1717,-6286
27653,OUTPUT_ACCEPT,1718,-9587
27653,OUTPUT_ACCEPT,1719,37616
27653,OUTPUT_ACCEPT,1720,-7043
27653,OUTPUT_ACCEPT,1721,36184
27653,OUTPUT_ACCEPT,1722,-17534
27653,OUTPUT_ACCEPT,1723,-30057
27653,OUTPUT_ACCEPT,1724,-42899
27653,OUTPUT_ACCEPT,1725,56801
27653,OUTPUT_ACCEPT,1726,24560
27653,OUTPUT_ACCEPT,1727,-19299
28677,OUTPUT_ACCEPT,1728,20333
28677,OUTPUT_ACCEPT,1729,1247
28677,OUTPUT_ACCEPT,1730,-7049
28677,OUTPUT_ACCEPT,1731,2318
28677,OUTPUT_ACCEPT,1732,28243
28677,OUTPUT_ACCEPT,1733,-30089
28677,OUTPUT_ACCEPT,1734,-27812
28677,OUTPUT_ACCEPT,1735,20905
28677,OUTPUT_ACCEPT,1736,18070
28677,OUTPUT_ACCEPT,1737,30001
28677,OUTPUT_ACCEPT,1738,-7182
28677,OUTPUT_ACCEPT,1739,25874
28677,OUTPUT_ACCEPT,1740,-14142
28677,OUTPUT_ACCEPT,1741,-5629
28677,OUTPUT_ACCEPT,1742,-31938
28677,OUTPUT_ACCEPT,1743,21925
28677,OUTPUT_ACCEPT,1744,-25388
28677,OUTPUT_ACCEPT,1745,3368
28677,OUTPUT_ACCEPT,1746,25767
28677,OUTPUT_ACCEPT,1747,36009
28677,OUTPUT_ACCEPT,1748,-48788
28677,OUTPUT_ACCEPT,1749,18957
28677,OUTPUT_ACCEPT,1750,39070
28677,OUTPUT_ACCEPT,1751,19042
28677,OUTPUT_ACCEPT,1752,20428
28677,OUTPUT_ACCEPT,1753,19032
28677,OUTPUT_ACCEPT,1754,41562
28677,OUTPUT_ACCEPT,1755,-24264
28677,OUTPUT_ACCEPT,1756,-39173
28677,OUTPUT_ACCEPT,1757,27631
28677,OUTPUT_ACCEPT,1758,-28164
28677,OUTPUT_ACCEPT,1759,-39991
28677,OUTPUT_ACCEPT,1760,-47461
28677,OUTPUT_ACCEPT,1761,-43521
28677,OUTPUT_ACCEPT,1762,-12291
28677,OUTPUT_ACCEPT,1763,27252
28677,OUTPUT_ACCEPT,1764,-39272
28677,OUTPUT_ACCEPT,1765,35194
28677,OUTPUT_ACCEPT,1766,25727
28677,OUTPUT_ACCEPT,1767,-21240
28677,OUTPUT_ACCEPT,1768,33422
28677,OUTPUT_ACCEPT,1769,38533
28677,OUTPUT_ACCEPT,1770,-5476
28677,OUTPUT_ACCEPT,1771,48173
28677,OUTPUT_ACCEPT,1772,-65162
28677,OUTPUT_ACCEPT,1773,-43088
28677,OUTPUT_ACCEPT,1774,-19179
28677,OUTPUT_ACCEPT,1775,-40647
28677,OUTPUT_ACCEPT,1776,48298
28677,OUTPUT_ACCEPT,1777,33557
28677,OUTPUT_ACCEPT,1778,-41026
28677,OUTPUT_ACCEPT,1779,-14472
28677,OUTPUT_ACCEPT,1780,34049
28677,OUTPUT_ACCEPT,1781,28495
28677,OUTPUT_ACCEPT,1782,58598
28677,OUTPUT_ACCEPT,1783,12742
28677,OUTPUT_ACCEPT,1784,-45762
28677,OUTPUT_ACCEPT,1785,-53568
28677,OUTPUT_ACCEPT,1786,28345
28677,OUTPUT_ACCEPT,1787,30588
28677,OUTPUT_ACCEPT,1788,-15678
28677,OUTPUT_ACCEPT,1789,-38508
28677,OUTPUT_ACCEPT,1790,-22989
28677,OUTPUT_ACCEPT,1791,9944
29701,OUTPUT_ACCEPT,1792,-2294
29701,OUTPUT_ACCEPT,1793,4043
29701,OUTPUT_ACCEPT,1794,-13247
29701,OUTPUT_ACCEPT,1795,-4054
29701,OUTPUT_ACCEPT,1796,-3649
29701,OUTPUT_ACCEPT,1797,20
29701,OUTPUT_ACCEPT,1798,2111
29701,OUTPUT_ACCEPT,1799,4179
29701,OUTPUT_ACCEPT,1800,-18184
29701,OUTPUT_ACCEPT,1801,6131
29701,OUTPUT_ACCEPT,1802,4284
29701,OUTPUT_ACCEPT,1803,-8014
29701,OUTPUT_ACCEPT,1804,14640
29701,OUTPUT_ACCEPT,1805,-8078
29701,OUTPUT_ACCEPT,1806,-22021
29701,OUTPUT_ACCEPT,1807,-3289
29701,OUTPUT_ACCEPT,1808,-8545
29701,OUTPUT_ACCEPT,1809,15040
29701,OUTPUT_ACCEPT,1810,22395
29701,OUTPUT_ACCEPT,1811,-5812
29701,OUTPUT_ACCEPT,1812,-2672
29701,OUTPUT_ACCEPT,1813,14909
29701,OUTPUT_ACCEPT,1814,21747
29701,OUTPUT_ACCEPT,1815,2067
29701,OUTPUT_ACCEPT,1816,22130
29701,OUTPUT_ACCEPT,1817,-16227
29701,OUTPUT_ACCEPT,1818,-20886
29701,OUTPUT_ACCEPT,1819,-30540
29701,OUTPUT_ACCEPT,1820,-21
29701,OUTPUT_ACCEPT,1821,13412
29701,OUTPUT_ACCEPT,1822,27389
29701,OUTPUT_ACCEPT,1823,-44093
29701,OUTPUT_ACCEPT,1824,7063
29701,OUTPUT_ACCEPT,1825,-18225
29701,OUTPUT_ACCEPT,1826,-28394
29701,OUTPUT_ACCEPT,1827,-18027
29701,OUTPUT_ACCEPT,1828,11264
29701,OUTPUT_ACCEPT,1829,-34190
29701,OUTPUT_ACCEPT,1830,33056
29701,OUTPUT_ACCEPT,1831,4694
29701,OUTPUT_ACCEPT,1832,-794
29701,OUTPUT_ACCEPT,1833,-9576
29701,OUTPUT_ACCEPT,1834,-5621
29701,OUTPUT_ACCEPT,1835,24837
29701,OUTPUT_ACCEPT,1836,-16012
29701,OUTPUT_ACCEPT,1837,29192
29701,OUTPUT_ACCEPT,1838,2712
29701,OUTPUT_ACCEPT,1839,-34139
29701,OUTPUT_ACCEPT,1840,-2692
29701,OUTPUT_ACCEPT,1841,25355
29701,OUTPUT_ACCEPT,1842,-36462
29701,OUTPUT_ACCEPT,1843,-13778
29701,OUTPUT_ACCEPT,1844,38563
29701,OUTPUT_ACCEPT,1845,-33200
29701,OUTPUT_ACCEPT,1846,-50704
29701,OUTPUT_ACCEPT,1847,12857
29701,OUTPUT_ACCEPT,1848,5318
29701,OUTPUT_ACCEPT,1849,-4229
29701,OUTPUT_ACCEPT,1850,-42502
29701,OUTPUT_ACCEPT,1851,-1089
29701,OUTPUT_ACCEPT,1852,2764
29701,OUTPUT_ACCEPT,1853,24750
29701,OUTPUT_ACCEPT,1854,-9672
29701,OUTPUT_ACCEPT,1855,6358
30725,OUTPUT_ACCEPT,1856,7923
30725,OUTPUT_ACCEPT,1857,-2337
30725,OUTPUT_ACCEPT,1858,2537
30725,OUTPUT_ACCEPT,1859,-7561
30725,OUTPUT_ACCEPT,1860,-3587
30725,OUTPUT_ACCEPT,1861,8668
30725,OUTPUT_ACCEPT,1862,-14958
30725,OUTPUT_ACCEPT,1863,6160
30725,OUTPUT_ACCEPT,1864,4676
30725,OUTPUT_ACCEPT,1865,-4729
30725,OUTPUT_ACCEPT,1866,4851
30725,OUTPUT_ACCEPT,1867,-4559
30725,OUTPUT_ACCEPT,1868,7393
30725,OUTPUT_ACCEPT,1869,6203
30725,OUTPUT_ACCEPT,1870,2210
30725,OUTPUT_ACCEPT,1871,-5686
30725,OUTPUT_ACCEPT,1872,-2738
30725,OUTPUT_ACCEPT,1873,3792
30725,OUTPUT_ACCEPT,1874,32737
30725,OUTPUT_ACCEPT,1875,-5650
30725,OUTPUT_ACCEPT,1876,-1361
30725,OUTPUT_ACCEPT,1877,29736
30725,OUTPUT_ACCEPT,1878,27797
30725,OUTPUT_ACCEPT,1879,-10774
30725,OUTPUT_ACCEPT,1880,-4177
30725,OUTPUT_ACCEPT,1881,-12186
30725,OUTPUT_ACCEPT,1882,-6018
30725,OUTPUT_ACCEPT,1883,-44925
30725,OUTPUT_ACCEPT,1884,-17196
30725,OUTPUT_ACCEPT,1885,21938
30725,OUTPUT_ACCEPT,1886,35316
30725,OUTPUT_ACCEPT,1887,17347
30725,OUTPUT_ACCEPT,1888,19198
30725,OUTPUT_ACCEPT,1889,14595
30725,OUTPUT_ACCEPT,1890,-34630
30725,OUTPUT_ACCEPT,1891,-14376
30725,OUTPUT_ACCEPT,1892,-4975
30725,OUTPUT_ACCEPT,1893,28499
30725,OUTPUT_ACCEPT,1894,-22004
30725,OUTPUT_ACCEPT,1895,-2293
30725,OUTPUT_ACCEPT,1896,5151
30725,OUTPUT_ACCEPT,1897,-4349
30725,OUTPUT_ACCEPT,1898,-45277
30725,OUTPUT_ACCEPT,1899,-8385
30725,OUTPUT_ACCEPT,1900,13156
30725,OUTPUT_ACCEPT,1901,-18729
30725,OUTPUT_ACCEPT,1902,31181
30725,OUTPUT_ACCEPT,1903,-4193
30725,OUTPUT_ACCEPT,1904,38908
30725,OUTPUT_ACCEPT,1905,6898
30725,OUTPUT_ACCEPT,1906,-47832
30725,OUTPUT_ACCEPT,1907,-3919
30725,OUTPUT_ACCEPT,1908,11994
30725,OUTPUT_ACCEPT,1909,-12741
30725,OUTPUT_ACCEPT,1910,23420
30725,OUTPUT_ACCEPT,1911,13132
30725,OUTPUT_ACCEPT,1912,-28227
30725,OUTPUT_ACCEPT,1913,6987
30725,OUTPUT_ACCEPT,1914,-9876
30725,OUTPUT_ACCEPT,1915,10168
30725,OUTPUT_ACCEPT,1916,892
30725,OUTPUT_ACCEPT,1917,23767
30725,OUTPUT_ACCEPT,1918,27564
30725,OUTPUT_ACCEPT,1919,-11310
31749,OUTPUT_ACCEPT,1920,-9970
31749,OUTPUT_ACCEPT,1921,2461
31749,OUTPUT_ACCEPT,1922,-8627
31749,OUTPUT_ACCEPT,1923,-25754
31749,OUTPUT_ACCEPT,1924,16821
31749,OUTPUT_ACCEPT,1925,5127
31749,OUTPUT_ACCEPT,1926,15229
31749,OUTPUT_ACCEPT,1927,-2367
31749,OUTPUT_ACCEPT,1928,8504
31749,OUTPUT_ACCEPT,1929,-26163
31749,OUTPUT_ACCEPT,1930,10276
31749,OUTPUT_ACCEPT,1931,25605
31749,OUTPUT_ACCEPT,1932,-3656
31749,OUTPUT_ACCEPT,1933,-10590
31749,OUTPUT_ACCEPT,1934,5002
31749,OUTPUT_ACCEPT,1935,-2074
31749,OUTPUT_ACCEPT,1936,-1906
31749,OUTPUT_ACCEPT,1937,15497
31749,OUTPUT_ACCEPT,1938,-4700
31749,OUTPUT_ACCEPT,1939,-3696
31749,OUTPUT_ACCEPT,1940,-9112
31749,OUTPUT_ACCEPT,1941,5408
31749,OUTPUT_ACCEPT,1942,-5399
31749,OUTPUT_ACCEPT,1943,-10060
31749,OUTPUT_ACCEPT,1944,10679
31749,OUTPUT_ACCEPT,1945,-4932
31749,OUTPUT_ACCEPT,1946,-1778
31749,OUTPUT_ACCEPT,1947,22872
31749,OUTPUT_ACCEPT,1948,-5649
31749,OUTPUT_ACCEPT,1949,-10339
31749,OUTPUT_ACCEPT,1950,11397
31749,OUTPUT_ACCEPT,1951,9748
31749,OUTPUT_ACCEPT,1952,-1896
31749,OUTPUT_ACCEPT,1953,11312
31749,OUTPUT_ACCEPT,1954,-7013
31749,OUTPUT_ACCEPT,1955,-15051
31749,OUTPUT_ACCEPT,1956,-23091
31749,OUTPUT_ACCEPT,1957,-24861
31749,OUTPUT_ACCEPT,1958,-21159
31749,OUTPUT_ACCEPT,1959,-12868
31749,OUTPUT_ACCEPT,1960,8466
31749,OUTPUT_ACCEPT,1961,-2756
31749,OUTPUT_ACCEPT,1962,-29990
31749,OUTPUT_ACCEPT,1963,19401
31749,OUTPUT_ACCEPT,1964,28436
31749,OUTPUT_ACCEPT,1965,-30601
31749,OUTPUT_ACCEPT,1966,19215
31749,OUTPUT_ACCEPT,1967,-19561
31749,OUTPUT_ACCEPT,1968,28493
31749,OUTPUT_ACCEPT,1969,13185
31749,OUTPUT_ACCEPT,1970,-24888
31749,OUTPUT_ACCEPT,1971,18292
31749,OUTPUT_ACCEPT,1972,20769
31749,OUTPUT_ACCEPT,1973,-23087
31749,OUTPUT_ACCEPT,1974,-14532
31749,OUTPUT_ACCEPT,1975,-32168
31749,OUTPUT_ACCEPT,1976,25295
31749,OUTPUT_ACCEPT,1977,1621
31749,OUTPUT_ACCEPT,1978,6380
31749,OUTPUT_ACCEPT,1979,29359
31749,OUTPUT_ACCEPT,1980,3804
31749,OUTPUT_ACCEPT,1981,9063
31749,OUTPUT_ACCEPT,1982,4388
31749,OUTPUT_ACCEPT,1983,26627
32773,OUTPUT_ACCEPT,1984,-27335
32773,OUTPUT_ACCEPT,1985,4330
32773,OUTPUT_ACCEPT,1986,17667
32773,OUTPUT_ACCEPT,1987,32134
32773,OUTPUT_ACCEPT,1988,-37752
32773,OUTPUT_ACCEPT,1989,20561
32773,OUTPUT_ACCEPT,1990,-14623
32773,OUTPUT_ACCEPT,1991,-29768
32773,OUTPUT_ACCEPT,1992,-5382
32773,OUTPUT_ACCEPT,1993,4853
32773,OUTPUT_ACCEPT,1994,-14632
32773,OUTPUT_ACCEPT,1995,-2871
32773,OUTPUT_ACCEPT,1996,13320
32773,OUTPUT_ACCEPT,1997,12130
32773,OUTPUT_ACCEPT,1998,570
32773,OUTPUT_ACCEPT,1999,-6080
32773,OUTPUT_ACCEPT,2000,3847
32773,OUTPUT_ACCEPT,2001,-745
32773,OUTPUT_ACCEPT,2002,3606
32773,OUTPUT_ACCEPT,2003,-2037
32773,OUTPUT_ACCEPT,2004,-15203
32773,OUTPUT_ACCEPT,2005,-6711
32773,OUTPUT_ACCEPT,2006,5535
32773,OUTPUT_ACCEPT,2007,-2648
32773,OUTPUT_ACCEPT,2008,-14375
32773,OUTPUT_ACCEPT,2009,-11089
32773,OUTPUT_ACCEPT,2010,24748
32773,OUTPUT_ACCEPT,2011,19917
32773,OUTPUT_ACCEPT,2012,-2577
32773,OUTPUT_ACCEPT,2013,17032
32773,OUTPUT_ACCEPT,2014,14370
32773,OUTPUT_ACCEPT,2015,7978
32773,OUTPUT_ACCEPT,2016,6729
32773,OUTPUT_ACCEPT,2017,25547
32773,OUTPUT_ACCEPT,2018,-12183
32773,OUTPUT_ACCEPT,2019,-16562
32773,OUTPUT_ACCEPT,2020,4740
32773,OUTPUT_ACCEPT,2021,-2388
32773,OUTPUT_ACCEPT,2022,8391
32773,OUTPUT_ACCEPT,2023,4113
32773,OUTPUT_ACCEPT,2024,-15428
32773,OUTPUT_ACCEPT,2025,13883
32773,OUTPUT_ACCEPT,2026,-624
32773,OUTPUT_ACCEPT,2027,27555
32773,OUTPUT_ACCEPT,2028,-2594
32773,OUTPUT_ACCEPT,2029,-21331
32773,OUTPUT_ACCEPT,2030,-32196
32773,OUTPUT_ACCEPT,2031,37396
32773,OUTPUT_ACCEPT,2032,-36608
32773,OUTPUT_ACCEPT,2033,-17772
32773,OUTPUT_ACCEPT,2034,-25728
32773,OUTPUT_ACCEPT,2035,32092
32773,OUTPUT_ACCEPT,2036,-15245
32773,OUTPUT_ACCEPT,2037,17734
32773,OUTPUT_ACCEPT,2038,-24577
32773,OUTPUT_ACCEPT,2039,3498
32773,OUTPUT_ACCEPT,2040,-22683
32773,OUTPUT_ACCEPT,2041,39025
32773,OUTPUT_ACCEPT,2042,-3962
32773,OUTPUT_ACCEPT,2043,8255
32773,OUTPUT_ACCEPT,2044,-15088
32773,OUTPUT_ACCEPT,2045,25133
32773,OUTPUT_ACCEPT,2046,24041
32773,OUTPUT_ACCEPT,2047,-23524
33797,OUTPUT_ACCEPT,2048,18552
33797,OUTPUT_ACCEPT,2049,-3476
33797,OUTPUT_ACCEPT,2050,-12243
33797,OUTPUT_ACCEPT,2051,12853
33797,OUTPUT_ACCEPT,2052,25043
33797,OUTPUT_ACCEPT,2053,7385
33797,OUTPUT_ACCEPT,2054,37723
33797,OUTPUT_ACCEPT,2055,-3683
33797,OUTPUT_ACCEPT,2056,34588
33797,OUTPUT_ACCEPT,2057,13407
33797,OUTPUT_ACCEPT,2058,-19697
33797,OUTPUT_ACCEPT,2059,1025
33797,OUTPUT_ACCEPT,2060,21743
33797,OUTPUT_ACCEPT,2061,-24451
33797,OUTPUT_ACCEPT,2062,-36764
33797,OUTPUT_ACCEPT,2063,31107
33797,OUTPUT_ACCEPT,2064,-24437
33797,OUTPUT_ACCEPT,2065,-8352
33797,OUTPUT_ACCEPT,2066,13915
33797,OUTPUT_ACCEPT,2067,3070
33797,OUTPUT_ACCEPT,2068,-12777
33797,OUTPUT_ACCEPT,2069,3126
33797,OUTPUT_ACCEPT,2070,15450
33797,OUTPUT_ACCEPT,2071,8479
33797,OUTPUT_ACCEPT,2072,6323
33797,OUTPUT_ACCEPT,2073,-17746
33797,OUTPUT_ACCEPT,2074,4641
33797,OUTPUT_ACCEPT,2075,34512
33797,OUTPUT_ACCEPT,2076,27939
33797,OUTPUT_ACCEPT,2077,22108
33797,OUTPUT_ACCEPT,2078,-16907
33797,OUTPUT_ACCEPT,2079,-31305
33797,OUTPUT_ACCEPT,2080,-22740
33797,OUTPUT_ACCEPT,2081,-3861
33797,OUTPUT_ACCEPT,2082,25734
33797,OUTPUT_ACCEPT,2083,14433
33797,OUTPUT_ACCEPT,2084,-31652
33797,OUTPUT_ACCEPT,2085,-27276
33797,OUTPUT_ACCEPT,2086,24770
33797,OUTPUT_ACCEPT,2087,-34216
33797,OUTPUT_ACCEPT,2088,-32249
33797,OUTPUT_ACCEPT,2089,15095
33797,OUTPUT_ACCEPT,2090,8930
33797,OUTPUT_ACCEPT,2091,30017
33797,OUTPUT_ACCEPT,2092,-34363
33797,OUTPUT_ACCEPT,2093,14835
33797,OUTPUT_ACCEPT,2094,-31388
33797,OUTPUT_ACCEPT,2095,11587
33797,OUTPUT_ACCEPT,2096,6739
33797,OUTPUT_ACCEPT,2097,-25381
33797,OUTPUT_ACCEPT,2098,12235
33797,OUTPUT_ACCEPT,2099,13432
33797,OUTPUT_ACCEPT,2100,9944
33797,OUTPUT_ACCEPT,2101,15401
33797,OUTPUT_ACCEPT,2102,1322
33797,OUTPUT_ACCEPT,2103,-16844
33797,OUTPUT_ACCEPT,2104,-4772
33797,OUTPUT_ACCEPT,2105,-12073
33797,OUTPUT_ACCEPT,2106,14157
33797,OUTPUT_ACCEPT,2107,13682
33797,OUTPUT_ACCEPT,2108,-15682
33797,OUTPUT_ACCEPT,2109,-7877
33797,OUTPUT_ACCEPT,2110,-7782
33797,OUTPUT_ACCEPT,2111,-16761
34821,OUTPUT_ACCEPT,2112,-6156
34821,OUTPUT_ACCEPT,2113,6258
34821,OUTPUT_ACCEPT,2114,26529
34821,OUTPUT_ACCEPT,2115,-10062
34821,OUTPUT_ACCEPT,2116,-7766
34821,OUTPUT_ACCEPT,2117,31495
34821,OUTPUT_ACCEPT,2118,1639
34821,OUTPUT_ACCEPT,2119,-15882
34821,OUTPUT_ACCEPT,2120,27943
34821,OUTPUT_ACCEPT,2121,-13277
34821,OUTPUT_ACCEPT,2122,12994
34821,OUTPUT_ACCEPT,2123,-13571
34821,OUTPUT_ACCEPT,2124,8352
34821,OUTPUT_ACCEPT,2125,-12005
34821,OUTPUT_ACCEPT,2126,-12164
34821,OUTPUT_ACCEPT,2127,5497
34821,OUTPUT_ACCEPT,2128,-18986
34821,OUTPUT_ACCEPT,2129,-3289
34821,OUTPUT_ACCEPT,2130,-6283
34821,OUTPUT_ACCEPT,2131,-19652
34821,OUTPUT_ACCEPT,2132,-13138
34821,OUTPUT_ACCEPT,2133,5917
34821,OUTPUT_ACCEPT,2134,6891
34821,OUTPUT_ACCEPT,2135,-13289
34821,OUTPUT_ACCEPT,2136,-17363
34821,OUTPUT_ACCEPT,2137,-2268
34821,OUTPUT_ACCEPT,2138,27029
34821,OUTPUT_ACCEPT,2139,31824
34821,OUTPUT_ACCEPT,2140,-14395
34821,OUTPUT_ACCEPT,2141,-25894
34821,OUTPUT_ACCEPT,2142,9343
34821,OUTPUT_ACCEPT,2143,4906
34821,OUTPUT_ACCEPT,2144,16050
34821,OUTPUT_ACCEPT,2145,-5282
34821,OUTPUT_ACCEPT,2146,30740
34821,OUTPUT_ACCEPT,2147,7572
34821,OUTPUT_ACCEPT,2148,6301
34821,OUTPUT_ACCEPT,2149,-12858
34821,OUTPUT_ACCEPT,2150,-4260
34821,OUTPUT_ACCEPT,2151,19044
34821,OUTPUT_ACCEPT,2152,-6266
34821,OUTPUT_ACCEPT,2153,-14776
34821,OUTPUT_ACCEPT,2154,19146
34821,OUTPUT_ACCEPT,2155,-28595
34821,OUTPUT_ACCEPT,2156,4784
34821,OUTPUT_ACCEPT,2157,7476
34821,OUTPUT_ACCEPT,2158,-12054
34821,OUTPUT_ACCEPT,2159,-16661
34821,OUTPUT_ACCEPT,2160,-34934
34821,OUTPUT_ACCEPT,2161,-32547
34821,OUTPUT_ACCEPT,2162,-22021
34821,OUTPUT_ACCEPT,2163,-13659
34821,OUTPUT_ACCEPT,2164,-32469
34821,OUTPUT_ACCEPT,2165,1412
34821,OUTPUT_ACCEPT,2166,14454
34821,OUTPUT_ACCEPT,2167,-14388
34821,OUTPUT_ACCEPT,2168,13894
34821,OUTPUT_ACCEPT,2169,-9764
34821,OUTPUT_ACCEPT,2170,1039
34821,OUTPUT_ACCEPT,2171,-19317
34821,OUTPUT_ACCEPT,2172,14014
34821,OUTPUT_ACCEPT,2173,-5487
34821,OUTPUT_ACCEPT,2174,4696
34821,OUTPUT_ACCEPT,2175,-19104
35845,OUTPUT_ACCEPT,2176,-2570
35845,OUTPUT_ACCEPT,2177,30093
35845,OUTPUT_ACCEPT,2178,33769
35845,OUTPUT_ACCEPT,2179,-7975
35845,OUTPUT_ACCEPT,2180,27482
35845,OUTPUT_ACCEPT,2181,19392
35845,OUTPUT_ACCEPT,2182,-2140
35845,OUTPUT_ACCEPT,2183,-28610
35845,OUTPUT_ACCEPT,2184,-13670
35845,OUTPUT_ACCEPT,2185,20345
35845,OUTPUT_ACCEPT,2186,25770
35845,OUTPUT_ACCEPT,2187,28496
35845,OUTPUT_ACCEPT,2188,19535
35845,OUTPUT_ACCEPT,2189,-28672
35845,OUTPUT_ACCEPT,2190,-27223
35845,OUTPUT_ACCEPT,2191,24660
35845,OUTPUT_ACCEPT,2192,-19754
35845,OUTPUT_ACCEPT,2193,22282
35845,OUTPUT_ACCEPT,2194,-9319
35845,OUTPUT_ACCEPT,2195,-26067
35845,OUTPUT_ACCEPT,2196,-7191
35845,OUTPUT_ACCEPT,2197,24652
35845,OUTPUT_ACCEPT,2198,21027
35845,OUTPUT_ACCEPT,2199,-14527
35845,OUTPUT_ACCEPT,2200,-3212
35845,OUTPUT_ACCEPT,2201,8788
35845,OUTPUT_ACCEPT,2202,6260
35845,OUTPUT_ACCEPT,2203,13395
35845,OUTPUT_ACCEPT,2204,-12596
35845,OUTPUT_ACCEPT,2205,35182
35845,OUTPUT_ACCEPT,2206,17526
35845,OUTPUT_ACCEPT,2207,-8395
35845,OUTPUT_ACCEPT,2208,8419
35845,OUTPUT_ACCEPT,2209,2413
35845,OUTPUT_ACCEPT,2210,19343
35845,OUTPUT_ACCEPT,2211,-12909
35845,OUTPUT_ACCEPT,2212,-38772
35845,OUTPUT_ACCEPT,2213,-35842
35845,OUTPUT_ACCEPT,2214,14269
35845,OUTPUT_ACCEPT,2215,5158
35845,OUTPUT_ACCEPT,2216,-26614
35845,OUTPUT_ACCEPT,2217,-37005
35845,OUTPUT_ACCEPT,2218,-10323
35845,OUTPUT_ACCEPT,2219,-37765
35845,OUTPUT_ACCEPT,2220,17843
35845,OUTPUT_ACCEPT,2221,-23821
35845,OUTPUT_ACCEPT,2222,-29358
35845,OUTPUT_ACCEPT,2223,30510
35845,OUTPUT_ACCEPT,2224,19850
35845,OUTPUT_ACCEPT,2225,-28179
35845,OUTPUT_ACCEPT,2226,7893
35845,OUTPUT_ACCEPT,2227,-28585
35845,OUTPUT_ACCEPT,2228,-27826
35845,OUTPUT_ACCEPT,2229,-30799
35845,OUTPUT_ACCEPT,2230,26071
35845,OUTPUT_ACCEPT,2231,29735
35845,OUTPUT_ACCEPT,2232,33517
35845,OUTPUT_ACCEPT,2233,-27334
35845,OUTPUT_ACCEPT,2234,28284
35845,OUTPUT_ACCEPT,2235,30240
35845,OUTPUT_ACCEPT,2236,-30859
35845,OUTPUT_ACCEPT,2237,-13366
35845,OUTPUT_ACCEPT,2238,-23929
35845,OUTPUT_ACCEPT,2239,-25157
36869,OUTPUT_ACCEPT,2240,-30455
36869,OUTPUT_ACCEPT,2241,7460
36869,OUTPUT_ACCEPT,2242,-14807
36869,OUTPUT_ACCEPT,2243,-39140
36869,OUTPUT_ACCEPT,2244,-12133
36869,OUTPUT_ACCEPT,2245,-12616
36869,OUTPUT_ACCEPT,2246,-12809
36869,OUTPUT_ACCEPT,2247,20097
36869,OUTPUT_ACCEPT,2248,310
36869,OUTPUT_ACCEPT,2249,18558
36869,OUTPUT_ACCEPT,2250,-27300
36869,OUTPUT_ACCEPT,2251,-15843
36869,OUTPUT_ACCEPT,2252,24717
36869,OUTPUT_ACCEPT,2253,26992
36869,OUTPUT_ACCEPT,2254,33161
36869,OUTPUT_ACCEPT,2255,-25531
36869,OUTPUT_ACCEPT,2256,-20307
36869,OUTPUT_ACCEPT,2257,28847
36869,OUTPUT_ACCEPT,2258,28703
36869,OUTPUT_ACCEPT,2259,-6669
36869,OUTPUT_ACCEPT,2260,-23082
36869,OUTPUT_ACCEPT,2261,-22535
36869,OUTPUT_ACCEPT,2262,2021
36869,OUTPUT_ACCEPT,2263,-11649
36869,OUTPUT_ACCEPT,2264,-8538
36869,OUTPUT_ACCEPT,2265,-19494
36869,OUTPUT_ACCEPT,2266,23953
36869,OUTPUT_ACCEPT,2267,-16311
36869,OUTPUT_ACCEPT,2268,-3943
36869,OUTPUT_ACCEPT,2269,-12250
36869,OUTPUT_ACCEPT,2270,-12827
36869,OUTPUT_ACCEPT,2271,39422
36869,OUTPUT_ACCEPT,2272,552
36869,OUTPUT_ACCEPT,2273,20008
36869,OUTPUT_ACCEPT,2274,26256
36869,OUTPUT_ACCEPT,2275,30163
36869,OUTPUT_ACCEPT,2276,-21544
36869,OUTPUT_ACCEPT,2277,-5927
36869,OUTPUT_ACCEPT,2278,14084
36869,OUTPUT_ACCEPT,2279,27001
36869,OUTPUT_ACCEPT,2280,34630
36869,OUTPUT_ACCEPT,2281,13495
36869,OUTPUT_ACCEPT,2282,34093
36869,OUTPUT_ACCEPT,2283,-23857
36869,OUTPUT_ACCEPT,2284,29884
36869,OUTPUT_ACCEPT,2285,-29452
36869,OUTPUT_ACCEPT,2286,22056
36869,OUTPUT_ACCEPT,2287,-5593
36869,OUTPUT_ACCEPT,2288,-34959
36869,OUTPUT_ACCEPT,2289,13390
36869,OUTPUT_ACCEPT,2290,-32828
36869,OUTPUT_ACCEPT,2291,-27947
36869,OUTPUT_ACCEPT,2292,-17415
36869,OUTPUT_ACCEPT,2293,-33014
36869,OUTPUT_ACCEPT,2294,28754
36869,OUTPUT_ACCEPT,2295,20145
36869,OUTPUT_ACCEPT,2296,-11021
36869,OUTPUT_ACCEPT,2297,34169
36869,OUTPUT_ACCEPT,2298,28021
36869,OUTPUT_ACCEPT,2299,30817
36869,OUTPUT_ACCEPT,2300,14488
36869,OUTPUT_ACCEPT,2301,-5583
36869,OUTPUT_ACCEPT,2302,25428
36869,OUTPUT_ACCEPT,2303,-1396
37893,OUTPUT_ACCEPT,2304,20976
37893,OUTPUT_ACCEPT,2305,29851
37893,OUTPUT_ACCEPT,2306,-29645
37893,OUTPUT_ACCEPT,2307,27120
37893,OUTPUT_ACCEPT,2308,-20474
37893,OUTPUT_ACCEPT,2309,-27690
37893,OUTPUT_ACCEPT,2310,28610
37893,OUTPUT_ACCEPT,2311,-19347
37893,OUTPUT_ACCEPT,2312,14277
37893,OUTPUT_ACCEPT,2313,30084
37893,OUTPUT_ACCEPT,2314,-24910
37893,OUTPUT_ACCEPT,2315,-26251
37893,OUTPUT_ACCEPT,2316,29514
37893,OUTPUT_ACCEPT,2317,31482
37893,OUTPUT_ACCEPT,2318,-31868
37893,OUTPUT_ACCEPT,2319,-29879
37893,OUTPUT_ACCEPT,2320,-32624
37893,OUTPUT_ACCEPT,2321,34537
37893,OUTPUT_ACCEPT,2322,30982
37893,OUTPUT_ACCEPT,2323,-33470
37893,OUTPUT_ACCEPT,2324,-31521
37893,OUTPUT_ACCEPT,2325,33356
37893,OUTPUT_ACCEPT,2326,34447
37893,OUTPUT_ACCEPT,2327,33719
37893,OUTPUT_ACCEPT,2328,33030
37893,OUTPUT_ACCEPT,2329,-26265
37893,OUTPUT_ACCEPT,2330,25635
37893,OUTPUT_ACCEPT,2331,27164
37893,OUTPUT_ACCEPT,2332,-31221
37893,OUTPUT_ACCEPT,2333,-34286
37893,OUTPUT_ACCEPT,2334,-30501
37893,OUTPUT_ACCEPT,2335,-34260
37893,OUTPUT_ACCEPT,2336,-30083
37893,OUTPUT_ACCEPT,2337,35844
37893,OUTPUT_ACCEPT,2338,6879
37893,OUTPUT_ACCEPT,2339,33050
37893,OUTPUT_ACCEPT,2340,-28813
37893,OUTPUT_ACCEPT,2341,-11097
37893,OUTPUT_ACCEPT,2342,-32320
37893,OUTPUT_ACCEPT,2343,-27928
37893,OUTPUT_ACCEPT,2344,29472
37893,OUTPUT_ACCEPT,2345,21926
37893,OUTPUT_ACCEPT,2346,21297
37893,OUTPUT_ACCEPT,2347,-34981
37893,OUTPUT_ACCEPT,2348,28145
37893,OUTPUT_ACCEPT,2349,-32762
37893,OUTPUT_ACCEPT,2350,32253
37893,OUTPUT_ACCEPT,2351,33304
37893,OUTPUT_ACCEPT,2352,29395
37893,OUTPUT_ACCEPT,2353,36495
37893,OUTPUT_ACCEPT,2354,31036
37893,OUTPUT_ACCEPT,2355,30086
37893,OUTPUT_ACCEPT,2356,-32048
37893,OUTPUT_ACCEPT,2357,33014
37893,OUTPUT_ACCEPT,2358,-32129
37893,OUTPUT_ACCEPT,2359,28644
37893,OUTPUT_ACCEPT,2360,-28044
37893,OUTPUT_ACCEPT,2361,30233
37893,OUTPUT_ACCEPT,2362,25896
37893,OUTPUT_ACCEPT,2363,-23107
37893,OUTPUT_ACCEPT,2364,-24725
37893,OUTPUT_ACCEPT,2365,-26096
37893,OUTPUT_ACCEPT,2366,-28256
37893,OUTPUT_ACCEPT,2367,-29353
38917,OUTPUT_ACCEPT,2368,-31218
38917,OUTPUT_ACCEPT,2369,-26963
38917,OUTPUT_ACCEPT,2370,29289
38917,OUTPUT_ACCEPT,2371,1793
38917,OUTPUT_ACCEPT,2372,-29378
38917,OUTPUT_ACCEPT,2373,439
38917,OUTPUT_ACCEPT,2374,-31082
38917,OUTPUT_ACCEPT,2375,-30448
38917,OUTPUT_ACCEPT,2376,32017
38917,OUTPUT_ACCEPT,2377,35154
38917,OUTPUT_ACCEPT,2378,-30632
38917,OUTPUT_ACCEPT,2379,34638
38917,OUTPUT_ACCEPT,2380,24815
38917,OUTPUT_ACCEPT,2381,23089
38917,OUTPUT_ACCEPT,2382,17755
38917,OUTPUT_ACCEPT,2383,-26984
38917,OUTPUT_ACCEPT,2384,32725
38917,OUTPUT_ACCEPT,2385,-33772
38917,OUTPUT_ACCEPT,2386,32981
38917,OUTPUT_ACCEPT,2387,-34809
38917,OUTPUT_ACCEPT,2388,33537
38917,OUTPUT_ACCEPT,2389,-24137
38917,OUTPUT_ACCEPT,2390,-35137
38917,OUTPUT_ACCEPT,2391,31636
38917,OUTPUT_ACCEPT,2392,-36878
38917,OUTPUT_ACCEPT,2393,-31612
38917,OUTPUT_ACCEPT,2394,25702
38917,OUTPUT_ACCEPT,2395,31114
38917,OUTPUT_ACCEPT,2396,-33232
38917,OUTPUT_ACCEPT,2397,25211
38917,OUTPUT_ACCEPT,2398,-32327
38917,OUTPUT_ACCEPT,2399,-32549
38917,OUTPUT_ACCEPT,2400,-20976
38917,OUTPUT_ACCEPT,2401,-26348
38917,OUTPUT_ACCEPT,2402,-32031
38917,OUTPUT_ACCEPT,2403,-5266
38917,OUTPUT_ACCEPT,2404,-33944
38917,OUTPUT_ACCEPT,2405,31369
38917,OUTPUT_ACCEPT,2406,5897
38917,OUTPUT_ACCEPT,2407,-28902
38917,OUTPUT_ACCEPT,2408,-30776
38917,OUTPUT_ACCEPT,2409,-24005
38917,OUTPUT_ACCEPT,2410,-13899
38917,OUTPUT_ACCEPT,2411,25782
38917,OUTPUT_ACCEPT,2412,25544
38917,OUTPUT_ACCEPT,2413,29273
38917,OUTPUT_ACCEPT,2414,6537
38917,OUTPUT_ACCEPT,2415,-7150
38917,OUTPUT_ACCEPT,2416,-20801
38917,OUTPUT_ACCEPT,2417,-24266
38917,OUTPUT_ACCEPT,2418,31107
38917,OUTPUT_ACCEPT,2419,-19677
38917,OUTPUT_ACCEPT,2420,-14297
38917,OUTPUT_ACCEPT,2421,-28669
38917,OUTPUT_ACCEPT,2422,-26059
38917,OUTPUT_ACCEPT,2423,30071
38917,OUTPUT_ACCEPT,2424,-27506
38917,OUTPUT_ACCEPT,2425,-29083
38917,OUTPUT_ACCEPT,2426,-31025
38917,OUTPUT_ACCEPT,2427,21568
38917,OUTPUT_ACCEPT,2428,-29885
38917,OUTPUT_ACCEPT,2429,25983
38917,OUTPUT_ACCEPT,2430,26422
38917,OUTPUT_ACCEPT,2431,-29837
39941,OUTPUT_ACCEPT,2432,-10244
39941,OUTPUT_ACCEPT,2433,-6450
39941,OUTPUT_ACCEPT,2434,16358
39941,OUTPUT_ACCEPT,2435,6236
39941,OUTPUT_ACCEPT,2436,-19252
39941,OUTPUT_ACCEPT,2437,6663
39941,OUTPUT_ACCEPT,2438,7775
39941,OUTPUT_ACCEPT,2439,26790
39941,OUTPUT_ACCEPT,2440,-34841
39941,OUTPUT_ACCEPT,2441,-22855
39941,OUTPUT_ACCEPT,2442,-9556
39941,OUTPUT_ACCEPT,2443,-33605
39941,OUTPUT_ACCEPT,2444,15581
39941,OUTPUT_ACCEPT,2445,13640
39941,OUTPUT_ACCEPT,2446,1205
39941,OUTPUT_ACCEPT,2447,-28254
39941,OUTPUT_ACCEPT,2448,19196
39941,OUTPUT_ACCEPT,2449,18325
39941,OUTPUT_ACCEPT,2450,1064
39941,OUTPUT_ACCEPT,2451,-24916
39941,OUTPUT_ACCEPT,2452,12577
39941,OUTPUT_ACCEPT,2453,-2430
39941,OUTPUT_ACCEPT,2454,18844
39941,OUTPUT_ACCEPT,2455,26783
39941,OUTPUT_ACCEPT,2456,7797
39941,OUTPUT_ACCEPT,2457,-34743
39941,OUTPUT_ACCEPT,2458,32567
39941,OUTPUT_ACCEPT,2459,8281
39941,OUTPUT_ACCEPT,2460,-20287
39941,OUTPUT_ACCEPT,2461,39486
39941,OUTPUT_ACCEPT,2462,5293
39941,OUTPUT_ACCEPT,2463,1310
39941,OUTPUT_ACCEPT,2464,15357
39941,OUTPUT_ACCEPT,2465,-3965
39941,OUTPUT_ACCEPT,2466,20672
39941,OUTPUT_ACCEPT,2467,26359
39941,OUTPUT_ACCEPT,2468,-2003
39941,OUTPUT_ACCEPT,2469,21065
39941,OUTPUT_ACCEPT,2470,2491
39941,OUTPUT_ACCEPT,2471,11720
39941,OUTPUT_ACCEPT,2472,-18642
39941,OUTPUT_ACCEPT,2473,-5182
39941,OUTPUT_ACCEPT,2474,3815
39941,OUTPUT_ACCEPT,2475,-28371
39941,OUTPUT_ACCEPT,2476,-26887
39941,OUTPUT_ACCEPT,2477,34573
39941,OUTPUT_ACCEPT,2478,14073
39941,OUTPUT_ACCEPT,2479,-25688
39941,OUTPUT_ACCEPT,2480,14373
39941,OUTPUT_ACCEPT,2481,19325
39941,OUTPUT_ACCEPT,2482,-25581
39941,OUTPUT_ACCEPT,2483,10110
39941,OUTPUT_ACCEPT,2484,13066
39941,OUTPUT_ACCEPT,2485,-9474
39941,OUTPUT_ACCEPT,2486,-45703
39941,OUTPUT_ACCEPT,2487,-28856
39941,OUTPUT_ACCEPT,2488,6405
39941,OUTPUT_ACCEPT,2489,-9914
39941,OUTPUT_ACCEPT,2490,-12477
39941,OUTPUT_ACCEPT,2491,18666
39941,OUTPUT_ACCEPT,2492,-28115
39941,OUTPUT_ACCEPT,2493,-16808
39941,OUTPUT_ACCEPT,2494,9945
39941,OUTPUT_ACCEPT,2495,-7263
40965,OUTPUT_ACCEPT,2496,-11202
40965,OUTPUT_ACCEPT,2497,-13847
40965,OUTPUT_ACCEPT,2498,10940
40965,OUTPUT_ACCEPT,2499,-3900
40965,OUTPUT_ACCEPT,2500,29923
40965,OUTPUT_ACCEPT,2501,16197
40965,OUTPUT_ACCEPT,2502,25652
40965,OUTPUT_ACCEPT,2503,-16199
40965,OUTPUT_ACCEPT,2504,21861
40965,OUTPUT_ACCEPT,2505,-3265
40965,OUTPUT_ACCEPT,2506,13860
40965,OUTPUT_ACCEPT,2507,12633
40965,OUTPUT_ACCEPT,2508,7328
40965,OUTPUT_ACCEPT,2509,5215
40965,OUTPUT_ACCEPT,2510,15785
40965,OUTPUT_ACCEPT,2511,32748
40965,OUTPUT_ACCEPT,2512,22618
40965,OUTPUT_ACCEPT,2513,12725
40965,OUTPUT_ACCEPT,2514,28160
40965,OUTPUT_ACCEPT,2515,-54480
40965,OUTPUT_ACCEPT,2516,-14599
40965,OUTPUT_ACCEPT,2517,-8346
40965,OUTPUT_ACCEPT,2518,-39780
40965,OUTPUT_ACCEPT,2519,-20339
40965,OUTPUT_ACCEPT,2520,12097
40965,OUTPUT_ACCEPT,2521,2508
40965,OUTPUT_ACCEPT,2522,-15177
40965,OUTPUT_ACCEPT,2523,18379
40965,OUTPUT_ACCEPT,2524,5384
40965,OUTPUT_ACCEPT,2525,21434
40965,OUTPUT_ACCEPT,2526,-36255
40965,OUTPUT_ACCEPT,2527,-37278
40965,OUTPUT_ACCEPT,2528,28964
40965,OUTPUT_ACCEPT,2529,96
40965,OUTPUT_ACCEPT,2530,153
40965,OUTPUT_ACCEPT,2531,-5582
40965,OUTPUT_ACCEPT,2532,732
40965,OUTPUT_ACCEPT,2533,29381
40965,OUTPUT_ACCEPT,2534,17748
40965,OUTPUT_ACCEPT,2535,31491
40965,OUTPUT_ACCEPT,2536,-28686
40965,OUTPUT_ACCEPT,2537,-21987
40965,OUTPUT_ACCEPT,2538,29937
40965,OUTPUT_ACCEPT,2539,3133
40965,OUTPUT_ACCEPT,2540,-7701
40965,OUTPUT_ACCEPT,2541,20253
40965,OUTPUT_ACCEPT,2542,-2387
40965,OUTPUT_ACCEPT,2543,-14907
40965,OUTPUT_ACCEPT,2544,-25469
40965,OUTPUT_ACCEPT,2545,2205
40965,OUTPUT_ACCEPT,2546,-19688
40965,OUTPUT_ACCEPT,2547,-23273
40965,OUTPUT_ACCEPT,2548,-30362
40965,OUTPUT_ACCEPT,2549,-1606
40965,OUTPUT_ACCEPT,2550,13349
40965,OUTPUT_ACCEPT,2551,-31659
40965,OUTPUT_ACCEPT,2552,8778
40965,OUTPUT_ACCEPT,2553,-9382
40965,OUTPUT_ACCEPT,2554,16113
40965,OUTPUT_ACCEPT,2555,-15501
40965,OUTPUT_ACCEPT,2556,29541
40965,OUTPUT_ACCEPT,2557,12326
40965,OUTPUT_ACCEPT,2558,7451
40965,OUTPUT_ACCEPT,2559,16355
41989,OUTPUT_ACCEPT,2560,13100
41989,OUTPUT_ACCEPT,2561,-19807
41989,OUTPUT_ACCEPT,2562,-1368
41989,OUTPUT_ACCEPT,2563,-23847
41989,OUTPUT_ACCEPT,2564,-17659
41989,OUTPUT_ACCEPT,2565,-19215
41989,OUTPUT_ACCEPT,2566,-3459
41989,OUTPUT_ACCEPT,2567,-4389
41989,OUTPUT_ACCEPT,2568,6186
41989,OUTPUT_ACCEPT,2569,12477
41989,OUTPUT_ACCEPT,2570,-11097
41989,OUTPUT_ACCEPT,2571,11488
41989,OUTPUT_ACCEPT,2572,-24078
41989,OUTPUT_ACCEPT,2573,9210
41989,OUTPUT_ACCEPT,2574,23055
41989,OUTPUT_ACCEPT,2575,-31480
41989,OUTPUT_ACCEPT,2576,4008
41989,OUTPUT_ACCEPT,2577,4839
41989,OUTPUT_ACCEPT,2578,-24218
41989,OUTPUT_ACCEPT,2579,-11392
41989,OUTPUT_ACCEPT,2580,19808
41989,OUTPUT_ACCEPT,2581,6684
41989,OUTPUT_ACCEPT,2582,7935
41989,OUTPUT_ACCEPT,2583,3943
41989,OUTPUT_ACCEPT,2584,-2486
41989,OUTPUT_ACCEPT,2585,-31091
41989,OUTPUT_ACCEPT,2586,4805
41989,OUTPUT_ACCEPT,2587,-17728
41989,OUTPUT_ACCEPT,2588,1434
41989,OUTPUT_ACCEPT,2589,10274
41989,OUTPUT_ACCEPT,2590,25135
41989,OUTPUT_ACCEPT,2591,9787
41989,OUTPUT_ACCEPT,2592,18678
41989,OUTPUT_ACCEPT,2593,-6511
41989,OUTPUT_ACCEPT,2594,-11921
41989,OUTPUT_ACCEPT,2595,-12553
41989,OUTPUT_ACCEPT,2596,6554
41989,OUTPUT_ACCEPT,2597,8628
41989,OUTPUT_ACCEPT,2598,9520
41989,OUTPUT_ACCEPT,2599,-14856
41989,OUTPUT_ACCEPT,2600,-4597
41989,OUTPUT_ACCEPT,2601,-6070
41989,OUTPUT_ACCEPT,2602,5329
41989,OUTPUT_ACCEPT,2603,-11378
41989,OUTPUT_ACCEPT,2604,19239
41989,OUTPUT_ACCEPT,2605,484
41989,OUTPUT_ACCEPT,2606,-8100
41989,OUTPUT_ACCEPT,2607,27784
41989,OUTPUT_ACCEPT,2608,15356
41989,OUTPUT_ACCEPT,2609,-30144
41989,OUTPUT_ACCEPT,2610,20484
41989,OUTPUT_ACCEPT,2611,-19901
41989,OUTPUT_ACCEPT,2612,-9586
41989,OUTPUT_ACCEPT,2613,-16615
41989,OUTPUT_ACCEPT,2614,-26101
41989,OUTPUT_ACCEPT,2615,1942
41989,OUTPUT_ACCEPT,2616,3235
41989,OUTPUT_ACCEPT,2617,-7326
41989,OUTPUT_ACCEPT,2618,9416
41989,OUTPUT_ACCEPT,2619,3607
41989,OUTPUT_ACCEPT,2620,-26524
41989,OUTPUT_ACCEPT,2621,-7181
41989,OUTPUT_ACCEPT,2622,11018
41989,OUTPUT_ACCEPT,2623,26864
43013,OUTPUT_ACCEPT,2624,3151
43013,OUTPUT_ACCEPT,2625,10393
43013,OUTPUT_ACCEPT,2626,5156
43013,OUTPUT_ACCEPT,2627,13746
43013,OUTPUT_ACCEPT,2628,-5600
43013,OUTPUT_ACCEPT,2629,-518
43013,OUTPUT_ACCEPT,2630,17923
43013,OUTPUT_ACCEPT,2631,-5245
43013,OUTPUT_ACCEPT,2632,18525
43013,OUTPUT_ACCEPT,2633,-9254
43013,OUTPUT_ACCEPT,2634,4963
43013,OUTPUT_ACCEPT,2635,-974
43013,OUTPUT_ACCEPT,2636,10349
43013,OUTPUT_ACCEPT,2637,-6179
43013,OUTPUT_ACCEPT,2638,-1218
43013,OUTPUT_ACCEPT,2639,7581
43013,OUTPUT_ACCEPT,2640,-15245
43013,OUTPUT_ACCEPT,2641,-4777
43013,OUTPUT_ACCEPT,2642,16689
43013,OUTPUT_ACCEPT,2643,2611
43013,OUTPUT_ACCEPT,2644,634
43013,OUTPUT_ACCEPT,2645,-19550
43013,OUTPUT_ACCEPT,2646,11276
43013,OUTPUT_ACCEPT,2647,15229
43013,OUTPUT_ACCEPT,2648,12100
43013,OUTPUT_ACCEPT,2649,852
43013,OUTPUT_ACCEPT,2650,-13591
43013,OUTPUT_ACCEPT,2651,-2122
43013,OUTPUT_ACCEPT,2652,18573
43013,OUTPUT_ACCEPT,2653,27490
43013,OUTPUT_ACCEPT,2654,1535
43013,OUTPUT_ACCEPT,2655,5789
43013,OUTPUT_ACCEPT,2656,26738
43013,OUTPUT_ACCEPT,2657,15022
43013,OUTPUT_ACCEPT,2658,-4271
43013,OUTPUT_ACCEPT,2659,-5690
43013,OUTPUT_ACCEPT,2660,-14081
43013,OUTPUT_ACCEPT,2661,-12253
43013,OUTPUT_ACCEPT,2662,16237
43013,OUTPUT_ACCEPT,2663,-4764
43013,OUTPUT_ACCEPT,2664,5384
43013,OUTPUT_ACCEPT,2665,5809
43013,OUTPUT_ACCEPT,2666,17520
43013,OUTPUT_ACCEPT,2667,-24690
43013,OUTPUT_ACCEPT,2668,-64
43013,OUTPUT_ACCEPT,2669,-22219
43013,OUTPUT_ACCEPT,2670,-25693
43013,OUTPUT_ACCEPT,2671,-26294
43013,OUTPUT_ACCEPT,2672,22730
43013,OUTPUT_ACCEPT,2673,-25329
43013,OUTPUT_ACCEPT,2674,-11262
43013,OUTPUT_ACCEPT,2675,26862
43013,OUTPUT_ACCEPT,2676,-28856
43013,OUTPUT_ACCEPT,2677,16330
43013,OUTPUT_ACCEPT,2678,-11351
43013,OUTPUT_ACCEPT,2679,-36688
43013,OUTPUT_ACCEPT,2680,-2363
43013,OUTPUT_ACCEPT,2681,24411
43013,OUTPUT_ACCEPT,2682,21991
43013,OUTPUT_ACCEPT,2683,23473
43013,OUTPUT_ACCEPT,2684,-17117
43013,OUTPUT_ACCEPT,2685,27710
43013,OUTPUT_ACCEPT,2686,-7033
43013,OUTPUT_ACCEPT,2687,-11150
44037,OUTPUT_ACCEPT,2688,-6693
44037,OUTPUT_ACCEPT,2689,3997
44037,OUTPUT_ACCEPT,2690,-12725
44037,OUTPUT_ACCEPT,2691,-4005
44037,OUTPUT_ACCEPT,2692,4729
44037,OUTPUT_ACCEPT,2693,-102
44037,OUTPUT_ACCEPT,2694,6401
44037,OUTPUT_ACCEPT,2695,-18224
44037,OUTPUT_ACCEPT,2696,-4833
44037,OUTPUT_ACCEPT,2697,-22891
44037,OUTPUT_ACCEPT,2698,-6187
44037,OUTPUT_ACCEPT,2699,11605
44037,OUTPUT_ACCEPT,2700,-7786
44037,OUTPUT_ACCEPT,2701,19368
44037,OUTPUT_ACCEPT,2702,19117
44037,OUTPUT_ACCEPT,2703,-77
44037,OUTPUT_ACCEPT,2704,-26626
44037,OUTPUT_ACCEPT,2705,-17988
44037,OUTPUT_ACCEPT,2706,25850
44037,OUTPUT_ACCEPT,2707,7355
44037,OUTPUT_ACCEPT,2708,-20472
44037,OUTPUT_ACCEPT,2709,17557
44037,OUTPUT_ACCEPT,2710,7254
44037,OUTPUT_ACCEPT,2711,18925
44037,OUTPUT_ACCEPT,2712,-7425
44037,OUTPUT_ACCEPT,2713,10142
44037,OUTPUT_ACCEPT,2714,3582
44037,OUTPUT_ACCEPT,2715,-11958
44037,OUTPUT_ACCEPT,2716,1584
44037,OUTPUT_ACCEPT,2717,-15303
44037,OUTPUT_ACCEPT,2718,18174
44037,OUTPUT_ACCEPT,2719,8082
44037,OUTPUT_ACCEPT,2720,15385
44037,OUTPUT_ACCEPT,2721,-2111
44037,OUTPUT_ACCEPT,2722,-22722
44037,OUTPUT_ACCEPT,2723,-8812
44037,OUTPUT_ACCEPT,2724,3271
44037,OUTPUT_ACCEPT,2725,-26093
44037,OUTPUT_ACCEPT,2726,23337
44037,OUTPUT_ACCEPT,2727,18133
44037,OUTPUT_ACCEPT,2728,5050
44037,OUTPUT_ACCEPT,2729,2545
44037,OUTPUT_ACCEPT,2730,-5303
44037,OUTPUT_ACCEPT,2731,13092
44037,OUTPUT_ACCEPT,2732,19687
44037,OUTPUT_ACCEPT,2733,-4260
44037,OUTPUT_ACCEPT,2734,20141
44037,OUTPUT_ACCEPT,2735,-24477
44037,OUTPUT_ACCEPT,2736,29257
44037,OUTPUT_ACCEPT,2737,-34279
44037,OUTPUT_ACCEPT,2738,18871
44037,OUTPUT_ACCEPT,2739,24637
44037,OUTPUT_ACCEPT,2740,16695
44037,OUTPUT_ACCEPT,2741,-26341
44037,OUTPUT_ACCEPT,2742,-30105
44037,OUTPUT_ACCEPT,2743,-14631
44037,OUTPUT_ACCEPT,2744,-36103
44037,OUTPUT_ACCEPT,2745,-12941
44037,OUTPUT_ACCEPT,2746,23431
44037,OUTPUT_ACCEPT,2747,7183
44037,OUTPUT_ACCEPT,2748,15873
44037,OUTPUT_ACCEPT,2749,27960
44037,OUTPUT_ACCEPT,2750,-1508
44037,OUTPUT_ACCEPT,2751,4120
45061,OUTPUT_ACCEPT,2752,6383
45061,OUTPUT_ACCEPT,2753,15365
45061,OUTPUT_ACCEPT,2754,-20294
45061,OUTPUT_ACCEPT,2755,-12369
45061,OUTPUT_ACCEPT,2756,-11789
45061,OUTPUT_ACCEPT,2757,2294
45061,OUTPUT_ACCEPT,2758,10448
45061,OUTPUT_ACCEPT,2759,-6999
45061,OUTPUT_ACCEPT,2760,-12324
45061,OUTPUT_ACCEPT,2761,-2234
45061,OUTPUT_ACCEPT,2762,18460
45061,OUTPUT_ACCEPT,2763,-5070
45061,OUTPUT_ACCEPT,2764,20396
45061,OUTPUT_ACCEPT,2765,-13694
45061,OUTPUT_ACCEPT,2766,1972
45061,OUTPUT_ACCEPT,2767,-7467
45061,OUTPUT_ACCEPT,2768,-17368
45061,OUTPUT_ACCEPT,2769,3240
45061,OUTPUT_ACCEPT,2770,-2818
45061,OUTPUT_ACCEPT,2771,16427
45061,OUTPUT_ACCEPT,2772,-3660
45061,OUTPUT_ACCEPT,2773,-9747
45061,OUTPUT_ACCEPT,2774,-10713
45061,OUTPUT_ACCEPT,2775,7764
45061,OUTPUT_ACCEPT,2776,-4562
45061,OUTPUT_ACCEPT,2777,28913
45061,OUTPUT_ACCEPT,2778,2025
45061,OUTPUT_ACCEPT,2779,13910
45061,OUTPUT_ACCEPT,2780,-6975
45061,OUTPUT_ACCEPT,2781,10903
45061,OUTPUT_ACCEPT,2782,-8333
45061,OUTPUT_ACCEPT,2783,5394
45061,OUTPUT_ACCEPT,2784,-3369
45061,OUTPUT_ACCEPT,2785,16693
45061,OUTPUT_ACCEPT,2786,-10753
45061,OUTPUT_ACCEPT,2787,6565
45061,OUTPUT_ACCEPT,2788,-15717
45061,OUTPUT_ACCEPT,2789,2988
45061,OUTPUT_ACCEPT,2790,5413
45061,OUTPUT_ACCEPT,2791,9204
45061,OUTPUT_ACCEPT,2792,5466
45061,OUTPUT_ACCEPT,2793,-2296
45061,OUTPUT_ACCEPT,2794,-21342
45061,OUTPUT_ACCEPT,2795,-16141
45061,OUTPUT_ACCEPT,2796,-25737
45061,OUTPUT_ACCEPT,2797,-8032
45061,OUTPUT_ACCEPT,2798,2814
45061,OUTPUT_ACCEPT,2799,-33142
45061,OUTPUT_ACCEPT,2800,3398
45061,OUTPUT_ACCEPT,2801,-19205
45061,OUTPUT_ACCEPT,2802,-18290
45061,OUTPUT_ACCEPT,2803,-35958
45061,OUTPUT_ACCEPT,2804,-8954
45061,OUTPUT_ACCEPT,2805,7602
45061,OUTPUT_ACCEPT,2806,19235
45061,OUTPUT_ACCEPT,2807,6881
45061,OUTPUT_ACCEPT,2808,-3128
45061,OUTPUT_ACCEPT,2809,-16659
45061,OUTPUT_ACCEPT,2810,-13196
45061,OUTPUT_ACCEPT,2811,1371
45061,OUTPUT_ACCEPT,2812,23874
45061,OUTPUT_ACCEPT,2813,23390
45061,OUTPUT_ACCEPT,2814,-4947
45061,OUTPUT_ACCEPT,2815,-4649
46085,OUTPUT_ACCEPT,2816,26583
46085,OUTPUT_ACCEPT,2817,23216
46085,OUTPUT_ACCEPT,2818,14124
46085,OUTPUT_ACCEPT,2819,-6662
46085,OUTPUT_ACCEPT,2820,-39651
46085,OUTPUT_ACCEPT,2821,-29174
46085,OUTPUT_ACCEPT,2822,-15805
46085,OUTPUT_ACCEPT,2823,-36469
46085,OUTPUT_ACCEPT,2824,23335
46085,OUTPUT_ACCEPT,2825,7417
46085,OUTPUT_ACCEPT,2826,13699
46085,OUTPUT_ACCEPT,2827,-47374
46085,OUTPUT_ACCEPT,2828,-2332
46085,OUTPUT_ACCEPT,2829,43475
46085,OUTPUT_ACCEPT,2830,-5628
46085,OUTPUT_ACCEPT,2831,3896
46085,OUTPUT_ACCEPT,2832,-721
46085,OUTPUT_ACCEPT,2833,10258
46085,OUTPUT_ACCEPT,2834,5021
46085,OUTPUT_ACCEPT,2835,5118
46085,OUTPUT_ACCEPT,2836,27652
46085,OUTPUT_ACCEPT,2837,-6629
46085,OUTPUT_ACCEPT,2838,-861
46085,OUTPUT_ACCEPT,2839,5407
46085,OUTPUT_ACCEPT,2840,-29877
46085,OUTPUT_ACCEPT,2841,-3348
46085,OUTPUT_ACCEPT,2842,-29184
46085,OUTPUT_ACCEPT,2843,6041
46085,OUTPUT_ACCEPT,2844,-23446
46085,OUTPUT_ACCEPT,2845,7190
46085,OUTPUT_ACCEPT,2846,17573
46085,OUTPUT_ACCEPT,2847,583
46085,OUTPUT_ACCEPT,2848,16591
46085,OUTPUT_ACCEPT,2849,-9897
46085,OUTPUT_ACCEPT,2850,11292
46085,OUTPUT_ACCEPT,2851,13214
46085,OUTPUT_ACCEPT,2852,-20915
46085,OUTPUT_ACCEPT,2853,-6756
46085,OUTPUT_ACCEPT,2854,23433
46085,OUTPUT_ACCEPT,2855,-31202
46085,OUTPUT_ACCEPT,2856,24796
46085,OUTPUT_ACCEPT,2857,-2226
46085,OUTPUT_ACCEPT,2858,31851
46085,OUTPUT_ACCEPT,2859,34407
46085,OUTPUT_ACCEPT,2860,-28184
46085,OUTPUT_ACCEPT,2861,-25531
46085,OUTPUT_ACCEPT,2862,-24629
46085,OUTPUT_ACCEPT,2863,-22679
46085,OUTPUT_ACCEPT,2864,-18966
46085,OUTPUT_ACCEPT,2865,27508
46085,OUTPUT_ACCEPT,2866,16985
46085,OUTPUT_ACCEPT,2867,36430
46085,OUTPUT_ACCEPT,2868,14687
46085,OUTPUT_ACCEPT,2869,-36005
46085,OUTPUT_ACCEPT,2870,22776
46085,OUTPUT_ACCEPT,2871,-12581
46085,OUTPUT_ACCEPT,2872,27422
46085,OUTPUT_ACCEPT,2873,2722
46085,OUTPUT_ACCEPT,2874,21287
46085,OUTPUT_ACCEPT,2875,7059
46085,OUTPUT_ACCEPT,2876,25299
46085,OUTPUT_ACCEPT,2877,27876
46085,OUTPUT_ACCEPT,2878,-25940
46085,OUTPUT_ACCEPT,2879,-3004
47109,OUTPUT_ACCEPT,2880,-5311
47109,OUTPUT_ACCEPT,2881,31190
47109,OUTPUT_ACCEPT,2882,35872
47109,OUTPUT_ACCEPT,2883,-24549
47109,OUTPUT_ACCEPT,2884,29527
47109,OUTPUT_ACCEPT,2885,43029
47109,OUTPUT_ACCEPT,2886,10835
47109,OUTPUT_ACCEPT,2887,11781
47109,OUTPUT_ACCEPT,2888,25781
47109,OUTPUT_ACCEPT,2889,33627
47109,OUTPUT_ACCEPT,2890,-3036
47109,OUTPUT_ACCEPT,2891,5251
47109,OUTPUT_ACCEPT,2892,1878
47109,OUTPUT_ACCEPT,2893,-8030
47109,OUTPUT_ACCEPT,2894,-34133
47109,OUTPUT_ACCEPT,2895,-9700
47109,OUTPUT_ACCEPT,2896,38634
47109,OUTPUT_ACCEPT,2897,10446
47109,OUTPUT_ACCEPT,2898,-889
47109,OUTPUT_ACCEPT,2899,-17181
47109,OUTPUT_ACCEPT,2900,8120
47109,OUTPUT_ACCEPT,2901,10269
47109,OUTPUT_ACCEPT,2902,-21862
47109,OUTPUT_ACCEPT,2903,-1442
47109,OUTPUT_ACCEPT,2904,9053
47109,OUTPUT_ACCEPT,2905,-5678
47109,OUTPUT_ACCEPT,2906,-15991
47109,OUTPUT_ACCEPT,2907,7598
47109,OUTPUT_ACCEPT,2908,21295
47109,OUTPUT_ACCEPT,2909,14590
47109,OUTPUT_ACCEPT,2910,23954
47109,OUTPUT_ACCEPT,2911,4716
47109,OUTPUT_ACCEPT,2912,-5363
47109,OUTPUT_ACCEPT,2913,-11679
47109,OUTPUT_ACCEPT,2914,22720
47109,OUTPUT_ACCEPT,2915,18775
47109,OUTPUT_ACCEPT,2916,-26187
47109,OUTPUT_ACCEPT,2917,-26723
47109,OUTPUT_ACCEPT,2918,20043
47109,OUTPUT_ACCEPT,2919,-12955
47109,OUTPUT_ACCEPT,2920,10477
47109,OUTPUT_ACCEPT,2921,-25751
47109,OUTPUT_ACCEPT,2922,-29842
47109,OUTPUT_ACCEPT,2923,27876
47109,OUTPUT_ACCEPT,2924,22397
47109,OUTPUT_ACCEPT,2925,-23317
47109,OUTPUT_ACCEPT,2926,21337
47109,OUTPUT_ACCEPT,2927,28890
47109,OUTPUT_ACCEPT,2928,26918
47109,OUTPUT_ACCEPT,2929,17262
47109,OUTPUT_ACCEPT,2930,-23178
47109,OUTPUT_ACCEPT,2931,16626
47109,OUTPUT_ACCEPT,2932,9262
47109,OUTPUT_ACCEPT,2933,-9976
47109,OUTPUT_ACCEPT,2934,-27529
47109,OUTPUT_ACCEPT,2935,2692
47109,OUTPUT_ACCEPT,2936,32893
47109,OUTPUT_ACCEPT,2937,-15109
47109,OUTPUT_ACCEPT,2938,7119
47109,OUTPUT_ACCEPT,2939,-5414
47109,OUTPUT_ACCEPT,2940,3224
47109,OUTPUT_ACCEPT,2941,-28655
47109,OUTPUT_ACCEPT,2942,-25016
47109,OUTPUT_ACCEPT,2943,2124
48133,OUTPUT_ACCEPT,2944,1724
48133,OUTPUT_ACCEPT,2945,-497
48133,OUTPUT_ACCEPT,2946,20724
48133,OUTPUT_ACCEPT,2947,1119
48133,OUTPUT_ACCEPT,2948,-10653
48133,OUTPUT_ACCEPT,2949,-6694
48133,OUTPUT_ACCEPT,2950,14155
48133,OUTPUT_ACCEPT,2951,13312
48133,OUTPUT_ACCEPT,2952,13842
48133,OUTPUT_ACCEPT,2953,22256
48133,OUTPUT_ACCEPT,2954,-11337
48133,OUTPUT_ACCEPT,2955,8826
48133,OUTPUT_ACCEPT,2956,7154
48133,OUTPUT_ACCEPT,2957,-7211
48133,OUTPUT_ACCEPT,2958,7738
48133,OUTPUT_ACCEPT,2959,-6459
48133,OUTPUT_ACCEPT,2960,-13370
48133,OUTPUT_ACCEPT,2961,9325
48133,OUTPUT_ACCEPT,2962,-30413
48133,OUTPUT_ACCEPT,2963,-14581
48133,OUTPUT_ACCEPT,2964,15010
48133,OUTPUT_ACCEPT,2965,18758
48133,OUTPUT_ACCEPT,2966,10200
48133,OUTPUT_ACCEPT,2967,-414
48133,OUTPUT_ACCEPT,2968,-20702
48133,OUTPUT_ACCEPT,2969,3211
48133,OUTPUT_ACCEPT,2970,-4827
48133,OUTPUT_ACCEPT,2971,61
48133,OUTPUT_ACCEPT,2972,-8293
48133,OUTPUT_ACCEPT,2973,-2530
48133,OUTPUT_ACCEPT,2974,-10822
48133,OUTPUT_ACCEPT,2975,-3934
48133,OUTPUT_ACCEPT,2976,3611
48133,OUTPUT_ACCEPT,2977,7399
48133,OUTPUT_ACCEPT,2978,-6254
48133,OUTPUT_ACCEPT,2979,-2244
48133,OUTPUT_ACCEPT,2980,-5901
48133,OUTPUT_ACCEPT,2981,-32860
48133,OUTPUT_ACCEPT,2982,-9784
48133,OUTPUT_ACCEPT,2983,-13651
48133,OUTPUT_ACCEPT,2984,-18819
48133,OUTPUT_ACCEPT,2985,1285
48133,OUTPUT_ACCEPT,2986,-9668
48133,OUTPUT_ACCEPT,2987,11484
48133,OUTPUT_ACCEPT,2988,8587
48133,OUTPUT_ACCEPT,2989,25422
48133,OUTPUT_ACCEPT,2990,-3035
48133,OUTPUT_ACCEPT,2991,-25762
48133,OUTPUT_ACCEPT,2992,13566
48133,OUTPUT_ACCEPT,2993,6963
48133,OUTPUT_ACCEPT,2994,2911
48133,OUTPUT_ACCEPT,2995,32558
48133,OUTPUT_ACCEPT,2996,-23306
48133,OUTPUT_ACCEPT,2997,-5099
48133,OUTPUT_ACCEPT,2998,-4527
48133,OUTPUT_ACCEPT,2999,12313
48133,OUTPUT_ACCEPT,3000,-16409
48133,OUTPUT_ACCEPT,3001,-3342
48133,OUTPUT_ACCEPT,3002,6088
48133,OUTPUT_ACCEPT,3003,39243
48133,OUTPUT_ACCEPT,3004,6278
48133,OUTPUT_ACCEPT,3005,-2231
48133,OUTPUT_ACCEPT,3006,15034
48133,OUTPUT_ACCEPT,3007,-19278
49157,OUTPUT_ACCEPT,3008,-24907
49157,OUTPUT_ACCEPT,3009,10166
49157,OUTPUT_ACCEPT,3010,-29998
49157,OUTPUT_ACCEPT,3011,-19824
49157,OUTPUT_ACCEPT,3012,933
49157,OUTPUT_ACCEPT,3013,-15127
49157,OUTPUT_ACCEPT,3014,16017
49157,OUTPUT_ACCEPT,3015,38473
49157,OUTPUT_ACCEPT,3016,-2628
49157,OUTPUT_ACCEPT,3017,-1411
49157,OUTPUT_ACCEPT,3018,10057
49157,OUTPUT_ACCEPT,3019,7633
49157,OUTPUT_ACCEPT,3020,4551
49157,OUTPUT_ACCEPT,3021,24307
49157,OUTPUT_ACCEPT,3022,-3443
49157,OUTPUT_ACCEPT,3023,1006
49157,OUTPUT_ACCEPT,3024,1973
49157,OUTPUT_ACCEPT,3025,2146
49157,OUTPUT_ACCEPT,3026,1581
49157,OUTPUT_ACCEPT,3027,9131
49157,OUTPUT_ACCEPT,3028,-18587
49157,OUTPUT_ACCEPT,3029,-11872
49157,OUTPUT_ACCEPT,3030,-63
49157,OUTPUT_ACCEPT,3031,154
49157,OUTPUT_ACCEPT,3032,-2017
49157,OUTPUT_ACCEPT,3033,-5640
49157,OUTPUT_ACCEPT,3034,-23293
49157,OUTPUT_ACCEPT,3035,21288
49157,OUTPUT_ACCEPT,3036,8428
49157,OUTPUT_ACCEPT,3037,-29365
49157,OUTPUT_ACCEPT,3038,-3711
49157,OUTPUT_ACCEPT,3039,-11631
49157,OUTPUT_ACCEPT,3040,20023
49157,OUTPUT_ACCEPT,3041,27170
49157,OUTPUT_ACCEPT,3042,4989
49157,OUTPUT_ACCEPT,3043,9855
49157,OUTPUT_ACCEPT,3044,4647
49157,OUTPUT_ACCEPT,3045,5876
49157,OUTPUT_ACCEPT,3046,12042
49157,OUTPUT_ACCEPT,3047,10442
49157,OUTPUT_ACCEPT,3048,-4658
49157,OUTPUT_ACCEPT,3049,-12376
49157,OUTPUT_ACCEPT,3050,-16621
49157,OUTPUT_ACCEPT,3051,-31447
49157,OUTPUT_ACCEPT,3052,-42122
49157,OUTPUT_ACCEPT,3053,-25805
49157,OUTPUT_ACCEPT,3054,26001
49157,OUTPUT_ACCEPT,3055,28763
49157,OUTPUT_ACCEPT,3056,-30778
49157,OUTPUT_ACCEPT,3057,-123
49157,OUTPUT_ACCEPT,3058,-19840
49157,OUTPUT_ACCEPT,3059,23247
49157,OUTPUT_ACCEPT,3060,-7288
49157,OUTPUT_ACCEPT,3061,4129
49157,OUTPUT_ACCEPT,3062,-421
49157,OUTPUT_ACCEPT,3063,24040
49157,OUTPUT_ACCEPT,3064,-29236
49157,OUTPUT_ACCEPT,3065,-668
49157,OUTPUT_ACCEPT,3066,2908
49157,OUTPUT_ACCEPT,3067,-44779
49157,OUTPUT_ACCEPT,3068,5044
49157,OUTPUT_ACCEPT,3069,3434
49157,OUTPUT_ACCEPT,3070,-7447
49157,OUTPUT_ACCEPT,3071,-5796
50181,OUTPUT_ACCEPT,3072,-10364
50181,OUTPUT_ACCEPT,3073,27647
50181,OUTPUT_ACCEPT,3074,-26084
50181,OUTPUT_ACCEPT,3075,21590
50181,OUTPUT_ACCEPT,3076,29440
50181,OUTPUT_ACCEPT,3077,-4215
50181,OUTPUT_ACCEPT,3078,19307
50181,OUTPUT_ACCEPT,3079,9120
50181,OUTPUT_ACCEPT,3080,18482
50181,OUTPUT_ACCEPT,3081,-7999
50181,OUTPUT_ACCEPT,3082,8044
50181,OUTPUT_ACCEPT,3083,-9968
50181,OUTPUT_ACCEPT,3084,4924
50181,OUTPUT_ACCEPT,3085,9655
50181,OUTPUT_ACCEPT,3086,11430
50181,OUTPUT_ACCEPT,3087,1367
50181,OUTPUT_ACCEPT,3088,6373
50181,OUTPUT_ACCEPT,3089,-8403
50181,OUTPUT_ACCEPT,3090,-24202
50181,OUTPUT_ACCEPT,3091,22706
50181,OUTPUT_ACCEPT,3092,16167
50181,OUTPUT_ACCEPT,3093,14040
50181,OUTPUT_ACCEPT,3094,16061
50181,OUTPUT_ACCEPT,3095,-26613
50181,OUTPUT_ACCEPT,3096,16338
50181,OUTPUT_ACCEPT,3097,-2896
50181,OUTPUT_ACCEPT,3098,-10961
50181,OUTPUT_ACCEPT,3099,-20401
50181,OUTPUT_ACCEPT,3100,-9258
50181,OUTPUT_ACCEPT,3101,25102
50181,OUTPUT_ACCEPT,3102,-21173
50181,OUTPUT_ACCEPT,3103,5392
50181,OUTPUT_ACCEPT,3104,1940
50181,OUTPUT_ACCEPT,3105,2453
50181,OUTPUT_ACCEPT,3106,16754
50181,OUTPUT_ACCEPT,3107,-7748
50181,OUTPUT_ACCEPT,3108,13241
50181,OUTPUT_ACCEPT,3109,-6935
50181,OUTPUT_ACCEPT,3110,-14419
50181,OUTPUT_ACCEPT,3111,8433
50181,OUTPUT_ACCEPT,3112,-7165
50181,OUTPUT_ACCEPT,3113,1333
50181,OUTPUT_ACCEPT,3114,9831
50181,OUTPUT_ACCEPT,3115,-10362
50181,OUTPUT_ACCEPT,3116,24683
50181,OUTPUT_ACCEPT,3117,24275
50181,OUTPUT_ACCEPT,3118,31688
50181,OUTPUT_ACCEPT,3119,8824
50181,OUTPUT_ACCEPT,3120,25421
50181,OUTPUT_ACCEPT,3121,-9483
50181,OUTPUT_ACCEPT,3122,26269
50181,OUTPUT_ACCEPT,3123,10097
50181,OUTPUT_ACCEPT,3124,14139
50181,OUTPUT_ACCEPT,3125,35516
50181,OUTPUT_ACCEPT,3126,-22210
50181,OUTPUT_ACCEPT,3127,-2507
50181,OUTPUT_ACCEPT,3128,5985
50181,OUTPUT_ACCEPT,3129,-403
50181,OUTPUT_ACCEPT,3130,1934
50181,OUTPUT_ACCEPT,3131,-8838
50181,OUTPUT_ACCEPT,3132,2182
50181,OUTPUT_ACCEPT,3133,-8810
50181,OUTPUT_ACCEPT,3134,-1576
50181,OUTPUT_ACCEPT,3135,-15588
51205,OUTPUT_ACCEPT,3136,1460
51205,OUTPUT_ACCEPT,3137,3532
51205,OUTPUT_ACCEPT,3138,18094
51205,OUTPUT_ACCEPT,3139,17920
51205,OUTPUT_ACCEPT,3140,10340
51205,OUTPUT_ACCEPT,3141,-4877
51205,OUTPUT_ACCEPT,3142,30384
51205,OUTPUT_ACCEPT,3143,14858
51205,OUTPUT_ACCEPT,3144,1013
51205,OUTPUT_ACCEPT,3145,-34830
51205,OUTPUT_ACCEPT,3146,-9604
51205,OUTPUT_ACCEPT,3147,-6876
51205,OUTPUT_ACCEPT,3148,-2575
51205,OUTPUT_ACCEPT,3149,20248
51205,OUTPUT_ACCEPT,3150,-14846
51205,OUTPUT_ACCEPT,3151,-25555
51205,OUTPUT_ACCEPT,3152,24701
51205,OUTPUT_ACCEPT,3153,19532
51205,OUTPUT_ACCEPT,3154,201
51205,OUTPUT_ACCEPT,3155,-376
51205,OUTPUT_ACCEPT,3156,-14596
51205,OUTPUT_ACCEPT,3157,-16064
51205,OUTPUT_ACCEPT,3158,-22758
51205,OUTPUT_ACCEPT,3159,3564
51205,OUTPUT_ACCEPT,3160,10161
51205,OUTPUT_ACCEPT,3161,22416
51205,OUTPUT_ACCEPT,3162,5074
51205,OUTPUT_ACCEPT,3163,-4501
51205,OUTPUT_ACCEPT,3164,4720
51205,OUTPUT_ACCEPT,3165,17563
51205,OUTPUT_ACCEPT,3166,3025
51205,OUTPUT_ACCEPT,3167,8535
51205,OUTPUT_ACCEPT,3168,254
51205,OUTPUT_ACCEPT,3169,13357
51205,OUTPUT_ACCEPT,3170,-16394
51205,OUTPUT_ACCEPT,3171,23078
51205,OUTPUT_ACCEPT,3172,-1537
51205,OUTPUT_ACCEPT,3173,-25492
51205,OUTPUT_ACCEPT,3174,-11829
51205,OUTPUT_ACCEPT,3175,6921
51205,OUTPUT_ACCEPT,3176,-324
51205,OUTPUT_ACCEPT,3177,-21128
51205,OUTPUT_ACCEPT,3178,3675
51205,OUTPUT_ACCEPT,3179,-3903
51205,OUTPUT_ACCEPT,3180,4780
51205,OUTPUT_ACCEPT,3181,-1156
51205,OUTPUT_ACCEPT,3182,26183
51205,OUTPUT_ACCEPT,3183,27248
51205,OUTPUT_ACCEPT,3184,-31404
51205,OUTPUT_ACCEPT,3185,11100
51205,OUTPUT_ACCEPT,3186,-30175
51205,OUTPUT_ACCEPT,3187,-26787
51205,OUTPUT_ACCEPT,3188,21615
51205,OUTPUT_ACCEPT,3189,-35718
51205,OUTPUT_ACCEPT,3190,-9915
51205,OUTPUT_ACCEPT,3191,5856
51205,OUTPUT_ACCEPT,3192,11338
51205,OUTPUT_ACCEPT,3193,-20349
51205,OUTPUT_ACCEPT,3194,-9827
51205,OUTPUT_ACCEPT,3195,-2452
51205,OUTPUT_ACCEPT,3196,3457
51205,OUTPUT_ACCEPT,3197,16981
51205,OUTPUT_ACCEPT,3198,-12878
51205,OUTPUT_ACCEPT,3199,17329
52229,OUTPUT_ACCEPT,3200,39832
52229,OUTPUT_ACCEPT,3201,6407
52229,OUTPUT_ACCEPT,3202,-9062
52229,OUTPUT_ACCEPT,3203,27348
52229,OUTPUT_ACCEPT,3204,-9939
52229,OUTPUT_ACCEPT,3205,-1267
52229,OUTPUT_ACCEPT,3206,817
52229,OUTPUT_ACCEPT,3207,-1448
52229,OUTPUT_ACCEPT,3208,32248
52229,OUTPUT_ACCEPT,3209,19966
52229,OUTPUT_ACCEPT,3210,5013
52229,OUTPUT_ACCEPT,3211,-11328
52229,OUTPUT_ACCEPT,3212,1187
52229,OUTPUT_ACCEPT,3213,-32796
52229,OUTPUT_ACCEPT,3214,13900
52229,OUTPUT_ACCEPT,3215,11371
52229,OUTPUT_ACCEPT,3216,-35034
52229,OUTPUT_ACCEPT,3217,38778
52229,OUTPUT_ACCEPT,3218,-25020
52229,OUTPUT_ACCEPT,3219,-40444
52229,OUTPUT_ACCEPT,3220,-15766
52229,OUTPUT_ACCEPT,3221,-32575
52229,OUTPUT_ACCEPT,3222,43613
52229,OUTPUT_ACCEPT,3223,55694
52229,OUTPUT_ACCEPT,3224,44121
52229,OUTPUT_ACCEPT,3225,-4998
52229,OUTPUT_ACCEPT,3226,23350
52229,OUTPUT_ACCEPT,3227,-14385
52229,OUTPUT_ACCEPT,3228,299
52229,OUTPUT_ACCEPT,3229,-4018
52229,OUTPUT_ACCEPT,3230,9470
52229,OUTPUT_ACCEPT,3231,-33645
52229,OUTPUT_ACCEPT,3232,34416
52229,OUTPUT_ACCEPT,3233,29817
52229,OUTPUT_ACCEPT,3234,-34406
52229,OUTPUT_ACCEPT,3235,-23266
52229,OUTPUT_ACCEPT,3236,20319
52229,OUTPUT_ACCEPT,3237,15192
52229,OUTPUT_ACCEPT,3238,31177
52229,OUTPUT_ACCEPT,3239,-440
52229,OUTPUT_ACCEPT,3240,-11205
52229,OUTPUT_ACCEPT,3241,29059
52229,OUTPUT_ACCEPT,3242,-6513
52229,OUTPUT_ACCEPT,3243,28237
52229,OUTPUT_ACCEPT,3244,30658
52229,OUTPUT_ACCEPT,3245,-28321
52229,OUTPUT_ACCEPT,3246,-32930
52229,OUTPUT_ACCEPT,3247,-34051
52229,OUTPUT_ACCEPT,3248,42408
52229,OUTPUT_ACCEPT,3249,24297
52229,OUTPUT_ACCEPT,3250,3101
52229,OUTPUT_ACCEPT,3251,-24299
52229,OUTPUT_ACCEPT,3252,-29295
52229,OUTPUT_ACCEPT,3253,20985
52229,OUTPUT_ACCEPT,3254,49330
52229,OUTPUT_ACCEPT,3255,-22180
52229,OUTPUT_ACCEPT,3256,15129
52229,OUTPUT_ACCEPT,3257,9989
52229,OUTPUT_ACCEPT,3258,-10489
52229,OUTPUT_ACCEPT,3259,23865
52229,OUTPUT_ACCEPT,3260,28928
52229,OUTPUT_ACCEPT,3261,-7082
52229,OUTPUT_ACCEPT,3262,-5214
52229,OUTPUT_ACCEPT,3263,13487
53253,OUTPUT_ACCEPT,3264,-18278
53253,OUTPUT_ACCEPT,3265,257
53253,OUTPUT_ACCEPT,3266,-11652
53253,OUTPUT_ACCEPT,3267,-890
53253,OUTPUT_ACCEPT,3268,475
53253,OUTPUT_ACCEPT,3269,19838
53253,OUTPUT_ACCEPT,3270,-6448
53253,OUTPUT_ACCEPT,3271,4539
53253,OUTPUT_ACCEPT,3272,-31030
53253,OUTPUT_ACCEPT,3273,18668
53253,OUTPUT_ACCEPT,3274,36012
53253,OUTPUT_ACCEPT,3275,13110
53253,OUTPUT_ACCEPT,3276,-19584
53253,OUTPUT_ACCEPT,3277,42983
53253,OUTPUT_ACCEPT,3278,-19466
53253,OUTPUT_ACCEPT,3279,14288
53253,OUTPUT_ACCEPT,3280,-30602
53253,OUTPUT_ACCEPT,3281,48506
53253,OUTPUT_ACCEPT,3282,14838
53253,OUTPUT_ACCEPT,3283,-18327
53253,OUTPUT_ACCEPT,3284,-14384
53253,OUTPUT_ACCEPT,3285,11818
53253,OUTPUT_ACCEPT,3286,12822
53253,OUTPUT_ACCEPT,3287,-29130
53253,OUTPUT_ACCEPT,3288,31203
53253,OUTPUT_ACCEPT,3289,31093
53253,OUTPUT_ACCEPT,3290,23783
53253,OUTPUT_ACCEPT,3291,36658
53253,OUTPUT_ACCEPT,3292,4681
53253,OUTPUT_ACCEPT,3293,-34982
53253,OUTPUT_ACCEPT,3294,-3194
53253,OUTPUT_ACCEPT,3295,-26308
53253,OUTPUT_ACCEPT,3296,-16822
53253,OUTPUT_ACCEPT,3297,16406
53253,OUTPUT_ACCEPT,3298,-10816
53253,OUTPUT_ACCEPT,3299,35644
53253,OUTPUT_ACCEPT,3300,-34994
53253,OUTPUT_ACCEPT,3301,-6682
53253,OUTPUT_ACCEPT,3302,-27253
53253,OUTPUT_ACCEPT,3303,-6761
53253,OUTPUT_ACCEPT,3304,13577
53253,OUTPUT_ACCEPT,3305,-23955
53253,OUTPUT_ACCEPT,3306,13632
53253,OUTPUT_ACCEPT,3307,-22417
53253,OUTPUT_ACCEPT,3308,-21361
53253,OUTPUT_ACCEPT,3309,-32455
53253,OUTPUT_ACCEPT,3310,11336
53253,OUTPUT_ACCEPT,3311,-5575
53253,OUTPUT_ACCEPT,3312,-20692
53253,OUTPUT_ACCEPT,3313,-4499
53253,OUTPUT_ACCEPT,3314,30881
53253,OUTPUT_ACCEPT,3315,-3126
53253,OUTPUT_ACCEPT,3316,-32599
53253,OUTPUT_ACCEPT,3317,-22577
53253,OUTPUT_ACCEPT,3318,-6147
53253,OUTPUT_ACCEPT,3319,-15144
53253,OUTPUT_ACCEPT,3320,-2084
53253,OUTPUT_ACCEPT,3321,1240
53253,OUTPUT_ACCEPT,3322,23861
53253,OUTPUT_ACCEPT,3323,-25370
53253,OUTPUT_ACCEPT,3324,37512
53253,OUTPUT_ACCEPT,3325,27792
53253,OUTPUT_ACCEPT,3326,29862
53253,OUTPUT_ACCEPT,3327,8909
54277,OUTPUT_ACCEPT,3328,-12976
54277,OUTPUT_ACCEPT,3329,-26957
54277,OUTPUT_ACCEPT,3330,-13844
54277,OUTPUT_ACCEPT,3331,-19205
54277,OUTPUT_ACCEPT,3332,-3743
54277,OUTPUT_ACCEPT,3333,-22140
54277,OUTPUT_ACCEPT,3334,13270
54277,OUTPUT_ACCEPT,3335,-7708
54277,OUTPUT_ACCEPT,3336,17349
54277,OUTPUT_ACCEPT,3337,20986
54277,OUTPUT_ACCEPT,3338,-9800
54277,OUTPUT_ACCEPT,3339,15916
54277,OUTPUT_ACCEPT,3340,-10991
54277,OUTPUT_ACCEPT,3341,11852
54277,OUTPUT_ACCEPT,3342,28192
54277,OUTPUT_ACCEPT,3343,-2764
54277,OUTPUT_ACCEPT,3344,-23782
54277,OUTPUT_ACCEPT,3345,-27332
54277,OUTPUT_ACCEPT,3346,26385
54277,OUTPUT_ACCEPT,3347,6282
54277,OUTPUT_ACCEPT,3348,-26171
54277,OUTPUT_ACCEPT,3349,-12406
54277,OUTPUT_ACCEPT,3350,20390
54277,OUTPUT_ACCEPT,3351,24544
54277,OUTPUT_ACCEPT,3352,30728
54277,OUTPUT_ACCEPT,3353,13582
54277,OUTPUT_ACCEPT,3354,-13809
54277,OUTPUT_ACCEPT,3355,-28122
54277,OUTPUT_ACCEPT,3356,30970
54277,OUTPUT_ACCEPT,3357,-25799
54277,OUTPUT_ACCEPT,3358,-37602
54277,OUTPUT_ACCEPT,3359,16512
54277,OUTPUT_ACCEPT,3360,33688
54277,OUTPUT_ACCEPT,3361,-849
54277,OUTPUT_ACCEPT,3362,-29110
54277,OUTPUT_ACCEPT,3363,14404
54277,OUTPUT_ACCEPT,3364,-13573
54277,OUTPUT_ACCEPT,3365,31716
54277,OUTPUT_ACCEPT,3366,31467
54277,OUTPUT_ACCEPT,3367,-26827
54277,OUTPUT_ACCEPT,3368,-28998
54277,OUTPUT_ACCEPT,3369,25905
54277,OUTPUT_ACCEPT,3370,32986
54277,OUTPUT_ACCEPT,3371,31073
54277,OUTPUT_ACCEPT,3372,30180
54277,OUTPUT_ACCEPT,3373,13227
54277,OUTPUT_ACCEPT,3374,42197
54277,OUTPUT_ACCEPT,3375,-26601
54277,OUTPUT_ACCEPT,3376,-1816
54277,OUTPUT_ACCEPT,3377,-1853
54277,OUTPUT_ACCEPT,3378,41891
54277,OUTPUT_ACCEPT,3379,-30119
54277,OUTPUT_ACCEPT,3380,-20910
54277,OUTPUT_ACCEPT,3381,16327
54277,OUTPUT_ACCEPT,3382,-1461
54277,OUTPUT_ACCEPT,3383,-15419
54277,OUTPUT_ACCEPT,3384,22813
54277,OUTPUT_ACCEPT,3385,-18590
54277,OUTPUT_ACCEPT,3386,24903
54277,OUTPUT_ACCEPT,3387,-10175
54277,OUTPUT_ACCEPT,3388,-37216
54277,OUTPUT_ACCEPT,3389,13546
54277,OUTPUT_ACCEPT,3390,4970
54277,OUTPUT_ACCEPT,3391,23173
55301,OUTPUT_ACCEPT,3392,-484
55301,OUTPUT_ACCEPT,3393,-26944
55301,OUTPUT_ACCEPT,3394,-21499
55301,OUTPUT_ACCEPT,3395,-29952
55301,OUTPUT_ACCEPT,3396,12875
55301,OUTPUT_ACCEPT,3397,-24865
55301,OUTPUT_ACCEPT,3398,-5154
55301,OUTPUT_ACCEPT,3399,14274
55301,OUTPUT_ACCEPT,3400,-25707
55301,OUTPUT_ACCEPT,3401,-6927
55301,OUTPUT_ACCEPT,3402,-27502
55301,OUTPUT_ACCEPT,3403,790
55301,OUTPUT_ACCEPT,3404,27625
55301,OUTPUT_ACCEPT,3405,34383
55301,OUTPUT_ACCEPT,3406,-612
55301,OUTPUT_ACCEPT,3407,918
55301,OUTPUT_ACCEPT,3408,-23978
55301,OUTPUT_ACCEPT,3409,9783
55301,OUTPUT_ACCEPT,3410,-19709
55301,OUTPUT_ACCEPT,3411,-20251
55301,OUTPUT_ACCEPT,3412,26222
55301,OUTPUT_ACCEPT,3413,-15683
55301,OUTPUT_ACCEPT,3414,-31620
55301,OUTPUT_ACCEPT,3415,-12908
55301,OUTPUT_ACCEPT,3416,27363
55301,OUTPUT_ACCEPT,3417,-25853
55301,OUTPUT_ACCEPT,3418,23072
55301,OUTPUT_ACCEPT,3419,-25832
55301,OUTPUT_ACCEPT,3420,19183
55301,OUTPUT_ACCEPT,3421,20627
55301,OUTPUT_ACCEPT,3422,-22484
55301,OUTPUT_ACCEPT,3423,24973
55301,OUTPUT_ACCEPT,3424,-26454
55301,OUTPUT_ACCEPT,3425,33817
55301,OUTPUT_ACCEPT,3426,-2248
55301,OUTPUT_ACCEPT,3427,-32152
55301,OUTPUT_ACCEPT,3428,-14870
55301,OUTPUT_ACCEPT,3429,-28781
55301,OUTPUT_ACCEPT,3430,-20561
55301,OUTPUT_ACCEPT,3431,18906
55301,OUTPUT_ACCEPT,3432,-17834
55301,OUTPUT_ACCEPT,3433,-27686
55301,OUTPUT_ACCEPT,3434,26767
55301,OUTPUT_ACCEPT,3435,40032
55301,OUTPUT_ACCEPT,3436,36863
55301,OUTPUT_ACCEPT,3437,31634
55301,OUTPUT_ACCEPT,3438,9518
55301,OUTPUT_ACCEPT,3439,1070
55301,OUTPUT_ACCEPT,3440,2664
55301,OUTPUT_ACCEPT,3441,33332
55301,OUTPUT_ACCEPT,3442,-2847
55301,OUTPUT_ACCEPT,3443,3471
55301,OUTPUT_ACCEPT,3444,386
55301,OUTPUT_ACCEPT,3445,-37286
55301,OUTPUT_ACCEPT,3446,-16117
55301,OUTPUT_ACCEPT,3447,2437
55301,OUTPUT_ACCEPT,3448,-34132
55301,OUTPUT_ACCEPT,3449,-19835
55301,OUTPUT_ACCEPT,3450,3105
55301,OUTPUT_ACCEPT,3451,15579
55301,OUTPUT_ACCEPT,3452,6946
55301,OUTPUT_ACCEPT,3453,40005
55301,OUTPUT_ACCEPT,3454,10307
55301,OUTPUT_ACCEPT,3455,-116
56325,OUTPUT_ACCEPT,3456,36529
56325,OUTPUT_ACCEPT,3457,-8219
56325,OUTPUT_ACCEPT,3458,26360
56325,OUTPUT_ACCEPT,3459,-16373
56325,OUTPUT_ACCEPT,3460,8246
56325,OUTPUT_ACCEPT,3461,-2757
56325,OUTPUT_ACCEPT,3462,-5568
56325,OUTPUT_ACCEPT,3463,11912
56325,OUTPUT_ACCEPT,3464,-41331
56325,OUTPUT_ACCEPT,3465,-18312
56325,OUTPUT_ACCEPT,3466,45581
56325,OUTPUT_ACCEPT,3467,18409
56325,OUTPUT_ACCEPT,3468,-5995
56325,OUTPUT_ACCEPT,3469,-12361
56325,OUTPUT_ACCEPT,3470,-12884
56325,OUTPUT_ACCEPT,3471,336
56325,OUTPUT_ACCEPT,3472,28951
56325,OUTPUT_ACCEPT,3473,32300
56325,OUTPUT_ACCEPT,3474,-35817
56325,OUTPUT_ACCEPT,3475,-29265
56325,OUTPUT_ACCEPT,3476,33010
56325,OUTPUT_ACCEPT,3477,46389
56325,OUTPUT_ACCEPT,3478,-37172
56325,OUTPUT_ACCEPT,3479,-9033
56325,OUTPUT_ACCEPT,3480,-30471
56325,OUTPUT_ACCEPT,3481,-50650
56325,OUTPUT_ACCEPT,3482,4146
56325,OUTPUT_ACCEPT,3483,5481
56325,OUTPUT_ACCEPT,3484,35738
56325,OUTPUT_ACCEPT,3485,9485
56325,OUTPUT_ACCEPT,3486,11335
56325,OUTPUT_ACCEPT,3487,-49199
56325,OUTPUT_ACCEPT,3488,-7784
56325,OUTPUT_ACCEPT,3489,-26966
56325,OUTPUT_ACCEPT,3490,39745
56325,OUTPUT_ACCEPT,3491,-36350
56325,OUTPUT_ACCEPT,3492,54004
56325,OUTPUT_ACCEPT,3493,1770
56325,OUTPUT_ACCEPT,3494,-43477
56325,OUTPUT_ACCEPT,3495,17847
56325,OUTPUT_ACCEPT,3496,50036
56325,OUTPUT_ACCEPT,3497,13095
56325,OUTPUT_ACCEPT,3498,13627
56325,OUTPUT_ACCEPT,3499,-54693
56325,OUTPUT_ACCEPT,3500,-43636
56325,OUTPUT_ACCEPT,3501,5242
56325,OUTPUT_ACCEPT,3502,39400
56325,OUTPUT_ACCEPT,3503,-41842
56325,OUTPUT_ACCEPT,3504,20524
56325,OUTPUT_ACCEPT,3505,-3487
56325,OUTPUT_ACCEPT,3506,3935
56325,OUTPUT_ACCEPT,3507,18556
56325,OUTPUT_ACCEPT,3508,2525
56325,OUTPUT_ACCEPT,3509,41109
56325,OUTPUT_ACCEPT,3510,-4581
56325,OUTPUT_ACCEPT,3511,10980
56325,OUTPUT_ACCEPT,3512,19792
56325,OUTPUT_ACCEPT,3513,-25056
56325,OUTPUT_ACCEPT,3514,24023
56325,OUTPUT_ACCEPT,3515,9633
56325,OUTPUT_ACCEPT,3516,8293
56325,OUTPUT_ACCEPT,3517,16665
56325,OUTPUT_ACCEPT,3518,11066
56325,OUTPUT_ACCEPT,3519,-46864
57349,OUTPUT_ACCEPT,3520,35866
57349,OUTPUT_ACCEPT,3521,28859
57349,OUTPUT_ACCEPT,3522,11526
57349,OUTPUT_ACCEPT,3523,20943
57349,OUTPUT_ACCEPT,3524,6494
57349,OUTPUT_ACCEPT,3525,-52651
57349,OUTPUT_ACCEPT,3526,12393
57349,OUTPUT_ACCEPT,3527,-1780
57349,OUTPUT_ACCEPT,3528,47787
57349,OUTPUT_ACCEPT,3529,-27544
57349,OUTPUT_ACCEPT,3530,3868
57349,OUTPUT_ACCEPT,3531,23165
57349,OUTPUT_ACCEPT,3532,-24504
57349,OUTPUT_ACCEPT,3533,21194
57349,OUTPUT_ACCEPT,3534,39648
57349,OUTPUT_ACCEPT,3535,34133
57349,OUTPUT_ACCEPT,3536,-19271
57349,OUTPUT_ACCEPT,3537,11035
57349,OUTPUT_ACCEPT,3538,-41395
57349,OUTPUT_ACCEPT,3539,6608
57349,OUTPUT_ACCEPT,3540,34429
57349,OUTPUT_ACCEPT,3541,8494
57349,OUTPUT_ACCEPT,3542,45841
57349,OUTPUT_ACCEPT,3543,-47431
57349,OUTPUT_ACCEPT,3544,31417
57349,OUTPUT_ACCEPT,3545,-45522
57349,OUTPUT_ACCEPT,3546,21696
57349,OUTPUT_ACCEPT,3547,-22096
57349,OUTPUT_ACCEPT,3548,43526
57349,OUTPUT_ACCEPT,3549,31396
57349,OUTPUT_ACCEPT,3550,-30236
57349,OUTPUT_ACCEPT,3551,52181
57349,OUTPUT_ACCEPT,3552,40093
57349,OUTPUT_ACCEPT,3553,40266
57349,OUTPUT_ACCEPT,3554,-32801
57349,OUTPUT_ACCEPT,3555,55584
57349,OUTPUT_ACCEPT,3556,-11518
57349,OUTPUT_ACCEPT,3557,-33128
57349,OUTPUT_ACCEPT,3558,24976
57349,OUTPUT_ACCEPT,3559,31170
57349,OUTPUT_ACCEPT,3560,-3138
57349,OUTPUT_ACCEPT,3561,8917
57349,OUTPUT_ACCEPT,3562,-9949
57349,OUTPUT_ACCEPT,3563,-35339
57349,OUTPUT_ACCEPT,3564,-47936
57349,OUTPUT_ACCEPT,3565,-41601
57349,OUTPUT_ACCEPT,3566,-30745
57349,OUTPUT_ACCEPT,3567,8415
57349,OUTPUT_ACCEPT,3568,-35428
57349,OUTPUT_ACCEPT,3569,-34439
57349,OUTPUT_ACCEPT,3570,-17315
57349,OUTPUT_ACCEPT,3571,-28960
57349,OUTPUT_ACCEPT,3572,-20502
57349,OUTPUT_ACCEPT,3573,8338
57349,OUTPUT_ACCEPT,3574,-17786
57349,OUTPUT_ACCEPT,3575,-29929
57349,OUTPUT_ACCEPT,3576,-32405
57349,OUTPUT_ACCEPT,3577,-17869
57349,OUTPUT_ACCEPT,3578,-3159
57349,OUTPUT_ACCEPT,3579,-34629
57349,OUTPUT_ACCEPT,3580,14218
57349,OUTPUT_ACCEPT,3581,13651
57349,OUTPUT_ACCEPT,3582,36218
57349,OUTPUT_ACCEPT,3583,-18258
58373,OUTPUT_ACCEPT,3584,8884
58373,OUTPUT_ACCEPT,3585,-21972
58373,OUTPUT_ACCEPT,3586,-13300
58373,OUTPUT_ACCEPT,3587,3400
58373,OUTPUT_ACCEPT,3588,-17696
58373,OUTPUT_ACCEPT,3589,13833
58373,OUTPUT_ACCEPT,3590,-18479
58373,OUTPUT_ACCEPT,3591,10192
58373,OUTPUT_ACCEPT,3592,5372
58373,OUTPUT_ACCEPT,3593,3964
58373,OUTPUT_ACCEPT,3594,-10944
58373,OUTPUT_ACCEPT,3595,20140
58373,OUTPUT_ACCEPT,3596,5584
58373,OUTPUT_ACCEPT,3597,-37210
58373,OUTPUT_ACCEPT,3598,-13131
58373,OUTPUT_ACCEPT,3599,-13641
58373,OUTPUT_ACCEPT,3600,21802
58373,OUTPUT_ACCEPT,3601,-8297
58373,OUTPUT_ACCEPT,3602,29656
58373,OUTPUT_ACCEPT,3603,-10168
58373,OUTPUT_ACCEPT,3604,5920
58373,OUTPUT_ACCEPT,3605,-3428
58373,OUTPUT_ACCEPT,3606,-8132
58373,OUTPUT_ACCEPT,3607,-19481
58373,OUTPUT_ACCEPT,3608,2994
58373,OUTPUT_ACCEPT,3609,-15145
58373,OUTPUT_ACCEPT,3610,5093
58373,OUTPUT_ACCEPT,3611,14453
58373,OUTPUT_ACCEPT,3612,18508
58373,OUTPUT_ACCEPT,3613,30794
58373,OUTPUT_ACCEPT,3614,-23552
58373,OUTPUT_ACCEPT,3615,33213
58373,OUTPUT_ACCEPT,3616,15285
58373,OUTPUT_ACCEPT,3617,-6310
58373,OUTPUT_ACCEPT,3618,25110
58373,OUTPUT_ACCEPT,3619,-8124
58373,OUTPUT_ACCEPT,3620,-2335
58373,OUTPUT_ACCEPT,3621,-30671
58373,OUTPUT_ACCEPT,3622,-19423
58373,OUTPUT_ACCEPT,3623,21170
58373,OUTPUT_ACCEPT,3624,14704
58373,OUTPUT_ACCEPT,3625,-15223
58373,OUTPUT_ACCEPT,3626,-859
58373,OUTPUT_ACCEPT,3627,-30014
58373,OUTPUT_ACCEPT,3628,-23389
58373,OUTPUT_ACCEPT,3629,16300
58373,OUTPUT_ACCEPT,3630,29300
58373,OUTPUT_ACCEPT,3631,6054
58373,OUTPUT_ACCEPT,3632,47571
58373,OUTPUT_ACCEPT,3633,-27814
58373,OUTPUT_ACCEPT,3634,3840
58373,OUTPUT_ACCEPT,3635,18174
58373,OUTPUT_ACCEPT,3636,-24581
58373,OUTPUT_ACCEPT,3637,-9687
58373,OUTPUT_ACCEPT,3638,8336
58373,OUTPUT_ACCEPT,3639,7786
58373,OUTPUT_ACCEPT,3640,28041
58373,OUTPUT_ACCEPT,3641,25674
58373,OUTPUT_ACCEPT,3642,34143
58373,OUTPUT_ACCEPT,3643,-16962
58373,OUTPUT_ACCEPT,3644,-30313
58373,OUTPUT_ACCEPT,3645,-23398
58373,OUTPUT_ACCEPT,3646,-31954
58373,OUTPUT_ACCEPT,3647,4791
59397,OUTPUT_ACCEPT,3648,-13202
59397,OUTPUT_ACCEPT,3649,23623
59397,OUTPUT_ACCEPT,3650,-25966
59397,OUTPUT_ACCEPT,3651,-297
59397,OUTPUT_ACCEPT,3652,-21480
59397,OUTPUT_ACCEPT,3653,-14085
59397,OUTPUT_ACCEPT,3654,-29527
59397,OUTPUT_ACCEPT,3655,-27952
59397,OUTPUT_ACCEPT,3656,28354
59397,OUTPUT_ACCEPT,3657,-6873
59397,OUTPUT_ACCEPT,3658,24949
59397,OUTPUT_ACCEPT,3659,-37
59397,OUTPUT_ACCEPT,3660,-7610
59397,OUTPUT_ACCEPT,3661,29373
59397,OUTPUT_ACCEPT,3662,-11591
59397,OUTPUT_ACCEPT,3663,-3624
59397,OUTPUT_ACCEPT,3664,2631
59397,OUTPUT_ACCEPT,3665,-13411
59397,OUTPUT_ACCEPT,3666,-16647
59397,OUTPUT_ACCEPT,3667,-1256
59397,OUTPUT_ACCEPT,3668,31189
59397,OUTPUT_ACCEPT,3669,-14149
59397,OUTPUT_ACCEPT,3670,-17729
59397,OUTPUT_ACCEPT,3671,28894
59397,OUTPUT_ACCEPT,3672,-23451
59397,OUTPUT_ACCEPT,3673,-12343
59397,OUTPUT_ACCEPT,3674,-18673
59397,OUTPUT_ACCEPT,3675,-1077
59397,OUTPUT_ACCEPT,3676,19586
59397,OUTPUT_ACCEPT,3677,7414
59397,OUTPUT_ACCEPT,3678,22771
59397,OUTPUT_ACCEPT,3679,17770
59397,OUTPUT_ACCEPT,3680,34635
59397,OUTPUT_ACCEPT,3681,-15225
59397,OUTPUT_ACCEPT,3682,18475
59397,OUTPUT_ACCEPT,3683,-34410
59397,OUTPUT_ACCEPT,3684,15586
59397,OUTPUT_ACCEPT,3685,24093
59397,OUTPUT_ACCEPT,3686,-38032
59397,OUTPUT_ACCEPT,3687,-6015
59397,OUTPUT_ACCEPT,3688,39919
59397,OUTPUT_ACCEPT,3689,-38256
59397,OUTPUT_ACCEPT,3690,5793
59397,OUTPUT_ACCEPT,3691,-34692
59397,OUTPUT_ACCEPT,3692,-19036
59397,OUTPUT_ACCEPT,3693,-29471
59397,OUTPUT_ACCEPT,3694,5908
59397,OUTPUT_ACCEPT,3695,34187
59397,OUTPUT_ACCEPT,3696,13588
59397,OUTPUT_ACCEPT,3697,-18479
59397,OUTPUT_ACCEPT,3698,-9704
59397,OUTPUT_ACCEPT,3699,-31709
59397,OUTPUT_ACCEPT,3700,-9988
59397,OUTPUT_ACCEPT,3701,-14979
59397,OUTPUT_ACCEPT,3702,-37047
59397,OUTPUT_ACCEPT,3703,31107
59397,OUTPUT_ACCEPT,3704,21232
59397,OUTPUT_ACCEPT,3705,17961
59397,OUTPUT_ACCEPT,3706,3025
59397,OUTPUT_ACCEPT,3707,-19960
59397,OUTPUT_ACCEPT,3708,-5503
59397,OUTPUT_ACCEPT,3709,36490
59397,OUTPUT_ACCEPT,3710,18910
59397,OUTPUT_ACCEPT,3711,-10331
60421,OUTPUT_ACCEPT,3712,-1485
60421,OUTPUT_ACCEPT,3713,19101
60421,OUTPUT_ACCEPT,3714,9874
60421,OUTPUT_ACCEPT,3715,27109
60421,OUTPUT_ACCEPT,3716,7976
60421,OUTPUT_ACCEPT,3717,20240
60421,OUTPUT_ACCEPT,3718,16295
60421,OUTPUT_ACCEPT,3719,24578
60421,OUTPUT_ACCEPT,3720,27662
60421,OUTPUT_ACCEPT,3721,10547
60421,OUTPUT_ACCEPT,3722,-17196
60421,OUTPUT_ACCEPT,3723,18953
60421,OUTPUT_ACCEPT,3724,8447
60421,OUTPUT_ACCEPT,3725,22560
60421,OUTPUT_ACCEPT,3726,-28734
60421,OUTPUT_ACCEPT,3727,-9018
60421,OUTPUT_ACCEPT,3728,9727
60421,OUTPUT_ACCEPT,3729,4417
60421,OUTPUT_ACCEPT,3730,-9806
60421,OUTPUT_ACCEPT,3731,7032
60421,OUTPUT_ACCEPT,3732,-4171
60421,OUTPUT_ACCEPT,3733,22071
60421,OUTPUT_ACCEPT,3734,5051
60421,OUTPUT_ACCEPT,3735,5266
60421,OUTPUT_ACCEPT,3736,-1357
60421,OUTPUT_ACCEPT,3737,-4487
60421,OUTPUT_ACCEPT,3738,-21080
60421,OUTPUT_ACCEPT,3739,2579
60421,OUTPUT_ACCEPT,3740,31864
60421,OUTPUT_ACCEPT,3741,-115
60421,OUTPUT_ACCEPT,3742,-11810
60421,OUTPUT_ACCEPT,3743,-14243
60421,OUTPUT_ACCEPT,3744,10236
60421,OUTPUT_ACCEPT,3745,36494
60421,OUTPUT_ACCEPT,3746,-6398
60421,OUTPUT_ACCEPT,3747,-8043
60421,OUTPUT_ACCEPT,3748,10998
60421,OUTPUT_ACCEPT,3749,-24191
60421,OUTPUT_ACCEPT,3750,-11757
60421,OUTPUT_ACCEPT,3751,-6710
60421,OUTPUT_ACCEPT,3752,-1840
60421,OUTPUT_ACCEPT,3753,23030
60421,OUTPUT_ACCEPT,3754,6532
60421,OUTPUT_ACCEPT,3755,5033
60421,OUTPUT_ACCEPT,3756,-8321
60421,OUTPUT_ACCEPT,3757,20587
60421,OUTPUT_ACCEPT,3758,16970
60421,OUTPUT_ACCEPT,3759,24189
60421,OUTPUT_ACCEPT,3760,13121
60421,OUTPUT_ACCEPT,3761,2232
60421,OUTPUT_ACCEPT,3762,4489
60421,OUTPUT_ACCEPT,3763,-9590
60421,OUTPUT_ACCEPT,3764,6477
60421,OUTPUT_ACCEPT,3765,-34194
60421,OUTPUT_ACCEPT,3766,-2730
60421,OUTPUT_ACCEPT,3767,-9570
60421,OUTPUT_ACCEPT,3768,543
60421,OUTPUT_ACCEPT,3769,16209
60421,OUTPUT_ACCEPT,3770,1478
60421,OUTPUT_ACCEPT,3771,-841
60421,OUTPUT_ACCEPT,3772,8257
60421,OUTPUT_ACCEPT,3773,1431
60421,OUTPUT_ACCEPT,3774,-16585
60421,OUTPUT_ACCEPT,3775,-35006
61445,OUTPUT_ACCEPT,3776,-9505
61445,OUTPUT_ACCEPT,3777,-14967
61445,OUTPUT_ACCEPT,3778,-18672
61445,OUTPUT_ACCEPT,3779,18858
61445,OUTPUT_ACCEPT,3780,-3628
61445,OUTPUT_ACCEPT,3781,-2590
61445,OUTPUT_ACCEPT,3782,-28889
61445,OUTPUT_ACCEPT,3783,12538
61445,OUTPUT_ACCEPT,3784,28089
61445,OUTPUT_ACCEPT,3785,-2415
61445,OUTPUT_ACCEPT,3786,-10803
61445,OUTPUT_ACCEPT,3787,-12294
61445,OUTPUT_ACCEPT,3788,-13492
61445,OUTPUT_ACCEPT,3789,3163
61445,OUTPUT_ACCEPT,3790,-12012
61445,OUTPUT_ACCEPT,3791,20582
61445,OUTPUT_ACCEPT,3792,5406
61445,OUTPUT_ACCEPT,3793,-31762
61445,OUTPUT_ACCEPT,3794,21306
61445,OUTPUT_ACCEPT,3795,-12017
61445,OUTPUT_ACCEPT,3796,3092
61445,OUTPUT_ACCEPT,3797,26139
61445,OUTPUT_ACCEPT,3798,4200
61445,OUTPUT_ACCEPT,3799,-2244
61445,OUTPUT_ACCEPT,3800,-28374
61445,OUTPUT_ACCEPT,3801,16023
61445,OUTPUT_ACCEPT,3802,14303
61445,OUTPUT_ACCEPT,3803,28587
61445,OUTPUT_ACCEPT,3804,-4489
61445,OUTPUT_ACCEPT,3805,4173
61445,OUTPUT_ACCEPT,3806,-5998
61445,OUTPUT_ACCEPT,3807,304
61445,OUTPUT_ACCEPT,3808,-3583
61445,OUTPUT_ACCEPT,3809,23504
61445,OUTPUT_ACCEPT,3810,-6365
61445,OUTPUT_ACCEPT,3811,-8262
61445,OUTPUT_ACCEPT,3812,6999
61445,OUTPUT_ACCEPT,3813,-11448
61445,OUTPUT_ACCEPT,3814,-4960
61445,OUTPUT_ACCEPT,3815,-4583
61445,OUTPUT_ACCEPT,3816,-7017
61445,OUTPUT_ACCEPT,3817,25109
61445,OUTPUT_ACCEPT,3818,5495
61445,OUTPUT_ACCEPT,3819,10333
61445,OUTPUT_ACCEPT,3820,5325
61445,OUTPUT_ACCEPT,3821,-19775
61445,OUTPUT_ACCEPT,3822,-23341
61445,OUTPUT_ACCEPT,3823,22265
61445,OUTPUT_ACCEPT,3824,-25572
61445,OUTPUT_ACCEPT,3825,15245
61445,OUTPUT_ACCEPT,3826,-34782
61445,OUTPUT_ACCEPT,3827,12324
61445,OUTPUT_ACCEPT,3828,-128
61445,OUTPUT_ACCEPT,3829,-3033
61445,OUTPUT_ACCEPT,3830,22433
61445,OUTPUT_ACCEPT,3831,12303
61445,OUTPUT_ACCEPT,3832,17328
61445,OUTPUT_ACCEPT,3833,27025
61445,OUTPUT_ACCEPT,3834,11134
61445,OUTPUT_ACCEPT,3835,-24469
61445,OUTPUT_ACCEPT,3836,2559
61445,OUTPUT_ACCEPT,3837,-586
61445,OUTPUT_ACCEPT,3838,-22236
61445,OUTPUT_ACCEPT,3839,11816
62469,OUTPUT_ACCEPT,3840,31954
62469,OUTPUT_ACCEPT,3841,2035
62469,OUTPUT_ACCEPT,3842,17141
62469,OUTPUT_ACCEPT,3843,-13958
62469,OUTPUT_ACCEPT,3844,14838
62469,OUTPUT_ACCEPT,3845,-15199
62469,OUTPUT_ACCEPT,3846,-11701
62469,OUTPUT_ACCEPT,3847,6989
62469,OUTPUT_ACCEPT,3848,-22425
62469,OUTPUT_ACCEPT,3849,11998
62469,OUTPUT_ACCEPT,3850,-19689
62469,OUTPUT_ACCEPT,3851,25423
62469,OUTPUT_ACCEPT,3852,21364
62469,OUTPUT_ACCEPT,3853,-16156
62469,OUTPUT_ACCEPT,3854,4774
62469,OUTPUT_ACCEPT,3855,-20675
62469,OUTPUT_ACCEPT,3856,15198
62469,OUTPUT_ACCEPT,3857,20513
62469,OUTPUT_ACCEPT,3858,24463
62469,OUTPUT_ACCEPT,3859,5524
62469,OUTPUT_ACCEPT,3860,5035
62469,OUTPUT_ACCEPT,3861,-22825
62469,OUTPUT_ACCEPT,3862,20626
62469,OUTPUT_ACCEPT,3863,-39069
62469,OUTPUT_ACCEPT,3864,-40720
62469,OUTPUT_ACCEPT,3865,-15979
62469,OUTPUT_ACCEPT,3866,-42337
62469,OUTPUT_ACCEPT,3867,-2922
62469,OUTPUT_ACCEPT,3868,15908
62469,OUTPUT_ACCEPT,3869,-24025
62469,OUTPUT_ACCEPT,3870,30647
62469,OUTPUT_ACCEPT,3871,43516
62469,OUTPUT_ACCEPT,3872,8042
62469,OUTPUT_ACCEPT,3873,38902
62469,OUTPUT_ACCEPT,3874,18668
62469,OUTPUT_ACCEPT,3875,31815
62469,OUTPUT_ACCEPT,3876,2632
62469,OUTPUT_ACCEPT,3877,45748
62469,OUTPUT_ACCEPT,3878,-24180
62469,OUTPUT_ACCEPT,3879,44955
62469,OUTPUT_ACCEPT,3880,-40596
62469,OUTPUT_ACCEPT,3881,39941
62469,OUTPUT_ACCEPT,3882,-34178
62469,OUTPUT_ACCEPT,3883,-40302
62469,OUTPUT_ACCEPT,3884,14611
62469,OUTPUT_ACCEPT,3885,18900
62469,OUTPUT_ACCEPT,3886,28819
62469,OUTPUT_ACCEPT,3887,17155
62469,OUTPUT_ACCEPT,3888,-44605
62469,OUTPUT_ACCEPT,3889,11614
62469,OUTPUT_ACCEPT,3890,-21249
62469,OUTPUT_ACCEPT,3891,-21333
62469,OUTPUT_ACCEPT,3892,29687
62469,OUTPUT_ACCEPT,3893,13292
62469,OUTPUT_ACCEPT,3894,-14721
62469,OUTPUT_ACCEPT,3895,13206
62469,OUTPUT_ACCEPT,3896,28597
62469,OUTPUT_ACCEPT,3897,-18555
62469,OUTPUT_ACCEPT,3898,-5315
62469,OUTPUT_ACCEPT,3899,-13018
62469,OUTPUT_ACCEPT,3900,23164
62469,OUTPUT_ACCEPT,3901,18615
62469,OUTPUT_ACCEPT,3902,-31296
62469,OUTPUT_ACCEPT,3903,25769
63493,OUTPUT_ACCEPT,3904,1925
63493,OUTPUT_ACCEPT,3905,-22618
63493,OUTPUT_ACCEPT,3906,-142
63493,OUTPUT_ACCEPT,3907,24510
63493,OUTPUT_ACCEPT,3908,-20240
63493,OUTPUT_ACCEPT,3909,27041
63493,OUTPUT_ACCEPT,3910,15893
63493,OUTPUT_ACCEPT,3911,-5885
63493,OUTPUT_ACCEPT,3912,-19711
63493,OUTPUT_ACCEPT,3913,9289
63493,OUTPUT_ACCEPT,3914,24374
63493,OUTPUT_ACCEPT,3915,-18860
63493,OUTPUT_ACCEPT,3916,-10518
63493,OUTPUT_ACCEPT,3917,-17603
63493,OUTPUT_ACCEPT,3918,23180
63493,OUTPUT_ACCEPT,3919,-24694
63493,OUTPUT_ACCEPT,3920,16054
63493,OUTPUT_ACCEPT,3921,24728
63493,OUTPUT_ACCEPT,3922,-5568
63493,OUTPUT_ACCEPT,3923,24713
63493,OUTPUT_ACCEPT,3924,-2561
63493,OUTPUT_ACCEPT,3925,1009
63493,OUTPUT_ACCEPT,3926,31679
63493,OUTPUT_ACCEPT,3927,-29548
63493,OUTPUT_ACCEPT,3928,39042
63493,OUTPUT_ACCEPT,3929,37090
63493,OUTPUT_ACCEPT,3930,23674
63493,OUTPUT_ACCEPT,3931,-38918
63493,OUTPUT_ACCEPT,3932,-1669
63493,OUTPUT_ACCEPT,3933,46043
63493,OUTPUT_ACCEPT,3934,32387
63493,OUTPUT_ACCEPT,3935,8482
63493,OUTPUT_ACCEPT,3936,7062
63493,OUTPUT_ACCEPT,3937,-23344
63493,OUTPUT_ACCEPT,3938,-1420
63493,OUTPUT_ACCEPT,3939,22443
63493,OUTPUT_ACCEPT,3940,-24014
63493,OUTPUT_ACCEPT,3941,40787
63493,OUTPUT_ACCEPT,3942,1118
63493,OUTPUT_ACCEPT,3943,10205
63493,OUTPUT_ACCEPT,3944,-36338
63493,OUTPUT_ACCEPT,3945,-36066
63493,OUTPUT_ACCEPT,3946,-21833
63493,OUTPUT_ACCEPT,3947,-33300
63493,OUTPUT_ACCEPT,3948,33318
63493,OUTPUT_ACCEPT,3949,15038
63493,OUTPUT_ACCEPT,3950,-17876
63493,OUTPUT_ACCEPT,3951,17901
63493,OUTPUT_ACCEPT,3952,10862
63493,OUTPUT_ACCEPT,3953,-34653
63493,OUTPUT_ACCEPT,3954,-13557
63493,OUTPUT_ACCEPT,3955,33822
63493,OUTPUT_ACCEPT,3956,-8001
63493,OUTPUT_ACCEPT,3957,-31745
63493,OUTPUT_ACCEPT,3958,19446
63493,OUTPUT_ACCEPT,3959,-30719
63493,OUTPUT_ACCEPT,3960,-23635
63493,OUTPUT_ACCEPT,3961,15501
63493,OUTPUT_ACCEPT,3962,23369
63493,OUTPUT_ACCEPT,3963,-3087
63493,OUTPUT_ACCEPT,3964,30859
63493,OUTPUT_ACCEPT,3965,-18501
63493,OUTPUT_ACCEPT,3966,31811
63493,OUTPUT_ACCEPT,3967,17321
64517,OUTPUT_ACCEPT,3968,28351
64517,OUTPUT_ACCEPT,3969,40543
64517,OUTPUT_ACCEPT,3970,-11754
64517,OUTPUT_ACCEPT,3971,-20746
64517,OUTPUT_ACCEPT,3972,-27548
64517,OUTPUT_ACCEPT,3973,-28954
64517,OUTPUT_ACCEPT,3974,28645
64517,OUTPUT_ACCEPT,3975,-31863
64517,OUTPUT_ACCEPT,3976,-3793
64517,OUTPUT_ACCEPT,3977,28145
64517,OUTPUT_ACCEPT,3978,29062
64517,OUTPUT_ACCEPT,3979,-25199
64517,OUTPUT_ACCEPT,3980,31357
64517,OUTPUT_ACCEPT,3981,-29959
64517,OUTPUT_ACCEPT,3982,-34545
64517,OUTPUT_ACCEPT,3983,36254
64517,OUTPUT_ACCEPT,3984,17453
64517,OUTPUT_ACCEPT,3985,-31694
64517,OUTPUT_ACCEPT,3986,28587
64517,OUTPUT_ACCEPT,3987,30575
64517,OUTPUT_ACCEPT,3988,-35645
64517,OUTPUT_ACCEPT,3989,-27674
64517,OUTPUT_ACCEPT,3990,-31653
64517,OUTPUT_ACCEPT,3991,-29216
64517,OUTPUT_ACCEPT,3992,-27616
64517,OUTPUT_ACCEPT,3993,9662
64517,OUTPUT_ACCEPT,3994,-32919
64517,OUTPUT_ACCEPT,3995,-25067
64517,OUTPUT_ACCEPT,3996,-30537
64517,OUTPUT_ACCEPT,3997,-25818
64517,OUTPUT_ACCEPT,3998,-38735
64517,OUTPUT_ACCEPT,3999,-29096
64517,OUTPUT_ACCEPT,4000,-38030
64517,OUTPUT_ACCEPT,4001,-26952
64517,OUTPUT_ACCEPT,4002,11766
64517,OUTPUT_ACCEPT,4003,21185
64517,OUTPUT_ACCEPT,4004,19956
64517,OUTPUT_ACCEPT,4005,10294
64517,OUTPUT_ACCEPT,4006,19187
64517,OUTPUT_ACCEPT,4007,21878
64517,OUTPUT_ACCEPT,4008,-2778
64517,OUTPUT_ACCEPT,4009,28654
64517,OUTPUT_ACCEPT,4010,-4927
64517,OUTPUT_ACCEPT,4011,-28655
64517,OUTPUT_ACCEPT,4012,-16059
64517,OUTPUT_ACCEPT,4013,29418
64517,OUTPUT_ACCEPT,4014,-27830
64517,OUTPUT_ACCEPT,4015,28828
64517,OUTPUT_ACCEPT,4016,30231
64517,OUTPUT_ACCEPT,4017,30729
64517,OUTPUT_ACCEPT,4018,30628
64517,OUTPUT_ACCEPT,4019,-9865
64517,OUTPUT_ACCEPT,4020,-16438
64517,OUTPUT_ACCEPT,4021,33946
64517,OUTPUT_ACCEPT,4022,3223
64517,OUTPUT_ACCEPT,4023,28968
64517,OUTPUT_ACCEPT,4024,-33726
64517,OUTPUT_ACCEPT,4025,24781
64517,OUTPUT_ACCEPT,4026,32414
64517,OUTPUT_ACCEPT,4027,-4218
64517,OUTPUT_ACCEPT,4028,-33330
64517,OUTPUT_ACCEPT,4029,30528
64517,OUTPUT_ACCEPT,4030,30238
64517,OUTPUT_ACCEPT,4031,30393
65541,OUTPUT_ACCEPT,4032,-29769
65541,OUTPUT_ACCEPT,4033,28100
65541,OUTPUT_ACCEPT,4034,28837
65541,OUTPUT_ACCEPT,4035,-25506
65541,OUTPUT_ACCEPT,4036,-34251
65541,OUTPUT_ACCEPT,4037,14843
65541,OUTPUT_ACCEPT,4038,-29278
65541,OUTPUT_ACCEPT,4039,13691
65541,OUTPUT_ACCEPT,4040,23602
65541,OUTPUT_ACCEPT,4041,31241
65541,OUTPUT_ACCEPT,4042,-21702
65541,OUTPUT_ACCEPT,4043,-31707
65541,OUTPUT_ACCEPT,4044,-28490
65541,OUTPUT_ACCEPT,4045,30106
65541,OUTPUT_ACCEPT,4046,33076
65541,OUTPUT_ACCEPT,4047,-28001
65541,OUTPUT_ACCEPT,4048,6286
65541,OUTPUT_ACCEPT,4049,-28096
65541,OUTPUT_ACCEPT,4050,-31807
65541,OUTPUT_ACCEPT,4051,-27302
65541,OUTPUT_ACCEPT,4052,-25146
65541,OUTPUT_ACCEPT,4053,-34762
65541,OUTPUT_ACCEPT,4054,-28635
65541,OUTPUT_ACCEPT,4055,32799
65541,OUTPUT_ACCEPT,4056,-36815
65541,OUTPUT_ACCEPT,4057,-25243
65541,OUTPUT_ACCEPT,4058,34262
65541,OUTPUT_ACCEPT,4059,33931
65541,OUTPUT_ACCEPT,4060,1210
65541,OUTPUT_ACCEPT,4061,-32269
65541,OUTPUT_ACCEPT,4062,-30086
65541,OUTPUT_ACCEPT,4063,-29384
65541,OUTPUT_ACCEPT,4064,25897
65541,OUTPUT_ACCEPT,4065,15311
65541,OUTPUT_ACCEPT,4066,28772
65541,OUTPUT_ACCEPT,4067,-37127
65541,OUTPUT_ACCEPT,4068,-27775
65541,OUTPUT_ACCEPT,4069,-23385
65541,OUTPUT_ACCEPT,4070,34178
65541,OUTPUT_ACCEPT,4071,-37316
65541,OUTPUT_ACCEPT,4072,-25941
65541,OUTPUT_ACCEPT,4073,19708
65541,OUTPUT_ACCEPT,4074,30033
65541,OUTPUT_ACCEPT,4075,28621
65541,OUTPUT_ACCEPT,4076,-45240
65541,OUTPUT_ACCEPT,4077,3848
65541,OUTPUT_ACCEPT,4078,-35279
65541,OUTPUT_ACCEPT,4079,-14225
65541,OUTPUT_ACCEPT,4080,-17174
65541,OUTPUT_ACCEPT,4081,33664
65541,OUTPUT_ACCEPT,4082,-25703
65541,OUTPUT_ACCEPT,4083,36855
65541,OUTPUT_ACCEPT,4084,-15548
65541,OUTPUT_ACCEPT,4085,-24215
65541,OUTPUT_ACCEPT,4086,2933
65541,OUTPUT_ACCEPT,4087,-32965
65541,OUTPUT_ACCEPT,4088,29567
65541,OUTPUT_ACCEPT,4089,30354
65541,OUTPUT_ACCEPT,4090,22015
65541,OUTPUT_ACCEPT,4091,34464
65541,OUTPUT_ACCEPT,4092,-28566
65541,OUTPUT_ACCEPT,4093,26711
65541,OUTPUT_ACCEPT,4094,29988
65541,OUTPUT_ACCEPT,4095,-2132
