TRACE 1029 OUTPUT_ACCEPT 0 30131
TRACE 1029 OUTPUT_ACCEPT 1 31642
TRACE 1029 OUTPUT_ACCEPT 2 -30389
TRACE 1029 OUTPUT_ACCEPT 3 -30319
TRACE 1029 OUTPUT_ACCEPT 4 27184
TRACE 1029 OUTPUT_ACCEPT 5 30418
TRACE 1029 OUTPUT_ACCEPT 6 3989
TRACE 1029 OUTPUT_ACCEPT 7 -26719
TRACE 1029 OUTPUT_ACCEPT 8 -28097
TRACE 1029 OUTPUT_ACCEPT 9 -32374
TRACE 1029 OUTPUT_ACCEPT 10 -29303
TRACE 1029 OUTPUT_ACCEPT 11 30867
TRACE 1029 OUTPUT_ACCEPT 12 -29800
TRACE 1029 OUTPUT_ACCEPT 13 -32263
TRACE 1029 OUTPUT_ACCEPT 14 -33601
TRACE 1029 OUTPUT_ACCEPT 15 29491
TRACE 1029 OUTPUT_ACCEPT 16 -30503
TRACE 1029 OUTPUT_ACCEPT 17 -30259
TRACE 1029 OUTPUT_ACCEPT 18 3535
TRACE 1029 OUTPUT_ACCEPT 19 29603
TRACE 1029 OUTPUT_ACCEPT 20 -34930
TRACE 1029 OUTPUT_ACCEPT 21 30366
TRACE 1029 OUTPUT_ACCEPT 22 30522
TRACE 1029 OUTPUT_ACCEPT 23 -33622
TRACE 1029 OUTPUT_ACCEPT 24 -140
TRACE 1029 OUTPUT_ACCEPT 25 -26432
TRACE 1029 OUTPUT_ACCEPT 26 34183
TRACE 1029 OUTPUT_ACCEPT 27 35824
TRACE 1029 OUTPUT_ACCEPT 28 -21283
TRACE 1029 OUTPUT_ACCEPT 29 32548
TRACE 1029 OUTPUT_ACCEPT 30 -33172
TRACE 1029 OUTPUT_ACCEPT 31 -28342
TRACE 1029 OUTPUT_ACCEPT 32 33534
TRACE 1029 OUTPUT_ACCEPT 33 27962
TRACE 1029 OUTPUT_ACCEPT 34 -25876
TRACE 1029 OUTPUT_ACCEPT 35 38364
TRACE 1029 OUTPUT_ACCEPT 36 -21444
TRACE 1029 OUTPUT_ACCEPT 37 25845
TRACE 1029 OUTPUT_ACCEPT 38 -31448
TRACE 1029 OUTPUT_ACCEPT 39 -13594
TRACE 1029 OUTPUT_ACCEPT 40 -27556
TRACE 1029 OUTPUT_ACCEPT 41 24348
TRACE 1029 OUTPUT_ACCEPT 42 -14525
TRACE 1029 OUTPUT_ACCEPT 43 32579
TRACE 1029 OUTPUT_ACCEPT 44 31699
TRACE 1029 OUTPUT_ACCEPT 45 -31524
TRACE 1029 OUTPUT_ACCEPT 46 -5717
TRACE 1029 OUTPUT_ACCEPT 47 -14408
TRACE 1029 OUTPUT_ACCEPT 48 -30868
TRACE 1029 OUTPUT_ACCEPT 49 -29544
TRACE 1029 OUTPUT_ACCEPT 50 30372
TRACE 1029 OUTPUT_ACCEPT 51 29631
TRACE 1029 OUTPUT_ACCEPT 52 16662
TRACE 1029 OUTPUT_ACCEPT 53 -34156
TRACE 1029 OUTPUT_ACCEPT 54 30453
TRACE 1029 OUTPUT_ACCEPT 55 27902
TRACE 1029 OUTPUT_ACCEPT 56 31705
TRACE 1029 OUTPUT_ACCEPT 57 20532
TRACE 1029 OUTPUT_ACCEPT 58 30519
TRACE 1029 OUTPUT_ACCEPT 59 25559
TRACE 1029 OUTPUT_ACCEPT 60 -21753
TRACE 1029 OUTPUT_ACCEPT 61 -33950
TRACE 1029 OUTPUT_ACCEPT 62 -30802
TRACE 1029 OUTPUT_ACCEPT 63 -29299
TRACE 2053 OUTPUT_ACCEPT 64 -14737
TRACE 2053 OUTPUT_ACCEPT 65 14028
TRACE 2053 OUTPUT_ACCEPT 66 27065
TRACE 2053 OUTPUT_ACCEPT 67 -30587
TRACE 2053 OUTPUT_ACCEPT 68 -30746
TRACE 2053 OUTPUT_ACCEPT 69 -34464
TRACE 2053 OUTPUT_ACCEPT 70 -28888
TRACE 2053 OUTPUT_ACCEPT 71 3386
TRACE 2053 OUTPUT_ACCEPT 72 27406
TRACE 2053 OUTPUT_ACCEPT 73 33785
TRACE 2053 OUTPUT_ACCEPT 74 28382
TRACE 2053 OUTPUT_ACCEPT 75 -32966
TRACE 2053 OUTPUT_ACCEPT 76 -34531
TRACE 2053 OUTPUT_ACCEPT 77 28892
TRACE 2053 OUTPUT_ACCEPT 78 -30878
TRACE 2053 OUTPUT_ACCEPT 79 -36546
TRACE 2053 OUTPUT_ACCEPT 80 -31434
TRACE 2053 OUTPUT_ACCEPT 81 30416
TRACE 2053 OUTPUT_ACCEPT 82 33415
TRACE 2053 OUTPUT_ACCEPT 83 -20958
TRACE 2053 OUTPUT_ACCEPT 84 38639
TRACE 2053 OUTPUT_ACCEPT 85 -33001
TRACE 2053 OUTPUT_ACCEPT 86 -25049
TRACE 2053 OUTPUT_ACCEPT 87 -25212
TRACE 2053 OUTPUT_ACCEPT 88 -34073
TRACE 2053 OUTPUT_ACCEPT 89 17520
TRACE 2053 OUTPUT_ACCEPT 90 -34595
TRACE 2053 OUTPUT_ACCEPT 91 36694
TRACE 2053 OUTPUT_ACCEPT 92 25263
TRACE 2053 OUTPUT_ACCEPT 93 37007
TRACE 2053 OUTPUT_ACCEPT 94 40834
TRACE 2053 OUTPUT_ACCEPT 95 -32584
TRACE 2053 OUTPUT_ACCEPT 96 32368
TRACE 2053 OUTPUT_ACCEPT 97 25497
TRACE 2053 OUTPUT_ACCEPT 98 -33642
TRACE 2053 OUTPUT_ACCEPT 99 24818
TRACE 2053 OUTPUT_ACCEPT 100 -21208
TRACE 2053 OUTPUT_ACCEPT 101 35396
TRACE 2053 OUTPUT_ACCEPT 102 21989
TRACE 2053 OUTPUT_ACCEPT 103 3038
TRACE 2053 OUTPUT_ACCEPT 104 24450
TRACE 2053 OUTPUT_ACCEPT 105 -6171
TRACE 2053 OUTPUT_ACCEPT 106 -25515
TRACE 2053 OUTPUT_ACCEPT 107 -21167
TRACE 2053 OUTPUT_ACCEPT 108 -32296
TRACE 2053 OUTPUT_ACCEPT 109 -32177
TRACE 2053 OUTPUT_ACCEPT 110 32325
TRACE 2053 OUTPUT_ACCEPT 111 35295
TRACE 2053 OUTPUT_ACCEPT 112 31103
TRACE 2053 OUTPUT_ACCEPT 113 32180
TRACE 2053 OUTPUT_ACCEPT 114 -27849
TRACE 2053 OUTPUT_ACCEPT 115 -27752
TRACE 2053 OUTPUT_ACCEPT 116 -30339
TRACE 2053 OUTPUT_ACCEPT 117 -20599
TRACE 2053 OUTPUT_ACCEPT 118 -26926
TRACE 2053 OUTPUT_ACCEPT 119 29218
TRACE 2053 OUTPUT_ACCEPT 120 -25023
TRACE 2053 OUTPUT_ACCEPT 121 -28539
TRACE 2053 OUTPUT_ACCEPT 122 30551
TRACE 2053 OUTPUT_ACCEPT 123 -22712
TRACE 2053 OUTPUT_ACCEPT 124 -27076
TRACE 2053 OUTPUT_ACCEPT 125 27929
TRACE 2053 OUTPUT_ACCEPT 126 42517
TRACE 2053 OUTPUT_ACCEPT 127 -21966
TRACE 3077 OUTPUT_ACCEPT 128 -30189
TRACE 3077 OUTPUT_ACCEPT 129 27435
TRACE 3077 OUTPUT_ACCEPT 130 -27179
TRACE 3077 OUTPUT_ACCEPT 131 -37422
TRACE 3077 OUTPUT_ACCEPT 132 -18007
TRACE 3077 OUTPUT_ACCEPT 133 -12078
TRACE 3077 OUTPUT_ACCEPT 134 -8365
TRACE 3077 OUTPUT_ACCEPT 135 -20234
TRACE 3077 OUTPUT_ACCEPT 136 27301
TRACE 3077 OUTPUT_ACCEPT 137 -29224
TRACE 3077 OUTPUT_ACCEPT 138 -27090
TRACE 3077 OUTPUT_ACCEPT 139 -27147
TRACE 3077 OUTPUT_ACCEPT 140 30256
TRACE 3077 OUTPUT_ACCEPT 141 30239
TRACE 3077 OUTPUT_ACCEPT 142 29836
TRACE 3077 OUTPUT_ACCEPT 143 29926
TRACE 3077 OUTPUT_ACCEPT 144 -33738
TRACE 3077 OUTPUT_ACCEPT 145 31740
TRACE 3077 OUTPUT_ACCEPT 146 30621
TRACE 3077 OUTPUT_ACCEPT 147 -30993
TRACE 3077 OUTPUT_ACCEPT 148 31431
TRACE 3077 OUTPUT_ACCEPT 149 -30934
TRACE 3077 OUTPUT_ACCEPT 150 -36365
TRACE 3077 OUTPUT_ACCEPT 151 28857
TRACE 3077 OUTPUT_ACCEPT 152 -29152
TRACE 3077 OUTPUT_ACCEPT 153 35552
TRACE 3077 OUTPUT_ACCEPT 154 -29085
TRACE 3077 OUTPUT_ACCEPT 155 -32841
TRACE 3077 OUTPUT_ACCEPT 156 24380
TRACE 3077 OUTPUT_ACCEPT 157 -33697
TRACE 3077 OUTPUT_ACCEPT 158 20957
TRACE 3077 OUTPUT_ACCEPT 159 -12878
TRACE 3077 OUTPUT_ACCEPT 160 27341
TRACE 3077 OUTPUT_ACCEPT 161 34852
TRACE 3077 OUTPUT_ACCEPT 162 -32733
TRACE 3077 OUTPUT_ACCEPT 163 35120
TRACE 3077 OUTPUT_ACCEPT 164 25078
TRACE 3077 OUTPUT_ACCEPT 165 32850
TRACE 3077 OUTPUT_ACCEPT 166 -32623
TRACE 3077 OUTPUT_ACCEPT 167 31343
TRACE 3077 OUTPUT_ACCEPT 168 3862
TRACE 3077 OUTPUT_ACCEPT 169 -9169
TRACE 3077 OUTPUT_ACCEPT 170 -1985
TRACE 3077 OUTPUT_ACCEPT 171 20440
TRACE 3077 OUTPUT_ACCEPT 172 25797
TRACE 3077 OUTPUT_ACCEPT 173 -32865
TRACE 3077 OUTPUT_ACCEPT 174 34310
TRACE 3077 OUTPUT_ACCEPT 175 -30074
TRACE 3077 OUTPUT_ACCEPT 176 -34364
TRACE 3077 OUTPUT_ACCEPT 177 31692
TRACE 3077 OUTPUT_ACCEPT 178 -986
TRACE 3077 OUTPUT_ACCEPT 179 -27962
TRACE 3077 OUTPUT_ACCEPT 180 21044
TRACE 3077 OUTPUT_ACCEPT 181 -8809
TRACE 3077 OUTPUT_ACCEPT 182 30814
TRACE 3077 OUTPUT_ACCEPT 183 -17719
TRACE 3077 OUTPUT_ACCEPT 184 -23896
TRACE 3077 OUTPUT_ACCEPT 185 -27457
TRACE 3077 OUTPUT_ACCEPT 186 13708
TRACE 3077 OUTPUT_ACCEPT 187 -28689
TRACE 3077 OUTPUT_ACCEPT 188 30633
TRACE 3077 OUTPUT_ACCEPT 189 -31775
TRACE 3077 OUTPUT_ACCEPT 190 17464
TRACE 3077 OUTPUT_ACCEPT 191 11392
TRACE 4101 OUTPUT_ACCEPT 192 33170
TRACE 4101 OUTPUT_ACCEPT 193 -34228
TRACE 4101 OUTPUT_ACCEPT 194 17358
TRACE 4101 OUTPUT_ACCEPT 195 -21275
TRACE 4101 OUTPUT_ACCEPT 196 -29948
TRACE 4101 OUTPUT_ACCEPT 197 33000
TRACE 4101 OUTPUT_ACCEPT 198 33461
TRACE 4101 OUTPUT_ACCEPT 199 -27413
TRACE 4101 OUTPUT_ACCEPT 200 -38666
TRACE 4101 OUTPUT_ACCEPT 201 18896
TRACE 4101 OUTPUT_ACCEPT 202 32674
TRACE 4101 OUTPUT_ACCEPT 203 32950
TRACE 4101 OUTPUT_ACCEPT 204 28637
TRACE 4101 OUTPUT_ACCEPT 205 31942
TRACE 4101 OUTPUT_ACCEPT 206 -30716
TRACE 4101 OUTPUT_ACCEPT 207 -35977
TRACE 4101 OUTPUT_ACCEPT 208 -30198
TRACE 4101 OUTPUT_ACCEPT 209 31246
TRACE 4101 OUTPUT_ACCEPT 210 -29098
TRACE 4101 OUTPUT_ACCEPT 211 28278
TRACE 4101 OUTPUT_ACCEPT 212 -35128
TRACE 4101 OUTPUT_ACCEPT 213 21876
TRACE 4101 OUTPUT_ACCEPT 214 -32869
TRACE 4101 OUTPUT_ACCEPT 215 32264
TRACE 4101 OUTPUT_ACCEPT 216 -31279
TRACE 4101 OUTPUT_ACCEPT 217 32511
TRACE 4101 OUTPUT_ACCEPT 218 22461
TRACE 4101 OUTPUT_ACCEPT 219 34984
TRACE 4101 OUTPUT_ACCEPT 220 30489
TRACE 4101 OUTPUT_ACCEPT 221 39987
TRACE 4101 OUTPUT_ACCEPT 222 39700
TRACE 4101 OUTPUT_ACCEPT 223 -41279
TRACE 4101 OUTPUT_ACCEPT 224 34095
TRACE 4101 OUTPUT_ACCEPT 225 -29444
TRACE 4101 OUTPUT_ACCEPT 226 18456
TRACE 4101 OUTPUT_ACCEPT 227 31441
TRACE 4101 OUTPUT_ACCEPT 228 -25188
TRACE 4101 OUTPUT_ACCEPT 229 -29243
TRACE 4101 OUTPUT_ACCEPT 230 32458
TRACE 4101 OUTPUT_ACCEPT 231 -9498
TRACE 4101 OUTPUT_ACCEPT 232 -17132
TRACE 4101 OUTPUT_ACCEPT 233 -11663
TRACE 4101 OUTPUT_ACCEPT 234 -9207
TRACE 4101 OUTPUT_ACCEPT 235 -24
TRACE 4101 OUTPUT_ACCEPT 236 30905
TRACE 4101 OUTPUT_ACCEPT 237 26438
TRACE 4101 OUTPUT_ACCEPT 238 29859
TRACE 4101 OUTPUT_ACCEPT 239 33304
TRACE 4101 OUTPUT_ACCEPT 240 -33140
TRACE 4101 OUTPUT_ACCEPT 241 36611
TRACE 4101 OUTPUT_ACCEPT 242 36463
TRACE 4101 OUTPUT_ACCEPT 243 -27810
TRACE 4101 OUTPUT_ACCEPT 244 -29317
TRACE 4101 OUTPUT_ACCEPT 245 24846
TRACE 4101 OUTPUT_ACCEPT 246 -19113
TRACE 4101 OUTPUT_ACCEPT 247 -15252
TRACE 4101 OUTPUT_ACCEPT 248 -23455
TRACE 4101 OUTPUT_ACCEPT 249 -26680
TRACE 4101 OUTPUT_ACCEPT 250 -30411
TRACE 4101 OUTPUT_ACCEPT 251 -30999
TRACE 4101 OUTPUT_ACCEPT 252 -32173
TRACE 4101 OUTPUT_ACCEPT 253 -15284
TRACE 4101 OUTPUT_ACCEPT 254 -29496
TRACE 4101 OUTPUT_ACCEPT 255 -29058
TRACE 5125 OUTPUT_ACCEPT 256 33081
TRACE 5125 OUTPUT_ACCEPT 257 -31058
TRACE 5125 OUTPUT_ACCEPT 258 -1190
TRACE 5125 OUTPUT_ACCEPT 259 -28743
TRACE 5125 OUTPUT_ACCEPT 260 39051
TRACE 5125 OUTPUT_ACCEPT 261 -21352
TRACE 5125 OUTPUT_ACCEPT 262 -32478
TRACE 5125 OUTPUT_ACCEPT 263 -7109
TRACE 5125 OUTPUT_ACCEPT 264 -17811
TRACE 5125 OUTPUT_ACCEPT 265 23349
TRACE 5125 OUTPUT_ACCEPT 266 3556
TRACE 5125 OUTPUT_ACCEPT 267 -31013
TRACE 5125 OUTPUT_ACCEPT 268 -40629
TRACE 5125 OUTPUT_ACCEPT 269 28152
TRACE 5125 OUTPUT_ACCEPT 270 9078
TRACE 5125 OUTPUT_ACCEPT 271 -6440
TRACE 5125 OUTPUT_ACCEPT 272 7826
TRACE 5125 OUTPUT_ACCEPT 273 7070
TRACE 5125 OUTPUT_ACCEPT 274 7099
TRACE 5125 OUTPUT_ACCEPT 275 6799
TRACE 5125 OUTPUT_ACCEPT 276 -23454
TRACE 5125 OUTPUT_ACCEPT 277 26161
TRACE 5125 OUTPUT_ACCEPT 278 33795
TRACE 5125 OUTPUT_ACCEPT 279 -12559
TRACE 5125 OUTPUT_ACCEPT 280 13901
TRACE 5125 OUTPUT_ACCEPT 281 -46740
TRACE 5125 OUTPUT_ACCEPT 282 -93
TRACE 5125 OUTPUT_ACCEPT 283 21888
TRACE 5125 OUTPUT_ACCEPT 284 -9644
TRACE 5125 OUTPUT_ACCEPT 285 -18018
TRACE 5125 OUTPUT_ACCEPT 286 -3793
TRACE 5125 OUTPUT_ACCEPT 287 -1044
TRACE 5125 OUTPUT_ACCEPT 288 -6435
TRACE 5125 OUTPUT_ACCEPT 289 16178
TRACE 5125 OUTPUT_ACCEPT 290 23066
TRACE 5125 OUTPUT_ACCEPT 291 30475
TRACE 5125 OUTPUT_ACCEPT 292 8362
TRACE 5125 OUTPUT_ACCEPT 293 -28197
TRACE 5125 OUTPUT_ACCEPT 294 16845
TRACE 5125 OUTPUT_ACCEPT 295 22844
TRACE 5125 OUTPUT_ACCEPT 296 5284
TRACE 5125 OUTPUT_ACCEPT 297 -11063
TRACE 5125 OUTPUT_ACCEPT 298 -12630
TRACE 5125 OUTPUT_ACCEPT 299 -3502
TRACE 5125 OUTPUT_ACCEPT 300 -90
TRACE 5125 OUTPUT_ACCEPT 301 415
TRACE 5125 OUTPUT_ACCEPT 302 -20301
TRACE 5125 OUTPUT_ACCEPT 303 -22715
TRACE 5125 OUTPUT_ACCEPT 304 9476
TRACE 5125 OUTPUT_ACCEPT 305 -23585
TRACE 5125 OUTPUT_ACCEPT 306 15342
TRACE 5125 OUTPUT_ACCEPT 307 15023
TRACE 5125 OUTPUT_ACCEPT 308 42246
TRACE 5125 OUTPUT_ACCEPT 309 -32865
TRACE 5125 OUTPUT_ACCEPT 310 -38986
TRACE 5125 OUTPUT_ACCEPT 311 6196
TRACE 5125 OUTPUT_ACCEPT 312 -3153
TRACE 5125 OUTPUT_ACCEPT 313 27666
TRACE 5125 OUTPUT_ACCEPT 314 22701
TRACE 5125 OUTPUT_ACCEPT 315 -22549
TRACE 5125 OUTPUT_ACCEPT 316 -28930
TRACE 5125 OUTPUT_ACCEPT 317 3620
TRACE 5125 OUTPUT_ACCEPT 318 8691
TRACE 5125 OUTPUT_ACCEPT 319 -21788
TRACE 6149 OUTPUT_ACCEPT 320 20757
TRACE 6149 OUTPUT_ACCEPT 321 1625
TRACE 6149 OUTPUT_ACCEPT 322 33883
TRACE 6149 OUTPUT_ACCEPT 323 15642
TRACE 6149 OUTPUT_ACCEPT 324 -38378
TRACE 6149 OUTPUT_ACCEPT 325 -21679
TRACE 6149 OUTPUT_ACCEPT 326 20477
TRACE 6149 OUTPUT_ACCEPT 327 -38005
TRACE 6149 OUTPUT_ACCEPT 328 -34256
TRACE 6149 OUTPUT_ACCEPT 329 32291
TRACE 6149 OUTPUT_ACCEPT 330 -29678
TRACE 6149 OUTPUT_ACCEPT 331 18365
TRACE 6149 OUTPUT_ACCEPT 332 37810
TRACE 6149 OUTPUT_ACCEPT 333 26008
TRACE 6149 OUTPUT_ACCEPT 334 -4786
TRACE 6149 OUTPUT_ACCEPT 335 -42301
TRACE 6149 OUTPUT_ACCEPT 336 25059
TRACE 6149 OUTPUT_ACCEPT 337 -4558
TRACE 6149 OUTPUT_ACCEPT 338 -34112
TRACE 6149 OUTPUT_ACCEPT 339 36494
TRACE 6149 OUTPUT_ACCEPT 340 -3392
TRACE 6149 OUTPUT_ACCEPT 341 -6353
TRACE 6149 OUTPUT_ACCEPT 342 47491
TRACE 6149 OUTPUT_ACCEPT 343 1475
TRACE 6149 OUTPUT_ACCEPT 344 1541
TRACE 6149 OUTPUT_ACCEPT 345 -8599
TRACE 6149 OUTPUT_ACCEPT 346 10185
TRACE 6149 OUTPUT_ACCEPT 347 -6829
TRACE 6149 OUTPUT_ACCEPT 348 -4293
TRACE 6149 OUTPUT_ACCEPT 349 21486
TRACE 6149 OUTPUT_ACCEPT 350 13599
TRACE 6149 OUTPUT_ACCEPT 351 7765
TRACE 6149 OUTPUT_ACCEPT 352 -31963
TRACE 6149 OUTPUT_ACCEPT 353 2071
TRACE 6149 OUTPUT_ACCEPT 354 20350
TRACE 6149 OUTPUT_ACCEPT 355 -9927
TRACE 6149 OUTPUT_ACCEPT 356 7662
TRACE 6149 OUTPUT_ACCEPT 357 -25119
TRACE 6149 OUTPUT_ACCEPT 358 11685
TRACE 6149 OUTPUT_ACCEPT 359 -19152
TRACE 6149 OUTPUT_ACCEPT 360 40407
TRACE 6149 OUTPUT_ACCEPT 361 21770
TRACE 6149 OUTPUT_ACCEPT 362 -3413
TRACE 6149 OUTPUT_ACCEPT 363 -25943
TRACE 6149 OUTPUT_ACCEPT 364 -22904
TRACE 6149 OUTPUT_ACCEPT 365 7656
TRACE 6149 OUTPUT_ACCEPT 366 28318
TRACE 6149 OUTPUT_ACCEPT 367 -27411
TRACE 6149 OUTPUT_ACCEPT 368 -8465
TRACE 6149 OUTPUT_ACCEPT 369 36501
TRACE 6149 OUTPUT_ACCEPT 370 -28763
TRACE 6149 OUTPUT_ACCEPT 371 -11007
TRACE 6149 OUTPUT_ACCEPT 372 -4817
TRACE 6149 OUTPUT_ACCEPT 373 -10516
TRACE 6149 OUTPUT_ACCEPT 374 -30034
TRACE 6149 OUTPUT_ACCEPT 375 21707
TRACE 6149 OUTPUT_ACCEPT 376 22133
TRACE 6149 OUTPUT_ACCEPT 377 -19710
TRACE 6149 OUTPUT_ACCEPT 378 -29451
TRACE 6149 OUTPUT_ACCEPT 379 30628
TRACE 6149 OUTPUT_ACCEPT 380 32293
TRACE 6149 OUTPUT_ACCEPT 381 -21735
TRACE 6149 OUTPUT_ACCEPT 382 1913
TRACE 6149 OUTPUT_ACCEPT 383 39495
TRACE 7173 OUTPUT_ACCEPT 384 18289
TRACE 7173 OUTPUT_ACCEPT 385 -21936
TRACE 7173 OUTPUT_ACCEPT 386 25017
TRACE 7173 OUTPUT_ACCEPT 387 -43110
TRACE 7173 OUTPUT_ACCEPT 388 31865
TRACE 7173 OUTPUT_ACCEPT 389 -32063
TRACE 7173 OUTPUT_ACCEPT 390 -28820
TRACE 7173 OUTPUT_ACCEPT 391 29519
TRACE 7173 OUTPUT_ACCEPT 392 19815
TRACE 7173 OUTPUT_ACCEPT 393 -21425
TRACE 7173 OUTPUT_ACCEPT 394 -35772
TRACE 7173 OUTPUT_ACCEPT 395 29159
TRACE 7173 OUTPUT_ACCEPT 396 27484
TRACE 7173 OUTPUT_ACCEPT 397 -30694
TRACE 7173 OUTPUT_ACCEPT 398 -27744
TRACE 7173 OUTPUT_ACCEPT 399 31854
TRACE 7173 OUTPUT_ACCEPT 400 32292
TRACE 7173 OUTPUT_ACCEPT 401 -32812
TRACE 7173 OUTPUT_ACCEPT 402 -28520
TRACE 7173 OUTPUT_ACCEPT 403 32100
TRACE 7173 OUTPUT_ACCEPT 404 36207
TRACE 7173 OUTPUT_ACCEPT 405 -38907
TRACE 7173 OUTPUT_ACCEPT 406 26684
TRACE 7173 OUTPUT_ACCEPT 407 -15251
TRACE 7173 OUTPUT_ACCEPT 408 -23481
TRACE 7173 OUTPUT_ACCEPT 409 31523
TRACE 7173 OUTPUT_ACCEPT 410 27457
TRACE 7173 OUTPUT_ACCEPT 411 -33309
TRACE 7173 OUTPUT_ACCEPT 412 26748
TRACE 7173 OUTPUT_ACCEPT 413 -30094
TRACE 7173 OUTPUT_ACCEPT 414 25108
TRACE 7173 OUTPUT_ACCEPT 415 -30205
TRACE 7173 OUTPUT_ACCEPT 416 21656
TRACE 7173 OUTPUT_ACCEPT 417 29380
TRACE 7173 OUTPUT_ACCEPT 418 -28190
TRACE 7173 OUTPUT_ACCEPT 419 -11209
TRACE 7173 OUTPUT_ACCEPT 420 -28038
TRACE 7173 OUTPUT_ACCEPT 421 -28657
TRACE 7173 OUTPUT_ACCEPT 422 -27700
TRACE 7173 OUTPUT_ACCEPT 423 -23378
TRACE 7173 OUTPUT_ACCEPT 424 21003
TRACE 7173 OUTPUT_ACCEPT 425 -15958
TRACE 7173 OUTPUT_ACCEPT 426 27395
TRACE 7173 OUTPUT_ACCEPT 427 10519
TRACE 7173 OUTPUT_ACCEPT 428 201
TRACE 7173 OUTPUT_ACCEPT 429 -24321
TRACE 7173 OUTPUT_ACCEPT 430 29600
TRACE 7173 OUTPUT_ACCEPT 431 30847
TRACE 7173 OUTPUT_ACCEPT 432 -26843
TRACE 7173 OUTPUT_ACCEPT 433 26312
TRACE 7173 OUTPUT_ACCEPT 434 -32446
TRACE 7173 OUTPUT_ACCEPT 435 -34503
TRACE 7173 OUTPUT_ACCEPT 436 -33687
TRACE 7173 OUTPUT_ACCEPT 437 -25801
TRACE 7173 OUTPUT_ACCEPT 438 -32039
TRACE 7173 OUTPUT_ACCEPT 439 33456
TRACE 7173 OUTPUT_ACCEPT 440 -29265
TRACE 7173 OUTPUT_ACCEPT 441 29332
TRACE 7173 OUTPUT_ACCEPT 442 38945
TRACE 7173 OUTPUT_ACCEPT 443 -30955
TRACE 7173 OUTPUT_ACCEPT 444 30944
TRACE 7173 OUTPUT_ACCEPT 445 27555
TRACE 7173 OUTPUT_ACCEPT 446 -32115
TRACE 7173 OUTPUT_ACCEPT 447 -32471
TRACE 8197 OUTPUT_ACCEPT 448 -32928
TRACE 8197 OUTPUT_ACCEPT 449 -30259
TRACE 8197 OUTPUT_ACCEPT 450 -25332
TRACE 8197 OUTPUT_ACCEPT 451 -24533
TRACE 8197 OUTPUT_ACCEPT 452 -33351
TRACE 8197 OUTPUT_ACCEPT 453 -14474
TRACE 8197 OUTPUT_ACCEPT 454 20849
TRACE 8197 OUTPUT_ACCEPT 455 31575
TRACE 8197 OUTPUT_ACCEPT 456 -28563
TRACE 8197 OUTPUT_ACCEPT 457 32306
TRACE 8197 OUTPUT_ACCEPT 458 30191
TRACE 8197 OUTPUT_ACCEPT 459 -30202
TRACE 8197 OUTPUT_ACCEPT 460 30942
TRACE 8197 OUTPUT_ACCEPT 461 -21257
TRACE 8197 OUTPUT_ACCEPT 462 -31150
TRACE 8197 OUTPUT_ACCEPT 463 33166
TRACE 8197 OUTPUT_ACCEPT 464 33588
TRACE 8197 OUTPUT_ACCEPT 465 31634
TRACE 8197 OUTPUT_ACCEPT 466 35692
TRACE 8197 OUTPUT_ACCEPT 467 -36729
TRACE 8197 OUTPUT_ACCEPT 468 30367
TRACE 8197 OUTPUT_ACCEPT 469 -32136
TRACE 8197 OUTPUT_ACCEPT 470 -36111
TRACE 8197 OUTPUT_ACCEPT 471 -20532
TRACE 8197 OUTPUT_ACCEPT 472 28957
TRACE 8197 OUTPUT_ACCEPT 473 -38665
TRACE 8197 OUTPUT_ACCEPT 474 -30887
TRACE 8197 OUTPUT_ACCEPT 475 32298
TRACE 8197 OUTPUT_ACCEPT 476 30033
TRACE 8197 OUTPUT_ACCEPT 477 40895
TRACE 8197 OUTPUT_ACCEPT 478 -31722
TRACE 8197 OUTPUT_ACCEPT 479 27837
TRACE 8197 OUTPUT_ACCEPT 480 -67470
TRACE 8197 OUTPUT_ACCEPT 481 -7531
TRACE 8197 OUTPUT_ACCEPT 482 7461
TRACE 8197 OUTPUT_ACCEPT 483 2104
TRACE 8197 OUTPUT_ACCEPT 484 -37958
TRACE 8197 OUTPUT_ACCEPT 485 5868
TRACE 8197 OUTPUT_ACCEPT 486 105
TRACE 8197 OUTPUT_ACCEPT 487 30157
TRACE 8197 OUTPUT_ACCEPT 488 -2449
TRACE 8197 OUTPUT_ACCEPT 489 -42210
TRACE 8197 OUTPUT_ACCEPT 490 -16771
TRACE 8197 OUTPUT_ACCEPT 491 4730
TRACE 8197 OUTPUT_ACCEPT 492 -29227
TRACE 8197 OUTPUT_ACCEPT 493 -27732
TRACE 8197 OUTPUT_ACCEPT 494 16231
TRACE 8197 OUTPUT_ACCEPT 495 29484
TRACE 8197 OUTPUT_ACCEPT 496 31006
TRACE 8197 OUTPUT_ACCEPT 497 -30970
TRACE 8197 OUTPUT_ACCEPT 498 -34911
TRACE 8197 OUTPUT_ACCEPT 499 31712
TRACE 8197 OUTPUT_ACCEPT 500 31598
TRACE 8197 OUTPUT_ACCEPT 501 31904
TRACE 8197 OUTPUT_ACCEPT 502 -37314
TRACE 8197 OUTPUT_ACCEPT 503 28799
TRACE 8197 OUTPUT_ACCEPT 504 32830
TRACE 8197 OUTPUT_ACCEPT 505 -31390
TRACE 8197 OUTPUT_ACCEPT 506 -33749
TRACE 8197 OUTPUT_ACCEPT 507 32237
TRACE 8197 OUTPUT_ACCEPT 508 34501
TRACE 8197 OUTPUT_ACCEPT 509 25256
TRACE 8197 OUTPUT_ACCEPT 510 -30752
TRACE 8197 OUTPUT_ACCEPT 511 35091
TRACE 9221 OUTPUT_ACCEPT 512 -6266
TRACE 9221 OUTPUT_ACCEPT 513 1077
TRACE 9221 OUTPUT_ACCEPT 514 23609
TRACE 9221 OUTPUT_ACCEPT 515 -15231
TRACE 9221 OUTPUT_ACCEPT 516 5454
TRACE 9221 OUTPUT_ACCEPT 517 -24661
TRACE 9221 OUTPUT_ACCEPT 518 -259
TRACE 9221 OUTPUT_ACCEPT 519 676
TRACE 9221 OUTPUT_ACCEPT 520 -20268
TRACE 9221 OUTPUT_ACCEPT 521 1171
TRACE 9221 OUTPUT_ACCEPT 522 -28375
TRACE 9221 OUTPUT_ACCEPT 523 5795
TRACE 9221 OUTPUT_ACCEPT 524 17788
TRACE 9221 OUTPUT_ACCEPT 525 1754
TRACE 9221 OUTPUT_ACCEPT 526 -31453
TRACE 9221 OUTPUT_ACCEPT 527 3359
TRACE 9221 OUTPUT_ACCEPT 528 -17917
TRACE 9221 OUTPUT_ACCEPT 529 -21360
TRACE 9221 OUTPUT_ACCEPT 530 10132
TRACE 9221 OUTPUT_ACCEPT 531 2590
TRACE 9221 OUTPUT_ACCEPT 532 4695
TRACE 9221 OUTPUT_ACCEPT 533 2285
TRACE 9221 OUTPUT_ACCEPT 534 5846
TRACE 9221 OUTPUT_ACCEPT 535 -7767
TRACE 9221 OUTPUT_ACCEPT 536 -1177
TRACE 9221 OUTPUT_ACCEPT 537 -9889
TRACE 9221 OUTPUT_ACCEPT 538 15602
TRACE 9221 OUTPUT_ACCEPT 539 7802
TRACE 9221 OUTPUT_ACCEPT 540 28135
TRACE 9221 OUTPUT_ACCEPT 541 28226
TRACE 9221 OUTPUT_ACCEPT 542 828
TRACE 9221 OUTPUT_ACCEPT 543 17192
TRACE 9221 OUTPUT_ACCEPT 544 -20959
TRACE 9221 OUTPUT_ACCEPT 545 15490
TRACE 9221 OUTPUT_ACCEPT 546 -28790
TRACE 9221 OUTPUT_ACCEPT 547 19331
TRACE 9221 OUTPUT_ACCEPT 548 4659
TRACE 9221 OUTPUT_ACCEPT 549 10452
TRACE 9221 OUTPUT_ACCEPT 550 -21538
TRACE 9221 OUTPUT_ACCEPT 551 1241
TRACE 9221 OUTPUT_ACCEPT 552 -21164
TRACE 9221 OUTPUT_ACCEPT 553 -32122
TRACE 9221 OUTPUT_ACCEPT 554 -17640
TRACE 9221 OUTPUT_ACCEPT 555 25899
TRACE 9221 OUTPUT_ACCEPT 556 -11437
TRACE 9221 OUTPUT_ACCEPT 557 45737
TRACE 9221 OUTPUT_ACCEPT 558 41338
TRACE 9221 OUTPUT_ACCEPT 559 -17549
TRACE 9221 OUTPUT_ACCEPT 560 24844
TRACE 9221 OUTPUT_ACCEPT 561 -11860
TRACE 9221 OUTPUT_ACCEPT 562 31060
TRACE 9221 OUTPUT_ACCEPT 563 25464
TRACE 9221 OUTPUT_ACCEPT 564 24917
TRACE 9221 OUTPUT_ACCEPT 565 -18320
TRACE 9221 OUTPUT_ACCEPT 566 28869
TRACE 9221 OUTPUT_ACCEPT 567 -15519
TRACE 9221 OUTPUT_ACCEPT 568 27812
TRACE 9221 OUTPUT_ACCEPT 569 -19405
TRACE 9221 OUTPUT_ACCEPT 570 -44789
TRACE 9221 OUTPUT_ACCEPT 571 -15294
TRACE 9221 OUTPUT_ACCEPT 572 -21234
TRACE 9221 OUTPUT_ACCEPT 573 -27252
TRACE 9221 OUTPUT_ACCEPT 574 38706
TRACE 9221 OUTPUT_ACCEPT 575 15885
TRACE 10245 OUTPUT_ACCEPT 576 -2248
TRACE 10245 OUTPUT_ACCEPT 577 3935
TRACE 10245 OUTPUT_ACCEPT 578 -22768
TRACE 10245 OUTPUT_ACCEPT 579 -3765
TRACE 10245 OUTPUT_ACCEPT 580 2936
TRACE 10245 OUTPUT_ACCEPT 581 16513
TRACE 10245 OUTPUT_ACCEPT 582 26139
TRACE 10245 OUTPUT_ACCEPT 583 -8896
TRACE 10245 OUTPUT_ACCEPT 584 -27093
TRACE 10245 OUTPUT_ACCEPT 585 -19626
TRACE 10245 OUTPUT_ACCEPT 586 33449
TRACE 10245 OUTPUT_ACCEPT 587 24155
TRACE 10245 OUTPUT_ACCEPT 588 -21591
TRACE 10245 OUTPUT_ACCEPT 589 -8460
TRACE 10245 OUTPUT_ACCEPT 590 13531
TRACE 10245 OUTPUT_ACCEPT 591 -6334
TRACE 10245 OUTPUT_ACCEPT 592 -21285
TRACE 10245 OUTPUT_ACCEPT 593 -5129
TRACE 10245 OUTPUT_ACCEPT 594 11436
TRACE 10245 OUTPUT_ACCEPT 595 19409
TRACE 10245 OUTPUT_ACCEPT 596 29303
TRACE 10245 OUTPUT_ACCEPT 597 30389
TRACE 10245 OUTPUT_ACCEPT 598 -15460
TRACE 10245 OUTPUT_ACCEPT 599 2525
TRACE 10245 OUTPUT_ACCEPT 600 23706
TRACE 10245 OUTPUT_ACCEPT 601 6237
TRACE 10245 OUTPUT_ACCEPT 602 -23878
TRACE 10245 OUTPUT_ACCEPT 603 23346
TRACE 10245 OUTPUT_ACCEPT 604 -26160
TRACE 10245 OUTPUT_ACCEPT 605 -25700
TRACE 10245 OUTPUT_ACCEPT 606 -4146
TRACE 10245 OUTPUT_ACCEPT 607 -30268
TRACE 10245 OUTPUT_ACCEPT 608 -23115
TRACE 10245 OUTPUT_ACCEPT 609 -30613
TRACE 10245 OUTPUT_ACCEPT 610 -21808
TRACE 10245 OUTPUT_ACCEPT 611 -13122
TRACE 10245 OUTPUT_ACCEPT 612 14221
TRACE 10245 OUTPUT_ACCEPT 613 -38463
TRACE 10245 OUTPUT_ACCEPT 614 11881
TRACE 10245 OUTPUT_ACCEPT 615 33874
TRACE 10245 OUTPUT_ACCEPT 616 11435
TRACE 10245 OUTPUT_ACCEPT 617 -6294
TRACE 10245 OUTPUT_ACCEPT 618 8662
TRACE 10245 OUTPUT_ACCEPT 619 27859
TRACE 10245 OUTPUT_ACCEPT 620 10046
TRACE 10245 OUTPUT_ACCEPT 621 -2627
TRACE 10245 OUTPUT_ACCEPT 622 -33836
TRACE 10245 OUTPUT_ACCEPT 623 29101
TRACE 10245 OUTPUT_ACCEPT 624 -244
TRACE 10245 OUTPUT_ACCEPT 625 27369
TRACE 10245 OUTPUT_ACCEPT 626 30353
TRACE 10245 OUTPUT_ACCEPT 627 -5820
TRACE 10245 OUTPUT_ACCEPT 628 20114
TRACE 10245 OUTPUT_ACCEPT 629 -29138
TRACE 10245 OUTPUT_ACCEPT 630 12089
TRACE 10245 OUTPUT_ACCEPT 631 8289
TRACE 10245 OUTPUT_ACCEPT 632 13174
TRACE 10245 OUTPUT_ACCEPT 633 -38494
TRACE 10245 OUTPUT_ACCEPT 634 35354
TRACE 10245 OUTPUT_ACCEPT 635 17706
TRACE 10245 OUTPUT_ACCEPT 636 -8193
TRACE 10245 OUTPUT_ACCEPT 637 -15444
TRACE 10245 OUTPUT_ACCEPT 638 25552
TRACE 10245 OUTPUT_ACCEPT 639 -21008
TRACE 11269 OUTPUT_ACCEPT 640 11314
TRACE 11269 OUTPUT_ACCEPT 641 -22099
TRACE 11269 OUTPUT_ACCEPT 642 18255
TRACE 11269 OUTPUT_ACCEPT 643 3513
TRACE 11269 OUTPUT_ACCEPT 644 4775
TRACE 11269 OUTPUT_ACCEPT 645 18790
TRACE 11269 OUTPUT_ACCEPT 646 -27522
TRACE 11269 OUTPUT_ACCEPT 647 -3701
TRACE 11269 OUTPUT_ACCEPT 648 -14362
TRACE 11269 OUTPUT_ACCEPT 649 -20504
TRACE 11269 OUTPUT_ACCEPT 650 -15525
TRACE 11269 OUTPUT_ACCEPT 651 -6844
TRACE 11269 OUTPUT_ACCEPT 652 24032
TRACE 11269 OUTPUT_ACCEPT 653 -31574
TRACE 11269 OUTPUT_ACCEPT 654 -66316
TRACE 11269 OUTPUT_ACCEPT 655 -964
TRACE 11269 OUTPUT_ACCEPT 656 35839
TRACE 11269 OUTPUT_ACCEPT 657 -1027
TRACE 11269 OUTPUT_ACCEPT 658 24674
TRACE 11269 OUTPUT_ACCEPT 659 16835
TRACE 11269 OUTPUT_ACCEPT 660 -42149
TRACE 11269 OUTPUT_ACCEPT 661 66027
TRACE 11269 OUTPUT_ACCEPT 662 -44435
TRACE 11269 OUTPUT_ACCEPT 663 2598
TRACE 11269 OUTPUT_ACCEPT 664 2049
TRACE 11269 OUTPUT_ACCEPT 665 -23191
TRACE 11269 OUTPUT_ACCEPT 666 36123
TRACE 11269 OUTPUT_ACCEPT 667 -39058
TRACE 11269 OUTPUT_ACCEPT 668 52457
TRACE 11269 OUTPUT_ACCEPT 669 60970
TRACE 11269 OUTPUT_ACCEPT 670 -42000
TRACE 11269 OUTPUT_ACCEPT 671 -43196
TRACE 11269 OUTPUT_ACCEPT 672 -45758
TRACE 11269 OUTPUT_ACCEPT 673 52123
TRACE 11269 OUTPUT_ACCEPT 674 -32157
TRACE 11269 OUTPUT_ACCEPT 675 63228
TRACE 11269 OUTPUT_ACCEPT 676 29616
TRACE 11269 OUTPUT_ACCEPT 677 -45422
TRACE 11269 OUTPUT_ACCEPT 678 -25653
TRACE 11269 OUTPUT_ACCEPT 679 8177
TRACE 11269 OUTPUT_ACCEPT 680 -31529
TRACE 11269 OUTPUT_ACCEPT 681 62103
TRACE 11269 OUTPUT_ACCEPT 682 -53327
TRACE 11269 OUTPUT_ACCEPT 683 31854
TRACE 11269 OUTPUT_ACCEPT 684 9097
TRACE 11269 OUTPUT_ACCEPT 685 40306
TRACE 11269 OUTPUT_ACCEPT 686 36205
TRACE 11269 OUTPUT_ACCEPT 687 46314
TRACE 11269 OUTPUT_ACCEPT 688 -9672
TRACE 11269 OUTPUT_ACCEPT 689 -17184
TRACE 11269 OUTPUT_ACCEPT 690 -24954
TRACE 11269 OUTPUT_ACCEPT 691 17059
TRACE 11269 OUTPUT_ACCEPT 692 -15041
TRACE 11269 OUTPUT_ACCEPT 693 42158
TRACE 11269 OUTPUT_ACCEPT 694 6763
TRACE 11269 OUTPUT_ACCEPT 695 -11934
TRACE 11269 OUTPUT_ACCEPT 696 -44931
TRACE 11269 OUTPUT_ACCEPT 697 -23000
TRACE 11269 OUTPUT_ACCEPT 698 5284
TRACE 11269 OUTPUT_ACCEPT 699 23050
TRACE 11269 OUTPUT_ACCEPT 700 28479
TRACE 11269 OUTPUT_ACCEPT 701 -2030
TRACE 11269 OUTPUT_ACCEPT 702 -44183
TRACE 11269 OUTPUT_ACCEPT 703 -3703
TRACE 12293 OUTPUT_ACCEPT 704 44562
TRACE 12293 OUTPUT_ACCEPT 705 -3190
TRACE 12293 OUTPUT_ACCEPT 706 -32195
TRACE 12293 OUTPUT_ACCEPT 707 -1292
TRACE 12293 OUTPUT_ACCEPT 708 13525
TRACE 12293 OUTPUT_ACCEPT 709 -1217
TRACE 12293 OUTPUT_ACCEPT 710 -24714
TRACE 12293 OUTPUT_ACCEPT 711 -18460
TRACE 12293 OUTPUT_ACCEPT 712 -20368
TRACE 12293 OUTPUT_ACCEPT 713 -18878
TRACE 12293 OUTPUT_ACCEPT 714 26047
TRACE 12293 OUTPUT_ACCEPT 715 23534
TRACE 12293 OUTPUT_ACCEPT 716 38467
TRACE 12293 OUTPUT_ACCEPT 717 -851
TRACE 12293 OUTPUT_ACCEPT 718 8897
TRACE 12293 OUTPUT_ACCEPT 719 -25442
TRACE 12293 OUTPUT_ACCEPT 720 39696
TRACE 12293 OUTPUT_ACCEPT 721 54010
TRACE 12293 OUTPUT_ACCEPT 722 -34948
TRACE 12293 OUTPUT_ACCEPT 723 42035
TRACE 12293 OUTPUT_ACCEPT 724 43518
TRACE 12293 OUTPUT_ACCEPT 725 -40927
TRACE 12293 OUTPUT_ACCEPT 726 -39401
TRACE 12293 OUTPUT_ACCEPT 727 34706
TRACE 12293 OUTPUT_ACCEPT 728 -15214
TRACE 12293 OUTPUT_ACCEPT 729 -39746
TRACE 12293 OUTPUT_ACCEPT 730 -42760
TRACE 12293 OUTPUT_ACCEPT 731 34325
TRACE 12293 OUTPUT_ACCEPT 732 -43880
TRACE 12293 OUTPUT_ACCEPT 733 11223
TRACE 12293 OUTPUT_ACCEPT 734 5396
TRACE 12293 OUTPUT_ACCEPT 735 -34922
TRACE 12293 OUTPUT_ACCEPT 736 -4240
TRACE 12293 OUTPUT_ACCEPT 737 -36548
TRACE 12293 OUTPUT_ACCEPT 738 27907
TRACE 12293 OUTPUT_ACCEPT 739 5184
TRACE 12293 OUTPUT_ACCEPT 740 50467
TRACE 12293 OUTPUT_ACCEPT 741 12470
TRACE 12293 OUTPUT_ACCEPT 742 -40916
TRACE 12293 OUTPUT_ACCEPT 743 7763
TRACE 12293 OUTPUT_ACCEPT 744 -18982
TRACE 12293 OUTPUT_ACCEPT 745 50371
TRACE 12293 OUTPUT_ACCEPT 746 20606
TRACE 12293 OUTPUT_ACCEPT 747 -35626
TRACE 12293 OUTPUT_ACCEPT 748 -3949
TRACE 12293 OUTPUT_ACCEPT 749 -34573
TRACE 12293 OUTPUT_ACCEPT 750 8287
TRACE 12293 OUTPUT_ACCEPT 751 3428
TRACE 12293 OUTPUT_ACCEPT 752 30491
TRACE 12293 OUTPUT_ACCEPT 753 -62405
TRACE 12293 OUTPUT_ACCEPT 754 41559
TRACE 12293 OUTPUT_ACCEPT 755 -4748
TRACE 12293 OUTPUT_ACCEPT 756 -32171
TRACE 12293 OUTPUT_ACCEPT 757 45511
TRACE 12293 OUTPUT_ACCEPT 758 37223
TRACE 12293 OUTPUT_ACCEPT 759 -2742
TRACE 12293 OUTPUT_ACCEPT 760 -57595
TRACE 12293 OUTPUT_ACCEPT 761 -37884
TRACE 12293 OUTPUT_ACCEPT 762 54102
TRACE 12293 OUTPUT_ACCEPT 763 -4267
TRACE 12293 OUTPUT_ACCEPT 764 50163
TRACE 12293 OUTPUT_ACCEPT 765 -3763
TRACE 12293 OUTPUT_ACCEPT 766 -16368
TRACE 12293 OUTPUT_ACCEPT 767 50987
TRACE 13317 OUTPUT_ACCEPT 768 32621
TRACE 13317 OUTPUT_ACCEPT 769 -3899
TRACE 13317 OUTPUT_ACCEPT 770 -31041
TRACE 13317 OUTPUT_ACCEPT 771 -1517
TRACE 13317 OUTPUT_ACCEPT 772 -18006
TRACE 13317 OUTPUT_ACCEPT 773 -907
TRACE 13317 OUTPUT_ACCEPT 774 -2709
TRACE 13317 OUTPUT_ACCEPT 775 -17025
TRACE 13317 OUTPUT_ACCEPT 776 -7236
TRACE 13317 OUTPUT_ACCEPT 777 -17805
TRACE 13317 OUTPUT_ACCEPT 778 11219
TRACE 13317 OUTPUT_ACCEPT 779 -25845
TRACE 13317 OUTPUT_ACCEPT 780 -13900
TRACE 13317 OUTPUT_ACCEPT 781 18465
TRACE 13317 OUTPUT_ACCEPT 782 -34220
TRACE 13317 OUTPUT_ACCEPT 783 5616
TRACE 13317 OUTPUT_ACCEPT 784 -5291
TRACE 13317 OUTPUT_ACCEPT 785 -12602
TRACE 13317 OUTPUT_ACCEPT 786 -35870
TRACE 13317 OUTPUT_ACCEPT 787 4214
TRACE 13317 OUTPUT_ACCEPT 788 29239
TRACE 13317 OUTPUT_ACCEPT 789 -27522
TRACE 13317 OUTPUT_ACCEPT 790 -6764
TRACE 13317 OUTPUT_ACCEPT 791 26454
TRACE 13317 OUTPUT_ACCEPT 792 -27022
TRACE 13317 OUTPUT_ACCEPT 793 -12539
TRACE 13317 OUTPUT_ACCEPT 794 -26985
TRACE 13317 OUTPUT_ACCEPT 795 26356
TRACE 13317 OUTPUT_ACCEPT 796 -14675
TRACE 13317 OUTPUT_ACCEPT 797 30096
TRACE 13317 OUTPUT_ACCEPT 798 26307
TRACE 13317 OUTPUT_ACCEPT 799 -35016
TRACE 13317 OUTPUT_ACCEPT 800 -14102
TRACE 13317 OUTPUT_ACCEPT 801 15818
TRACE 13317 OUTPUT_ACCEPT 802 27443
TRACE 13317 OUTPUT_ACCEPT 803 10695
TRACE 13317 OUTPUT_ACCEPT 804 12580
TRACE 13317 OUTPUT_ACCEPT 805 -9397
TRACE 13317 OUTPUT_ACCEPT 806 -16946
TRACE 13317 OUTPUT_ACCEPT 807 -18381
TRACE 13317 OUTPUT_ACCEPT 808 10231
TRACE 13317 OUTPUT_ACCEPT 809 -9471
TRACE 13317 OUTPUT_ACCEPT 810 19726
TRACE 13317 OUTPUT_ACCEPT 811 10371
TRACE 13317 OUTPUT_ACCEPT 812 -29740
TRACE 13317 OUTPUT_ACCEPT 813 25447
TRACE 13317 OUTPUT_ACCEPT 814 -5374
TRACE 13317 OUTPUT_ACCEPT 815 5205
TRACE 13317 OUTPUT_ACCEPT 816 21430
TRACE 13317 OUTPUT_ACCEPT 817 -6070
TRACE 13317 OUTPUT_ACCEPT 818 -6780
TRACE 13317 OUTPUT_ACCEPT 819 34316
TRACE 13317 OUTPUT_ACCEPT 820 25498
TRACE 13317 OUTPUT_ACCEPT 821 5359
TRACE 13317 OUTPUT_ACCEPT 822 3912
TRACE 13317 OUTPUT_ACCEPT 823 123
TRACE 13317 OUTPUT_ACCEPT 824 -3274
TRACE 13317 OUTPUT_ACCEPT 825 -18430
TRACE 13317 OUTPUT_ACCEPT 826 25055
TRACE 13317 OUTPUT_ACCEPT 827 24333
TRACE 13317 OUTPUT_ACCEPT 828 17792
TRACE 13317 OUTPUT_ACCEPT 829 23972
TRACE 13317 OUTPUT_ACCEPT 830 7502
TRACE 13317 OUTPUT_ACCEPT 831 -7081
TRACE 14341 OUTPUT_ACCEPT 832 -3515
TRACE 14341 OUTPUT_ACCEPT 833 12634
TRACE 14341 OUTPUT_ACCEPT 834 3263
TRACE 14341 OUTPUT_ACCEPT 835 -17886
TRACE 14341 OUTPUT_ACCEPT 836 -30340
TRACE 14341 OUTPUT_ACCEPT 837 19933
TRACE 14341 OUTPUT_ACCEPT 838 11562
TRACE 14341 OUTPUT_ACCEPT 839 -14305
TRACE 14341 OUTPUT_ACCEPT 840 -12834
TRACE 14341 OUTPUT_ACCEPT 841 -31064
TRACE 14341 OUTPUT_ACCEPT 842 3758
TRACE 14341 OUTPUT_ACCEPT 843 -16463
TRACE 14341 OUTPUT_ACCEPT 844 -28092
TRACE 14341 OUTPUT_ACCEPT 845 5128
TRACE 14341 OUTPUT_ACCEPT 846 -20475
TRACE 14341 OUTPUT_ACCEPT 847 3370
TRACE 14341 OUTPUT_ACCEPT 848 -15796
TRACE 14341 OUTPUT_ACCEPT 849 -25902
TRACE 14341 OUTPUT_ACCEPT 850 -24959
TRACE 14341 OUTPUT_ACCEPT 851 14167
TRACE 14341 OUTPUT_ACCEPT 852 -30037
TRACE 14341 OUTPUT_ACCEPT 853 19637
TRACE 14341 OUTPUT_ACCEPT 854 26848
TRACE 14341 OUTPUT_ACCEPT 855 28306
TRACE 14341 OUTPUT_ACCEPT 856 -25830
TRACE 14341 OUTPUT_ACCEPT 857 32099
TRACE 14341 OUTPUT_ACCEPT 858 7113
TRACE 14341 OUTPUT_ACCEPT 859 -10895
TRACE 14341 OUTPUT_ACCEPT 860 -28040
TRACE 14341 OUTPUT_ACCEPT 861 -2340
TRACE 14341 OUTPUT_ACCEPT 862 -20456
TRACE 14341 OUTPUT_ACCEPT 863 8928
TRACE 14341 OUTPUT_ACCEPT 864 -12625
TRACE 14341 OUTPUT_ACCEPT 865 20686
TRACE 14341 OUTPUT_ACCEPT 866 4529
TRACE 14341 OUTPUT_ACCEPT 867 -26533
TRACE 14341 OUTPUT_ACCEPT 868 -26964
TRACE 14341 OUTPUT_ACCEPT 869 -35324
TRACE 14341 OUTPUT_ACCEPT 870 -17424
TRACE 14341 OUTPUT_ACCEPT 871 3645
TRACE 14341 OUTPUT_ACCEPT 872 -28736
TRACE 14341 OUTPUT_ACCEPT 873 -15371
TRACE 14341 OUTPUT_ACCEPT 874 -15636
TRACE 14341 OUTPUT_ACCEPT 875 -9854
TRACE 14341 OUTPUT_ACCEPT 876 8514
TRACE 14341 OUTPUT_ACCEPT 877 31643
TRACE 14341 OUTPUT_ACCEPT 878 18877
TRACE 14341 OUTPUT_ACCEPT 879 -27366
TRACE 14341 OUTPUT_ACCEPT 880 -28534
TRACE 14341 OUTPUT_ACCEPT 881 -26715
TRACE 14341 OUTPUT_ACCEPT 882 -24967
TRACE 14341 OUTPUT_ACCEPT 883 15107
TRACE 14341 OUTPUT_ACCEPT 884 27450
TRACE 14341 OUTPUT_ACCEPT 885 -12329
TRACE 14341 OUTPUT_ACCEPT 886 35802
TRACE 14341 OUTPUT_ACCEPT 887 26967
TRACE 14341 OUTPUT_ACCEPT 888 9559
TRACE 14341 OUTPUT_ACCEPT 889 28417
TRACE 14341 OUTPUT_ACCEPT 890 -36787
TRACE 14341 OUTPUT_ACCEPT 891 8510
TRACE 14341 OUTPUT_ACCEPT 892 -35795
TRACE 14341 OUTPUT_ACCEPT 893 -10947
TRACE 14341 OUTPUT_ACCEPT 894 8080
TRACE 14341 OUTPUT_ACCEPT 895 2177
TRACE 15365 OUTPUT_ACCEPT 896 7102
TRACE 15365 OUTPUT_ACCEPT 897 24303
TRACE 15365 OUTPUT_ACCEPT 898 -868
TRACE 15365 OUTPUT_ACCEPT 899 -10861
TRACE 15365 OUTPUT_ACCEPT 900 -7037
TRACE 15365 OUTPUT_ACCEPT 901 -1431
TRACE 15365 OUTPUT_ACCEPT 902 1311
TRACE 15365 OUTPUT_ACCEPT 903 -9404
TRACE 15365 OUTPUT_ACCEPT 904 -25148
TRACE 15365 OUTPUT_ACCEPT 905 21157
TRACE 15365 OUTPUT_ACCEPT 906 -4675
TRACE 15365 OUTPUT_ACCEPT 907 -22991
TRACE 15365 OUTPUT_ACCEPT 908 12165
TRACE 15365 OUTPUT_ACCEPT 909 -7645
TRACE 15365 OUTPUT_ACCEPT 910 -14739
TRACE 15365 OUTPUT_ACCEPT 911 18957
TRACE 15365 OUTPUT_ACCEPT 912 -5190
TRACE 15365 OUTPUT_ACCEPT 913 -11766
TRACE 15365 OUTPUT_ACCEPT 914 -9354
TRACE 15365 OUTPUT_ACCEPT 915 -8235
TRACE 15365 OUTPUT_ACCEPT 916 902
TRACE 15365 OUTPUT_ACCEPT 917 27071
TRACE 15365 OUTPUT_ACCEPT 918 -2256
TRACE 15365 OUTPUT_ACCEPT 919 5735
TRACE 15365 OUTPUT_ACCEPT 920 -20239
TRACE 15365 OUTPUT_ACCEPT 921 -9233
TRACE 15365 OUTPUT_ACCEPT 922 -4022
TRACE 15365 OUTPUT_ACCEPT 923 -27010
TRACE 15365 OUTPUT_ACCEPT 924 4519
TRACE 15365 OUTPUT_ACCEPT 925 9566
TRACE 15365 OUTPUT_ACCEPT 926 -13960
TRACE 15365 OUTPUT_ACCEPT 927 17517
TRACE 15365 OUTPUT_ACCEPT 928 -5110
TRACE 15365 OUTPUT_ACCEPT 929 -17973
TRACE 15365 OUTPUT_ACCEPT 930 13837
TRACE 15365 OUTPUT_ACCEPT 931 -20525
TRACE 15365 OUTPUT_ACCEPT 932 22428
TRACE 15365 OUTPUT_ACCEPT 933 24948
TRACE 15365 OUTPUT_ACCEPT 934 -20848
TRACE 15365 OUTPUT_ACCEPT 935 5085
TRACE 15365 OUTPUT_ACCEPT 936 15865
TRACE 15365 OUTPUT_ACCEPT 937 -29545
TRACE 15365 OUTPUT_ACCEPT 938 34954
TRACE 15365 OUTPUT_ACCEPT 939 33216
TRACE 15365 OUTPUT_ACCEPT 940 23312
TRACE 15365 OUTPUT_ACCEPT 941 -26826
TRACE 15365 OUTPUT_ACCEPT 942 208
TRACE 15365 OUTPUT_ACCEPT 943 -32001
TRACE 15365 OUTPUT_ACCEPT 944 -11992
TRACE 15365 OUTPUT_ACCEPT 945 -31937
TRACE 15365 OUTPUT_ACCEPT 946 14615
TRACE 15365 OUTPUT_ACCEPT 947 2494
TRACE 15365 OUTPUT_ACCEPT 948 -32985
TRACE 15365 OUTPUT_ACCEPT 949 -28693
TRACE 15365 OUTPUT_ACCEPT 950 20568
TRACE 15365 OUTPUT_ACCEPT 951 -21005
TRACE 15365 OUTPUT_ACCEPT 952 16658
TRACE 15365 OUTPUT_ACCEPT 953 -17116
TRACE 15365 OUTPUT_ACCEPT 954 17789
TRACE 15365 OUTPUT_ACCEPT 955 -10177
TRACE 15365 OUTPUT_ACCEPT 956 22172
TRACE 15365 OUTPUT_ACCEPT 957 14243
TRACE 15365 OUTPUT_ACCEPT 958 -10241
TRACE 15365 OUTPUT_ACCEPT 959 9971
TRACE 16389 OUTPUT_ACCEPT 960 -1789
TRACE 16389 OUTPUT_ACCEPT 961 3760
TRACE 16389 OUTPUT_ACCEPT 962 2107
TRACE 16389 OUTPUT_ACCEPT 963 14881
TRACE 16389 OUTPUT_ACCEPT 964 27757
TRACE 16389 OUTPUT_ACCEPT 965 -8992
TRACE 16389 OUTPUT_ACCEPT 966 20030
TRACE 16389 OUTPUT_ACCEPT 967 21579
TRACE 16389 OUTPUT_ACCEPT 968 -4337
TRACE 16389 OUTPUT_ACCEPT 969 -22016
TRACE 16389 OUTPUT_ACCEPT 970 -21466
TRACE 16389 OUTPUT_ACCEPT 971 -10847
TRACE 16389 OUTPUT_ACCEPT 972 -22364
TRACE 16389 OUTPUT_ACCEPT 973 11993
TRACE 16389 OUTPUT_ACCEPT 974 -19325
TRACE 16389 OUTPUT_ACCEPT 975 23523
TRACE 16389 OUTPUT_ACCEPT 976 -13218
TRACE 16389 OUTPUT_ACCEPT 977 25509
TRACE 16389 OUTPUT_ACCEPT 978 15184
TRACE 16389 OUTPUT_ACCEPT 979 -12046
TRACE 16389 OUTPUT_ACCEPT 980 9287
TRACE 16389 OUTPUT_ACCEPT 981 -5251
TRACE 16389 OUTPUT_ACCEPT 982 -13513
TRACE 16389 OUTPUT_ACCEPT 983 -942
TRACE 16389 OUTPUT_ACCEPT 984 12317
TRACE 16389 OUTPUT_ACCEPT 985 8286
TRACE 16389 OUTPUT_ACCEPT 986 19126
TRACE 16389 OUTPUT_ACCEPT 987 -20965
TRACE 16389 OUTPUT_ACCEPT 988 -29025
TRACE 16389 OUTPUT_ACCEPT 989 -53344
TRACE 16389 OUTPUT_ACCEPT 990 -15851
TRACE 16389 OUTPUT_ACCEPT 991 19406
TRACE 16389 OUTPUT_ACCEPT 992 -26540
TRACE 16389 OUTPUT_ACCEPT 993 -25481
TRACE 16389 OUTPUT_ACCEPT 994 -6151
TRACE 16389 OUTPUT_ACCEPT 995 -31889
TRACE 16389 OUTPUT_ACCEPT 996 -16087
TRACE 16389 OUTPUT_ACCEPT 997 -7538
TRACE 16389 OUTPUT_ACCEPT 998 35267
TRACE 16389 OUTPUT_ACCEPT 999 34312
TRACE 16389 OUTPUT_ACCEPT 1000 -35161
TRACE 16389 OUTPUT_ACCEPT 1001 -28084
TRACE 16389 OUTPUT_ACCEPT 1002 -23580
TRACE 16389 OUTPUT_ACCEPT 1003 -33764
TRACE 16389 OUTPUT_ACCEPT 1004 3391
TRACE 16389 OUTPUT_ACCEPT 1005 -31785
TRACE 16389 OUTPUT_ACCEPT 1006 -31499
TRACE 16389 OUTPUT_ACCEPT 1007 -13400
TRACE 16389 OUTPUT_ACCEPT 1008 33085
TRACE 16389 OUTPUT_ACCEPT 1009 -15393
TRACE 16389 OUTPUT_ACCEPT 1010 -14023
TRACE 16389 OUTPUT_ACCEPT 1011 -20504
TRACE 16389 OUTPUT_ACCEPT 1012 -31799
TRACE 16389 OUTPUT_ACCEPT 1013 17512
TRACE 16389 OUTPUT_ACCEPT 1014 -26288
TRACE 16389 OUTPUT_ACCEPT 1015 7386
TRACE 16389 OUTPUT_ACCEPT 1016 -33290
TRACE 16389 OUTPUT_ACCEPT 1017 -29055
TRACE 16389 OUTPUT_ACCEPT 1018 19192
TRACE 16389 OUTPUT_ACCEPT 1019 -11903
TRACE 16389 OUTPUT_ACCEPT 1020 -27427
TRACE 16389 OUTPUT_ACCEPT 1021 6123
TRACE 16389 OUTPUT_ACCEPT 1022 16298
TRACE 16389 OUTPUT_ACCEPT 1023 27914
TRACE 17413 OUTPUT_ACCEPT 1024 5916
TRACE 17413 OUTPUT_ACCEPT 1025 26666
TRACE 17413 OUTPUT_ACCEPT 1026 -23747
TRACE 17413 OUTPUT_ACCEPT 1027 -23356
TRACE 17413 OUTPUT_ACCEPT 1028 7517
TRACE 17413 OUTPUT_ACCEPT 1029 3154
TRACE 17413 OUTPUT_ACCEPT 1030 29483
TRACE 17413 OUTPUT_ACCEPT 1031 -17044
TRACE 17413 OUTPUT_ACCEPT 1032 20348
TRACE 17413 OUTPUT_ACCEPT 1033 -32189
TRACE 17413 OUTPUT_ACCEPT 1034 -37034
TRACE 17413 OUTPUT_ACCEPT 1035 -30421
TRACE 17413 OUTPUT_ACCEPT 1036 14454
TRACE 17413 OUTPUT_ACCEPT 1037 -39309
TRACE 17413 OUTPUT_ACCEPT 1038 -5389
TRACE 17413 OUTPUT_ACCEPT 1039 -15699
TRACE 17413 OUTPUT_ACCEPT 1040 48519
TRACE 17413 OUTPUT_ACCEPT 1041 -16608
TRACE 17413 OUTPUT_ACCEPT 1042 2091
TRACE 17413 OUTPUT_ACCEPT 1043 13471
TRACE 17413 OUTPUT_ACCEPT 1044 21917
TRACE 17413 OUTPUT_ACCEPT 1045 -24786
TRACE 17413 OUTPUT_ACCEPT 1046 10920
TRACE 17413 OUTPUT_ACCEPT 1047 -26905
TRACE 17413 OUTPUT_ACCEPT 1048 -44377
TRACE 17413 OUTPUT_ACCEPT 1049 -4595
TRACE 17413 OUTPUT_ACCEPT 1050 4247
TRACE 17413 OUTPUT_ACCEPT 1051 -21081
TRACE 17413 OUTPUT_ACCEPT 1052 15922
TRACE 17413 OUTPUT_ACCEPT 1053 -36869
TRACE 17413 OUTPUT_ACCEPT 1054 -15506
TRACE 17413 OUTPUT_ACCEPT 1055 17582
TRACE 17413 OUTPUT_ACCEPT 1056 -2625
TRACE 17413 OUTPUT_ACCEPT 1057 32309
TRACE 17413 OUTPUT_ACCEPT 1058 -18843
TRACE 17413 OUTPUT_ACCEPT 1059 28775
TRACE 17413 OUTPUT_ACCEPT 1060 -7246
TRACE 17413 OUTPUT_ACCEPT 1061 50210
TRACE 17413 OUTPUT_ACCEPT 1062 29923
TRACE 17413 OUTPUT_ACCEPT 1063 -1486
TRACE 17413 OUTPUT_ACCEPT 1064 47476
TRACE 17413 OUTPUT_ACCEPT 1065 -43161
TRACE 17413 OUTPUT_ACCEPT 1066 -38348
TRACE 17413 OUTPUT_ACCEPT 1067 2044
TRACE 17413 OUTPUT_ACCEPT 1068 -1286
TRACE 17413 OUTPUT_ACCEPT 1069 6422
TRACE 17413 OUTPUT_ACCEPT 1070 11976
TRACE 17413 OUTPUT_ACCEPT 1071 26879
TRACE 17413 OUTPUT_ACCEPT 1072 -20203
TRACE 17413 OUTPUT_ACCEPT 1073 -4011
TRACE 17413 OUTPUT_ACCEPT 1074 -21385
TRACE 17413 OUTPUT_ACCEPT 1075 27303
TRACE 17413 OUTPUT_ACCEPT 1076 -26627
TRACE 17413 OUTPUT_ACCEPT 1077 22316
TRACE 17413 OUTPUT_ACCEPT 1078 -28374
TRACE 17413 OUTPUT_ACCEPT 1079 -30519
TRACE 17413 OUTPUT_ACCEPT 1080 -13152
TRACE 17413 OUTPUT_ACCEPT 1081 7614
TRACE 17413 OUTPUT_ACCEPT 1082 -9532
TRACE 17413 OUTPUT_ACCEPT 1083 20214
TRACE 17413 OUTPUT_ACCEPT 1084 4634
TRACE 17413 OUTPUT_ACCEPT 1085 -31521
TRACE 17413 OUTPUT_ACCEPT 1086 -5009
TRACE 17413 OUTPUT_ACCEPT 1087 -34534
TRACE 18437 OUTPUT_ACCEPT 1088 21508
TRACE 18437 OUTPUT_ACCEPT 1089 17921
TRACE 18437 OUTPUT_ACCEPT 1090 5024
TRACE 18437 OUTPUT_ACCEPT 1091 16668
TRACE 18437 OUTPUT_ACCEPT 1092 -21721
TRACE 18437 OUTPUT_ACCEPT 1093 -28112
TRACE 18437 OUTPUT_ACCEPT 1094 24339
TRACE 18437 OUTPUT_ACCEPT 1095 -1528
TRACE 18437 OUTPUT_ACCEPT 1096 -26346
TRACE 18437 OUTPUT_ACCEPT 1097 24007
TRACE 18437 OUTPUT_ACCEPT 1098 -12250
TRACE 18437 OUTPUT_ACCEPT 1099 20189
TRACE 18437 OUTPUT_ACCEPT 1100 -5455
TRACE 18437 OUTPUT_ACCEPT 1101 30453
TRACE 18437 OUTPUT_ACCEPT 1102 -22939
TRACE 18437 OUTPUT_ACCEPT 1103 -1709
TRACE 18437 OUTPUT_ACCEPT 1104 -36594
TRACE 18437 OUTPUT_ACCEPT 1105 -30823
TRACE 18437 OUTPUT_ACCEPT 1106 -7709
TRACE 18437 OUTPUT_ACCEPT 1107 34761
TRACE 18437 OUTPUT_ACCEPT 1108 16909
TRACE 18437 OUTPUT_ACCEPT 1109 42604
TRACE 18437 OUTPUT_ACCEPT 1110 -212
TRACE 18437 OUTPUT_ACCEPT 1111 35940
TRACE 18437 OUTPUT_ACCEPT 1112 -33622
TRACE 18437 OUTPUT_ACCEPT 1113 -27229
TRACE 18437 OUTPUT_ACCEPT 1114 11934
TRACE 18437 OUTPUT_ACCEPT 1115 22105
TRACE 18437 OUTPUT_ACCEPT 1116 -16433
TRACE 18437 OUTPUT_ACCEPT 1117 -35472
TRACE 18437 OUTPUT_ACCEPT 1118 29092
TRACE 18437 OUTPUT_ACCEPT 1119 225
TRACE 18437 OUTPUT_ACCEPT 1120 18505
TRACE 18437 OUTPUT_ACCEPT 1121 -35468
TRACE 18437 OUTPUT_ACCEPT 1122 -24131
TRACE 18437 OUTPUT_ACCEPT 1123 -32903
TRACE 18437 OUTPUT_ACCEPT 1124 -33372
TRACE 18437 OUTPUT_ACCEPT 1125 28022
TRACE 18437 OUTPUT_ACCEPT 1126 -7251
TRACE 18437 OUTPUT_ACCEPT 1127 -7242
TRACE 18437 OUTPUT_ACCEPT 1128 27279
TRACE 18437 OUTPUT_ACCEPT 1129 26387
TRACE 18437 OUTPUT_ACCEPT 1130 -11466
TRACE 18437 OUTPUT_ACCEPT 1131 34229
TRACE 18437 OUTPUT_ACCEPT 1132 -41327
TRACE 18437 OUTPUT_ACCEPT 1133 -34111
TRACE 18437 OUTPUT_ACCEPT 1134 20801
TRACE 18437 OUTPUT_ACCEPT 1135 -26087
TRACE 18437 OUTPUT_ACCEPT 1136 -13614
TRACE 18437 OUTPUT_ACCEPT 1137 16296
TRACE 18437 OUTPUT_ACCEPT 1138 3953
TRACE 18437 OUTPUT_ACCEPT 1139 13931
TRACE 18437 OUTPUT_ACCEPT 1140 11948
TRACE 18437 OUTPUT_ACCEPT 1141 20346
TRACE 18437 OUTPUT_ACCEPT 1142 -3009
TRACE 18437 OUTPUT_ACCEPT 1143 13364
TRACE 18437 OUTPUT_ACCEPT 1144 -10164
TRACE 18437 OUTPUT_ACCEPT 1145 -14581
TRACE 18437 OUTPUT_ACCEPT 1146 -26635
TRACE 18437 OUTPUT_ACCEPT 1147 7356
TRACE 18437 OUTPUT_ACCEPT 1148 33782
TRACE 18437 OUTPUT_ACCEPT 1149 13801
TRACE 18437 OUTPUT_ACCEPT 1150 -21175
TRACE 18437 OUTPUT_ACCEPT 1151 17387
TRACE 19461 OUTPUT_ACCEPT 1152 -46502
TRACE 19461 OUTPUT_ACCEPT 1153 38381
TRACE 19461 OUTPUT_ACCEPT 1154 23570
TRACE 19461 OUTPUT_ACCEPT 1155 17043
TRACE 19461 OUTPUT_ACCEPT 1156 -39473
TRACE 19461 OUTPUT_ACCEPT 1157 -14106
TRACE 19461 OUTPUT_ACCEPT 1158 51956
TRACE 19461 OUTPUT_ACCEPT 1159 42469
TRACE 19461 OUTPUT_ACCEPT 1160 1289
TRACE 19461 OUTPUT_ACCEPT 1161 7994
TRACE 19461 OUTPUT_ACCEPT 1162 20425
TRACE 19461 OUTPUT_ACCEPT 1163 -22027
TRACE 19461 OUTPUT_ACCEPT 1164 3702
TRACE 19461 OUTPUT_ACCEPT 1165 5406
TRACE 19461 OUTPUT_ACCEPT 1166 755
TRACE 19461 OUTPUT_ACCEPT 1167 9427
TRACE 19461 OUTPUT_ACCEPT 1168 7414
TRACE 19461 OUTPUT_ACCEPT 1169 16369
TRACE 19461 OUTPUT_ACCEPT 1170 12549
TRACE 19461 OUTPUT_ACCEPT 1171 21581
TRACE 19461 OUTPUT_ACCEPT 1172 -1127
TRACE 19461 OUTPUT_ACCEPT 1173 4274
TRACE 19461 OUTPUT_ACCEPT 1174 9409
TRACE 19461 OUTPUT_ACCEPT 1175 -14161
TRACE 19461 OUTPUT_ACCEPT 1176 610
TRACE 19461 OUTPUT_ACCEPT 1177 13914
TRACE 19461 OUTPUT_ACCEPT 1178 5366
TRACE 19461 OUTPUT_ACCEPT 1179 -31388
TRACE 19461 OUTPUT_ACCEPT 1180 27313
TRACE 19461 OUTPUT_ACCEPT 1181 -12494
TRACE 19461 OUTPUT_ACCEPT 1182 -13300
TRACE 19461 OUTPUT_ACCEPT 1183 25948
TRACE 19461 OUTPUT_ACCEPT 1184 -18694
TRACE 19461 OUTPUT_ACCEPT 1185 -17051
TRACE 19461 OUTPUT_ACCEPT 1186 -15065
TRACE 19461 OUTPUT_ACCEPT 1187 3029
TRACE 19461 OUTPUT_ACCEPT 1188 -16893
TRACE 19461 OUTPUT_ACCEPT 1189 -935
TRACE 19461 OUTPUT_ACCEPT 1190 -23739
TRACE 19461 OUTPUT_ACCEPT 1191 13777
TRACE 19461 OUTPUT_ACCEPT 1192 -20138
TRACE 19461 OUTPUT_ACCEPT 1193 -31919
TRACE 19461 OUTPUT_ACCEPT 1194 22130
TRACE 19461 OUTPUT_ACCEPT 1195 4068
TRACE 19461 OUTPUT_ACCEPT 1196 17846
TRACE 19461 OUTPUT_ACCEPT 1197 -27180
TRACE 19461 OUTPUT_ACCEPT 1198 -26584
TRACE 19461 OUTPUT_ACCEPT 1199 3530
TRACE 19461 OUTPUT_ACCEPT 1200 -5013
TRACE 19461 OUTPUT_ACCEPT 1201 -26082
TRACE 19461 OUTPUT_ACCEPT 1202 1791
TRACE 19461 OUTPUT_ACCEPT 1203 13244
TRACE 19461 OUTPUT_ACCEPT 1204 16017
TRACE 19461 OUTPUT_ACCEPT 1205 -30710
TRACE 19461 OUTPUT_ACCEPT 1206 -26999
TRACE 19461 OUTPUT_ACCEPT 1207 8553
TRACE 19461 OUTPUT_ACCEPT 1208 -14450
TRACE 19461 OUTPUT_ACCEPT 1209 1858
TRACE 19461 OUTPUT_ACCEPT 1210 18287
TRACE 19461 OUTPUT_ACCEPT 1211 8993
TRACE 19461 OUTPUT_ACCEPT 1212 -17741
TRACE 19461 OUTPUT_ACCEPT 1213 -15425
TRACE 19461 OUTPUT_ACCEPT 1214 32731
TRACE 19461 OUTPUT_ACCEPT 1215 -10422
TRACE 20485 OUTPUT_ACCEPT 1216 -15557
TRACE 20485 OUTPUT_ACCEPT 1217 -25268
TRACE 20485 OUTPUT_ACCEPT 1218 -34531
TRACE 20485 OUTPUT_ACCEPT 1219 15898
TRACE 20485 OUTPUT_ACCEPT 1220 32110
TRACE 20485 OUTPUT_ACCEPT 1221 20555
TRACE 20485 OUTPUT_ACCEPT 1222 -16454
TRACE 20485 OUTPUT_ACCEPT 1223 5545
TRACE 20485 OUTPUT_ACCEPT 1224 29234
TRACE 20485 OUTPUT_ACCEPT 1225 4356
TRACE 20485 OUTPUT_ACCEPT 1226 35088
TRACE 20485 OUTPUT_ACCEPT 1227 -45214
TRACE 20485 OUTPUT_ACCEPT 1228 45260
TRACE 20485 OUTPUT_ACCEPT 1229 -25382
TRACE 20485 OUTPUT_ACCEPT 1230 -14413
TRACE 20485 OUTPUT_ACCEPT 1231 -17177
TRACE 20485 OUTPUT_ACCEPT 1232 -10214
TRACE 20485 OUTPUT_ACCEPT 1233 3372
TRACE 20485 OUTPUT_ACCEPT 1234 -5593
TRACE 20485 OUTPUT_ACCEPT 1235 601
TRACE 20485 OUTPUT_ACCEPT 1236 -9324
TRACE 20485 OUTPUT_ACCEPT 1237 15390
TRACE 20485 OUTPUT_ACCEPT 1238 -33262
TRACE 20485 OUTPUT_ACCEPT 1239 -2594
TRACE 20485 OUTPUT_ACCEPT 1240 -4012
TRACE 20485 OUTPUT_ACCEPT 1241 20284
TRACE 20485 OUTPUT_ACCEPT 1242 -21243
TRACE 20485 OUTPUT_ACCEPT 1243 4717
TRACE 20485 OUTPUT_ACCEPT 1244 26050
TRACE 20485 OUTPUT_ACCEPT 1245 1689
TRACE 20485 OUTPUT_ACCEPT 1246 -26316
TRACE 20485 OUTPUT_ACCEPT 1247 -10955
TRACE 20485 OUTPUT_ACCEPT 1248 5411
TRACE 20485 OUTPUT_ACCEPT 1249 26228
TRACE 20485 OUTPUT_ACCEPT 1250 -20347
TRACE 20485 OUTPUT_ACCEPT 1251 -10202
TRACE 20485 OUTPUT_ACCEPT 1252 -37094
TRACE 20485 OUTPUT_ACCEPT 1253 25053
TRACE 20485 OUTPUT_ACCEPT 1254 -14809
TRACE 20485 OUTPUT_ACCEPT 1255 12701
TRACE 20485 OUTPUT_ACCEPT 1256 25892
TRACE 20485 OUTPUT_ACCEPT 1257 26368
TRACE 20485 OUTPUT_ACCEPT 1258 26640
TRACE 20485 OUTPUT_ACCEPT 1259 30348
TRACE 20485 OUTPUT_ACCEPT 1260 -12517
TRACE 20485 OUTPUT_ACCEPT 1261 -15823
TRACE 20485 OUTPUT_ACCEPT 1262 -16163
TRACE 20485 OUTPUT_ACCEPT 1263 15935
TRACE 20485 OUTPUT_ACCEPT 1264 -17351
TRACE 20485 OUTPUT_ACCEPT 1265 10630
TRACE 20485 OUTPUT_ACCEPT 1266 29100
TRACE 20485 OUTPUT_ACCEPT 1267 6671
TRACE 20485 OUTPUT_ACCEPT 1268 20734
TRACE 20485 OUTPUT_ACCEPT 1269 -21015
TRACE 20485 OUTPUT_ACCEPT 1270 -3091
TRACE 20485 OUTPUT_ACCEPT 1271 -2821
TRACE 20485 OUTPUT_ACCEPT 1272 -4785
TRACE 20485 OUTPUT_ACCEPT 1273 10659
TRACE 20485 OUTPUT_ACCEPT 1274 -3474
TRACE 20485 OUTPUT_ACCEPT 1275 -9386
TRACE 20485 OUTPUT_ACCEPT 1276 17929
TRACE 20485 OUTPUT_ACCEPT 1277 -1816
TRACE 20485 OUTPUT_ACCEPT 1278 -1190
TRACE 20485 OUTPUT_ACCEPT 1279 -1247
TRACE 21509 OUTPUT_ACCEPT 1280 -16692
TRACE 21509 OUTPUT_ACCEPT 1281 -17976
TRACE 21509 OUTPUT_ACCEPT 1282 -12110
TRACE 21509 OUTPUT_ACCEPT 1283 16921
TRACE 21509 OUTPUT_ACCEPT 1284 -5914
TRACE 21509 OUTPUT_ACCEPT 1285 23864
TRACE 21509 OUTPUT_ACCEPT 1286 -31835
TRACE 21509 OUTPUT_ACCEPT 1287 6717
TRACE 21509 OUTPUT_ACCEPT 1288 14638
TRACE 21509 OUTPUT_ACCEPT 1289 139
TRACE 21509 OUTPUT_ACCEPT 1290 6498
TRACE 21509 OUTPUT_ACCEPT 1291 6186
TRACE 21509 OUTPUT_ACCEPT 1292 -5747
TRACE 21509 OUTPUT_ACCEPT 1293 -11653
TRACE 21509 OUTPUT_ACCEPT 1294 -25516
TRACE 21509 OUTPUT_ACCEPT 1295 18717
TRACE 21509 OUTPUT_ACCEPT 1296 -12588
TRACE 21509 OUTPUT_ACCEPT 1297 13607
TRACE 21509 OUTPUT_ACCEPT 1298 -6728
TRACE 21509 OUTPUT_ACCEPT 1299 5878
TRACE 21509 OUTPUT_ACCEPT 1300 -10752
TRACE 21509 OUTPUT_ACCEPT 1301 2484
TRACE 21509 OUTPUT_ACCEPT 1302 -5730
TRACE 21509 OUTPUT_ACCEPT 1303 -7716
TRACE 21509 OUTPUT_ACCEPT 1304 22231
TRACE 21509 OUTPUT_ACCEPT 1305 7366
TRACE 21509 OUTPUT_ACCEPT 1306 -17028
TRACE 21509 OUTPUT_ACCEPT 1307 11155
TRACE 21509 OUTPUT_ACCEPT 1308 2147
TRACE 21509 OUTPUT_ACCEPT 1309 -5480
TRACE 21509 OUTPUT_ACCEPT 1310 -539
TRACE 21509 OUTPUT_ACCEPT 1311 12380
TRACE 21509 OUTPUT_ACCEPT 1312 -8208
TRACE 21509 OUTPUT_ACCEPT 1313 3805
TRACE 21509 OUTPUT_ACCEPT 1314 -17911
TRACE 21509 OUTPUT_ACCEPT 1315 -5242
TRACE 21509 OUTPUT_ACCEPT 1316 -4988
TRACE 21509 OUTPUT_ACCEPT 1317 -27732
TRACE 21509 OUTPUT_ACCEPT 1318 -5459
TRACE 21509 OUTPUT_ACCEPT 1319 41597
TRACE 21509 OUTPUT_ACCEPT 1320 -357
TRACE 21509 OUTPUT_ACCEPT 1321 -8951
TRACE 21509 OUTPUT_ACCEPT 1322 -5823
TRACE 21509 OUTPUT_ACCEPT 1323 5633
TRACE 21509 OUTPUT_ACCEPT 1324 19154
TRACE 21509 OUTPUT_ACCEPT 1325 22744
TRACE 21509 OUTPUT_ACCEPT 1326 32468
TRACE 21509 OUTPUT_ACCEPT 1327 -14385
TRACE 21509 OUTPUT_ACCEPT 1328 8482
TRACE 21509 OUTPUT_ACCEPT 1329 -29895
TRACE 21509 OUTPUT_ACCEPT 1330 -29056
TRACE 21509 OUTPUT_ACCEPT 1331 6450
TRACE 21509 OUTPUT_ACCEPT 1332 18493
TRACE 21509 OUTPUT_ACCEPT 1333 14877
TRACE 21509 OUTPUT_ACCEPT 1334 25502
TRACE 21509 OUTPUT_ACCEPT 1335 21872
TRACE 21509 OUTPUT_ACCEPT 1336 -11434
TRACE 21509 OUTPUT_ACCEPT 1337 8681
TRACE 21509 OUTPUT_ACCEPT 1338 18492
TRACE 21509 OUTPUT_ACCEPT 1339 -13450
TRACE 21509 OUTPUT_ACCEPT 1340 33699
TRACE 21509 OUTPUT_ACCEPT 1341 31995
TRACE 21509 OUTPUT_ACCEPT 1342 -4591
TRACE 21509 OUTPUT_ACCEPT 1343 -7308
TRACE 22533 OUTPUT_ACCEPT 1344 1804
TRACE 22533 OUTPUT_ACCEPT 1345 17023
TRACE 22533 OUTPUT_ACCEPT 1346 -12136
TRACE 22533 OUTPUT_ACCEPT 1347 -9004
TRACE 22533 OUTPUT_ACCEPT 1348 -22219
TRACE 22533 OUTPUT_ACCEPT 1349 -383
TRACE 22533 OUTPUT_ACCEPT 1350 700
TRACE 22533 OUTPUT_ACCEPT 1351 -1724
TRACE 22533 OUTPUT_ACCEPT 1352 -10197
TRACE 22533 OUTPUT_ACCEPT 1353 28626
TRACE 22533 OUTPUT_ACCEPT 1354 8048
TRACE 22533 OUTPUT_ACCEPT 1355 49
TRACE 22533 OUTPUT_ACCEPT 1356 4582
TRACE 22533 OUTPUT_ACCEPT 1357 -5314
TRACE 22533 OUTPUT_ACCEPT 1358 2703
TRACE 22533 OUTPUT_ACCEPT 1359 -6547
TRACE 22533 OUTPUT_ACCEPT 1360 -3889
TRACE 22533 OUTPUT_ACCEPT 1361 -2278
TRACE 22533 OUTPUT_ACCEPT 1362 -11002
TRACE 22533 OUTPUT_ACCEPT 1363 -23674
TRACE 22533 OUTPUT_ACCEPT 1364 22272
TRACE 22533 OUTPUT_ACCEPT 1365 7418
TRACE 22533 OUTPUT_ACCEPT 1366 -15633
TRACE 22533 OUTPUT_ACCEPT 1367 9062
TRACE 22533 OUTPUT_ACCEPT 1368 -4681
TRACE 22533 OUTPUT_ACCEPT 1369 13940
TRACE 22533 OUTPUT_ACCEPT 1370 17538
TRACE 22533 OUTPUT_ACCEPT 1371 -9964
TRACE 22533 OUTPUT_ACCEPT 1372 17203
TRACE 22533 OUTPUT_ACCEPT 1373 28628
TRACE 22533 OUTPUT_ACCEPT 1374 6961
TRACE 22533 OUTPUT_ACCEPT 1375 3606
TRACE 22533 OUTPUT_ACCEPT 1376 -3975
TRACE 22533 OUTPUT_ACCEPT 1377 -5482
TRACE 22533 OUTPUT_ACCEPT 1378 11002
TRACE 22533 OUTPUT_ACCEPT 1379 -4822
TRACE 22533 OUTPUT_ACCEPT 1380 22659
TRACE 22533 OUTPUT_ACCEPT 1381 16049
TRACE 22533 OUTPUT_ACCEPT 1382 -8429
TRACE 22533 OUTPUT_ACCEPT 1383 20337
TRACE 22533 OUTPUT_ACCEPT 1384 7216
TRACE 22533 OUTPUT_ACCEPT 1385 -13514
TRACE 22533 OUTPUT_ACCEPT 1386 9618
TRACE 22533 OUTPUT_ACCEPT 1387 23244
TRACE 22533 OUTPUT_ACCEPT 1388 20059
TRACE 22533 OUTPUT_ACCEPT 1389 -10223
TRACE 22533 OUTPUT_ACCEPT 1390 4053
TRACE 22533 OUTPUT_ACCEPT 1391 30824
TRACE 22533 OUTPUT_ACCEPT 1392 24351
TRACE 22533 OUTPUT_ACCEPT 1393 -16518
TRACE 22533 OUTPUT_ACCEPT 1394 -20862
TRACE 22533 OUTPUT_ACCEPT 1395 12007
TRACE 22533 OUTPUT_ACCEPT 1396 17920
TRACE 22533 OUTPUT_ACCEPT 1397 -1655
TRACE 22533 OUTPUT_ACCEPT 1398 -3839
TRACE 22533 OUTPUT_ACCEPT 1399 -17154
TRACE 22533 OUTPUT_ACCEPT 1400 -17126
TRACE 22533 OUTPUT_ACCEPT 1401 -129
TRACE 22533 OUTPUT_ACCEPT 1402 -33020
TRACE 22533 OUTPUT_ACCEPT 1403 15396
TRACE 22533 OUTPUT_ACCEPT 1404 -54
TRACE 22533 OUTPUT_ACCEPT 1405 23069
TRACE 22533 OUTPUT_ACCEPT 1406 -2166
TRACE 22533 OUTPUT_ACCEPT 1407 -13556
TRACE 23557 OUTPUT_ACCEPT 1408 27163
TRACE 23557 OUTPUT_ACCEPT 1409 -24177
TRACE 23557 OUTPUT_ACCEPT 1410 -25604
TRACE 23557 OUTPUT_ACCEPT 1411 3191
TRACE 23557 OUTPUT_ACCEPT 1412 2223
TRACE 23557 OUTPUT_ACCEPT 1413 -15859
TRACE 23557 OUTPUT_ACCEPT 1414 -25774
TRACE 23557 OUTPUT_ACCEPT 1415 10989
TRACE 23557 OUTPUT_ACCEPT 1416 24889
TRACE 23557 OUTPUT_ACCEPT 1417 17376
TRACE 23557 OUTPUT_ACCEPT 1418 45954
TRACE 23557 OUTPUT_ACCEPT 1419 25100
TRACE 23557 OUTPUT_ACCEPT 1420 36272
TRACE 23557 OUTPUT_ACCEPT 1421 -20915
TRACE 23557 OUTPUT_ACCEPT 1422 -17494
TRACE 23557 OUTPUT_ACCEPT 1423 -27751
TRACE 23557 OUTPUT_ACCEPT 1424 -26176
TRACE 23557 OUTPUT_ACCEPT 1425 -10651
TRACE 23557 OUTPUT_ACCEPT 1426 -37505
TRACE 23557 OUTPUT_ACCEPT 1427 -21676
TRACE 23557 OUTPUT_ACCEPT 1428 -40582
TRACE 23557 OUTPUT_ACCEPT 1429 37027
TRACE 23557 OUTPUT_ACCEPT 1430 11345
TRACE 23557 OUTPUT_ACCEPT 1431 -45830
TRACE 23557 OUTPUT_ACCEPT 1432 -23971
TRACE 23557 OUTPUT_ACCEPT 1433 -31767
TRACE 23557 OUTPUT_ACCEPT 1434 36381
TRACE 23557 OUTPUT_ACCEPT 1435 -22893
TRACE 23557 OUTPUT_ACCEPT 1436 -31792
TRACE 23557 OUTPUT_ACCEPT 1437 -5475
TRACE 23557 OUTPUT_ACCEPT 1438 31287
TRACE 23557 OUTPUT_ACCEPT 1439 -33291
TRACE 23557 OUTPUT_ACCEPT 1440 -13441
TRACE 23557 OUTPUT_ACCEPT 1441 22600
TRACE 23557 OUTPUT_ACCEPT 1442 -8779
TRACE 23557 OUTPUT_ACCEPT 1443 19178
TRACE 23557 OUTPUT_ACCEPT 1444 -30236
TRACE 23557 OUTPUT_ACCEPT 1445 19650
TRACE 23557 OUTPUT_ACCEPT 1446 13051
TRACE 23557 OUTPUT_ACCEPT 1447 -13209
TRACE 23557 OUTPUT_ACCEPT 1448 20506
TRACE 23557 OUTPUT_ACCEPT 1449 12120
TRACE 23557 OUTPUT_ACCEPT 1450 -12630
TRACE 23557 OUTPUT_ACCEPT 1451 18110
TRACE 23557 OUTPUT_ACCEPT 1452 9983
TRACE 23557 OUTPUT_ACCEPT 1453 -9116
TRACE 23557 OUTPUT_ACCEPT 1454 -23270
TRACE 23557 OUTPUT_ACCEPT 1455 -7389
TRACE 23557 OUTPUT_ACCEPT 1456 -531
TRACE 23557 OUTPUT_ACCEPT 1457 32343
TRACE 23557 OUTPUT_ACCEPT 1458 37656
TRACE 23557 OUTPUT_ACCEPT 1459 -5456
TRACE 23557 OUTPUT_ACCEPT 1460 -2495
TRACE 23557 OUTPUT_ACCEPT 1461 -10243
TRACE 23557 OUTPUT_ACCEPT 1462 8616
TRACE 23557 OUTPUT_ACCEPT 1463 18678
TRACE 23557 OUTPUT_ACCEPT 1464 9828
TRACE 23557 OUTPUT_ACCEPT 1465 -5823
TRACE 23557 OUTPUT_ACCEPT 1466 21912
TRACE 23557 OUTPUT_ACCEPT 1467 -19920
TRACE 23557 OUTPUT_ACCEPT 1468 18812
TRACE 23557 OUTPUT_ACCEPT 1469 -29109
TRACE 23557 OUTPUT_ACCEPT 1470 -12408
TRACE 23557 OUTPUT_ACCEPT 1471 -3328
TRACE 24581 OUTPUT_ACCEPT 1472 -13503
TRACE 24581 OUTPUT_ACCEPT 1473 1204
TRACE 24581 OUTPUT_ACCEPT 1474 -3044
TRACE 24581 OUTPUT_ACCEPT 1475 -12604
TRACE 24581 OUTPUT_ACCEPT 1476 -12337
TRACE 24581 OUTPUT_ACCEPT 1477 9651
TRACE 24581 OUTPUT_ACCEPT 1478 -26857
TRACE 24581 OUTPUT_ACCEPT 1479 7334
TRACE 24581 OUTPUT_ACCEPT 1480 -247
TRACE 24581 OUTPUT_ACCEPT 1481 25694
TRACE 24581 OUTPUT_ACCEPT 1482 -20769
TRACE 24581 OUTPUT_ACCEPT 1483 -16762
TRACE 24581 OUTPUT_ACCEPT 1484 -27693
TRACE 24581 OUTPUT_ACCEPT 1485 -23804
TRACE 24581 OUTPUT_ACCEPT 1486 -25244
TRACE 24581 OUTPUT_ACCEPT 1487 26399
TRACE 24581 OUTPUT_ACCEPT 1488 -30529
TRACE 24581 OUTPUT_ACCEPT 1489 -40518
TRACE 24581 OUTPUT_ACCEPT 1490 -46571
TRACE 24581 OUTPUT_ACCEPT 1491 -22747
TRACE 24581 OUTPUT_ACCEPT 1492 -23934
TRACE 24581 OUTPUT_ACCEPT 1493 6399
TRACE 24581 OUTPUT_ACCEPT 1494 -31096
TRACE 24581 OUTPUT_ACCEPT 1495 -15910
TRACE 24581 OUTPUT_ACCEPT 1496 9288
TRACE 24581 OUTPUT_ACCEPT 1497 -44106
TRACE 24581 OUTPUT_ACCEPT 1498 29152
TRACE 24581 OUTPUT_ACCEPT 1499 39825
TRACE 24581 OUTPUT_ACCEPT 1500 37397
TRACE 24581 OUTPUT_ACCEPT 1501 26271
TRACE 24581 OUTPUT_ACCEPT 1502 -42216
TRACE 24581 OUTPUT_ACCEPT 1503 -3659
TRACE 24581 OUTPUT_ACCEPT 1504 -34940
TRACE 24581 OUTPUT_ACCEPT 1505 -10981
TRACE 24581 OUTPUT_ACCEPT 1506 23558
TRACE 24581 OUTPUT_ACCEPT 1507 22087
TRACE 24581 OUTPUT_ACCEPT 1508 38634
TRACE 24581 OUTPUT_ACCEPT 1509 30435
TRACE 24581 OUTPUT_ACCEPT 1510 451
TRACE 24581 OUTPUT_ACCEPT 1511 28482
TRACE 24581 OUTPUT_ACCEPT 1512 -27496
TRACE 24581 OUTPUT_ACCEPT 1513 -24721
TRACE 24581 OUTPUT_ACCEPT 1514 36702
TRACE 24581 OUTPUT_ACCEPT 1515 26326
TRACE 24581 OUTPUT_ACCEPT 1516 2278
TRACE 24581 OUTPUT_ACCEPT 1517 19166
TRACE 24581 OUTPUT_ACCEPT 1518 -31424
TRACE 24581 OUTPUT_ACCEPT 1519 25216
TRACE 24581 OUTPUT_ACCEPT 1520 -30602
TRACE 24581 OUTPUT_ACCEPT 1521 11515
TRACE 24581 OUTPUT_ACCEPT 1522 0
TRACE 24581 OUTPUT_ACCEPT 1523 29620
TRACE 24581 OUTPUT_ACCEPT 1524 -8002
TRACE 24581 OUTPUT_ACCEPT 1525 5257
TRACE 24581 OUTPUT_ACCEPT 1526 -22692
TRACE 24581 OUTPUT_ACCEPT 1527 37289
TRACE 24581 OUTPUT_ACCEPT 1528 -14400
TRACE 24581 OUTPUT_ACCEPT 1529 4513
TRACE 24581 OUTPUT_ACCEPT 1530 -9328
TRACE 24581 OUTPUT_ACCEPT 1531 22120
TRACE 24581 OUTPUT_ACCEPT 1532 19877
TRACE 24581 OUTPUT_ACCEPT 1533 -12848
TRACE 24581 OUTPUT_ACCEPT 1534 -6717
TRACE 24581 OUTPUT_ACCEPT 1535 -11607
TRACE 25605 OUTPUT_ACCEPT 1536 1698
TRACE 25605 OUTPUT_ACCEPT 1537 3265
TRACE 25605 OUTPUT_ACCEPT 1538 29185
TRACE 25605 OUTPUT_ACCEPT 1539 -14242
TRACE 25605 OUTPUT_ACCEPT 1540 6899
TRACE 25605 OUTPUT_ACCEPT 1541 -4385
TRACE 25605 OUTPUT_ACCEPT 1542 1132
TRACE 25605 OUTPUT_ACCEPT 1543 4021
TRACE 25605 OUTPUT_ACCEPT 1544 36129
TRACE 25605 OUTPUT_ACCEPT 1545 8601
TRACE 25605 OUTPUT_ACCEPT 1546 17120
TRACE 25605 OUTPUT_ACCEPT 1547 19013
TRACE 25605 OUTPUT_ACCEPT 1548 38708
TRACE 25605 OUTPUT_ACCEPT 1549 9876
TRACE 25605 OUTPUT_ACCEPT 1550 -39990
TRACE 25605 OUTPUT_ACCEPT 1551 -56955
TRACE 25605 OUTPUT_ACCEPT 1552 30617
TRACE 25605 OUTPUT_ACCEPT 1553 14034
TRACE 25605 OUTPUT_ACCEPT 1554 -38358
TRACE 25605 OUTPUT_ACCEPT 1555 20728
TRACE 25605 OUTPUT_ACCEPT 1556 49834
TRACE 25605 OUTPUT_ACCEPT 1557 -14074
TRACE 25605 OUTPUT_ACCEPT 1558 -16110
TRACE 25605 OUTPUT_ACCEPT 1559 44573
TRACE 25605 OUTPUT_ACCEPT 1560 -8141
TRACE 25605 OUTPUT_ACCEPT 1561 -13297
TRACE 25605 OUTPUT_ACCEPT 1562 -28093
TRACE 25605 OUTPUT_ACCEPT 1563 -41649
TRACE 25605 OUTPUT_ACCEPT 1564 49893
TRACE 25605 OUTPUT_ACCEPT 1565 -25218
TRACE 25605 OUTPUT_ACCEPT 1566 -23323
TRACE 25605 OUTPUT_ACCEPT 1567 -22680
TRACE 25605 OUTPUT_ACCEPT 1568 -28431
TRACE 25605 OUTPUT_ACCEPT 1569 -39186
TRACE 25605 OUTPUT_ACCEPT 1570 25690
TRACE 25605 OUTPUT_ACCEPT 1571 27570
TRACE 25605 OUTPUT_ACCEPT 1572 63104
TRACE 25605 OUTPUT_ACCEPT 1573 -62742
TRACE 25605 OUTPUT_ACCEPT 1574 -4172
TRACE 25605 OUTPUT_ACCEPT 1575 -11100
TRACE 25605 OUTPUT_ACCEPT 1576 2376
TRACE 25605 OUTPUT_ACCEPT 1577 -50532
TRACE 25605 OUTPUT_ACCEPT 1578 -14653
TRACE 25605 OUTPUT_ACCEPT 1579 42234
TRACE 25605 OUTPUT_ACCEPT 1580 15009
TRACE 25605 OUTPUT_ACCEPT 1581 -6163
TRACE 25605 OUTPUT_ACCEPT 1582 31298
TRACE 25605 OUTPUT_ACCEPT 1583 38139
TRACE 25605 OUTPUT_ACCEPT 1584 28818
TRACE 25605 OUTPUT_ACCEPT 1585 43229
TRACE 25605 OUTPUT_ACCEPT 1586 -19589
TRACE 25605 OUTPUT_ACCEPT 1587 1983
TRACE 25605 OUTPUT_ACCEPT 1588 -37212
TRACE 25605 OUTPUT_ACCEPT 1589 -3678
TRACE 25605 OUTPUT_ACCEPT 1590 -3254
TRACE 25605 OUTPUT_ACCEPT 1591 4839
TRACE 25605 OUTPUT_ACCEPT 1592 5915
TRACE 25605 OUTPUT_ACCEPT 1593 -25294
TRACE 25605 OUTPUT_ACCEPT 1594 -26171
TRACE 25605 OUTPUT_ACCEPT 1595 50198
TRACE 25605 OUTPUT_ACCEPT 1596 44154
TRACE 25605 OUTPUT_ACCEPT 1597 -865
TRACE 25605 OUTPUT_ACCEPT 1598 -1489
TRACE 25605 OUTPUT_ACCEPT 1599 -686
TRACE 26629 OUTPUT_ACCEPT 1600 -658
TRACE 26629 OUTPUT_ACCEPT 1601 24902
TRACE 26629 OUTPUT_ACCEPT 1602 5193
TRACE 26629 OUTPUT_ACCEPT 1603 -3685
TRACE 26629 OUTPUT_ACCEPT 1604 2739
TRACE 26629 OUTPUT_ACCEPT 1605 -12037
TRACE 26629 OUTPUT_ACCEPT 1606 5769
TRACE 26629 OUTPUT_ACCEPT 1607 23479
TRACE 26629 OUTPUT_ACCEPT 1608 -3815
TRACE 26629 OUTPUT_ACCEPT 1609 -27264
TRACE 26629 OUTPUT_ACCEPT 1610 -38652
TRACE 26629 OUTPUT_ACCEPT 1611 11835
TRACE 26629 OUTPUT_ACCEPT 1612 9303
TRACE 26629 OUTPUT_ACCEPT 1613 -47012
TRACE 26629 OUTPUT_ACCEPT 1614 -5675
TRACE 26629 OUTPUT_ACCEPT 1615 3788
TRACE 26629 OUTPUT_ACCEPT 1616 -44264
TRACE 26629 OUTPUT_ACCEPT 1617 6072
TRACE 26629 OUTPUT_ACCEPT 1618 10110
TRACE 26629 OUTPUT_ACCEPT 1619 59720
TRACE 26629 OUTPUT_ACCEPT 1620 50490
TRACE 26629 OUTPUT_ACCEPT 1621 20982
TRACE 26629 OUTPUT_ACCEPT 1622 17388
TRACE 26629 OUTPUT_ACCEPT 1623 85920
TRACE 26629 OUTPUT_ACCEPT 1624 4758
TRACE 26629 OUTPUT_ACCEPT 1625 -47442
TRACE 26629 OUTPUT_ACCEPT 1626 40946
TRACE 26629 OUTPUT_ACCEPT 1627 -44800
TRACE 26629 OUTPUT_ACCEPT 1628 512
TRACE 26629 OUTPUT_ACCEPT 1629 15996
TRACE 26629 OUTPUT_ACCEPT 1630 9705
TRACE 26629 OUTPUT_ACCEPT 1631 -51673
TRACE 26629 OUTPUT_ACCEPT 1632 31357
TRACE 26629 OUTPUT_ACCEPT 1633 5530
TRACE 26629 OUTPUT_ACCEPT 1634 25644
TRACE 26629 OUTPUT_ACCEPT 1635 2706
TRACE 26629 OUTPUT_ACCEPT 1636 -34527
TRACE 26629 OUTPUT_ACCEPT 1637 33883
TRACE 26629 OUTPUT_ACCEPT 1638 24630
TRACE 26629 OUTPUT_ACCEPT 1639 -4017
TRACE 26629 OUTPUT_ACCEPT 1640 -27880
TRACE 26629 OUTPUT_ACCEPT 1641 1212
TRACE 26629 OUTPUT_ACCEPT 1642 60586
TRACE 26629 OUTPUT_ACCEPT 1643 -19254
TRACE 26629 OUTPUT_ACCEPT 1644 -57282
TRACE 26629 OUTPUT_ACCEPT 1645 -55070
TRACE 26629 OUTPUT_ACCEPT 1646 -33937
TRACE 26629 OUTPUT_ACCEPT 1647 1604
TRACE 26629 OUTPUT_ACCEPT 1648 16569
TRACE 26629 OUTPUT_ACCEPT 1649 30886
TRACE 26629 OUTPUT_ACCEPT 1650 -9374
TRACE 26629 OUTPUT_ACCEPT 1651 11134
TRACE 26629 OUTPUT_ACCEPT 1652 34164
TRACE 26629 OUTPUT_ACCEPT 1653 -20017
TRACE 26629 OUTPUT_ACCEPT 1654 -26838
TRACE 26629 OUTPUT_ACCEPT 1655 -19925
TRACE 26629 OUTPUT_ACCEPT 1656 -3679
TRACE 26629 OUTPUT_ACCEPT 1657 25720
TRACE 26629 OUTPUT_ACCEPT 1658 21350
TRACE 26629 OUTPUT_ACCEPT 1659 191
TRACE 26629 OUTPUT_ACCEPT 1660 22471
TRACE 26629 OUTPUT_ACCEPT 1661 -15540
TRACE 26629 OUTPUT_ACCEPT 1662 4924
TRACE 26629 OUTPUT_ACCEPT 1663 -5125
TRACE 27653 OUTPUT_ACCEPT 1664 71
TRACE 27653 OUTPUT_ACCEPT 1665 -5346
TRACE 27653 OUTPUT_ACCEPT 1666 -3894
TRACE 27653 OUTPUT_ACCEPT 1667 5301
TRACE 27653 OUTPUT_ACCEPT 1668 871
TRACE 27653 OUTPUT_ACCEPT 1669 -24888
TRACE 27653 OUTPUT_ACCEPT 1670 5052
TRACE 27653 OUTPUT_ACCEPT 1671 12171
TRACE 27653 OUTPUT_ACCEPT 1672 -29738
TRACE 27653 OUTPUT_ACCEPT 1673 2088
TRACE 27653 OUTPUT_ACCEPT 1674 -1247
TRACE 27653 OUTPUT_ACCEPT 1675 14399
TRACE 27653 OUTPUT_ACCEPT 1676 39529
TRACE 27653 OUTPUT_ACCEPT 1677 3877
TRACE 27653 OUTPUT_ACCEPT 1678 17527
TRACE 27653 OUTPUT_ACCEPT 1679 10960
TRACE 27653 OUTPUT_ACCEPT 1680 -7350
TRACE 27653 OUTPUT_ACCEPT 1681 12957
TRACE 27653 OUTPUT_ACCEPT 1682 30618
TRACE 27653 OUTPUT_ACCEPT 1683 19975
TRACE 27653 OUTPUT_ACCEPT 1684 13725
TRACE 27653 OUTPUT_ACCEPT 1685 -18138
TRACE 27653 OUTPUT_ACCEPT 1686 -17880
TRACE 27653 OUTPUT_ACCEPT 1687 -21992
TRACE 27653 OUTPUT_ACCEPT 1688 -50656
TRACE 27653 OUTPUT_ACCEPT 1689 -33791
TRACE 27653 OUTPUT_ACCEPT 1690 6013
TRACE 27653 OUTPUT_ACCEPT 1691 -57022
TRACE 27653 OUTPUT_ACCEPT 1692 -27068
TRACE 27653 OUTPUT_ACCEPT 1693 -52137
TRACE 27653 OUTPUT_ACCEPT 1694 -38255
TRACE 27653 OUTPUT_ACCEPT 1695 6869
TRACE 27653 OUTPUT_ACCEPT 1696 -10080
TRACE 27653 OUTPUT_ACCEPT 1697 9723
TRACE 27653 OUTPUT_ACCEPT 1698 43716
TRACE 27653 OUTPUT_ACCEPT 1699 4291
TRACE 27653 OUTPUT_ACCEPT 1700 34426
TRACE 27653 OUTPUT_ACCEPT 1701 -46486
TRACE 27653 OUTPUT_ACCEPT 1702 -23202
TRACE 27653 OUTPUT_ACCEPT 1703 -30673
TRACE 27653 OUTPUT_ACCEPT 1704 -26863
TRACE 27653 OUTPUT_ACCEPT 1705 38237
TRACE 27653 OUTPUT_ACCEPT 1706 49713
TRACE 27653 OUTPUT_ACCEPT 1707 45660
TRACE 27653 OUTPUT_ACCEPT 1708 4642
TRACE 27653 OUTPUT_ACCEPT 1709 -9816
TRACE 27653 OUTPUT_ACCEPT 1710 32934
TRACE 27653 OUTPUT_ACCEPT 1711 20375
TRACE 27653 OUTPUT_ACCEPT 1712 -9920
TRACE 27653 OUTPUT_ACCEPT 1713 32348
TRACE 27653 OUTPUT_ACCEPT 1714 38867
TRACE 27653 OUTPUT_ACCEPT 1715 18130
TRACE 27653 OUTPUT_ACCEPT 1716 50491
TRACE 27653 OUTPUT_ACCEPT 1717 -6286
TRACE 27653 OUTPUT_ACCEPT 1718 -9587
TRACE 27653 OUTPUT_ACCEPT 1719 37616
TRACE 27653 OUTPUT_ACCEPT 1720 -7043
TRACE 27653 OUTPUT_ACCEPT 1721 36184
TRACE 27653 OUTPUT_ACCEPT 1722 -17534
TRACE 27653 OUTPUT_ACCEPT 1723 -30057
TRACE 27653 OUTPUT_ACCEPT 1724 -42899
TRACE 27653 OUTPUT_ACCEPT 1725 56801
TRACE 27653 OUTPUT_ACCEPT 1726 24560
TRACE 27653 OUTPUT_ACCEPT 1727 -19299
TRACE 28677 OUTPUT_ACCEPT 1728 20333
TRACE 28677 OUTPUT_ACCEPT 1729 1247
TRACE 28677 OUTPUT_ACCEPT 1730 -7049
TRACE 28677 OUTPUT_ACCEPT 1731 2318
TRACE 28677 OUTPUT_ACCEPT 1732 28243
TRACE 28677 OUTPUT_ACCEPT 1733 -30089
TRACE 28677 OUTPUT_ACCEPT 1734 -27812
TRACE 28677 OUTPUT_ACCEPT 1735 20905
TRACE 28677 OUTPUT_ACCEPT 1736 18070
TRACE 28677 OUTPUT_ACCEPT 1737 30001
TRACE 28677 OUTPUT_ACCEPT 1738 -7182
TRACE 28677 OUTPUT_ACCEPT 1739 25874
TRACE 28677 OUTPUT_ACCEPT 1740 -14142
TRACE 28677 OUTPUT_ACCEPT 1741 -5629
TRACE 28677 OUTPUT_ACCEPT 1742 -31938
TRACE 28677 OUTPUT_ACCEPT 1743 21925
TRACE 28677 OUTPUT_ACCEPT 1744 -25388
TRACE 28677 OUTPUT_ACCEPT 1745 3368
TRACE 28677 OUTPUT_ACCEPT 1746 25767
TRACE 28677 OUTPUT_ACCEPT 1747 36009
TRACE 28677 OUTPUT_ACCEPT 1748 -48788
TRACE 28677 OUTPUT_ACCEPT 1749 18957
TRACE 28677 OUTPUT_ACCEPT 1750 39070
TRACE 28677 OUTPUT_ACCEPT 1751 19042
TRACE 28677 OUTPUT_ACCEPT 1752 20428
TRACE 28677 OUTPUT_ACCEPT 1753 19032
TRACE 28677 OUTPUT_ACCEPT 1754 41562
TRACE 28677 OUTPUT_ACCEPT 1755 -24264
TRACE 28677 OUTPUT_ACCEPT 1756 -39173
TRACE 28677 OUTPUT_ACCEPT 1757 27631
TRACE 28677 OUTPUT_ACCEPT 1758 -28164
TRACE 28677 OUTPUT_ACCEPT 1759 -39991
TRACE 28677 OUTPUT_ACCEPT 1760 -47461
TRACE 28677 OUTPUT_ACCEPT 1761 -43521
TRACE 28677 OUTPUT_ACCEPT 1762 -12291
TRACE 28677 OUTPUT_ACCEPT 1763 27252
TRACE 28677 OUTPUT_ACCEPT 1764 -39272
TRACE 28677 OUTPUT_ACCEPT 1765 35194
TRACE 28677 OUTPUT_ACCEPT 1766 25727
TRACE 28677 OUTPUT_ACCEPT 1767 -21240
TRACE 28677 OUTPUT_ACCEPT 1768 33422
TRACE 28677 OUTPUT_ACCEPT 1769 38533
TRACE 28677 OUTPUT_ACCEPT 1770 -5476
TRACE 28677 OUTPUT_ACCEPT 1771 48173
TRACE 28677 OUTPUT_ACCEPT 1772 -65162
TRACE 28677 OUTPUT_ACCEPT 1773 -43088
TRACE 28677 OUTPUT_ACCEPT 1774 -19179
TRACE 28677 OUTPUT_ACCEPT 1775 -40647
TRACE 28677 OUTPUT_ACCEPT 1776 48298
TRACE 28677 OUTPUT_ACCEPT 1777 33557
TRACE 28677 OUTPUT_ACCEPT 1778 -41026
TRACE 28677 OUTPUT_ACCEPT 1779 -14472
TRACE 28677 OUTPUT_ACCEPT 1780 34049
TRACE 28677 OUTPUT_ACCEPT 1781 28495
TRACE 28677 OUTPUT_ACCEPT 1782 58598
TRACE 28677 OUTPUT_ACCEPT 1783 12742
TRACE 28677 OUTPUT_ACCEPT 1784 -45762
TRACE 28677 OUTPUT_ACCEPT 1785 -53568
TRACE 28677 OUTPUT_ACCEPT 1786 28345
TRACE 28677 OUTPUT_ACCEPT 1787 30588
TRACE 28677 OUTPUT_ACCEPT 1788 -15678
TRACE 28677 OUTPUT_ACCEPT 1789 -38508
TRACE 28677 OUTPUT_ACCEPT 1790 -22989
TRACE 28677 OUTPUT_ACCEPT 1791 9944
TRACE 29701 OUTPUT_ACCEPT 1792 -2294
TRACE 29701 OUTPUT_ACCEPT 1793 4043
TRACE 29701 OUTPUT_ACCEPT 1794 -13247
TRACE 29701 OUTPUT_ACCEPT 1795 -4054
TRACE 29701 OUTPUT_ACCEPT 1796 -3649
TRACE 29701 OUTPUT_ACCEPT 1797 20
TRACE 29701 OUTPUT_ACCEPT 1798 2111
TRACE 29701 OUTPUT_ACCEPT 1799 4179
TRACE 29701 OUTPUT_ACCEPT 1800 -18184
TRACE 29701 OUTPUT_ACCEPT 1801 6131
TRACE 29701 OUTPUT_ACCEPT 1802 4284
TRACE 29701 OUTPUT_ACCEPT 1803 -8014
TRACE 29701 OUTPUT_ACCEPT 1804 14640
TRACE 29701 OUTPUT_ACCEPT 1805 -8078
TRACE 29701 OUTPUT_ACCEPT 1806 -22021
TRACE 29701 OUTPUT_ACCEPT 1807 -3289
TRACE 29701 OUTPUT_ACCEPT 1808 -8545
TRACE 29701 OUTPUT_ACCEPT 1809 15040
TRACE 29701 OUTPUT_ACCEPT 1810 22395
TRACE 29701 OUTPUT_ACCEPT 1811 -5812
TRACE 29701 OUTPUT_ACCEPT 1812 -2672
TRACE 29701 OUTPUT_ACCEPT 1813 14909
TRACE 29701 OUTPUT_ACCEPT 1814 21747
TRACE 29701 OUTPUT_ACCEPT 1815 2067
TRACE 29701 OUTPUT_ACCEPT 1816 22130
TRACE 29701 OUTPUT_ACCEPT 1817 -16227
TRACE 29701 OUTPUT_ACCEPT 1818 -20886
TRACE 29701 OUTPUT_ACCEPT 1819 -30540
TRACE 29701 OUTPUT_ACCEPT 1820 -21
TRACE 29701 OUTPUT_ACCEPT 1821 13412
TRACE 29701 OUTPUT_ACCEPT 1822 27389
TRACE 29701 OUTPUT_ACCEPT 1823 -44093
TRACE 29701 OUTPUT_ACCEPT 1824 7063
TRACE 29701 OUTPUT_ACCEPT 1825 -18225
TRACE 29701 OUTPUT_ACCEPT 1826 -28394
TRACE 29701 OUTPUT_ACCEPT 1827 -18027
TRACE 29701 OUTPUT_ACCEPT 1828 11264
TRACE 29701 OUTPUT_ACCEPT 1829 -34190
TRACE 29701 OUTPUT_ACCEPT 1830 33056
TRACE 29701 OUTPUT_ACCEPT 1831 4694
TRACE 29701 OUTPUT_ACCEPT 1832 -794
TRACE 29701 OUTPUT_ACCEPT 1833 -9576
TRACE 29701 OUTPUT_ACCEPT 1834 -5621
TRACE 29701 OUTPUT_ACCEPT 1835 24837
TRACE 29701 OUTPUT_ACCEPT 1836 -16012
TRACE 29701 OUTPUT_ACCEPT 1837 29192
TRACE 29701 OUTPUT_ACCEPT 1838 2712
TRACE 29701 OUTPUT_ACCEPT 1839 -34139
TRACE 29701 OUTPUT_ACCEPT 1840 -2692
TRACE 29701 OUTPUT_ACCEPT 1841 25355
TRACE 29701 OUTPUT_ACCEPT 1842 -36462
TRACE 29701 OUTPUT_ACCEPT 1843 -13778
TRACE 29701 OUTPUT_ACCEPT 1844 38563
TRACE 29701 OUTPUT_ACCEPT 1845 -33200
TRACE 29701 OUTPUT_ACCEPT 1846 -50704
TRACE 29701 OUTPUT_ACCEPT 1847 12857
TRACE 29701 OUTPUT_ACCEPT 1848 5318
TRACE 29701 OUTPUT_ACCEPT 1849 -4229
TRACE 29701 OUTPUT_ACCEPT 1850 -42502
TRACE 29701 OUTPUT_ACCEPT 1851 -1089
TRACE 29701 OUTPUT_ACCEPT 1852 2764
TRACE 29701 OUTPUT_ACCEPT 1853 24750
TRACE 29701 OUTPUT_ACCEPT 1854 -9672
TRACE 29701 OUTPUT_ACCEPT 1855 6358
TRACE 30725 OUTPUT_ACCEPT 1856 7923
TRACE 30725 OUTPUT_ACCEPT 1857 -2337
TRACE 30725 OUTPUT_ACCEPT 1858 2537
TRACE 30725 OUTPUT_ACCEPT 1859 -7561
TRACE 30725 OUTPUT_ACCEPT 1860 -3587
TRACE 30725 OUTPUT_ACCEPT 1861 8668
TRACE 30725 OUTPUT_ACCEPT 1862 -14958
TRACE 30725 OUTPUT_ACCEPT 1863 6160
TRACE 30725 OUTPUT_ACCEPT 1864 4676
TRACE 30725 OUTPUT_ACCEPT 1865 -4729
TRACE 30725 OUTPUT_ACCEPT 1866 4851
TRACE 30725 OUTPUT_ACCEPT 1867 -4559
TRACE 30725 OUTPUT_ACCEPT 1868 7393
TRACE 30725 OUTPUT_ACCEPT 1869 6203
TRACE 30725 OUTPUT_ACCEPT 1870 2210
TRACE 30725 OUTPUT_ACCEPT 1871 -5686
TRACE 30725 OUTPUT_ACCEPT 1872 -2738
TRACE 30725 OUTPUT_ACCEPT 1873 3792
TRACE 30725 OUTPUT_ACCEPT 1874 32737
TRACE 30725 OUTPUT_ACCEPT 1875 -5650
TRACE 30725 OUTPUT_ACCEPT 1876 -1361
TRACE 30725 OUTPUT_ACCEPT 1877 29736
TRACE 30725 OUTPUT_ACCEPT 1878 27797
TRACE 30725 OUTPUT_ACCEPT 1879 -10774
TRACE 30725 OUTPUT_ACCEPT 1880 -4177
TRACE 30725 OUTPUT_ACCEPT 1881 -12186
TRACE 30725 OUTPUT_ACCEPT 1882 -6018
TRACE 30725 OUTPUT_ACCEPT 1883 -44925
TRACE 30725 OUTPUT_ACCEPT 1884 -17196
TRACE 30725 OUTPUT_ACCEPT 1885 21938
TRACE 30725 OUTPUT_ACCEPT 1886 35316
TRACE 30725 OUTPUT_ACCEPT 1887 17347
TRACE 30725 OUTPUT_ACCEPT 1888 19198
TRACE 30725 OUTPUT_ACCEPT 1889 14595
TRACE 30725 OUTPUT_ACCEPT 1890 -34630
TRACE 30725 OUTPUT_ACCEPT 1891 -14376
TRACE 30725 OUTPUT_ACCEPT 1892 -4975
TRACE 30725 OUTPUT_ACCEPT 1893 28499
TRACE 30725 OUTPUT_ACCEPT 1894 -22004
TRACE 30725 OUTPUT_ACCEPT 1895 -2293
TRACE 30725 OUTPUT_ACCEPT 1896 5151
TRACE 30725 OUTPUT_ACCEPT 1897 -4349
TRACE 30725 OUTPUT_ACCEPT 1898 -45277
TRACE 30725 OUTPUT_ACCEPT 1899 -8385
TRACE 30725 OUTPUT_ACCEPT 1900 13156
TRACE 30725 OUTPUT_ACCEPT 1901 -18729
TRACE 30725 OUTPUT_ACCEPT 1902 31181
TRACE 30725 OUTPUT_ACCEPT 1903 -4193
TRACE 30725 OUTPUT_ACCEPT 1904 38908
TRACE 30725 OUTPUT_ACCEPT 1905 6898
TRACE 30725 OUTPUT_ACCEPT 1906 -47832
TRACE 30725 OUTPUT_ACCEPT 1907 -3919
TRACE 30725 OUTPUT_ACCEPT 1908 11994
TRACE 30725 OUTPUT_ACCEPT 1909 -12741
TRACE 30725 OUTPUT_ACCEPT 1910 23420
TRACE 30725 OUTPUT_ACCEPT 1911 13132
TRACE 30725 OUTPUT_ACCEPT 1912 -28227
TRACE 30725 OUTPUT_ACCEPT 1913 6987
TRACE 30725 OUTPUT_ACCEPT 1914 -9876
TRACE 30725 OUTPUT_ACCEPT 1915 10168
TRACE 30725 OUTPUT_ACCEPT 1916 892
TRACE 30725 OUTPUT_ACCEPT 1917 23767
TRACE 30725 OUTPUT_ACCEPT 1918 27564
TRACE 30725 OUTPUT_ACCEPT 1919 -11310
TRACE 31749 OUTPUT_ACCEPT 1920 -9970
TRACE 31749 OUTPUT_ACCEPT 1921 2461
TRACE 31749 OUTPUT_ACCEPT 1922 -8627
TRACE 31749 OUTPUT_ACCEPT 1923 -25754
TRACE 31749 OUTPUT_ACCEPT 1924 16821
TRACE 31749 OUTPUT_ACCEPT 1925 5127
TRACE 31749 OUTPUT_ACCEPT 1926 15229
TRACE 31749 OUTPUT_ACCEPT 1927 -2367
TRACE 31749 OUTPUT_ACCEPT 1928 8504
TRACE 31749 OUTPUT_ACCEPT 1929 -26163
TRACE 31749 OUTPUT_ACCEPT 1930 10276
TRACE 31749 OUTPUT_ACCEPT 1931 25605
TRACE 31749 OUTPUT_ACCEPT 1932 -3656
TRACE 31749 OUTPUT_ACCEPT 1933 -10590
TRACE 31749 OUTPUT_ACCEPT 1934 5002
TRACE 31749 OUTPUT_ACCEPT 1935 -2074
TRACE 31749 OUTPUT_ACCEPT 1936 -1906
TRACE 31749 OUTPUT_ACCEPT 1937 15497
TRACE 31749 OUTPUT_ACCEPT 1938 -4700
TRACE 31749 OUTPUT_ACCEPT 1939 -3696
TRACE 31749 OUTPUT_ACCEPT 1940 -9112
TRACE 31749 OUTPUT_ACCEPT 1941 5408
TRACE 31749 OUTPUT_ACCEPT 1942 -5399
TRACE 31749 OUTPUT_ACCEPT 1943 -10060
TRACE 31749 OUTPUT_ACCEPT 1944 10679
TRACE 31749 OUTPUT_ACCEPT 1945 -4932
TRACE 31749 OUTPUT_ACCEPT 1946 -1778
TRACE 31749 OUTPUT_ACCEPT 1947 22872
TRACE 31749 OUTPUT_ACCEPT 1948 -5649
TRACE 31749 OUTPUT_ACCEPT 1949 -10339
TRACE 31749 OUTPUT_ACCEPT 1950 11397
TRACE 31749 OUTPUT_ACCEPT 1951 9748
TRACE 31749 OUTPUT_ACCEPT 1952 -1896
TRACE 31749 OUTPUT_ACCEPT 1953 11312
TRACE 31749 OUTPUT_ACCEPT 1954 -7013
TRACE 31749 OUTPUT_ACCEPT 1955 -15051
TRACE 31749 OUTPUT_ACCEPT 1956 -23091
TRACE 31749 OUTPUT_ACCEPT 1957 -24861
TRACE 31749 OUTPUT_ACCEPT 1958 -21159
TRACE 31749 OUTPUT_ACCEPT 1959 -12868
TRACE 31749 OUTPUT_ACCEPT 1960 8466
TRACE 31749 OUTPUT_ACCEPT 1961 -2756
TRACE 31749 OUTPUT_ACCEPT 1962 -29990
TRACE 31749 OUTPUT_ACCEPT 1963 19401
TRACE 31749 OUTPUT_ACCEPT 1964 28436
TRACE 31749 OUTPUT_ACCEPT 1965 -30601
TRACE 31749 OUTPUT_ACCEPT 1966 19215
TRACE 31749 OUTPUT_ACCEPT 1967 -19561
TRACE 31749 OUTPUT_ACCEPT 1968 28493
TRACE 31749 OUTPUT_ACCEPT 1969 13185
TRACE 31749 OUTPUT_ACCEPT 1970 -24888
TRACE 31749 OUTPUT_ACCEPT 1971 18292
TRACE 31749 OUTPUT_ACCEPT 1972 20769
TRACE 31749 OUTPUT_ACCEPT 1973 -23087
TRACE 31749 OUTPUT_ACCEPT 1974 -14532
TRACE 31749 OUTPUT_ACCEPT 1975 -32168
TRACE 31749 OUTPUT_ACCEPT 1976 25295
TRACE 31749 OUTPUT_ACCEPT 1977 1621
TRACE 31749 OUTPUT_ACCEPT 1978 6380
TRACE 31749 OUTPUT_ACCEPT 1979 29359
TRACE 31749 OUTPUT_ACCEPT 1980 3804
TRACE 31749 OUTPUT_ACCEPT 1981 9063
TRACE 31749 OUTPUT_ACCEPT 1982 4388
TRACE 31749 OUTPUT_ACCEPT 1983 26627
TRACE 32773 OUTPUT_ACCEPT 1984 -27335
TRACE 32773 OUTPUT_ACCEPT 1985 4330
TRACE 32773 OUTPUT_ACCEPT 1986 17667
TRACE 32773 OUTPUT_ACCEPT 1987 32134
TRACE 32773 OUTPUT_ACCEPT 1988 -37752
TRACE 32773 OUTPUT_ACCEPT 1989 20561
TRACE 32773 OUTPUT_ACCEPT 1990 -14623
TRACE 32773 OUTPUT_ACCEPT 1991 -29768
TRACE 32773 OUTPUT_ACCEPT 1992 -5382
TRACE 32773 OUTPUT_ACCEPT 1993 4853
TRACE 32773 OUTPUT_ACCEPT 1994 -14632
TRACE 32773 OUTPUT_ACCEPT 1995 -2871
TRACE 32773 OUTPUT_ACCEPT 1996 13320
TRACE 32773 OUTPUT_ACCEPT 1997 12130
TRACE 32773 OUTPUT_ACCEPT 1998 570
TRACE 32773 OUTPUT_ACCEPT 1999 -6080
TRACE 32773 OUTPUT_ACCEPT 2000 3847
TRACE 32773 OUTPUT_ACCEPT 2001 -745
TRACE 32773 OUTPUT_ACCEPT 2002 3606
TRACE 32773 OUTPUT_ACCEPT 2003 -2037
TRACE 32773 OUTPUT_ACCEPT 2004 -15203
TRACE 32773 OUTPUT_ACCEPT 2005 -6711
TRACE 32773 OUTPUT_ACCEPT 2006 5535
TRACE 32773 OUTPUT_ACCEPT 2007 -2648
TRACE 32773 OUTPUT_ACCEPT 2008 -14375
TRACE 32773 OUTPUT_ACCEPT 2009 -11089
TRACE 32773 OUTPUT_ACCEPT 2010 24748
TRACE 32773 OUTPUT_ACCEPT 2011 19917
TRACE 32773 OUTPUT_ACCEPT 2012 -2577
TRACE 32773 OUTPUT_ACCEPT 2013 17032
TRACE 32773 OUTPUT_ACCEPT 2014 14370
TRACE 32773 OUTPUT_ACCEPT 2015 7978
TRACE 32773 OUTPUT_ACCEPT 2016 6729
TRACE 32773 OUTPUT_ACCEPT 2017 25547
TRACE 32773 OUTPUT_ACCEPT 2018 -12183
TRACE 32773 OUTPUT_ACCEPT 2019 -16562
TRACE 32773 OUTPUT_ACCEPT 2020 4740
TRACE 32773 OUTPUT_ACCEPT 2021 -2388
TRACE 32773 OUTPUT_ACCEPT 2022 8391
TRACE 32773 OUTPUT_ACCEPT 2023 4113
TRACE 32773 OUTPUT_ACCEPT 2024 -15428
TRACE 32773 OUTPUT_ACCEPT 2025 13883
TRACE 32773 OUTPUT_ACCEPT 2026 -624
TRACE 32773 OUTPUT_ACCEPT 2027 27555
TRACE 32773 OUTPUT_ACCEPT 2028 -2594
TRACE 32773 OUTPUT_ACCEPT 2029 -21331
TRACE 32773 OUTPUT_ACCEPT 2030 -32196
TRACE 32773 OUTPUT_ACCEPT 2031 37396
TRACE 32773 OUTPUT_ACCEPT 2032 -36608
TRACE 32773 OUTPUT_ACCEPT 2033 -17772
TRACE 32773 OUTPUT_ACCEPT 2034 -25728
TRACE 32773 OUTPUT_ACCEPT 2035 32092
TRACE 32773 OUTPUT_ACCEPT 2036 -15245
TRACE 32773 OUTPUT_ACCEPT 2037 17734
TRACE 32773 OUTPUT_ACCEPT 2038 -24577
TRACE 32773 OUTPUT_ACCEPT 2039 3498
TRACE 32773 OUTPUT_ACCEPT 2040 -22683
TRACE 32773 OUTPUT_ACCEPT 2041 39025
TRACE 32773 OUTPUT_ACCEPT 2042 -3962
TRACE 32773 OUTPUT_ACCEPT 2043 8255
TRACE 32773 OUTPUT_ACCEPT 2044 -15088
TRACE 32773 OUTPUT_ACCEPT 2045 25133
TRACE 32773 OUTPUT_ACCEPT 2046 24041
TRACE 32773 OUTPUT_ACCEPT 2047 -23524
TRACE 33797 OUTPUT_ACCEPT 2048 18552
TRACE 33797 OUTPUT_ACCEPT 2049 -3476
TRACE 33797 OUTPUT_ACCEPT 2050 -12243
TRACE 33797 OUTPUT_ACCEPT 2051 12853
TRACE 33797 OUTPUT_ACCEPT 2052 25043
TRACE 33797 OUTPUT_ACCEPT 2053 7385
TRACE 33797 OUTPUT_ACCEPT 2054 37723
TRACE 33797 OUTPUT_ACCEPT 2055 -3683
TRACE 33797 OUTPUT_ACCEPT 2056 34588
TRACE 33797 OUTPUT_ACCEPT 2057 13407
TRACE 33797 OUTPUT_ACCEPT 2058 -19697
TRACE 33797 OUTPUT_ACCEPT 2059 1025
TRACE 33797 OUTPUT_ACCEPT 2060 21743
TRACE 33797 OUTPUT_ACCEPT 2061 -24451
TRACE 33797 OUTPUT_ACCEPT 2062 -36764
TRACE 33797 OUTPUT_ACCEPT 2063 31107
TRACE 33797 OUTPUT_ACCEPT 2064 -24437
TRACE 33797 OUTPUT_ACCEPT 2065 -8352
TRACE 33797 OUTPUT_ACCEPT 2066 13915
TRACE 33797 OUTPUT_ACCEPT 2067 3070
TRACE 33797 OUTPUT_ACCEPT 2068 -12777
TRACE 33797 OUTPUT_ACCEPT 2069 3126
TRACE 33797 OUTPUT_ACCEPT 2070 15450
TRACE 33797 OUTPUT_ACCEPT 2071 8479
TRACE 33797 OUTPUT_ACCEPT 2072 6323
TRACE 33797 OUTPUT_ACCEPT 2073 -17746
TRACE 33797 OUTPUT_ACCEPT 2074 4641
TRACE 33797 OUTPUT_ACCEPT 2075 34512
TRACE 33797 OUTPUT_ACCEPT 2076 27939
TRACE 33797 OUTPUT_ACCEPT 2077 22108
TRACE 33797 OUTPUT_ACCEPT 2078 -16907
TRACE 33797 OUTPUT_ACCEPT 2079 -31305
TRACE 33797 OUTPUT_ACCEPT 2080 -22740
TRACE 33797 OUTPUT_ACCEPT 2081 -3861
TRACE 33797 OUTPUT_ACCEPT 2082 25734
TRACE 33797 OUTPUT_ACCEPT 2083 14433
TRACE 33797 OUTPUT_ACCEPT 2084 -31652
TRACE 33797 OUTPUT_ACCEPT 2085 -27276
TRACE 33797 OUTPUT_ACCEPT 2086 24770
TRACE 33797 OUTPUT_ACCEPT 2087 -34216
TRACE 33797 OUTPUT_ACCEPT 2088 -32249
TRACE 33797 OUTPUT_ACCEPT 2089 15095
TRACE 33797 OUTPUT_ACCEPT 2090 8930
TRACE 33797 OUTPUT_ACCEPT 2091 30017
TRACE 33797 OUTPUT_ACCEPT 2092 -34363
TRACE 33797 OUTPUT_ACCEPT 2093 14835
TRACE 33797 OUTPUT_ACCEPT 2094 -31388
TRACE 33797 OUTPUT_ACCEPT 2095 11587
TRACE 33797 OUTPUT_ACCEPT 2096 6739
TRACE 33797 OUTPUT_ACCEPT 2097 -25381
TRACE 33797 OUTPUT_ACCEPT 2098 12235
TRACE 33797 OUTPUT_ACCEPT 2099 13432
TRACE 33797 OUTPUT_ACCEPT 2100 9944
TRACE 33797 OUTPUT_ACCEPT 2101 15401
TRACE 33797 OUTPUT_ACCEPT 2102 1322
TRACE 33797 OUTPUT_ACCEPT 2103 -16844
TRACE 33797 OUTPUT_ACCEPT 2104 -4772
TRACE 33797 OUTPUT_ACCEPT 2105 -12073
TRACE 33797 OUTPUT_ACCEPT 2106 14157
TRACE 33797 OUTPUT_ACCEPT 2107 13682
TRACE 33797 OUTPUT_ACCEPT 2108 -15682
TRACE 33797 OUTPUT_ACCEPT 2109 -7877
TRACE 33797 OUTPUT_ACCEPT 2110 -7782
TRACE 33797 OUTPUT_ACCEPT 2111 -16761
TRACE 34821 OUTPUT_ACCEPT 2112 -6156
TRACE 34821 OUTPUT_ACCEPT 2113 6258
TRACE 34821 OUTPUT_ACCEPT 2114 26529
TRACE 34821 OUTPUT_ACCEPT 2115 -10062
TRACE 34821 OUTPUT_ACCEPT 2116 -7766
TRACE 34821 OUTPUT_ACCEPT 2117 31495
TRACE 34821 OUTPUT_ACCEPT 2118 1639
TRACE 34821 OUTPUT_ACCEPT 2119 -15882
TRACE 34821 OUTPUT_ACCEPT 2120 27943
TRACE 34821 OUTPUT_ACCEPT 2121 -13277
TRACE 34821 OUTPUT_ACCEPT 2122 12994
TRACE 34821 OUTPUT_ACCEPT 2123 -13571
TRACE 34821 OUTPUT_ACCEPT 2124 8352
TRACE 34821 OUTPUT_ACCEPT 2125 -12005
TRACE 34821 OUTPUT_ACCEPT 2126 -12164
TRACE 34821 OUTPUT_ACCEPT 2127 5497
TRACE 34821 OUTPUT_ACCEPT 2128 -18986
TRACE 34821 OUTPUT_ACCEPT 2129 -3289
TRACE 34821 OUTPUT_ACCEPT 2130 -6283
TRACE 34821 OUTPUT_ACCEPT 2131 -19652
TRACE 34821 OUTPUT_ACCEPT 2132 -13138
TRACE 34821 OUTPUT_ACCEPT 2133 5917
TRACE 34821 OUTPUT_ACCEPT 2134 6891
TRACE 34821 OUTPUT_ACCEPT 2135 -13289
TRACE 34821 OUTPUT_ACCEPT 2136 -17363
TRACE 34821 OUTPUT_ACCEPT 2137 -2268
TRACE 34821 OUTPUT_ACCEPT 2138 27029
TRACE 34821 OUTPUT_ACCEPT 2139 31824
TRACE 34821 OUTPUT_ACCEPT 2140 -14395
TRACE 34821 OUTPUT_ACCEPT 2141 -25894
TRACE 34821 OUTPUT_ACCEPT 2142 9343
TRACE 34821 OUTPUT_ACCEPT 2143 4906
TRACE 34821 OUTPUT_ACCEPT 2144 16050
TRACE 34821 OUTPUT_ACCEPT 2145 -5282
TRACE 34821 OUTPUT_ACCEPT 2146 30740
TRACE 34821 OUTPUT_ACCEPT 2147 7572
TRACE 34821 OUTPUT_ACCEPT 2148 6301
TRACE 34821 OUTPUT_ACCEPT 2149 -12858
TRACE 34821 OUTPUT_ACCEPT 2150 -4260
TRACE 34821 OUTPUT_ACCEPT 2151 19044
TRACE 34821 OUTPUT_ACCEPT 2152 -6266
TRACE 34821 OUTPUT_ACCEPT 2153 -14776
TRACE 34821 OUTPUT_ACCEPT 2154 19146
TRACE 34821 OUTPUT_ACCEPT 2155 -28595
TRACE 34821 OUTPUT_ACCEPT 2156 4784
TRACE 34821 OUTPUT_ACCEPT 2157 7476
TRACE 34821 OUTPUT_ACCEPT 2158 -12054
TRACE 34821 OUTPUT_ACCEPT 2159 -16661
TRACE 34821 OUTPUT_ACCEPT 2160 -34934
TRACE 34821 OUTPUT_ACCEPT 2161 -32547
TRACE 34821 OUTPUT_ACCEPT 2162 -22021
TRACE 34821 OUTPUT_ACCEPT 2163 -13659
TRACE 34821 OUTPUT_ACCEPT 2164 -32469
TRACE 34821 OUTPUT_ACCEPT 2165 1412
TRACE 34821 OUTPUT_ACCEPT 2166 14454
TRACE 34821 OUTPUT_ACCEPT 2167 -14388
TRACE 34821 OUTPUT_ACCEPT 2168 13894
TRACE 34821 OUTPUT_ACCEPT 2169 -9764
TRACE 34821 OUTPUT_ACCEPT 2170 1039
TRACE 34821 OUTPUT_ACCEPT 2171 -19317
TRACE 34821 OUTPUT_ACCEPT 2172 14014
TRACE 34821 OUTPUT_ACCEPT 2173 -5487
TRACE 34821 OUTPUT_ACCEPT 2174 4696
TRACE 34821 OUTPUT_ACCEPT 2175 -19104
TRACE 35845 OUTPUT_ACCEPT 2176 -2570
TRACE 35845 OUTPUT_ACCEPT 2177 30093
TRACE 35845 OUTPUT_ACCEPT 2178 33769
TRACE 35845 OUTPUT_ACCEPT 2179 -7975
TRACE 35845 OUTPUT_ACCEPT 2180 27482
TRACE 35845 OUTPUT_ACCEPT 2181 19392
TRACE 35845 OUTPUT_ACCEPT 2182 -2140
TRACE 35845 OUTPUT_ACCEPT 2183 -28610
TRACE 35845 OUTPUT_ACCEPT 2184 -13670
TRACE 35845 OUTPUT_ACCEPT 2185 20345
TRACE 35845 OUTPUT_ACCEPT 2186 25770
TRACE 35845 OUTPUT_ACCEPT 2187 28496
TRACE 35845 OUTPUT_ACCEPT 2188 19535
TRACE 35845 OUTPUT_ACCEPT 2189 -28672
TRACE 35845 OUTPUT_ACCEPT 2190 -27223
TRACE 35845 OUTPUT_ACCEPT 2191 24660
TRACE 35845 OUTPUT_ACCEPT 2192 -19754
TRACE 35845 OUTPUT_ACCEPT 2193 22282
TRACE 35845 OUTPUT_ACCEPT 2194 -9319
TRACE 35845 OUTPUT_ACCEPT 2195 -26067
TRACE 35845 OUTPUT_ACCEPT 2196 -7191
TRACE 35845 OUTPUT_ACCEPT 2197 24652
TRACE 35845 OUTPUT_ACCEPT 2198 21027
TRACE 35845 OUTPUT_ACCEPT 2199 -14527
TRACE 35845 OUTPUT_ACCEPT 2200 -3212
TRACE 35845 OUTPUT_ACCEPT 2201 8788
TRACE 35845 OUTPUT_ACCEPT 2202 6260
TRACE 35845 OUTPUT_ACCEPT 2203 13395
TRACE 35845 OUTPUT_ACCEPT 2204 -12596
TRACE 35845 OUTPUT_ACCEPT 2205 35182
TRACE 35845 OUTPUT_ACCEPT 2206 17526
TRACE 35845 OUTPUT_ACCEPT 2207 -8395
TRACE 35845 OUTPUT_ACCEPT 2208 8419
TRACE 35845 OUTPUT_ACCEPT 2209 2413
TRACE 35845 OUTPUT_ACCEPT 2210 19343
TRACE 35845 OUTPUT_ACCEPT 2211 -12909
TRACE 35845 OUTPUT_ACCEPT 2212 -38772
TRACE 35845 OUTPUT_ACCEPT 2213 -35842
TRACE 35845 OUTPUT_ACCEPT 2214 14269
TRACE 35845 OUTPUT_ACCEPT 2215 5158
TRACE 35845 OUTPUT_ACCEPT 2216 -26614
TRACE 35845 OUTPUT_ACCEPT 2217 -37005
TRACE 35845 OUTPUT_ACCEPT 2218 -10323
TRACE 35845 OUTPUT_ACCEPT 2219 -37765
TRACE 35845 OUTPUT_ACCEPT 2220 17843
TRACE 35845 OUTPUT_ACCEPT 2221 -23821
TRACE 35845 OUTPUT_ACCEPT 2222 -29358
TRACE 35845 OUTPUT_ACCEPT 2223 30510
TRACE 35845 OUTPUT_ACCEPT 2224 19850
TRACE 35845 OUTPUT_ACCEPT 2225 -28179
TRACE 35845 OUTPUT_ACCEPT 2226 7893
TRACE 35845 OUTPUT_ACCEPT 2227 -28585
TRACE 35845 OUTPUT_ACCEPT 2228 -27826
TRACE 35845 OUTPUT_ACCEPT 2229 -30799
TRACE 35845 OUTPUT_ACCEPT 2230 26071
TRACE 35845 OUTPUT_ACCEPT 2231 29735
TRACE 35845 OUTPUT_ACCEPT 2232 33517
TRACE 35845 OUTPUT_ACCEPT 2233 -27334
TRACE 35845 OUTPUT_ACCEPT 2234 28284
TRACE 35845 OUTPUT_ACCEPT 2235 30240
TRACE 35845 OUTPUT_ACCEPT 2236 -30859
TRACE 35845 OUTPUT_ACCEPT 2237 -13366
TRACE 35845 OUTPUT_ACCEPT 2238 -23929
TRACE 35845 OUTPUT_ACCEPT 2239 -25157
TRACE 36869 OUTPUT_ACCEPT 2240 -30455
TRACE 36869 OUTPUT_ACCEPT 2241 7460
TRACE 36869 OUTPUT_ACCEPT 2242 -14807
TRACE 36869 OUTPUT_ACCEPT 2243 -39140
TRACE 36869 OUTPUT_ACCEPT 2244 -12133
TRACE 36869 OUTPUT_ACCEPT 2245 -12616
TRACE 36869 OUTPUT_ACCEPT 2246 -12809
TRACE 36869 OUTPUT_ACCEPT 2247 20097
TRACE 36869 OUTPUT_ACCEPT 2248 310
TRACE 36869 OUTPUT_ACCEPT 2249 18558
TRACE 36869 OUTPUT_ACCEPT 2250 -27300
TRACE 36869 OUTPUT_ACCEPT 2251 -15843
TRACE 36869 OUTPUT_ACCEPT 2252 24717
TRACE 36869 OUTPUT_ACCEPT 2253 26992
TRACE 36869 OUTPUT_ACCEPT 2254 33161
TRACE 36869 OUTPUT_ACCEPT 2255 -25531
TRACE 36869 OUTPUT_ACCEPT 2256 -20307
TRACE 36869 OUTPUT_ACCEPT 2257 28847
TRACE 36869 OUTPUT_ACCEPT 2258 28703
TRACE 36869 OUTPUT_ACCEPT 2259 -6669
TRACE 36869 OUTPUT_ACCEPT 2260 -23082
TRACE 36869 OUTPUT_ACCEPT 2261 -22535
TRACE 36869 OUTPUT_ACCEPT 2262 2021
TRACE 36869 OUTPUT_ACCEPT 2263 -11649
TRACE 36869 OUTPUT_ACCEPT 2264 -8538
TRACE 36869 OUTPUT_ACCEPT 2265 -19494
TRACE 36869 OUTPUT_ACCEPT 2266 23953
TRACE 36869 OUTPUT_ACCEPT 2267 -16311
TRACE 36869 OUTPUT_ACCEPT 2268 -3943
TRACE 36869 OUTPUT_ACCEPT 2269 -12250
TRACE 36869 OUTPUT_ACCEPT 2270 -12827
TRACE 36869 OUTPUT_ACCEPT 2271 39422
TRACE 36869 OUTPUT_ACCEPT 2272 552
TRACE 36869 OUTPUT_ACCEPT 2273 20008
TRACE 36869 OUTPUT_ACCEPT 2274 26256
TRACE 36869 OUTPUT_ACCEPT 2275 30163
TRACE 36869 OUTPUT_ACCEPT 2276 -21544
TRACE 36869 OUTPUT_ACCEPT 2277 -5927
TRACE 36869 OUTPUT_ACCEPT 2278 14084
TRACE 36869 OUTPUT_ACCEPT 2279 27001
TRACE 36869 OUTPUT_ACCEPT 2280 34630
TRACE 36869 OUTPUT_ACCEPT 2281 13495
TRACE 36869 OUTPUT_ACCEPT 2282 34093
TRACE 36869 OUTPUT_ACCEPT 2283 -23857
TRACE 36869 OUTPUT_ACCEPT 2284 29884
TRACE 36869 OUTPUT_ACCEPT 2285 -29452
TRACE 36869 OUTPUT_ACCEPT 2286 22056
TRACE 36869 OUTPUT_ACCEPT 2287 -5593
TRACE 36869 OUTPUT_ACCEPT 2288 -34959
TRACE 36869 OUTPUT_ACCEPT 2289 13390
TRACE 36869 OUTPUT_ACCEPT 2290 -32828
TRACE 36869 OUTPUT_ACCEPT 2291 -27947
TRACE 36869 OUTPUT_ACCEPT 2292 -17415
TRACE 36869 OUTPUT_ACCEPT 2293 -33014
TRACE 36869 OUTPUT_ACCEPT 2294 28754
TRACE 36869 OUTPUT_ACCEPT 2295 20145
TRACE 36869 OUTPUT_ACCEPT 2296 -11021
TRACE 36869 OUTPUT_ACCEPT 2297 34169
TRACE 36869 OUTPUT_ACCEPT 2298 28021
TRACE 36869 OUTPUT_ACCEPT 2299 30817
TRACE 36869 OUTPUT_ACCEPT 2300 14488
TRACE 36869 OUTPUT_ACCEPT 2301 -5583
TRACE 36869 OUTPUT_ACCEPT 2302 25428
TRACE 36869 OUTPUT_ACCEPT 2303 -1396
TRACE 37893 OUTPUT_ACCEPT 2304 20976
TRACE 37893 OUTPUT_ACCEPT 2305 29851
TRACE 37893 OUTPUT_ACCEPT 2306 -29645
TRACE 37893 OUTPUT_ACCEPT 2307 27120
TRACE 37893 OUTPUT_ACCEPT 2308 -20474
TRACE 37893 OUTPUT_ACCEPT 2309 -27690
TRACE 37893 OUTPUT_ACCEPT 2310 28610
TRACE 37893 OUTPUT_ACCEPT 2311 -19347
TRACE 37893 OUTPUT_ACCEPT 2312 14277
TRACE 37893 OUTPUT_ACCEPT 2313 30084
TRACE 37893 OUTPUT_ACCEPT 2314 -24910
TRACE 37893 OUTPUT_ACCEPT 2315 -26251
TRACE 37893 OUTPUT_ACCEPT 2316 29514
TRACE 37893 OUTPUT_ACCEPT 2317 31482
TRACE 37893 OUTPUT_ACCEPT 2318 -31868
TRACE 37893 OUTPUT_ACCEPT 2319 -29879
TRACE 37893 OUTPUT_ACCEPT 2320 -32624
TRACE 37893 OUTPUT_ACCEPT 2321 34537
TRACE 37893 OUTPUT_ACCEPT 2322 30982
TRACE 37893 OUTPUT_ACCEPT 2323 -33470
TRACE 37893 OUTPUT_ACCEPT 2324 -31521
TRACE 37893 OUTPUT_ACCEPT 2325 33356
TRACE 37893 OUTPUT_ACCEPT 2326 34447
TRACE 37893 OUTPUT_ACCEPT 2327 33719
TRACE 37893 OUTPUT_ACCEPT 2328 33030
TRACE 37893 OUTPUT_ACCEPT 2329 -26265
TRACE 37893 OUTPUT_ACCEPT 2330 25635
TRACE 37893 OUTPUT_ACCEPT 2331 27164
TRACE 37893 OUTPUT_ACCEPT 2332 -31221
TRACE 37893 OUTPUT_ACCEPT 2333 -34286
TRACE 37893 OUTPUT_ACCEPT 2334 -30501
TRACE 37893 OUTPUT_ACCEPT 2335 -34260
TRACE 37893 OUTPUT_ACCEPT 2336 -30083
TRACE 37893 OUTPUT_ACCEPT 2337 35844
TRACE 37893 OUTPUT_ACCEPT 2338 6879
TRACE 37893 OUTPUT_ACCEPT 2339 33050
TRACE 37893 OUTPUT_ACCEPT 2340 -28813
TRACE 37893 OUTPUT_ACCEPT 2341 -11097
TRACE 37893 OUTPUT_ACCEPT 2342 -32320
TRACE 37893 OUTPUT_ACCEPT 2343 -27928
TRACE 37893 OUTPUT_ACCEPT 2344 29472
TRACE 37893 OUTPUT_ACCEPT 2345 21926
TRACE 37893 OUTPUT_ACCEPT 2346 21297
TRACE 37893 OUTPUT_ACCEPT 2347 -34981
TRACE 37893 OUTPUT_ACCEPT 2348 28145
TRACE 37893 OUTPUT_ACCEPT 2349 -32762
TRACE 37893 OUTPUT_ACCEPT 2350 32253
TRACE 37893 OUTPUT_ACCEPT 2351 33304
TRACE 37893 OUTPUT_ACCEPT 2352 29395
TRACE 37893 OUTPUT_ACCEPT 2353 36495
TRACE 37893 OUTPUT_ACCEPT 2354 31036
TRACE 37893 OUTPUT_ACCEPT 2355 30086
TRACE 37893 OUTPUT_ACCEPT 2356 -32048
TRACE 37893 OUTPUT_ACCEPT 2357 33014
TRACE 37893 OUTPUT_ACCEPT 2358 -32129
TRACE 37893 OUTPUT_ACCEPT 2359 28644
TRACE 37893 OUTPUT_ACCEPT 2360 -28044
TRACE 37893 OUTPUT_ACCEPT 2361 30233
TRACE 37893 OUTPUT_ACCEPT 2362 25896
TRACE 37893 OUTPUT_ACCEPT 2363 -23107
TRACE 37893 OUTPUT_ACCEPT 2364 -24725
TRACE 37893 OUTPUT_ACCEPT 2365 -26096
TRACE 37893 OUTPUT_ACCEPT 2366 -28256
TRACE 37893 OUTPUT_ACCEPT 2367 -29353
TRACE 38917 OUTPUT_ACCEPT 2368 -31218
TRACE 38917 OUTPUT_ACCEPT 2369 -26963
TRACE 38917 OUTPUT_ACCEPT 2370 29289
TRACE 38917 OUTPUT_ACCEPT 2371 1793
TRACE 38917 OUTPUT_ACCEPT 2372 -29378
TRACE 38917 OUTPUT_ACCEPT 2373 439
TRACE 38917 OUTPUT_ACCEPT 2374 -31082
TRACE 38917 OUTPUT_ACCEPT 2375 -30448
TRACE 38917 OUTPUT_ACCEPT 2376 32017
TRACE 38917 OUTPUT_ACCEPT 2377 35154
TRACE 38917 OUTPUT_ACCEPT 2378 -30632
TRACE 38917 OUTPUT_ACCEPT 2379 34638
TRACE 38917 OUTPUT_ACCEPT 2380 24815
TRACE 38917 OUTPUT_ACCEPT 2381 23089
TRACE 38917 OUTPUT_ACCEPT 2382 17755
TRACE 38917 OUTPUT_ACCEPT 2383 -26984
TRACE 38917 OUTPUT_ACCEPT 2384 32725
TRACE 38917 OUTPUT_ACCEPT 2385 -33772
TRACE 38917 OUTPUT_ACCEPT 2386 32981
TRACE 38917 OUTPUT_ACCEPT 2387 -34809
TRACE 38917 OUTPUT_ACCEPT 2388 33537
TRACE 38917 OUTPUT_ACCEPT 2389 -24137
TRACE 38917 OUTPUT_ACCEPT 2390 -35137
TRACE 38917 OUTPUT_ACCEPT 2391 31636
TRACE 38917 OUTPUT_ACCEPT 2392 -36878
TRACE 38917 OUTPUT_ACCEPT 2393 -31612
TRACE 38917 OUTPUT_ACCEPT 2394 25702
TRACE 38917 OUTPUT_ACCEPT 2395 31114
TRACE 38917 OUTPUT_ACCEPT 2396 -33232
TRACE 38917 OUTPUT_ACCEPT 2397 25211
TRACE 38917 OUTPUT_ACCEPT 2398 -32327
TRACE 38917 OUTPUT_ACCEPT 2399 -32549
TRACE 38917 OUTPUT_ACCEPT 2400 -20976
TRACE 38917 OUTPUT_ACCEPT 2401 -26348
TRACE 38917 OUTPUT_ACCEPT 2402 -32031
TRACE 38917 OUTPUT_ACCEPT 2403 -5266
TRACE 38917 OUTPUT_ACCEPT 2404 -33944
TRACE 38917 OUTPUT_ACCEPT 2405 31369
TRACE 38917 OUTPUT_ACCEPT 2406 5897
TRACE 38917 OUTPUT_ACCEPT 2407 -28902
TRACE 38917 OUTPUT_ACCEPT 2408 -30776
TRACE 38917 OUTPUT_ACCEPT 2409 -24005
TRACE 38917 OUTPUT_ACCEPT 2410 -13899
TRACE 38917 OUTPUT_ACCEPT 2411 25782
TRACE 38917 OUTPUT_ACCEPT 2412 25544
TRACE 38917 OUTPUT_ACCEPT 2413 29273
TRACE 38917 OUTPUT_ACCEPT 2414 6537
TRACE 38917 OUTPUT_ACCEPT 2415 -7150
TRACE 38917 OUTPUT_ACCEPT 2416 -20801
TRACE 38917 OUTPUT_ACCEPT 2417 -24266
TRACE 38917 OUTPUT_ACCEPT 2418 31107
TRACE 38917 OUTPUT_ACCEPT 2419 -19677
TRACE 38917 OUTPUT_ACCEPT 2420 -14297
TRACE 38917 OUTPUT_ACCEPT 2421 -28669
TRACE 38917 OUTPUT_ACCEPT 2422 -26059
TRACE 38917 OUTPUT_ACCEPT 2423 30071
TRACE 38917 OUTPUT_ACCEPT 2424 -27506
TRACE 38917 OUTPUT_ACCEPT 2425 -29083
TRACE 38917 OUTPUT_ACCEPT 2426 -31025
TRACE 38917 OUTPUT_ACCEPT 2427 21568
TRACE 38917 OUTPUT_ACCEPT 2428 -29885
TRACE 38917 OUTPUT_ACCEPT 2429 25983
TRACE 38917 OUTPUT_ACCEPT 2430 26422
TRACE 38917 OUTPUT_ACCEPT 2431 -29837
TRACE 39941 OUTPUT_ACCEPT 2432 -10244
TRACE 39941 OUTPUT_ACCEPT 2433 -6450
TRACE 39941 OUTPUT_ACCEPT 2434 16358
TRACE 39941 OUTPUT_ACCEPT 2435 6236
TRACE 39941 OUTPUT_ACCEPT 2436 -19252
TRACE 39941 OUTPUT_ACCEPT 2437 6663
TRACE 39941 OUTPUT_ACCEPT 2438 7775
TRACE 39941 OUTPUT_ACCEPT 2439 26790
TRACE 39941 OUTPUT_ACCEPT 2440 -34841
TRACE 39941 OUTPUT_ACCEPT 2441 -22855
TRACE 39941 OUTPUT_ACCEPT 2442 -9556
TRACE 39941 OUTPUT_ACCEPT 2443 -33605
TRACE 39941 OUTPUT_ACCEPT 2444 15581
TRACE 39941 OUTPUT_ACCEPT 2445 13640
TRACE 39941 OUTPUT_ACCEPT 2446 1205
TRACE 39941 OUTPUT_ACCEPT 2447 -28254
TRACE 39941 OUTPUT_ACCEPT 2448 19196
TRACE 39941 OUTPUT_ACCEPT 2449 18325
TRACE 39941 OUTPUT_ACCEPT 2450 1064
TRACE 39941 OUTPUT_ACCEPT 2451 -24916
TRACE 39941 OUTPUT_ACCEPT 2452 12577
TRACE 39941 OUTPUT_ACCEPT 2453 -2430
TRACE 39941 OUTPUT_ACCEPT 2454 18844
TRACE 39941 OUTPUT_ACCEPT 2455 26783
TRACE 39941 OUTPUT_ACCEPT 2456 7797
TRACE 39941 OUTPUT_ACCEPT 2457 -34743
TRACE 39941 OUTPUT_ACCEPT 2458 32567
TRACE 39941 OUTPUT_ACCEPT 2459 8281
TRACE 39941 OUTPUT_ACCEPT 2460 -20287
TRACE 39941 OUTPUT_ACCEPT 2461 39486
TRACE 39941 OUTPUT_ACCEPT 2462 5293
TRACE 39941 OUTPUT_ACCEPT 2463 1310
TRACE 39941 OUTPUT_ACCEPT 2464 15357
TRACE 39941 OUTPUT_ACCEPT 2465 -3965
TRACE 39941 OUTPUT_ACCEPT 2466 20672
TRACE 39941 OUTPUT_ACCEPT 2467 26359
TRACE 39941 OUTPUT_ACCEPT 2468 -2003
TRACE 39941 OUTPUT_ACCEPT 2469 21065
TRACE 39941 OUTPUT_ACCEPT 2470 2491
TRACE 39941 OUTPUT_ACCEPT 2471 11720
TRACE 39941 OUTPUT_ACCEPT 2472 -18642
TRACE 39941 OUTPUT_ACCEPT 2473 -5182
TRACE 39941 OUTPUT_ACCEPT 2474 3815
TRACE 39941 OUTPUT_ACCEPT 2475 -28371
TRACE 39941 OUTPUT_ACCEPT 2476 -26887
TRACE 39941 OUTPUT_ACCEPT 2477 34573
TRACE 39941 OUTPUT_ACCEPT 2478 14073
TRACE 39941 OUTPUT_ACCEPT 2479 -25688
TRACE 39941 OUTPUT_ACCEPT 2480 14373
TRACE 39941 OUTPUT_ACCEPT 2481 19325
TRACE 39941 OUTPUT_ACCEPT 2482 -25581
TRACE 39941 OUTPUT_ACCEPT 2483 10110
TRACE 39941 OUTPUT_ACCEPT 2484 13066
TRACE 39941 OUTPUT_ACCEPT 2485 -9474
TRACE 39941 OUTPUT_ACCEPT 2486 -45703
TRACE 39941 OUTPUT_ACCEPT 2487 -28856
TRACE 39941 OUTPUT_ACCEPT 2488 6405
TRACE 39941 OUTPUT_ACCEPT 2489 -9914
TRACE 39941 OUTPUT_ACCEPT 2490 -12477
TRACE 39941 OUTPUT_ACCEPT 2491 18666
TRACE 39941 OUTPUT_ACCEPT 2492 -28115
TRACE 39941 OUTPUT_ACCEPT 2493 -16808
TRACE 39941 OUTPUT_ACCEPT 2494 9945
TRACE 39941 OUTPUT_ACCEPT 2495 -7263
TRACE 40965 OUTPUT_ACCEPT 2496 -11202
TRACE 40965 OUTPUT_ACCEPT 2497 -13847
TRACE 40965 OUTPUT_ACCEPT 2498 10940
TRACE 40965 OUTPUT_ACCEPT 2499 -3900
TRACE 40965 OUTPUT_ACCEPT 2500 29923
TRACE 40965 OUTPUT_ACCEPT 2501 16197
TRACE 40965 OUTPUT_ACCEPT 2502 25652
TRACE 40965 OUTPUT_ACCEPT 2503 -16199
TRACE 40965 OUTPUT_ACCEPT 2504 21861
TRACE 40965 OUTPUT_ACCEPT 2505 -3265
TRACE 40965 OUTPUT_ACCEPT 2506 13860
TRACE 40965 OUTPUT_ACCEPT 2507 12633
TRACE 40965 OUTPUT_ACCEPT 2508 7328
TRACE 40965 OUTPUT_ACCEPT 2509 5215
TRACE 40965 OUTPUT_ACCEPT 2510 15785
TRACE 40965 OUTPUT_ACCEPT 2511 32748
TRACE 40965 OUTPUT_ACCEPT 2512 22618
TRACE 40965 OUTPUT_ACCEPT 2513 12725
TRACE 40965 OUTPUT_ACCEPT 2514 28160
TRACE 40965 OUTPUT_ACCEPT 2515 -54480
TRACE 40965 OUTPUT_ACCEPT 2516 -14599
TRACE 40965 OUTPUT_ACCEPT 2517 -8346
TRACE 40965 OUTPUT_ACCEPT 2518 -39780
TRACE 40965 OUTPUT_ACCEPT 2519 -20339
TRACE 40965 OUTPUT_ACCEPT 2520 12097
TRACE 40965 OUTPUT_ACCEPT 2521 2508
TRACE 40965 OUTPUT_ACCEPT 2522 -15177
TRACE 40965 OUTPUT_ACCEPT 2523 18379
TRACE 40965 OUTPUT_ACCEPT 2524 5384
TRACE 40965 OUTPUT_ACCEPT 2525 21434
TRACE 40965 OUTPUT_ACCEPT 2526 -36255
TRACE 40965 OUTPUT_ACCEPT 2527 -37278
TRACE 40965 OUTPUT_ACCEPT 2528 28964
TRACE 40965 OUTPUT_ACCEPT 2529 96
TRACE 40965 OUTPUT_ACCEPT 2530 153
TRACE 40965 OUTPUT_ACCEPT 2531 -5582
TRACE 40965 OUTPUT_ACCEPT 2532 732
TRACE 40965 OUTPUT_ACCEPT 2533 29381
TRACE 40965 OUTPUT_ACCEPT 2534 17748
TRACE 40965 OUTPUT_ACCEPT 2535 31491
TRACE 40965 OUTPUT_ACCEPT 2536 -28686
TRACE 40965 OUTPUT_ACCEPT 2537 -21987
TRACE 40965 OUTPUT_ACCEPT 2538 29937
TRACE 40965 OUTPUT_ACCEPT 2539 3133
TRACE 40965 OUTPUT_ACCEPT 2540 -7701
TRACE 40965 OUTPUT_ACCEPT 2541 20253
TRACE 40965 OUTPUT_ACCEPT 2542 -2387
TRACE 40965 OUTPUT_ACCEPT 2543 -14907
TRACE 40965 OUTPUT_ACCEPT 2544 -25469
TRACE 40965 OUTPUT_ACCEPT 2545 2205
TRACE 40965 OUTPUT_ACCEPT 2546 -19688
TRACE 40965 OUTPUT_ACCEPT 2547 -23273
TRACE 40965 OUTPUT_ACCEPT 2548 -30362
TRACE 40965 OUTPUT_ACCEPT 2549 -1606
TRACE 40965 OUTPUT_ACCEPT 2550 13349
TRACE 40965 OUTPUT_ACCEPT 2551 -31659
TRACE 40965 OUTPUT_ACCEPT 2552 8778
TRACE 40965 OUTPUT_ACCEPT 2553 -9382
TRACE 40965 OUTPUT_ACCEPT 2554 16113
TRACE 40965 OUTPUT_ACCEPT 2555 -15501
TRACE 40965 OUTPUT_ACCEPT 2556 29541
TRACE 40965 OUTPUT_ACCEPT 2557 12326
TRACE 40965 OUTPUT_ACCEPT 2558 7451
TRACE 40965 OUTPUT_ACCEPT 2559 16355
TRACE 41989 OUTPUT_ACCEPT 2560 13100
TRACE 41989 OUTPUT_ACCEPT 2561 -19807
TRACE 41989 OUTPUT_ACCEPT 2562 -1368
TRACE 41989 OUTPUT_ACCEPT 2563 -23847
TRACE 41989 OUTPUT_ACCEPT 2564 -17659
TRACE 41989 OUTPUT_ACCEPT 2565 -19215
TRACE 41989 OUTPUT_ACCEPT 2566 -3459
TRACE 41989 OUTPUT_ACCEPT 2567 -4389
TRACE 41989 OUTPUT_ACCEPT 2568 6186
TRACE 41989 OUTPUT_ACCEPT 2569 12477
TRACE 41989 OUTPUT_ACCEPT 2570 -11097
TRACE 41989 OUTPUT_ACCEPT 2571 11488
TRACE 41989 OUTPUT_ACCEPT 2572 -24078
TRACE 41989 OUTPUT_ACCEPT 2573 9210
TRACE 41989 OUTPUT_ACCEPT 2574 23055
TRACE 41989 OUTPUT_ACCEPT 2575 -31480
TRACE 41989 OUTPUT_ACCEPT 2576 4008
TRACE 41989 OUTPUT_ACCEPT 2577 4839
TRACE 41989 OUTPUT_ACCEPT 2578 -24218
TRACE 41989 OUTPUT_ACCEPT 2579 -11392
TRACE 41989 OUTPUT_ACCEPT 2580 19808
TRACE 41989 OUTPUT_ACCEPT 2581 6684
TRACE 41989 OUTPUT_ACCEPT 2582 7935
TRACE 41989 OUTPUT_ACCEPT 2583 3943
TRACE 41989 OUTPUT_ACCEPT 2584 -2486
TRACE 41989 OUTPUT_ACCEPT 2585 -31091
TRACE 41989 OUTPUT_ACCEPT 2586 4805
TRACE 41989 OUTPUT_ACCEPT 2587 -17728
TRACE 41989 OUTPUT_ACCEPT 2588 1434
TRACE 41989 OUTPUT_ACCEPT 2589 10274
TRACE 41989 OUTPUT_ACCEPT 2590 25135
TRACE 41989 OUTPUT_ACCEPT 2591 9787
TRACE 41989 OUTPUT_ACCEPT 2592 18678
TRACE 41989 OUTPUT_ACCEPT 2593 -6511
TRACE 41989 OUTPUT_ACCEPT 2594 -11921
TRACE 41989 OUTPUT_ACCEPT 2595 -12553
TRACE 41989 OUTPUT_ACCEPT 2596 6554
TRACE 41989 OUTPUT_ACCEPT 2597 8628
TRACE 41989 OUTPUT_ACCEPT 2598 9520
TRACE 41989 OUTPUT_ACCEPT 2599 -14856
TRACE 41989 OUTPUT_ACCEPT 2600 -4597
TRACE 41989 OUTPUT_ACCEPT 2601 -6070
TRACE 41989 OUTPUT_ACCEPT 2602 5329
TRACE 41989 OUTPUT_ACCEPT 2603 -11378
TRACE 41989 OUTPUT_ACCEPT 2604 19239
TRACE 41989 OUTPUT_ACCEPT 2605 484
TRACE 41989 OUTPUT_ACCEPT 2606 -8100
TRACE 41989 OUTPUT_ACCEPT 2607 27784
TRACE 41989 OUTPUT_ACCEPT 2608 15356
TRACE 41989 OUTPUT_ACCEPT 2609 -30144
TRACE 41989 OUTPUT_ACCEPT 2610 20484
TRACE 41989 OUTPUT_ACCEPT 2611 -19901
TRACE 41989 OUTPUT_ACCEPT 2612 -9586
TRACE 41989 OUTPUT_ACCEPT 2613 -16615
TRACE 41989 OUTPUT_ACCEPT 2614 -26101
TRACE 41989 OUTPUT_ACCEPT 2615 1942
TRACE 41989 OUTPUT_ACCEPT 2616 3235
TRACE 41989 OUTPUT_ACCEPT 2617 -7326
TRACE 41989 OUTPUT_ACCEPT 2618 9416
TRACE 41989 OUTPUT_ACCEPT 2619 3607
TRACE 41989 OUTPUT_ACCEPT 2620 -26524
TRACE 41989 OUTPUT_ACCEPT 2621 -7181
TRACE 41989 OUTPUT_ACCEPT 2622 11018
TRACE 41989 OUTPUT_ACCEPT 2623 26864
TRACE 43013 OUTPUT_ACCEPT 2624 3151
TRACE 43013 OUTPUT_ACCEPT 2625 10393
TRACE 43013 OUTPUT_ACCEPT 2626 5156
TRACE 43013 OUTPUT_ACCEPT 2627 13746
TRACE 43013 OUTPUT_ACCEPT 2628 -5600
TRACE 43013 OUTPUT_ACCEPT 2629 -518
TRACE 43013 OUTPUT_ACCEPT 2630 17923
TRACE 43013 OUTPUT_ACCEPT 2631 -5245
TRACE 43013 OUTPUT_ACCEPT 2632 18525
TRACE 43013 OUTPUT_ACCEPT 2633 -9254
TRACE 43013 OUTPUT_ACCEPT 2634 4963
TRACE 43013 OUTPUT_ACCEPT 2635 -974
TRACE 43013 OUTPUT_ACCEPT 2636 10349
TRACE 43013 OUTPUT_ACCEPT 2637 -6179
TRACE 43013 OUTPUT_ACCEPT 2638 -1218
TRACE 43013 OUTPUT_ACCEPT 2639 7581
TRACE 43013 OUTPUT_ACCEPT 2640 -15245
TRACE 43013 OUTPUT_ACCEPT 2641 -4777
TRACE 43013 OUTPUT_ACCEPT 2642 16689
TRACE 43013 OUTPUT_ACCEPT 2643 2611
TRACE 43013 OUTPUT_ACCEPT 2644 634
TRACE 43013 OUTPUT_ACCEPT 2645 -19550
TRACE 43013 OUTPUT_ACCEPT 2646 11276
TRACE 43013 OUTPUT_ACCEPT 2647 15229
TRACE 43013 OUTPUT_ACCEPT 2648 12100
TRACE 43013 OUTPUT_ACCEPT 2649 852
TRACE 43013 OUTPUT_ACCEPT 2650 -13591
TRACE 43013 OUTPUT_ACCEPT 2651 -2122
TRACE 43013 OUTPUT_ACCEPT 2652 18573
TRACE 43013 OUTPUT_ACCEPT 2653 27490
TRACE 43013 OUTPUT_ACCEPT 2654 1535
TRACE 43013 OUTPUT_ACCEPT 2655 5789
TRACE 43013 OUTPUT_ACCEPT 2656 26738
TRACE 43013 OUTPUT_ACCEPT 2657 15022
TRACE 43013 OUTPUT_ACCEPT 2658 -4271
TRACE 43013 OUTPUT_ACCEPT 2659 -5690
TRACE 43013 OUTPUT_ACCEPT 2660 -14081
TRACE 43013 OUTPUT_ACCEPT 2661 -12253
TRACE 43013 OUTPUT_ACCEPT 2662 16237
TRACE 43013 OUTPUT_ACCEPT 2663 -4764
TRACE 43013 OUTPUT_ACCEPT 2664 5384
TRACE 43013 OUTPUT_ACCEPT 2665 5809
TRACE 43013 OUTPUT_ACCEPT 2666 17520
TRACE 43013 OUTPUT_ACCEPT 2667 -24690
TRACE 43013 OUTPUT_ACCEPT 2668 -64
TRACE 43013 OUTPUT_ACCEPT 2669 -22219
TRACE 43013 OUTPUT_ACCEPT 2670 -25693
TRACE 43013 OUTPUT_ACCEPT 2671 -26294
TRACE 43013 OUTPUT_ACCEPT 2672 22730
TRACE 43013 OUTPUT_ACCEPT 2673 -25329
TRACE 43013 OUTPUT_ACCEPT 2674 -11262
TRACE 43013 OUTPUT_ACCEPT 2675 26862
TRACE 43013 OUTPUT_ACCEPT 2676 -28856
TRACE 43013 OUTPUT_ACCEPT 2677 16330
TRACE 43013 OUTPUT_ACCEPT 2678 -11351
TRACE 43013 OUTPUT_ACCEPT 2679 -36688
TRACE 43013 OUTPUT_ACCEPT 2680 -2363
TRACE 43013 OUTPUT_ACCEPT 2681 24411
TRACE 43013 OUTPUT_ACCEPT 2682 21991
TRACE 43013 OUTPUT_ACCEPT 2683 23473
TRACE 43013 OUTPUT_ACCEPT 2684 -17117
TRACE 43013 OUTPUT_ACCEPT 2685 27710
TRACE 43013 OUTPUT_ACCEPT 2686 -7033
TRACE 43013 OUTPUT_ACCEPT 2687 -11150
TRACE 44037 OUTPUT_ACCEPT 2688 -6693
TRACE 44037 OUTPUT_ACCEPT 2689 3997
TRACE 44037 OUTPUT_ACCEPT 2690 -12725
TRACE 44037 OUTPUT_ACCEPT 2691 -4005
TRACE 44037 OUTPUT_ACCEPT 2692 4729
TRACE 44037 OUTPUT_ACCEPT 2693 -102
TRACE 44037 OUTPUT_ACCEPT 2694 6401
TRACE 44037 OUTPUT_ACCEPT 2695 -18224
TRACE 44037 OUTPUT_ACCEPT 2696 -4833
TRACE 44037 OUTPUT_ACCEPT 2697 -22891
TRACE 44037 OUTPUT_ACCEPT 2698 -6187
TRACE 44037 OUTPUT_ACCEPT 2699 11605
TRACE 44037 OUTPUT_ACCEPT 2700 -7786
TRACE 44037 OUTPUT_ACCEPT 2701 19368
TRACE 44037 OUTPUT_ACCEPT 2702 19117
TRACE 44037 OUTPUT_ACCEPT 2703 -77
TRACE 44037 OUTPUT_ACCEPT 2704 -26626
TRACE 44037 OUTPUT_ACCEPT 2705 -17988
TRACE 44037 OUTPUT_ACCEPT 2706 25850
TRACE 44037 OUTPUT_ACCEPT 2707 7355
TRACE 44037 OUTPUT_ACCEPT 2708 -20472
TRACE 44037 OUTPUT_ACCEPT 2709 17557
TRACE 44037 OUTPUT_ACCEPT 2710 7254
TRACE 44037 OUTPUT_ACCEPT 2711 18925
TRACE 44037 OUTPUT_ACCEPT 2712 -7425
TRACE 44037 OUTPUT_ACCEPT 2713 10142
TRACE 44037 OUTPUT_ACCEPT 2714 3582
TRACE 44037 OUTPUT_ACCEPT 2715 -11958
TRACE 44037 OUTPUT_ACCEPT 2716 1584
TRACE 44037 OUTPUT_ACCEPT 2717 -15303
TRACE 44037 OUTPUT_ACCEPT 2718 18174
TRACE 44037 OUTPUT_ACCEPT 2719 8082
TRACE 44037 OUTPUT_ACCEPT 2720 15385
TRACE 44037 OUTPUT_ACCEPT 2721 -2111
TRACE 44037 OUTPUT_ACCEPT 2722 -22722
TRACE 44037 OUTPUT_ACCEPT 2723 -8812
TRACE 44037 OUTPUT_ACCEPT 2724 3271
TRACE 44037 OUTPUT_ACCEPT 2725 -26093
TRACE 44037 OUTPUT_ACCEPT 2726 23337
TRACE 44037 OUTPUT_ACCEPT 2727 18133
TRACE 44037 OUTPUT_ACCEPT 2728 5050
TRACE 44037 OUTPUT_ACCEPT 2729 2545
TRACE 44037 OUTPUT_ACCEPT 2730 -5303
TRACE 44037 OUTPUT_ACCEPT 2731 13092
TRACE 44037 OUTPUT_ACCEPT 2732 19687
TRACE 44037 OUTPUT_ACCEPT 2733 -4260
TRACE 44037 OUTPUT_ACCEPT 2734 20141
TRACE 44037 OUTPUT_ACCEPT 2735 -24477
TRACE 44037 OUTPUT_ACCEPT 2736 29257
TRACE 44037 OUTPUT_ACCEPT 2737 -34279
TRACE 44037 OUTPUT_ACCEPT 2738 18871
TRACE 44037 OUTPUT_ACCEPT 2739 24637
TRACE 44037 OUTPUT_ACCEPT 2740 16695
TRACE 44037 OUTPUT_ACCEPT 2741 -26341
TRACE 44037 OUTPUT_ACCEPT 2742 -30105
TRACE 44037 OUTPUT_ACCEPT 2743 -14631
TRACE 44037 OUTPUT_ACCEPT 2744 -36103
TRACE 44037 OUTPUT_ACCEPT 2745 -12941
TRACE 44037 OUTPUT_ACCEPT 2746 23431
TRACE 44037 OUTPUT_ACCEPT 2747 7183
TRACE 44037 OUTPUT_ACCEPT 2748 15873
TRACE 44037 OUTPUT_ACCEPT 2749 27960
TRACE 44037 OUTPUT_ACCEPT 2750 -1508
TRACE 44037 OUTPUT_ACCEPT 2751 4120
TRACE 45061 OUTPUT_ACCEPT 2752 6383
TRACE 45061 OUTPUT_ACCEPT 2753 15365
TRACE 45061 OUTPUT_ACCEPT 2754 -20294
TRACE 45061 OUTPUT_ACCEPT 2755 -12369
TRACE 45061 OUTPUT_ACCEPT 2756 -11789
TRACE 45061 OUTPUT_ACCEPT 2757 2294
TRACE 45061 OUTPUT_ACCEPT 2758 10448
TRACE 45061 OUTPUT_ACCEPT 2759 -6999
TRACE 45061 OUTPUT_ACCEPT 2760 -12324
TRACE 45061 OUTPUT_ACCEPT 2761 -2234
TRACE 45061 OUTPUT_ACCEPT 2762 18460
TRACE 45061 OUTPUT_ACCEPT 2763 -5070
TRACE 45061 OUTPUT_ACCEPT 2764 20396
TRACE 45061 OUTPUT_ACCEPT 2765 -13694
TRACE 45061 OUTPUT_ACCEPT 2766 1972
TRACE 45061 OUTPUT_ACCEPT 2767 -7467
TRACE 45061 OUTPUT_ACCEPT 2768 -17368
TRACE 45061 OUTPUT_ACCEPT 2769 3240
TRACE 45061 OUTPUT_ACCEPT 2770 -2818
TRACE 45061 OUTPUT_ACCEPT 2771 16427
TRACE 45061 OUTPUT_ACCEPT 2772 -3660
TRACE 45061 OUTPUT_ACCEPT 2773 -9747
TRACE 45061 OUTPUT_ACCEPT 2774 -10713
TRACE 45061 OUTPUT_ACCEPT 2775 7764
TRACE 45061 OUTPUT_ACCEPT 2776 -4562
TRACE 45061 OUTPUT_ACCEPT 2777 28913
TRACE 45061 OUTPUT_ACCEPT 2778 2025
TRACE 45061 OUTPUT_ACCEPT 2779 13910
TRACE 45061 OUTPUT_ACCEPT 2780 -6975
TRACE 45061 OUTPUT_ACCEPT 2781 10903
TRACE 45061 OUTPUT_ACCEPT 2782 -8333
TRACE 45061 OUTPUT_ACCEPT 2783 5394
TRACE 45061 OUTPUT_ACCEPT 2784 -3369
TRACE 45061 OUTPUT_ACCEPT 2785 16693
TRACE 45061 OUTPUT_ACCEPT 2786 -10753
TRACE 45061 OUTPUT_ACCEPT 2787 6565
TRACE 45061 OUTPUT_ACCEPT 2788 -15717
TRACE 45061 OUTPUT_ACCEPT 2789 2988
TRACE 45061 OUTPUT_ACCEPT 2790 5413
TRACE 45061 OUTPUT_ACCEPT 2791 9204
TRACE 45061 OUTPUT_ACCEPT 2792 5466
TRACE 45061 OUTPUT_ACCEPT 2793 -2296
TRACE 45061 OUTPUT_ACCEPT 2794 -21342
TRACE 45061 OUTPUT_ACCEPT 2795 -16141
TRACE 45061 OUTPUT_ACCEPT 2796 -25737
TRACE 45061 OUTPUT_ACCEPT 2797 -8032
TRACE 45061 OUTPUT_ACCEPT 2798 2814
TRACE 45061 OUTPUT_ACCEPT 2799 -33142
TRACE 45061 OUTPUT_ACCEPT 2800 3398
TRACE 45061 OUTPUT_ACCEPT 2801 -19205
TRACE 45061 OUTPUT_ACCEPT 2802 -18290
TRACE 45061 OUTPUT_ACCEPT 2803 -35958
TRACE 45061 OUTPUT_ACCEPT 2804 -8954
TRACE 45061 OUTPUT_ACCEPT 2805 7602
TRACE 45061 OUTPUT_ACCEPT 2806 19235
TRACE 45061 OUTPUT_ACCEPT 2807 6881
TRACE 45061 OUTPUT_ACCEPT 2808 -3128
TRACE 45061 OUTPUT_ACCEPT 2809 -16659
TRACE 45061 OUTPUT_ACCEPT 2810 -13196
TRACE 45061 OUTPUT_ACCEPT 2811 1371
TRACE 45061 OUTPUT_ACCEPT 2812 23874
TRACE 45061 OUTPUT_ACCEPT 2813 23390
TRACE 45061 OUTPUT_ACCEPT 2814 -4947
TRACE 45061 OUTPUT_ACCEPT 2815 -4649
TRACE 46085 OUTPUT_ACCEPT 2816 26583
TRACE 46085 OUTPUT_ACCEPT 2817 23216
TRACE 46085 OUTPUT_ACCEPT 2818 14124
TRACE 46085 OUTPUT_ACCEPT 2819 -6662
TRACE 46085 OUTPUT_ACCEPT 2820 -39651
TRACE 46085 OUTPUT_ACCEPT 2821 -29174
TRACE 46085 OUTPUT_ACCEPT 2822 -15805
TRACE 46085 OUTPUT_ACCEPT 2823 -36469
TRACE 46085 OUTPUT_ACCEPT 2824 23335
TRACE 46085 OUTPUT_ACCEPT 2825 7417
TRACE 46085 OUTPUT_ACCEPT 2826 13699
TRACE 46085 OUTPUT_ACCEPT 2827 -47374
TRACE 46085 OUTPUT_ACCEPT 2828 -2332
TRACE 46085 OUTPUT_ACCEPT 2829 43475
TRACE 46085 OUTPUT_ACCEPT 2830 -5628
TRACE 46085 OUTPUT_ACCEPT 2831 3896
TRACE 46085 OUTPUT_ACCEPT 2832 -721
TRACE 46085 OUTPUT_ACCEPT 2833 10258
TRACE 46085 OUTPUT_ACCEPT 2834 5021
TRACE 46085 OUTPUT_ACCEPT 2835 5118
TRACE 46085 OUTPUT_ACCEPT 2836 27652
TRACE 46085 OUTPUT_ACCEPT 2837 -6629
TRACE 46085 OUTPUT_ACCEPT 2838 -861
TRACE 46085 OUTPUT_ACCEPT 2839 5407
TRACE 46085 OUTPUT_ACCEPT 2840 -29877
TRACE 46085 OUTPUT_ACCEPT 2841 -3348
TRACE 46085 OUTPUT_ACCEPT 2842 -29184
TRACE 46085 OUTPUT_ACCEPT 2843 6041
TRACE 46085 OUTPUT_ACCEPT 2844 -23446
TRACE 46085 OUTPUT_ACCEPT 2845 7190
TRACE 46085 OUTPUT_ACCEPT 2846 17573
TRACE 46085 OUTPUT_ACCEPT 2847 583
TRACE 46085 OUTPUT_ACCEPT 2848 16591
TRACE 46085 OUTPUT_ACCEPT 2849 -9897
TRACE 46085 OUTPUT_ACCEPT 2850 11292
TRACE 46085 OUTPUT_ACCEPT 2851 13214
TRACE 46085 OUTPUT_ACCEPT 2852 -20915
TRACE 46085 OUTPUT_ACCEPT 2853 -6756
TRACE 46085 OUTPUT_ACCEPT 2854 23433
TRACE 46085 OUTPUT_ACCEPT 2855 -31202
TRACE 46085 OUTPUT_ACCEPT 2856 24796
TRACE 46085 OUTPUT_ACCEPT 2857 -2226
TRACE 46085 OUTPUT_ACCEPT 2858 31851
TRACE 46085 OUTPUT_ACCEPT 2859 34407
TRACE 46085 OUTPUT_ACCEPT 2860 -28184
TRACE 46085 OUTPUT_ACCEPT 2861 -25531
TRACE 46085 OUTPUT_ACCEPT 2862 -24629
TRACE 46085 OUTPUT_ACCEPT 2863 -22679
TRACE 46085 OUTPUT_ACCEPT 2864 -18966
TRACE 46085 OUTPUT_ACCEPT 2865 27508
TRACE 46085 OUTPUT_ACCEPT 2866 16985
TRACE 46085 OUTPUT_ACCEPT 2867 36430
TRACE 46085 OUTPUT_ACCEPT 2868 14687
TRACE 46085 OUTPUT_ACCEPT 2869 -36005
TRACE 46085 OUTPUT_ACCEPT 2870 22776
TRACE 46085 OUTPUT_ACCEPT 2871 -12581
TRACE 46085 OUTPUT_ACCEPT 2872 27422
TRACE 46085 OUTPUT_ACCEPT 2873 2722
TRACE 46085 OUTPUT_ACCEPT 2874 21287
TRACE 46085 OUTPUT_ACCEPT 2875 7059
TRACE 46085 OUTPUT_ACCEPT 2876 25299
TRACE 46085 OUTPUT_ACCEPT 2877 27876
TRACE 46085 OUTPUT_ACCEPT 2878 -25940
TRACE 46085 OUTPUT_ACCEPT 2879 -3004
TRACE 47109 OUTPUT_ACCEPT 2880 -5311
TRACE 47109 OUTPUT_ACCEPT 2881 31190
TRACE 47109 OUTPUT_ACCEPT 2882 35872
TRACE 47109 OUTPUT_ACCEPT 2883 -24549
TRACE 47109 OUTPUT_ACCEPT 2884 29527
TRACE 47109 OUTPUT_ACCEPT 2885 43029
TRACE 47109 OUTPUT_ACCEPT 2886 10835
TRACE 47109 OUTPUT_ACCEPT 2887 11781
TRACE 47109 OUTPUT_ACCEPT 2888 25781
TRACE 47109 OUTPUT_ACCEPT 2889 33627
TRACE 47109 OUTPUT_ACCEPT 2890 -3036
TRACE 47109 OUTPUT_ACCEPT 2891 5251
TRACE 47109 OUTPUT_ACCEPT 2892 1878
TRACE 47109 OUTPUT_ACCEPT 2893 -8030
TRACE 47109 OUTPUT_ACCEPT 2894 -34133
TRACE 47109 OUTPUT_ACCEPT 2895 -9700
TRACE 47109 OUTPUT_ACCEPT 2896 38634
TRACE 47109 OUTPUT_ACCEPT 2897 10446
TRACE 47109 OUTPUT_ACCEPT 2898 -889
TRACE 47109 OUTPUT_ACCEPT 2899 -17181
TRACE 47109 OUTPUT_ACCEPT 2900 8120
TRACE 47109 OUTPUT_ACCEPT 2901 10269
TRACE 47109 OUTPUT_ACCEPT 2902 -21862
TRACE 47109 OUTPUT_ACCEPT 2903 -1442
TRACE 47109 OUTPUT_ACCEPT 2904 9053
TRACE 47109 OUTPUT_ACCEPT 2905 -5678
TRACE 47109 OUTPUT_ACCEPT 2906 -15991
TRACE 47109 OUTPUT_ACCEPT 2907 7598
TRACE 47109 OUTPUT_ACCEPT 2908 21295
TRACE 47109 OUTPUT_ACCEPT 2909 14590
TRACE 47109 OUTPUT_ACCEPT 2910 23954
TRACE 47109 OUTPUT_ACCEPT 2911 4716
TRACE 47109 OUTPUT_ACCEPT 2912 -5363
TRACE 47109 OUTPUT_ACCEPT 2913 -11679
TRACE 47109 OUTPUT_ACCEPT 2914 22720
TRACE 47109 OUTPUT_ACCEPT 2915 18775
TRACE 47109 OUTPUT_ACCEPT 2916 -26187
TRACE 47109 OUTPUT_ACCEPT 2917 -26723
TRACE 47109 OUTPUT_ACCEPT 2918 20043
TRACE 47109 OUTPUT_ACCEPT 2919 -12955
TRACE 47109 OUTPUT_ACCEPT 2920 10477
TRACE 47109 OUTPUT_ACCEPT 2921 -25751
TRACE 47109 OUTPUT_ACCEPT 2922 -29842
TRACE 47109 OUTPUT_ACCEPT 2923 27876
TRACE 47109 OUTPUT_ACCEPT 2924 22397
TRACE 47109 OUTPUT_ACCEPT 2925 -23317
TRACE 47109 OUTPUT_ACCEPT 2926 21337
TRACE 47109 OUTPUT_ACCEPT 2927 28890
TRACE 47109 OUTPUT_ACCEPT 2928 26918
TRACE 47109 OUTPUT_ACCEPT 2929 17262
TRACE 47109 OUTPUT_ACCEPT 2930 -23178
TRACE 47109 OUTPUT_ACCEPT 2931 16626
TRACE 47109 OUTPUT_ACCEPT 2932 9262
TRACE 47109 OUTPUT_ACCEPT 2933 -9976
TRACE 47109 OUTPUT_ACCEPT 2934 -27529
TRACE 47109 OUTPUT_ACCEPT 2935 2692
TRACE 47109 OUTPUT_ACCEPT 2936 32893
TRACE 47109 OUTPUT_ACCEPT 2937 -15109
TRACE 47109 OUTPUT_ACCEPT 2938 7119
TRACE 47109 OUTPUT_ACCEPT 2939 -5414
TRACE 47109 OUTPUT_ACCEPT 2940 3224
TRACE 47109 OUTPUT_ACCEPT 2941 -28655
TRACE 47109 OUTPUT_ACCEPT 2942 -25016
TRACE 47109 OUTPUT_ACCEPT 2943 2124
TRACE 48133 OUTPUT_ACCEPT 2944 1724
TRACE 48133 OUTPUT_ACCEPT 2945 -497
TRACE 48133 OUTPUT_ACCEPT 2946 20724
TRACE 48133 OUTPUT_ACCEPT 2947 1119
TRACE 48133 OUTPUT_ACCEPT 2948 -10653
TRACE 48133 OUTPUT_ACCEPT 2949 -6694
TRACE 48133 OUTPUT_ACCEPT 2950 14155
TRACE 48133 OUTPUT_ACCEPT 2951 13312
TRACE 48133 OUTPUT_ACCEPT 2952 13842
TRACE 48133 OUTPUT_ACCEPT 2953 22256
TRACE 48133 OUTPUT_ACCEPT 2954 -11337
TRACE 48133 OUTPUT_ACCEPT 2955 8826
TRACE 48133 OUTPUT_ACCEPT 2956 7154
TRACE 48133 OUTPUT_ACCEPT 2957 -7211
TRACE 48133 OUTPUT_ACCEPT 2958 7738
TRACE 48133 OUTPUT_ACCEPT 2959 -6459
TRACE 48133 OUTPUT_ACCEPT 2960 -13370
TRACE 48133 OUTPUT_ACCEPT 2961 9325
TRACE 48133 OUTPUT_ACCEPT 2962 -30413
TRACE 48133 OUTPUT_ACCEPT 2963 -14581
TRACE 48133 OUTPUT_ACCEPT 2964 15010
TRACE 48133 OUTPUT_ACCEPT 2965 18758
TRACE 48133 OUTPUT_ACCEPT 2966 10200
TRACE 48133 OUTPUT_ACCEPT 2967 -414
TRACE 48133 OUTPUT_ACCEPT 2968 -20702
TRACE 48133 OUTPUT_ACCEPT 2969 3211
TRACE 48133 OUTPUT_ACCEPT 2970 -4827
TRACE 48133 OUTPUT_ACCEPT 2971 61
TRACE 48133 OUTPUT_ACCEPT 2972 -8293
TRACE 48133 OUTPUT_ACCEPT 2973 -2530
TRACE 48133 OUTPUT_ACCEPT 2974 -10822
TRACE 48133 OUTPUT_ACCEPT 2975 -3934
TRACE 48133 OUTPUT_ACCEPT 2976 3611
TRACE 48133 OUTPUT_ACCEPT 2977 7399
TRACE 48133 OUTPUT_ACCEPT 2978 -6254
TRACE 48133 OUTPUT_ACCEPT 2979 -2244
TRACE 48133 OUTPUT_ACCEPT 2980 -5901
TRACE 48133 OUTPUT_ACCEPT 2981 -32860
TRACE 48133 OUTPUT_ACCEPT 2982 -9784
TRACE 48133 OUTPUT_ACCEPT 2983 -13651
TRACE 48133 OUTPUT_ACCEPT 2984 -18819
TRACE 48133 OUTPUT_ACCEPT 2985 1285
TRACE 48133 OUTPUT_ACCEPT 2986 -9668
TRACE 48133 OUTPUT_ACCEPT 2987 11484
TRACE 48133 OUTPUT_ACCEPT 2988 8587
TRACE 48133 OUTPUT_ACCEPT 2989 25422
TRACE 48133 OUTPUT_ACCEPT 2990 -3035
TRACE 48133 OUTPUT_ACCEPT 2991 -25762
TRACE 48133 OUTPUT_ACCEPT 2992 13566
TRACE 48133 OUTPUT_ACCEPT 2993 6963
TRACE 48133 OUTPUT_ACCEPT 2994 2911
TRACE 48133 OUTPUT_ACCEPT 2995 32558
TRACE 48133 OUTPUT_ACCEPT 2996 -23306
TRACE 48133 OUTPUT_ACCEPT 2997 -5099
TRACE 48133 OUTPUT_ACCEPT 2998 -4527
TRACE 48133 OUTPUT_ACCEPT 2999 12313
TRACE 48133 OUTPUT_ACCEPT 3000 -16409
TRACE 48133 OUTPUT_ACCEPT 3001 -3342
TRACE 48133 OUTPUT_ACCEPT 3002 6088
TRACE 48133 OUTPUT_ACCEPT 3003 39243
TRACE 48133 OUTPUT_ACCEPT 3004 6278
TRACE 48133 OUTPUT_ACCEPT 3005 -2231
TRACE 48133 OUTPUT_ACCEPT 3006 15034
TRACE 48133 OUTPUT_ACCEPT 3007 -19278
TRACE 49157 OUTPUT_ACCEPT 3008 -24907
TRACE 49157 OUTPUT_ACCEPT 3009 10166
TRACE 49157 OUTPUT_ACCEPT 3010 -29998
TRACE 49157 OUTPUT_ACCEPT 3011 -19824
TRACE 49157 OUTPUT_ACCEPT 3012 933
TRACE 49157 OUTPUT_ACCEPT 3013 -15127
TRACE 49157 OUTPUT_ACCEPT 3014 16017
TRACE 49157 OUTPUT_ACCEPT 3015 38473
TRACE 49157 OUTPUT_ACCEPT 3016 -2628
TRACE 49157 OUTPUT_ACCEPT 3017 -1411
TRACE 49157 OUTPUT_ACCEPT 3018 10057
TRACE 49157 OUTPUT_ACCEPT 3019 7633
TRACE 49157 OUTPUT_ACCEPT 3020 4551
TRACE 49157 OUTPUT_ACCEPT 3021 24307
TRACE 49157 OUTPUT_ACCEPT 3022 -3443
TRACE 49157 OUTPUT_ACCEPT 3023 1006
TRACE 49157 OUTPUT_ACCEPT 3024 1973
TRACE 49157 OUTPUT_ACCEPT 3025 2146
TRACE 49157 OUTPUT_ACCEPT 3026 1581
TRACE 49157 OUTPUT_ACCEPT 3027 9131
TRACE 49157 OUTPUT_ACCEPT 3028 -18587
TRACE 49157 OUTPUT_ACCEPT 3029 -11872
TRACE 49157 OUTPUT_ACCEPT 3030 -63
TRACE 49157 OUTPUT_ACCEPT 3031 154
TRACE 49157 OUTPUT_ACCEPT 3032 -2017
TRACE 49157 OUTPUT_ACCEPT 3033 -5640
TRACE 49157 OUTPUT_ACCEPT 3034 -23293
TRACE 49157 OUTPUT_ACCEPT 3035 21288
TRACE 49157 OUTPUT_ACCEPT 3036 8428
TRACE 49157 OUTPUT_ACCEPT 3037 -29365
TRACE 49157 OUTPUT_ACCEPT 3038 -3711
TRACE 49157 OUTPUT_ACCEPT 3039 -11631
TRACE 49157 OUTPUT_ACCEPT 3040 20023
TRACE 49157 OUTPUT_ACCEPT 3041 27170
TRACE 49157 OUTPUT_ACCEPT 3042 4989
TRACE 49157 OUTPUT_ACCEPT 3043 9855
TRACE 49157 OUTPUT_ACCEPT 3044 4647
TRACE 49157 OUTPUT_ACCEPT 3045 5876
TRACE 49157 OUTPUT_ACCEPT 3046 12042
TRACE 49157 OUTPUT_ACCEPT 3047 10442
TRACE 49157 OUTPUT_ACCEPT 3048 -4658
TRACE 49157 OUTPUT_ACCEPT 3049 -12376
TRACE 49157 OUTPUT_ACCEPT 3050 -16621
TRACE 49157 OUTPUT_ACCEPT 3051 -31447
TRACE 49157 OUTPUT_ACCEPT 3052 -42122
TRACE 49157 OUTPUT_ACCEPT 3053 -25805
TRACE 49157 OUTPUT_ACCEPT 3054 26001
TRACE 49157 OUTPUT_ACCEPT 3055 28763
TRACE 49157 OUTPUT_ACCEPT 3056 -30778
TRACE 49157 OUTPUT_ACCEPT 3057 -123
TRACE 49157 OUTPUT_ACCEPT 3058 -19840
TRACE 49157 OUTPUT_ACCEPT 3059 23247
TRACE 49157 OUTPUT_ACCEPT 3060 -7288
TRACE 49157 OUTPUT_ACCEPT 3061 4129
TRACE 49157 OUTPUT_ACCEPT 3062 -421
TRACE 49157 OUTPUT_ACCEPT 3063 24040
TRACE 49157 OUTPUT_ACCEPT 3064 -29236
TRACE 49157 OUTPUT_ACCEPT 3065 -668
TRACE 49157 OUTPUT_ACCEPT 3066 2908
TRACE 49157 OUTPUT_ACCEPT 3067 -44779
TRACE 49157 OUTPUT_ACCEPT 3068 5044
TRACE 49157 OUTPUT_ACCEPT 3069 3434
TRACE 49157 OUTPUT_ACCEPT 3070 -7447
TRACE 49157 OUTPUT_ACCEPT 3071 -5796
TRACE 50181 OUTPUT_ACCEPT 3072 -10364
TRACE 50181 OUTPUT_ACCEPT 3073 27647
TRACE 50181 OUTPUT_ACCEPT 3074 -26084
TRACE 50181 OUTPUT_ACCEPT 3075 21590
TRACE 50181 OUTPUT_ACCEPT 3076 29440
TRACE 50181 OUTPUT_ACCEPT 3077 -4215
TRACE 50181 OUTPUT_ACCEPT 3078 19307
TRACE 50181 OUTPUT_ACCEPT 3079 9120
TRACE 50181 OUTPUT_ACCEPT 3080 18482
TRACE 50181 OUTPUT_ACCEPT 3081 -7999
TRACE 50181 OUTPUT_ACCEPT 3082 8044
TRACE 50181 OUTPUT_ACCEPT 3083 -9968
TRACE 50181 OUTPUT_ACCEPT 3084 4924
TRACE 50181 OUTPUT_ACCEPT 3085 9655
TRACE 50181 OUTPUT_ACCEPT 3086 11430
TRACE 50181 OUTPUT_ACCEPT 3087 1367
TRACE 50181 OUTPUT_ACCEPT 3088 6373
TRACE 50181 OUTPUT_ACCEPT 3089 -8403
TRACE 50181 OUTPUT_ACCEPT 3090 -24202
TRACE 50181 OUTPUT_ACCEPT 3091 22706
TRACE 50181 OUTPUT_ACCEPT 3092 16167
TRACE 50181 OUTPUT_ACCEPT 3093 14040
TRACE 50181 OUTPUT_ACCEPT 3094 16061
TRACE 50181 OUTPUT_ACCEPT 3095 -26613
TRACE 50181 OUTPUT_ACCEPT 3096 16338
TRACE 50181 OUTPUT_ACCEPT 3097 -2896
TRACE 50181 OUTPUT_ACCEPT 3098 -10961
TRACE 50181 OUTPUT_ACCEPT 3099 -20401
TRACE 50181 OUTPUT_ACCEPT 3100 -9258
TRACE 50181 OUTPUT_ACCEPT 3101 25102
TRACE 50181 OUTPUT_ACCEPT 3102 -21173
TRACE 50181 OUTPUT_ACCEPT 3103 5392
TRACE 50181 OUTPUT_ACCEPT 3104 1940
TRACE 50181 OUTPUT_ACCEPT 3105 2453
TRACE 50181 OUTPUT_ACCEPT 3106 16754
TRACE 50181 OUTPUT_ACCEPT 3107 -7748
TRACE 50181 OUTPUT_ACCEPT 3108 13241
TRACE 50181 OUTPUT_ACCEPT 3109 -6935
TRACE 50181 OUTPUT_ACCEPT 3110 -14419
TRACE 50181 OUTPUT_ACCEPT 3111 8433
TRACE 50181 OUTPUT_ACCEPT 3112 -7165
TRACE 50181 OUTPUT_ACCEPT 3113 1333
TRACE 50181 OUTPUT_ACCEPT 3114 9831
TRACE 50181 OUTPUT_ACCEPT 3115 -10362
TRACE 50181 OUTPUT_ACCEPT 3116 24683
TRACE 50181 OUTPUT_ACCEPT 3117 24275
TRACE 50181 OUTPUT_ACCEPT 3118 31688
TRACE 50181 OUTPUT_ACCEPT 3119 8824
TRACE 50181 OUTPUT_ACCEPT 3120 25421
TRACE 50181 OUTPUT_ACCEPT 3121 -9483
TRACE 50181 OUTPUT_ACCEPT 3122 26269
TRACE 50181 OUTPUT_ACCEPT 3123 10097
TRACE 50181 OUTPUT_ACCEPT 3124 14139
TRACE 50181 OUTPUT_ACCEPT 3125 35516
TRACE 50181 OUTPUT_ACCEPT 3126 -22210
TRACE 50181 OUTPUT_ACCEPT 3127 -2507
TRACE 50181 OUTPUT_ACCEPT 3128 5985
TRACE 50181 OUTPUT_ACCEPT 3129 -403
TRACE 50181 OUTPUT_ACCEPT 3130 1934
TRACE 50181 OUTPUT_ACCEPT 3131 -8838
TRACE 50181 OUTPUT_ACCEPT 3132 2182
TRACE 50181 OUTPUT_ACCEPT 3133 -8810
TRACE 50181 OUTPUT_ACCEPT 3134 -1576
TRACE 50181 OUTPUT_ACCEPT 3135 -15588
TRACE 51205 OUTPUT_ACCEPT 3136 1460
TRACE 51205 OUTPUT_ACCEPT 3137 3532
TRACE 51205 OUTPUT_ACCEPT 3138 18094
TRACE 51205 OUTPUT_ACCEPT 3139 17920
TRACE 51205 OUTPUT_ACCEPT 3140 10340
TRACE 51205 OUTPUT_ACCEPT 3141 -4877
TRACE 51205 OUTPUT_ACCEPT 3142 30384
TRACE 51205 OUTPUT_ACCEPT 3143 14858
TRACE 51205 OUTPUT_ACCEPT 3144 1013
TRACE 51205 OUTPUT_ACCEPT 3145 -34830
TRACE 51205 OUTPUT_ACCEPT 3146 -9604
TRACE 51205 OUTPUT_ACCEPT 3147 -6876
TRACE 51205 OUTPUT_ACCEPT 3148 -2575
TRACE 51205 OUTPUT_ACCEPT 3149 20248
TRACE 51205 OUTPUT_ACCEPT 3150 -14846
TRACE 51205 OUTPUT_ACCEPT 3151 -25555
TRACE 51205 OUTPUT_ACCEPT 3152 24701
TRACE 51205 OUTPUT_ACCEPT 3153 19532
TRACE 51205 OUTPUT_ACCEPT 3154 201
TRACE 51205 OUTPUT_ACCEPT 3155 -376
TRACE 51205 OUTPUT_ACCEPT 3156 -14596
TRACE 51205 OUTPUT_ACCEPT 3157 -16064
TRACE 51205 OUTPUT_ACCEPT 3158 -22758
TRACE 51205 OUTPUT_ACCEPT 3159 3564
TRACE 51205 OUTPUT_ACCEPT 3160 10161
TRACE 51205 OUTPUT_ACCEPT 3161 22416
TRACE 51205 OUTPUT_ACCEPT 3162 5074
TRACE 51205 OUTPUT_ACCEPT 3163 -4501
TRACE 51205 OUTPUT_ACCEPT 3164 4720
TRACE 51205 OUTPUT_ACCEPT 3165 17563
TRACE 51205 OUTPUT_ACCEPT 3166 3025
TRACE 51205 OUTPUT_ACCEPT 3167 8535
TRACE 51205 OUTPUT_ACCEPT 3168 254
TRACE 51205 OUTPUT_ACCEPT 3169 13357
TRACE 51205 OUTPUT_ACCEPT 3170 -16394
TRACE 51205 OUTPUT_ACCEPT 3171 23078
TRACE 51205 OUTPUT_ACCEPT 3172 -1537
TRACE 51205 OUTPUT_ACCEPT 3173 -25492
TRACE 51205 OUTPUT_ACCEPT 3174 -11829
TRACE 51205 OUTPUT_ACCEPT 3175 6921
TRACE 51205 OUTPUT_ACCEPT 3176 -324
TRACE 51205 OUTPUT_ACCEPT 3177 -21128
TRACE 51205 OUTPUT_ACCEPT 3178 3675
TRACE 51205 OUTPUT_ACCEPT 3179 -3903
TRACE 51205 OUTPUT_ACCEPT 3180 4780
TRACE 51205 OUTPUT_ACCEPT 3181 -1156
TRACE 51205 OUTPUT_ACCEPT 3182 26183
TRACE 51205 OUTPUT_ACCEPT 3183 27248
TRACE 51205 OUTPUT_ACCEPT 3184 -31404
TRACE 51205 OUTPUT_ACCEPT 3185 11100
TRACE 51205 OUTPUT_ACCEPT 3186 -30175
TRACE 51205 OUTPUT_ACCEPT 3187 -26787
TRACE 51205 OUTPUT_ACCEPT 3188 21615
TRACE 51205 OUTPUT_ACCEPT 3189 -35718
TRACE 51205 OUTPUT_ACCEPT 3190 -9915
TRACE 51205 OUTPUT_ACCEPT 3191 5856
TRACE 51205 OUTPUT_ACCEPT 3192 11338
TRACE 51205 OUTPUT_ACCEPT 3193 -20349
TRACE 51205 OUTPUT_ACCEPT 3194 -9827
TRACE 51205 OUTPUT_ACCEPT 3195 -2452
TRACE 51205 OUTPUT_ACCEPT 3196 3457
TRACE 51205 OUTPUT_ACCEPT 3197 16981
TRACE 51205 OUTPUT_ACCEPT 3198 -12878
TRACE 51205 OUTPUT_ACCEPT 3199 17329
TRACE 52229 OUTPUT_ACCEPT 3200 39832
TRACE 52229 OUTPUT_ACCEPT 3201 6407
TRACE 52229 OUTPUT_ACCEPT 3202 -9062
TRACE 52229 OUTPUT_ACCEPT 3203 27348
TRACE 52229 OUTPUT_ACCEPT 3204 -9939
TRACE 52229 OUTPUT_ACCEPT 3205 -1267
TRACE 52229 OUTPUT_ACCEPT 3206 817
TRACE 52229 OUTPUT_ACCEPT 3207 -1448
TRACE 52229 OUTPUT_ACCEPT 3208 32248
TRACE 52229 OUTPUT_ACCEPT 3209 19966
TRACE 52229 OUTPUT_ACCEPT 3210 5013
TRACE 52229 OUTPUT_ACCEPT 3211 -11328
TRACE 52229 OUTPUT_ACCEPT 3212 1187
TRACE 52229 OUTPUT_ACCEPT 3213 -32796
TRACE 52229 OUTPUT_ACCEPT 3214 13900
TRACE 52229 OUTPUT_ACCEPT 3215 11371
TRACE 52229 OUTPUT_ACCEPT 3216 -35034
TRACE 52229 OUTPUT_ACCEPT 3217 38778
TRACE 52229 OUTPUT_ACCEPT 3218 -25020
TRACE 52229 OUTPUT_ACCEPT 3219 -40444
TRACE 52229 OUTPUT_ACCEPT 3220 -15766
TRACE 52229 OUTPUT_ACCEPT 3221 -32575
TRACE 52229 OUTPUT_ACCEPT 3222 43613
TRACE 52229 OUTPUT_ACCEPT 3223 55694
TRACE 52229 OUTPUT_ACCEPT 3224 44121
TRACE 52229 OUTPUT_ACCEPT 3225 -4998
TRACE 52229 OUTPUT_ACCEPT 3226 23350
TRACE 52229 OUTPUT_ACCEPT 3227 -14385
TRACE 52229 OUTPUT_ACCEPT 3228 299
TRACE 52229 OUTPUT_ACCEPT 3229 -4018
TRACE 52229 OUTPUT_ACCEPT 3230 9470
TRACE 52229 OUTPUT_ACCEPT 3231 -33645
TRACE 52229 OUTPUT_ACCEPT 3232 34416
TRACE 52229 OUTPUT_ACCEPT 3233 29817
TRACE 52229 OUTPUT_ACCEPT 3234 -34406
TRACE 52229 OUTPUT_ACCEPT 3235 -23266
TRACE 52229 OUTPUT_ACCEPT 3236 20319
TRACE 52229 OUTPUT_ACCEPT 3237 15192
TRACE 52229 OUTPUT_ACCEPT 3238 31177
TRACE 52229 OUTPUT_ACCEPT 3239 -440
TRACE 52229 OUTPUT_ACCEPT 3240 -11205
TRACE 52229 OUTPUT_ACCEPT 3241 29059
TRACE 52229 OUTPUT_ACCEPT 3242 -6513
TRACE 52229 OUTPUT_ACCEPT 3243 28237
TRACE 52229 OUTPUT_ACCEPT 3244 30658
TRACE 52229 OUTPUT_ACCEPT 3245 -28321
TRACE 52229 OUTPUT_ACCEPT 3246 -32930
TRACE 52229 OUTPUT_ACCEPT 3247 -34051
TRACE 52229 OUTPUT_ACCEPT 3248 42408
TRACE 52229 OUTPUT_ACCEPT 3249 24297
TRACE 52229 OUTPUT_ACCEPT 3250 3101
TRACE 52229 OUTPUT_ACCEPT 3251 -24299
TRACE 52229 OUTPUT_ACCEPT 3252 -29295
TRACE 52229 OUTPUT_ACCEPT 3253 20985
TRACE 52229 OUTPUT_ACCEPT 3254 49330
TRACE 52229 OUTPUT_ACCEPT 3255 -22180
TRACE 52229 OUTPUT_ACCEPT 3256 15129
TRACE 52229 OUTPUT_ACCEPT 3257 9989
TRACE 52229 OUTPUT_ACCEPT 3258 -10489
TRACE 52229 OUTPUT_ACCEPT 3259 23865
TRACE 52229 OUTPUT_ACCEPT 3260 28928
TRACE 52229 OUTPUT_ACCEPT 3261 -7082
TRACE 52229 OUTPUT_ACCEPT 3262 -5214
TRACE 52229 OUTPUT_ACCEPT 3263 13487
TRACE 53253 OUTPUT_ACCEPT 3264 -18278
TRACE 53253 OUTPUT_ACCEPT 3265 257
TRACE 53253 OUTPUT_ACCEPT 3266 -11652
TRACE 53253 OUTPUT_ACCEPT 3267 -890
TRACE 53253 OUTPUT_ACCEPT 3268 475
TRACE 53253 OUTPUT_ACCEPT 3269 19838
TRACE 53253 OUTPUT_ACCEPT 3270 -6448
TRACE 53253 OUTPUT_ACCEPT 3271 4539
TRACE 53253 OUTPUT_ACCEPT 3272 -31030
TRACE 53253 OUTPUT_ACCEPT 3273 18668
TRACE 53253 OUTPUT_ACCEPT 3274 36012
TRACE 53253 OUTPUT_ACCEPT 3275 13110
TRACE 53253 OUTPUT_ACCEPT 3276 -19584
TRACE 53253 OUTPUT_ACCEPT 3277 42983
TRACE 53253 OUTPUT_ACCEPT 3278 -19466
TRACE 53253 OUTPUT_ACCEPT 3279 14288
TRACE 53253 OUTPUT_ACCEPT 3280 -30602
TRACE 53253 OUTPUT_ACCEPT 3281 48506
TRACE 53253 OUTPUT_ACCEPT 3282 14838
TRACE 53253 OUTPUT_ACCEPT 3283 -18327
TRACE 53253 OUTPUT_ACCEPT 3284 -14384
TRACE 53253 OUTPUT_ACCEPT 3285 11818
TRACE 53253 OUTPUT_ACCEPT 3286 12822
TRACE 53253 OUTPUT_ACCEPT 3287 -29130
TRACE 53253 OUTPUT_ACCEPT 3288 31203
TRACE 53253 OUTPUT_ACCEPT 3289 31093
TRACE 53253 OUTPUT_ACCEPT 3290 23783
TRACE 53253 OUTPUT_ACCEPT 3291 36658
TRACE 53253 OUTPUT_ACCEPT 3292 4681
TRACE 53253 OUTPUT_ACCEPT 3293 -34982
TRACE 53253 OUTPUT_ACCEPT 3294 -3194
TRACE 53253 OUTPUT_ACCEPT 3295 -26308
TRACE 53253 OUTPUT_ACCEPT 3296 -16822
TRACE 53253 OUTPUT_ACCEPT 3297 16406
TRACE 53253 OUTPUT_ACCEPT 3298 -10816
TRACE 53253 OUTPUT_ACCEPT 3299 35644
TRACE 53253 OUTPUT_ACCEPT 3300 -34994
TRACE 53253 OUTPUT_ACCEPT 3301 -6682
TRACE 53253 OUTPUT_ACCEPT 3302 -27253
TRACE 53253 OUTPUT_ACCEPT 3303 -6761
TRACE 53253 OUTPUT_ACCEPT 3304 13577
TRACE 53253 OUTPUT_ACCEPT 3305 -23955
TRACE 53253 OUTPUT_ACCEPT 3306 13632
TRACE 53253 OUTPUT_ACCEPT 3307 -22417
TRACE 53253 OUTPUT_ACCEPT 3308 -21361
TRACE 53253 OUTPUT_ACCEPT 3309 -32455
TRACE 53253 OUTPUT_ACCEPT 3310 11336
TRACE 53253 OUTPUT_ACCEPT 3311 -5575
TRACE 53253 OUTPUT_ACCEPT 3312 -20692
TRACE 53253 OUTPUT_ACCEPT 3313 -4499
TRACE 53253 OUTPUT_ACCEPT 3314 30881
TRACE 53253 OUTPUT_ACCEPT 3315 -3126
TRACE 53253 OUTPUT_ACCEPT 3316 -32599
TRACE 53253 OUTPUT_ACCEPT 3317 -22577
TRACE 53253 OUTPUT_ACCEPT 3318 -6147
TRACE 53253 OUTPUT_ACCEPT 3319 -15144
TRACE 53253 OUTPUT_ACCEPT 3320 -2084
TRACE 53253 OUTPUT_ACCEPT 3321 1240
TRACE 53253 OUTPUT_ACCEPT 3322 23861
TRACE 53253 OUTPUT_ACCEPT 3323 -25370
TRACE 53253 OUTPUT_ACCEPT 3324 37512
TRACE 53253 OUTPUT_ACCEPT 3325 27792
TRACE 53253 OUTPUT_ACCEPT 3326 29862
TRACE 53253 OUTPUT_ACCEPT 3327 8909
TRACE 54277 OUTPUT_ACCEPT 3328 -12976
TRACE 54277 OUTPUT_ACCEPT 3329 -26957
TRACE 54277 OUTPUT_ACCEPT 3330 -13844
TRACE 54277 OUTPUT_ACCEPT 3331 -19205
TRACE 54277 OUTPUT_ACCEPT 3332 -3743
TRACE 54277 OUTPUT_ACCEPT 3333 -22140
TRACE 54277 OUTPUT_ACCEPT 3334 13270
TRACE 54277 OUTPUT_ACCEPT 3335 -7708
TRACE 54277 OUTPUT_ACCEPT 3336 17349
TRACE 54277 OUTPUT_ACCEPT 3337 20986
TRACE 54277 OUTPUT_ACCEPT 3338 -9800
TRACE 54277 OUTPUT_ACCEPT 3339 15916
TRACE 54277 OUTPUT_ACCEPT 3340 -10991
TRACE 54277 OUTPUT_ACCEPT 3341 11852
TRACE 54277 OUTPUT_ACCEPT 3342 28192
TRACE 54277 OUTPUT_ACCEPT 3343 -2764
TRACE 54277 OUTPUT_ACCEPT 3344 -23782
TRACE 54277 OUTPUT_ACCEPT 3345 -27332
TRACE 54277 OUTPUT_ACCEPT 3346 26385
TRACE 54277 OUTPUT_ACCEPT 3347 6282
TRACE 54277 OUTPUT_ACCEPT 3348 -26171
TRACE 54277 OUTPUT_ACCEPT 3349 -12406
TRACE 54277 OUTPUT_ACCEPT 3350 20390
TRACE 54277 OUTPUT_ACCEPT 3351 24544
TRACE 54277 OUTPUT_ACCEPT 3352 30728
TRACE 54277 OUTPUT_ACCEPT 3353 13582
TRACE 54277 OUTPUT_ACCEPT 3354 -13809
TRACE 54277 OUTPUT_ACCEPT 3355 -28122
TRACE 54277 OUTPUT_ACCEPT 3356 30970
TRACE 54277 OUTPUT_ACCEPT 3357 -25799
TRACE 54277 OUTPUT_ACCEPT 3358 -37602
TRACE 54277 OUTPUT_ACCEPT 3359 16512
TRACE 54277 OUTPUT_ACCEPT 3360 33688
TRACE 54277 OUTPUT_ACCEPT 3361 -849
TRACE 54277 OUTPUT_ACCEPT 3362 -29110
TRACE 54277 OUTPUT_ACCEPT 3363 14404
TRACE 54277 OUTPUT_ACCEPT 3364 -13573
TRACE 54277 OUTPUT_ACCEPT 3365 31716
TRACE 54277 OUTPUT_ACCEPT 3366 31467
TRACE 54277 OUTPUT_ACCEPT 3367 -26827
TRACE 54277 OUTPUT_ACCEPT 3368 -28998
TRACE 54277 OUTPUT_ACCEPT 3369 25905
TRACE 54277 OUTPUT_ACCEPT 3370 32986
TRACE 54277 OUTPUT_ACCEPT 3371 31073
TRACE 54277 OUTPUT_ACCEPT 3372 30180
TRACE 54277 OUTPUT_ACCEPT 3373 13227
TRACE 54277 OUTPUT_ACCEPT 3374 42197
TRACE 54277 OUTPUT_ACCEPT 3375 -26601
TRACE 54277 OUTPUT_ACCEPT 3376 -1816
TRACE 54277 OUTPUT_ACCEPT 3377 -1853
TRACE 54277 OUTPUT_ACCEPT 3378 41891
TRACE 54277 OUTPUT_ACCEPT 3379 -30119
TRACE 54277 OUTPUT_ACCEPT 3380 -20910
TRACE 54277 OUTPUT_ACCEPT 3381 16327
TRACE 54277 OUTPUT_ACCEPT 3382 -1461
TRACE 54277 OUTPUT_ACCEPT 3383 -15419
TRACE 54277 OUTPUT_ACCEPT 3384 22813
TRACE 54277 OUTPUT_ACCEPT 3385 -18590
TRACE 54277 OUTPUT_ACCEPT 3386 24903
TRACE 54277 OUTPUT_ACCEPT 3387 -10175
TRACE 54277 OUTPUT_ACCEPT 3388 -37216
TRACE 54277 OUTPUT_ACCEPT 3389 13546
TRACE 54277 OUTPUT_ACCEPT 3390 4970
TRACE 54277 OUTPUT_ACCEPT 3391 23173
TRACE 55301 OUTPUT_ACCEPT 3392 -484
TRACE 55301 OUTPUT_ACCEPT 3393 -26944
TRACE 55301 OUTPUT_ACCEPT 3394 -21499
TRACE 55301 OUTPUT_ACCEPT 3395 -29952
TRACE 55301 OUTPUT_ACCEPT 3396 12875
TRACE 55301 OUTPUT_ACCEPT 3397 -24865
TRACE 55301 OUTPUT_ACCEPT 3398 -5154
TRACE 55301 OUTPUT_ACCEPT 3399 14274
TRACE 55301 OUTPUT_ACCEPT 3400 -25707
TRACE 55301 OUTPUT_ACCEPT 3401 -6927
TRACE 55301 OUTPUT_ACCEPT 3402 -27502
TRACE 55301 OUTPUT_ACCEPT 3403 790
TRACE 55301 OUTPUT_ACCEPT 3404 27625
TRACE 55301 OUTPUT_ACCEPT 3405 34383
TRACE 55301 OUTPUT_ACCEPT 3406 -612
TRACE 55301 OUTPUT_ACCEPT 3407 918
TRACE 55301 OUTPUT_ACCEPT 3408 -23978
TRACE 55301 OUTPUT_ACCEPT 3409 9783
TRACE 55301 OUTPUT_ACCEPT 3410 -19709
TRACE 55301 OUTPUT_ACCEPT 3411 -20251
TRACE 55301 OUTPUT_ACCEPT 3412 26222
TRACE 55301 OUTPUT_ACCEPT 3413 -15683
TRACE 55301 OUTPUT_ACCEPT 3414 -31620
TRACE 55301 OUTPUT_ACCEPT 3415 -12908
TRACE 55301 OUTPUT_ACCEPT 3416 27363
TRACE 55301 OUTPUT_ACCEPT 3417 -25853
TRACE 55301 OUTPUT_ACCEPT 3418 23072
TRACE 55301 OUTPUT_ACCEPT 3419 -25832
TRACE 55301 OUTPUT_ACCEPT 3420 19183
TRACE 55301 OUTPUT_ACCEPT 3421 20627
TRACE 55301 OUTPUT_ACCEPT 3422 -22484
TRACE 55301 OUTPUT_ACCEPT 3423 24973
TRACE 55301 OUTPUT_ACCEPT 3424 -26454
TRACE 55301 OUTPUT_ACCEPT 3425 33817
TRACE 55301 OUTPUT_ACCEPT 3426 -2248
TRACE 55301 OUTPUT_ACCEPT 3427 -32152
TRACE 55301 OUTPUT_ACCEPT 3428 -14870
TRACE 55301 OUTPUT_ACCEPT 3429 -28781
TRACE 55301 OUTPUT_ACCEPT 3430 -20561
TRACE 55301 OUTPUT_ACCEPT 3431 18906
TRACE 55301 OUTPUT_ACCEPT 3432 -17834
TRACE 55301 OUTPUT_ACCEPT 3433 -27686
TRACE 55301 OUTPUT_ACCEPT 3434 26767
TRACE 55301 OUTPUT_ACCEPT 3435 40032
TRACE 55301 OUTPUT_ACCEPT 3436 36863
TRACE 55301 OUTPUT_ACCEPT 3437 31634
TRACE 55301 OUTPUT_ACCEPT 3438 9518
TRACE 55301 OUTPUT_ACCEPT 3439 1070
TRACE 55301 OUTPUT_ACCEPT 3440 2664
TRACE 55301 OUTPUT_ACCEPT 3441 33332
TRACE 55301 OUTPUT_ACCEPT 3442 -2847
TRACE 55301 OUTPUT_ACCEPT 3443 3471
TRACE 55301 OUTPUT_ACCEPT 3444 386
TRACE 55301 OUTPUT_ACCEPT 3445 -37286
TRACE 55301 OUTPUT_ACCEPT 3446 -16117
TRACE 55301 OUTPUT_ACCEPT 3447 2437
TRACE 55301 OUTPUT_ACCEPT 3448 -34132
TRACE 55301 OUTPUT_ACCEPT 3449 -19835
TRACE 55301 OUTPUT_ACCEPT 3450 3105
TRACE 55301 OUTPUT_ACCEPT 3451 15579
TRACE 55301 OUTPUT_ACCEPT 3452 6946
TRACE 55301 OUTPUT_ACCEPT 3453 40005
TRACE 55301 OUTPUT_ACCEPT 3454 10307
TRACE 55301 OUTPUT_ACCEPT 3455 -116
TRACE 56325 OUTPUT_ACCEPT 3456 36529
TRACE 56325 OUTPUT_ACCEPT 3457 -8219
TRACE 56325 OUTPUT_ACCEPT 3458 26360
TRACE 56325 OUTPUT_ACCEPT 3459 -16373
TRACE 56325 OUTPUT_ACCEPT 3460 8246
TRACE 56325 OUTPUT_ACCEPT 3461 -2757
TRACE 56325 OUTPUT_ACCEPT 3462 -5568
TRACE 56325 OUTPUT_ACCEPT 3463 11912
TRACE 56325 OUTPUT_ACCEPT 3464 -41331
TRACE 56325 OUTPUT_ACCEPT 3465 -18312
TRACE 56325 OUTPUT_ACCEPT 3466 45581
TRACE 56325 OUTPUT_ACCEPT 3467 18409
TRACE 56325 OUTPUT_ACCEPT 3468 -5995
TRACE 56325 OUTPUT_ACCEPT 3469 -12361
TRACE 56325 OUTPUT_ACCEPT 3470 -12884
TRACE 56325 OUTPUT_ACCEPT 3471 336
TRACE 56325 OUTPUT_ACCEPT 3472 28951
TRACE 56325 OUTPUT_ACCEPT 3473 32300
TRACE 56325 OUTPUT_ACCEPT 3474 -35817
TRACE 56325 OUTPUT_ACCEPT 3475 -29265
TRACE 56325 OUTPUT_ACCEPT 3476 33010
TRACE 56325 OUTPUT_ACCEPT 3477 46389
TRACE 56325 OUTPUT_ACCEPT 3478 -37172
TRACE 56325 OUTPUT_ACCEPT 3479 -9033
TRACE 56325 OUTPUT_ACCEPT 3480 -30471
TRACE 56325 OUTPUT_ACCEPT 3481 -50650
TRACE 56325 OUTPUT_ACCEPT 3482 4146
TRACE 56325 OUTPUT_ACCEPT 3483 5481
TRACE 56325 OUTPUT_ACCEPT 3484 35738
TRACE 56325 OUTPUT_ACCEPT 3485 9485
TRACE 56325 OUTPUT_ACCEPT 3486 11335
TRACE 56325 OUTPUT_ACCEPT 3487 -49199
TRACE 56325 OUTPUT_ACCEPT 3488 -7784
TRACE 56325 OUTPUT_ACCEPT 3489 -26966
TRACE 56325 OUTPUT_ACCEPT 3490 39745
TRACE 56325 OUTPUT_ACCEPT 3491 -36350
TRACE 56325 OUTPUT_ACCEPT 3492 54004
TRACE 56325 OUTPUT_ACCEPT 3493 1770
TRACE 56325 OUTPUT_ACCEPT 3494 -43477
TRACE 56325 OUTPUT_ACCEPT 3495 17847
TRACE 56325 OUTPUT_ACCEPT 3496 50036
TRACE 56325 OUTPUT_ACCEPT 3497 13095
TRACE 56325 OUTPUT_ACCEPT 3498 13627
TRACE 56325 OUTPUT_ACCEPT 3499 -54693
TRACE 56325 OUTPUT_ACCEPT 3500 -43636
TRACE 56325 OUTPUT_ACCEPT 3501 5242
TRACE 56325 OUTPUT_ACCEPT 3502 39400
TRACE 56325 OUTPUT_ACCEPT 3503 -41842
TRACE 56325 OUTPUT_ACCEPT 3504 20524
TRACE 56325 OUTPUT_ACCEPT 3505 -3487
TRACE 56325 OUTPUT_ACCEPT 3506 3935
TRACE 56325 OUTPUT_ACCEPT 3507 18556
TRACE 56325 OUTPUT_ACCEPT 3508 2525
TRACE 56325 OUTPUT_ACCEPT 3509 41109
TRACE 56325 OUTPUT_ACCEPT 3510 -4581
TRACE 56325 OUTPUT_ACCEPT 3511 10980
TRACE 56325 OUTPUT_ACCEPT 3512 19792
TRACE 56325 OUTPUT_ACCEPT 3513 -25056
TRACE 56325 OUTPUT_ACCEPT 3514 24023
TRACE 56325 OUTPUT_ACCEPT 3515 9633
TRACE 56325 OUTPUT_ACCEPT 3516 8293
TRACE 56325 OUTPUT_ACCEPT 3517 16665
TRACE 56325 OUTPUT_ACCEPT 3518 11066
TRACE 56325 OUTPUT_ACCEPT 3519 -46864
TRACE 57349 OUTPUT_ACCEPT 3520 35866
TRACE 57349 OUTPUT_ACCEPT 3521 28859
TRACE 57349 OUTPUT_ACCEPT 3522 11526
TRACE 57349 OUTPUT_ACCEPT 3523 20943
TRACE 57349 OUTPUT_ACCEPT 3524 6494
TRACE 57349 OUTPUT_ACCEPT 3525 -52651
TRACE 57349 OUTPUT_ACCEPT 3526 12393
TRACE 57349 OUTPUT_ACCEPT 3527 -1780
TRACE 57349 OUTPUT_ACCEPT 3528 47787
TRACE 57349 OUTPUT_ACCEPT 3529 -27544
TRACE 57349 OUTPUT_ACCEPT 3530 3868
TRACE 57349 OUTPUT_ACCEPT 3531 23165
TRACE 57349 OUTPUT_ACCEPT 3532 -24504
TRACE 57349 OUTPUT_ACCEPT 3533 21194
TRACE 57349 OUTPUT_ACCEPT 3534 39648
TRACE 57349 OUTPUT_ACCEPT 3535 34133
TRACE 57349 OUTPUT_ACCEPT 3536 -19271
TRACE 57349 OUTPUT_ACCEPT 3537 11035
TRACE 57349 OUTPUT_ACCEPT 3538 -41395
TRACE 57349 OUTPUT_ACCEPT 3539 6608
TRACE 57349 OUTPUT_ACCEPT 3540 34429
TRACE 57349 OUTPUT_ACCEPT 3541 8494
TRACE 57349 OUTPUT_ACCEPT 3542 45841
TRACE 57349 OUTPUT_ACCEPT 3543 -47431
TRACE 57349 OUTPUT_ACCEPT 3544 31417
TRACE 57349 OUTPUT_ACCEPT 3545 -45522
TRACE 57349 OUTPUT_ACCEPT 3546 21696
TRACE 57349 OUTPUT_ACCEPT 3547 -22096
TRACE 57349 OUTPUT_ACCEPT 3548 43526
TRACE 57349 OUTPUT_ACCEPT 3549 31396
TRACE 57349 OUTPUT_ACCEPT 3550 -30236
TRACE 57349 OUTPUT_ACCEPT 3551 52181
TRACE 57349 OUTPUT_ACCEPT 3552 40093
TRACE 57349 OUTPUT_ACCEPT 3553 40266
TRACE 57349 OUTPUT_ACCEPT 3554 -32801
TRACE 57349 OUTPUT_ACCEPT 3555 55584
TRACE 57349 OUTPUT_ACCEPT 3556 -11518
TRACE 57349 OUTPUT_ACCEPT 3557 -33128
TRACE 57349 OUTPUT_ACCEPT 3558 24976
TRACE 57349 OUTPUT_ACCEPT 3559 31170
TRACE 57349 OUTPUT_ACCEPT 3560 -3138
TRACE 57349 OUTPUT_ACCEPT 3561 8917
TRACE 57349 OUTPUT_ACCEPT 3562 -9949
TRACE 57349 OUTPUT_ACCEPT 3563 -35339
TRACE 57349 OUTPUT_ACCEPT 3564 -47936
TRACE 57349 OUTPUT_ACCEPT 3565 -41601
TRACE 57349 OUTPUT_ACCEPT 3566 -30745
TRACE 57349 OUTPUT_ACCEPT 3567 8415
TRACE 57349 OUTPUT_ACCEPT 3568 -35428
TRACE 57349 OUTPUT_ACCEPT 3569 -34439
TRACE 57349 OUTPUT_ACCEPT 3570 -17315
TRACE 57349 OUTPUT_ACCEPT 3571 -28960
TRACE 57349 OUTPUT_ACCEPT 3572 -20502
TRACE 57349 OUTPUT_ACCEPT 3573 8338
TRACE 57349 OUTPUT_ACCEPT 3574 -17786
TRACE 57349 OUTPUT_ACCEPT 3575 -29929
TRACE 57349 OUTPUT_ACCEPT 3576 -32405
TRACE 57349 OUTPUT_ACCEPT 3577 -17869
TRACE 57349 OUTPUT_ACCEPT 3578 -3159
TRACE 57349 OUTPUT_ACCEPT 3579 -34629
TRACE 57349 OUTPUT_ACCEPT 3580 14218
TRACE 57349 OUTPUT_ACCEPT 3581 13651
TRACE 57349 OUTPUT_ACCEPT 3582 36218
TRACE 57349 OUTPUT_ACCEPT 3583 -18258
TRACE 58373 OUTPUT_ACCEPT 3584 8884
TRACE 58373 OUTPUT_ACCEPT 3585 -21972
TRACE 58373 OUTPUT_ACCEPT 3586 -13300
TRACE 58373 OUTPUT_ACCEPT 3587 3400
TRACE 58373 OUTPUT_ACCEPT 3588 -17696
TRACE 58373 OUTPUT_ACCEPT 3589 13833
TRACE 58373 OUTPUT_ACCEPT 3590 -18479
TRACE 58373 OUTPUT_ACCEPT 3591 10192
TRACE 58373 OUTPUT_ACCEPT 3592 5372
TRACE 58373 OUTPUT_ACCEPT 3593 3964
TRACE 58373 OUTPUT_ACCEPT 3594 -10944
TRACE 58373 OUTPUT_ACCEPT 3595 20140
TRACE 58373 OUTPUT_ACCEPT 3596 5584
TRACE 58373 OUTPUT_ACCEPT 3597 -37210
TRACE 58373 OUTPUT_ACCEPT 3598 -13131
TRACE 58373 OUTPUT_ACCEPT 3599 -13641
TRACE 58373 OUTPUT_ACCEPT 3600 21802
TRACE 58373 OUTPUT_ACCEPT 3601 -8297
TRACE 58373 OUTPUT_ACCEPT 3602 29656
TRACE 58373 OUTPUT_ACCEPT 3603 -10168
TRACE 58373 OUTPUT_ACCEPT 3604 5920
TRACE 58373 OUTPUT_ACCEPT 3605 -3428
TRACE 58373 OUTPUT_ACCEPT 3606 -8132
TRACE 58373 OUTPUT_ACCEPT 3607 -19481
TRACE 58373 OUTPUT_ACCEPT 3608 2994
TRACE 58373 OUTPUT_ACCEPT 3609 -15145
TRACE 58373 OUTPUT_ACCEPT 3610 5093
TRACE 58373 OUTPUT_ACCEPT 3611 14453
TRACE 58373 OUTPUT_ACCEPT 3612 18508
TRACE 58373 OUTPUT_ACCEPT 3613 30794
TRACE 58373 OUTPUT_ACCEPT 3614 -23552
TRACE 58373 OUTPUT_ACCEPT 3615 33213
TRACE 58373 OUTPUT_ACCEPT 3616 15285
TRACE 58373 OUTPUT_ACCEPT 3617 -6310
TRACE 58373 OUTPUT_ACCEPT 3618 25110
TRACE 58373 OUTPUT_ACCEPT 3619 -8124
TRACE 58373 OUTPUT_ACCEPT 3620 -2335
TRACE 58373 OUTPUT_ACCEPT 3621 -30671
TRACE 58373 OUTPUT_ACCEPT 3622 -19423
TRACE 58373 OUTPUT_ACCEPT 3623 21170
TRACE 58373 OUTPUT_ACCEPT 3624 14704
TRACE 58373 OUTPUT_ACCEPT 3625 -15223
TRACE 58373 OUTPUT_ACCEPT 3626 -859
TRACE 58373 OUTPUT_ACCEPT 3627 -30014
TRACE 58373 OUTPUT_ACCEPT 3628 -23389
TRACE 58373 OUTPUT_ACCEPT 3629 16300
TRACE 58373 OUTPUT_ACCEPT 3630 29300
TRACE 58373 OUTPUT_ACCEPT 3631 6054
TRACE 58373 OUTPUT_ACCEPT 3632 47571
TRACE 58373 OUTPUT_ACCEPT 3633 -27814
TRACE 58373 OUTPUT_ACCEPT 3634 3840
TRACE 58373 OUTPUT_ACCEPT 3635 18174
TRACE 58373 OUTPUT_ACCEPT 3636 -24581
TRACE 58373 OUTPUT_ACCEPT 3637 -9687
TRACE 58373 OUTPUT_ACCEPT 3638 8336
TRACE 58373 OUTPUT_ACCEPT 3639 7786
TRACE 58373 OUTPUT_ACCEPT 3640 28041
TRACE 58373 OUTPUT_ACCEPT 3641 25674
TRACE 58373 OUTPUT_ACCEPT 3642 34143
TRACE 58373 OUTPUT_ACCEPT 3643 -16962
TRACE 58373 OUTPUT_ACCEPT 3644 -30313
TRACE 58373 OUTPUT_ACCEPT 3645 -23398
TRACE 58373 OUTPUT_ACCEPT 3646 -31954
TRACE 58373 OUTPUT_ACCEPT 3647 4791
TRACE 59397 OUTPUT_ACCEPT 3648 -13202
TRACE 59397 OUTPUT_ACCEPT 3649 23623
TRACE 59397 OUTPUT_ACCEPT 3650 -25966
TRACE 59397 OUTPUT_ACCEPT 3651 -297
TRACE 59397 OUTPUT_ACCEPT 3652 -21480
TRACE 59397 OUTPUT_ACCEPT 3653 -14085
TRACE 59397 OUTPUT_ACCEPT 3654 -29527
TRACE 59397 OUTPUT_ACCEPT 3655 -27952
TRACE 59397 OUTPUT_ACCEPT 3656 28354
TRACE 59397 OUTPUT_ACCEPT 3657 -6873
TRACE 59397 OUTPUT_ACCEPT 3658 24949
TRACE 59397 OUTPUT_ACCEPT 3659 -37
TRACE 59397 OUTPUT_ACCEPT 3660 -7610
TRACE 59397 OUTPUT_ACCEPT 3661 29373
TRACE 59397 OUTPUT_ACCEPT 3662 -11591
TRACE 59397 OUTPUT_ACCEPT 3663 -3624
TRACE 59397 OUTPUT_ACCEPT 3664 2631
TRACE 59397 OUTPUT_ACCEPT 3665 -13411
TRACE 59397 OUTPUT_ACCEPT 3666 -16647
TRACE 59397 OUTPUT_ACCEPT 3667 -1256
TRACE 59397 OUTPUT_ACCEPT 3668 31189
TRACE 59397 OUTPUT_ACCEPT 3669 -14149
TRACE 59397 OUTPUT_ACCEPT 3670 -17729
TRACE 59397 OUTPUT_ACCEPT 3671 28894
TRACE 59397 OUTPUT_ACCEPT 3672 -23451
TRACE 59397 OUTPUT_ACCEPT 3673 -12343
TRACE 59397 OUTPUT_ACCEPT 3674 -18673
TRACE 59397 OUTPUT_ACCEPT 3675 -1077
TRACE 59397 OUTPUT_ACCEPT 3676 19586
TRACE 59397 OUTPUT_ACCEPT 3677 7414
TRACE 59397 OUTPUT_ACCEPT 3678 22771
TRACE 59397 OUTPUT_ACCEPT 3679 17770
TRACE 59397 OUTPUT_ACCEPT 3680 34635
TRACE 59397 OUTPUT_ACCEPT 3681 -15225
TRACE 59397 OUTPUT_ACCEPT 3682 18475
TRACE 59397 OUTPUT_ACCEPT 3683 -34410
TRACE 59397 OUTPUT_ACCEPT 3684 15586
TRACE 59397 OUTPUT_ACCEPT 3685 24093
TRACE 59397 OUTPUT_ACCEPT 3686 -38032
TRACE 59397 OUTPUT_ACCEPT 3687 -6015
TRACE 59397 OUTPUT_ACCEPT 3688 39919
TRACE 59397 OUTPUT_ACCEPT 3689 -38256
TRACE 59397 OUTPUT_ACCEPT 3690 5793
TRACE 59397 OUTPUT_ACCEPT 3691 -34692
TRACE 59397 OUTPUT_ACCEPT 3692 -19036
TRACE 59397 OUTPUT_ACCEPT 3693 -29471
TRACE 59397 OUTPUT_ACCEPT 3694 5908
TRACE 59397 OUTPUT_ACCEPT 3695 34187
TRACE 59397 OUTPUT_ACCEPT 3696 13588
TRACE 59397 OUTPUT_ACCEPT 3697 -18479
TRACE 59397 OUTPUT_ACCEPT 3698 -9704
TRACE 59397 OUTPUT_ACCEPT 3699 -31709
TRACE 59397 OUTPUT_ACCEPT 3700 -9988
TRACE 59397 OUTPUT_ACCEPT 3701 -14979
TRACE 59397 OUTPUT_ACCEPT 3702 -37047
TRACE 59397 OUTPUT_ACCEPT 3703 31107
TRACE 59397 OUTPUT_ACCEPT 3704 21232
TRACE 59397 OUTPUT_ACCEPT 3705 17961
TRACE 59397 OUTPUT_ACCEPT 3706 3025
TRACE 59397 OUTPUT_ACCEPT 3707 -19960
TRACE 59397 OUTPUT_ACCEPT 3708 -5503
TRACE 59397 OUTPUT_ACCEPT 3709 36490
TRACE 59397 OUTPUT_ACCEPT 3710 18910
TRACE 59397 OUTPUT_ACCEPT 3711 -10331
TRACE 60421 OUTPUT_ACCEPT 3712 -1485
TRACE 60421 OUTPUT_ACCEPT 3713 19101
TRACE 60421 OUTPUT_ACCEPT 3714 9874
TRACE 60421 OUTPUT_ACCEPT 3715 27109
TRACE 60421 OUTPUT_ACCEPT 3716 7976
TRACE 60421 OUTPUT_ACCEPT 3717 20240
TRACE 60421 OUTPUT_ACCEPT 3718 16295
TRACE 60421 OUTPUT_ACCEPT 3719 24578
TRACE 60421 OUTPUT_ACCEPT 3720 27662
TRACE 60421 OUTPUT_ACCEPT 3721 10547
TRACE 60421 OUTPUT_ACCEPT 3722 -17196
TRACE 60421 OUTPUT_ACCEPT 3723 18953
TRACE 60421 OUTPUT_ACCEPT 3724 8447
TRACE 60421 OUTPUT_ACCEPT 3725 22560
TRACE 60421 OUTPUT_ACCEPT 3726 -28734
TRACE 60421 OUTPUT_ACCEPT 3727 -9018
TRACE 60421 OUTPUT_ACCEPT 3728 9727
TRACE 60421 OUTPUT_ACCEPT 3729 4417
TRACE 60421 OUTPUT_ACCEPT 3730 -9806
TRACE 60421 OUTPUT_ACCEPT 3731 7032
TRACE 60421 OUTPUT_ACCEPT 3732 -4171
TRACE 60421 OUTPUT_ACCEPT 3733 22071
TRACE 60421 OUTPUT_ACCEPT 3734 5051
TRACE 60421 OUTPUT_ACCEPT 3735 5266
TRACE 60421 OUTPUT_ACCEPT 3736 -1357
TRACE 60421 OUTPUT_ACCEPT 3737 -4487
TRACE 60421 OUTPUT_ACCEPT 3738 -21080
TRACE 60421 OUTPUT_ACCEPT 3739 2579
TRACE 60421 OUTPUT_ACCEPT 3740 31864
TRACE 60421 OUTPUT_ACCEPT 3741 -115
TRACE 60421 OUTPUT_ACCEPT 3742 -11810
TRACE 60421 OUTPUT_ACCEPT 3743 -14243
TRACE 60421 OUTPUT_ACCEPT 3744 10236
TRACE 60421 OUTPUT_ACCEPT 3745 36494
TRACE 60421 OUTPUT_ACCEPT 3746 -6398
TRACE 60421 OUTPUT_ACCEPT 3747 -8043
TRACE 60421 OUTPUT_ACCEPT 3748 10998
TRACE 60421 OUTPUT_ACCEPT 3749 -24191
TRACE 60421 OUTPUT_ACCEPT 3750 -11757
TRACE 60421 OUTPUT_ACCEPT 3751 -6710
TRACE 60421 OUTPUT_ACCEPT 3752 -1840
TRACE 60421 OUTPUT_ACCEPT 3753 23030
TRACE 60421 OUTPUT_ACCEPT 3754 6532
TRACE 60421 OUTPUT_ACCEPT 3755 5033
TRACE 60421 OUTPUT_ACCEPT 3756 -8321
TRACE 60421 OUTPUT_ACCEPT 3757 20587
TRACE 60421 OUTPUT_ACCEPT 3758 16970
TRACE 60421 OUTPUT_ACCEPT 3759 24189
TRACE 60421 OUTPUT_ACCEPT 3760 13121
TRACE 60421 OUTPUT_ACCEPT 3761 2232
TRACE 60421 OUTPUT_ACCEPT 3762 4489
TRACE 60421 OUTPUT_ACCEPT 3763 -9590
TRACE 60421 OUTPUT_ACCEPT 3764 6477
TRACE 60421 OUTPUT_ACCEPT 3765 -34194
TRACE 60421 OUTPUT_ACCEPT 3766 -2730
TRACE 60421 OUTPUT_ACCEPT 3767 -9570
TRACE 60421 OUTPUT_ACCEPT 3768 543
TRACE 60421 OUTPUT_ACCEPT 3769 16209
TRACE 60421 OUTPUT_ACCEPT 3770 1478
TRACE 60421 OUTPUT_ACCEPT 3771 -841
TRACE 60421 OUTPUT_ACCEPT 3772 8257
TRACE 60421 OUTPUT_ACCEPT 3773 1431
TRACE 60421 OUTPUT_ACCEPT 3774 -16585
TRACE 60421 OUTPUT_ACCEPT 3775 -35006
TRACE 61445 OUTPUT_ACCEPT 3776 -9505
TRACE 61445 OUTPUT_ACCEPT 3777 -14967
TRACE 61445 OUTPUT_ACCEPT 3778 -18672
TRACE 61445 OUTPUT_ACCEPT 3779 18858
TRACE 61445 OUTPUT_ACCEPT 3780 -3628
TRACE 61445 OUTPUT_ACCEPT 3781 -2590
TRACE 61445 OUTPUT_ACCEPT 3782 -28889
TRACE 61445 OUTPUT_ACCEPT 3783 12538
TRACE 61445 OUTPUT_ACCEPT 3784 28089
TRACE 61445 OUTPUT_ACCEPT 3785 -2415
TRACE 61445 OUTPUT_ACCEPT 3786 -10803
TRACE 61445 OUTPUT_ACCEPT 3787 -12294
TRACE 61445 OUTPUT_ACCEPT 3788 -13492
TRACE 61445 OUTPUT_ACCEPT 3789 3163
TRACE 61445 OUTPUT_ACCEPT 3790 -12012
TRACE 61445 OUTPUT_ACCEPT 3791 20582
TRACE 61445 OUTPUT_ACCEPT 3792 5406
TRACE 61445 OUTPUT_ACCEPT 3793 -31762
TRACE 61445 OUTPUT_ACCEPT 3794 21306
TRACE 61445 OUTPUT_ACCEPT 3795 -12017
TRACE 61445 OUTPUT_ACCEPT 3796 3092
TRACE 61445 OUTPUT_ACCEPT 3797 26139
TRACE 61445 OUTPUT_ACCEPT 3798 4200
TRACE 61445 OUTPUT_ACCEPT 3799 -2244
TRACE 61445 OUTPUT_ACCEPT 3800 -28374
TRACE 61445 OUTPUT_ACCEPT 3801 16023
TRACE 61445 OUTPUT_ACCEPT 3802 14303
TRACE 61445 OUTPUT_ACCEPT 3803 28587
TRACE 61445 OUTPUT_ACCEPT 3804 -4489
TRACE 61445 OUTPUT_ACCEPT 3805 4173
TRACE 61445 OUTPUT_ACCEPT 3806 -5998
TRACE 61445 OUTPUT_ACCEPT 3807 304
TRACE 61445 OUTPUT_ACCEPT 3808 -3583
TRACE 61445 OUTPUT_ACCEPT 3809 23504
TRACE 61445 OUTPUT_ACCEPT 3810 -6365
TRACE 61445 OUTPUT_ACCEPT 3811 -8262
TRACE 61445 OUTPUT_ACCEPT 3812 6999
TRACE 61445 OUTPUT_ACCEPT 3813 -11448
TRACE 61445 OUTPUT_ACCEPT 3814 -4960
TRACE 61445 OUTPUT_ACCEPT 3815 -4583
TRACE 61445 OUTPUT_ACCEPT 3816 -7017
TRACE 61445 OUTPUT_ACCEPT 3817 25109
TRACE 61445 OUTPUT_ACCEPT 3818 5495
TRACE 61445 OUTPUT_ACCEPT 3819 10333
TRACE 61445 OUTPUT_ACCEPT 3820 5325
TRACE 61445 OUTPUT_ACCEPT 3821 -19775
TRACE 61445 OUTPUT_ACCEPT 3822 -23341
TRACE 61445 OUTPUT_ACCEPT 3823 22265
TRACE 61445 OUTPUT_ACCEPT 3824 -25572
TRACE 61445 OUTPUT_ACCEPT 3825 15245
TRACE 61445 OUTPUT_ACCEPT 3826 -34782
TRACE 61445 OUTPUT_ACCEPT 3827 12324
TRACE 61445 OUTPUT_ACCEPT 3828 -128
TRACE 61445 OUTPUT_ACCEPT 3829 -3033
TRACE 61445 OUTPUT_ACCEPT 3830 22433
TRACE 61445 OUTPUT_ACCEPT 3831 12303
TRACE 61445 OUTPUT_ACCEPT 3832 17328
TRACE 61445 OUTPUT_ACCEPT 3833 27025
TRACE 61445 OUTPUT_ACCEPT 3834 11134
TRACE 61445 OUTPUT_ACCEPT 3835 -24469
TRACE 61445 OUTPUT_ACCEPT 3836 2559
TRACE 61445 OUTPUT_ACCEPT 3837 -586
TRACE 61445 OUTPUT_ACCEPT 3838 -22236
TRACE 61445 OUTPUT_ACCEPT 3839 11816
TRACE 62469 OUTPUT_ACCEPT 3840 31954
TRACE 62469 OUTPUT_ACCEPT 3841 2035
TRACE 62469 OUTPUT_ACCEPT 3842 17141
TRACE 62469 OUTPUT_ACCEPT 3843 -13958
TRACE 62469 OUTPUT_ACCEPT 3844 14838
TRACE 62469 OUTPUT_ACCEPT 3845 -15199
TRACE 62469 OUTPUT_ACCEPT 3846 -11701
TRACE 62469 OUTPUT_ACCEPT 3847 6989
TRACE 62469 OUTPUT_ACCEPT 3848 -22425
TRACE 62469 OUTPUT_ACCEPT 3849 11998
TRACE 62469 OUTPUT_ACCEPT 3850 -19689
TRACE 62469 OUTPUT_ACCEPT 3851 25423
TRACE 62469 OUTPUT_ACCEPT 3852 21364
TRACE 62469 OUTPUT_ACCEPT 3853 -16156
TRACE 62469 OUTPUT_ACCEPT 3854 4774
TRACE 62469 OUTPUT_ACCEPT 3855 -20675
TRACE 62469 OUTPUT_ACCEPT 3856 15198
TRACE 62469 OUTPUT_ACCEPT 3857 20513
TRACE 62469 OUTPUT_ACCEPT 3858 24463
TRACE 62469 OUTPUT_ACCEPT 3859 5524
TRACE 62469 OUTPUT_ACCEPT 3860 5035
TRACE 62469 OUTPUT_ACCEPT 3861 -22825
TRACE 62469 OUTPUT_ACCEPT 3862 20626
TRACE 62469 OUTPUT_ACCEPT 3863 -39069
TRACE 62469 OUTPUT_ACCEPT 3864 -40720
TRACE 62469 OUTPUT_ACCEPT 3865 -15979
TRACE 62469 OUTPUT_ACCEPT 3866 -42337
TRACE 62469 OUTPUT_ACCEPT 3867 -2922
TRACE 62469 OUTPUT_ACCEPT 3868 15908
TRACE 62469 OUTPUT_ACCEPT 3869 -24025
TRACE 62469 OUTPUT_ACCEPT 3870 30647
TRACE 62469 OUTPUT_ACCEPT 3871 43516
TRACE 62469 OUTPUT_ACCEPT 3872 8042
TRACE 62469 OUTPUT_ACCEPT 3873 38902
TRACE 62469 OUTPUT_ACCEPT 3874 18668
TRACE 62469 OUTPUT_ACCEPT 3875 31815
TRACE 62469 OUTPUT_ACCEPT 3876 2632
TRACE 62469 OUTPUT_ACCEPT 3877 45748
TRACE 62469 OUTPUT_ACCEPT 3878 -24180
TRACE 62469 OUTPUT_ACCEPT 3879 44955
TRACE 62469 OUTPUT_ACCEPT 3880 -40596
TRACE 62469 OUTPUT_ACCEPT 3881 39941
TRACE 62469 OUTPUT_ACCEPT 3882 -34178
TRACE 62469 OUTPUT_ACCEPT 3883 -40302
TRACE 62469 OUTPUT_ACCEPT 3884 14611
TRACE 62469 OUTPUT_ACCEPT 3885 18900
TRACE 62469 OUTPUT_ACCEPT 3886 28819
TRACE 62469 OUTPUT_ACCEPT 3887 17155
TRACE 62469 OUTPUT_ACCEPT 3888 -44605
TRACE 62469 OUTPUT_ACCEPT 3889 11614
TRACE 62469 OUTPUT_ACCEPT 3890 -21249
TRACE 62469 OUTPUT_ACCEPT 3891 -21333
TRACE 62469 OUTPUT_ACCEPT 3892 29687
TRACE 62469 OUTPUT_ACCEPT 3893 13292
TRACE 62469 OUTPUT_ACCEPT 3894 -14721
TRACE 62469 OUTPUT_ACCEPT 3895 13206
TRACE 62469 OUTPUT_ACCEPT 3896 28597
TRACE 62469 OUTPUT_ACCEPT 3897 -18555
TRACE 62469 OUTPUT_ACCEPT 3898 -5315
TRACE 62469 OUTPUT_ACCEPT 3899 -13018
TRACE 62469 OUTPUT_ACCEPT 3900 23164
TRACE 62469 OUTPUT_ACCEPT 3901 18615
TRACE 62469 OUTPUT_ACCEPT 3902 -31296
TRACE 62469 OUTPUT_ACCEPT 3903 25769
TRACE 63493 OUTPUT_ACCEPT 3904 1925
TRACE 63493 OUTPUT_ACCEPT 3905 -22618
TRACE 63493 OUTPUT_ACCEPT 3906 -142
TRACE 63493 OUTPUT_ACCEPT 3907 24510
TRACE 63493 OUTPUT_ACCEPT 3908 -20240
TRACE 63493 OUTPUT_ACCEPT 3909 27041
TRACE 63493 OUTPUT_ACCEPT 3910 15893
TRACE 63493 OUTPUT_ACCEPT 3911 -5885
TRACE 63493 OUTPUT_ACCEPT 3912 -19711
TRACE 63493 OUTPUT_ACCEPT 3913 9289
TRACE 63493 OUTPUT_ACCEPT 3914 24374
TRACE 63493 OUTPUT_ACCEPT 3915 -18860
TRACE 63493 OUTPUT_ACCEPT 3916 -10518
TRACE 63493 OUTPUT_ACCEPT 3917 -17603
TRACE 63493 OUTPUT_ACCEPT 3918 23180
TRACE 63493 OUTPUT_ACCEPT 3919 -24694
TRACE 63493 OUTPUT_ACCEPT 3920 16054
TRACE 63493 OUTPUT_ACCEPT 3921 24728
TRACE 63493 OUTPUT_ACCEPT 3922 -5568
TRACE 63493 OUTPUT_ACCEPT 3923 24713
TRACE 63493 OUTPUT_ACCEPT 3924 -2561
TRACE 63493 OUTPUT_ACCEPT 3925 1009
TRACE 63493 OUTPUT_ACCEPT 3926 31679
TRACE 63493 OUTPUT_ACCEPT 3927 -29548
TRACE 63493 OUTPUT_ACCEPT 3928 39042
TRACE 63493 OUTPUT_ACCEPT 3929 37090
TRACE 63493 OUTPUT_ACCEPT 3930 23674
TRACE 63493 OUTPUT_ACCEPT 3931 -38918
TRACE 63493 OUTPUT_ACCEPT 3932 -1669
TRACE 63493 OUTPUT_ACCEPT 3933 46043
TRACE 63493 OUTPUT_ACCEPT 3934 32387
TRACE 63493 OUTPUT_ACCEPT 3935 8482
TRACE 63493 OUTPUT_ACCEPT 3936 7062
TRACE 63493 OUTPUT_ACCEPT 3937 -23344
TRACE 63493 OUTPUT_ACCEPT 3938 -1420
TRACE 63493 OUTPUT_ACCEPT 3939 22443
TRACE 63493 OUTPUT_ACCEPT 3940 -24014
TRACE 63493 OUTPUT_ACCEPT 3941 40787
TRACE 63493 OUTPUT_ACCEPT 3942 1118
TRACE 63493 OUTPUT_ACCEPT 3943 10205
TRACE 63493 OUTPUT_ACCEPT 3944 -36338
TRACE 63493 OUTPUT_ACCEPT 3945 -36066
TRACE 63493 OUTPUT_ACCEPT 3946 -21833
TRACE 63493 OUTPUT_ACCEPT 3947 -33300
TRACE 63493 OUTPUT_ACCEPT 3948 33318
TRACE 63493 OUTPUT_ACCEPT 3949 15038
TRACE 63493 OUTPUT_ACCEPT 3950 -17876
TRACE 63493 OUTPUT_ACCEPT 3951 17901
TRACE 63493 OUTPUT_ACCEPT 3952 10862
TRACE 63493 OUTPUT_ACCEPT 3953 -34653
TRACE 63493 OUTPUT_ACCEPT 3954 -13557
TRACE 63493 OUTPUT_ACCEPT 3955 33822
TRACE 63493 OUTPUT_ACCEPT 3956 -8001
TRACE 63493 OUTPUT_ACCEPT 3957 -31745
TRACE 63493 OUTPUT_ACCEPT 3958 19446
TRACE 63493 OUTPUT_ACCEPT 3959 -30719
TRACE 63493 OUTPUT_ACCEPT 3960 -23635
TRACE 63493 OUTPUT_ACCEPT 3961 15501
TRACE 63493 OUTPUT_ACCEPT 3962 23369
TRACE 63493 OUTPUT_ACCEPT 3963 -3087
TRACE 63493 OUTPUT_ACCEPT 3964 30859
TRACE 63493 OUTPUT_ACCEPT 3965 -18501
TRACE 63493 OUTPUT_ACCEPT 3966 31811
TRACE 63493 OUTPUT_ACCEPT 3967 17321
TRACE 64517 OUTPUT_ACCEPT 3968 28351
TRACE 64517 OUTPUT_ACCEPT 3969 40543
TRACE 64517 OUTPUT_ACCEPT 3970 -11754
TRACE 64517 OUTPUT_ACCEPT 3971 -20746
TRACE 64517 OUTPUT_ACCEPT 3972 -27548
TRACE 64517 OUTPUT_ACCEPT 3973 -28954
TRACE 64517 OUTPUT_ACCEPT 3974 28645
TRACE 64517 OUTPUT_ACCEPT 3975 -31863
TRACE 64517 OUTPUT_ACCEPT 3976 -3793
TRACE 64517 OUTPUT_ACCEPT 3977 28145
TRACE 64517 OUTPUT_ACCEPT 3978 29062
TRACE 64517 OUTPUT_ACCEPT 3979 -25199
TRACE 64517 OUTPUT_ACCEPT 3980 31357
TRACE 64517 OUTPUT_ACCEPT 3981 -29959
TRACE 64517 OUTPUT_ACCEPT 3982 -34545
TRACE 64517 OUTPUT_ACCEPT 3983 36254
TRACE 64517 OUTPUT_ACCEPT 3984 17453
TRACE 64517 OUTPUT_ACCEPT 3985 -31694
TRACE 64517 OUTPUT_ACCEPT 3986 28587
TRACE 64517 OUTPUT_ACCEPT 3987 30575
TRACE 64517 OUTPUT_ACCEPT 3988 -35645
TRACE 64517 OUTPUT_ACCEPT 3989 -27674
TRACE 64517 OUTPUT_ACCEPT 3990 -31653
TRACE 64517 OUTPUT_ACCEPT 3991 -29216
TRACE 64517 OUTPUT_ACCEPT 3992 -27616
TRACE 64517 OUTPUT_ACCEPT 3993 9662
TRACE 64517 OUTPUT_ACCEPT 3994 -32919
TRACE 64517 OUTPUT_ACCEPT 3995 -25067
TRACE 64517 OUTPUT_ACCEPT 3996 -30537
TRACE 64517 OUTPUT_ACCEPT 3997 -25818
TRACE 64517 OUTPUT_ACCEPT 3998 -38735
TRACE 64517 OUTPUT_ACCEPT 3999 -29096
TRACE 64517 OUTPUT_ACCEPT 4000 -38030
TRACE 64517 OUTPUT_ACCEPT 4001 -26952
TRACE 64517 OUTPUT_ACCEPT 4002 11766
TRACE 64517 OUTPUT_ACCEPT 4003 21185
TRACE 64517 OUTPUT_ACCEPT 4004 19956
TRACE 64517 OUTPUT_ACCEPT 4005 10294
TRACE 64517 OUTPUT_ACCEPT 4006 19187
TRACE 64517 OUTPUT_ACCEPT 4007 21878
TRACE 64517 OUTPUT_ACCEPT 4008 -2778
TRACE 64517 OUTPUT_ACCEPT 4009 28654
TRACE 64517 OUTPUT_ACCEPT 4010 -4927
TRACE 64517 OUTPUT_ACCEPT 4011 -28655
TRACE 64517 OUTPUT_ACCEPT 4012 -16059
TRACE 64517 OUTPUT_ACCEPT 4013 29418
TRACE 64517 OUTPUT_ACCEPT 4014 -27830
TRACE 64517 OUTPUT_ACCEPT 4015 28828
TRACE 64517 OUTPUT_ACCEPT 4016 30231
TRACE 64517 OUTPUT_ACCEPT 4017 30729
TRACE 64517 OUTPUT_ACCEPT 4018 30628
TRACE 64517 OUTPUT_ACCEPT 4019 -9865
TRACE 64517 OUTPUT_ACCEPT 4020 -16438
TRACE 64517 OUTPUT_ACCEPT 4021 33946
TRACE 64517 OUTPUT_ACCEPT 4022 3223
TRACE 64517 OUTPUT_ACCEPT 4023 28968
TRACE 64517 OUTPUT_ACCEPT 4024 -33726
TRACE 64517 OUTPUT_ACCEPT 4025 24781
TRACE 64517 OUTPUT_ACCEPT 4026 32414
TRACE 64517 OUTPUT_ACCEPT 4027 -4218
TRACE 64517 OUTPUT_ACCEPT 4028 -33330
TRACE 64517 OUTPUT_ACCEPT 4029 30528
TRACE 64517 OUTPUT_ACCEPT 4030 30238
TRACE 64517 OUTPUT_ACCEPT 4031 30393
TRACE 65541 OUTPUT_ACCEPT 4032 -29769
TRACE 65541 OUTPUT_ACCEPT 4033 28100
TRACE 65541 OUTPUT_ACCEPT 4034 28837
TRACE 65541 OUTPUT_ACCEPT 4035 -25506
TRACE 65541 OUTPUT_ACCEPT 4036 -34251
TRACE 65541 OUTPUT_ACCEPT 4037 14843
TRACE 65541 OUTPUT_ACCEPT 4038 -29278
TRACE 65541 OUTPUT_ACCEPT 4039 13691
TRACE 65541 OUTPUT_ACCEPT 4040 23602
TRACE 65541 OUTPUT_ACCEPT 4041 31241
TRACE 65541 OUTPUT_ACCEPT 4042 -21702
TRACE 65541 OUTPUT_ACCEPT 4043 -31707
TRACE 65541 OUTPUT_ACCEPT 4044 -28490
TRACE 65541 OUTPUT_ACCEPT 4045 30106
TRACE 65541 OUTPUT_ACCEPT 4046 33076
TRACE 65541 OUTPUT_ACCEPT 4047 -28001
TRACE 65541 OUTPUT_ACCEPT 4048 6286
TRACE 65541 OUTPUT_ACCEPT 4049 -28096
TRACE 65541 OUTPUT_ACCEPT 4050 -31807
TRACE 65541 OUTPUT_ACCEPT 4051 -27302
TRACE 65541 OUTPUT_ACCEPT 4052 -25146
TRACE 65541 OUTPUT_ACCEPT 4053 -34762
TRACE 65541 OUTPUT_ACCEPT 4054 -28635
TRACE 65541 OUTPUT_ACCEPT 4055 32799
TRACE 65541 OUTPUT_ACCEPT 4056 -36815
TRACE 65541 OUTPUT_ACCEPT 4057 -25243
TRACE 65541 OUTPUT_ACCEPT 4058 34262
TRACE 65541 OUTPUT_ACCEPT 4059 33931
TRACE 65541 OUTPUT_ACCEPT 4060 1210
TRACE 65541 OUTPUT_ACCEPT 4061 -32269
TRACE 65541 OUTPUT_ACCEPT 4062 -30086
TRACE 65541 OUTPUT_ACCEPT 4063 -29384
TRACE 65541 OUTPUT_ACCEPT 4064 25897
TRACE 65541 OUTPUT_ACCEPT 4065 15311
TRACE 65541 OUTPUT_ACCEPT 4066 28772
TRACE 65541 OUTPUT_ACCEPT 4067 -37127
TRACE 65541 OUTPUT_ACCEPT 4068 -27775
TRACE 65541 OUTPUT_ACCEPT 4069 -23385
TRACE 65541 OUTPUT_ACCEPT 4070 34178
TRACE 65541 OUTPUT_ACCEPT 4071 -37316
TRACE 65541 OUTPUT_ACCEPT 4072 -25941
TRACE 65541 OUTPUT_ACCEPT 4073 19708
TRACE 65541 OUTPUT_ACCEPT 4074 30033
TRACE 65541 OUTPUT_ACCEPT 4075 28621
TRACE 65541 OUTPUT_ACCEPT 4076 -45240
TRACE 65541 OUTPUT_ACCEPT 4077 3848
TRACE 65541 OUTPUT_ACCEPT 4078 -35279
TRACE 65541 OUTPUT_ACCEPT 4079 -14225
TRACE 65541 OUTPUT_ACCEPT 4080 -17174
TRACE 65541 OUTPUT_ACCEPT 4081 33664
TRACE 65541 OUTPUT_ACCEPT 4082 -25703
TRACE 65541 OUTPUT_ACCEPT 4083 36855
TRACE 65541 OUTPUT_ACCEPT 4084 -15548
TRACE 65541 OUTPUT_ACCEPT 4085 -24215
TRACE 65541 OUTPUT_ACCEPT 4086 2933
TRACE 65541 OUTPUT_ACCEPT 4087 -32965
TRACE 65541 OUTPUT_ACCEPT 4088 29567
TRACE 65541 OUTPUT_ACCEPT 4089 30354
TRACE 65541 OUTPUT_ACCEPT 4090 22015
TRACE 65541 OUTPUT_ACCEPT 4091 34464
TRACE 65541 OUTPUT_ACCEPT 4092 -28566
TRACE 65541 OUTPUT_ACCEPT 4093 26711
TRACE 65541 OUTPUT_ACCEPT 4094 29988
TRACE 65541 OUTPUT_ACCEPT 4095 -2132
SUMMARY 65542 262144 1048576 65536 65536 65536 65536 64 4096 65535 0 0 1 0 1
