layer,block_size,requested_block_ratio,retained_block_ratio_mean,retained_neuron_ratio_mean,post_gate_contribution_retained_mean,oracle_pre_gate_contribution_retained_mean,previous_token_contribution_retained_mean,adjacent_token_jaccard_mean,previous_token_recall_mean,same_point_cross_prompt_jaccard_mean,post_gate_weight_byte_reduction_mean,oracle_pre_gate_weight_byte_reduction_mean,previous_token_weight_byte_reduction_steady_state,previous_token_weight_byte_reduction_including_first_step_mean,observations,temporal_pairs,cross_prompt_pairs
0,32,0.05,0.05232558139534896,0.05232558139534896,0.13618680979247721,0.13618680979247721,0.061087628312339305,0.0664610923961387,0.120138888888889,0.17915265278324888,0.3158914728682164,0.9476744186046557,0.9476744186046512,0.9171042760690215,248,240,372
0,32,0.1,0.10174418604651224,0.10174418604651224,0.20953763476171575,0.20953763476171575,0.11633159648515878,0.10416438316636792,0.1851190476190476,0.20591385084660588,0.29941860465116427,0.8982558139534851,0.8982558139534884,0.8692798199549856,248,240,372
0,32,0.2,0.2005813953488364,0.2005813953488364,0.33383501890689976,0.33383501890689976,0.22026007109926063,0.1707431174677635,0.2890096618357486,0.26498936549447644,0.2664728682170557,0.7994186046511601,0.7994186046511628,0.7736309077269294,248,240,372
0,32,0.3,0.30232558139534993,0.30232558139534993,0.4461128695293837,0.4461128695293837,0.3256910954839885,0.24072399278332096,0.3856169871794874,0.3229360414968954,0.2325581395348825,0.6976744186046531,0.6976744186046512,0.675168792198051,248,240,372
0,32,0.5,0.5,0.5,0.6369829531061381,0.6369829531061381,0.5220956674723681,0.38374665915704714,0.5533430232558134,0.45067159920291244,0.16666666666666646,0.5,0.5,0.4838709677419355,248,240,372
0,32,0.75,0.75,0.75,0.8414815703754945,0.8414815703754945,0.76558265470446,0.6260787420488193,0.7697997416020657,0.663990653347216,0.08333333333333325,0.25,0.25,0.24193548387096775,248,240,372
0,32,1.0,1.0,1.0,1.0,1.0,1.0,1.0,1.0,1.0,0.0,0.0,0.0,0.0,248,240,372
0,64,0.05,0.05232558139534896,0.05232558139534896,0.11633000897920816,0.11633000897920816,0.057838148290783056,0.061627275910364064,0.11018518518518493,0.166280177760254,0.3158914728682164,0.9476744186046557,0.9476744186046512,0.9171042760690215,248,240,372
0,64,0.1,0.10465116279069792,0.10465116279069792,0.18880664109194611,0.18880664109194611,0.11633185248199156,0.10866614457240056,0.19120370370370382,0.21459369032167078,0.2984496124031024,0.8953488372092994,0.8953488372093024,0.8664666166541608,248,240,372
0,64,0.2,0.20348837209302448,0.20348837209302448,0.3075469527965784,0.3075469527965784,0.2212319145976721,0.18461676118724318,0.3077380952380953,0.2775347600112893,0.26550387596899044,0.7965116279069736,0.7965116279069767,0.7708177044261038,248,240,372
0,64,0.3,0.30232558139534993,0.30232558139534993,0.4144439576598658,0.4144439576598658,0.32336520993863965,0.2514413085861495,0.3988782051282056,0.3345407747827517,0.2325581395348825,0.6976744186046531,0.6976744186046512,0.675168792198051,248,240,372
0,64,0.5,0.5,0.5,0.60712501152033,0.60712501152033,0.5190289555844148,0.38950853050498757,0.5590600775193796,0.4559854257722849,0.16666666666666646,0.5,0.5,0.4838709677419355,248,240,372
0,64,0.75,0.75,0.75,0.8219373948368931,0.8219373948368931,0.7624670024357888,0.6271393713282358,0.7704457364341081,0.6685377153712484,0.08333333333333325,0.25,0.25,0.24193548387096775,248,240,372
0,64,1.0,1.0,1.0,1.0,1.0,1.0,1.0,1.0,1.0,0.0,0.0,0.0,0.0,248,240,372
0,128,0.05,0.05813953488372063,0.05813953488372063,0.10737299923575795,0.10737299923575795,0.06061809317463932,0.05150462962962954,0.08999999999999986,0.16784007509813983,0.31395348837209275,0.9418604651162846,0.9418604651162791,0.911477869467372,248,240,372
0,128,0.1,0.10465116279069792,0.10465116279069792,0.16741935933231192,0.16741935933231192,0.11105508383158119,0.09940920599008822,0.1708333333333334,0.1934737582152198,0.2984496124031024,0.8953488372092994,0.8953488372093024,0.8664666166541608,248,240,372
0,128,0.2,0.20930232558139583,0.20930232558139583,0.28825492867084,0.28825492867084,0.21908305039566214,0.17458455845493337,0.2912037037037037,0.2700772409070693,0.26356589147286685,0.7906976744186027,0.7906976744186046,0.7651912978244545,248,240,372
0,128,0.3,0.30232558139534993,0.30232558139534993,0.38730756951363887,0.38730756951363887,0.3138199551111392,0.24750671243934536,0.3918269230769227,0.3315933588791927,0.2325581395348825,0.6976744186046531,0.6976744186046512,0.675168792198051,248,240,372
0,128,0.5,0.5,0.5,0.581902487657959,0.581902487657959,0.5112544805626291,0.38918549253602613,0.5575581395348839,0.46256072082906635,0.16666666666666646,0.5,0.5,0.4838709677419355,248,240,372
0,128,0.75,0.755813953488371,0.755813953488371,0.8102271050830678,0.8102271050830678,0.7646158981241429,0.638243768584386,0.7784615384615384,0.6803824374508445,0.0813953488372089,0.24418604651162876,0.2441860465116279,0.23630907726931816,248,240,372
0,128,1.0,1.0,1.0,1.0,1.0,1.0,1.0,1.0,1.0,0.0,0.0,0.0,0.0,248,240,372
0,256,0.05,0.06976744186046509,0.06976744186046509,0.10800838771161833,0.10800838771161833,0.07139565366967933,0.0470833333333333,0.07777777777777779,0.16854838709677436,0.3100775193798454,0.9302325581395301,0.9302325581395349,0.9002250562640617,248,240,372
0,256,0.1,0.11627906976744126,0.11627906976744126,0.1641587769791051,0.1641587769791051,0.11821520670494993,0.08020833333333319,0.1391666666666664,0.1885667349377031,0.294573643410852,0.8837209302325566,0.8837209302325582,0.8552138034508613,248,240,372
0,256,0.2,0.20930232558139583,0.20930232558139583,0.26827541058378446,0.26827541058378446,0.2135396724396888,0.1510951303598362,0.2523148148148151,0.246052208386175,0.26356589147286685,0.7906976744186027,0.7906976744186046,0.7651912978244545,248,240,372
0,256,0.3,0.30232558139534993,0.30232558139534993,0.36642043910026745,0.36642043910026745,0.30915725793432736,0.22172234808908656,0.35544871794871824,0.3174607108517055,0.2325581395348825,0.6976744186046531,0.6976744186046512,0.675168792198051,248,240,372
0,256,0.5,0.5116279069767424,0.5116279069767424,0.5736941584662221,0.5736941584662221,0.5198852339851776,0.39557266384904405,0.5628787878787885,0.46707882297382075,0.16279069767441778,0.4883720930232575,0.4883720930232558,0.4726181545386363,248,240,372
0,256,0.75,0.7674418604651142,0.7674418604651142,0.8079219157455614,0.8079219157455614,0.7732550317582486,0.6494259926786176,0.7863636363636327,0.6896952056324904,0.07751937984496136,0.2325581395348825,0.2325581395348837,0.2250562640660154,248,240,372
0,256,1.0,1.0,1.0,1.0,1.0,1.0,1.0,1.0,1.0,0.0,0.0,0.0,0.0,248,240,372
1,32,0.05,0.05232558139534896,0.05232558139534896,0.1132968925294759,0.1132968925294759,0.05957171461206296,0.05099476740842961,0.09421296296296305,0.15875061794355144,0.3158914728682164,0.9476744186046557,0.9476744186046512,0.9171042760690215,248,240,372
1,32,0.1,0.10174418604651224,0.10174418604651224,0.18402361509266713,0.18402361509266713,0.11135067513144525,0.08646736941536504,0.15654761904761896,0.18721449391114608,0.29941860465116427,0.8982558139534851,0.8982558139534884,0.8692798199549856,248,240,372
1,32,0.2,0.2005813953488364,0.2005813953488364,0.30647751002493206,0.30647751002493206,0.21522111745610864,0.15112627942741239,0.260084541062802,0.23795931071202342,0.2664728682170557,0.7994186046511601,0.7994186046511628,0.7736309077269294,248,240,372
1,32,0.3,0.30232558139534993,0.30232558139534993,0.4192969247607485,0.4192969247607485,0.31874620989552904,0.2184562985138874,0.35665064102564126,0.2966125610464077,0.2325581395348825,0.6976744186046531,0.6976744186046512,0.675168792198051,248,240,372
1,32,0.5,0.5,0.5,0.615130050147149,0.615130050147149,0.514897592247283,0.3641087270442484,0.5329699612403097,0.4286172284352637,0.16666666666666646,0.5,0.5,0.4838709677419355,248,240,372
1,32,0.75,0.75,0.75,0.8290060792350038,0.8290060792350038,0.7606765975067401,0.6153508248466572,0.7616440568475441,0.6547925773082841,0.08333333333333325,0.25,0.25,0.24193548387096775,248,240,372
1,32,1.0,1.0,1.0,1.0,1.0,1.0,1.0,1.0,1.0,0.0,0.0,0.0,0.0,248,240,372
1,64,0.05,0.05232558139534896,0.05232558139534896,0.09620344905340429,0.09620344905340429,0.056952616112398456,0.0420667016806722,0.07638888888888874,0.1518064004306891,0.3158914728682164,0.9476744186046557,0.9476744186046512,0.9171042760690215,248,240,372
1,64,0.1,0.10465116279069792,0.10465116279069792,0.16574107590974016,0.16574107590974016,0.11153627411484687,0.07800073807710968,0.14027777777777797,0.18472928226037288,0.2984496124031024,0.8953488372092994,0.8953488372093024,0.8664666166541608,248,240,372
1,64,0.2,0.20348837209302448,0.20348837209302448,0.28292439380199297,0.28292439380199297,0.21259814822803474,0.14934227789333382,0.25630952380952404,0.23988698280333656,0.26550387596899044,0.7965116279069736,0.7965116279069767,0.7708177044261038,248,240,372
1,64,0.3,0.30232558139534993,0.30232558139534993,0.39039696404324853,0.39039696404324853,0.3143554416007604,0.21747846395777495,0.3543269230769229,0.299617577201979,0.2325581395348825,0.6976744186046531,0.6976744186046512,0.675168792198051,248,240,372
1,64,0.5,0.5,0.5,0.5875106198680801,0.5875106198680801,0.5121461664902051,0.3695824227013012,0.5384205426356589,0.431119870010503,0.16666666666666646,0.5,0.5,0.4838709677419355,248,240,372
1,64,0.75,0.75,0.75,0.8107957073102257,0.8107957073102257,0.7593516714738561,0.6201829217719292,0.765116279069767,0.657787176561246,0.08333333333333325,0.25,0.25,0.24193548387096775,248,240,372
1,64,1.0,1.0,1.0,1.0,1.0,1.0,1.0,1.0,1.0,0.0,0.0,0.0,0.0,248,240,372
1,128,0.05,0.05813953488372063,0.05813953488372063,0.0914698287231431,0.0914698287231431,0.061896363563781025,0.042526455026454954,0.07416666666666656,0.14829749103942674,0.31395348837209275,0.9418604651162846,0.9418604651162791,0.911477869467372,248,240,372
1,128,0.1,0.10465116279069792,0.10465116279069792,0.1490889773266165,0.1490889773266165,0.10948305861570988,0.07249191984486095,0.12870370370370343,0.18103711595172733,0.2984496124031024,0.8953488372092994,0.8953488372093024,0.8664666166541608,248,240,372
1,128,0.2,0.20930232558139583,0.20930232558139583,0.26871623735810224,0.26871623735810224,0.2173019009124973,0.15083736553737953,0.2560185185185183,0.234893776051562,0.26356589147286685,0.7906976744186027,0.7906976744186046,0.7651912978244545,248,240,372
1,128,0.3,0.30232558139534993,0.30232558139534993,0.36828829522766454,0.36828829522766454,0.3117609269557668,0.21785363560962717,0.3528846153846153,0.29598910602836664,0.2325581395348825,0.6976744186046531,0.6976744186046512,0.675168792198051,248,240,372
1,128,0.5,0.5,0.5,0.566620804409245,0.566620804409245,0.5092390038378733,0.36865216578256693,0.5360465116279071,0.4348532255911101,0.16666666666666646,0.5,0.5,0.4838709677419355,248,240,372
1,128,0.75,0.755813953488371,0.755813953488371,0.8019442030591173,0.8019442030591173,0.7612213702953583,0.6247557434403334,0.7683333333333336,0.6642899911167308,0.0813953488372089,0.24418604651162876,0.2441860465116279,0.23630907726931816,248,240,372
1,128,1.0,1.0,1.0,1.0,1.0,1.0,1.0,1.0,1.0,0.0,0.0,0.0,0.0,248,240,372
1,256,0.05,0.06976744186046509,0.06976744186046509,0.09620134826436719,0.09620134826436719,0.07356666133755672,0.0662499999999999,0.10833333333333324,0.1677419354838711,0.3100775193798454,0.9302325581395301,0.9302325581395349,0.9002250562640617,248,240,372
1,256,0.1,0.11627906976744126,0.11627906976744126,0.15038698312788848,0.15038698312788848,0.12097379734767003,0.09351851851851836,0.15749999999999992,0.18849206349206396,0.294573643410852,0.8837209302325566,0.8837209302325582,0.8552138034508613,248,240,372
1,256,0.2,0.20930232558139583,0.20930232558139583,0.2529427057370282,0.2529427057370282,0.2148072386140096,0.16059752747252753,0.26666666666666694,0.24810360022646624,0.26356589147286685,0.7906976744186027,0.7906976744186046,0.7651912978244545,248,240,372
1,256,0.3,0.30232558139534993,0.30232558139534993,0.35099516129819724,0.35099516129819724,0.30825956573971297,0.2192562203741028,0.3509615384615385,0.29645546992300115,0.2325581395348825,0.6976744186046531,0.6976744186046512,0.675168792198051,248,240,372
1,256,0.5,0.5116279069767424,0.5116279069767424,0.560634041190229,0.560634041190229,0.5196268562570051,0.3787309684666964,0.5443181818181823,0.4380154509456634,0.16279069767441778,0.4883720930232575,0.4883720930232558,0.4726181545386363,248,240,372
1,256,0.75,0.7674418604651142,0.7674418604651142,0.8004722450882628,0.8004722450882628,0.7720595645787317,0.6421513143932518,0.780681818181815,0.6744521588191015,0.07751937984496136,0.2325581395348825,0.2325581395348837,0.2250562640660154,248,240,372
1,256,1.0,1.0,1.0,1.0,1.0,1.0,1.0,1.0,1.0,0.0,0.0,0.0,0.0,248,240,372
2,32,0.05,0.05232558139534896,0.05232558139534896,0.10053101877180305,0.10053101877180305,0.06449561699750436,0.05730064514429492,0.10462962962962967,0.1325139011227368,0.3158914728682164,0.9476744186046557,0.9476744186046512,0.9171042760690215,248,240,372
2,32,0.1,0.10174418604651224,0.10174418604651224,0.16879291209081335,0.16879291209081335,0.11607583999858782,0.09085808409977908,0.16380952380952368,0.16711164495968184,0.29941860465116427,0.8982558139534851,0.8982558139534884,0.8692798199549856,248,240,372
2,32,0.2,0.2005813953488364,0.2005813953488364,0.2908428732409887,0.2908428732409887,0.21774487231715284,0.15027928150707678,0.25893719806763293,0.22395018873011108,0.2664728682170557,0.7994186046511601,0.7994186046511628,0.7736309077269294,248,240,372
2,32,0.3,0.30232558139534993,0.30232558139534993,0.4049251392523988,0.4049251392523988,0.31982182832530914,0.21710960474726468,0.3550480769230768,0.2831937590031925,0.2325581395348825,0.6976744186046531,0.6976744186046512,0.675168792198051,248,240,372
2,32,0.5,0.5,0.5,0.6045647554701019,0.6045647554701019,0.5161175146463175,0.36666141638756217,0.5356346899224805,0.42194832592314785,0.16666666666666646,0.5,0.5,0.4838709677419355,248,240,372
2,32,0.75,0.75,0.75,0.824103164959627,0.824103164959627,0.7611953051079272,0.6194360591987906,0.7647448320413426,0.6513398432444354,0.08333333333333325,0.25,0.25,0.24193548387096775,248,240,372
2,32,1.0,1.0,1.0,1.0,1.0,1.0,1.0,1.0,1.0,0.0,0.0,0.0,0.0,248,240,372
2,64,0.05,0.05232558139534896,0.05232558139534896,0.08747944516727661,0.08747944516727661,0.05885852886656038,0.05317752100840329,0.09583333333333313,0.13567105332997195,0.3158914728682164,0.9476744186046557,0.9476744186046512,0.9171042760690215,248,240,372
2,64,0.1,0.10465116279069792,0.10465116279069792,0.1540776062609676,0.1540776062609676,0.11618349177125091,0.088325776825376,0.1585648148148149,0.1648662203795631,0.2984496124031024,0.8953488372092994,0.8953488372093024,0.8664666166541608,248,240,372
2,64,0.2,0.20348837209302448,0.20348837209302448,0.26967309286166563,0.26967309286166563,0.21656972723681658,0.1520157685487761,0.26130952380952394,0.22110725283306404,0.26550387596899044,0.7965116279069736,0.7965116279069767,0.7708177044261038,248,240,372
2,64,0.3,0.30232558139534993,0.30232558139534993,0.37737878828550125,0.37737878828550125,0.31632829579058863,0.2191779855286232,0.35697115384615385,0.28324233197698107,0.2325581395348825,0.6976744186046531,0.6976744186046512,0.675168792198051,248,240,372
2,64,0.5,0.5,0.5,0.576945006186329,0.576945006186329,0.513040305541532,0.370497843303377,0.5391957364341082,0.4217744016740546,0.16666666666666646,0.5,0.5,0.4838709677419355,248,240,372
2,64,0.75,0.75,0.75,0.8053292676611109,0.8053292676611109,0.7592150840989772,0.6220669618470315,0.7666020671834616,0.6544368559937793,0.08333333333333325,0.25,0.25,0.24193548387096775,248,240,372
2,64,1.0,1.0,1.0,1.0,1.0,1.0,1.0,1.0,1.0,0.0,0.0,0.0,0.0,248,240,372
2,128,0.05,0.05813953488372063,0.05813953488372063,0.08630787619026666,0.08630787619026666,0.060296474916059405,0.053124999999999915,0.09249999999999985,0.15190305512886174,0.31395348837209275,0.9418604651162846,0.9418604651162791,0.911477869467372,248,240,372
2,128,0.1,0.10465116279069792,0.10465116279069792,0.14191134387744947,0.14191134387744947,0.10795609833178961,0.09042454481792707,0.1587962962962961,0.1720708371325073,0.2984496124031024,0.8953488372092994,0.8953488372093024,0.8664666166541608,248,240,372
2,128,0.2,0.20930232558139583,0.20930232558139583,0.25931511384589845,0.25931511384589845,0.22083138401862243,0.1604060432023284,0.27083333333333337,0.23925976324348852,0.26356589147286685,0.7906976744186027,0.7906976744186046,0.7651912978244545,248,240,372
2,128,0.3,0.30232558139534993,0.30232558139534993,0.35840658970544365,0.35840658970544365,0.31420240493788854,0.22146006602132384,0.35865384615384605,0.2899471314181045,0.2325581395348825,0.6976744186046531,0.6976744186046512,0.675168792198051,248,240,372
2,128,0.5,0.5,0.5,0.5576210715467796,0.5576210715467796,0.5112923957747283,0.3781365566201972,0.546027131782946,0.4235109854809811,0.16666666666666646,0.5,0.5,0.4838709677419355,248,240,372
2,128,0.75,0.755813953488371,0.755813953488371,0.7966835985206964,0.7966835985206964,0.762920444480089,0.6285525719190305,0.7711538461538467,0.6621789718066142,0.0813953488372089,0.24418604651162876,0.2441860465116279,0.23630907726931816,248,240,372
2,128,1.0,1.0,1.0,1.0,1.0,1.0,1.0,1.0,1.0,0.0,0.0,0.0,0.0,248,240,372
2,256,0.05,0.06976744186046509,0.06976744186046509,0.09246517430105002,0.09246517430105002,0.07848070876089813,0.07874999999999989,0.12638888888888872,0.15645161290322593,0.3100775193798454,0.9302325581395301,0.9302325581395349,0.9002250562640617,248,240,372
2,256,0.1,0.11627906976744126,0.11627906976744126,0.14507093587369985,0.14507093587369985,0.12551140124709295,0.10084325396825383,0.16916666666666672,0.18255034988905997,0.294573643410852,0.8837209302325566,0.8837209302325582,0.8552138034508613,248,240,372
2,256,0.2,0.20930232558139583,0.20930232558139583,0.2460910155364261,0.2460910155364261,0.21901940095409408,0.16340046595561308,0.26990740740740776,0.24199116032607565,0.26356589147286685,0.7906976744186027,0.7906976744186046,0.7651912978244545,248,240,372
2,256,0.3,0.30232558139534993,0.30232558139534993,0.3435080498005428,0.3435080498005428,0.31271847414025833,0.22048663655185383,0.3528846153846155,0.29377848299897513,0.2325581395348825,0.6976744186046531,0.6976744186046512,0.675168792198051,248,240,372
2,256,0.5,0.5116279069767424,0.5116279069767424,0.5538988109849093,0.5538988109849093,0.5208869203213088,0.3830009848704441,0.5492424242424249,0.4400985491237228,0.16279069767441778,0.4883720930232575,0.4883720930232558,0.4726181545386363,248,240,372
2,256,0.75,0.7674418604651142,0.7674418604651142,0.7969508498913553,0.7969508498913553,0.7729428924120992,0.6426021590465434,0.7810606060606029,0.6754499921901145,0.07751937984496136,0.2325581395348825,0.2325581395348837,0.2250562640660154,248,240,372
2,256,1.0,1.0,1.0,1.0,1.0,1.0,1.0,1.0,1.0,0.0,0.0,0.0,0.0,248,240,372
3,32,0.05,0.05232558139534896,0.05232558139534896,0.09278575862040805,0.09278575862040805,0.060337499483552666,0.07947882593307654,0.13981481481481497,0.13480408148025158,0.3158914728682164,0.9476744186046557,0.9476744186046512,0.9171042760690215,248,240,372
3,32,0.1,0.10174418604651224,0.10174418604651224,0.16111525632840276,0.16111525632840276,0.11300409222503283,0.10855977771978738,0.19071428571428584,0.16164150639415106,0.29941860465116427,0.8982558139534851,0.8982558139534884,0.8692798199549856,248,240,372
3,32,0.2,0.2005813953488364,0.2005813953488364,0.283881659839522,0.283881659839522,0.21620826428085282,0.16906910810055342,0.2860507246376811,0.21818517853122513,0.2664728682170557,0.7994186046511601,0.7994186046511628,0.7736309077269294,248,240,372
3,32,0.3,0.30232558139534993,0.30232558139534993,0.3989106443221307,0.3989106443221307,0.32020045060316776,0.2373550081146904,0.3809294871794876,0.27999965730460746,0.2325581395348825,0.6976744186046531,0.6976744186046512,0.675168792198051,248,240,372
3,32,0.5,0.5,0.5,0.600233283254572,0.600233283254572,0.518372601451129,0.38552761536415225,0.5552325581395351,0.4202208547986792,0.16666666666666646,0.5,0.5,0.4838709677419355,248,240,372
3,32,0.75,0.75,0.75,0.8219138467272845,0.8219138467272845,0.762984883536678,0.6275434552765286,0.77080103359173,0.6497516657345237,0.08333333333333325,0.25,0.25,0.24193548387096775,248,240,372
3,32,1.0,1.0,1.0,1.0,1.0,1.0,1.0,1.0,1.0,0.0,0.0,0.0,0.0,248,240,372
3,64,0.05,0.05232558139534896,0.05232558139534896,0.08034608785911564,0.08034608785911564,0.057039842658226626,0.06961666397328156,0.12037037037037016,0.1257784949080017,0.3158914728682164,0.9476744186046557,0.9476744186046512,0.9171042760690215,248,240,372
3,64,0.1,0.10465116279069792,0.10465116279069792,0.14712229436117252,0.14712229436117252,0.11232766582046164,0.10665949821968752,0.18611111111111123,0.15834664387675335,0.2984496124031024,0.8953488372092994,0.8953488372093024,0.8664666166541608,248,240,372
3,64,0.2,0.20348837209302448,0.20348837209302448,0.26319092710259356,0.26319092710259356,0.21443284232446666,0.16973089997723292,0.2858333333333336,0.21372603196703224,0.26550387596899044,0.7965116279069736,0.7965116279069767,0.7708177044261038,248,240,372
3,64,0.3,0.30232558139534993,0.30232558139534993,0.37163002228104963,0.37163002228104963,0.3151527424944452,0.23709162628212166,0.37948717948717936,0.2786418624152472,0.2325581395348825,0.6976744186046531,0.6976744186046512,0.675168792198051,248,240,372
3,64,0.5,0.5,0.5,0.572923956695875,0.572923956695875,0.5137719058946428,0.3882727059901646,0.5573643410852711,0.41903708413249224,0.16666666666666646,0.5,0.5,0.4838709677419355,248,240,372
3,64,0.75,0.75,0.75,0.8032640720599137,0.8032640720599137,0.7604102365061967,0.6335493703458775,0.7751291989664073,0.6498774322109091,0.08333333333333325,0.25,0.25,0.24193548387096775,248,240,372
3,64,1.0,1.0,1.0,1.0,1.0,1.0,1.0,1.0,1.0,0.0,0.0,0.0,0.0,248,240,372
3,128,0.05,0.05813953488372063,0.05813953488372063,0.07851373219637668,0.07851373219637668,0.06175436957648027,0.06111111111111102,0.10499999999999983,0.12687745349035676,0.31395348837209275,0.9418604651162846,0.9418604651162791,0.911477869467372,248,240,372
3,128,0.1,0.10465116279069792,0.10465116279069792,0.13411856089776902,0.13411856089776902,0.10954950319782816,0.09056547619047607,0.15648148148148147,0.1566949574776902,0.2984496124031024,0.8953488372092994,0.8953488372093024,0.8664666166541608,248,240,372
3,128,0.2,0.20930232558139583,0.20930232558139583,0.25212964344208144,0.25212964344208144,0.216978333000809,0.1714818142722475,0.2851851851851849,0.21878962947147773,0.26356589147286685,0.7906976744186027,0.7906976744186046,0.7651912978244545,248,240,372
3,128,0.3,0.30232558139534993,0.30232558139534993,0.3520165437787367,0.3520165437787367,0.3113679228973519,0.2393232502215917,0.3806089743589739,0.2746000781562051,0.2325581395348825,0.6976744186046531,0.6976744186046512,0.675168792198051,248,240,372
3,128,0.5,0.5,0.5,0.5528462176636553,0.5528462176636553,0.5089391492054894,0.3823213078499744,0.550290697674419,0.40791720798975456,0.16666666666666646,0.5,0.5,0.4838709677419355,248,240,372
3,128,0.75,0.755813953488371,0.755813953488371,0.7943052793414189,0.7943052793414189,0.7622953804438622,0.6384221863872478,0.7784615384615388,0.6550344250514825,0.0813953488372089,0.24418604651162876,0.2441860465116279,0.23630907726931816,248,240,372
3,128,1.0,1.0,1.0,1.0,1.0,1.0,1.0,1.0,1.0,0.0,0.0,0.0,0.0,248,240,372
3,256,0.05,0.06976744186046509,0.06976744186046509,0.0855483611211839,0.0855483611211839,0.07265560979365712,0.07666666666666658,0.1222222222222221,0.14462365591397858,0.3100775193798454,0.9302325581395301,0.9302325581395349,0.9002250562640617,248,240,372
3,256,0.1,0.11627906976744126,0.11627906976744126,0.138171810489135,0.138171810489135,0.12002998508541984,0.09624669312169297,0.1608333333333333,0.16238905956647906,0.294573643410852,0.8837209302325566,0.8837209302325582,0.8552138034508613,248,240,372
3,256,0.2,0.20930232558139583,0.20930232558139583,0.23956777710334023,0.23956777710334023,0.2147518690227808,0.16963208360267185,0.2791666666666668,0.2219517397529736,0.26356589147286685,0.7906976744186027,0.7906976744186046,0.7651912978244545,248,240,372
3,256,0.3,0.30232558139534993,0.30232558139534993,0.33760494202157254,0.33760494202157254,0.3088632773884107,0.24356242836223316,0.3833333333333337,0.2758438996210012,0.2325581395348825,0.6976744186046531,0.6976744186046512,0.675168792198051,248,240,372
3,256,0.5,0.5116279069767424,0.5116279069767424,0.5495115290514341,0.5495115290514341,0.5185255587813077,0.3988803320374419,0.5659090909090916,0.4206608495810196,0.16279069767441778,0.4883720930232575,0.4883720930232558,0.4726181545386363,248,240,372
3,256,0.75,0.7674418604651142,0.7674418604651142,0.7945929246015605,0.7945929246015605,0.772982156361884,0.6555616305954417,0.7906565656565622,0.6698549018643761,0.07751937984496136,0.2325581395348825,0.2325581395348837,0.2250562640660154,248,240,372
3,256,1.0,1.0,1.0,1.0,1.0,1.0,1.0,1.0,1.0,0.0,0.0,0.0,0.0,248,240,372
4,32,0.05,0.05232558139534896,0.05232558139534896,0.09083887906189572,0.09083887906189572,0.06507531862365182,0.11013258965483239,0.1918981481481483,0.14177174727038439,0.3158914728682164,0.9476744186046557,0.9476744186046512,0.9171042760690215,248,240,372
4,32,0.1,0.10174418604651224,0.10174418604651224,0.15792507957072707,0.15792507957072707,0.11863122086552293,0.13958703434781575,0.24071428571428574,0.168653677410147,0.29941860465116427,0.8982558139534851,0.8982558139534884,0.8692798199549856,248,240,372
4,32,0.2,0.2005813953488364,0.2005813953488364,0.27919193941984377,0.27919193941984377,0.22206787635622696,0.19920575601502127,0.3288647342995167,0.224816790861907,0.2664728682170557,0.7994186046511601,0.7994186046511628,0.7736309077269294,248,240,372
4,32,0.3,0.30232558139534993,0.30232558139534993,0.3936018322783826,0.3936018322783826,0.32630332353063957,0.261643268702298,0.41209935897435906,0.28245535737855115,0.2325581395348825,0.6976744186046531,0.6976744186046512,0.675168792198051,248,240,372
4,32,0.5,0.5,0.5,0.5952104297921036,0.5952104297921036,0.5233683498905138,0.3971175910892304,0.5669089147286819,0.4175672953280057,0.16666666666666646,0.5,0.5,0.4838709677419355,248,240,372
4,32,0.75,0.75,0.75,0.8187640430898673,0.8187640430898673,0.7660296247671313,0.6362444240542756,0.7773094315245463,0.6466944306629044,0.08333333333333325,0.25,0.25,0.24193548387096775,248,240,372
4,32,1.0,1.0,1.0,1.0,1.0,1.0,1.0,1.0,1.0,0.0,0.0,0.0,0.0,248,240,372
4,64,0.05,0.05232558139534896,0.05232558139534896,0.0793581943100963,0.0793581943100963,0.060261175919257094,0.10818243643611279,0.18472222222222237,0.14386012469503953,0.3158914728682164,0.9476744186046557,0.9476744186046512,0.9171042760690215,248,240,372
4,64,0.1,0.10465116279069792,0.10465116279069792,0.14512807252884147,0.14512807252884147,0.11571309492266092,0.13870848498660848,0.2372685185185186,0.16518553233534522,0.2984496124031024,0.8953488372092994,0.8953488372093024,0.8664666166541608,248,240,372
4,64,0.2,0.20348837209302448,0.20348837209302448,0.2602820485183011,0.2602820485183011,0.21949393537337591,0.19621748554422505,0.3235714285714287,0.22076734701720638,0.26550387596899044,0.7965116279069736,0.7965116279069767,0.7708177044261038,248,240,372
4,64,0.3,0.30232558139534993,0.30232558139534993,0.36829836231946717,0.36829836231946717,0.32019067585008165,0.26237171487890476,0.41241987179487183,0.2811264978396256,0.2325581395348825,0.6976744186046531,0.6976744186046512,0.675168792198051,248,240,372
4,64,0.5,0.5,0.5,0.5695082034492335,0.5695082034492335,0.5167560337894327,0.40368407826447456,0.5729166666666666,0.41549932003477563,0.16666666666666646,0.5,0.5,0.4838709677419355,248,240,372
4,64,0.75,0.75,0.75,0.8010821866222275,0.8010821866222275,0.761742759998651,0.6352003183506699,0.7763242894056841,0.6487969588350938,0.08333333333333325,0.25,0.25,0.24193548387096775,248,240,372
4,64,1.0,1.0,1.0,1.0,1.0,1.0,1.0,1.0,1.0,0.0,0.0,0.0,0.0,248,240,372
4,128,0.05,0.05813953488372063,0.05813953488372063,0.07849995409147571,0.07849995409147571,0.06427127134707392,0.11306216931216916,0.18500000000000016,0.14312382659156875,0.31395348837209275,0.9418604651162846,0.9418604651162791,0.911477869467372,248,240,372
4,128,0.1,0.10465116279069792,0.10465116279069792,0.1334873498283293,0.1334873498283293,0.11383345098337518,0.14232856604180127,0.23657407407407421,0.17175391022639633,0.2984496124031024,0.8953488372092994,0.8953488372093024,0.8664666166541608,248,240,372
4,128,0.2,0.20930232558139583,0.20930232558139583,0.25064697296928634,0.25064697296928634,0.2207031096853245,0.20629026285353616,0.33564814814814775,0.23102067413809058,0.26356589147286685,0.7906976744186027,0.7906976744186046,0.7651912978244545,248,240,372
4,128,0.3,0.30232558139534993,0.30232558139534993,0.3499432992522792,0.3499432992522792,0.3150594339881515,0.26769146667910676,0.4169871794871793,0.28611512037345904,0.2325581395348825,0.6976744186046531,0.6976744186046512,0.675168792198051,248,240,372
4,128,0.5,0.5,0.5,0.5507859627306579,0.5507859627306579,0.5129762952417383,0.4026716003027078,0.5713178294573642,0.41899806100423265,0.16666666666666646,0.5,0.5,0.4838709677419355,248,240,372
4,128,0.75,0.755813953488371,0.755813953488371,0.7930932642315908,0.7930932642315908,0.7648638200567278,0.6507318363878308,0.7875641025641028,0.6554436592625783,0.0813953488372089,0.24418604651162876,0.2441860465116279,0.23630907726931816,248,240,372
4,128,1.0,1.0,1.0,1.0,1.0,1.0,1.0,1.0,1.0,0.0,0.0,0.0,0.0,248,240,372
4,256,0.05,0.06976744186046509,0.06976744186046509,0.08574723407966678,0.08574723407966678,0.07455443748609357,0.1237499999999998,0.19027777777777802,0.13951612903225816,0.3100775193798454,0.9302325581395301,0.9302325581395349,0.9002250562640617,248,240,372
4,256,0.1,0.11627906976744126,0.11627906976744126,0.1378565933356367,0.1378565933356367,0.12251058409092772,0.15061177248677246,0.2408333333333336,0.17777137736815185,0.294573643410852,0.8837209302325566,0.8837209302325582,0.8552138034508613,248,240,372
4,256,0.2,0.20930232558139583,0.20930232558139583,0.23863428761034236,0.23863428761034236,0.21719535758492087,0.2096973430980786,0.33657407407407425,0.24108396742410107,0.26356589147286685,0.7906976744186027,0.7906976744186046,0.7651912978244545,248,240,372
4,256,0.3,0.30232558139534993,0.30232558139534993,0.3362271116929108,0.3362271116929108,0.31080796539116284,0.2677145501747148,0.4144230769230772,0.2972027969788771,0.2325581395348825,0.6976744186046531,0.6976744186046512,0.675168792198051,248,240,372
4,256,0.5,0.5116279069767424,0.5116279069767424,0.5475781761233839,0.5475781761233839,0.5204428828176771,0.4098679057222118,0.5776515151515158,0.4321514377219093,0.16279069767441778,0.4883720930232575,0.4883720930232558,0.4726181545386363,248,240,372
4,256,0.75,0.7674418604651142,0.7674418604651142,0.7930505521415083,0.7930505521415083,0.7732528602124871,0.650227005519104,0.7867424242424208,0.6710967712411426,0.07751937984496136,0.2325581395348825,0.2325581395348837,0.2250562640660154,248,240,372
4,256,1.0,1.0,1.0,1.0,1.0,1.0,1.0,1.0,1.0,0.0,0.0,0.0,0.0,248,240,372
5,32,0.05,0.05232558139534896,0.05232558139534896,0.08830463858870426,0.08830463858870426,0.062297629909598154,0.11220271946622287,0.19513888888888914,0.1378353738454576,0.3158914728682164,0.9476744186046557,0.9476744186046512,0.9171042760690215,248,240,372
5,32,0.1,0.10174418604651224,0.10174418604651224,0.15547666795537812,0.15547666795537812,0.11585359570461622,0.13838201386161983,0.23797619047619048,0.16330228074198316,0.29941860465116427,0.8982558139534851,0.8982558139534884,0.8692798199549856,248,240,372
5,32,0.2,0.2005813953488364,0.2005813953488364,0.27698690682016297,0.27698690682016297,0.21970335887317374,0.19217419495036506,0.31884057971014496,0.2182024159393949,0.2664728682170557,0.7994186046511601,0.7994186046511628,0.7736309077269294,248,240,372
5,32,0.3,0.30232558139534993,0.30232558139534993,0.3915245574181981,0.3915245574181981,0.3241583272596156,0.2586524756987398,0.4079727564102566,0.2745919672747772,0.2325581395348825,0.6976744186046531,0.6976744186046512,0.675168792198051,248,240,372
5,32,0.5,0.5,0.5,0.5935189666302848,0.5935189666302848,0.522416783674147,0.40207119584503204,0.5719718992248057,0.412008889807524,0.16666666666666646,0.5,0.5,0.4838709677419355,248,240,372
5,32,0.75,0.75,0.75,0.8179802105964652,0.8179802105964652,0.7657296373330134,0.6379554929732563,0.7786175710594297,0.6440536335753835,0.08333333333333325,0.25,0.25,0.24193548387096775,248,240,372
5,32,1.0,1.0,1.0,1.0,1.0,1.0,1.0,1.0,1.0,0.0,0.0,0.0,0.0,248,240,372
5,64,0.05,0.05232558139534896,0.05232558139534896,0.07716952945590254,0.07716952945590254,0.059210451463485504,0.1098583279465631,0.1837962962962964,0.13381941429854163,0.3158914728682164,0.9476744186046557,0.9476744186046512,0.9171042760690215,248,240,372
5,64,0.1,0.10465116279069792,0.10465116279069792,0.14285152840712684,0.14285152840712684,0.11479215778569586,0.1345984641294747,0.22962962962962968,0.1616329489519926,0.2984496124031024,0.8953488372092994,0.8953488372093024,0.8664666166541608,248,240,372
5,64,0.2,0.20348837209302448,0.20348837209302448,0.25800484523001466,0.25800484523001466,0.2169299622422764,0.19447060690610066,0.3205952380952383,0.21291811353433468,0.26550387596899044,0.7965116279069736,0.7965116279069767,0.7708177044261038,248,240,372
5,64,0.3,0.30232558139534993,0.30232558139534993,0.3660614858816506,0.3660614858816506,0.31754041682986284,0.2609333400116873,0.41041666666666676,0.270626332799204,0.2325581395348825,0.6976744186046531,0.6976744186046512,0.675168792198051,248,240,372
5,64,0.5,0.5,0.5,0.5676977208031432,0.5676977208031432,0.5160738485853436,0.4069050180125759,0.5762112403100773,0.4096529782746092,0.16666666666666646,0.5,0.5,0.4838709677419355,248,240,372
5,64,0.75,0.75,0.75,0.7998695949122742,0.7998695949122742,0.7621929273698477,0.6408492828688107,0.7805232558139529,0.6456549219505865,0.08333333333333325,0.25,0.25,0.24193548387096775,248,240,372
5,64,1.0,1.0,1.0,1.0,1.0,1.0,1.0,1.0,1.0,0.0,0.0,0.0,0.0,248,240,372
5,128,0.05,0.05813953488372063,0.05813953488372063,0.07655570156969246,0.07655570156969246,0.06342036117285334,0.10977182539682524,0.18166666666666664,0.14359318996415799,0.31395348837209275,0.9418604651162846,0.9418604651162791,0.911477869467372,248,240,372
5,128,0.1,0.10465116279069792,0.10465116279069792,0.1315082824904001,0.1315082824904001,0.11204289010528569,0.14114556399482864,0.23472222222222247,0.17152571890475152,0.2984496124031024,0.8953488372092994,0.8953488372093024,0.8664666166541608,248,240,372
5,128,0.2,0.20930232558139583,0.20930232558139583,0.2486236819183326,0.2486236819183326,0.21934074051512717,0.20562917222939073,0.33310185185185137,0.21850630194157605,0.26356589147286685,0.7906976744186027,0.7906976744186046,0.7651912978244545,248,240,372
5,128,0.3,0.30232558139534993,0.30232558139534993,0.34801935551375196,0.34801935551375196,0.31381201812016085,0.2672541463665905,0.4155448717948716,0.2732539148120557,0.2325581395348825,0.6976744186046531,0.6976744186046512,0.675168792198051,248,240,372
5,128,0.5,0.5,0.5,0.5489435959591709,0.5489435959591709,0.512482161048157,0.41186709771460595,0.580329457364341,0.40861004024361536,0.16666666666666646,0.5,0.5,0.4838709677419355,248,240,372
5,128,0.75,0.755813953488371,0.755813953488371,0.7916400585316673,0.7916400585316673,0.7650534896899333,0.6496290668094072,0.786666666666667,0.6509132018755979,0.0813953488372089,0.24418604651162876,0.2441860465116279,0.23630907726931816,248,240,372
5,128,1.0,1.0,1.0,1.0,1.0,1.0,1.0,1.0,1.0,0.0,0.0,0.0,0.0,248,240,372
5,256,0.05,0.06976744186046509,0.06976744186046509,0.08414103899061673,0.08414103899061673,0.07374603792577315,0.1391666666666665,0.21250000000000027,0.15618279569892488,0.3100775193798454,0.9302325581395301,0.9302325581395349,0.9002250562640617,248,240,372
5,256,0.1,0.11627906976744126,0.11627906976744126,0.1363104309827164,0.1363104309827164,0.12238532301822086,0.1599702380952381,0.2525000000000004,0.17227769243898308,0.294573643410852,0.8837209302325566,0.8837209302325582,0.8552138034508613,248,240,372
5,256,0.2,0.20930232558139583,0.20930232558139583,0.2371838154177858,0.2371838154177858,0.21790757294349772,0.21806497424144516,0.3430555555555558,0.22567936096161967,0.26356589147286685,0.7906976744186027,0.7906976744186046,0.7651912978244545,248,240,372
5,256,0.3,0.30232558139534993,0.30232558139534993,0.33497487855730157,0.33497487855730157,0.31209835355322546,0.286250406671695,0.4368589743589746,0.27831389963902564,0.2325581395348825,0.6976744186046531,0.6976744186046512,0.675168792198051,248,240,372
5,256,0.5,0.5116279069767424,0.5116279069767424,0.5470812271409621,0.5470812271409621,0.5215678894090376,0.4329307179632095,0.5992424242424249,0.4236923031690105,0.16279069767441778,0.4883720930232575,0.4883720930232558,0.4726181545386363,248,240,372
5,256,0.75,0.7674418604651142,0.7674418604651142,0.7928664989954067,0.7928664989954067,0.774107676721356,0.6614949028741324,0.7949494949494917,0.6619414315493456,0.07751937984496136,0.2325581395348825,0.2325581395348837,0.2250562640660154,248,240,372
5,256,1.0,1.0,1.0,1.0,1.0,1.0,1.0,1.0,1.0,0.0,0.0,0.0,0.0,248,240,372
6,32,0.05,0.05232558139534896,0.05232558139534896,0.0875830607493735,0.0875830607493735,0.06139853996989935,0.09826145385936078,0.17199074074074083,0.11855252430635399,0.3158914728682164,0.9476744186046557,0.9476744186046512,0.9171042760690215,248,240,372
6,32,0.1,0.10174418604651224,0.10174418604651224,0.1543285034681952,0.1543285034681952,0.11481001889250723,0.13092480356859398,0.22678571428571445,0.15008247566200267,0.29941860465116427,0.8982558139534851,0.8982558139534884,0.8692798199549856,248,240,372
6,32,0.2,0.2005813953488364,0.2005813953488364,0.275444149464615,0.275444149464615,0.21886448200743044,0.18914835845911057,0.3146739130434779,0.2054133809644205,0.2664728682170557,0.7994186046511601,0.7994186046511628,0.7736309077269294,248,240,372
6,32,0.3,0.30232558139534993,0.30232558139534993,0.38989436850566767,0.38989436850566767,0.323411681561112,0.25311880896135697,0.4012419871794873,0.2667827799889694,0.2325581395348825,0.6976744186046531,0.6976744186046512,0.675168792198051,248,240,372
6,32,0.5,0.5,0.5,0.5922723229298742,0.5922723229298742,0.5215460351746793,0.3976992890821313,0.5675629844961239,0.40909907164050735,0.16666666666666646,0.5,0.5,0.4838709677419355,248,240,372
6,32,0.75,0.75,0.75,0.8174223437492223,0.8174223437492223,0.7650400337036707,0.6351756932821879,0.776501937984495,0.6438781397493532,0.08333333333333325,0.25,0.25,0.24193548387096775,248,240,372
6,32,1.0,1.0,1.0,1.0,1.0,1.0,1.0,1.0,1.0,0.0,0.0,0.0,0.0,248,240,372
6,64,0.05,0.05232558139534896,0.05232558139534896,0.07697094641924145,0.07697094641924145,0.05872782530629939,0.09655051443654374,0.16620370370370363,0.11966682511037356,0.3158914728682164,0.9476744186046557,0.9476744186046512,0.9171042760690215,248,240,372
6,64,0.1,0.10465116279069792,0.10465116279069792,0.1425224328495931,0.1425224328495931,0.11424014018271489,0.1305254296960971,0.22337962962962973,0.14681450523349102,0.2984496124031024,0.8953488372092994,0.8953488372093024,0.8664666166541608,248,240,372
6,64,0.2,0.20348837209302448,0.20348837209302448,0.25744207186220097,0.25744207186220097,0.2162869226634098,0.18926851451859322,0.31321428571428594,0.20906335378031732,0.26550387596899044,0.7965116279069736,0.7965116279069767,0.7708177044261038,248,240,372
6,64,0.3,0.30232558139534993,0.30232558139534993,0.3654148149149505,0.3654148149149505,0.31798484827965523,0.25597878312390104,0.4038461538461539,0.2688609029406,0.2325581395348825,0.6976744186046531,0.6976744186046512,0.675168792198051,248,240,372
6,64,0.5,0.5,0.5,0.5670298951379181,0.5670298951379181,0.5167095539298902,0.4047018653549091,0.5740794573643412,0.41091450317158723,0.16666666666666646,0.5,0.5,0.4838709677419355,248,240,372
6,64,0.75,0.75,0.75,0.7994848838051131,0.7994848838051131,0.7617090800723949,0.6408260997107588,0.7805232558139531,0.6465893756451849,0.08333333333333325,0.25,0.25,0.24193548387096775,248,240,372
6,64,1.0,1.0,1.0,1.0,1.0,1.0,1.0,1.0,1.0,0.0,0.0,0.0,0.0,248,240,372
6,128,0.05,0.05813953488372063,0.05813953488372063,0.07608502752884243,0.07608502752884243,0.06248722497548912,0.09231150793650782,0.15166666666666653,0.12612007168458803,0.31395348837209275,0.9418604651162846,0.9418604651162791,0.911477869467372,248,240,372
6,128,0.1,0.10465116279069792,0.10465116279069792,0.13091979540596507,0.13091979540596507,0.11134919648988878,0.1278465039862097,0.2152777777777778,0.14924539407461646,0.2984496124031024,0.8953488372092994,0.8953488372093024,0.8664666166541608,248,240,372
6,128,0.2,0.20930232558139583,0.20930232558139583,0.24790601339208768,0.24790601339208768,0.21864095049133483,0.1956028233423505,0.31851851851851815,0.209881979194324,0.26356589147286685,0.7906976744186027,0.7906976744186046,0.7651912978244545,248,240,372
6,128,0.3,0.30232558139534993,0.30232558139534993,0.3473779952839656,0.3473779952839656,0.3129078705800897,0.2572879979748977,0.40320512820512794,0.270186546967725,0.2325581395348825,0.6976744186046531,0.6976744186046512,0.675168792198051,248,240,372
6,128,0.5,0.5,0.5,0.5486456396883302,0.5486456396883302,0.5118622533935422,0.409770876540052,0.5774224806201553,0.41924616478855575,0.16666666666666646,0.5,0.5,0.4838709677419355,248,240,372
6,128,0.75,0.755813953488371,0.755813953488371,0.7915896988308778,0.7915896988308778,0.7647026614373252,0.6510209504612856,0.7876282051282052,0.6563904827942622,0.0813953488372089,0.24418604651162876,0.2441860465116279,0.23630907726931816,248,240,372
6,128,1.0,1.0,1.0,1.0,1.0,1.0,1.0,1.0,1.0,0.0,0.0,0.0,0.0,248,240,372
6,256,0.05,0.06976744186046509,0.06976744186046509,0.08365655393226705,0.08365655393226705,0.07341791755198174,0.10874999999999986,0.16805555555555565,0.12876344086021507,0.3100775193798454,0.9302325581395301,0.9302325581395349,0.9002250562640617,248,240,372
6,256,0.1,0.11627906976744126,0.11627906976744126,0.13573519148350638,0.13573519148350638,0.12112498536303377,0.14499007936507927,0.23250000000000023,0.1595195425840589,0.294573643410852,0.8837209302325566,0.8837209302325582,0.8552138034508613,248,240,372
6,256,0.2,0.20930232558139583,0.20930232558139583,0.23650868406842004,0.23650868406842004,0.21645568437822113,0.19915193262619751,0.3199074074074076,0.21155682947665932,0.26356589147286685,0.7906976744186027,0.7906976744186046,0.7651912978244545,248,240,372
6,256,0.3,0.30232558139534993,0.30232558139534993,0.33427312745129373,0.33427312745129373,0.31053250575303265,0.2669560392211574,0.41153846153846185,0.2797955851001629,0.2325581395348825,0.6976744186046531,0.6976744186046512,0.675168792198051,248,240,372
6,256,0.5,0.5116279069767424,0.5116279069767424,0.546410287438795,0.546410287438795,0.5200560877180247,0.41818423958266876,0.5842803030303035,0.4256682431055869,0.16279069767441778,0.4883720930232575,0.4883720930232558,0.4726181545386363,248,240,372
6,256,0.75,0.7674418604651142,0.7674418604651142,0.7926221838316302,0.7926221838316302,0.7731547709142244,0.6655946794747114,0.7977272727272694,0.6719289592424,0.07751937984496136,0.2325581395348825,0.2325581395348837,0.2250562640660154,248,240,372
6,256,1.0,1.0,1.0,1.0,1.0,1.0,1.0,1.0,1.0,0.0,0.0,0.0,0.0,248,240,372
7,32,0.05,0.05232558139534896,0.05232558139534896,0.08638467224114113,0.08638467224114113,0.06216120882131273,0.10928534732142077,0.19050925925925935,0.12065480249207278,0.3158914728682164,0.9476744186046557,0.9476744186046512,0.9171042760690215,248,240,372
7,32,0.1,0.10174418604651224,0.10174418604651224,0.15329041145499195,0.15329041145499195,0.11676625115678418,0.1441759264142002,0.24738095238095265,0.15134941810323171,0.29941860465116427,0.8982558139534851,0.8982558139534884,0.8692798199549856,248,240,372
7,32,0.2,0.2005813953488364,0.2005813953488364,0.2746563057628542,0.2746563057628542,0.22166070291810652,0.20503117513882477,0.3365942028985504,0.20792738910718103,0.2664728682170557,0.7994186046511601,0.7994186046511628,0.7736309077269294,248,240,372
7,32,0.3,0.30232558139534993,0.30232558139534993,0.3892039411029636,0.3892039411029636,0.326524705773047,0.27056500344668816,0.4228365384615386,0.2726446323648888,0.2325581395348825,0.6976744186046531,0.6976744186046512,0.675168792198051,248,240,372
7,32,0.5,0.5,0.5,0.5916316601217424,0.5916316601217424,0.5249431154155826,0.41254533160285134,0.5822432170542636,0.4103547497559761,0.16666666666666646,0.5,0.5,0.4838709677419355,248,240,372
7,32,0.75,0.75,0.75,0.8169526180450467,0.8169526180450467,0.7670350326000877,0.6423791623979546,0.7818959948320396,0.6439791327595684,0.08333333333333325,0.25,0.25,0.24193548387096775,248,240,372
7,32,1.0,1.0,1.0,1.0,1.0,1.0,1.0,1.0,1.0,0.0,0.0,0.0,0.0,248,240,372
7,64,0.05,0.05232558139534896,0.05232558139534896,0.07593934615799364,0.07593934615799364,0.05897630101443112,0.10419764059469931,0.17731481481481481,0.11766348373321818,0.3158914728682164,0.9476744186046557,0.9476744186046512,0.9171042760690215,248,240,372
7,64,0.1,0.10465116279069792,0.10465116279069792,0.14155683460683796,0.14155683460683796,0.11555917442860851,0.1481221032787726,0.2502314814814814,0.15731774606187218,0.2984496124031024,0.8953488372092994,0.8953488372093024,0.8664666166541608,248,240,372
7,64,0.2,0.20348837209302448,0.20348837209302448,0.25666212052449294,0.25666212052449294,0.21882633923719727,0.20547898929018726,0.3360714285714287,0.21537956081189497,0.26550387596899044,0.7965116279069736,0.7965116279069767,0.7708177044261038,248,240,372
7,64,0.3,0.30232558139534993,0.30232558139534993,0.3647960735445576,0.3647960735445576,0.31998137516918485,0.27085775658876715,0.42243589743589754,0.276595610590156,0.2325581395348825,0.6976744186046531,0.6976744186046512,0.675168792198051,248,240,372
7,64,0.5,0.5,0.5,0.5667499139749155,0.5667499139749155,0.5185957807981795,0.41722395500147935,0.5863856589147288,0.4153001536422626,0.16666666666666646,0.5,0.5,0.4838709677419355,248,240,372
7,64,0.75,0.75,0.75,0.7994895815947426,0.7994895815947426,0.7638275081484973,0.6479838757026077,0.7857881136950897,0.6466350122655071,0.08333333333333325,0.25,0.25,0.24193548387096775,248,240,372
7,64,1.0,1.0,1.0,1.0,1.0,1.0,1.0,1.0,1.0,0.0,0.0,0.0,0.0,248,240,372
7,128,0.05,0.05813953488372063,0.05813953488372063,0.07524696212955442,0.07524696212955442,0.06295419375577002,0.10801917989417976,0.17583333333333337,0.11687147977470562,0.31395348837209275,0.9418604651162846,0.9418604651162791,0.911477869467372,248,240,372
7,128,0.1,0.10465116279069792,0.10465116279069792,0.13001726198989025,0.13001726198989025,0.11211103167100703,0.14623309900883424,0.24259259259259286,0.15205249367962864,0.2984496124031024,0.8953488372092994,0.8953488372093024,0.8664666166541608,248,240,372
7,128,0.2,0.20930232558139583,0.20930232558139583,0.24724910092258923,0.24724910092258923,0.22020233965567682,0.2150022428249679,0.34583333333333266,0.22251605777617345,0.26356589147286685,0.7906976744186027,0.7906976744186046,0.7651912978244545,248,240,372
7,128,0.3,0.30232558139534993,0.30232558139534993,0.3468149120880547,0.3468149120880547,0.31503099215465197,0.27879415172270683,0.430288461538461,0.2815295656804954,0.2325581395348825,0.6976744186046531,0.6976744186046512,0.675168792198051,248,240,372
7,128,0.5,0.5,0.5,0.5481213307231692,0.5481213307231692,0.5136695551799417,0.4167236299130908,0.5852713178294573,0.41846343497631383,0.16666666666666646,0.5,0.5,0.4838709677419355,248,240,372
7,128,0.75,0.755813953488371,0.755813953488371,0.79129019539884,0.79129019539884,0.7654788444738814,0.6522748030966389,0.7886538461538465,0.6561489909646916,0.0813953488372089,0.24418604651162876,0.2441860465116279,0.23630907726931816,248,240,372
7,128,1.0,1.0,1.0,1.0,1.0,1.0,1.0,1.0,1.0,0.0,0.0,0.0,0.0,248,240,372
7,256,0.05,0.06976744186046509,0.06976744186046509,0.08317502033889174,0.08317502033889174,0.07362950018669297,0.1212499999999998,0.1875000000000002,0.14274193548387099,0.3100775193798454,0.9302325581395301,0.9302325581395349,0.9002250562640617,248,240,372
7,256,0.1,0.11627906976744126,0.11627906976744126,0.135214399410802,0.135214399410802,0.12198520864309775,0.1553406084656085,0.24916666666666692,0.17839008363201944,0.294573643410852,0.8837209302325566,0.8837209302325582,0.8552138034508613,248,240,372
7,256,0.2,0.20930232558139583,0.20930232558139583,0.23607934261896013,0.23607934261896013,0.2172539688997127,0.22547888386123702,0.3541666666666668,0.2212762687976166,0.26356589147286685,0.7906976744186027,0.7906976744186046,0.7651912978244545,248,240,372
7,256,0.3,0.30232558139534993,0.30232558139534993,0.33401427780309817,0.33401427780309817,0.31184063813939905,0.2821735539117756,0.4298076923076926,0.28309116385936167,0.2325581395348825,0.6976744186046531,0.6976744186046512,0.675168792198051,248,240,372
7,256,0.5,0.5116279069767424,0.5116279069767424,0.5462356826946819,0.5462356826946819,0.5216504766402137,0.432660612471255,0.5986742424242429,0.427783967400128,0.16279069767441778,0.4883720930232575,0.4883720930232558,0.4726181545386363,248,240,372
7,256,0.75,0.7674418604651142,0.7674418604651142,0.7925386870621305,0.7925386870621305,0.77527221934602,0.674327295497178,0.8040404040404006,0.6696021521700464,0.07751937984496136,0.2325581395348825,0.2325581395348837,0.2250562640660154,248,240,372
7,256,1.0,1.0,1.0,1.0,1.0,1.0,1.0,1.0,1.0,0.0,0.0,0.0,0.0,248,240,372
8,32,0.05,0.05232558139534896,0.05232558139534896,0.08580374429003762,0.08580374429003762,0.06184702058836978,0.10364248078980126,0.1807870370370373,0.11369172368115434,0.3158914728682164,0.9476744186046557,0.9476744186046512,0.9171042760690215,248,240,372
8,32,0.1,0.10174418604651224,0.10174418604651224,0.1526767084510426,0.1526767084510426,0.11661683216981829,0.13851340419602126,0.23726190476190503,0.14303310277658715,0.29941860465116427,0.8982558139534851,0.8982558139534884,0.8692798199549856,248,240,372
8,32,0.2,0.2005813953488364,0.2005813953488364,0.2740026031900897,0.2740026031900897,0.22165786329138917,0.20757788339715097,0.33913043478260857,0.2022620610822313,0.2664728682170557,0.7994186046511601,0.7994186046511628,0.7736309077269294,248,240,372
8,32,0.3,0.30232558139534993,0.30232558139534993,0.3885922046849103,0.3885922046849103,0.3266309987581774,0.2750389596721373,0.4281249999999999,0.2661183432900286,0.2325581395348825,0.6976744186046531,0.6976744186046512,0.675168792198051,248,240,372
8,32,0.5,0.5,0.5,0.5913288081532121,0.5913288081532121,0.5254636403382579,0.4185668196678368,0.5885174418604654,0.4091152694749841,0.16666666666666646,0.5,0.5,0.4838709677419355,248,240,372
8,32,0.75,0.75,0.75,0.8168306269199483,0.8168306269199483,0.7681699335618194,0.6465522324241508,0.784932170542634,0.6457030605009585,0.08333333333333325,0.25,0.25,0.24193548387096775,248,240,372
8,32,1.0,1.0,1.0,1.0,1.0,1.0,1.0,1.0,1.0,0.0,0.0,0.0,0.0,248,240,372
8,64,0.05,0.05232558139534896,0.05232558139534896,0.07512429811238301,0.07512429811238301,0.05849560957725557,0.09487112152553316,0.16249999999999992,0.11165503535048135,0.3158914728682164,0.9476744186046557,0.9476744186046512,0.9171042760690215,248,240,372
8,64,0.1,0.10465116279069792,0.10465116279069792,0.14049404716563552,0.14049404716563552,0.1150063557438284,0.1429612209926324,0.2428240740740744,0.1446193710255826,0.2984496124031024,0.8953488372092994,0.8953488372093024,0.8664666166541608,248,240,372
8,64,0.2,0.20348837209302448,0.20348837209302448,0.2554947011623652,0.2554947011623652,0.2184082250504141,0.21056835046041192,0.342261904761905,0.20641527072882349,0.26550387596899044,0.7965116279069736,0.7965116279069767,0.7708177044261038,248,240,372
8,64,0.3,0.30232558139534993,0.30232558139534993,0.3637150734775898,0.3637150734775898,0.3198256603146963,0.2740283581637525,0.42580128205128237,0.26708942758902965,0.2325581395348825,0.6976744186046531,0.6976744186046512,0.675168792198051,248,240,372
8,64,0.5,0.5,0.5,0.5658151404841328,0.5658151404841328,0.518291590171856,0.4182568712421,0.5874999999999998,0.41238988382780883,0.16666666666666646,0.5,0.5,0.4838709677419355,248,240,372
8,64,0.75,0.75,0.75,0.7989019150204044,0.7989019150204044,0.7632562440005656,0.6480813814462053,0.7859173126614981,0.6473372602239592,0.08333333333333325,0.25,0.25,0.24193548387096775,248,240,372
8,64,1.0,1.0,1.0,1.0,1.0,1.0,1.0,1.0,1.0,0.0,0.0,0.0,0.0,248,240,372
8,128,0.05,0.05813953488372063,0.05813953488372063,0.07459368751731564,0.07459368751731564,0.06300239374911641,0.1085482804232803,0.1800000000000001,0.12514934289127844,0.31395348837209275,0.9418604651162846,0.9418604651162791,0.911477869467372,248,240,372
8,128,0.1,0.10465116279069792,0.10465116279069792,0.1292434047241236,0.1292434047241236,0.11161074281556445,0.1399898447141093,0.23379629629629659,0.14666957015154386,0.2984496124031024,0.8953488372092994,0.8953488372093024,0.8664666166541608,248,240,372
8,128,0.2,0.20930232558139583,0.20930232558139583,0.24623787608433445,0.24623787608433445,0.2200815583374226,0.22041435295431192,0.3532407407407402,0.2115589692843797,0.26356589147286685,0.7906976744186027,0.7906976744186046,0.7651912978244545,248,240,372
8,128,0.3,0.30232558139534993,0.30232558139534993,0.3457123908809598,0.3457123908809598,0.31519812180194645,0.2812810322065253,0.4330128205128202,0.26836943773303684,0.2325581395348825,0.6976744186046531,0.6976744186046512,0.675168792198051,248,240,372
8,128,0.5,0.5,0.5,0.5471920007471031,0.5471920007471031,0.5137782647605643,0.42311719780420076,0.5916666666666667,0.41080818082232023,0.16666666666666646,0.5,0.5,0.4838709677419355,248,240,372
8,128,0.75,0.755813953488371,0.755813953488371,0.7906591689511054,0.7906591689511054,0.7652976313051203,0.654976463311968,0.7907692307692308,0.6553184199212495,0.0813953488372089,0.24418604651162876,0.2441860465116279,0.23630907726931816,248,240,372
8,128,1.0,1.0,1.0,1.0,1.0,1.0,1.0,1.0,1.0,0.0,0.0,0.0,0.0,248,240,372
8,256,0.05,0.06976744186046509,0.06976744186046509,0.08222204542736258,0.08222204542736258,0.07315340587332755,0.11208333333333317,0.17361111111111108,0.12956989247311831,0.3100775193798454,0.9302325581395301,0.9302325581395349,0.9002250562640617,248,240,372
8,256,0.1,0.11627906976744126,0.11627906976744126,0.13400919857604188,0.13400919857604188,0.12115705862805035,0.15251322751322752,0.24583333333333363,0.15987156511350092,0.294573643410852,0.8837209302325566,0.8837209302325582,0.8552138034508613,248,240,372
8,256,0.2,0.20930232558139583,0.20930232558139583,0.2345482489768593,0.2345482489768593,0.2161044149786367,0.20736600409394557,0.33148148148148165,0.2059303402163937,0.26356589147286685,0.7906976744186027,0.7906976744186046,0.7651912978244545,248,240,372
8,256,0.3,0.30232558139534993,0.30232558139534993,0.3322980353596962,0.3322980353596962,0.3107117714430536,0.2708628642272387,0.41666666666666696,0.2720653212125666,0.2325581395348825,0.6976744186046531,0.6976744186046512,0.675168792198051,248,240,372
8,256,0.5,0.5116279069767424,0.5116279069767424,0.5443767250642094,0.5443767250642094,0.5209939821363672,0.42922695951346423,0.5965909090909102,0.426304206252054,0.16279069767441778,0.4883720930232575,0.4883720930232558,0.4726181545386363,248,240,372
8,256,0.75,0.7674418604651142,0.7674418604651142,0.7912672821569173,0.7912672821569173,0.7741039687004138,0.6717955301854059,0.8022727272727239,0.66638162858947,0.07751937984496136,0.2325581395348825,0.2325581395348837,0.2250562640660154,248,240,372
8,256,1.0,1.0,1.0,1.0,1.0,1.0,1.0,1.0,1.0,0.0,0.0,0.0,0.0,248,240,372
9,32,0.05,0.05232558139534896,0.05232558139534896,0.08682642762205142,0.08682642762205142,0.06205535097747215,0.10428480577099535,0.18125000000000022,0.11666116589653629,0.3158914728682164,0.9476744186046557,0.9476744186046512,0.9171042760690215,248,240,372
9,32,0.1,0.10174418604651224,0.10174418604651224,0.15362536044916753,0.15362536044916753,0.11643515327353414,0.13971222769727124,0.23833333333333362,0.14145778920183907,0.29941860465116427,0.8982558139534851,0.8982558139534884,0.8692798199549856,248,240,372
9,32,0.2,0.2005813953488364,0.2005813953488364,0.27494355847172763,0.27494355847172763,0.22168179127279872,0.20924270452546076,0.34130434782608704,0.20015473630054245,0.2664728682170557,0.7994186046511601,0.7994186046511628,0.7736309077269294,248,240,372
9,32,0.3,0.30232558139534993,0.30232558139534993,0.3896290597025099,0.3896290597025099,0.3267852146004589,0.2740350884197905,0.42640224358974366,0.26534176787652486,0.2325581395348825,0.6976744186046531,0.6976744186046512,0.675168792198051,248,240,372
9,32,0.5,0.5,0.5,0.5923671238599423,0.5923671238599423,0.526206378028153,0.4193856045532135,0.5888565891472868,0.4067594930804123,0.16666666666666646,0.5,0.5,0.4838709677419355,248,240,372
9,32,0.75,0.75,0.75,0.8174700779758534,0.8174700779758534,0.7688883220497612,0.6465547543099213,0.784770671834624,0.6428398930358372,0.08333333333333325,0.25,0.25,0.24193548387096775,248,240,372
9,32,1.0,1.0,1.0,1.0,1.0,1.0,1.0,1.0,1.0,0.0,0.0,0.0,0.0,248,240,372
9,64,0.05,0.05232558139534896,0.05232558139534896,0.07589577578051253,0.07589577578051253,0.05855903954788889,0.10169191715147585,0.17361111111111108,0.10390148671695167,0.3158914728682164,0.9476744186046557,0.9476744186046512,0.9171042760690215,248,240,372
9,64,0.1,0.10465116279069792,0.10465116279069792,0.1414235704046823,0.1414235704046823,0.11487955874395825,0.14148228300131963,0.2400462962962964,0.14293425927359513,0.2984496124031024,0.8953488372092994,0.8953488372093024,0.8664666166541608,248,240,372
9,64,0.2,0.20348837209302448,0.20348837209302448,0.25664259633543934,0.25664259633543934,0.218406244815561,0.20721409317610967,0.3375000000000002,0.20033584553733988,0.26550387596899044,0.7965116279069736,0.7965116279069767,0.7708177044261038,248,240,372
9,64,0.3,0.30232558139534993,0.30232558139534993,0.3648502081346597,0.3648502081346597,0.32055748074052953,0.27655665492417253,0.4290064102564103,0.2623232974075116,0.2325581395348825,0.6976744186046531,0.6976744186046512,0.675168792198051,248,240,372
9,64,0.5,0.5,0.5,0.56689741654798,0.56689741654798,0.5191738054311904,0.42210482665242954,0.5910368217054258,0.4085604192621576,0.16666666666666646,0.5,0.5,0.4838709677419355,248,240,372
9,64,0.75,0.75,0.75,0.7994732518685167,0.7994732518685167,0.7641537928592186,0.6483123548570576,0.7859173126614981,0.6445154425980107,0.08333333333333325,0.25,0.25,0.24193548387096775,248,240,372
9,64,1.0,1.0,1.0,1.0,1.0,1.0,1.0,1.0,1.0,0.0,0.0,0.0,0.0,248,240,372
9,128,0.05,0.05813953488372063,0.05813953488372063,0.07517507634686692,0.07517507634686692,0.06279352160977798,0.09828042328042312,0.1658333333333334,0.11085509472606249,0.31395348837209275,0.9418604651162846,0.9418604651162791,0.911477869467372,248,240,372
9,128,0.1,0.10465116279069792,0.10465116279069792,0.12989840352145518,0.12989840352145518,0.11156133955801649,0.14071145765998694,0.23379629629629653,0.1336246533352797,0.2984496124031024,0.8953488372092994,0.8953488372093024,0.8664666166541608,248,240,372
9,128,0.2,0.20930232558139583,0.20930232558139583,0.24707628427418635,0.24707628427418635,0.2198756051306064,0.21556463691701458,0.3451388888888885,0.20082656713142902,0.26356589147286685,0.7906976744186027,0.7906976744186046,0.7651912978244545,248,240,372
9,128,0.3,0.30232558139534993,0.30232558139534993,0.34668043276543203,0.34668043276543203,0.3151246302898264,0.2802154672401735,0.43124999999999974,0.26034938667340773,0.2325581395348825,0.6976744186046531,0.6976744186046512,0.675168792198051,248,240,372
9,128,0.5,0.5,0.5,0.5481323590519189,0.5481323590519189,0.5137314767949849,0.4189017751279651,0.5867248062015503,0.4014253532208648,0.16666666666666646,0.5,0.5,0.4838709677419355,248,240,372
9,128,0.75,0.755813953488371,0.755813953488371,0.7914786064860598,0.7914786064860598,0.7660347189686634,0.6608928139361887,0.7948076923076919,0.6454738735506603,0.0813953488372089,0.24418604651162876,0.2441860465116279,0.23630907726931816,248,240,372
9,128,1.0,1.0,1.0,1.0,1.0,1.0,1.0,1.0,1.0,0.0,0.0,0.0,0.0,248,240,372
9,256,0.05,0.06976744186046509,0.06976744186046509,0.08312594490656032,0.08312594490656032,0.074024347032468,0.1262499999999998,0.19722222222222244,0.12016129032258062,0.3100775193798454,0.9302325581395301,0.9302325581395349,0.9002250562640617,248,240,372
9,256,0.1,0.11627906976744126,0.11627906976744126,0.13517219388915475,0.13517219388915475,0.12190353787764294,0.1469742063492063,0.23750000000000027,0.1485961768219835,0.294573643410852,0.8837209302325566,0.8837209302325582,0.8552138034508613,248,240,372
9,256,0.2,0.20930232558139583,0.20930232558139583,0.23609326866565983,0.23609326866565983,0.21688574608210837,0.21044765283735906,0.3328703703703706,0.19927102467425092,0.26356589147286685,0.7906976744186027,0.7906976744186046,0.7651912978244545,248,240,372
9,256,0.3,0.30232558139534993,0.30232558139534993,0.3339727301431676,0.3339727301431676,0.31113309794523336,0.2775295601025931,0.42307692307692324,0.260350947090301,0.2325581395348825,0.6976744186046531,0.6976744186046512,0.675168792198051,248,240,372
9,256,0.5,0.5116279069767424,0.5116279069767424,0.5461326323702863,0.5461326323702863,0.5213317176247875,0.4335731157319896,0.5992424242424246,0.41173443686385774,0.16279069767441778,0.4883720930232575,0.4883720930232558,0.4726181545386363,248,240,372
9,256,0.75,0.7674418604651142,0.7674418604651142,0.7926955902517543,0.7926955902517543,0.7750050246990197,0.6742306206760684,0.8036616161616129,0.6588129884551639,0.07751937984496136,0.2325581395348825,0.2325581395348837,0.2250562640660154,248,240,372
9,256,1.0,1.0,1.0,1.0,1.0,1.0,1.0,1.0,1.0,0.0,0.0,0.0,0.0,248,240,372
10,32,0.05,0.05232558139534896,0.05232558139534896,0.08579662588419079,0.08579662588419079,0.06047592267342195,0.0925091584633313,0.16157407407407418,0.10584314514986923,0.3158914728682164,0.9476744186046557,0.9476744186046512,0.9171042760690215,248,240,372
10,32,0.1,0.10174418604651224,0.10174418604651224,0.15241647578848394,0.15241647578848394,0.11448543047880068,0.12962889315499912,0.22285714285714303,0.13453334796891928,0.29941860465116427,0.8982558139534851,0.8982558139534884,0.8692798199549856,248,240,372
10,32,0.2,0.2005813953488364,0.2005813953488364,0.2734816752100124,0.2734816752100124,0.21923165194935812,0.19975560215491736,0.3282004830917872,0.1911469643060067,0.2664728682170557,0.7994186046511601,0.7994186046511628,0.7736309077269294,248,240,372
10,32,0.3,0.30232558139534993,0.30232558139534993,0.3880218796673442,0.3880218796673442,0.3241038653468316,0.26470219008561996,0.41418269230769217,0.254113759450815,0.2325581395348825,0.6976744186046531,0.6976744186046512,0.675168792198051,248,240,372
10,32,0.5,0.5,0.5,0.5906887806245027,0.5906887806245027,0.5230034199392797,0.41104058970380036,0.580499031007752,0.39785136137890675,0.16666666666666646,0.5,0.5,0.4838709677419355,248,240,372
10,32,0.75,0.75,0.75,0.8164325955715198,0.8164325955715198,0.7670158700039698,0.6469406539965817,0.7851421188630477,0.6386417528489612,0.08333333333333325,0.25,0.25,0.24193548387096775,248,240,372
10,32,1.0,1.0,1.0,1.0,1.0,1.0,1.0,1.0,1.0,0.0,0.0,0.0,0.0,248,240,372
10,64,0.05,0.05232558139534896,0.05232558139534896,0.07549872815401673,0.07549872815401673,0.05832777140176518,0.09011756625727203,0.15555555555555545,0.10365641237320551,0.3158914728682164,0.9476744186046557,0.9476744186046512,0.9171042760690215,248,240,372
10,64,0.1,0.10465116279069792,0.10465116279069792,0.1409104515687755,0.1409104515687755,0.11427419711360945,0.12863020893877056,0.21967592592592608,0.13562117829568807,0.2984496124031024,0.8953488372092994,0.8953488372093024,0.8664666166541608,248,240,372
10,64,0.2,0.20348837209302448,0.20348837209302448,0.25600447492031014,0.25600447492031014,0.21736403936731807,0.20180903858984472,0.32952380952380966,0.1941476142518057,0.26550387596899044,0.7965116279069736,0.7965116279069767,0.7708177044261038,248,240,372
10,64,0.3,0.30232558139534993,0.30232558139534993,0.36432013049609446,0.36432013049609446,0.3186529267684432,0.269367573919255,0.419150641025641,0.25679265022335357,0.2325581395348825,0.6976744186046531,0.6976744186046512,0.675168792198051,248,240,372
10,64,0.5,0.5,0.5,0.5665295258833931,0.5665295258833931,0.5169940960803157,0.4131514835966222,0.5822189922480618,0.40154580408428103,0.16666666666666646,0.5,0.5,0.4838709677419355,248,240,372
10,64,0.75,0.75,0.75,0.7994445498914494,0.7994445498914494,0.7625949935618939,0.6465499357662096,0.7846899224806201,0.639119578453418,0.08333333333333325,0.25,0.25,0.24193548387096775,248,240,372
10,64,1.0,1.0,1.0,1.0,1.0,1.0,1.0,1.0,1.0,0.0,0.0,0.0,0.0,248,240,372
10,128,0.05,0.05813953488372063,0.05813953488372063,0.07529141994067912,0.07529141994067912,0.06239434244157238,0.09766865079365068,0.16083333333333324,0.10703618364908692,0.31395348837209275,0.9418604651162846,0.9418604651162791,0.911477869467372,248,240,372
10,128,0.1,0.10465116279069792,0.10465116279069792,0.13007284357687363,0.13007284357687363,0.11086536138003952,0.12828970049558266,0.21342592592592616,0.1363606546837099,0.2984496124031024,0.8953488372092994,0.8953488372093024,0.8664666166541608,248,240,372
10,128,0.2,0.20930232558139583,0.20930232558139583,0.2472156100981232,0.2472156100981232,0.21885007940816747,0.20475092877489812,0.32986111111111044,0.1945360319895691,0.26356589147286685,0.7906976744186027,0.7906976744186046,0.7651912978244545,248,240,372
10,128,0.3,0.30232558139534993,0.30232558139534993,0.3467241618182937,0.3467241618182937,0.3140758613151528,0.26912834367062094,0.41762820512820464,0.25743916387237903,0.2325581395348825,0.6976744186046531,0.6976744186046512,0.675168792198051,248,240,372
10,128,0.5,0.5,0.5,0.5479245688928001,0.5479245688928001,0.5130773438252293,0.4162711620688752,0.5836240310077516,0.3979481742379556,0.16666666666666646,0.5,0.5,0.4838709677419355,248,240,372
10,128,0.75,0.755813953488371,0.755813953488371,0.7911981701864004,0.7911981701864004,0.7648338345659391,0.6530341908230302,0.789102564102564,0.6436247940461803,0.0813953488372089,0.24418604651162876,0.2441860465116279,0.23630907726931816,248,240,372
10,128,1.0,1.0,1.0,1.0,1.0,1.0,1.0,1.0,1.0,0.0,0.0,0.0,0.0,248,240,372
10,256,0.05,0.06976744186046509,0.06976744186046509,0.08296991868458771,0.08296991868458771,0.07339119547863632,0.11708333333333314,0.18055555555555552,0.11021505376344079,0.3100775193798454,0.9302325581395301,0.9302325581395349,0.9002250562640617,248,240,372
10,256,0.1,0.11627906976744126,0.11627906976744126,0.13507408071065002,0.13507408071065002,0.12120874837342745,0.13958333333333323,0.22166666666666682,0.1372034476873188,0.294573643410852,0.8837209302325566,0.8837209302325582,0.8552138034508613,248,240,372
10,256,0.2,0.20930232558139583,0.20930232558139583,0.23590476805176636,0.23590476805176636,0.2161194971409773,0.19669017869385547,0.3143518518518519,0.18986102449100586,0.26356589147286685,0.7906976744186027,0.7906976744186046,0.7651912978244545,248,240,372
10,256,0.3,0.30232558139534993,0.30232558139534993,0.33378027686025774,0.33378027686025774,0.3103828854439431,0.2654509212463852,0.4089743589743595,0.2551972184184282,0.2325581395348825,0.6976744186046531,0.6976744186046512,0.675168792198051,248,240,372
10,256,0.5,0.5116279069767424,0.5116279069767424,0.5458731796658423,0.5458731796658423,0.5202946857174199,0.425040860676213,0.5907196969696977,0.4030030018738844,0.16279069767441778,0.4883720930232575,0.4883720930232558,0.4726181545386363,248,240,372
10,256,0.75,0.7674418604651142,0.7674418604651142,0.7923383908607388,0.7923383908607388,0.7737670123425302,0.6684773209216457,0.7996212121212086,0.6564040876061308,0.07751937984496136,0.2325581395348825,0.2325581395348837,0.2250562640660154,248,240,372
10,256,1.0,1.0,1.0,1.0,1.0,1.0,1.0,1.0,1.0,0.0,0.0,0.0,0.0,248,240,372
11,32,0.05,0.05232558139534896,0.05232558139534896,0.08651001011138132,0.08651001011138132,0.06343595147952655,0.11688576330846323,0.2018518518518519,0.11530716454114855,0.3158914728682164,0.9476744186046557,0.9476744186046512,0.9171042760690215,248,240,372
11,32,0.1,0.10174418604651224,0.10174418604651224,0.15326244702390923,0.15326244702390923,0.11834357979958038,0.1536133762758725,0.2596428571428573,0.14127817265205742,0.29941860465116427,0.8982558139534851,0.8982558139534884,0.8692798199549856,248,240,372
11,32,0.2,0.2005813953488364,0.2005813953488364,0.2745542802120963,0.2745542802120963,0.22380824016762743,0.2214210950342689,0.35742753623188406,0.1994560146186345,0.2664728682170557,0.7994186046511601,0.7994186046511628,0.7736309077269294,248,240,372
11,32,0.3,0.30232558139534993,0.30232558139534993,0.3891038625904375,0.3891038625904375,0.32933966600985193,0.2865454739909141,0.44166666666666693,0.26492978735055767,0.2325581395348825,0.6976744186046531,0.6976744186046512,0.675168792198051,248,240,372
11,32,0.5,0.5,0.5,0.5916859132968642,0.5916859132968642,0.5282628298937515,0.4292093787771657,0.5985222868217055,0.4058284020680335,0.16666666666666646,0.5,0.5,0.4838709677419355,248,240,372
11,32,0.75,0.75,0.75,0.8170325527293415,0.8170325527293415,0.7704699224871205,0.6545138414368122,0.7907138242894044,0.6434855466992879,0.08333333333333325,0.25,0.25,0.24193548387096775,248,240,372
11,32,1.0,1.0,1.0,1.0,1.0,1.0,1.0,1.0,1.0,0.0,0.0,0.0,0.0,248,240,372
11,64,0.05,0.05232558139534896,0.05232558139534896,0.07552245816442155,0.07552245816442155,0.05950597985967941,0.11183089581986624,0.18981481481481477,0.11033494889045177,0.3158914728682164,0.9476744186046557,0.9476744186046512,0.9171042760690215,248,240,372
11,64,0.1,0.10465116279069792,0.10465116279069792,0.14111245859242813,0.14111245859242813,0.1160767550132909,0.15141280832608608,0.25439814814814804,0.14540986701403819,0.2984496124031024,0.8953488372092994,0.8953488372093024,0.8664666166541608,248,240,372
11,64,0.2,0.20348837209302448,0.20348837209302448,0.25611186669242747,0.25611186669242747,0.220061869988716,0.22251847015234888,0.3573809523809526,0.1999305450365414,0.26550387596899044,0.7965116279069736,0.7965116279069767,0.7708177044261038,248,240,372
11,64,0.3,0.30232558139534993,0.30232558139534993,0.3642491577237491,0.3642491577237491,0.3209853674647912,0.2845997987567074,0.43854166666666694,0.2620874210914021,0.2325581395348825,0.6976744186046531,0.6976744186046512,0.675168792198051,248,240,372
11,64,0.5,0.5,0.5,0.5664512370555164,0.5664512370555164,0.520024171648538,0.42607572402335336,0.594961240310077,0.40914613566309393,0.16666666666666646,0.5,0.5,0.4838709677419355,248,240,372
11,64,0.75,0.75,0.75,0.7994761862297911,0.7994761862297911,0.7647831410283926,0.6561480055418484,0.7916989664082682,0.644030244841381,0.08333333333333325,0.25,0.25,0.24193548387096775,248,240,372
11,64,1.0,1.0,1.0,1.0,1.0,1.0,1.0,1.0,1.0,0.0,0.0,0.0,0.0,248,240,372
11,128,0.05,0.05813953488372063,0.05813953488372063,0.07528507143035258,0.07528507143035258,0.06365447356752961,0.1136408730158729,0.1858333333333332,0.10651348352961253,0.31395348837209275,0.9418604651162846,0.9418604651162791,0.911477869467372,248,240,372
11,128,0.1,0.10465116279069792,0.10465116279069792,0.130020151723576,0.130020151723576,0.11290483266192262,0.15808729260935145,0.2606481481481484,0.1433385518655919,0.2984496124031024,0.8953488372092994,0.8953488372093024,0.8664666166541608,248,240,372
11,128,0.2,0.20930232558139583,0.20930232558139583,0.24717744826303592,0.24717744826303592,0.22135932316880394,0.2297977260753345,0.3657407407407403,0.21025959825703538,0.26356589147286685,0.7906976744186027,0.7906976744186046,0.7651912978244545,248,240,372
11,128,0.3,0.30232558139534993,0.30232558139534993,0.3467187981315931,0.3467187981315931,0.3160986722352137,0.2856403286863584,0.43814102564102536,0.2693652733926106,0.2325581395348825,0.6976744186046531,0.6976744186046512,0.675168792198051,248,240,372
11,128,0.5,0.5,0.5,0.5479994646194153,0.5479994646194153,0.5145082662232834,0.4269286637260676,0.5946705426356587,0.4042061968156537,0.16666666666666646,0.5,0.5,0.4838709677419355,248,240,372
11,128,0.75,0.755813953488371,0.755813953488371,0.7912551953500861,0.7912551953500861,0.7667381916162381,0.6639336759795659,0.7969230769230768,0.6500966491976562,0.0813953488372089,0.24418604651162876,0.2441860465116279,0.23630907726931816,248,240,372
11,128,1.0,1.0,1.0,1.0,1.0,1.0,1.0,1.0,1.0,0.0,0.0,0.0,0.0,248,240,372
11,256,0.05,0.06976744186046509,0.06976744186046509,0.08285123490007612,0.08285123490007612,0.07374852076109956,0.13208333333333314,0.20277777777777778,0.1266129032258065,0.3100775193798454,0.9302325581395301,0.9302325581395349,0.9002250562640617,248,240,372
11,256,0.1,0.11627906976744126,0.11627906976744126,0.13470571779862178,0.13470571779862178,0.12185547906369158,0.15787037037037033,0.2508333333333334,0.1514123570575185,0.294573643410852,0.8837209302325566,0.8837209302325582,0.8552138034508613,248,240,372
11,256,0.2,0.20930232558139583,0.20930232558139583,0.2352718483270852,0.2352718483270852,0.21723646951109402,0.21813850365320986,0.34444444444444444,0.20246776863238006,0.26356589147286685,0.7906976744186027,0.7906976744186046,0.7651912978244545,248,240,372
11,256,0.3,0.30232558139534993,0.30232558139534993,0.3330187806794878,0.3330187806794878,0.3116208351094787,0.2903709066925432,0.44038461538461554,0.26456869332932703,0.2325581395348825,0.6976744186046531,0.6976744186046512,0.675168792198051,248,240,372
11,256,0.5,0.5116279069767424,0.5116279069767424,0.5450781911022847,0.5450781911022847,0.5217727645983327,0.4412168379504436,0.6073863636363644,0.4154635786330606,0.16279069767441778,0.4883720930232575,0.4883720930232558,0.4726181545386363,248,240,372
11,256,0.75,0.7674418604651142,0.7674418604651142,0.7917409185607204,0.7917409185607204,0.7741571489912376,0.6733332892141844,0.8034090909090874,0.6654933717843793,0.07751937984496136,0.2325581395348825,0.2325581395348837,0.2250562640660154,248,240,372
11,256,1.0,1.0,1.0,1.0,1.0,1.0,1.0,1.0,1.0,0.0,0.0,0.0,0.0,248,240,372
12,32,0.05,0.05232558139534896,0.05232558139534896,0.08849004055362003,0.08849004055362003,0.06462266234341042,0.12757147610944294,0.21597222222222226,0.11352990247811343,0.3158914728682164,0.9476744186046557,0.9476744186046512,0.9171042760690215,248,240,372
12,32,0.1,0.10174418604651224,0.10174418604651224,0.1556215211361281,0.1556215211361281,0.1197468680891071,0.16365429306907112,0.27404761904761926,0.14211045206467388,0.29941860465116427,0.8982558139534851,0.8982558139534884,0.8692798199549856,248,240,372
12,32,0.2,0.2005813953488364,0.2005813953488364,0.2770768042956154,0.2770768042956154,0.2265152809589877,0.2296636487314957,0.36884057971014506,0.2011012879585878,0.2664728682170557,0.7994186046511601,0.7994186046511628,0.7736309077269294,248,240,372
12,32,0.3,0.30232558139534993,0.30232558139534993,0.39169876568371625,0.39169876568371625,0.3330211155634086,0.30151565627526905,0.459495192307692,0.2658751697100052,0.2325581395348825,0.6976744186046531,0.6976744186046512,0.675168792198051,248,240,372
12,32,0.5,0.5,0.5,0.5938929413421397,0.5938929413421397,0.5322353799364411,0.44298659897144177,0.6120397286821709,0.41012454308353236,0.16666666666666646,0.5,0.5,0.4838709677419355,248,240,372
12,32,0.75,0.75,0.75,0.8182128836048623,0.8182128836048623,0.7725864628841717,0.6579355163637526,0.7932009043927636,0.6447931187691869,0.08333333333333325,0.25,0.25,0.24193548387096775,248,240,372
12,32,1.0,1.0,1.0,1.0,1.0,1.0,1.0,1.0,1.0,0.0,0.0,0.0,0.0,248,240,372
12,64,0.05,0.05232558139534896,0.05232558139534896,0.07722741565759825,0.07722741565759825,0.059797026258562216,0.11807362368024114,0.19907407407407415,0.10825284772153847,0.3158914728682164,0.9476744186046557,0.9476744186046512,0.9171042760690215,248,240,372
12,64,0.1,0.10465116279069792,0.10465116279069792,0.14298266636793236,0.14298266636793236,0.11680642487444924,0.1613918866613079,0.26875,0.1428332403302315,0.2984496124031024,0.8953488372092994,0.8953488372093024,0.8664666166541608,248,240,372
12,64,0.2,0.20348837209302448,0.20348837209302448,0.2581235856189712,0.2581235856189712,0.2217004275455938,0.2318770382794531,0.37000000000000044,0.20130969237010315,0.26550387596899044,0.7965116279069736,0.7965116279069767,0.7708177044261038,248,240,372
12,64,0.3,0.30232558139534993,0.30232558139534993,0.36623915212576963,0.36623915212576963,0.3233371669990185,0.2982810717817478,0.4548878205128207,0.26484802751576986,0.2325581395348825,0.6976744186046531,0.6976744186046512,0.675168792198051,248,240,372
12,64,0.5,0.5,0.5,0.5681650667179563,0.5681650667179563,0.5226372073841807,0.43931156356980167,0.6080426356589146,0.40856587709871756,0.16666666666666646,0.5,0.5,0.4838709677419355,248,240,372
12,64,0.75,0.75,0.75,0.8002842583659435,0.8002842583659435,0.7665540992271256,0.6612406186430381,0.7953488372093023,0.6447430318207408,0.08333333333333325,0.25,0.25,0.24193548387096775,248,240,372
12,64,1.0,1.0,1.0,1.0,1.0,1.0,1.0,1.0,1.0,0.0,0.0,0.0,0.0,248,240,372
12,128,0.05,0.05813953488372063,0.05813953488372063,0.07640087131148199,0.07640087131148199,0.06407486583431785,0.1306712962962961,0.20916666666666694,0.11207117255504356,0.31395348837209275,0.9418604651162846,0.9418604651162791,0.911477869467372,248,240,372
12,128,0.1,0.10465116279069792,0.10465116279069792,0.13132942935896583,0.13132942935896583,0.11349331961390081,0.16439966895849253,0.2662037037037039,0.1397011432590182,0.2984496124031024,0.8953488372092994,0.8953488372093024,0.8664666166541608,248,240,372
12,128,0.2,0.20930232558139583,0.20930232558139583,0.24851902230844272,0.24851902230844272,0.22299769010246492,0.2347796104086476,0.37106481481481446,0.20388550592440696,0.26356589147286685,0.7906976744186027,0.7906976744186046,0.7651912978244545,248,240,372
12,128,0.3,0.30232558139534993,0.30232558139534993,0.34805272953357047,0.34805272953357047,0.3176321211514356,0.2943331027927634,0.44775641025641033,0.26299365126876,0.2325581395348825,0.6976744186046531,0.6976744186046512,0.675168792198051,248,240,372
12,128,0.5,0.5,0.5,0.5493827462724936,0.5493827462724936,0.5167652534872029,0.4473536533404832,0.6150193798449609,0.4020361065488354,0.16666666666666646,0.5,0.5,0.4838709677419355,248,240,372
12,128,0.75,0.755813953488371,0.755813953488371,0.7922594045688954,0.7922594045688954,0.7685201731677691,0.6696984610075941,0.801089743589743,0.6521455999960937,0.0813953488372089,0.24418604651162876,0.2441860465116279,0.23630907726931816,248,240,372
12,128,1.0,1.0,1.0,1.0,1.0,1.0,1.0,1.0,1.0,0.0,0.0,0.0,0.0,248,240,372
12,256,0.05,0.06976744186046509,0.06976744186046509,0.08370937908993449,0.08370937908993449,0.07409139331594886,0.12916666666666646,0.19722222222222235,0.11827956989247315,0.3100775193798454,0.9302325581395301,0.9302325581395349,0.9002250562640617,248,240,372
12,256,0.1,0.11627906976744126,0.11627906976744126,0.1360077460929105,0.1360077460929105,0.12269574231025107,0.16698082010582033,0.26083333333333364,0.14649470899470923,0.294573643410852,0.8837209302325566,0.8837209302325582,0.8552138034508613,248,240,372
12,256,0.2,0.20930232558139583,0.20930232558139583,0.23688165116172172,0.23688165116172172,0.21843463560213872,0.24088403018550106,0.37037037037037046,0.2075546844047798,0.26356589147286685,0.7906976744186027,0.7906976744186046,0.7651912978244545,248,240,372
12,256,0.3,0.30232558139534993,0.30232558139534993,0.3346994313011688,0.3346994313011688,0.3135279573843588,0.3103285957756195,0.46346153846153837,0.2627545812696048,0.2325581395348825,0.6976744186046531,0.6976744186046512,0.675168792198051,248,240,372
12,256,0.5,0.5116279069767424,0.5116279069767424,0.5466310737647865,0.5466310737647865,0.5237137584365685,0.4630882386229834,0.6278409090909096,0.4125337537407019,0.16279069767441778,0.4883720930232575,0.4883720930232558,0.4726181545386363,248,240,372
12,256,0.75,0.7674418604651142,0.7674418604651142,0.7928155441725283,0.7928155441725283,0.7757002443607361,0.678874161115015,0.8074494949494916,0.6542503066898384,0.07751937984496136,0.2325581395348825,0.2325581395348837,0.2250562640660154,248,240,372
12,256,1.0,1.0,1.0,1.0,1.0,1.0,1.0,1.0,1.0,0.0,0.0,0.0,0.0,248,240,372
13,32,0.05,0.05232558139534896,0.05232558139534896,0.08808163890454619,0.08808163890454619,0.06344124514242068,0.11666624782427461,0.20115740740740745,0.1109531833809809,0.3158914728682164,0.9476744186046557,0.9476744186046512,0.9171042760690215,248,240,372
13,32,0.1,0.10174418604651224,0.10174418604651224,0.1552881444646443,0.1552881444646443,0.11829839020215058,0.15229572930916327,0.2576190476190478,0.14059611897011495,0.29941860465116427,0.8982558139534851,0.8982558139534884,0.8692798199549856,248,240,372
13,32,0.2,0.2005813953488364,0.2005813953488364,0.27690975500862064,0.27690975500862064,0.22479423914115496,0.22490758658316928,0.36177536231884055,0.20292954853556916,0.2664728682170557,0.7994186046511601,0.7994186046511628,0.7736309077269294,248,240,372
13,32,0.3,0.30232558139534993,0.30232558139534993,0.3915380513973635,0.3915380513973635,0.33025126630092394,0.28885480116747436,0.4439503205128205,0.2672137805086308,0.2325581395348825,0.6976744186046531,0.6976744186046512,0.675168792198051,248,240,372
13,32,0.5,0.5,0.5,0.5935965981571392,0.5935965981571392,0.5290781248022777,0.42936163632145263,0.5985465116279067,0.4066527177702156,0.16666666666666646,0.5,0.5,0.4838709677419355,248,240,372
13,32,0.75,0.75,0.75,0.8179559143726236,0.8179559143726236,0.7710031462948562,0.6543834830173184,0.7905684754521952,0.6429690387005793,0.08333333333333325,0.25,0.25,0.24193548387096775,248,240,372
13,32,1.0,1.0,1.0,1.0,1.0,1.0,1.0,1.0,1.0,0.0,0.0,0.0,0.0,248,240,372
13,64,0.05,0.05232558139534896,0.05232558139534896,0.07704003081492342,0.07704003081492342,0.059960554515365194,0.12184147959883239,0.20324074074074083,0.11299883702635136,0.3158914728682164,0.9476744186046557,0.9476744186046512,0.9171042760690215,248,240,372
13,64,0.1,0.10465116279069792,0.10465116279069792,0.14303277417257476,0.14303277417257476,0.11685479903837821,0.16176574337714195,0.2696759259259259,0.1426917978765974,0.2984496124031024,0.8953488372092994,0.8953488372093024,0.8664666166541608,248,240,372
13,64,0.2,0.20348837209302448,0.20348837209302448,0.2583850036984929,0.2583850036984929,0.22114936077306893,0.23209393472704987,0.369642857142857,0.20126486412973402,0.26550387596899044,0.7965116279069736,0.7965116279069767,0.7708177044261038,248,240,372
13,64,0.3,0.30232558139534993,0.30232558139534993,0.36657387364720323,0.36657387364720323,0.3229115806853747,0.2896581098307817,0.4439102564102569,0.2679689875691124,0.2325581395348825,0.6976744186046531,0.6976744186046512,0.675168792198051,248,240,372
13,64,0.5,0.5,0.5,0.568117912672976,0.568117912672976,0.5210883764650059,0.42755116871245513,0.5961724806201544,0.4096585929976539,0.16666666666666646,0.5,0.5,0.4838709677419355,248,240,372
13,64,0.75,0.75,0.75,0.8003053107153538,0.8003053107153538,0.7656805851797136,0.6614634137716717,0.7954457364341089,0.6463545052235905,0.08333333333333325,0.25,0.25,0.24193548387096775,248,240,372
13,64,1.0,1.0,1.0,1.0,1.0,1.0,1.0,1.0,1.0,0.0,0.0,0.0,0.0,248,240,372
13,128,0.05,0.05813953488372063,0.05813953488372063,0.0761343799617897,0.0761343799617897,0.06417871609623843,0.12230489417989403,0.20083333333333353,0.11242319508448549,0.31395348837209275,0.9418604651162846,0.9418604651162791,0.911477869467372,248,240,372
13,128,0.1,0.10465116279069792,0.10465116279069792,0.13130614902077348,0.13130614902077348,0.11365272860061783,0.15900184374449078,0.26157407407407435,0.13781167835959132,0.2984496124031024,0.8953488372092994,0.8953488372093024,0.8664666166541608,248,240,372
13,128,0.2,0.20930232558139583,0.20930232558139583,0.24884122572580689,0.24884122572580689,0.22263813764312895,0.23211949026403855,0.3689814814814809,0.20837019556397507,0.26356589147286685,0.7906976744186027,0.7906976744186046,0.7651912978244545,248,240,372
13,128,0.3,0.30232558139534993,0.30232558139534993,0.3484850443771917,0.3484850443771917,0.3177970459209911,0.3020568026509697,0.4573717948717944,0.2670516201780768,0.2325581395348825,0.6976744186046531,0.6976744186046512,0.675168792198051,248,240,372
13,128,0.5,0.5,0.5,0.5496424087242585,0.5496424087242585,0.516567576372022,0.4438614271985776,0.6112403100775191,0.41083292520973297,0.16666666666666646,0.5,0.5,0.4838709677419355,248,240,372
13,128,0.75,0.755813953488371,0.755813953488371,0.7922734225229825,0.7922734225229825,0.7680097075023001,0.6674940210273956,0.7992948717948711,0.6541298688535294,0.0813953488372089,0.24418604651162876,0.2441860465116279,0.23630907726931816,248,240,372
13,128,1.0,1.0,1.0,1.0,1.0,1.0,1.0,1.0,1.0,0.0,0.0,0.0,0.0,248,240,372
13,256,0.05,0.06976744186046509,0.06976744186046509,0.08365747913168145,0.08365747913168145,0.07415554790052256,0.1283333333333331,0.19722222222222233,0.13440860215053774,0.3100775193798454,0.9302325581395301,0.9302325581395349,0.9002250562640617,248,240,372
13,256,0.1,0.11627906976744126,0.11627906976744126,0.1358801708236592,0.1358801708236592,0.12277118122078465,0.1631283068783069,0.2616666666666669,0.15015360983102943,0.294573643410852,0.8837209302325566,0.8837209302325582,0.8552138034508613,248,240,372
13,256,0.2,0.20930232558139583,0.20930232558139583,0.23693824324507132,0.23693824324507132,0.2184212823401175,0.23481004901960803,0.36666666666666686,0.2137383805315498,0.26356589147286685,0.7906976744186027,0.7906976744186046,0.7651912978244545,248,240,372
13,256,0.3,0.30232558139534993,0.30232558139534993,0.3349339535835724,0.3349339535835724,0.3129658375728971,0.29989983306211115,0.45128205128205146,0.2697824524820797,0.2325581395348825,0.6976744186046531,0.6976744186046512,0.675168792198051,248,240,372
13,256,0.5,0.5116279069767424,0.5116279069767424,0.5471846771825625,0.5471846771825625,0.5235537007481764,0.454481006944168,0.6200757575757588,0.4212747889775698,0.16279069767441778,0.4883720930232575,0.4883720930232558,0.4726181545386363,248,240,372
13,256,0.75,0.7674418604651142,0.7674418604651142,0.793283898380551,0.793283898380551,0.7763034748950435,0.6881070936959904,0.8136363636363605,0.6665069795293745,0.07751937984496136,0.2325581395348825,0.2325581395348837,0.2250562640660154,248,240,372
13,256,1.0,1.0,1.0,1.0,1.0,1.0,1.0,1.0,1.0,0.0,0.0,0.0,0.0,248,240,372
14,32,0.05,0.05232558139534896,0.05232558139534896,0.08925321504711417,0.08925321504711417,0.06340405235883717,0.12505651947364124,0.21342592592592605,0.11228634540153713,0.3158914728682164,0.9476744186046557,0.9476744186046512,0.9171042760690215,248,240,372
14,32,0.1,0.10174418604651224,0.10174418604651224,0.15639223672959743,0.15639223672959743,0.11881685806946404,0.15194048521285622,0.2582142857142858,0.14105341911020924,0.29941860465116427,0.8982558139534851,0.8982558139534884,0.8692798199549856,248,240,372
14,32,0.2,0.2005813953488364,0.2005813953488364,0.27810371693070185,0.27810371693070185,0.22455807989226897,0.21891970455318363,0.35458937198067636,0.20085491966582264,0.2664728682170557,0.7994186046511601,0.7994186046511628,0.7736309077269294,248,240,372
14,32,0.3,0.30232558139534993,0.30232558139534993,0.3928270303942774,0.3928270303942774,0.33040067734183737,0.2877891660268039,0.44302884615384613,0.2641959406834674,0.2325581395348825,0.6976744186046531,0.6976744186046512,0.675168792198051,248,240,372
14,32,0.5,0.5,0.5,0.5950789707076282,0.5950789707076282,0.5298009896662544,0.4284626166429674,0.5978682170542636,0.4055721231246856,0.16666666666666646,0.5,0.5,0.4838709677419355,248,240,372
14,32,0.75,0.75,0.75,0.8191524793945784,0.8191524793945784,0.7716709515950179,0.6553557603632828,0.7912629198966395,0.6396816452635904,0.08333333333333325,0.25,0.25,0.24193548387096775,248,240,372
14,32,1.0,1.0,1.0,1.0,1.0,1.0,1.0,1.0,1.0,0.0,0.0,0.0,0.0,248,240,372
14,64,0.05,0.05232558139534896,0.05232558139534896,0.07745925639694828,0.07745925639694828,0.05978859287632723,0.11929036037491904,0.202314814814815,0.1138635597482847,0.3158914728682164,0.9476744186046557,0.9476744186046512,0.9171042760690215,248,240,372
14,64,0.1,0.10465116279069792,0.10465116279069792,0.14327712551392877,0.14327712551392877,0.11615285152947423,0.1470212524385544,0.24930555555555559,0.14382426419593897,0.2984496124031024,0.8953488372092994,0.8953488372093024,0.8664666166541608,248,240,372
14,64,0.2,0.20348837209302448,0.20348837209302448,0.2587234918981448,0.2587234918981448,0.22038003089729064,0.21702193004997977,0.3508333333333335,0.20319855963078676,0.26550387596899044,0.7965116279069736,0.7965116279069767,0.7708177044261038,248,240,372
14,64,0.3,0.30232558139534993,0.30232558139534993,0.3670400504692902,0.3670400504692902,0.32240082614940974,0.2900314964040888,0.4454326923076925,0.2639933969249618,0.2325581395348825,0.6976744186046531,0.6976744186046512,0.675168792198051,248,240,372
14,64,0.5,0.5,0.5,0.5688995683897731,0.5688995683897731,0.5213223949974454,0.4316604155908891,0.6005813953488375,0.4055089672495172,0.16666666666666646,0.5,0.5,0.4838709677419355,248,240,372
14,64,0.75,0.75,0.75,0.8008840620867885,0.8008840620867885,0.765808244647339,0.6556947029433533,0.7913759689922475,0.6416614169259771,0.08333333333333325,0.25,0.25,0.24193548387096775,248,240,372
14,64,1.0,1.0,1.0,1.0,1.0,1.0,1.0,1.0,1.0,0.0,0.0,0.0,0.0,248,240,372
14,128,0.05,0.05813953488372063,0.05813953488372063,0.07671980482520338,0.07671980482520338,0.06347188086072969,0.11841931216931201,0.19250000000000003,0.11755419013483538,0.31395348837209275,0.9418604651162846,0.9418604651162791,0.911477869467372,248,240,372
14,128,0.1,0.10465116279069792,0.10465116279069792,0.13174620755050037,0.13174620755050037,0.11282843832495412,0.16094867754794223,0.2648148148148151,0.14370091483469108,0.2984496124031024,0.8953488372092994,0.8953488372093024,0.8664666166541608,248,240,372
14,128,0.2,0.20930232558139583,0.20930232558139583,0.24909994395320695,0.24909994395320695,0.22166681523901943,0.23048957772300777,0.3671296296296288,0.20516140180410766,0.26356589147286685,0.7906976744186027,0.7906976744186046,0.7651912978244545,248,240,372
14,128,0.3,0.30232558139534993,0.30232558139534993,0.34878101882908147,0.34878101882908147,0.3169733128138789,0.2984850302562087,0.4536858974358974,0.2591104161210635,0.2325581395348825,0.6976744186046531,0.6976744186046512,0.675168792198051,248,240,372
14,128,0.5,0.5,0.5,0.5499804308322429,0.5499804308322429,0.5148595418580738,0.4320404778973352,0.5995155038759689,0.4050881738269093,0.16666666666666646,0.5,0.5,0.4838709677419355,248,240,372
14,128,0.75,0.755813953488371,0.755813953488371,0.7923892011014356,0.7923892011014356,0.7664114679002441,0.6568301587908868,0.7919871794871792,0.6464522233029311,0.0813953488372089,0.24418604651162876,0.2441860465116279,0.23630907726931816,248,240,372
14,128,1.0,1.0,1.0,1.0,1.0,1.0,1.0,1.0,1.0,0.0,0.0,0.0,0.0,248,240,372
14,256,0.05,0.06976744186046509,0.06976744186046509,0.08387979307433169,0.08387979307433169,0.07328832301906292,0.11958333333333317,0.18472222222222234,0.1279569892473119,0.3100775193798454,0.9302325581395301,0.9302325581395349,0.9002250562640617,248,240,372
14,256,0.1,0.11627906976744126,0.11627906976744126,0.13598480712239053,0.13598480712239053,0.12146304820146128,0.1583664021164021,0.2508333333333336,0.1489695340501794,0.294573643410852,0.8837209302325566,0.8837209302325582,0.8552138034508613,248,240,372
14,256,0.2,0.20930232558139583,0.20930232558139583,0.23690329326844908,0.23690329326844908,0.21686647804741746,0.2161741261189792,0.34074074074074084,0.20115762637109924,0.26356589147286685,0.7906976744186027,0.7906976744186046,0.7651912978244545,248,240,372
14,256,0.3,0.30232558139534993,0.30232558139534993,0.33467362062698297,0.33467362062698297,0.31117370389066223,0.2850627245078974,0.43205128205128235,0.2664811778551369,0.2325581395348825,0.6976744186046531,0.6976744186046512,0.675168792198051,248,240,372
14,256,0.5,0.5116279069767424,0.5116279069767424,0.5464514225692187,0.5464514225692187,0.522186833377609,0.44592496637324425,0.6115530303030307,0.40943222613623764,0.16279069767441778,0.4883720930232575,0.4883720930232558,0.4726181545386363,248,240,372
14,256,0.75,0.7674418604651142,0.7674418604651142,0.7924249710540366,0.7924249710540366,0.7747390623878798,0.6754377971471494,0.8047979797979766,0.6628776900607117,0.07751937984496136,0.2325581395348825,0.2325581395348837,0.2250562640660154,248,240,372
14,256,1.0,1.0,1.0,1.0,1.0,1.0,1.0,1.0,1.0,0.0,0.0,0.0,0.0,248,240,372
15,32,0.05,0.05232558139534896,0.05232558139534896,0.08968948826765227,0.08968948826765227,0.06476808040210687,0.1270213136032795,0.2162037037037037,0.12205017997606804,0.3158914728682164,0.9476744186046557,0.9476744186046512,0.9171042760690215,248,240,372
15,32,0.1,0.10174418604651224,0.10174418604651224,0.15720044441125,0.15720044441125,0.1205200947333325,0.16334575399821952,0.2735714285714287,0.1476798148326449,0.29941860465116427,0.8982558139534851,0.8982558139534884,0.8692798199549856,248,240,372
15,32,0.2,0.2005813953488364,0.2005813953488364,0.2789646051945393,0.2789646051945393,0.22634418850926116,0.22946842014267438,0.36817632850241566,0.20630381524626237,0.2664728682170557,0.7994186046511601,0.7994186046511628,0.7736309077269294,248,240,372
15,32,0.3,0.30232558139534993,0.30232558139534993,0.3936493919379251,0.3936493919379251,0.3327154350279639,0.29919530435144015,0.4562900641025642,0.2689609637293234,0.2325581395348825,0.6976744186046531,0.6976744186046512,0.675168792198051,248,240,372
15,32,0.5,0.5,0.5,0.5954899129658799,0.5954899129658799,0.5317869751488479,0.4386515151415277,0.6075339147286822,0.408347071411369,0.16666666666666646,0.5,0.5,0.4838709677419355,248,240,372
15,32,0.75,0.75,0.75,0.8190486260091311,0.8190486260091311,0.7728697727363391,0.6580460111013579,0.793200904392764,0.643904316805728,0.08333333333333325,0.25,0.25,0.24193548387096775,248,240,372
15,32,1.0,1.0,1.0,1.0,1.0,1.0,1.0,1.0,1.0,0.0,0.0,0.0,0.0,248,240,372
15,64,0.05,0.05232558139534896,0.05232558139534896,0.0782782044808144,0.0782782044808144,0.0606941796131971,0.12160572882999336,0.20416666666666689,0.11866695132824168,0.3158914728682164,0.9476744186046557,0.9476744186046512,0.9171042760690215,248,240,372
15,64,0.1,0.10465116279069792,0.10465116279069792,0.14441200813228405,0.14441200813228405,0.11795279622348857,0.1588128062208208,0.26504629629629634,0.14581329704241522,0.2984496124031024,0.8953488372092994,0.8953488372093024,0.8664666166541608,248,240,372
15,64,0.2,0.20348837209302448,0.20348837209302448,0.26005513146531845,0.26005513146531845,0.22282292896289108,0.23508245945327186,0.3730952380952385,0.20728946926640845,0.26550387596899044,0.7965116279069736,0.7965116279069767,0.7708177044261038,248,240,372
15,64,0.3,0.30232558139534993,0.30232558139534993,0.3684188926016619,0.3684188926016619,0.32474129695873394,0.3019589843336454,0.45833333333333337,0.2689844464838342,0.2325581395348825,0.6976744186046531,0.6976744186046512,0.675168792198051,248,240,372
15,64,0.5,0.5,0.5,0.5699597530969006,0.5699597530969006,0.5237983991341164,0.44292940787076535,0.6113372093023254,0.41419066362817947,0.16666666666666646,0.5,0.5,0.4838709677419355,248,240,372
15,64,0.75,0.75,0.75,0.8012293186482525,0.8012293186482525,0.7670553810375658,0.6603440856333371,0.7946705426356584,0.6458683453023351,0.08333333333333325,0.25,0.25,0.24193548387096775,248,240,372
15,64,1.0,1.0,1.0,1.0,1.0,1.0,1.0,1.0,1.0,0.0,0.0,0.0,0.0,248,240,372
15,128,0.05,0.05813953488372063,0.05813953488372063,0.07692099012266106,0.07692099012266106,0.06372375095140421,0.1154927248677247,0.18666666666666665,0.11470600785116918,0.31395348837209275,0.9418604651162846,0.9418604651162791,0.911477869467372,248,240,372
15,128,0.1,0.10465116279069792,0.10465116279069792,0.13197546747872047,0.13197546747872047,0.11312102611971987,0.158773432449903,0.25972222222222247,0.14109816495964528,0.2984496124031024,0.8953488372092994,0.8953488372093024,0.8664666166541608,248,240,372
15,128,0.2,0.20930232558139583,0.20930232558139583,0.24933540458022596,0.24933540458022596,0.2222668574694409,0.2382919405541649,0.3749999999999994,0.2069044224925235,0.26356589147286685,0.7906976744186027,0.7906976744186046,0.7651912978244545,248,240,372
15,128,0.3,0.30232558139534993,0.30232558139534993,0.3488703607624,0.3488703607624,0.31756389639878324,0.2994680195423852,0.45352564102564086,0.2687162378599614,0.2325581395348825,0.6976744186046531,0.6976744186046512,0.675168792198051,248,240,372
15,128,0.5,0.5,0.5,0.5499756977400028,0.5499756977400028,0.516436093840355,0.4386552097052529,0.6065891472868218,0.4104223592289655,0.16666666666666646,0.5,0.5,0.4838709677419355,248,240,372
15,128,0.75,0.755813953488371,0.755813953488371,0.7924554178226408,0.7924554178226408,0.7677787471797994,0.6678023082922632,0.7998076923076922,0.6554680253579372,0.0813953488372089,0.24418604651162876,0.2441860465116279,0.23630907726931816,248,240,372
15,128,1.0,1.0,1.0,1.0,1.0,1.0,1.0,1.0,1.0,0.0,0.0,0.0,0.0,248,240,372
15,256,0.05,0.06976744186046509,0.06976744186046509,0.08411830551563113,0.08411830551563113,0.0738808047151748,0.14374999999999982,0.21388888888888902,0.13817204301075278,0.3100775193798454,0.9302325581395301,0.9302325581395349,0.9002250562640617,248,240,372
15,256,0.1,0.11627906976744126,0.11627906976744126,0.13639900294846005,0.13639900294846005,0.122208823420427,0.16431878306878317,0.26250000000000023,0.15152969790066592,0.294573643410852,0.8837209302325566,0.8837209302325582,0.8552138034508613,248,240,372
15,256,0.2,0.20930232558139583,0.20930232558139583,0.2373724012009411,0.2373724012009411,0.21831982479944254,0.2363210502732564,0.3662037037037041,0.213070053760282,0.26356589147286685,0.7906976744186027,0.7906976744186046,0.7651912978244545,248,240,372
15,256,0.3,0.30232558139534993,0.30232558139534993,0.33522854377682915,0.33522854377682915,0.3129958632401107,0.2996461619857014,0.4493589743589746,0.26538319744582667,0.2325581395348825,0.6976744186046531,0.6976744186046512,0.675168792198051,248,240,372
15,256,0.5,0.5116279069767424,0.5116279069767424,0.5472976894818593,0.5472976894818593,0.5233131045898097,0.45252845953053494,0.6172348484848489,0.42508584807490696,0.16279069767441778,0.4883720930232575,0.4883720930232558,0.4726181545386363,248,240,372
15,256,0.75,0.7674418604651142,0.7674418604651142,0.7931780793611645,0.7931780793611645,0.7754175960842953,0.6798147844036294,0.8078282828282799,0.6683902424418551,0.07751937984496136,0.2325581395348825,0.2325581395348837,0.2250562640660154,248,240,372
15,256,1.0,1.0,1.0,1.0,1.0,1.0,1.0,1.0,1.0,0.0,0.0,0.0,0.0,248,240,372
16,32,0.05,0.05232558139534896,0.05232558139534896,0.09011544477805324,0.09011544477805324,0.06419223163392944,0.1254422228534476,0.2145833333333334,0.12058125788633131,0.3158914728682164,0.9476744186046557,0.9476744186046512,0.9171042760690215,248,240,372
16,32,0.1,0.10174418604651224,0.10174418604651224,0.15761325241429625,0.15761325241429625,0.11968380844059572,0.1578755599065283,0.2666666666666668,0.15070486448886228,0.29941860465116427,0.8982558139534851,0.8982558139534884,0.8692798199549856,248,240,372
16,32,0.2,0.2005813953488364,0.2005813953488364,0.279421683367764,0.279421683367764,0.22617905278313083,0.22640820845263085,0.3644323671497585,0.20613404692848636,0.2664728682170557,0.7994186046511601,0.7994186046511628,0.7736309077269294,248,240,372
16,32,0.3,0.30232558139534993,0.30232558139534993,0.3939692489835585,0.3939692489835585,0.3326217685830256,0.29581226064913213,0.4530048076923076,0.27083989929053714,0.2325581395348825,0.6976744186046531,0.6976744186046512,0.675168792198051,248,240,372
16,32,0.5,0.5,0.5,0.5956275953538279,0.5956275953538279,0.5310485022067716,0.4363949411835387,0.6057655038759691,0.41259273577433986,0.16666666666666646,0.5,0.5,0.4838709677419355,248,240,372
16,32,0.75,0.75,0.75,0.8191269296026172,0.8191269296026172,0.7722838728048752,0.6583874662145207,0.7933947028423761,0.6463902434104503,0.08333333333333325,0.25,0.25,0.24193548387096775,248,240,372
16,32,1.0,1.0,1.0,1.0,1.0,1.0,1.0,1.0,1.0,0.0,0.0,0.0,0.0,248,240,372
16,64,0.05,0.05232558139534896,0.05232558139534896,0.07859992030625391,0.07859992030625391,0.060676299668070026,0.12592061125149345,0.21157407407407416,0.12103239897357553,0.3158914728682164,0.9476744186046557,0.9476744186046512,0.9171042760690215,248,240,372
16,64,0.1,0.10465116279069792,0.10465116279069792,0.14476954277097628,0.14476954277097628,0.11744774118697456,0.15928113805910643,0.2657407407407407,0.15061025356138164,0.2984496124031024,0.8953488372092994,0.8953488372093024,0.8664666166541608,248,240,372
16,64,0.2,0.20348837209302448,0.20348837209302448,0.2602958484513794,0.2602958484513794,0.22198581514591614,0.2298961821440475,0.3678571428571428,0.2109606702446239,0.26550387596899044,0.7965116279069736,0.7965116279069767,0.7708177044261038,248,240,372
16,64,0.3,0.30232558139534993,0.30232558139534993,0.3684950170452733,0.3684950170452733,0.32374793212723085,0.2950184240583773,0.4508814102564103,0.2710855824130347,0.2325581395348825,0.6976744186046531,0.6976744186046512,0.675168792198051,248,240,372
16,64,0.5,0.5,0.5,0.5698015095420714,0.5698015095420714,0.5224951882057709,0.4363088169582601,0.6047480620155035,0.41191297027632695,0.16666666666666646,0.5,0.5,0.4838709677419355,248,240,372
16,64,0.75,0.75,0.75,0.801188622344423,0.801188622344423,0.7670902993110231,0.6640804565050391,0.7974160206718339,0.6465691184258399,0.08333333333333325,0.25,0.25,0.24193548387096775,248,240,372
16,64,1.0,1.0,1.0,1.0,1.0,1.0,1.0,1.0,1.0,0.0,0.0,0.0,0.0,248,240,372
16,128,0.05,0.05813953488372063,0.05813953488372063,0.07768375082161677,0.07768375082161677,0.06477529308094934,0.13834325396825384,0.2216666666666668,0.13065369516982428,0.31395348837209275,0.9418604651162846,0.9418604651162791,0.911477869467372,248,240,372
16,128,0.1,0.10465116279069792,0.10465116279069792,0.13284847692058846,0.13284847692058846,0.11419130924473087,0.1669884833303952,0.2685185185185188,0.15293852652723644,0.2984496124031024,0.8953488372092994,0.8953488372093024,0.8664666166541608,248,240,372
16,128,0.2,0.20930232558139583,0.20930232558139583,0.2502834661284948,0.2502834661284948,0.22251811578243386,0.23229680636791095,0.3685185185185181,0.2132722312460857,0.26356589147286685,0.7906976744186027,0.7906976744186046,0.7651912978244545,248,240,372
16,128,0.3,0.30232558139534993,0.30232558139534993,0.34978717192949016,0.34978717192949016,0.31796168230767125,0.2908474943861856,0.4448717948717948,0.27691851502909104,0.2325581395348825,0.6976744186046531,0.6976744186046512,0.675168792198051,248,240,372
16,128,0.5,0.5,0.5,0.550643672699441,0.550643672699441,0.517089980926239,0.44317521933914467,0.6108527131782947,0.4206185781152469,0.16666666666666646,0.5,0.5,0.4838709677419355,248,240,372
16,128,0.75,0.755813953488371,0.755813953488371,0.7929426796997859,0.7929426796997859,0.768995792023459,0.6733054545239795,0.8038461538461533,0.6548376641905405,0.0813953488372089,0.24418604651162876,0.2441860465116279,0.23630907726931816,248,240,372
16,128,1.0,1.0,1.0,1.0,1.0,1.0,1.0,1.0,1.0,0.0,0.0,0.0,0.0,248,240,372
16,256,0.05,0.06976744186046509,0.06976744186046509,0.08471638761358688,0.08471638761358688,0.07432939737186044,0.14666666666666658,0.21944444444444466,0.1352150537634409,0.3100775193798454,0.9302325581395301,0.9302325581395349,0.9002250562640617,248,240,372
16,256,0.1,0.11627906976744126,0.11627906976744126,0.13700787792145355,0.13700787792145355,0.12252155101144331,0.17473544973544994,0.27416666666666706,0.15375917392046437,0.294573643410852,0.8837209302325566,0.8837209302325582,0.8552138034508613,248,240,372
16,256,0.2,0.20930232558139583,0.20930232558139583,0.2379925708066732,0.2379925708066732,0.21817877229139868,0.23385093460461134,0.36527777777777776,0.21179381971602143,0.26356589147286685,0.7906976744186027,0.7906976744186046,0.7651912978244545,248,240,372
16,256,0.3,0.30232558139534993,0.30232558139534993,0.3359210482364658,0.3359210482364658,0.31314692293837265,0.30301455551304995,0.45288461538461533,0.26619709990183876,0.2325581395348825,0.6976744186046531,0.6976744186046512,0.675168792198051,248,240,372
16,256,0.5,0.5116279069767424,0.5116279069767424,0.5481090881068362,0.5481090881068362,0.5239530829314898,0.4542099811566912,0.6189393939393945,0.42209033123608003,0.16279069767441778,0.4883720930232575,0.4883720930232558,0.4726181545386363,248,240,372
16,256,0.75,0.7674418604651142,0.7674418604651142,0.7938060264222894,0.7938060264222894,0.7770370030465629,0.6929032127471919,0.8169191919191888,0.6730800779532071,0.07751937984496136,0.2325581395348825,0.2325581395348837,0.2250562640660154,248,240,372
16,256,1.0,1.0,1.0,1.0,1.0,1.0,1.0,1.0,1.0,0.0,0.0,0.0,0.0,248,240,372
17,32,0.05,0.05232558139534896,0.05232558139534896,0.08935639323030264,0.08935639323030264,0.06296023404980258,0.11344995054937049,0.1958333333333335,0.12148970269158478,0.3158914728682164,0.9476744186046557,0.9476744186046512,0.9171042760690215,248,240,372
17,32,0.1,0.10174418604651224,0.10174418604651224,0.15659168534440757,0.15659168534440757,0.11778405873126084,0.1454373024721624,0.2476190476190478,0.148446418747806,0.29941860465116427,0.8982558139534851,0.8982558139534884,0.8692798199549856,248,240,372
17,32,0.2,0.2005813953488364,0.2005813953488364,0.27811142962139535,0.27811142962139535,0.2231966781467528,0.21114025649346055,0.34432367149758447,0.2024303750482644,0.2664728682170557,0.7994186046511601,0.7994186046511628,0.7736309077269294,248,240,372
17,32,0.3,0.30232558139534993,0.30232558139534993,0.39259705745249573,0.39259705745249573,0.3285004001492077,0.2804542930287208,0.4344951923076921,0.27003458959435467,0.2325581395348825,0.6976744186046531,0.6976744186046512,0.675168792198051,248,240,372
17,32,0.5,0.5,0.5,0.5946253002878487,0.5946253002878487,0.5277656239262613,0.4264310524591134,0.5957364341085273,0.41051195592474116,0.16666666666666646,0.5,0.5,0.4838709677419355,248,240,372
17,32,0.75,0.75,0.75,0.8185889618373594,0.8185889618373594,0.7702383081051773,0.6559249546928997,0.7917635658914716,0.646118069867833,0.08333333333333325,0.25,0.25,0.24193548387096775,248,240,372
17,32,1.0,1.0,1.0,1.0,1.0,1.0,1.0,1.0,1.0,0.0,0.0,0.0,0.0,248,240,372
17,64,0.05,0.05232558139534896,0.05232558139534896,0.07830090820428588,0.07830090820428588,0.059742582337117676,0.11705068828230578,0.19675925925925936,0.1223189563440988,0.3158914728682164,0.9476744186046557,0.9476744186046512,0.9171042760690215,248,240,372
17,64,0.1,0.10465116279069792,0.10465116279069792,0.14419465671210663,0.14419465671210663,0.11603197933529932,0.1504241220771312,0.25254629629629644,0.15571501461796128,0.2984496124031024,0.8953488372092994,0.8953488372093024,0.8664666166541608,248,240,372
17,64,0.2,0.20348837209302448,0.20348837209302448,0.2595888504586922,0.2595888504586922,0.21956993020889887,0.21401779213349392,0.34607142857142864,0.20847401764395426,0.26550387596899044,0.7965116279069736,0.7965116279069767,0.7708177044261038,248,240,372
17,64,0.3,0.30232558139534993,0.30232558139534993,0.3676959954013616,0.3676959954013616,0.32147712109246124,0.2832778153124351,0.43629807692307704,0.26533974758896944,0.2325581395348825,0.6976744186046531,0.6976744186046512,0.675168792198051,248,240,372
17,64,0.5,0.5,0.5,0.569267331404173,0.569267331404173,0.5203444526340919,0.4267922428668719,0.5957848837209297,0.41144364925640525,0.16666666666666646,0.5,0.5,0.4838709677419355,248,240,372
17,64,0.75,0.75,0.75,0.8009056744562288,0.8009056744562288,0.7649645139314948,0.6552203407851455,0.7909560723514208,0.6468952062079062,0.08333333333333325,0.25,0.25,0.24193548387096775,248,240,372
17,64,1.0,1.0,1.0,1.0,1.0,1.0,1.0,1.0,1.0,0.0,0.0,0.0,0.0,248,240,372
17,128,0.05,0.05813953488372063,0.05813953488372063,0.07743001007237874,0.07743001007237874,0.06331490245456674,0.12197420634920617,0.19750000000000012,0.12294120157023383,0.31395348837209275,0.9418604651162846,0.9418604651162791,0.911477869467372,248,240,372
17,128,0.1,0.10465116279069792,0.10465116279069792,0.13253345991507234,0.13253345991507234,0.11256506227131553,0.15639929310885192,0.25601851851851865,0.15052571558738556,0.2984496124031024,0.8953488372092994,0.8953488372093024,0.8664666166541608,248,240,372
17,128,0.2,0.20930232558139583,0.20930232558139583,0.2498020555612509,0.2498020555612509,0.22079339691519792,0.2226789991128316,0.353472222222222,0.21335793132467404,0.26356589147286685,0.7906976744186027,0.7906976744186046,0.7651912978244545,248,240,372
17,128,0.3,0.30232558139534993,0.30232558139534993,0.34921098781461646,0.34921098781461646,0.31584053543402085,0.28355691763340796,0.4346153846153841,0.26958426348131725,0.2325581395348825,0.6976744186046531,0.6976744186046512,0.675168792198051,248,240,372
17,128,0.5,0.5,0.5,0.5500983160791604,0.5500983160791604,0.5144571916611422,0.43099852889428725,0.5982558139534883,0.40719088835319345,0.16666666666666646,0.5,0.5,0.4838709677419355,248,240,372
17,128,0.75,0.755813953488371,0.755813953488371,0.7923960746814358,0.7923960746814358,0.7655674109663347,0.6596962798728726,0.7939102564102556,0.6524311980268532,0.0813953488372089,0.24418604651162876,0.2441860465116279,0.23630907726931816,248,240,372
17,128,1.0,1.0,1.0,1.0,1.0,1.0,1.0,1.0,1.0,0.0,0.0,0.0,0.0,248,240,372
17,256,0.05,0.06976744186046509,0.06976744186046509,0.08485175953693908,0.08485175953693908,0.07380826865266094,0.13291666666666646,0.20277777777777803,0.13306451612903225,0.3100775193798454,0.9302325581395301,0.9302325581395349,0.9002250562640617,248,240,372
17,256,0.1,0.11627906976744126,0.11627906976744126,0.13709320829274013,0.13709320829274013,0.12214543311002338,0.1651951058201059,0.26083333333333353,0.16598395630653726,0.294573643410852,0.8837209302325566,0.8837209302325582,0.8552138034508613,248,240,372
17,256,0.2,0.20930232558139583,0.20930232558139583,0.23795727961128765,0.23795727961128765,0.2173108143269556,0.2173715622612683,0.3435185185185186,0.21946582039086848,0.26356589147286685,0.7906976744186027,0.7906976744186046,0.7651912978244545,248,240,372
17,256,0.3,0.30232558139534993,0.30232558139534993,0.33569634105850693,0.33569634105850693,0.311632062058609,0.2827069246029319,0.42948717948717946,0.268937205889408,0.2325581395348825,0.6976744186046531,0.6976744186046512,0.675168792198051,248,240,372
17,256,0.5,0.5116279069767424,0.5116279069767424,0.5475235998123293,0.5475235998123293,0.5211280175341086,0.4297416589268719,0.5946969696969704,0.4207147642342686,0.16279069767441778,0.4883720930232575,0.4883720930232558,0.4726181545386363,248,240,372
17,256,0.75,0.7674418604651142,0.7674418604651142,0.7933180539907082,0.7933180539907082,0.7749144370683559,0.6774355077315611,0.8061868686868655,0.6648942411258465,0.07751937984496136,0.2325581395348825,0.2325581395348837,0.2250562640660154,248,240,372
17,256,1.0,1.0,1.0,1.0,1.0,1.0,1.0,1.0,1.0,0.0,0.0,0.0,0.0,248,240,372
18,32,0.05,0.05232558139534896,0.05232558139534896,0.08920064873352472,0.08920064873352472,0.06396768619903317,0.11730307127803513,0.20231481481481495,0.12096396068523392,0.3158914728682164,0.9476744186046557,0.9476744186046512,0.9171042760690215,248,240,372
18,32,0.1,0.10174418604651224,0.10174418604651224,0.15674321382696274,0.15674321382696274,0.119242168970457,0.15402684160421073,0.2604761904761906,0.15403153561965874,0.29941860465116427,0.8982558139534851,0.8982558139534884,0.8692798199549856,248,240,372
18,32,0.2,0.2005813953488364,0.2005813953488364,0.27858975874583985,0.27858975874583985,0.225538787536772,0.21910277215759902,0.35543478260869554,0.20992237235280456,0.2664728682170557,0.7994186046511601,0.7994186046511628,0.7736309077269294,248,240,372
18,32,0.3,0.30232558139534993,0.30232558139534993,0.393228540558942,0.393228540558942,0.33128632998618,0.2857956404895043,0.441426282051282,0.2740201242074656,0.2325581395348825,0.6976744186046531,0.6976744186046512,0.675168792198051,248,240,372
18,32,0.5,0.5,0.5,0.5949545065009891,0.5949545065009891,0.5296654938853208,0.4276016906999454,0.597093023255814,0.41463686613442546,0.16666666666666646,0.5,0.5,0.4838709677419355,248,240,372
18,32,0.75,0.75,0.75,0.8187809682450958,0.8187809682450958,0.7715273486215339,0.6543477329173342,0.7905523255813942,0.6466226858209939,0.08333333333333325,0.25,0.25,0.24193548387096775,248,240,372
18,32,1.0,1.0,1.0,1.0,1.0,1.0,1.0,1.0,1.0,0.0,0.0,0.0,0.0,248,240,372
18,64,0.05,0.05232558139534896,0.05232558139534896,0.0773855818474747,0.0773855818474747,0.06002627121833142,0.11371969941822863,0.1925925925925928,0.12485526412234202,0.3158914728682164,0.9476744186046557,0.9476744186046512,0.9171042760690215,248,240,372
18,64,0.1,0.10465116279069792,0.10465116279069792,0.14332787908041664,0.14332787908041664,0.11698255587697193,0.15190897417813404,0.25416666666666654,0.15808734543813885,0.2984496124031024,0.8953488372092994,0.8953488372093024,0.8664666166541608,248,240,372
18,64,0.2,0.20348837209302448,0.20348837209302448,0.25874857108364563,0.25874857108364563,0.22073830375249498,0.21708050815515129,0.3507142857142857,0.2144687730646588,0.26550387596899044,0.7965116279069736,0.7965116279069767,0.7708177044261038,248,240,372
18,64,0.3,0.30232558139534993,0.30232558139534993,0.3671657197171256,0.3671657197171256,0.32241533103680214,0.28262119668356867,0.43589743589743607,0.27487580038500725,0.2325581395348825,0.6976744186046531,0.6976744186046512,0.675168792198051,248,240,372
18,64,0.5,0.5,0.5,0.5689168713719832,0.5689168713719832,0.5215975854693834,0.42949527605609883,0.5987403100775188,0.4134830917969909,0.16666666666666646,0.5,0.5,0.4838709677419355,248,240,372
18,64,0.75,0.75,0.75,0.8005789160038874,0.8005789160038874,0.7657899331336325,0.658650066482015,0.7935723514211876,0.6441657449798113,0.08333333333333325,0.25,0.25,0.24193548387096775,248,240,372
18,64,1.0,1.0,1.0,1.0,1.0,1.0,1.0,1.0,1.0,0.0,0.0,0.0,0.0,248,240,372
18,128,0.05,0.05813953488372063,0.05813953488372063,0.07656903625683946,0.07656903625683946,0.06454702739858448,0.13417658730158713,0.2158333333333335,0.13501664106502823,0.31395348837209275,0.9418604651162846,0.9418604651162791,0.911477869467372,248,240,372
18,128,0.1,0.10465116279069792,0.10465116279069792,0.1316481603751901,0.1316481603751901,0.11330133393995541,0.15766456582633054,0.25925925925925947,0.1566392573271134,0.2984496124031024,0.8953488372092994,0.8953488372093024,0.8664666166541608,248,240,372
18,128,0.2,0.20930232558139583,0.20930232558139583,0.2490951806103054,0.2490951806103054,0.22250317113459903,0.23462707597779697,0.37106481481481446,0.22401154493632963,0.26356589147286685,0.7906976744186027,0.7906976744186046,0.7651912978244545,248,240,372
18,128,0.3,0.30232558139534993,0.30232558139534993,0.3486997151662831,0.3486997151662831,0.31727673702718245,0.28943161958634595,0.4426282051282049,0.27475977973945226,0.2325581395348825,0.6976744186046531,0.6976744186046512,0.675168792198051,248,240,372
18,128,0.5,0.5,0.5,0.5497666784928206,0.5497666784928206,0.5159566105449306,0.4326367740149097,0.6004844961240309,0.4108025430912239,0.16666666666666646,0.5,0.5,0.4838709677419355,248,240,372
18,128,0.75,0.755813953488371,0.755813953488371,0.7922601002766793,0.7922601002766793,0.767380461722178,0.6632155727201714,0.7965384615384611,0.6516228343956663,0.0813953488372089,0.24418604651162876,0.2441860465116279,0.23630907726931816,248,240,372
18,128,1.0,1.0,1.0,1.0,1.0,1.0,1.0,1.0,1.0,0.0,0.0,0.0,0.0,248,240,372
18,256,0.05,0.06976744186046509,0.06976744186046509,0.08354502320016692,0.08354502320016692,0.07426788043715932,0.13749999999999982,0.2097222222222224,0.12473118279569896,0.3100775193798454,0.9302325581395301,0.9302325581395349,0.9002250562640617,248,240,372
18,256,0.1,0.11627906976744126,0.11627906976744126,0.1357598210268637,0.1357598210268637,0.12252658948811204,0.1630787037037038,0.2550000000000002,0.15767409114183334,0.294573643410852,0.8837209302325566,0.8837209302325582,0.8552138034508613,248,240,372
18,256,0.2,0.20930232558139583,0.20930232558139583,0.23672064521644134,0.23672064521644134,0.21803294222477218,0.23105307070380623,0.3606481481481485,0.2182011971267195,0.26356589147286685,0.7906976744186027,0.7906976744186046,0.7651912978244545,248,240,372
18,256,0.3,0.30232558139534993,0.30232558139534993,0.3346227399590835,0.3346227399590835,0.3125801966819384,0.29657631020995884,0.44647435897435933,0.27952766256481815,0.2325581395348825,0.6976744186046531,0.6976744186046512,0.675168792198051,248,240,372
18,256,0.5,0.5116279069767424,0.5116279069767424,0.546720371877547,0.546720371877547,0.5223089403450484,0.4442058106403778,0.6102272727272727,0.42483320633384036,0.16279069767441778,0.4883720930232575,0.4883720930232558,0.4726181545386363,248,240,372
18,256,0.75,0.7674418604651142,0.7674418604651142,0.7926597744318383,0.7926597744318383,0.7750952040859629,0.6761438577710568,0.8050505050505019,0.6638823779849157,0.07751937984496136,0.2325581395348825,0.2325581395348837,0.2250562640660154,248,240,372
18,256,1.0,1.0,1.0,1.0,1.0,1.0,1.0,1.0,1.0,0.0,0.0,0.0,0.0,248,240,372
19,32,0.05,0.05232558139534896,0.05232558139534896,0.08954865321283866,0.08954865321283866,0.06428559767840242,0.11954970869252655,0.20555555555555557,0.12539167587891747,0.3158914728682164,0.9476744186046557,0.9476744186046512,0.9171042760690215,248,240,372
19,32,0.1,0.10174418604651224,0.10174418604651224,0.15733386138621755,0.15733386138621755,0.11956894234057024,0.15619721716751922,0.26357142857142885,0.15027193306872214,0.29941860465116427,0.8982558139534851,0.8982558139534884,0.8692798199549856,248,240,372
19,32,0.2,0.2005813953488364,0.2005813953488364,0.279467903908775,0.279467903908775,0.22496836176569904,0.21798304349412526,0.352415458937198,0.2098792416559237,0.2664728682170557,0.7994186046511601,0.7994186046511628,0.7736309077269294,248,240,372
19,32,0.3,0.30232558139534993,0.30232558139534993,0.3942305784390197,0.3942305784390197,0.32975535392328026,0.2775638701947016,0.4305689102564101,0.27285017434590814,0.2325581395348825,0.6976744186046531,0.6976744186046512,0.675168792198051,248,240,372
19,32,0.5,0.5,0.5,0.5960818431296224,0.5960818431296224,0.5282131148182786,0.420529239676452,0.5898982558139534,0.41357302308380456,0.16666666666666646,0.5,0.5,0.4838709677419355,248,240,372
19,32,0.75,0.75,0.75,0.8193319318539507,0.8193319318539507,0.7699994190911799,0.6477239229764791,0.7857235142118849,0.6471803073472742,0.08333333333333325,0.25,0.25,0.24193548387096775,248,240,372
19,32,1.0,1.0,1.0,1.0,1.0,1.0,1.0,1.0,1.0,0.0,0.0,0.0,0.0,248,240,372
19,64,0.05,0.05232558139534896,0.05232558139534896,0.07795046860139127,0.07795046860139127,0.06047147266540775,0.12271365276879963,0.20601851851851855,0.12564516050047378,0.3158914728682164,0.9476744186046557,0.9476744186046512,0.9171042760690215,248,240,372
19,64,0.1,0.10465116279069792,0.10465116279069792,0.14428711947614536,0.14428711947614536,0.11712182396559047,0.15506966209151699,0.25902777777777775,0.1525532668254122,0.2984496124031024,0.8953488372092994,0.8953488372093024,0.8664666166541608,248,240,372
19,64,0.2,0.20348837209302448,0.20348837209302448,0.2601212567160449,0.2601212567160449,0.22041640124806694,0.21612568133298887,0.34940476190476216,0.21102975788298792,0.26550387596899044,0.7965116279069736,0.7965116279069767,0.7708177044261038,248,240,372
19,64,0.3,0.30232558139534993,0.30232558139534993,0.368515555756525,0.368515555756525,0.321903399290227,0.27883294375629036,0.4315705128205129,0.27183395891016526,0.2325581395348825,0.6976744186046531,0.6976744186046512,0.675168792198051,248,240,372
19,64,0.5,0.5,0.5,0.5702182988410398,0.5702182988410398,0.5198247182683376,0.41587927237916983,0.5850775193798444,0.4121119173837375,0.16666666666666646,0.5,0.5,0.4838709677419355,248,240,372
19,64,0.75,0.75,0.75,0.8015852649730948,0.8015852649730948,0.7645716350903204,0.6503588547306115,0.7873708010335914,0.647008321837124,0.08333333333333325,0.25,0.25,0.24193548387096775,248,240,372
19,64,1.0,1.0,1.0,1.0,1.0,1.0,1.0,1.0,1.0,0.0,0.0,0.0,0.0,248,240,372
19,128,0.05,0.05813953488372063,0.05813953488372063,0.07695124716642297,0.07695124716642297,0.06469089962652101,0.1451884920634919,0.23250000000000007,0.13138974227683914,0.31395348837209275,0.9418604651162846,0.9418604651162791,0.911477869467372,248,240,372
19,128,0.1,0.10465116279069792,0.10465116279069792,0.1322034465817529,0.1322034465817529,0.11363414175105915,0.16250888817065284,0.26666666666666683,0.15669436904019474,0.2984496124031024,0.8953488372092994,0.8953488372093024,0.8664666166541608,248,240,372
19,128,0.2,0.20930232558139583,0.20930232558139583,0.24977796999624527,0.24977796999624527,0.22155970040556044,0.21895282680306924,0.3513888888888885,0.21878869163220113,0.26356589147286685,0.7906976744186027,0.7906976744186046,0.7651912978244545,248,240,372
19,128,0.3,0.30232558139534993,0.30232558139534993,0.34924735691880177,0.34924735691880177,0.31686508244015255,0.28170910747806505,0.4331730769230768,0.2702945177884697,0.2325581395348825,0.6976744186046531,0.6976744186046512,0.675168792198051,248,240,372
19,128,0.5,0.5,0.5,0.5503740035802993,0.5503740035802993,0.5154163773482181,0.42450734587431305,0.5930232558139535,0.4151760202196073,0.16666666666666646,0.5,0.5,0.4838709677419355,248,240,372
19,128,0.75,0.755813953488371,0.755813953488371,0.7927623057700477,0.7927623057700477,0.7668554090554185,0.6595470674752643,0.7939743589743586,0.6507065481059353,0.0813953488372089,0.24418604651162876,0.2441860465116279,0.23630907726931816,248,240,372
19,128,1.0,1.0,1.0,1.0,1.0,1.0,1.0,1.0,1.0,0.0,0.0,0.0,0.0,248,240,372
19,256,0.05,0.06976744186046509,0.06976744186046509,0.08459881924062564,0.08459881924062564,0.07515815186046844,0.15749999999999995,0.24027777777777803,0.15349462365591407,0.3100775193798454,0.9302325581395301,0.9302325581395349,0.9002250562640617,248,240,372
19,256,0.1,0.11627906976744126,0.11627906976744126,0.13715598638146403,0.13715598638146403,0.12366362379641016,0.18363095238095267,0.29083333333333367,0.17684331797235062,0.294573643410852,0.8837209302325566,0.8837209302325582,0.8552138034508613,248,240,372
19,256,0.2,0.20930232558139583,0.20930232558139583,0.23850766067258766,0.23850766067258766,0.21935102279871546,0.24469533530195317,0.37916666666666665,0.2238003852567425,0.26356589147286685,0.7906976744186027,0.7906976744186046,0.7651912978244545,248,240,372
19,256,0.3,0.30232558139534993,0.30232558139534993,0.3365409499339733,0.3365409499339733,0.31379658828841644,0.29642316942379193,0.44679487179487215,0.2788473048643858,0.2325581395348825,0.6976744186046531,0.6976744186046512,0.675168792198051,248,240,372
19,256,0.5,0.5116279069767424,0.5116279069767424,0.5484331262135022,0.5484331262135022,0.5235697293743322,0.442651832447119,0.6081439393939403,0.4300296750264258,0.16279069767441778,0.4883720930232575,0.4883720930232558,0.4726181545386363,248,240,372
19,256,0.75,0.7674418604651142,0.7674418604651142,0.7937903218796796,0.7937903218796796,0.7755973373170626,0.6766929074154735,0.805681818181815,0.6697079094110542,0.07751937984496136,0.2325581395348825,0.2325581395348837,0.2250562640660154,248,240,372
19,256,1.0,1.0,1.0,1.0,1.0,1.0,1.0,1.0,1.0,0.0,0.0,0.0,0.0,248,240,372
20,32,0.05,0.05232558139534896,0.05232558139534896,0.09073924521041593,0.09073924521041593,0.06656228857918951,0.14505725506726622,0.24259259259259275,0.14482905316738862,0.3158914728682164,0.9476744186046557,0.9476744186046512,0.9171042760690215,248,240,372
20,32,0.1,0.10174418604651224,0.10174418604651224,0.1586696670647379,0.1586696670647379,0.12227962612796867,0.169323812364033,0.2825000000000003,0.1652829772309827,0.29941860465116427,0.8982558139534851,0.8982558139534884,0.8692798199549856,248,240,372
20,32,0.2,0.2005813953488364,0.2005813953488364,0.28076782371831205,0.28076782371831205,0.2284870341290565,0.2311204064640417,0.37071256038647327,0.2232207466044408,0.2664728682170557,0.7994186046511601,0.7994186046511628,0.7736309077269294,248,240,372
20,32,0.3,0.30232558139534993,0.30232558139534993,0.3953368820571889,0.3953368820571889,0.33409080724130735,0.29464016918102753,0.4516025641025641,0.28038900896639013,0.2325581395348825,0.6976744186046531,0.6976744186046512,0.675168792198051,248,240,372
20,32,0.5,0.5,0.5,0.596673917513371,0.596673917513371,0.532857319811214,0.43466850870093754,0.604190891472868,0.41997424909515496,0.16666666666666646,0.5,0.5,0.4838709677419355,248,240,372
20,32,0.75,0.75,0.75,0.8196170487437878,0.8196170487437878,0.7723222036144578,0.6538801696513553,0.7902454780361747,0.6504097247753944,0.08333333333333325,0.25,0.25,0.24193548387096775,248,240,372
20,32,1.0,1.0,1.0,1.0,1.0,1.0,1.0,1.0,1.0,0.0,0.0,0.0,0.0,248,240,372
20,64,0.05,0.05232558139534896,0.05232558139534896,0.07876254873038192,0.07876254873038192,0.06293994409324079,0.15823695911931207,0.25601851851851876,0.15484237062747536,0.3158914728682164,0.9476744186046557,0.9476744186046512,0.9171042760690215,248,240,372
20,64,0.1,0.10465116279069792,0.10465116279069792,0.14524275067348424,0.14524275067348424,0.12033879281302648,0.1834352384404739,0.30069444444444443,0.169576064004572,0.2984496124031024,0.8953488372092994,0.8953488372093024,0.8664666166541608,248,240,372
20,64,0.2,0.20348837209302448,0.20348837209302448,0.26126310451797224,0.26126310451797224,0.2247633558701508,0.24001197028061894,0.380952380952381,0.2273774982446803,0.26550387596899044,0.7965116279069736,0.7965116279069767,0.7708177044261038,248,240,372
20,64,0.3,0.30232558139534993,0.30232558139534993,0.3696874517909381,0.3696874517909381,0.3263428317030847,0.3016437751687607,0.4585737179487179,0.2874143322932522,0.2325581395348825,0.6976744186046531,0.6976744186046512,0.675168792198051,248,240,372
20,64,0.5,0.5,0.5,0.5711527621765609,0.5711527621765609,0.5245184887680224,0.4361240938333629,0.6050387596899224,0.42341669376145924,0.16666666666666646,0.5,0.5,0.4838709677419355,248,240,372
20,64,0.75,0.75,0.75,0.8022200869956619,0.8022200869956619,0.7682225713520002,0.662240528925645,0.7961886304909557,0.6538580825272214,0.08333333333333325,0.25,0.25,0.24193548387096775,248,240,372
20,64,1.0,1.0,1.0,1.0,1.0,1.0,1.0,1.0,1.0,0.0,0.0,0.0,0.0,248,240,372
20,128,0.05,0.05813953488372063,0.05813953488372063,0.07762063164209143,0.07762063164209143,0.06633142694875427,0.186342592592593,0.2850000000000007,0.15357782898105504,0.31395348837209275,0.9418604651162846,0.9418604651162791,0.911477869467372,248,240,372
20,128,0.1,0.10465116279069792,0.10465116279069792,0.1331739762172217,0.1331739762172217,0.11625074128735388,0.19599644228320715,0.3125000000000003,0.18013359584754313,0.2984496124031024,0.8953488372092994,0.8953488372093024,0.8664666166541608,248,240,372
20,128,0.2,0.20930232558139583,0.20930232558139583,0.25109535910642394,0.25109535910642394,0.22548000764274384,0.254711362692449,0.3962962962962958,0.23739431131518252,0.26356589147286685,0.7906976744186027,0.7906976744186046,0.7651912978244545,248,240,372
20,128,0.3,0.30232558139534993,0.30232558139534993,0.35080388695118636,0.35080388695118636,0.32039845930380767,0.30431670361329505,0.4604166666666664,0.2926641135751595,0.2325581395348825,0.6976744186046531,0.6976744186046512,0.675168792198051,248,240,372
20,128,0.5,0.5,0.5,0.5518695357863249,0.5518695357863249,0.5186431034891288,0.4436731343531087,0.6108527131782947,0.4259640744107725,0.16666666666666646,0.5,0.5,0.4838709677419355,248,240,372
20,128,0.75,0.755813953488371,0.755813953488371,0.7937372733177676,0.7937372733177676,0.7689266185423957,0.6660179417986067,0.798589743589743,0.6618586963739786,0.0813953488372089,0.24418604651162876,0.2441860465116279,0.23630907726931816,248,240,372
20,128,1.0,1.0,1.0,1.0,1.0,1.0,1.0,1.0,1.0,0.0,0.0,0.0,0.0,248,240,372
20,256,0.05,0.06976744186046509,0.06976744186046509,0.08495196944910152,0.08495196944910152,0.07645591107146238,0.2087500000000003,0.30416666666666675,0.1844086021505379,0.3100775193798454,0.9302325581395301,0.9302325581395349,0.9002250562640617,248,240,372
20,256,0.1,0.11627906976744126,0.11627906976744126,0.1376156595725241,0.1376156595725241,0.1255549480189621,0.2330687830687836,0.3533333333333339,0.19444444444444503,0.294573643410852,0.8837209302325566,0.8837209302325582,0.8552138034508613,248,240,372
20,256,0.2,0.20930232558139583,0.20930232558139583,0.23926067578926316,0.23926067578926316,0.22206610374964916,0.28398480196274356,0.42638888888888893,0.24757062987613349,0.26356589147286685,0.7906976744186027,0.7906976744186046,0.7651912978244545,248,240,372
20,256,0.3,0.30232558139534993,0.30232558139534993,0.3374799014103785,0.3374799014103785,0.31610682121254535,0.3100707413336554,0.4618589743589743,0.2998075843154748,0.2325581395348825,0.6976744186046531,0.6976744186046512,0.675168792198051,248,240,372
20,256,0.5,0.5116279069767424,0.5116279069767424,0.5493881285348696,0.5493881285348696,0.5257201759540749,0.45948948320910526,0.6246212121212128,0.4434878555860763,0.16279069767441778,0.4883720930232575,0.4883720930232558,0.4726181545386363,248,240,372
20,256,0.75,0.7674418604651142,0.7674418604651142,0.7942766655061152,0.7942766655061152,0.776825539242364,0.6845176655458557,0.8111111111111078,0.6762456388584681,0.07751937984496136,0.2325581395348825,0.2325581395348837,0.2250562640660154,248,240,372
20,256,1.0,1.0,1.0,1.0,1.0,1.0,1.0,1.0,1.0,0.0,0.0,0.0,0.0,248,240,372
21,32,0.05,0.05232558139534896,0.05232558139534896,0.08878322541540076,0.08878322541540076,0.06521501874257482,0.13552186779582812,0.22847222222222216,0.13487720550301965,0.3158914728682164,0.9476744186046557,0.9476744186046512,0.9171042760690215,248,240,372
21,32,0.1,0.10174418604651224,0.10174418604651224,0.15676650272576367,0.15676650272576367,0.12062226213939327,0.16142972113584614,0.27130952380952406,0.16276375940431692,0.29941860465116427,0.8982558139534851,0.8982558139534884,0.8692798199549856,248,240,372
21,32,0.2,0.2005813953488364,0.2005813953488364,0.27928471899154145,0.27928471899154145,0.2268385051497476,0.2261814399040956,0.3635265700483089,0.21762557763251272,0.2664728682170557,0.7994186046511601,0.7994186046511628,0.7736309077269294,248,240,372
21,32,0.3,0.30232558139534993,0.30232558139534993,0.3943095434285164,0.3943095434285164,0.33288862937554514,0.2893597799169051,0.4452323717948718,0.27764250363787146,0.2325581395348825,0.6976744186046531,0.6976744186046512,0.675168792198051,248,240,372
21,32,0.5,0.5,0.5,0.596364323185946,0.596364323185946,0.5311410022256984,0.429036715710566,0.5986191860465112,0.4179510785652515,0.16666666666666646,0.5,0.5,0.4838709677419355,248,240,372
21,32,0.75,0.75,0.75,0.8196876562934048,0.8196876562934048,0.7720076262690161,0.6533908581547813,0.7899063307493528,0.6513805478594892,0.08333333333333325,0.25,0.25,0.24193548387096775,248,240,372
21,32,1.0,1.0,1.0,1.0,1.0,1.0,1.0,1.0,1.0,0.0,0.0,0.0,0.0,248,240,372
21,64,0.05,0.05232558139534896,0.05232558139534896,0.07712989836239605,0.07712989836239605,0.061512015079536284,0.14072647328162022,0.23194444444444465,0.14187327931398158,0.3158914728682164,0.9476744186046557,0.9476744186046512,0.9171042760690215,248,240,372
21,64,0.1,0.10465116279069792,0.10465116279069792,0.14349283129257437,0.14349283129257437,0.11813293164639647,0.17007724682704295,0.27986111111111106,0.16672986150788655,0.2984496124031024,0.8953488372092994,0.8953488372093024,0.8664666166541608,248,240,372
21,64,0.2,0.20348837209302448,0.20348837209302448,0.2595345415051027,0.2595345415051027,0.22269498356950423,0.2273568450752706,0.36357142857142866,0.2201608425977979,0.26550387596899044,0.7965116279069736,0.7965116279069767,0.7708177044261038,248,240,372
21,64,0.3,0.30232558139534993,0.30232558139534993,0.36822320659606295,0.36822320659606295,0.3243911933787202,0.2924800135698747,0.447676282051282,0.28302371301088225,0.2325581395348825,0.6976744186046531,0.6976744186046512,0.675168792198051,248,240,372
21,64,0.5,0.5,0.5,0.5704003644163077,0.5704003644163077,0.5229667453481998,0.43142155167848273,0.6003391472868215,0.42064305987342476,0.16666666666666646,0.5,0.5,0.4838709677419355,248,240,372
21,64,0.75,0.75,0.75,0.8018864135169073,0.8018864135169073,0.766239473142009,0.654815108007804,0.7907622739018086,0.6501481128353139,0.08333333333333325,0.25,0.25,0.24193548387096775,248,240,372
21,64,1.0,1.0,1.0,1.0,1.0,1.0,1.0,1.0,1.0,0.0,0.0,0.0,0.0,248,240,372
21,128,0.05,0.05813953488372063,0.05813953488372063,0.07647075983075077,0.07647075983075077,0.06504449702537024,0.14713955026455025,0.23666666666666708,0.15561529271206712,0.31395348837209275,0.9418604651162846,0.9418604651162791,0.911477869467372,248,240,372
21,128,0.1,0.10465116279069792,0.10465116279069792,0.1317968568650329,0.1317968568650329,0.11425521579906238,0.16849366932087537,0.2731481481481484,0.17475673835967986,0.2984496124031024,0.8953488372092994,0.8953488372093024,0.8664666166541608,248,240,372
21,128,0.2,0.20930232558139583,0.20930232558139583,0.24962833640303514,0.24962833640303514,0.2227263612958301,0.23223371888115543,0.3678240740740738,0.23111300331199458,0.26356589147286685,0.7906976744186027,0.7906976744186046,0.7651912978244545,248,240,372
21,128,0.3,0.30232558139534993,0.30232558139534993,0.34948470823677136,0.34948470823677136,0.31825058263791584,0.29673089694091803,0.4503205128205129,0.28005785843537595,0.2325581395348825,0.6976744186046531,0.6976744186046512,0.675168792198051,248,240,372
21,128,0.5,0.5,0.5,0.5508846473266471,0.5508846473266471,0.5173048256032753,0.4374813184894705,0.6050387596899227,0.4172258574231005,0.16666666666666646,0.5,0.5,0.4838709677419355,248,240,372
21,128,0.75,0.755813953488371,0.755813953488371,0.7933776051133986,0.7933776051133986,0.7683030439438704,0.667395014978421,0.7996153846153837,0.6576516006953248,0.0813953488372089,0.24418604651162876,0.2441860465116279,0.23630907726931816,248,240,372
21,128,1.0,1.0,1.0,1.0,1.0,1.0,1.0,1.0,1.0,0.0,0.0,0.0,0.0,248,240,372
21,256,0.05,0.06976744186046509,0.06976744186046509,0.08383216800566022,0.08383216800566022,0.07538220460863654,0.17000000000000007,0.2638888888888894,0.15403225806451623,0.3100775193798454,0.9302325581395301,0.9302325581395349,0.9002250562640617,248,240,372
21,256,0.1,0.11627906976744126,0.11627906976744126,0.13613195768342895,0.13613195768342895,0.12378235438088021,0.19241071428571474,0.30250000000000044,0.18389443591056537,0.294573643410852,0.8837209302325566,0.8837209302325582,0.8552138034508613,248,240,372
21,256,0.2,0.20930232558139583,0.20930232558139583,0.2373505844136847,0.2373505844136847,0.2192621011859911,0.24156750724765455,0.37638888888888894,0.23480727842682375,0.26356589147286685,0.7906976744186027,0.7906976744186046,0.7651912978244545,248,240,372
21,256,0.3,0.30232558139534993,0.30232558139534993,0.33543751431078583,0.33543751431078583,0.31376899231576594,0.2988253411799732,0.45000000000000023,0.2798406621682513,0.2325581395348825,0.6976744186046531,0.6976744186046512,0.675168792198051,248,240,372
21,256,0.5,0.5116279069767424,0.5116279069767424,0.5477975820381996,0.5477975820381996,0.5234736858603187,0.4526683174688045,0.6179924242424253,0.4353173498277857,0.16279069767441778,0.4883720930232575,0.4883720930232558,0.4726181545386363,248,240,372
21,256,0.75,0.7674418604651142,0.7674418604651142,0.7936816311779337,0.7936816311779337,0.7764399145059492,0.6829214402361626,0.8099747474747441,0.6751140028440398,0.07751937984496136,0.2325581395348825,0.2325581395348837,0.2250562640660154,248,240,372
21,256,1.0,1.0,1.0,1.0,1.0,1.0,1.0,1.0,1.0,0.0,0.0,0.0,0.0,248,240,372
22,32,0.05,0.05232558139534896,0.05232558139534896,0.08900280840021674,0.08900280840021674,0.06437595026900611,0.12105081522193246,0.20810185185185195,0.12115364755334328,0.3158914728682164,0.9476744186046557,0.9476744186046512,0.9171042760690215,248,240,372
22,32,0.1,0.10174418604651224,0.10174418604651224,0.157092197023884,0.157092197023884,0.11981427747187,0.15783673167117823,0.26547619047619064,0.15929523666024512,0.29941860465116427,0.8982558139534851,0.8982558139534884,0.8692798199549856,248,240,372
22,32,0.2,0.2005813953488364,0.2005813953488364,0.27948937073523183,0.27948937073523183,0.2255736907718863,0.2198597601579179,0.3548309178743961,0.21472594319801847,0.2664728682170557,0.7994186046511601,0.7994186046511628,0.7736309077269294,248,240,372
22,32,0.3,0.30232558139534993,0.30232558139534993,0.3944499717555542,0.3944499717555542,0.3301945040957779,0.2785823651802135,0.4316506410256409,0.2754157022584016,0.2325581395348825,0.6976744186046531,0.6976744186046512,0.675168792198051,248,240,372
22,32,0.5,0.5,0.5,0.5966762434881665,0.5966762434881665,0.5282221628296553,0.4204898223226835,0.5900193798449617,0.41521675047210194,0.16666666666666646,0.5,0.5,0.4838709677419355,248,240,372
22,32,0.75,0.75,0.75,0.8198700358211876,0.8198700358211876,0.7696591426474781,0.6481135474930855,0.7859980620155024,0.6456055458009321,0.08333333333333325,0.25,0.25,0.24193548387096775,248,240,372
22,32,1.0,1.0,1.0,1.0,1.0,1.0,1.0,1.0,1.0,0.0,0.0,0.0,0.0,248,240,372
22,64,0.05,0.05232558139534896,0.05232558139534896,0.07723646155819848,0.07723646155819848,0.0602094128315078,0.1098249973066148,0.1865740740740742,0.12043082234021518,0.3158914728682164,0.9476744186046557,0.9476744186046512,0.9171042760690215,248,240,372
22,64,0.1,0.10465116279069792,0.10465116279069792,0.14350198112168358,0.14350198112168358,0.11673799870843259,0.14594469435039426,0.24652777777777785,0.1556474850613953,0.2984496124031024,0.8953488372092994,0.8953488372093024,0.8664666166541608,248,240,372
22,64,0.2,0.20348837209302448,0.20348837209302448,0.25942161383851997,0.25942161383851997,0.2205783251253902,0.21833111630878074,0.3515476190476192,0.21322764024666865,0.26550387596899044,0.7965116279069736,0.7965116279069767,0.7708177044261038,248,240,372
22,64,0.3,0.30232558139534993,0.30232558139534993,0.3679431202964195,0.3679431202964195,0.32198438974935084,0.28261643358128574,0.43573717948717944,0.2782827443916446,0.2325581395348825,0.6976744186046531,0.6976744186046512,0.675168792198051,248,240,372
22,64,0.5,0.5,0.5,0.5698789885511665,0.5698789885511665,0.5207471265476937,0.42455867486980264,0.5932655038759685,0.4188205140510076,0.16666666666666646,0.5,0.5,0.4838709677419355,248,240,372
22,64,0.75,0.75,0.75,0.8014201678168987,0.8014201678168987,0.764915722939627,0.6490131882422012,0.7865310077519372,0.6477895513942543,0.08333333333333325,0.25,0.25,0.24193548387096775,248,240,372
22,64,1.0,1.0,1.0,1.0,1.0,1.0,1.0,1.0,1.0,0.0,0.0,0.0,0.0,248,240,372
22,128,0.05,0.05813953488372063,0.05813953488372063,0.0765318188186655,0.0765318188186655,0.06460934012572449,0.13197751322751305,0.21166666666666678,0.12734681686294605,0.31395348837209275,0.9418604651162846,0.9418604651162791,0.911477869467372,248,240,372
22,128,0.1,0.10465116279069792,0.10465116279069792,0.13184771142749857,0.13184771142749857,0.11403000734337088,0.16679953012673615,0.26944444444444465,0.16605661100442923,0.2984496124031024,0.8953488372092994,0.8953488372093024,0.8664666166541608,248,240,372
22,128,0.2,0.20930232558139583,0.20930232558139583,0.24954315956748807,0.24954315956748807,0.22280808531498236,0.23393875665437702,0.3692129629629624,0.22104345036167178,0.26356589147286685,0.7906976744186027,0.7906976744186046,0.7651912978244545,248,240,372
22,128,0.3,0.30232558139534993,0.30232558139534993,0.34931610995188234,0.34931610995188234,0.3171794784977083,0.28640006420951586,0.43766025641025624,0.28306457815148495,0.2325581395348825,0.6976744186046531,0.6976744186046512,0.675168792198051,248,240,372
22,128,0.5,0.5,0.5,0.5507546079668415,0.5507546079668415,0.5155129659104613,0.43125810099724765,0.5987403100775192,0.4145653660126082,0.16666666666666646,0.5,0.5,0.4838709677419355,248,240,372
22,128,0.75,0.755813953488371,0.755813953488371,0.7931874811108811,0.7931874811108811,0.7668540881747486,0.6581755678300184,0.7926923076923077,0.65443592543179,0.0813953488372089,0.24418604651162876,0.2441860465116279,0.23630907726931816,248,240,372
22,128,1.0,1.0,1.0,1.0,1.0,1.0,1.0,1.0,1.0,0.0,0.0,0.0,0.0,248,240,372
22,256,0.05,0.06976744186046509,0.06976744186046509,0.08401830360832296,0.08401830360832296,0.07437509028845136,0.13874999999999987,0.20833333333333337,0.13440860215053763,0.3100775193798454,0.9302325581395301,0.9302325581395349,0.9002250562640617,248,240,372
22,256,0.1,0.11627906976744126,0.11627906976744126,0.1362615975638234,0.1362615975638234,0.12271010120557611,0.15717592592592602,0.24833333333333352,0.16090629800307246,0.294573643410852,0.8837209302325566,0.8837209302325582,0.8552138034508613,248,240,372
22,256,0.2,0.20930232558139583,0.20930232558139583,0.2375173083162096,0.2375173083162096,0.2185923223322056,0.23080556086070814,0.3601851851851852,0.2196313806370736,0.26356589147286685,0.7906976744186027,0.7906976744186046,0.7651912978244545,248,240,372
22,256,0.3,0.30232558139534993,0.30232558139534993,0.3355150269147535,0.3355150269147535,0.31308731120519956,0.2961936402626606,0.4464743589743591,0.281822779877972,0.2325581395348825,0.6976744186046531,0.6976744186046512,0.675168792198051,248,240,372
22,256,0.5,0.5116279069767424,0.5116279069767424,0.5478832174615913,0.5478832174615913,0.5233549956501247,0.4540496921346498,0.6179924242424247,0.4313808676976639,0.16279069767441778,0.4883720930232575,0.4883720930232558,0.4726181545386363,248,240,372
22,256,0.75,0.7674418604651142,0.7674418604651142,0.7937590190782031,0.7937590190782031,0.7754675939872014,0.6782377630520564,0.8065656565656535,0.6662088320919011,0.07751937984496136,0.2325581395348825,0.2325581395348837,0.2250562640660154,248,240,372
22,256,1.0,1.0,1.0,1.0,1.0,1.0,1.0,1.0,1.0,0.0,0.0,0.0,0.0,248,240,372
23,32,0.05,0.05232558139534896,0.05232558139534896,0.08785250215671958,0.08785250215671958,0.06342794251866361,0.11497243606203308,0.1974537037037039,0.12895136472228338,0.3158914728682164,0.9476744186046557,0.9476744186046512,0.9171042760690215,248,240,372
23,32,0.1,0.10174418604651224,0.10174418604651224,0.15560383485233573,0.15560383485233573,0.11817080555923881,0.14698463402269146,0.2495238095238097,0.1529960635684187,0.29941860465116427,0.8982558139534851,0.8982558139534884,0.8692798199549856,248,240,372
23,32,0.2,0.2005813953488364,0.2005813953488364,0.278072750628395,0.278072750628395,0.22469204133061843,0.21701462104188632,0.3510869565217392,0.21224548848870708,0.2664728682170557,0.7994186046511601,0.7994186046511628,0.7736309077269294,248,240,372
23,32,0.3,0.30232558139534993,0.30232558139534993,0.3930916111721532,0.3930916111721532,0.3299803112638101,0.28366810845959944,0.4376602564102565,0.27548694448250094,0.2325581395348825,0.6976744186046531,0.6976744186046512,0.675168792198051,248,240,372
23,32,0.5,0.5,0.5,0.5953155007705734,0.5953155007705734,0.5283150255257955,0.4224457928432857,0.5916424418604648,0.4165316658928777,0.16666666666666646,0.5,0.5,0.4838709677419355,248,240,372
23,32,0.75,0.75,0.75,0.8189939310931993,0.8189939310931993,0.7698841798202353,0.649371387558882,0.7868863049095594,0.6486931992314547,0.08333333333333325,0.25,0.25,0.24193548387096775,248,240,372
23,32,1.0,1.0,1.0,1.0,1.0,1.0,1.0,1.0,1.0,0.0,0.0,0.0,0.0,248,240,372
23,64,0.05,0.05232558139534896,0.05232558139534896,0.07651575534423899,0.07651575534423899,0.05996172425176072,0.11537040777849583,0.19444444444444448,0.13095581679547535,0.3158914728682164,0.9476744186046557,0.9476744186046512,0.9171042760690215,248,240,372
23,64,0.1,0.10465116279069792,0.10465116279069792,0.14260884411090194,0.14260884411090194,0.11638592849309667,0.15263355953809407,0.2564814814814814,0.16158015176573215,0.2984496124031024,0.8953488372092994,0.8953488372093024,0.8664666166541608,248,240,372
23,64,0.2,0.20348837209302448,0.20348837209302448,0.2585580262329343,0.2585580262329343,0.220918978866952,0.22067352710275892,0.3559523809523809,0.2163916391738137,0.26550387596899044,0.7965116279069736,0.7965116279069767,0.7708177044261038,248,240,372
23,64,0.3,0.30232558139534993,0.30232558139534993,0.36723643692637764,0.36723643692637764,0.3226711972479703,0.28777120341672613,0.44230769230769257,0.2754373683337763,0.2325581395348825,0.6976744186046531,0.6976744186046512,0.675168792198051,248,240,372
23,64,0.5,0.5,0.5,0.5692967583192837,0.5692967583192837,0.5209716077691064,0.42796363852030744,0.5971899224806195,0.4165418219183692,0.16666666666666646,0.5,0.5,0.4838709677419355,248,240,372
23,64,0.75,0.75,0.75,0.8009743487219971,0.8009743487219971,0.7647900453265533,0.6494783394876994,0.7868540051679583,0.6497408093621012,0.08333333333333325,0.25,0.25,0.24193548387096775,248,240,372
23,64,1.0,1.0,1.0,1.0,1.0,1.0,1.0,1.0,1.0,0.0,0.0,0.0,0.0,248,240,372
23,128,0.05,0.05813953488372063,0.05813953488372063,0.0756621981930951,0.0756621981930951,0.0634063903178996,0.11020171957671941,0.17916666666666672,0.12967229902713784,0.31395348837209275,0.9418604651162846,0.9418604651162791,0.911477869467372,248,240,372
23,128,0.1,0.10465116279069792,0.10465116279069792,0.13059015193436516,0.13059015193436516,0.11266290992739604,0.15675598910893038,0.253240740740741,0.16129588311751525,0.2984496124031024,0.8953488372092994,0.8953488372093024,0.8664666166541608,248,240,372
23,128,0.2,0.20930232558139583,0.20930232558139583,0.24799278678160175,0.24799278678160175,0.22098701096858303,0.2195252389382318,0.35092592592592553,0.22617279929334191,0.26356589147286685,0.7906976744186027,0.7906976744186046,0.7651912978244545,248,240,372
23,128,0.3,0.30232558139534993,0.30232558139534993,0.3476842520347113,0.3476842520347113,0.3161886936745291,0.28437905692115995,0.43589743589743596,0.28467564277709895,0.2325581395348825,0.6976744186046531,0.6976744186046512,0.675168792198051,248,240,372
23,128,0.5,0.5,0.5,0.549351936999952,0.549351936999952,0.5143327688782984,0.42039361223900074,0.5884689922480622,0.4114066285815147,0.16666666666666646,0.5,0.5,0.4838709677419355,248,240,372
23,128,0.75,0.755813953488371,0.755813953488371,0.7923420143869307,0.7923420143869307,0.7655653508667778,0.6599091782815086,0.7941025641025637,0.6552320639448721,0.0813953488372089,0.24418604651162876,0.2441860465116279,0.23630907726931816,248,240,372
23,128,1.0,1.0,1.0,1.0,1.0,1.0,1.0,1.0,1.0,0.0,0.0,0.0,0.0,248,240,372
23,256,0.05,0.06976744186046509,0.06976744186046509,0.08332588310564092,0.08332588310564092,0.0740551562725472,0.1437499999999999,0.21527777777777798,0.1561827956989249,0.3100775193798454,0.9302325581395301,0.9302325581395349,0.9002250562640617,248,240,372
23,256,0.1,0.11627906976744126,0.11627906976744126,0.13536579747000682,0.13536579747000682,0.12159587188742652,0.15482804232804231,0.24666666666666676,0.17168032087386956,0.294573643410852,0.8837209302325566,0.8837209302325582,0.8552138034508613,248,240,372
23,256,0.2,0.20930232558139583,0.20930232558139583,0.23616373369315125,0.23616373369315125,0.21692004343460777,0.21759333803451478,0.34351851851851845,0.2137997202038953,0.26356589147286685,0.7906976744186027,0.7906976744186046,0.7651912978244545,248,240,372
23,256,0.3,0.30232558139534993,0.30232558139534993,0.33405193188058746,0.33405193188058746,0.31104245313343426,0.2706577879377719,0.4137820512820514,0.27556629639723856,0.2325581395348825,0.6976744186046531,0.6976744186046512,0.675168792198051,248,240,372
23,256,0.5,0.5116279069767424,0.5116279069767424,0.5463909451432495,0.5463909451432495,0.521983538248667,0.43516992945248645,0.6005681818181826,0.4240832144549815,0.16279069767441778,0.4883720930232575,0.4883720930232558,0.4726181545386363,248,240,372
23,256,0.75,0.7674418604651142,0.7674418604651142,0.7928523469883317,0.7928523469883317,0.7744895653626072,0.6738942911665474,0.8036616161616131,0.665798845098896,0.07751937984496136,0.2325581395348825,0.2325581395348837,0.2250562640660154,248,240,372
23,256,1.0,1.0,1.0,1.0,1.0,1.0,1.0,1.0,1.0,0.0,0.0,0.0,0.0,248,240,372
24,32,0.05,0.05232558139534896,0.05232558139534896,0.08702173531597232,0.08702173531597232,0.06227213062561506,0.1078118515589479,0.18634259259259262,0.12932789356041519,0.3158914728682164,0.9476744186046557,0.9476744186046512,0.9171042760690215,248,240,372
24,32,0.1,0.10174418604651224,0.10174418604651224,0.15460239117846694,0.15460239117846694,0.11684694098844985,0.14050944701092535,0.24000000000000019,0.16141896132420216,0.29941860465116427,0.8982558139534851,0.8982558139534884,0.8692798199549856,248,240,372
24,32,0.2,0.2005813953488364,0.2005813953488364,0.2769025848088762,0.2769025848088762,0.22170747535709887,0.20205601382059202,0.33109903381642514,0.2106330733519363,0.2664728682170557,0.7994186046511601,0.7994186046511628,0.7736309077269294,248,240,372
24,32,0.3,0.30232558139534993,0.30232558139534993,0.39201632948636117,0.39201632948636117,0.32681767648450166,0.26938367392016843,0.4206730769230768,0.27125344246533145,0.2325581395348825,0.6976744186046531,0.6976744186046512,0.675168792198051,248,240,372
24,32,0.5,0.5,0.5,0.5945209438570735,0.5945209438570735,0.525068290762247,0.41112490718539835,0.5807655038759685,0.4114635792565376,0.16666666666666646,0.5,0.5,0.4838709677419355,248,240,372
24,32,0.75,0.75,0.75,0.8187395588084584,0.8187395588084584,0.767602279154131,0.6426910911415169,0.7819928940568464,0.6462859222306719,0.08333333333333325,0.25,0.25,0.24193548387096775,248,240,372
24,32,1.0,1.0,1.0,1.0,1.0,1.0,1.0,1.0,1.0,0.0,0.0,0.0,0.0,248,240,372
24,64,0.05,0.05232558139534896,0.05232558139534896,0.07614353483424173,0.07614353483424173,0.0597351084060069,0.11901523109243681,0.2032407407407408,0.13369968898906284,0.3158914728682164,0.9476744186046557,0.9476744186046512,0.9171042760690215,248,240,372
24,64,0.1,0.10465116279069792,0.10465116279069792,0.14216341248605463,0.14216341248605463,0.11550970682760565,0.14330209888995377,0.2425925925925926,0.16145055060540264,0.2984496124031024,0.8953488372092994,0.8953488372093024,0.8664666166541608,248,240,372
24,64,0.2,0.20348837209302448,0.20348837209302448,0.2580559475247856,0.2580559475247856,0.21905847097236267,0.2091916294949627,0.33964285714285736,0.21735868736191072,0.26550387596899044,0.7965116279069736,0.7965116279069767,0.7708177044261038,248,240,372
24,64,0.3,0.30232558139534993,0.30232558139534993,0.3666548034834242,0.3666548034834242,0.320820947767814,0.2741820378832775,0.42572115384615405,0.2704351872599792,0.2325581395348825,0.6976744186046531,0.6976744186046512,0.675168792198051,248,240,372
24,64,0.5,0.5,0.5,0.5689753901630337,0.5689753901630337,0.5192848280112652,0.41578710045683387,0.5847868217054261,0.4139139687899266,0.16666666666666646,0.5,0.5,0.4838709677419355,248,240,372
24,64,0.75,0.75,0.75,0.8009995918606282,0.8009995918606282,0.7639597692174341,0.647776856771292,0.7855297157622732,0.6467772215957448,0.08333333333333325,0.25,0.25,0.24193548387096775,248,240,372
24,64,1.0,1.0,1.0,1.0,1.0,1.0,1.0,1.0,1.0,0.0,0.0,0.0,0.0,248,240,372
24,128,0.05,0.05813953488372063,0.05813953488372063,0.07558707534262067,0.07558707534262067,0.06325231704693596,0.11340939153439138,0.18749999999999997,0.13525132275132282,0.31395348837209275,0.9418604651162846,0.9418604651162791,0.911477869467372,248,240,372
24,128,0.1,0.10465116279069792,0.10465116279069792,0.1305194623375817,0.1305194623375817,0.11246410638384559,0.15243280004309417,0.2523148148148152,0.15674640429147094,0.2984496124031024,0.8953488372092994,0.8953488372093024,0.8664666166541608,248,240,372
24,128,0.2,0.20930232558139583,0.20930232558139583,0.24793172814203873,0.24793172814203873,0.22021658679206874,0.2172925259415643,0.34907407407407376,0.21517791370478664,0.26356589147286685,0.7906976744186027,0.7906976744186046,0.7651912978244545,248,240,372
24,128,0.3,0.30232558139534993,0.30232558139534993,0.3476115351565138,0.3476115351565138,0.3150934693635898,0.2728605129375729,0.421634615384615,0.27291231593198206,0.2325581395348825,0.6976744186046531,0.6976744186046512,0.675168792198051,248,240,372
24,128,0.5,0.5,0.5,0.5490330324357928,0.5490330324357928,0.5131894826038969,0.4170786010042257,0.5853682170542639,0.412917793123163,0.16666666666666646,0.5,0.5,0.4838709677419355,248,240,372
24,128,0.75,0.755813953488371,0.755813953488371,0.792241371598349,0.792241371598349,0.7657256027208944,0.6549630266290306,0.7905128205128203,0.656048159691599,0.0813953488372089,0.24418604651162876,0.2441860465116279,0.23630907726931816,248,240,372
24,128,1.0,1.0,1.0,1.0,1.0,1.0,1.0,1.0,1.0,0.0,0.0,0.0,0.0,248,240,372
24,256,0.05,0.06976744186046509,0.06976744186046509,0.08288720682768522,0.08288720682768522,0.07324986431851148,0.11708333333333315,0.1791666666666667,0.12661290322580648,0.3100775193798454,0.9302325581395301,0.9302325581395349,0.9002250562640617,248,240,372
24,256,0.1,0.11627906976744126,0.11627906976744126,0.13486005887046554,0.13486005887046554,0.12175329761074753,0.16306216931216938,0.2575000000000002,0.15138035500938754,0.294573643410852,0.8837209302325566,0.8837209302325582,0.8552138034508613,248,240,372
24,256,0.2,0.20930232558139583,0.20930232558139583,0.23565917344171283,0.23565917344171283,0.2165152809444789,0.21408371040724009,0.337962962962963,0.2056120547700249,0.26356589147286685,0.7906976744186027,0.7906976744186046,0.7651912978244545,248,240,372
24,256,0.3,0.30232558139534993,0.30232558139534993,0.33359422897077445,0.33359422897077445,0.3108974158764662,0.26979113202385213,0.41442307692307645,0.26201707446703715,0.2325581395348825,0.6976744186046531,0.6976744186046512,0.675168792198051,248,240,372
24,256,0.5,0.5116279069767424,0.5116279069767424,0.5460723264269184,0.5460723264269184,0.5208362257399309,0.42510580829959405,0.590530303030304,0.421430883876998,0.16279069767441778,0.4883720930232575,0.4883720930232558,0.4726181545386363,248,240,372
24,256,0.75,0.7674418604651142,0.7674418604651142,0.7924246128020077,0.7924246128020077,0.7741709888098487,0.6678452887150509,0.7993686868686833,0.6661580095026903,0.07751937984496136,0.2325581395348825,0.2325581395348837,0.2250562640660154,248,240,372
24,256,1.0,1.0,1.0,1.0,1.0,1.0,1.0,1.0,1.0,0.0,0.0,0.0,0.0,248,240,372
25,32,0.05,0.05232558139534896,0.05232558139534896,0.0855256036167161,0.0855256036167161,0.06102608121653728,0.09187302417006163,0.1618055555555557,0.12078726273086428,0.3158914728682164,0.9476744186046557,0.9476744186046512,0.9171042760690215,248,240,372
25,32,0.1,0.10174418604651224,0.10174418604651224,0.15293796072690166,0.15293796072690166,0.11526095147742775,0.1269790774228037,0.2204761904761906,0.14894793000724557,0.29941860465116427,0.8982558139534851,0.8982558139534884,0.8692798199549856,248,240,372
25,32,0.2,0.2005813953488364,0.2005813953488364,0.27539185818516837,0.27539185818516837,0.220447505779371,0.19765237584609263,0.32620772946859916,0.20901157610378615,0.2664728682170557,0.7994186046511601,0.7994186046511628,0.7736309077269294,248,240,372
25,32,0.3,0.30232558139534993,0.30232558139534993,0.3907184923802105,0.3907184923802105,0.32600615625426904,0.270178439799371,0.42183493589743565,0.2723792636249819,0.2325581395348825,0.6976744186046531,0.6976744186046512,0.675168792198051,248,240,372
25,32,0.5,0.5,0.5,0.5935449984031809,0.5935449984031809,0.5248802806243414,0.4147872628418058,0.5843992248062015,0.413010330171755,0.16666666666666646,0.5,0.5,0.4838709677419355,248,240,372
25,32,0.75,0.75,0.75,0.8180692089046181,0.8180692089046181,0.7676381513903139,0.6441956522152444,0.783091085271317,0.6463062418125275,0.08333333333333325,0.25,0.25,0.24193548387096775,248,240,372
25,32,1.0,1.0,1.0,1.0,1.0,1.0,1.0,1.0,1.0,0.0,0.0,0.0,0.0,248,240,372
25,64,0.05,0.05232558139534896,0.05232558139534896,0.07492582522883132,0.07492582522883132,0.058149384555709414,0.08720965309200594,0.1504629629629628,0.11829694657019146,0.3158914728682164,0.9476744186046557,0.9476744186046512,0.9171042760690215,248,240,372
25,64,0.1,0.10465116279069792,0.10465116279069792,0.14076101078720135,0.14076101078720135,0.11414850753385901,0.1266258245991649,0.21782407407407406,0.15729847225145283,0.2984496124031024,0.8953488372092994,0.8953488372093024,0.8664666166541608,248,240,372
25,64,0.2,0.20348837209302448,0.20348837209302448,0.2565374227059991,0.2565374227059991,0.21697179200063701,0.1941472098511306,0.3200000000000001,0.21229292465078617,0.26550387596899044,0.7965116279069736,0.7965116279069767,0.7708177044261038,248,240,372
25,64,0.3,0.30232558139534993,0.30232558139534993,0.36523821893447045,0.36523821893447045,0.3187005579462865,0.26657149467024166,0.41610576923076914,0.26990433497628585,0.2325581395348825,0.6976744186046531,0.6976744186046512,0.675168792198051,248,240,372
25,64,0.5,0.5,0.5,0.5676945517366131,0.5676945517366131,0.5178098985829177,0.414725145604732,0.5835271317829456,0.4150193907862371,0.16666666666666646,0.5,0.5,0.4838709677419355,248,240,372
25,64,0.75,0.75,0.75,0.800179049396119,0.800179049396119,0.7630805215963596,0.6466789989247181,0.7847868217054261,0.6485115733023733,0.08333333333333325,0.25,0.25,0.24193548387096775,248,240,372
25,64,1.0,1.0,1.0,1.0,1.0,1.0,1.0,1.0,1.0,0.0,0.0,0.0,0.0,248,240,372
25,128,0.05,0.05813953488372063,0.05813953488372063,0.07496073192229646,0.07496073192229646,0.062454753404852556,0.09431216931216917,0.15583333333333318,0.12642942481652167,0.31395348837209275,0.9418604651162846,0.9418604651162791,0.911477869467372,248,240,372
25,128,0.1,0.10465116279069792,0.10465116279069792,0.1298537829225954,0.1298537829225954,0.11138552361561517,0.1288534259857787,0.21620370370370373,0.1522250006476764,0.2984496124031024,0.8953488372092994,0.8953488372093024,0.8664666166541608,248,240,372
25,128,0.2,0.20930232558139583,0.20930232558139583,0.2471816557884465,0.2471816557884465,0.2197291936582263,0.20560611053995065,0.3333333333333327,0.21685091565902218,0.26356589147286685,0.7906976744186027,0.7906976744186046,0.7651912978244545,248,240,372
25,128,0.3,0.30232558139534993,0.30232558139534993,0.34697742624518024,0.34697742624518024,0.31469545211811234,0.26882989118425843,0.4184294871794869,0.27491244984886526,0.2325581395348825,0.6976744186046531,0.6976744186046512,0.675168792198051,248,240,372
25,128,0.5,0.5,0.5,0.5487699313697019,0.5487699313697019,0.5134164708069172,0.42292699167820036,0.5909883720930237,0.4170875984779209,0.16666666666666646,0.5,0.5,0.4838709677419355,248,240,372
25,128,0.75,0.755813953488371,0.755813953488371,0.7920529417441715,0.7920529417441715,0.7651926077727291,0.6529476754093959,0.7891025641025634,0.6552630156963004,0.0813953488372089,0.24418604651162876,0.2441860465116279,0.23630907726931816,248,240,372
25,128,1.0,1.0,1.0,1.0,1.0,1.0,1.0,1.0,1.0,0.0,0.0,0.0,0.0,248,240,372
25,256,0.05,0.06976744186046509,0.06976744186046509,0.08273142833287635,0.08273142833287635,0.0731353614117143,0.11958333333333312,0.1861111111111111,0.12822580645161294,0.3100775193798454,0.9302325581395301,0.9302325581395349,0.9002250562640617,248,240,372
25,256,0.1,0.11627906976744126,0.11627906976744126,0.13481606687665684,0.13481606687665684,0.1212908829605406,0.14017857142857137,0.22750000000000017,0.1652265745007683,0.294573643410852,0.8837209302325566,0.8837209302325582,0.8552138034508613,248,240,372
25,256,0.2,0.20930232558139583,0.20930232558139583,0.23589934246992605,0.23589934246992605,0.2165032740346008,0.21072404923507884,0.3342592592592596,0.21366902784122946,0.26356589147286685,0.7906976744186027,0.7906976744186046,0.7651912978244545,248,240,372
25,256,0.3,0.30232558139534993,0.30232558139534993,0.33397337733377397,0.33397337733377397,0.31091618270909754,0.27302067187217427,0.420192307692308,0.27717047919057103,0.2325581395348825,0.6976744186046531,0.6976744186046512,0.675168792198051,248,240,372
25,256,0.5,0.5116279069767424,0.5116279069767424,0.5464712043551346,0.5464712043551346,0.52089302768181,0.4237695694929432,0.59034090909091,0.42952056592215554,0.16279069767441778,0.4883720930232575,0.4883720930232558,0.4726181545386363,248,240,372
25,256,0.75,0.7674418604651142,0.7674418604651142,0.7928834403171662,0.7928834403171662,0.7744312675995589,0.671099761313177,0.8018939393939362,0.6691228062636666,0.07751937984496136,0.2325581395348825,0.2325581395348837,0.2250562640660154,248,240,372
25,256,1.0,1.0,1.0,1.0,1.0,1.0,1.0,1.0,1.0,0.0,0.0,0.0,0.0,248,240,372
26,32,0.05,0.05232558139534896,0.05232558139534896,0.08606141066098792,0.08606141066098792,0.0599166742871806,0.0906811245287206,0.15995370370370385,0.12027487275481304,0.3158914728682164,0.9476744186046557,0.9476744186046512,0.9171042760690215,248,240,372
26,32,0.1,0.10174418604651224,0.10174418604651224,0.15337785828295467,0.15337785828295467,0.11391218870602442,0.1257408044474659,0.21809523809523818,0.15331090571733472,0.29941860465116427,0.8982558139534851,0.8982558139534884,0.8692798199549856,248,240,372
26,32,0.2,0.2005813953488364,0.2005813953488364,0.27538779711270245,0.27538779711270245,0.21878339287741533,0.19430440830623547,0.32083333333333325,0.20886092470462453,0.2664728682170557,0.7994186046511601,0.7994186046511628,0.7736309077269294,248,240,372
26,32,0.3,0.30232558139534993,0.30232558139534993,0.39042378394996674,0.39042378394996674,0.3238175243338984,0.25840949900776145,0.40741185897435916,0.2722653979668477,0.2325581395348825,0.6976744186046531,0.6976744186046512,0.675168792198051,248,240,372
26,32,0.5,0.5,0.5,0.5931833108383058,0.5931833108383058,0.5225920046482274,0.40765164139252086,0.5773740310077514,0.4122605450245849,0.16666666666666646,0.5,0.5,0.4838709677419355,248,240,372
26,32,0.75,0.75,0.75,0.8179636148146219,0.8179636148146219,0.7665366038520155,0.6428929683313455,0.7821220930232544,0.648211082172712,0.08333333333333325,0.25,0.25,0.24193548387096775,248,240,372
26,32,1.0,1.0,1.0,1.0,1.0,1.0,1.0,1.0,1.0,0.0,0.0,0.0,0.0,248,240,372
26,64,0.05,0.05232558139534896,0.05232558139534896,0.07520387826833673,0.07520387826833673,0.05744851832499109,0.08748208898944183,0.15185185185185163,0.12090017430387466,0.3158914728682164,0.9476744186046557,0.9476744186046512,0.9171042760690215,248,240,372
26,64,0.1,0.10465116279069792,0.10465116279069792,0.1410211345335266,0.1410211345335266,0.11332042140457582,0.13264978426555005,0.226851851851852,0.15970885834681461,0.2984496124031024,0.8953488372092994,0.8953488372093024,0.8664666166541608,248,240,372
26,64,0.2,0.20348837209302448,0.20348837209302448,0.25661790110562727,0.25661790110562727,0.21631083645463903,0.19836707516268623,0.3258333333333335,0.21105797555403163,0.26550387596899044,0.7965116279069736,0.7965116279069767,0.7708177044261038,248,240,372
26,64,0.3,0.30232558139534993,0.30232558139534993,0.36523268966916916,0.36523268966916916,0.31707063871927565,0.25863004452208155,0.40697115384615346,0.27349430866587593,0.2325581395348825,0.6976744186046531,0.6976744186046512,0.675168792198051,248,240,372
26,64,0.5,0.5,0.5,0.5676528880794907,0.5676528880794907,0.515955401549753,0.4094909550087101,0.5786337209302324,0.4117078934807612,0.16666666666666646,0.5,0.5,0.4838709677419355,248,240,372
26,64,0.75,0.75,0.75,0.8001899714217515,0.8001899714217515,0.7620201873554363,0.6434751829626693,0.7824935400516789,0.6443110769987025,0.08333333333333325,0.25,0.25,0.24193548387096775,248,240,372
26,64,1.0,1.0,1.0,1.0,1.0,1.0,1.0,1.0,1.0,0.0,0.0,0.0,0.0,248,240,372
26,128,0.05,0.05813953488372063,0.05813953488372063,0.0748955696494393,0.0748955696494393,0.06187420659123832,0.087251984126984,0.14249999999999982,0.12529868578255676,0.31395348837209275,0.9418604651162846,0.9418604651162791,0.911477869467372,248,240,372
26,128,0.1,0.10465116279069792,0.10465116279069792,0.12981351885138442,0.12981351885138442,0.11068318524772545,0.1296574014221071,0.21805555555555572,0.1560652780173655,0.2984496124031024,0.8953488372092994,0.8953488372093024,0.8664666166541608,248,240,372
26,128,0.2,0.20930232558139583,0.20930232558139583,0.24714071410557487,0.24714071410557487,0.21827635729327635,0.2004114388505053,0.3261574074074068,0.20878839477384517,0.26356589147286685,0.7906976744186027,0.7906976744186046,0.7651912978244545,248,240,372
26,128,0.3,0.30232558139534993,0.30232558139534993,0.34677486026249604,0.34677486026249604,0.31241715950997656,0.2530046470877203,0.3985576923076921,0.27200299327755506,0.2325581395348825,0.6976744186046531,0.6976744186046512,0.675168792198051,248,240,372
26,128,0.5,0.5,0.5,0.5483575654921456,0.5483575654921456,0.5108104838284657,0.4058430143163206,0.5741279069767444,0.4124311706467101,0.16666666666666646,0.5,0.5,0.4838709677419355,248,240,372
26,128,0.75,0.755813953488371,0.755813953488371,0.7917206384470392,0.7917206384470392,0.763990295744607,0.6499400733729466,0.7868589743589748,0.6532908573761951,0.0813953488372089,0.24418604651162876,0.2441860465116279,0.23630907726931816,248,240,372
26,128,1.0,1.0,1.0,1.0,1.0,1.0,1.0,1.0,1.0,0.0,0.0,0.0,0.0,248,240,372
26,256,0.05,0.06976744186046509,0.06976744186046509,0.08288592777464603,0.08288592777464603,0.07283629033496188,0.09708333333333315,0.15694444444444447,0.13091397849462366,0.3100775193798454,0.9302325581395301,0.9302325581395349,0.9002250562640617,248,240,372
26,256,0.1,0.11627906976744126,0.11627906976744126,0.1349412725570179,0.1349412725570179,0.12084032235716877,0.1350033068783067,0.2191666666666668,0.15494324970131443,0.294573643410852,0.8837209302325566,0.8837209302325582,0.8552138034508613,248,240,372
26,256,0.2,0.20930232558139583,0.20930232558139583,0.23579174614770124,0.23579174614770124,0.21546580629936096,0.19589278980823124,0.3143518518518518,0.21992880222244587,0.26356589147286685,0.7906976744186027,0.7906976744186046,0.7651912978244545,248,240,372
26,256,0.3,0.30232558139534993,0.30232558139534993,0.3338146959279634,0.3338146959279634,0.30950913291116516,0.26359275856171466,0.4070512820512825,0.26807588766523216,0.2325581395348825,0.6976744186046531,0.6976744186046512,0.675168792198051,248,240,372
26,256,0.5,0.5116279069767424,0.5116279069767424,0.5462992201628034,0.5462992201628034,0.5193504889249565,0.41567340025245086,0.5816287878787885,0.41537935983196334,0.16279069767441778,0.4883720930232575,0.4883720930232558,0.4726181545386363,248,240,372
26,256,0.75,0.7674418604651142,0.7674418604651142,0.7926378629999365,0.7926378629999365,0.7732459502735367,0.6636779725575745,0.796212121212118,0.6679217893861752,0.07751937984496136,0.2325581395348825,0.2325581395348837,0.2250562640660154,248,240,372
26,256,1.0,1.0,1.0,1.0,1.0,1.0,1.0,1.0,1.0,0.0,0.0,0.0,0.0,248,240,372
27,32,0.05,0.05232558139534896,0.05232558139534896,0.08877649607511755,0.08877649607511755,0.06298530356567691,0.10187814201246195,0.17870370370370386,0.12798999340641948,0.3158914728682164,0.9476744186046557,0.9476744186046512,0.9171042760690215,248,240,372
27,32,0.1,0.10174418604651224,0.10174418604651224,0.15593351870231403,0.15593351870231403,0.11698500465020233,0.1338568836832547,0.23071428571428582,0.15535422339533012,0.29941860465116427,0.8982558139534851,0.8982558139534884,0.8692798199549856,248,240,372
27,32,0.2,0.2005813953488364,0.2005813953488364,0.27755953016447477,0.27755953016447477,0.22223627939825494,0.19813263159915495,0.3270531400966183,0.21434171593815823,0.2664728682170557,0.7994186046511601,0.7994186046511628,0.7736309077269294,248,240,372
27,32,0.3,0.30232558139534993,0.30232558139534993,0.39233497601194134,0.39233497601194134,0.3270243542327744,0.2661041545060758,0.41758814102564124,0.27792370867487587,0.2325581395348825,0.6976744186046531,0.6976744186046512,0.675168792198051,248,240,372
27,32,0.5,0.5,0.5,0.5945895140098061,0.5945895140098061,0.5257366493725871,0.412336712910288,0.5821220930232557,0.4168983536650843,0.16666666666666646,0.5,0.5,0.4838709677419355,248,240,372
27,32,0.75,0.75,0.75,0.8186077844663985,0.8186077844663985,0.7686405434392828,0.6466513244731494,0.7849160206718337,0.6495670532825424,0.08333333333333325,0.25,0.25,0.24193548387096775,248,240,372
27,32,1.0,1.0,1.0,1.0,1.0,1.0,1.0,1.0,1.0,0.0,0.0,0.0,0.0,248,240,372
27,64,0.05,0.05232558139534896,0.05232558139534896,0.07799896524660446,0.07799896524660446,0.05949522948964456,0.09187412464985983,0.1601851851851849,0.1348761809032209,0.3158914728682164,0.9476744186046557,0.9476744186046512,0.9171042760690215,248,240,372
27,64,0.1,0.10465116279069792,0.10465116279069792,0.1437426107048893,0.1437426107048893,0.11560026853253116,0.13233902851085735,0.22708333333333355,0.15856109664024706,0.2984496124031024,0.8953488372092994,0.8953488372093024,0.8664666166541608,248,240,372
27,64,0.2,0.20348837209302448,0.20348837209302448,0.25896382998615924,0.25896382998615924,0.21851819801098912,0.1995185110497954,0.32797619047619087,0.2189576473992188,0.26550387596899044,0.7965116279069736,0.7965116279069767,0.7708177044261038,248,240,372
27,64,0.3,0.30232558139534993,0.30232558139534993,0.3671289005018811,0.3671289005018811,0.3202372456798724,0.2698557699700169,0.42091346153846165,0.27972385251810794,0.2325581395348825,0.6976744186046531,0.6976744186046512,0.675168792198051,248,240,372
27,64,0.5,0.5,0.5,0.5690103522883349,0.5690103522883349,0.5193080513360093,0.4151804732778071,0.5843992248062012,0.41896634769869184,0.16666666666666646,0.5,0.5,0.4838709677419355,248,240,372
27,64,0.75,0.75,0.75,0.8008735915647274,0.8008735915647274,0.7645696419237726,0.6510962515436395,0.7880490956072345,0.6532447077686595,0.08333333333333325,0.25,0.25,0.24193548387096775,248,240,372
27,64,1.0,1.0,1.0,1.0,1.0,1.0,1.0,1.0,1.0,0.0,0.0,0.0,0.0,248,240,372
27,128,0.05,0.05813953488372063,0.05813953488372063,0.07763239421796743,0.07763239421796743,0.06403448524347778,0.1130291005291004,0.18333333333333338,0.14131037719747414,0.31395348837209275,0.9418604651162846,0.9418604651162791,0.911477869467372,248,240,372
27,128,0.1,0.10465116279069792,0.10465116279069792,0.1324942035865235,0.1324942035865235,0.11333113804715907,0.13926659125188517,0.23240740740740748,0.17234709076502275,0.2984496124031024,0.8953488372092994,0.8953488372093024,0.8664666166541608,248,240,372
27,128,0.2,0.20930232558139583,0.20930232558139583,0.24957421528593765,0.24957421528593765,0.22151422514280789,0.22072590677423687,0.35393518518518496,0.2323351604888492,0.26356589147286685,0.7906976744186027,0.7906976744186046,0.7651912978244545,248,240,372
27,128,0.3,0.30232558139534993,0.30232558139534993,0.34896970709029485,0.34896970709029485,0.3160358537063063,0.27591579057665483,0.4274038461538459,0.28510231920364937,0.2325581395348825,0.6976744186046531,0.6976744186046512,0.675168792198051,248,240,372
27,128,0.5,0.5,0.5,0.5501824989684532,0.5501824989684532,0.5148207122700773,0.4207772859040451,0.5896317829457366,0.4280862191194262,0.16666666666666646,0.5,0.5,0.4838709677419355,248,240,372
27,128,0.75,0.755813953488371,0.755813953488371,0.7926800719539416,0.7926800719539416,0.7663530402792044,0.6553245851560277,0.7908974358974354,0.6581394085102752,0.0813953488372089,0.24418604651162876,0.2441860465116279,0.23630907726931816,248,240,372
27,128,1.0,1.0,1.0,1.0,1.0,1.0,1.0,1.0,1.0,0.0,0.0,0.0,0.0,248,240,372
27,256,0.05,0.06976744186046509,0.06976744186046509,0.08459617293845267,0.08459617293845267,0.07480245139331441,0.14166666666666655,0.20833333333333348,0.13709677419354843,0.3100775193798454,0.9302325581395301,0.9302325581395349,0.9002250562640617,248,240,372
27,256,0.1,0.11627906976744126,0.11627906976744126,0.13680306092225913,0.13680306092225913,0.12254079040462193,0.15148809523809523,0.2441666666666668,0.16492788871821165,0.294573643410852,0.8837209302325566,0.8837209302325582,0.8552138034508613,248,240,372
27,256,0.2,0.20930232558139583,0.20930232558139583,0.2376937300244888,0.2376937300244888,0.2175594370603447,0.21172169129889748,0.3356481481481481,0.22849585976957953,0.26356589147286685,0.7906976744186027,0.7906976744186046,0.7651912978244545,248,240,372
27,256,0.3,0.30232558139534993,0.30232558139534993,0.33546324591921994,0.33546324591921994,0.31198692986163085,0.2776569086057326,0.42275641025641036,0.28888118425322323,0.2325581395348825,0.6976744186046531,0.6976744186046512,0.675168792198051,248,240,372
27,256,0.5,0.5116279069767424,0.5116279069767424,0.54739498046561,0.54739498046561,0.5221744552378126,0.4345588545122727,0.6005681818181824,0.42683825528435154,0.16279069767441778,0.4883720930232575,0.4883720930232558,0.4726181545386363,248,240,372
27,256,0.75,0.7674418604651142,0.7674418604651142,0.7931354544189936,0.7931354544189936,0.7749682200000284,0.6718482781304275,0.8022727272727241,0.6700159384257222,0.07751937984496136,0.2325581395348825,0.2325581395348837,0.2250562640660154,248,240,372
27,256,1.0,1.0,1.0,1.0,1.0,1.0,1.0,1.0,1.0,0.0,0.0,0.0,0.0,248,240,372
28,32,0.05,0.05232558139534896,0.05232558139534896,0.08915230366915099,0.08915230366915099,0.060879025224460606,0.09275152825883204,0.16296296296296314,0.128597506859475,0.3158914728682164,0.9476744186046557,0.9476744186046512,0.9171042760690215,248,240,372
28,32,0.1,0.10174418604651224,0.10174418604651224,0.15644288851742613,0.15644288851742613,0.1153835037913483,0.13001108617529794,0.22440476190476202,0.15845565383264687,0.29941860465116427,0.8982558139534851,0.8982558139534884,0.8692798199549856,248,240,372
28,32,0.2,0.2005813953488364,0.2005813953488364,0.2782229975574428,0.2782229975574428,0.22073749450183255,0.19950447381696795,0.32844202898550723,0.21793777398114203,0.2664728682170557,0.7994186046511601,0.7994186046511628,0.7736309077269294,248,240,372
28,32,0.3,0.30232558139534993,0.30232558139534993,0.3929690110594239,0.3929690110594239,0.325412007692167,0.26542326292824203,0.4164663461538463,0.27904949856842737,0.2325581395348825,0.6976744186046531,0.6976744186046512,0.675168792198051,248,240,372
28,32,0.5,0.5,0.5,0.5950126408593827,0.5950126408593827,0.5240191068043312,0.41548740223956593,0.5851986434108529,0.4214595142187909,0.16666666666666646,0.5,0.5,0.4838709677419355,248,240,372
28,32,0.75,0.75,0.75,0.818855862633732,0.818855862633732,0.7677808931081723,0.6478971093941243,0.7858688630490944,0.6519655346714288,0.08333333333333325,0.25,0.25,0.24193548387096775,248,240,372
28,32,1.0,1.0,1.0,1.0,1.0,1.0,1.0,1.0,1.0,0.0,0.0,0.0,0.0,248,240,372
28,64,0.05,0.05232558139534896,0.05232558139534896,0.07796793026973664,0.07796793026973664,0.05789957386194223,0.08016853856927378,0.14120370370370353,0.12291148130806587,0.3158914728682164,0.9476744186046557,0.9476744186046512,0.9171042760690215,248,240,372
28,64,0.1,0.10465116279069792,0.10465116279069792,0.14351453437600326,0.14351453437600326,0.11369528212456863,0.12376487298580051,0.21458333333333346,0.15718664355521275,0.2984496124031024,0.8953488372092994,0.8953488372093024,0.8664666166541608,248,240,372
28,64,0.2,0.20348837209302448,0.20348837209302448,0.2587323883005575,0.2587323883005575,0.21651380908639742,0.19071854194899757,0.31452380952380987,0.21721615463857658,0.26550387596899044,0.7965116279069736,0.7965116279069767,0.7708177044261038,248,240,372
28,64,0.3,0.30232558139534993,0.30232558139534993,0.3670320846559194,0.3670320846559194,0.3178318039658941,0.26246976774048325,0.4110576923076923,0.2840178191008393,0.2325581395348825,0.6976744186046531,0.6976744186046512,0.675168792198051,248,240,372
28,64,0.5,0.5,0.5,0.5688241758392066,0.5688241758392066,0.5163006979006322,0.41175008808258856,0.5811046511627899,0.42166294652335845,0.16666666666666646,0.5,0.5,0.4838709677419355,248,240,372
28,64,0.75,0.75,0.75,0.8006808490976082,0.8006808490976082,0.7623535102630371,0.6468058364583519,0.7850129198966401,0.6516626205556711,0.08333333333333325,0.25,0.25,0.24193548387096775,248,240,372
28,64,1.0,1.0,1.0,1.0,1.0,1.0,1.0,1.0,1.0,0.0,0.0,0.0,0.0,248,240,372
28,128,0.05,0.05813953488372063,0.05813953488372063,0.07742322466220487,0.07742322466220487,0.061913100681027664,0.07688492063492051,0.1283333333333331,0.12475465096432846,0.31395348837209275,0.9418604651162846,0.9418604651162791,0.911477869467372,248,240,372
28,128,0.1,0.10465116279069792,0.10465116279069792,0.13229929484231515,0.13229929484231515,0.11065101017814069,0.11869137602593473,0.1981481481481483,0.14834919981978825,0.2984496124031024,0.8953488372092994,0.8953488372093024,0.8664666166541608,248,240,372
28,128,0.2,0.20930232558139583,0.20930232558139583,0.2493488859519294,0.2493488859519294,0.21797197359967227,0.19209376127781824,0.31458333333333294,0.21442761736196306,0.26356589147286685,0.7906976744186027,0.7906976744186046,0.7651912978244545,248,240,372
28,128,0.3,0.30232558139534993,0.30232558139534993,0.34868461150660734,0.34868461150660734,0.31264029608014937,0.2578114574435054,0.40368589743589717,0.272764876854279,0.2325581395348825,0.6976744186046531,0.6976744186046512,0.675168792198051,248,240,372
28,128,0.5,0.5,0.5,0.5495991792797098,0.5495991792797098,0.5110918938706854,0.4123597064834505,0.5803294573643409,0.4195170017050375,0.16666666666666646,0.5,0.5,0.4838709677419355,248,240,372
28,128,0.75,0.755813953488371,0.755813953488371,0.7922039302250782,0.7922039302250782,0.7639086502134448,0.6518937862030516,0.7882051282051282,0.6569515542126103,0.0813953488372089,0.24418604651162876,0.2441860465116279,0.23630907726931816,248,240,372
28,128,1.0,1.0,1.0,1.0,1.0,1.0,1.0,1.0,1.0,0.0,0.0,0.0,0.0,248,240,372
28,256,0.05,0.06976744186046509,0.06976744186046509,0.08517671802111779,0.08517671802111779,0.07223330620826136,0.08124999999999986,0.13194444444444428,0.1260752688172043,0.3100775193798454,0.9302325581395301,0.9302325581395349,0.9002250562640617,248,240,372
28,256,0.1,0.11627906976744126,0.11627906976744126,0.13730381890360602,0.13730381890360602,0.12003912824540426,0.12455357142857124,0.20500000000000015,0.15383384536610364,0.294573643410852,0.8837209302325566,0.8837209302325582,0.8552138034508613,248,240,372
28,256,0.2,0.20930232558139583,0.20930232558139583,0.2381788823192473,0.2381788823192473,0.21507450117480306,0.1902560735832795,0.3060185185185184,0.21762605278971553,0.26356589147286685,0.7906976744186027,0.7906976744186046,0.7651912978244545,248,240,372
28,256,0.3,0.30232558139534993,0.30232558139534993,0.33579404075924085,0.33579404075924085,0.3094163160670831,0.25972915296877136,0.40096153846153865,0.2776017421731372,0.2325581395348825,0.6976744186046531,0.6976744186046512,0.675168792198051,248,240,372
28,256,0.5,0.5116279069767424,0.5116279069767424,0.5473799520898682,0.5473799520898682,0.5196962761532099,0.4161336158922056,0.5823863636363644,0.4354355072515698,0.16279069767441778,0.4883720930232575,0.4883720930232558,0.4726181545386363,248,240,372
28,256,0.75,0.7674418604651142,0.7674418604651142,0.7931061159922554,0.7931061159922554,0.7729955501665773,0.6713383576185289,0.8016414141414109,0.6731136888946673,0.07751937984496136,0.2325581395348825,0.2325581395348837,0.2250562640660154,248,240,372
28,256,1.0,1.0,1.0,1.0,1.0,1.0,1.0,1.0,1.0,0.0,0.0,0.0,0.0,248,240,372
29,32,0.05,0.05232558139534896,0.05232558139534896,0.08839096379144723,0.08839096379144723,0.06205187154870628,0.10167650121349478,0.1775462962962965,0.1348298921070924,0.3158914728682164,0.9476744186046557,0.9476744186046512,0.9171042760690215,248,240,372
29,32,0.1,0.10174418604651224,0.10174418604651224,0.15627177747532717,0.15627177747532717,0.11700312406766633,0.145487990639621,0.2479761904761906,0.16613354518172735,0.29941860465116427,0.8982558139534851,0.8982558139534884,0.8692798199549856,248,240,372
29,32,0.2,0.2005813953488364,0.2005813953488364,0.2788466985208422,0.2788466985208422,0.22357684852920542,0.21524864682158787,0.3497584541062802,0.22894504305000474,0.2664728682170557,0.7994186046511601,0.7994186046511628,0.7736309077269294,248,240,372
29,32,0.3,0.30232558139534993,0.30232558139534993,0.3940626457382733,0.3940626457382733,0.3295888710376845,0.2835528594439201,0.43826121794871803,0.29499756539505273,0.2325581395348825,0.6976744186046531,0.6976744186046512,0.675168792198051,248,240,372
29,32,0.5,0.5,0.5,0.5966775526650573,0.5966775526650573,0.5299945884004713,0.42953495226201355,0.5990067829457366,0.4368614872847535,0.16666666666666646,0.5,0.5,0.4838709677419355,248,240,372
29,32,0.75,0.75,0.75,0.8202370956736051,0.8202370956736051,0.7712955470937006,0.6564198121102323,0.7920865633074926,0.6615265100799868,0.08333333333333325,0.25,0.25,0.24193548387096775,248,240,372
29,32,1.0,1.0,1.0,1.0,1.0,1.0,1.0,1.0,1.0,0.0,0.0,0.0,0.0,248,240,372
29,64,0.05,0.05232558139534896,0.05232558139534896,0.07716442568594455,0.07716442568594455,0.05903306075197316,0.0969853614522731,0.1643518518518519,0.13180773211608132,0.3158914728682164,0.9476744186046557,0.9476744186046512,0.9171042760690215,248,240,372
29,64,0.1,0.10465116279069792,0.10465116279069792,0.14344119900344857,0.14344119900344857,0.11522054517387813,0.13814103049461005,0.23333333333333345,0.16650329998550517,0.2984496124031024,0.8953488372092994,0.8953488372093024,0.8664666166541608,248,240,372
29,64,0.2,0.20348837209302448,0.20348837209302448,0.2593457149507877,0.2593457149507877,0.21921426421489698,0.21664344998028554,0.35011904761904755,0.22637562552301954,0.26550387596899044,0.7965116279069736,0.7965116279069767,0.7708177044261038,248,240,372
29,64,0.3,0.30232558139534993,0.30232558139534993,0.36807011151432456,0.36807011151432456,0.3208919785291362,0.2773570436330194,0.430048076923077,0.2965542734377087,0.2325581395348825,0.6976744186046531,0.6976744186046512,0.675168792198051,248,240,372
29,64,0.5,0.5,0.5,0.5701778367777173,0.5701778367777173,0.5206954548475526,0.43021769511016517,0.5995155038759684,0.43809116665407954,0.16666666666666646,0.5,0.5,0.4838709677419355,248,240,372
29,64,0.75,0.75,0.75,0.8017608600615383,0.8017608600615383,0.767081969679772,0.6587806802990623,0.7937015503875965,0.6660203150153794,0.08333333333333325,0.25,0.25,0.24193548387096775,248,240,372
29,64,1.0,1.0,1.0,1.0,1.0,1.0,1.0,1.0,1.0,0.0,0.0,0.0,0.0,248,240,372
29,128,0.05,0.05813953488372063,0.05813953488372063,0.07614089653264686,0.07614089653264686,0.06227184068068047,0.08908730158730148,0.14583333333333315,0.12673877794845548,0.31395348837209275,0.9418604651162846,0.9418604651162791,0.911477869467372,248,240,372
29,128,0.1,0.10465116279069792,0.10465116279069792,0.1311389545381596,0.1311389545381596,0.11115510231278966,0.12573212939021744,0.21250000000000016,0.15728994282125247,0.2984496124031024,0.8953488372092994,0.8953488372093024,0.8664666166541608,248,240,372
29,128,0.2,0.20930232558139583,0.20930232558139583,0.2486516440948944,0.2486516440948944,0.21951482202168546,0.20462100447455162,0.3314814814814811,0.22921010029620797,0.26356589147286685,0.7906976744186027,0.7906976744186046,0.7651912978244545,248,240,372
29,128,0.3,0.30232558139534993,0.30232558139534993,0.34840247907211896,0.34840247907211896,0.31477804635725476,0.271953079140389,0.42099358974358975,0.2903026976729133,0.2325581395348825,0.6976744186046531,0.6976744186046512,0.675168792198051,248,240,372
29,128,0.5,0.5,0.5,0.549815174739481,0.549815174739481,0.5139287636697499,0.42452248076013654,0.5929263565891475,0.4346931715327938,0.16666666666666646,0.5,0.5,0.4838709677419355,248,240,372
29,128,0.75,0.755813953488371,0.755813953488371,0.7926248511900961,0.7926248511900961,0.7660268952786474,0.6636401828890081,0.7968589743589739,0.6695648349001481,0.0813953488372089,0.24418604651162876,0.2441860465116279,0.23630907726931816,248,240,372
29,128,1.0,1.0,1.0,1.0,1.0,1.0,1.0,1.0,1.0,0.0,0.0,0.0,0.0,248,240,372
29,256,0.05,0.06976744186046509,0.06976744186046509,0.08425435504367407,0.08425435504367407,0.07319411405090706,0.12083333333333318,0.1847222222222223,0.14193548387096785,0.3100775193798454,0.9302325581395301,0.9302325581395349,0.9002250562640617,248,240,372
29,256,0.1,0.11627906976744126,0.11627906976744126,0.13647269971842496,0.13647269971842496,0.121622261829047,0.14758597883597882,0.23833333333333342,0.17654463218979374,0.294573643410852,0.8837209302325566,0.8837209302325582,0.8552138034508613,248,240,372
29,256,0.2,0.20930232558139583,0.20930232558139583,0.2376990412477803,0.2376990412477803,0.21676101526752603,0.21040799274255173,0.33611111111111125,0.23420234098602274,0.26356589147286685,0.7906976744186027,0.7906976744186046,0.7651912978244545,248,240,372
29,256,0.3,0.30232558139534993,0.30232558139534993,0.3357773371535907,0.3357773371535907,0.3115167738828814,0.28369627309121187,0.4333333333333333,0.2921236796429867,0.2325581395348825,0.6976744186046531,0.6976744186046512,0.675168792198051,248,240,372
29,256,0.5,0.5116279069767424,0.5116279069767424,0.5482571469043335,0.5482571469043335,0.5226299715323874,0.44875827273673924,0.6134469696969701,0.44559534404616474,0.16279069767441778,0.4883720930232575,0.4883720930232558,0.4726181545386363,248,240,372
29,256,0.75,0.7674418604651142,0.7674418604651142,0.7940409907976737,0.7940409907976737,0.7754437840809802,0.6809581487578403,0.8085858585858553,0.6889116436197067,0.07751937984496136,0.2325581395348825,0.2325581395348837,0.2250562640660154,248,240,372
29,256,1.0,1.0,1.0,1.0,1.0,1.0,1.0,1.0,1.0,0.0,0.0,0.0,0.0,248,240,372
30,32,0.05,0.05232558139534896,0.05232558139534896,0.09159205568005353,0.09159205568005353,0.06409220779778836,0.1123602685224543,0.19513888888888892,0.15106302327170756,0.3158914728682164,0.9476744186046557,0.9476744186046512,0.9171042760690215,248,240,372
30,32,0.1,0.10174418604651224,0.10174418604651224,0.16034540448485238,0.16034540448485238,0.12015514114408991,0.15606916148032024,0.2645238095238097,0.1817620881450791,0.29941860465116427,0.8982558139534851,0.8982558139534884,0.8692798199549856,248,240,372
30,32,0.2,0.2005813953488364,0.2005813953488364,0.2837886099257432,0.2837886099257432,0.22805451595619466,0.22679028693575068,0.36497584541062805,0.24837980388599376,0.2664728682170557,0.7994186046511601,0.7994186046511628,0.7736309077269294,248,240,372
30,32,0.3,0.30232558139534993,0.30232558139534993,0.3995253841861947,0.3995253841861947,0.3355609234267824,0.3020762218192169,0.4604166666666666,0.31663204133800665,0.2325581395348825,0.6976744186046531,0.6976744186046512,0.675168792198051,248,240,372
30,32,0.5,0.5,0.5,0.6018026145039735,0.6018026145039735,0.5369043557005829,0.453016680243337,0.6216085271317827,0.4579264594755783,0.16666666666666646,0.5,0.5,0.4838709677419355,248,240,372
30,32,0.75,0.75,0.75,0.8235893629224228,0.8235893629224228,0.7782956628725793,0.6716621008918102,0.8030200258397927,0.676127624575902,0.08333333333333325,0.25,0.25,0.24193548387096775,248,240,372
30,32,1.0,1.0,1.0,1.0,1.0,1.0,1.0,1.0,1.0,0.0,0.0,0.0,0.0,248,240,372
30,64,0.05,0.05232558139534896,0.05232558139534896,0.07971125322817697,0.07971125322817697,0.0603624748055708,0.11212568681318663,0.19074074074074082,0.1461041488555722,0.3158914728682164,0.9476744186046557,0.9476744186046512,0.9171042760690215,248,240,372
30,64,0.1,0.10465116279069792,0.10465116279069792,0.14690189412283203,0.14690189412283203,0.117562269277167,0.1552272947005084,0.261111111111111,0.18529519393328003,0.2984496124031024,0.8953488372092994,0.8953488372093024,0.8664666166541608,248,240,372
30,64,0.2,0.20348837209302448,0.20348837209302448,0.26373891362562535,0.26373891362562535,0.2241781467747141,0.23501784102009843,0.3750000000000002,0.2595899925867113,0.26550387596899044,0.7965116279069736,0.7965116279069767,0.7708177044261038,248,240,372
30,64,0.3,0.30232558139534993,0.30232558139534993,0.3726927162104888,0.3726927162104888,0.3269501490416837,0.30887721780861227,0.46738782051282046,0.32352540745127734,0.2325581395348825,0.6976744186046531,0.6976744186046512,0.675168792198051,248,240,372
30,64,0.5,0.5,0.5,0.5745860681336057,0.5745860681336057,0.5261613910791784,0.44860702961928517,0.616908914728682,0.45838705719078565,0.16666666666666646,0.5,0.5,0.4838709677419355,248,240,372
30,64,0.75,0.75,0.75,0.8047572320724325,0.8047572320724325,0.7698557144246607,0.6729456558889989,0.8036821705426358,0.6781701991670546,0.08333333333333325,0.25,0.25,0.24193548387096775,248,240,372
30,64,1.0,1.0,1.0,1.0,1.0,1.0,1.0,1.0,1.0,0.0,0.0,0.0,0.0,248,240,372
30,128,0.05,0.05813953488372063,0.05813953488372063,0.07863008163334839,0.07863008163334839,0.06403682920995996,0.10909391534391519,0.1791666666666667,0.1577914319849806,0.31395348837209275,0.9418604651162846,0.9418604651162791,0.911477869467372,248,240,372
30,128,0.1,0.10465116279069792,0.10465116279069792,0.13447906029387188,0.13447906029387188,0.11373975083818069,0.14669448810992922,0.24259259259259275,0.18973221591817446,0.2984496124031024,0.8953488372092994,0.8953488372093024,0.8664666166541608,248,240,372
30,128,0.2,0.20930232558139583,0.20930232558139583,0.2531105532833369,0.2531105532833369,0.22358786693791247,0.23060817141130316,0.367129629629629,0.26066710539476534,0.26356589147286685,0.7906976744186027,0.7906976744186046,0.7651912978244545,248,240,372
30,128,0.3,0.30232558139534993,0.30232558139534993,0.35315379222678517,0.35315379222678517,0.31940996833464685,0.30627271642437287,0.46362179487179456,0.32558231196609894,0.2325581395348825,0.6976744186046531,0.6976744186046512,0.675168792198051,248,240,372
30,128,0.5,0.5,0.5,0.5542808598892479,0.5542808598892479,0.5186739191726796,0.4524254217100393,0.6194767441860463,0.465716830816987,0.16666666666666646,0.5,0.5,0.4838709677419355,248,240,372
30,128,0.75,0.755813953488371,0.755813953488371,0.7953219974064984,0.7953219974064984,0.7702642535617437,0.6785958163367275,0.8074358974358963,0.6843416371607709,0.0813953488372089,0.24418604651162876,0.2441860465116279,0.23630907726931816,248,240,372
30,128,1.0,1.0,1.0,1.0,1.0,1.0,1.0,1.0,1.0,0.0,0.0,0.0,0.0,248,240,372
30,256,0.05,0.06976744186046509,0.06976744186046509,0.08523281433932925,0.08523281433932925,0.07348478697926777,0.10958333333333314,0.17361111111111122,0.1537634408602152,0.3100775193798454,0.9302325581395301,0.9302325581395349,0.9002250562640617,248,240,372
30,256,0.1,0.11627906976744126,0.11627906976744126,0.13775879611529498,0.13775879611529498,0.12160298057048544,0.1454695767195767,0.23750000000000016,0.1846838197644653,0.294573643410852,0.8837209302325566,0.8837209302325582,0.8552138034508613,248,240,372
30,256,0.2,0.20930232558139583,0.20930232558139583,0.23925833753595957,0.23925833753595957,0.21708499432031586,0.2139361741199979,0.3370370370370371,0.2440342666504913,0.26356589147286685,0.7906976744186027,0.7906976744186046,0.7651912978244545,248,240,372
30,256,0.3,0.30232558139534993,0.30232558139534993,0.33754898977057257,0.33754898977057257,0.3118379737535125,0.2826071487409655,0.4298076923076925,0.3058070753498008,0.2325581395348825,0.6976744186046531,0.6976744186046512,0.675168792198051,248,240,372
30,256,0.5,0.5116279069767424,0.5116279069767424,0.549805115536273,0.549805115536273,0.5231138933897733,0.4507205884050668,0.616856060606061,0.46061258182288506,0.16279069767441778,0.4883720930232575,0.4883720930232558,0.4726181545386363,248,240,372
30,256,0.75,0.7674418604651142,0.7674418604651142,0.7949748027271885,0.7949748027271885,0.7768595632450279,0.6836070009626417,0.8103535353535322,0.6938271234436011,0.07751937984496136,0.2325581395348825,0.2325581395348837,0.2250562640660154,248,240,372
30,256,1.0,1.0,1.0,1.0,1.0,1.0,1.0,1.0,1.0,0.0,0.0,0.0,0.0,248,240,372
31,32,0.05,0.05232558139534896,0.05232558139534896,0.1080902034862131,0.1080902034862131,0.07877490399938697,0.20747424037600753,0.3326388888888887,0.21128618468775567,0.3158914728682164,0.9476744186046557,0.9476744186046512,0.9171042760690215,248,240,372
31,32,0.1,0.10174418604651224,0.10174418604651224,0.18264092580825764,0.18264092580825764,0.14075136974119629,0.23297300568795,0.3695238095238098,0.24983742649057397,0.29941860465116427,0.8982558139534851,0.8982558139534884,0.8692798199549856,248,240,372
31,32,0.2,0.2005813953488364,0.2005813953488364,0.310390103343222,0.310390103343222,0.254549871112905,0.3008580898150578,0.45591787439613574,0.3083952833752451,0.2664728682170557,0.7994186046511601,0.7994186046511628,0.7736309077269294,248,240,372
31,32,0.3,0.30232558139534993,0.30232558139534993,0.42600806443726497,0.42600806443726497,0.36424845585289856,0.3692689732146696,0.534375,0.3726761083719339,0.2325581395348825,0.6976744186046531,0.6976744186046512,0.675168792198051,248,240,372
31,32,0.5,0.5,0.5,0.6231681735660917,0.6231681735660917,0.5627543836156039,0.4925326804670255,0.6575096899224807,0.4899526160166538,0.16666666666666646,0.5,0.5,0.4838709677419355,248,240,372
31,32,0.75,0.75,0.75,0.834728129075494,0.834728129075494,0.7922710545648465,0.6898318893484017,0.8158430232558144,0.6910783438778382,0.08333333333333325,0.25,0.25,0.24193548387096775,248,240,372
31,32,1.0,1.0,1.0,1.0,1.0,1.0,1.0,1.0,1.0,0.0,0.0,0.0,0.0,248,240,372
31,64,0.05,0.05232558139534896,0.05232558139534896,0.09076052355235359,0.09076052355235359,0.07147728889827996,0.22514490411549276,0.35370370370370374,0.22554271708683526,0.3158914728682164,0.9476744186046557,0.9476744186046512,0.9171042760690215,248,240,372
31,64,0.1,0.10465116279069792,0.10465116279069792,0.1622513466960615,0.1622513466960615,0.13252667150075245,0.24901216725852518,0.38912037037037,0.24979311677016464,0.2984496124031024,0.8953488372092994,0.8953488372093024,0.8664666166541608,248,240,372
31,64,0.2,0.20348837209302448,0.20348837209302448,0.2829708202662304,0.2829708202662304,0.24193912925919647,0.3006646417192956,0.45547619047619065,0.30704014519313516,0.26550387596899044,0.7965116279069736,0.7965116279069767,0.7708177044261038,248,240,372
31,64,0.3,0.30232558139534993,0.30232558139534993,0.39282679706903306,0.39282679706903306,0.3456468518310745,0.35749959549878924,0.521073717948718,0.3656726053912363,0.2325581395348825,0.6976744186046531,0.6976744186046512,0.675168792198051,248,240,372
31,64,0.5,0.5,0.5,0.592044155818778,0.592044155818778,0.5450870314653202,0.48736517214827735,0.6522771317829454,0.49154081433900876,0.16666666666666646,0.5,0.5,0.4838709677419355,248,240,372
31,64,0.75,0.75,0.75,0.8147037494414247,0.8147037494414247,0.7817523635161786,0.694053455438394,0.8186369509043943,0.6934551293664032,0.08333333333333325,0.25,0.25,0.24193548387096775,248,240,372
31,64,1.0,1.0,1.0,1.0,1.0,1.0,1.0,1.0,1.0,0.0,0.0,0.0,0.0,248,240,372
31,128,0.05,0.05813953488372063,0.05813953488372063,0.08564489561717493,0.08564489561717493,0.07139285617942347,0.20588624338624376,0.3200000000000007,0.20857868236900548,0.31395348837209275,0.9418604651162846,0.9418604651162791,0.911477869467372,248,240,372
31,128,0.1,0.10465116279069792,0.10465116279069792,0.14413235211194989,0.14413235211194989,0.12430289349640895,0.2565908172709646,0.39259259259259227,0.23976402708613398,0.2984496124031024,0.8953488372092994,0.8953488372093024,0.8664666166541608,248,240,372
31,128,0.2,0.20930232558139583,0.20930232558139583,0.26590820894473693,0.26590820894473693,0.23699926014373698,0.311023244432549,0.4664351851851848,0.31407521070185523,0.26356589147286685,0.7906976744186027,0.7906976744186046,0.7651912978244545,248,240,372
31,128,0.3,0.30232558139534993,0.30232558139534993,0.36707519761875196,0.36707519761875196,0.33425952777477763,0.3747821020632121,0.5376602564102565,0.36659661661734966,0.2325581395348825,0.6976744186046531,0.6976744186046512,0.675168792198051,248,240,372
31,128,0.5,0.5,0.5,0.5673583511371543,0.5673583511371543,0.5334955143483203,0.49196747405630165,0.6558139534883717,0.49035274375428023,0.16666666666666646,0.5,0.5,0.4838709677419355,248,240,372
31,128,0.75,0.755813953488371,0.755813953488371,0.8030783696548014,0.8030783696548014,0.7782617141160825,0.6925440145747997,0.8173076923076912,0.691993025951982,0.0813953488372089,0.24418604651162876,0.2441860465116279,0.23630907726931816,248,240,372
31,128,1.0,1.0,1.0,1.0,1.0,1.0,1.0,1.0,1.0,0.0,0.0,0.0,0.0,248,240,372
31,256,0.05,0.06976744186046509,0.06976744186046509,0.09075201561628594,0.09075201561628594,0.07996477569306704,0.2391666666666671,0.34861111111111104,0.22419354838709724,0.3100775193798454,0.9302325581395301,0.9302325581395349,0.9002250562640617,248,240,372
31,256,0.1,0.11627906976744126,0.11627906976744126,0.145075342426504,0.145075342426504,0.13030020872818038,0.266964285714286,0.39750000000000024,0.2584165386584748,0.294573643410852,0.8837209302325566,0.8837209302325582,0.8552138034508613,248,240,372
31,256,0.2,0.20930232558139583,0.20930232558139583,0.24839745930375312,0.24839745930375312,0.22771166360796172,0.3188603675736035,0.4689814814814815,0.3077995257430752,0.26356589147286685,0.7906976744186027,0.7906976744186046,0.7651912978244545,248,240,372
31,256,0.3,0.30232558139534993,0.30232558139534993,0.3472919020780468,0.3472919020780468,0.3239080152754503,0.3708558758605027,0.5291666666666669,0.3596861400875483,0.2325581395348825,0.6976744186046531,0.6976744186046512,0.675168792198051,248,240,372
31,256,0.5,0.5116279069767424,0.5116279069767424,0.5588243196106885,0.5588243196106885,0.5334804755947749,0.4879367105251577,0.6505681818181823,0.4826678770507677,0.16279069767441778,0.4883720930232575,0.4883720930232558,0.4726181545386363,248,240,372
31,256,0.75,0.7674418604651142,0.7674418604651142,0.800164226738399,0.800164226738399,0.7825087826003365,0.6978044109193681,0.8203282828282799,0.7016525931331917,0.07751937984496136,0.2325581395348825,0.2325581395348837,0.2250562640660154,248,240,372
31,256,1.0,1.0,1.0,1.0,1.0,1.0,1.0,1.0,1.0,0.0,0.0,0.0,0.0,248,240,372
