decode_step,block_size,requested_block_ratio,retained_block_ratio_mean,retained_neuron_ratio_mean,post_gate_contribution_retained_mean,oracle_pre_gate_contribution_retained_mean,previous_token_contribution_retained_mean,adjacent_token_jaccard_mean,previous_token_recall_mean,same_point_cross_prompt_jaccard_mean,post_gate_weight_byte_reduction_mean,oracle_pre_gate_weight_byte_reduction_mean,previous_token_weight_byte_reduction_steady_state,previous_token_weight_byte_reduction_including_first_step_mean,observations,temporal_pairs,cross_prompt_pairs
0,32,0.05,0.05232558139534897,0.05232558139534897,0.09289313704393541,0.09289313704393541,,,,0.2111606963938876,0.3158914728682164,0.947674418604656,0.9476744186046512,0.0,256,0,384
0,32,0.1,0.10174418604651228,0.10174418604651228,0.16141158504705952,0.16141158504705952,,,,0.23735452929300596,0.2994186046511643,0.898255813953485,0.8982558139534884,0.0,256,0,384
0,32,0.2,0.20058139534883634,0.20058139534883634,0.2840689122206814,0.2840689122206814,,,,0.30110395510180504,0.2664728682170555,0.7994186046511599,0.7994186046511628,0.0,256,0,384
0,32,0.3,0.30232558139535,0.30232558139535,0.39873634119190926,0.39873634119190926,,,,0.3587389664039515,0.23255813953488244,0.6976744186046534,0.6976744186046512,0.0,256,0,384
0,32,0.5,0.5,0.5,0.5996318971451509,0.5996318971451509,,,,0.48565366532498616,0.1666666666666664,0.5,0.5,0.0,256,0,384
0,32,0.75,0.75,0.75,0.8212835867570771,0.8212835867570771,,,,0.6874769600155631,0.08333333333333322,0.25,0.25,0.0,256,0,384
0,32,1.0,1.0,1.0,1.0,1.0,,,,1.0,0.0,0.0,0.0,0.0,256,0,384
0,64,0.05,0.05232558139534897,0.05232558139534897,0.0805834713543568,0.0805834713543568,,,,0.20896352804670884,0.3158914728682164,0.947674418604656,0.9476744186046512,0.0,256,0,384
0,64,0.1,0.10465116279069794,0.10465116279069794,0.14753944230077967,0.14753944230077967,,,,0.24611791900039884,0.29844961240310247,0.8953488372092994,0.8953488372093024,0.0,256,0,384
0,64,0.2,0.20348837209302456,0.20348837209302456,0.26373337651365103,0.26373337651365103,,,,0.29831020297946564,0.2655038759689904,0.7965116279069734,0.7965116279069767,0.0,256,0,384
0,64,0.3,0.30232558139535,0.30232558139535,0.3720885444289669,0.3720885444289669,,,,0.35586853066590435,0.23255813953488244,0.6976744186046534,0.6976744186046512,0.0,256,0,384
0,64,0.5,0.5,0.5,0.5731782551329501,0.5731782551329501,,,,0.4896765854466531,0.1666666666666664,0.5,0.5,0.0,256,0,384
0,64,0.75,0.75,0.75,0.8031907253093397,0.8031907253093397,,,,0.6939762482956685,0.08333333333333322,0.25,0.25,0.0,256,0,384
0,64,1.0,1.0,1.0,1.0,1.0,,,,1.0,0.0,0.0,0.0,0.0,256,0,384
0,128,0.05,0.05813953488372062,0.05813953488372062,0.07905062411368759,0.07905062411368759,,,,0.1998387896825403,0.31395348837209275,0.9418604651162849,0.9418604651162791,0.0,256,0,384
0,128,0.1,0.10465116279069794,0.10465116279069794,0.13476189633736435,0.13476189633736435,,,,0.243317302336145,0.29844961240310247,0.8953488372092994,0.8953488372093024,0.0,256,0,384
0,128,0.2,0.2093023255813959,0.2093023255813959,0.2530161713887532,0.2530161713887532,,,,0.32043471518831096,0.2635658914728668,0.7906976744186025,0.7906976744186046,0.0,256,0,384
0,128,0.3,0.30232558139535,0.30232558139535,0.3527273922015616,0.3527273922015616,,,,0.36287649174774317,0.23255813953488244,0.6976744186046534,0.6976744186046512,0.0,256,0,384
0,128,0.5,0.5,0.5,0.5533152715766108,0.5533152715766108,,,,0.4847115401409851,0.1666666666666664,0.5,0.5,0.0,256,0,384
0,128,0.75,0.755813953488371,0.755813953488371,0.7944961644438053,0.7944961644438053,,,,0.6980914129574564,0.08139534883720889,0.24418604651162878,0.2441860465116279,0.0,256,0,384
0,128,1.0,1.0,1.0,1.0,1.0,,,,1.0,0.0,0.0,0.0,0.0,256,0,384
0,256,0.05,0.06976744186046503,0.06976744186046503,0.08591603015076021,0.08591603015076021,,,,0.20729166666666723,0.3100775193798454,0.9302325581395299,0.9302325581395349,0.0,256,0,384
0,256,0.1,0.11627906976744123,0.11627906976744123,0.1386518497482991,0.1386518497482991,,,,0.2485325727513236,0.2945736434108522,0.8837209302325566,0.8837209302325582,0.0,256,0,384
0,256,0.2,0.2093023255813959,0.2093023255813959,0.2401414615148413,0.2401414615148413,,,,0.311363689925272,0.2635658914728668,0.7906976744186025,0.7906976744186046,0.0,256,0,384
0,256,0.3,0.30232558139535,0.30232558139535,0.33818167894934603,0.33818167894934603,,,,0.3623459136377006,0.23255813953488244,0.6976744186046534,0.6976744186046512,0.0,256,0,384
0,256,0.5,0.5116279069767424,0.5116279069767424,0.5500087513635149,0.5500087513635149,,,,0.4962856712625283,0.16279069767441776,0.48837209302325757,0.4883720930232558,0.0,256,0,384
0,256,0.75,0.7674418604651141,0.7674418604651141,0.7948177999079779,0.7948177999079779,,,,0.7101897202787505,0.07751937984496136,0.23255813953488244,0.2325581395348837,0.0,256,0,384
0,256,1.0,1.0,1.0,1.0,1.0,,,,1.0,0.0,0.0,0.0,0.0,256,0,384
1,32,0.05,0.05232558139534897,0.05232558139534897,0.09267127491859281,0.09267127491859281,0.06351950218771177,0.10330017455065109,0.18055555555555575,0.12057590335690253,0.3158914728682164,0.947674418604656,0.9476744186046512,0.947674418604656,256,256,384
1,32,0.1,0.10174418604651228,0.10174418604651228,0.16116879141061888,0.16116879141061888,0.11898719310135482,0.1415016778255028,0.2436383928571431,0.15430586171941257,0.2994186046511643,0.898255813953485,0.8982558139534884,0.898255813953485,256,256,384
1,32,0.2,0.20058139534883634,0.20058139534883634,0.28371515258874047,0.28371515258874047,0.2249608098989196,0.21158890851696643,0.3459578804347824,0.21877191647326352,0.2664728682170555,0.7994186046511599,0.7994186046511628,0.7994186046511599,256,256,384
1,32,0.3,0.30232558139535,0.30232558139535,0.3984314992620305,0.3984314992620305,0.3303800114470397,0.27712360534756847,0.4314528245192308,0.2775093536062404,0.23255813953488244,0.6976744186046534,0.6976744186046512,0.6976744186046534,256,256,384
1,32,0.5,0.5,0.5,0.5995337667339841,0.5995337667339841,0.5289005257050927,0.41956704391877864,0.5895939316860465,0.42177204713937094,0.1666666666666664,0.5,0.5,0.5,256,256,384
1,32,0.75,0.75,0.75,0.8213702547429231,0.8213702547429231,0.7704769651423027,0.6491768367589682,0.7869125484496106,0.650237462119928,0.08333333333333322,0.25,0.25,0.25,256,256,384
1,32,1.0,1.0,1.0,1.0,1.0,1.0,1.0,1.0,1.0,0.0,0.0,0.0,0.0,256,256,384
1,64,0.05,0.05232558139534897,0.05232558139534897,0.08052555854250125,0.08052555854250125,0.059841746688708036,0.0989652351325144,0.16927083333333348,0.12581002407518996,0.3158914728682164,0.947674418604656,0.9476744186046512,0.947674418604656,256,256,384
1,64,0.1,0.10465116279069794,0.10465116279069794,0.147468949670988,0.147468949670988,0.11646092180813514,0.13808457598759474,0.2354600694444445,0.15577718865857448,0.29844961240310247,0.8953488372092994,0.8953488372093024,0.8953488372092994,256,256,384
1,64,0.2,0.20348837209302456,0.20348837209302456,0.26380211495820155,0.26380211495820155,0.22089006188600493,0.20982957258461238,0.3422991071428573,0.22162638018530803,0.2655038759689904,0.7965116279069734,0.7965116279069767,0.7965116279069734,256,256,384
1,64,0.3,0.30232558139535,0.30232558139535,0.37222621387071736,0.37222621387071736,0.32231288206040376,0.27718576037080334,0.43096454326923067,0.2827445193757115,0.23255813953488244,0.6976744186046534,0.6976744186046512,0.6976744186046534,256,256,384
1,64,0.5,0.5,0.5,0.5733132423904661,0.5733132423904661,0.5211946594164524,0.42284337246512765,0.5927961482558132,0.4195155380470155,0.1666666666666664,0.5,0.5,0.5,256,256,384
1,64,0.75,0.75,0.75,0.8034659795253192,0.8034659795253192,0.7656195800329236,0.6532725619795933,0.7897892441860458,0.6522264902432845,0.08333333333333322,0.25,0.25,0.25,256,256,384
1,64,1.0,1.0,1.0,1.0,1.0,1.0,1.0,1.0,1.0,0.0,0.0,0.0,0.0,256,256,384
1,128,0.05,0.05813953488372062,0.05813953488372062,0.07873922108770895,0.07873922108770895,0.06410139128340232,0.10745287698412684,0.17578125000000008,0.12732514880952414,0.31395348837209275,0.9418604651162849,0.9418604651162791,0.9418604651162849,256,256,384
1,128,0.1,0.10465116279069794,0.10465116279069794,0.1344670545666373,0.1344670545666373,0.11351176994424733,0.14310598638493863,0.2374131944444448,0.1528892255110091,0.29844961240310247,0.8953488372092994,0.8953488372093024,0.8953488372092994,256,256,384
1,128,0.2,0.2093023255813959,0.2093023255813959,0.25253485485469906,0.25253485485469906,0.2218886847035867,0.2089136107776195,0.338324652777777,0.22919836498349708,0.2635658914728668,0.7906976744186025,0.7906976744186046,0.7906976744186025,256,256,384
1,128,0.3,0.30232558139535,0.30232558139535,0.3522915691134469,0.3522915691134469,0.3169464440220595,0.27569233061466936,0.42638221153846134,0.2853295938963119,0.23255813953488244,0.6976744186046534,0.6976744186046512,0.6976744186046534,256,256,384
1,128,0.5,0.5,0.5,0.5532015833869726,0.5532015833869726,0.5157044253937858,0.42769665785875893,0.5962936046511624,0.42433142586760314,0.1666666666666664,0.5,0.5,0.5,256,256,384
1,128,0.75,0.755813953488371,0.755813953488371,0.794453390704668,0.794453390704668,0.7674967202522966,0.6613707712164917,0.7954326923076915,0.6599175920202168,0.08139534883720889,0.24418604651162878,0.2441860465116279,0.24418604651162878,256,256,384
1,128,1.0,1.0,1.0,1.0,1.0,1.0,1.0,1.0,1.0,0.0,0.0,0.0,0.0,256,256,384
1,256,0.05,0.06976744186046503,0.06976744186046503,0.08557306095942892,0.08557306095942892,0.07391288954709675,0.1144531249999998,0.17968750000000014,0.1281250000000003,0.3100775193798454,0.9302325581395299,0.9302325581395349,0.9302325581395299,256,256,384
1,256,0.1,0.11627906976744123,0.11627906976744123,0.13822895105335564,0.13822895105335564,0.12236184284759066,0.1423301091269842,0.22812500000000036,0.16135499338624384,0.2945736434108522,0.8837209302325566,0.8837209302325582,0.8837209302325566,256,256,384
1,256,0.2,0.2093023255813959,0.2093023255813959,0.23966737962895096,0.23966737962895096,0.21757409039337228,0.20761505268628458,0.3307291666666672,0.2186452717013386,0.2635658914728668,0.7906976744186025,0.7906976744186046,0.7906976744186025,256,256,384
1,256,0.3,0.30232558139535,0.30232558139535,0.33778666233119414,0.33778666233119414,0.31173390751431507,0.2736465046604549,0.41977163461538486,0.2809372920327677,0.23255813953488244,0.6976744186046534,0.6976744186046512,0.6976744186046534,256,256,384
1,256,0.5,0.5116279069767424,0.5116279069767424,0.5495859064877565,0.5495859064877565,0.5221320757982761,0.4311011694315195,0.5974786931818188,0.428877519615698,0.16279069767441776,0.48837209302325757,0.4883720930232558,0.48837209302325757,256,256,384
1,256,0.75,0.7674418604651141,0.7674418604651141,0.7946037574050027,0.7946037574050027,0.7749437588703221,0.6744673273521369,0.8042140151515115,0.6714780696900643,0.07751937984496136,0.23255813953488244,0.2325581395348837,0.23255813953488244,256,256,384
1,256,1.0,1.0,1.0,1.0,1.0,1.0,1.0,1.0,1.0,0.0,0.0,0.0,0.0,256,256,384
2,32,0.05,0.05232558139534897,0.05232558139534897,0.09205074504919804,0.09205074504919804,0.06586041448774477,0.1373633981540336,0.23307291666666696,0.1222304523868642,0.3158914728682164,0.947674418604656,0.9476744186046512,0.947674418604656,256,256,384
2,32,0.1,0.10174418604651228,0.10174418604651228,0.16060206060129456,0.16060206060129456,0.12209664681494313,0.16975363389289946,0.28448660714285723,0.1571550938844775,0.2994186046511643,0.898255813953485,0.8982558139534884,0.898255813953485,256,256,384
2,32,0.2,0.20058139534883634,0.20058139534883634,0.2833566533728443,0.2833566533728443,0.2296851800608789,0.23170594708639886,0.3719429347826085,0.215358732291875,0.2664728682170555,0.7994186046511599,0.7994186046511628,0.7994186046511599,256,256,384
2,32,0.3,0.30232558139535,0.30232558139535,0.3982749075224596,0.3982749075224596,0.3363828272268872,0.2994754860929316,0.4576697716346158,0.2789950495877438,0.23255813953488244,0.6976744186046534,0.6976744186046512,0.6976744186046534,256,256,384
2,32,0.5,0.5,0.5,0.5996906106283845,0.5996906106283845,0.5351685108477682,0.4407203048764941,0.6101698764534889,0.42011755044132476,0.1666666666666664,0.5,0.5,0.5,256,256,384
2,32,0.75,0.75,0.75,0.821695784318085,0.821695784318085,0.7750234416049403,0.6610404104713371,0.7954972141472861,0.6530876294903438,0.08333333333333322,0.25,0.25,0.25,256,256,384
2,32,1.0,1.0,1.0,1.0,1.0,1.0,1.0,1.0,1.0,0.0,0.0,0.0,0.0,256,256,384
2,64,0.05,0.05232558139534897,0.05232558139534897,0.07994652035329897,0.07994652035329897,0.06160422484514072,0.13675523695054942,0.22656250000000025,0.12056977948522103,0.3158914728682164,0.947674418604656,0.9476744186046512,0.947674418604656,256,256,384
2,64,0.1,0.10465116279069794,0.10465116279069794,0.14684951507351554,0.14684951507351554,0.11948531074232249,0.176298501586066,0.29058159722222204,0.15401629469944927,0.29844961240310247,0.8953488372092994,0.8953488372093024,0.8953488372092994,256,256,384
2,64,0.2,0.20348837209302456,0.20348837209302456,0.26323415116286775,0.26323415116286775,0.22475707526050098,0.24014844841493188,0.38169642857142877,0.21730138487075903,0.2655038759689904,0.7965116279069734,0.7965116279069767,0.7965116279069734,256,256,384
2,64,0.3,0.30232558139535,0.30232558139535,0.37184834553439156,0.37184834553439156,0.32771755239870304,0.3070669597800656,0.46604567307692285,0.28025706153732816,0.23255813953488244,0.6976744186046534,0.6976744186046512,0.6976744186046534,256,256,384
2,64,0.5,0.5,0.5,0.5730958636499525,0.5730958636499525,0.526130587931146,0.44550439732682073,0.6141442587209298,0.4223595109474218,0.1666666666666664,0.5,0.5,0.5,256,256,384
2,64,0.75,0.75,0.75,0.8032267187040959,0.8032267187040959,0.7688334413551189,0.664054984954819,0.79751090116279,0.6530836285859349,0.08333333333333322,0.25,0.25,0.25,256,256,384
2,64,1.0,1.0,1.0,1.0,1.0,1.0,1.0,1.0,1.0,0.0,0.0,0.0,0.0,256,256,384
2,128,0.05,0.05813953488372062,0.05813953488372062,0.0782794065099449,0.0782794065099449,0.06481657432175122,0.1360832093253968,0.22031250000000024,0.12321221891534424,0.31395348837209275,0.9418604651162849,0.9418604651162791,0.9418604651162849,256,256,384
2,128,0.1,0.10465116279069794,0.10465116279069794,0.1339253712853711,0.1339253712853711,0.11469045175957694,0.17530186954589544,0.28255208333333387,0.15137188562050755,0.29844961240310247,0.8953488372092994,0.8953488372093024,0.8953488372092994,256,256,384
2,128,0.2,0.2093023255813959,0.2093023255813959,0.25196646179118765,0.25196646179118765,0.22442332010046434,0.24460606586137276,0.3843315972222214,0.21754107442223328,0.2635658914728668,0.7906976744186025,0.7906976744186046,0.7906976744186025,256,256,384
2,128,0.3,0.30232558139535,0.30232558139535,0.3517317950033453,0.3517317950033453,0.31924121077398643,0.3054254095063214,0.46093749999999994,0.27726471208765474,0.23255813953488244,0.6976744186046534,0.6976744186046512,0.6976744186046534,256,256,384
2,128,0.5,0.5,0.5,0.5527095772492376,0.5527095772492376,0.5178338133227001,0.44023758472776026,0.60828488372093,0.42342967352632005,0.1666666666666664,0.5,0.5,0.5,256,256,384
2,128,0.75,0.755813953488371,0.755813953488371,0.7941345336955192,0.7941345336955192,0.7691951357367225,0.6687713817428492,0.8006610576923073,0.6593806887973778,0.08139534883720889,0.24418604651162878,0.2441860465116279,0.24418604651162878,256,256,384
2,128,1.0,1.0,1.0,1.0,1.0,1.0,1.0,1.0,1.0,0.0,0.0,0.0,0.0,256,256,384
2,256,0.05,0.06976744186046503,0.06976744186046503,0.08502035318914669,0.08502035318914669,0.0742802763181195,0.13398437499999988,0.20572916666666688,0.12968750000000026,0.3100775193798454,0.9302325581395299,0.9302325581395349,0.9302325581395299,256,256,384
2,256,0.1,0.11627906976744123,0.11627906976744123,0.1377134865333357,0.1377134865333357,0.12309794883939641,0.16798425099206366,0.26953125000000044,0.1655299272486778,0.2945736434108522,0.8837209302325566,0.8837209302325582,0.8837209302325566,256,256,384
2,256,0.2,0.2093023255813959,0.2093023255813959,0.23920045426166142,0.23920045426166142,0.2193587421126617,0.24074545629003366,0.37586805555555575,0.2143629731175695,0.2635658914728668,0.7906976744186025,0.7906976744186046,0.7906976744186025,256,256,384
2,256,0.3,0.30232558139535,0.30232558139535,0.3372527849133823,0.3372527849133823,0.3144569561604758,0.30998853481989413,0.46364182692307704,0.275718515685564,0.23255813953488244,0.6976744186046534,0.6976744186046512,0.6976744186046534,256,256,384
2,256,0.5,0.5116279069767424,0.5116279069767424,0.5490968101112785,0.5490968101112785,0.5252983887270833,0.46210365245921187,0.6264204545454549,0.43460262321910276,0.16279069767441776,0.48837209302325757,0.4883720930232558,0.48837209302325757,256,256,384
2,256,0.75,0.7674418604651141,0.7674418604651141,0.7942062827825301,0.7942062827825301,0.7773051808673457,0.6866245432833723,0.8124999999999968,0.6724326975292296,0.07751937984496136,0.23255813953488244,0.2325581395348837,0.23255813953488244,256,256,384
2,256,1.0,1.0,1.0,1.0,1.0,1.0,1.0,1.0,1.0,0.0,0.0,0.0,0.0,256,256,384
3,32,0.05,0.05232558139534897,0.05232558139534897,0.093028436603213,0.093028436603213,0.06748813721394208,0.14746213920246393,0.24934895833333334,0.12038706564615892,0.3158914728682164,0.947674418604656,0.9476744186046512,0.947674418604656,256,256,384
3,32,0.1,0.10174418604651228,0.10174418604651228,0.16130829699489285,0.16130829699489285,0.12445472936950519,0.1776190192676906,0.29587053571428584,0.14932918253675717,0.2994186046511643,0.898255813953485,0.8982558139534884,0.898255813953485,256,256,384
3,32,0.2,0.20058139534883634,0.20058139534883634,0.28381265794560245,0.28381265794560245,0.23273407595173712,0.24707562832094135,0.391870471014493,0.20839781050216802,0.2664728682170555,0.7994186046511599,0.7994186046511628,0.7994186046511599,256,256,384
3,32,0.3,0.30232558139535,0.30232558139535,0.3985102690216882,0.3985102690216882,0.339236685241744,0.31467503698068344,0.47524789663461536,0.27099654267001805,0.23255813953488244,0.6976744186046534,0.6976744186046512,0.6976744186046534,256,256,384
3,32,0.5,0.5,0.5,0.5996503630730432,0.5996503630730432,0.5381147854102907,0.4535019208319607,0.6220248909883721,0.4159268511666842,0.1666666666666664,0.5,0.5,0.5,256,256,384
3,32,0.75,0.75,0.75,0.8214515769246491,0.8214515769246491,0.776933863748386,0.6688041871458995,0.8010537790697674,0.6498023472590707,0.08333333333333322,0.25,0.25,0.25,256,256,384
3,32,1.0,1.0,1.0,1.0,1.0,1.0,1.0,1.0,1.0,0.0,0.0,0.0,0.0,256,256,384
3,64,0.05,0.05232558139534897,0.05232558139534897,0.08056477840278652,0.08056477840278652,0.06297386245245704,0.14065422743616673,0.23611111111111127,0.12296656315498244,0.3158914728682164,0.947674418604656,0.9476744186046512,0.947674418604656,256,256,384
3,64,0.1,0.10465116279069794,0.10465116279069794,0.14741959037870964,0.14741959037870964,0.12105889226412458,0.18053301360052296,0.2977430555555553,0.15404056635678934,0.29844961240310247,0.8953488372092994,0.8953488372093024,0.8953488372092994,256,256,384
3,64,0.2,0.20348837209302456,0.20348837209302456,0.263576198944654,0.263576198944654,0.22670612062312998,0.2542956242745912,0.39944196428571455,0.21124682585196286,0.2655038759689904,0.7965116279069734,0.7965116279069767,0.7965116279069734,256,256,384
3,64,0.3,0.30232558139535,0.30232558139535,0.3719620357569378,0.3719620357569378,0.32925117513274027,0.3152700571068966,0.47498497596153877,0.27538025404961697,0.23255813953488244,0.6976744186046534,0.6976744186046512,0.6976744186046534,256,256,384
3,64,0.5,0.5,0.5,0.5730554446647919,0.5730554446647919,0.5284406953785435,0.456890945629859,0.6248637354651159,0.41795337021520607,0.1666666666666664,0.5,0.5,0.5,256,256,384
3,64,0.75,0.75,0.75,0.8033595704324172,0.8033595704324172,0.7708282510858175,0.6720246869139483,0.8032037306201556,0.6523638193596127,0.08333333333333322,0.25,0.25,0.25,256,256,384
3,64,1.0,1.0,1.0,1.0,1.0,1.0,1.0,1.0,1.0,0.0,0.0,0.0,0.0,256,256,384
3,128,0.05,0.05813953488372062,0.05813953488372062,0.07899928708314471,0.07899928708314471,0.06631428120464687,0.1547774057539683,0.2468750000000002,0.1233258928571429,0.31395348837209275,0.9418604651162849,0.9418604651162791,0.9418604651162849,256,256,384
3,128,0.1,0.10465116279069794,0.10465116279069794,0.1345239738320375,0.1345239738320375,0.11604927088277281,0.1747777957336782,0.2847222222222226,0.15376449530861327,0.29844961240310247,0.8953488372092994,0.8953488372093024,0.8953488372092994,256,256,384
3,128,0.2,0.2093023255813959,0.2093023255813959,0.2525331204603084,0.2525331204603084,0.22584288092213795,0.2560047862994014,0.39952256944444375,0.21282674443127528,0.2635658914728668,0.7906976744186025,0.7906976744186046,0.7906976744186025,256,256,384
3,128,0.3,0.30232558139535,0.30232558139535,0.3523025140504927,0.3523025140504927,0.32200118741268896,0.31792552244900263,0.4768629807692305,0.27445078825493135,0.23255813953488244,0.6976744186046534,0.6976744186046512,0.6976744186046534,256,256,384
3,128,0.5,0.5,0.5,0.553199203106297,0.553199203106297,0.5209716098073951,0.4615574066604651,0.6282703488372097,0.41712542727210616,0.1666666666666664,0.5,0.5,0.5,256,256,384
3,128,0.75,0.755813953488371,0.755813953488371,0.7946910382029437,0.7946910382029437,0.7706553307675352,0.6782311780978295,0.8073317307692294,0.6573477924456542,0.08139534883720889,0.24418604651162878,0.2441860465116279,0.24418604651162878,256,256,384
3,128,1.0,1.0,1.0,1.0,1.0,1.0,1.0,1.0,1.0,0.0,0.0,0.0,0.0,256,256,384
3,256,0.05,0.06976744186046503,0.06976744186046503,0.08559661758407025,0.08559661758407025,0.07552906571444887,0.1625000000000001,0.24609375000000033,0.1291666666666668,0.3100775193798454,0.9302325581395299,0.9302325581395349,0.9302325581395299,256,256,384
3,256,0.1,0.11627906976744123,0.11627906976744123,0.1382297099088468,0.1382297099088468,0.12380988798060082,0.17562624007936534,0.27578125000000037,0.14970858134920678,0.2945736434108522,0.8837209302325566,0.8837209302325582,0.8837209302325566,256,256,384
3,256,0.2,0.2093023255813959,0.2093023255813959,0.2397150721798668,0.2397150721798668,0.22057215685995557,0.25076864771258184,0.38628472222222215,0.2034378075968156,0.2635658914728668,0.7906976744186025,0.7906976744186046,0.7906976744186025,256,256,384
3,256,0.3,0.30232558139535,0.30232558139535,0.33774508691296345,0.33774508691296345,0.315394633368355,0.3162301331300669,0.47025240384615413,0.2769647933659756,0.23255813953488244,0.6976744186046534,0.6976744186046512,0.6976744186046534,256,256,384
3,256,0.5,0.5116279069767424,0.5116279069767424,0.5497224899317577,0.5497224899317577,0.5260564306734189,0.46956948732262505,0.633877840909091,0.42962519515562686,0.16279069767441776,0.48837209302325757,0.4883720930232558,0.48837209302325757,256,256,384
3,256,0.75,0.7674418604651141,0.7674418604651141,0.794621375275113,0.794621375275113,0.7776308958512473,0.690313195513276,0.8151041666666633,0.6658698927527383,0.07751937984496136,0.23255813953488244,0.2325581395348837,0.23255813953488244,256,256,384
3,256,1.0,1.0,1.0,1.0,1.0,1.0,1.0,1.0,1.0,0.0,0.0,0.0,0.0,256,256,384
4,32,0.05,0.05232558139534897,0.05232558139534897,0.0933192975783672,0.0933192975783672,0.06297932250360919,0.09941324169327317,0.17426215277777782,0.11182946429114632,0.3158914728682164,0.947674418604656,0.9476744186046512,0.947674418604656,256,256,384
4,32,0.1,0.10174418604651228,0.10174418604651228,0.16141817398736796,0.16141817398736796,0.11765651907858748,0.13960450517998013,0.2396205357142861,0.14062890241608197,0.2994186046511643,0.898255813953485,0.8982558139534884,0.898255813953485,256,256,384
4,32,0.2,0.20058139534883634,0.20058139534883634,0.28364423990854487,0.28364423990854487,0.22318218204807308,0.20294277496522042,0.33355978260869573,0.19959772015432256,0.2664728682170555,0.7994186046511599,0.7994186046511628,0.7994186046511599,256,256,384
4,32,0.3,0.30232558139535,0.30232558139535,0.3982005770639188,0.3982005770639188,0.32850312128077036,0.270229482308677,0.42217548076923084,0.264197639423858,0.23255813953488244,0.6976744186046534,0.6976744186046512,0.6976744186046534,256,256,384
4,32,0.5,0.5,0.5,0.5992504347530354,0.5992504347530354,0.5266614329385249,0.414969861037431,0.5843704578488371,0.4107767759033683,0.1666666666666664,0.5,0.5,0.5,256,256,384
4,32,0.75,0.75,0.75,0.8211170945744453,0.8211170945744453,0.7694533455535897,0.6462253456844599,0.7845809108527119,0.6422191601741077,0.08333333333333322,0.25,0.25,0.25,256,256,384
4,32,1.0,1.0,1.0,1.0,1.0,1.0,1.0,1.0,1.0,0.0,0.0,0.0,0.0,256,256,384
4,64,0.05,0.05232558139534897,0.05232558139534897,0.08102584671159713,0.08102584671159713,0.05961922991855863,0.09436491243131857,0.16276041666666663,0.10648185301218403,0.3158914728682164,0.947674418604656,0.9476744186046512,0.947674418604656,256,256,384
4,64,0.1,0.10465116279069794,0.10465116279069794,0.14774502967346992,0.14774502967346992,0.11598180878822135,0.13609896068951752,0.230685763888889,0.13925832839733918,0.29844961240310247,0.8953488372092994,0.8953488372093024,0.8953488372092994,256,256,384
4,64,0.2,0.20348837209302456,0.20348837209302456,0.2638418444301305,0.2638418444301305,0.21985298663669958,0.20669589601277674,0.336495535714286,0.19772581119083774,0.2655038759689904,0.7965116279069734,0.7965116279069767,0.7965116279069734,256,256,384
4,64,0.3,0.30232558139535,0.30232558139535,0.3721935971040666,0.3721935971040666,0.32105333131490377,0.2697328543566276,0.4201472355769232,0.2635238013502703,0.23255813953488244,0.6976744186046534,0.6976744186046512,0.6976744186046534,256,256,384
4,64,0.5,0.5,0.5,0.57323899490763,0.57323899490763,0.5197850850885161,0.4148100584714324,0.5842569040697665,0.4127303883089599,0.1666666666666664,0.5,0.5,0.5,256,256,384
4,64,0.75,0.75,0.75,0.8032931953856667,0.8032931953856667,0.7650304499715013,0.6502111746195011,0.7873970445736428,0.6463137908501136,0.08333333333333322,0.25,0.25,0.25,256,256,384
4,64,1.0,1.0,1.0,1.0,1.0,1.0,1.0,1.0,1.0,0.0,0.0,0.0,0.0,256,256,384
4,128,0.05,0.05813953488372062,0.05813953488372062,0.07947477361914682,0.07947477361914682,0.06347951347939443,0.10222904265873001,0.1671875,0.11694981812169326,0.31395348837209275,0.9418604651162849,0.9418604651162791,0.9418604651162849,256,256,384
4,128,0.1,0.10465116279069794,0.10465116279069794,0.1352268742878432,0.1352268742878432,0.11258754386171625,0.1348011765348621,0.22352430555555589,0.14373995719354224,0.29844961240310247,0.8953488372092994,0.8953488372093024,0.8953488372092994,256,256,384
4,128,0.2,0.2093023255813959,0.2093023255813959,0.25308252133400216,0.25308252133400216,0.2213739682278036,0.2102263215265219,0.339192708333333,0.20656820514789345,0.2635658914728668,0.7906976744186025,0.7906976744186046,0.7906976744186025,256,256,384
4,128,0.3,0.30232558139535,0.30232558139535,0.352679916375413,0.352679916375413,0.31602444702967586,0.27239096803901774,0.42127403846153827,0.26566310081051797,0.23255813953488244,0.6976744186046534,0.6976744186046512,0.6976744186046534,256,256,384
4,128,0.5,0.5,0.5,0.5532343898300704,0.5532343898300704,0.5138083216113528,0.41672137739676923,0.5851199127906973,0.41054113826524136,0.1666666666666664,0.5,0.5,0.5,256,256,384
4,128,0.75,0.755813953488371,0.755813953488371,0.7944045698916019,0.7944045698916019,0.7664792365058929,0.6519592484296719,0.7882211538461543,0.651168434627431,0.08139534883720889,0.24418604651162878,0.2441860465116279,0.24418604651162878,256,256,384
4,128,1.0,1.0,1.0,1.0,1.0,1.0,1.0,1.0,1.0,0.0,0.0,0.0,0.0,256,256,384
4,256,0.05,0.06976744186046503,0.06976744186046503,0.08621804140933072,0.08621804140933072,0.07380161322918191,0.1191406249999998,0.18098958333333354,0.12083333333333342,0.3100775193798454,0.9302325581395299,0.9302325581395349,0.9302325581395299,256,256,384
4,256,0.1,0.11627906976744123,0.11627906976744123,0.13885832820384628,0.13885832820384628,0.1213812232321036,0.13727678571428567,0.22031250000000024,0.14813781415343955,0.2945736434108522,0.8837209302325566,0.8837209302325582,0.8837209302325566,256,256,384
4,256,0.2,0.2093023255813959,0.2093023255813959,0.24038654999826195,0.24038654999826195,0.21649142816277564,0.19990040979241383,0.3190104166666671,0.20797179230083707,0.2635658914728668,0.7906976744186025,0.7906976744186046,0.7906976744186025,256,256,384
4,256,0.3,0.30232558139535,0.30232558139535,0.33839652784113794,0.33839652784113794,0.31189475834761926,0.275927288036947,0.4203725961538464,0.27514098541550197,0.23255813953488244,0.6976744186046534,0.6976744186046512,0.6976744186046534,256,256,384
4,256,0.5,0.5116279069767424,0.5116279069767424,0.5499059770939146,0.5499059770939146,0.5222758506080322,0.4285905182755831,0.5946377840909096,0.4211038237450491,0.16279069767441776,0.48837209302325757,0.4883720930232558,0.48837209302325757,256,256,384
4,256,0.75,0.7674418604651141,0.7674418604651141,0.7947238890206878,0.7947238890206878,0.7748608978192619,0.6708658237499332,0.8016098484848452,0.6654682812235946,0.07751937984496136,0.23255813953488244,0.2325581395348837,0.23255813953488244,256,256,384
4,256,1.0,1.0,1.0,1.0,1.0,1.0,1.0,1.0,1.0,0.0,0.0,0.0,0.0,256,256,384
5,32,0.05,0.05232558139534897,0.05232558139534897,0.09213610598036497,0.09213610598036497,0.06460740008607625,0.12331857149716616,0.20681423611111138,0.13807069424387794,0.3158914728682164,0.947674418604656,0.9476744186046512,0.947674418604656,256,256,384
5,32,0.1,0.10174418604651228,0.10174418604651228,0.16073819566807312,0.16073819566807312,0.1203391226586431,0.15780466193061238,0.2613839285714287,0.16812993337424312,0.2994186046511643,0.898255813953485,0.8982558139534884,0.898255813953485,256,256,384
5,32,0.2,0.20058139534883634,0.20058139534883634,0.2832735980469499,0.2832735980469499,0.2266029942749146,0.21946325458548652,0.3512794384057972,0.22780685467741782,0.2664728682170555,0.7994186046511599,0.7994186046511628,0.7994186046511599,256,256,384
5,32,0.3,0.30232558139535,0.30232558139535,0.39803608643192057,0.39803608643192057,0.3325509782565285,0.287201584560972,0.4391902043269231,0.291196547230889,0.23255813953488244,0.6976744186046534,0.6976744186046512,0.6976744186046534,256,256,384
5,32,0.5,0.5,0.5,0.5993759560301274,0.5993759560301274,0.5313161411397984,0.4285313123172286,0.5962481831395346,0.4302461318851741,0.1666666666666664,0.5,0.5,0.5,256,256,384
5,32,0.75,0.75,0.75,0.8213133348525705,0.8213133348525705,0.7719661437408539,0.6555067227881413,0.790970203488372,0.6571905658870675,0.08333333333333322,0.25,0.25,0.25,256,256,384
5,32,1.0,1.0,1.0,1.0,1.0,1.0,1.0,1.0,1.0,0.0,0.0,0.0,0.0,256,256,384
5,64,0.05,0.05232558139534897,0.05232558139534897,0.07958176434666482,0.07958176434666482,0.06081107922938783,0.11827421773998043,0.1944444444444445,0.14766660652460314,0.3158914728682164,0.947674418604656,0.9476744186046512,0.947674418604656,256,256,384
5,64,0.1,0.10465116279069794,0.10465116279069794,0.14654196778671896,0.14654196778671896,0.11775644765727804,0.15273975848789367,0.2504340277777778,0.1711731608387265,0.29844961240310247,0.8953488372092994,0.8953488372093024,0.8953488372092994,256,256,384
5,64,0.2,0.20348837209302456,0.20348837209302456,0.2629001895530962,0.2629001895530962,0.22222521558845,0.2231362160033553,0.3542410714285716,0.23146812102707812,0.2655038759689904,0.7965116279069734,0.7965116279069767,0.7965116279069734,256,256,384
5,64,0.3,0.30232558139535,0.30232558139535,0.37134982364762154,0.37134982364762154,0.32390826408759615,0.28748037236491175,0.43855168269230776,0.2917160370027545,0.23255813953488244,0.6976744186046534,0.6976744186046512,0.6976744186046534,256,256,384
5,64,0.5,0.5,0.5,0.5724240842959616,0.5724240842959616,0.522807207851162,0.4299141056417978,0.5969295058139535,0.43260709944957604,0.1666666666666664,0.5,0.5,0.5,256,256,384
5,64,0.75,0.75,0.75,0.8029353038517171,0.8029353038517171,0.7666757027434508,0.6575706737571013,0.7923328488372096,0.6566825588918831,0.08333333333333322,0.25,0.25,0.25,256,256,384
5,64,1.0,1.0,1.0,1.0,1.0,1.0,1.0,1.0,1.0,0.0,0.0,0.0,0.0,256,256,384
5,128,0.05,0.05813953488372062,0.05813953488372062,0.077802568499624,0.077802568499624,0.06425803362901368,0.12633308531746018,0.20000000000000004,0.14774512235449763,0.31395348837209275,0.9418604651162849,0.9418604651162791,0.9418604651162849,256,256,384
5,128,0.1,0.10465116279069794,0.10465116279069794,0.13346882850435687,0.13346882850435687,0.11410786001516944,0.15929193738247066,0.2556423611111112,0.17211903828402034,0.29844961240310247,0.8953488372092994,0.8953488372093024,0.8953488372092994,256,256,384
5,128,0.2,0.2093023255813959,0.2093023255813959,0.25174238573958857,0.25174238573958857,0.22303110106706514,0.2288251406415107,0.3600260416666666,0.23882290536902873,0.2635658914728668,0.7906976744186025,0.7906976744186046,0.7906976744186025,256,256,384
5,128,0.3,0.30232558139535,0.30232558139535,0.3515020602896162,0.3515020602896162,0.31838421160918196,0.29076799780230717,0.4417067307692306,0.2896916715109918,0.23255813953488244,0.6976744186046534,0.6976744186046512,0.6976744186046534,256,256,384
5,128,0.5,0.5,0.5,0.5522960981883965,0.5522960981883965,0.5171228838568364,0.43510561084959776,0.6020167151162789,0.4285615066633759,0.1666666666666664,0.5,0.5,0.5,256,256,384
5,128,0.75,0.755813953488371,0.755813953488371,0.7938346109524407,0.7938346109524407,0.7683787368689959,0.6686154421844653,0.8001201923076912,0.6627879971520728,0.08139534883720889,0.24418604651162878,0.2441860465116279,0.24418604651162878,256,256,384
5,128,1.0,1.0,1.0,1.0,1.0,1.0,1.0,1.0,1.0,0.0,0.0,0.0,0.0,256,256,384
5,256,0.05,0.06976744186046503,0.06976744186046503,0.08505897670710226,0.08505897670710226,0.07463613182894425,0.1316406249999999,0.201822916666667,0.15963541666666684,0.3100775193798454,0.9302325581395299,0.9302325581395349,0.9302325581395299,256,256,384
5,256,0.1,0.11627906976744123,0.11627906976744123,0.13766961456034044,0.13766961456034044,0.12294838353274411,0.1675347222222224,0.26093750000000016,0.18690062830687884,0.2945736434108522,0.8837209302325566,0.8837209302325582,0.8837209302325566,256,256,384
5,256,0.2,0.2093023255813959,0.2093023255813959,0.23905595927964682,0.23905595927964682,0.21921352903559552,0.22874102000940255,0.3554687500000001,0.2339598055131151,0.2635658914728668,0.7906976744186025,0.7906976744186046,0.7906976744186025,256,256,384
5,256,0.3,0.30232558139535,0.30232558139535,0.33711548508016737,0.33711548508016737,0.3139686093544743,0.3014854471688649,0.4483173076923077,0.295110309214165,0.23255813953488244,0.6976744186046534,0.6976744186046512,0.6976744186046534,256,256,384
5,256,0.5,0.5116279069767424,0.5116279069767424,0.549015486768303,0.549015486768303,0.523428491469338,0.4432186797574023,0.6079545454545463,0.4408932247081627,0.16279069767441776,0.48837209302325757,0.4883720930232558,0.48837209302325757,256,256,384
5,256,0.75,0.7674418604651141,0.7674418604651141,0.794122041402772,0.794122041402772,0.7762784695365321,0.6777190490969269,0.8064630681818149,0.6762735734502069,0.07751937984496136,0.23255813953488244,0.2325581395348837,0.23255813953488244,256,256,384
5,256,1.0,1.0,1.0,1.0,1.0,1.0,1.0,1.0,1.0,0.0,0.0,0.0,0.0,256,256,384
6,32,0.05,0.05232558139534897,0.05232558139534897,0.09094182599643236,0.09094182599643236,0.06238002532656569,0.10173071821018441,0.17795138888888903,0.1558372065453831,0.3158914728682164,0.947674418604656,0.9476744186046512,0.947674418604656,256,256,384
6,32,0.1,0.10174418604651228,0.10174418604651228,0.15894079929124696,0.15894079929124696,0.11737856430647008,0.1414581014766852,0.2426339285714287,0.1829834853651898,0.2994186046511643,0.898255813953485,0.8982558139534884,0.898255813953485,256,256,384
6,32,0.2,0.20058139534883634,0.20058139534883634,0.2811874308809101,0.2811874308809101,0.22334767522872473,0.2103179468177998,0.34278759057971026,0.2382267900476912,0.2664728682170555,0.7994186046511599,0.7994186046511628,0.7994186046511599,256,256,384
6,32,0.3,0.30232558139535,0.30232558139535,0.39583646729385674,0.39583646729385674,0.3289041610544491,0.27751899112779055,0.4308894230769231,0.30254669829502645,0.23255813953488244,0.6976744186046534,0.6976744186046512,0.6976744186046534,256,256,384
6,32,0.5,0.5,0.5,0.597207500336603,0.597207500336603,0.5281721039113941,0.4243944357439841,0.593931686046511,0.4372909861645018,0.1666666666666664,0.5,0.5,0.5,256,256,384
6,32,0.75,0.75,0.75,0.8199807368215283,0.8199807368215283,0.7700300708859801,0.6511349818549639,0.7882146317829443,0.660926128436868,0.08333333333333322,0.25,0.25,0.25,256,256,384
6,32,1.0,1.0,1.0,1.0,1.0,1.0,1.0,1.0,1.0,0.0,0.0,0.0,0.0,256,256,384
6,64,0.05,0.05232558139534897,0.05232558139534897,0.07903077963481032,0.07903077963481032,0.058978870825622635,0.09701084760827396,0.16536458333333337,0.15298718974040706,0.3158914728682164,0.947674418604656,0.9476744186046512,0.947674418604656,256,256,384
6,64,0.1,0.10465116279069794,0.10465116279069794,0.14555400939160118,0.14555400939160118,0.11577465768374544,0.13950224418286228,0.2376302083333335,0.18386849471775288,0.29844961240310247,0.8953488372092994,0.8953488372093024,0.8953488372092994,256,256,384
6,64,0.2,0.20348837209302456,0.20348837209302456,0.2614467258963563,0.2614467258963563,0.2196369335827067,0.21021740316043683,0.34162946428571445,0.24618607784808655,0.2655038759689904,0.7965116279069734,0.7965116279069767,0.7965116279069734,256,256,384
6,64,0.3,0.30232558139535,0.30232558139535,0.3698698175842222,0.3698698175842222,0.32105796541760284,0.27770875322243815,0.4298377403846156,0.30702226124171195,0.23255813953488244,0.6976744186046534,0.6976744186046512,0.6976744186046534,256,256,384
6,64,0.5,0.5,0.5,0.5713697841408384,0.5713697841408384,0.5205580762285651,0.42201889534698767,0.5911609738372091,0.4375951385888052,0.1666666666666664,0.5,0.5,0.5,256,256,384
6,64,0.75,0.75,0.75,0.8022275834605582,0.8022275834605582,0.764764570603517,0.653211090293221,0.7895167151162787,0.6613861509096738,0.08333333333333322,0.25,0.25,0.25,256,256,384
6,64,1.0,1.0,1.0,1.0,1.0,1.0,1.0,1.0,1.0,0.0,0.0,0.0,0.0,256,256,384
6,128,0.05,0.05813953488372062,0.05813953488372062,0.07764002273874868,0.07764002273874868,0.0630199256439307,0.09768725198412684,0.16171875000000002,0.15413153108465635,0.31395348837209275,0.9418604651162849,0.9418604651162791,0.9418604651162849,256,256,384
6,128,0.1,0.10465116279069794,0.10465116279069794,0.13307900423381616,0.13307900423381616,0.1121099349814776,0.14041074963639294,0.23480902777777796,0.1850351280153675,0.29844961240310247,0.8953488372092994,0.8953488372093024,0.8953488372092994,256,256,384
6,128,0.2,0.2093023255813959,0.2093023255813959,0.2508253601531681,0.2508253601531681,0.22062922230552187,0.20982391680426535,0.3389756944444438,0.2490472109419928,0.2635658914728668,0.7906976744186025,0.7906976744186046,0.7906976744186025,256,256,384
6,128,0.3,0.30232558139535,0.30232558139535,0.3505586374202023,0.3505586374202023,0.31595754213934946,0.2778868400861991,0.4283353365384612,0.304071949140047,0.23255813953488244,0.6976744186046534,0.6976744186046512,0.6976744186046534,256,256,384
6,128,0.5,0.5,0.5,0.5515797220606601,0.5515797220606601,0.5143821271067754,0.4262438992917151,0.5943859011627907,0.43673492197065616,0.1666666666666664,0.5,0.5,0.5,256,256,384
6,128,0.75,0.755813953488371,0.755813953488371,0.7934901491384223,0.7934901491384223,0.7662496567502519,0.6567534102519187,0.7919471153846145,0.6666684818720633,0.08139534883720889,0.24418604651162878,0.2441860465116279,0.24418604651162878,256,256,384
6,128,1.0,1.0,1.0,1.0,1.0,1.0,1.0,1.0,1.0,0.0,0.0,0.0,0.0,256,256,384
6,256,0.05,0.06976744186046503,0.06976744186046503,0.08468570787655656,0.08468570787655656,0.07405501819100264,0.1269531249999998,0.19401041666666674,0.1778645833333337,0.3100775193798454,0.9302325581395299,0.9302325581395349,0.9302325581395299,256,256,384
6,256,0.1,0.11627906976744123,0.11627906976744123,0.13722939013094915,0.13722939013094915,0.1222247497902555,0.15866815476190485,0.2531250000000002,0.1960565476190483,0.2945736434108522,0.8837209302325566,0.8837209302325582,0.8837209302325566,256,256,384
6,256,0.2,0.2093023255813959,0.2093023255813959,0.23855434595827488,0.23855434595827488,0.21749672251374735,0.21657776391806746,0.34375000000000017,0.2520245379620389,0.2635658914728668,0.7906976744186025,0.7906976744186046,0.7906976744186025,256,256,384
6,256,0.3,0.30232558139535,0.30232558139535,0.3366494553682431,0.3366494553682431,0.31211065112999115,0.27895446315943173,0.4269831730769232,0.30677734811911334,0.23255813953488244,0.6976744186046534,0.6976744186046512,0.6976744186046534,256,256,384
6,256,0.5,0.5116279069767424,0.5116279069767424,0.5488580796249722,0.5488580796249722,0.5226740638447104,0.4369493471475662,0.6031605113636367,0.4513958213618197,0.16279069767441776,0.48837209302325757,0.4883720930232558,0.48837209302325757,256,256,384
6,256,0.75,0.7674418604651141,0.7674418604651141,0.7943904961594135,0.7943904961594135,0.775127131616803,0.6731208126978476,0.8030303030302994,0.6797639839237415,0.07751937984496136,0.23255813953488244,0.2325581395348837,0.23255813953488244,256,256,384
6,256,1.0,1.0,1.0,1.0,1.0,1.0,1.0,1.0,1.0,0.0,0.0,0.0,0.0,256,256,384
7,32,0.05,0.05232558139534897,0.05232558139534897,0.08960707947003707,0.08960707947003707,0.06288875301491072,0.10924658591758564,0.19053819444444448,0.16519106935774444,0.3158914728682164,0.947674418604656,0.9476744186046512,0.947674418604656,256,256,384
7,32,0.1,0.10174418604651228,0.10174418604651228,0.15710647562511337,0.15710647562511337,0.11844203955588845,0.14808952443957393,0.2529017857142859,0.19597506837775058,0.2994186046511643,0.898255813953485,0.8982558139534884,0.898255813953485,256,256,384
7,32,0.2,0.20058139534883634,0.20058139534883634,0.27887776657605723,0.27887776657605723,0.22489071085871126,0.21737721792346207,0.35326086956521735,0.25047048330985583,0.2664728682170555,0.7994186046511599,0.7994186046511628,0.7994186046511599,256,256,384
7,32,0.3,0.30232558139535,0.30232558139535,0.39351827875817613,0.39351827875817613,0.33043844515558485,0.28479495714171876,0.4401292067307692,0.30974460612252563,0.23255813953488244,0.6976744186046534,0.6976744186046512,0.6976744186046534,256,256,384
7,32,0.5,0.5,0.5,0.5954836358853614,0.5954836358853614,0.5292323209345865,0.4259545752441784,0.5957031250000002,0.4474084434380275,0.1666666666666664,0.5,0.5,0.5,256,256,384
7,32,0.75,0.75,0.75,0.8192050581726775,0.8192050581726775,0.770986974554339,0.6528305790157849,0.7895318556201535,0.6665693870615593,0.08333333333333322,0.25,0.25,0.25,256,256,384
7,32,1.0,1.0,1.0,1.0,1.0,1.0,1.0,1.0,1.0,0.0,0.0,0.0,0.0,256,256,384
7,64,0.05,0.05232558139534897,0.05232558139534897,0.0782240413364395,0.0782240413364395,0.059848020886565996,0.10966343514022728,0.18532986111111133,0.1700919829251635,0.3158914728682164,0.947674418604656,0.9476744186046512,0.947674418604656,256,256,384
7,64,0.1,0.10465116279069794,0.10465116279069794,0.14440577084712683,0.14440577084712683,0.1162044823376451,0.1476809608128288,0.24934895833333331,0.2011759522192559,0.29844961240310247,0.8953488372092994,0.8953488372093024,0.8953488372092994,256,256,384
7,64,0.2,0.20348837209302456,0.20348837209302456,0.2599948100275239,0.2599948100275239,0.2207764251613966,0.21733955016684295,0.3513392857142855,0.2588668339001102,0.2655038759689904,0.7965116279069734,0.7965116279069767,0.7965116279069734,256,256,384
7,64,0.3,0.30232558139535,0.30232558139535,0.36815455446893913,0.36815455446893913,0.32325889610260367,0.28990552797406105,0.44478665865384637,0.3134928788431684,0.23255813953488244,0.6976744186046534,0.6976744186046512,0.6976744186046534,256,256,384
7,64,0.5,0.5,0.5,0.5697748623087284,0.5697748623087284,0.5225200105075194,0.43079122946560683,0.5998364825581392,0.44786416914474625,0.1666666666666664,0.5,0.5,0.5,256,256,384
7,64,0.75,0.75,0.75,0.801327691378537,0.801327691378537,0.7662387527343661,0.6563115904496968,0.7918786337209296,0.6684439640875618,0.08333333333333322,0.25,0.25,0.25,256,256,384
7,64,1.0,1.0,1.0,1.0,1.0,1.0,1.0,1.0,1.0,0.0,0.0,0.0,0.0,256,256,384
7,128,0.05,0.05813953488372062,0.05813953488372062,0.077240052706492,0.077240052706492,0.06340509377497289,0.10607328869047607,0.17343750000000005,0.17367311507936553,0.31395348837209275,0.9418604651162849,0.9418604651162791,0.9418604651162849,256,256,384
7,128,0.1,0.10465116279069794,0.10465116279069794,0.13243461564063894,0.13243461564063894,0.11245979047355077,0.13975240637120223,0.23177083333333356,0.20444564626549974,0.29844961240310247,0.8953488372092994,0.8953488372093024,0.8953488372092994,256,256,384
7,128,0.2,0.2093023255813959,0.2093023255813959,0.24989211928451335,0.24989211928451335,0.22090420253200857,0.21779885611667826,0.3480902777777774,0.26475442448726705,0.2635658914728668,0.7906976744186025,0.7906976744186046,0.7906976744186025,256,256,384
7,128,0.3,0.30232558139535,0.30232558139535,0.34953022616607093,0.34953022616607093,0.3160649501491341,0.2831256697401847,0.43584735576923056,0.3153979106159365,0.23255813953488244,0.6976744186046534,0.6976744186046512,0.6976744186046534,256,256,384
7,128,0.5,0.5,0.5,0.5506525915581568,0.5506525915581568,0.5151024957111239,0.43384507644109865,0.6018350290697672,0.45265090901920285,0.1666666666666664,0.5,0.5,0.5,256,256,384
7,128,0.75,0.755813953488371,0.755813953488371,0.7926969112675993,0.7926969112675993,0.7670663084877193,0.6607807684723241,0.7947716346153847,0.6706868205882018,0.08139534883720889,0.24418604651162878,0.2441860465116279,0.24418604651162878,256,256,384
7,128,1.0,1.0,1.0,1.0,1.0,1.0,1.0,1.0,1.0,0.0,0.0,0.0,0.0,256,256,384
7,256,0.05,0.06976744186046503,0.06976744186046503,0.0844964950013727,0.0844964950013727,0.07385136618645004,0.13554687499999996,0.20703125000000025,0.1781250000000004,0.3100775193798454,0.9302325581395299,0.9302325581395349,0.9302325581395299,256,256,384
7,256,0.1,0.11627906976744123,0.11627906976744123,0.13685853934330305,0.13685853934330305,0.12224352085907988,0.1610398065476192,0.2546875000000002,0.20264963624338694,0.2945736434108522,0.8837209302325566,0.8837209302325582,0.8837209302325566,256,256,384
7,256,0.2,0.2093023255813959,0.2093023255813959,0.2379582644030814,0.2379582644030814,0.21811201639959765,0.2295382811122704,0.3589409722222222,0.2536830739725969,0.2635658914728668,0.7906976744186025,0.7906976744186046,0.7906976744186025,256,256,384
7,256,0.3,0.30232558139535,0.30232558139535,0.3358330165551743,0.3358330165551743,0.3124870067607248,0.29225943908384305,0.44260817307692285,0.31843752477811754,0.23255813953488244,0.6976744186046534,0.6976744186046512,0.6976744186046534,256,256,384
7,256,0.5,0.5116279069767424,0.5116279069767424,0.5477039707183741,0.5477039707183741,0.5225960913457328,0.43920937883125405,0.6052911931818185,0.465300326003734,0.16279069767441776,0.48837209302325757,0.4883720930232558,0.48837209302325757,256,256,384
7,256,0.75,0.7674418604651141,0.7674418604651141,0.7932901437192036,0.7932901437192036,0.7746510170949815,0.6730698399869633,0.8031486742424209,0.6915038022833944,0.07751937984496136,0.23255813953488244,0.2325581395348837,0.23255813953488244,256,256,384
7,256,1.0,1.0,1.0,1.0,1.0,1.0,1.0,1.0,1.0,0.0,0.0,0.0,0.0,256,256,384
8,32,0.05,0.05232558139534897,0.05232558139534897,0.09077014402841468,0.09077014402841468,0.06286040236972716,0.11074739468669027,0.19075520833333362,0.16789473357806975,0.3158914728682164,0.947674418604656,0.9476744186046512,0.947674418604656,256,256,384
8,32,0.1,0.10174418604651228,0.10174418604651228,0.15870959658048975,0.15870959658048975,0.1174984661174524,0.14199461540027442,0.24229910714285768,0.2011420313904917,0.2994186046511643,0.898255813953485,0.8982558139534884,0.898255813953485,256,256,384
8,32,0.2,0.20058139534883634,0.20058139534883634,0.2808988599307913,0.2808988599307913,0.2225446505979126,0.20819636559746382,0.3395606884057968,0.2529790186770266,0.2664728682170555,0.7994186046511599,0.7994186046511628,0.7994186046511599,256,256,384
8,32,0.3,0.30232558139535,0.30232558139535,0.39560150372543124,0.39560150372543124,0.327995593057543,0.27373389215210037,0.42510516826923056,0.31298283483078,0.23255813953488244,0.6976744186046534,0.6976744186046512,0.6976744186046534,256,256,384
8,32,0.5,0.5,0.5,0.5972836148734953,0.5972836148734953,0.5264535133061494,0.4181864430300982,0.587390988372093,0.44597721131184453,0.1666666666666664,0.5,0.5,0.5,256,256,384
8,32,0.75,0.75,0.75,0.8202687703142917,0.8202687703142917,0.7684138395739375,0.6467086500952742,0.7848685804263544,0.6673736909356475,0.08333333333333322,0.25,0.25,0.25,256,256,384
8,32,1.0,1.0,1.0,1.0,1.0,1.0,1.0,1.0,1.0,0.0,0.0,0.0,0.0,256,256,384
8,64,0.05,0.05232558139534897,0.05232558139534897,0.07890547406537182,0.07890547406537182,0.05959021283505937,0.10295645301389773,0.17534722222222232,0.1754131514931153,0.3158914728682164,0.947674418604656,0.9476744186046512,0.947674418604656,256,256,384
8,64,0.1,0.10465116279069794,0.10465116279069794,0.14527663383232411,0.14527663383232411,0.11581529536383316,0.1418321106344191,0.23958333333333331,0.19905251491815282,0.29844961240310247,0.8953488372092994,0.8953488372093024,0.8953488372092994,256,256,384
8,64,0.2,0.20348837209302456,0.20348837209302456,0.26113782790316487,0.26113782790316487,0.2193371028870413,0.21138789657786616,0.34263392857142905,0.25601529135664597,0.2655038759689904,0.7965116279069734,0.7965116279069767,0.7965116279069734,256,256,384
8,64,0.3,0.30232558139535,0.30232558139535,0.36944152742728964,0.36944152742728964,0.3212511418373996,0.27886141076657245,0.4312650240384616,0.3119900503608957,0.23255813953488244,0.6976744186046534,0.6976744186046512,0.6976744186046534,256,256,384
8,64,0.5,0.5,0.5,0.570819255617479,0.570819255617479,0.5195185896905693,0.4199726252202692,0.5885265261627904,0.4474418655185981,0.1666666666666664,0.5,0.5,0.5,256,256,384
8,64,0.75,0.75,0.75,0.8018498404453513,0.8018498404453513,0.7642983720687495,0.650733868486165,0.787609011627906,0.6660923816620198,0.08333333333333322,0.25,0.25,0.25,256,256,384
8,64,1.0,1.0,1.0,1.0,1.0,1.0,1.0,1.0,1.0,0.0,0.0,0.0,0.0,256,256,384
8,128,0.05,0.05813953488372062,0.05813953488372062,0.07786821696546735,0.07786821696546735,0.06371091610190707,0.12041170634920621,0.19218750000000015,0.18608424272486804,0.31395348837209275,0.9418604651162849,0.9418604651162791,0.9418604651162849,256,256,384
8,128,0.1,0.10465116279069794,0.10465116279069794,0.13326058390221834,0.13326058390221834,0.11283174928041374,0.1560847987031352,0.25564236111111144,0.20199088595228365,0.29844961240310247,0.8953488372092994,0.8953488372093024,0.8953488372092994,256,256,384
8,128,0.2,0.2093023255813959,0.2093023255813959,0.2510006072526,0.2510006072526,0.22143661272337245,0.22422413933156998,0.3556857638888885,0.2636886837499135,0.2635658914728668,0.7906976744186025,0.7906976744186046,0.7906976744186025,256,256,384
8,128,0.3,0.30232558139535,0.30232558139535,0.350692245370216,0.350692245370216,0.3160112043660133,0.2826791708846305,0.4334435096153842,0.3163522663332496,0.23255813953488244,0.6976744186046534,0.6976744186046512,0.6976744186046534,256,256,384
8,128,0.5,0.5,0.5,0.5517047231453855,0.5517047231453855,0.5146826751392426,0.42330221298028475,0.5910247093023259,0.4427370958730233,0.1666666666666664,0.5,0.5,0.5,256,256,384
8,128,0.75,0.755813953488371,0.755813953488371,0.7935655622853742,0.7935655622853742,0.7657688470394801,0.6564555080064798,0.7914062500000004,0.6771491913657296,0.08139534883720889,0.24418604651162878,0.2441860465116279,0.24418604651162878,256,256,384
8,128,1.0,1.0,1.0,1.0,1.0,1.0,1.0,1.0,1.0,0.0,0.0,0.0,0.0,256,256,384
8,256,0.05,0.06976744186046503,0.06976744186046503,0.08494199697550237,0.08494199697550237,0.07426214567334427,0.13164062499999984,0.20312500000000028,0.17968750000000022,0.3100775193798454,0.9302325581395299,0.9302325581395349,0.9302325581395299,256,256,384
8,256,0.1,0.11627906976744123,0.11627906976744123,0.13750783920670762,0.13750783920670762,0.1222458539494938,0.16271391369047639,0.25781250000000056,0.19772032076719648,0.2945736434108522,0.8837209302325566,0.8837209302325582,0.8837209302325566,256,256,384
8,256,0.2,0.2093023255813959,0.2093023255813959,0.23880824877163626,0.23880824877163626,0.2177740021201613,0.2278181262671157,0.35503472222222265,0.26545535882622356,0.2635658914728668,0.7906976744186025,0.7906976744186046,0.7906976744186025,256,256,384
8,256,0.3,0.30232558139535,0.30232558139535,0.3367033995762016,0.3367033995762016,0.31286761017965214,0.28510078691965385,0.43299278846153877,0.3113594432876515,0.23255813953488244,0.6976744186046534,0.6976744186046512,0.6976744186046534,256,256,384
8,256,0.5,0.5116279069767424,0.5116279069767424,0.5486661621816278,0.5486661621816278,0.5225613554982826,0.4409721825853878,0.6056463068181817,0.45964246223703786,0.16279069767441776,0.48837209302325757,0.4883720930232558,0.48837209302325757,256,256,384
8,256,0.75,0.7674418604651141,0.7674418604651141,0.794069325525636,0.794069325525636,0.7751222975748275,0.67149520810244,0.8018465909090873,0.6883609955838853,0.07751937984496136,0.23255813953488244,0.2325581395348837,0.23255813953488244,256,256,384
8,256,1.0,1.0,1.0,1.0,1.0,1.0,1.0,1.0,1.0,0.0,0.0,0.0,0.0,256,256,384
9,32,0.05,0.05232558139534897,0.05232558139534897,0.09117806414943092,0.09117806414943092,0.06164923928514083,0.09955917943085431,0.17274305555555577,0.1826746005258664,0.3158914728682164,0.947674418604656,0.9476744186046512,0.947674418604656,256,256,384
9,32,0.1,0.10174418604651228,0.10174418604651228,0.15899388246645269,0.15899388246645269,0.11558327403005574,0.13170200718008232,0.22633928571428574,0.20758372450687768,0.2994186046511643,0.898255813953485,0.8982558139534884,0.898255813953485,256,256,384
9,32,0.2,0.20058139534883634,0.20058139534883634,0.2811082090934305,0.2811082090934305,0.21932857948309137,0.19100123354807474,0.3158401268115942,0.2613427889151417,0.2664728682170555,0.7994186046511599,0.7994186046511628,0.7994186046511599,256,256,384
9,32,0.3,0.30232558139535,0.30232558139535,0.3957772511015112,0.3957772511015112,0.3234838402893499,0.2553503528842938,0.40324519230769207,0.3219245239113869,0.23255813953488244,0.6976744186046534,0.6976744186046512,0.6976744186046534,256,256,384
9,32,0.5,0.5,0.5,0.597374187523543,0.597374187523543,0.521719098216268,0.3993945045393264,0.5688817223837205,0.45185565923174886,0.1666666666666664,0.5,0.5,0.5,256,256,384
9,32,0.75,0.75,0.75,0.8202511308504573,0.8202511308504573,0.766057611428764,0.6383236705529193,0.7787063953488366,0.6702594412742124,0.08333333333333322,0.25,0.25,0.25,256,256,384
9,32,1.0,1.0,1.0,1.0,1.0,1.0,1.0,1.0,1.0,0.0,0.0,0.0,0.0,256,256,384
9,64,0.05,0.05232558139534897,0.05232558139534897,0.079305829320913,0.079305829320913,0.058668376508069255,0.09890166703700698,0.16796874999999997,0.18266008271752798,0.3158914728682164,0.947674418604656,0.9476744186046512,0.947674418604656,256,256,384
9,64,0.1,0.10465116279069794,0.10465116279069794,0.14548903200966093,0.14548903200966093,0.11444748156248341,0.13311586590629024,0.22656250000000008,0.2122033846075585,0.29844961240310247,0.8953488372092994,0.8953488372093024,0.8953488372092994,256,256,384
9,64,0.2,0.20348837209302456,0.20348837209302456,0.26120898882560306,0.26120898882560306,0.2169388359508468,0.19544177846575883,0.32031249999999983,0.2631900555654615,0.2655038759689904,0.7965116279069734,0.7965116279069767,0.7965116279069734,256,256,384
9,64,0.3,0.30232558139535,0.30232558139535,0.3695443712328516,0.3695443712328516,0.3179426009009943,0.25939926619696274,0.40737680288461525,0.32024501326166427,0.23255813953488244,0.6976744186046534,0.6976744186046512,0.6976744186046534,256,256,384
9,64,0.5,0.5,0.5,0.5710269061569127,0.5710269061569127,0.5163527412215791,0.40373049165800795,0.5729015261627906,0.4532411894116042,0.1666666666666664,0.5,0.5,0.5,256,256,384
9,64,0.75,0.75,0.75,0.8019244265128701,0.8019244265128701,0.7618710803222318,0.6396798962991027,0.7794634205426354,0.672835237085282,0.08333333333333322,0.25,0.25,0.25,256,256,384
9,64,1.0,1.0,1.0,1.0,1.0,1.0,1.0,1.0,1.0,0.0,0.0,0.0,0.0,256,256,384
9,128,0.05,0.05813953488372062,0.05813953488372062,0.07827301351227337,0.07827301351227337,0.06298250523735242,0.10258556547619034,0.16718750000000007,0.1928943452380958,0.31395348837209275,0.9418604651162849,0.9418604651162791,0.9418604651162849,256,256,384
9,128,0.1,0.10465116279069794,0.10465116279069794,0.13353195369094928,0.13353195369094928,0.11158799452372437,0.13595947939927713,0.2239583333333336,0.21038067707415212,0.29844961240310247,0.8953488372092994,0.8953488372093024,0.8953488372092994,256,256,384
9,128,0.2,0.2093023255813959,0.2093023255813959,0.2510012775132918,0.2510012775132918,0.2193833520294072,0.19687542355822188,0.3205295138888885,0.2713152757731726,0.2635658914728668,0.7906976744186025,0.7906976744186046,0.7906976744186025,256,256,384
9,128,0.3,0.30232558139535,0.30232558139535,0.35057942432299555,0.35057942432299555,0.31405467876910764,0.25909701509681643,0.4048978365384613,0.3226064658845874,0.23255813953488244,0.6976744186046534,0.6976744186046512,0.6976744186046534,256,256,384
9,128,0.5,0.5,0.5,0.551606678491007,0.551606678491007,0.5118737251573788,0.40873297882022813,0.5762172965116279,0.4509978405304053,0.1666666666666664,0.5,0.5,0.5,256,256,384
9,128,0.75,0.755813953488371,0.755813953488371,0.793769423806161,0.793769423806161,0.7645864044694057,0.6473452914069614,0.7847956730769224,0.6785091468769714,0.08139534883720889,0.24418604651162878,0.2441860465116279,0.24418604651162878,256,256,384
9,128,1.0,1.0,1.0,1.0,1.0,1.0,1.0,1.0,1.0,0.0,0.0,0.0,0.0,256,256,384
9,256,0.05,0.06976744186046503,0.06976744186046503,0.08555991507873516,0.08555991507873516,0.07337767606187127,0.11874999999999984,0.1822916666666668,0.19062500000000027,0.3100775193798454,0.9302325581395299,0.9302325581395349,0.9302325581395299,256,256,384
9,256,0.1,0.11627906976744123,0.11627906976744123,0.13797548580074437,0.13797548580074437,0.12145027538356612,0.15166170634920645,0.2406250000000002,0.21553612764550342,0.2945736434108522,0.8837209302325566,0.8837209302325582,0.8837209302325566,256,256,384
9,256,0.2,0.2093023255813959,0.2093023255813959,0.2391387661351333,0.2391387661351333,0.21588256937096165,0.20055917198610246,0.31857638888888873,0.27554373858372105,0.2635658914728668,0.7906976744186025,0.7906976744186046,0.7906976744186025,256,256,384
9,256,0.3,0.30232558139535,0.30232558139535,0.33704854360619696,0.33704854360619696,0.30997935132235177,0.26392129251976437,0.4062500000000002,0.3275985458354816,0.23255813953488244,0.6976744186046534,0.6976744186046512,0.6976744186046534,256,256,384
9,256,0.5,0.5116279069767424,0.5116279069767424,0.5489002762558669,0.5489002762558669,0.5200515144070142,0.4123453730263971,0.5777698863636369,0.4665912438523578,0.16279069767441776,0.48837209302325757,0.4883720930232558,0.48837209302325757,256,256,384
9,256,0.75,0.7674418604651141,0.7674418604651141,0.7940196092863822,0.7940196092863822,0.7732462018852839,0.661835120075009,0.7950994318181783,0.694325551587728,0.07751937984496136,0.23255813953488244,0.2325581395348837,0.23255813953488244,256,256,384
9,256,1.0,1.0,1.0,1.0,1.0,1.0,1.0,1.0,1.0,0.0,0.0,0.0,0.0,256,256,384
10,32,0.05,0.05232558139534897,0.05232558139534897,0.08725809418482466,0.08725809418482466,0.061125269842571744,0.0950246324339346,0.1673177083333336,0.17140535549284622,0.3158914728682164,0.947674418604656,0.9476744186046512,0.947674418604656,256,256,384
10,32,0.1,0.10174418604651228,0.10174418604651228,0.15465350179411166,0.15465350179411166,0.11501974207139747,0.13140728691129988,0.22656250000000033,0.20332883888120779,0.2994186046511643,0.898255813953485,0.8982558139534884,0.898255813953485,256,256,384
10,32,0.2,0.20058139534883634,0.20058139534883634,0.27663124019606616,0.27663124019606616,0.21982370054862477,0.19457904391886746,0.3221807065217388,0.25517693876270725,0.2664728682170555,0.7994186046511599,0.7994186046511628,0.7994186046511599,256,256,384
10,32,0.3,0.30232558139535,0.30232558139535,0.3915445376476028,0.3915445376476028,0.32516750647338777,0.26526943039615486,0.41616586538461536,0.3153001026292563,0.23255813953488244,0.6976744186046534,0.6976744186046512,0.6976744186046534,256,256,384
10,32,0.5,0.5,0.5,0.5941582320622186,0.5941582320622186,0.5242828944631265,0.4110985432668717,0.5810319767441859,0.4490330846660479,0.1666666666666664,0.5,0.5,0.5,256,256,384
10,32,0.75,0.75,0.75,0.8186369085318008,0.8186369085318008,0.7679795908556805,0.6449063635029312,0.7837027616279051,0.6678256067035625,0.08333333333333322,0.25,0.25,0.25,256,256,384
10,32,1.0,1.0,1.0,1.0,1.0,1.0,1.0,1.0,1.0,0.0,0.0,0.0,0.0,256,256,384
10,64,0.05,0.05232558139534897,0.05232558139534897,0.07625406639521837,0.07625406639521837,0.05834757184287238,0.09738550167663208,0.16666666666666682,0.170776653646599,0.3158914728682164,0.947674418604656,0.9476744186046512,0.947674418604656,256,256,384
10,64,0.1,0.10465116279069794,0.10465116279069794,0.14204723853668602,0.14204723853668602,0.11404355867257923,0.12836571411774184,0.22070312500000003,0.19903433189722583,0.29844961240310247,0.8953488372092994,0.8953488372093024,0.8953488372092994,256,256,384
10,64,0.2,0.20348837209302456,0.20348837209302456,0.2575404495245297,0.2575404495245297,0.2173209043402393,0.19404275928188114,0.3204241071428574,0.2495200687420687,0.2655038759689904,0.7965116279069734,0.7965116279069767,0.7965116279069734,256,256,384
10,64,0.3,0.30232558139535,0.30232558139535,0.36595877179256564,0.36595877179256564,0.31895263497183085,0.2632937245372673,0.4132361778846155,0.31340692964828315,0.23255813953488244,0.6976744186046534,0.6976744186046512,0.6976744186046534,256,256,384
10,64,0.5,0.5,0.5,0.5680270812300392,0.5680270812300392,0.5180710758200469,0.41462486977548335,0.5841206395348829,0.4482613731823557,0.1666666666666664,0.5,0.5,0.5,256,256,384
10,64,0.75,0.75,0.75,0.8004885838677417,0.8004885838677417,0.763398063712752,0.6445802085852298,0.7833091085271306,0.6700949054827335,0.08333333333333322,0.25,0.25,0.25,256,256,384
10,64,1.0,1.0,1.0,1.0,1.0,1.0,1.0,1.0,1.0,0.0,0.0,0.0,0.0,256,256,384
10,128,0.05,0.05813953488372062,0.05813953488372062,0.07567441077370855,0.07567441077370855,0.06259335695811462,0.09410652281746018,0.15546875000000002,0.16788607804232844,0.31395348837209275,0.9418604651162849,0.9418604651162791,0.9418604651162849,256,256,384
10,128,0.1,0.10465116279069794,0.10465116279069794,0.13068314585223662,0.13068314585223662,0.11130214188585447,0.13272380767210726,0.223090277777778,0.2010622534634489,0.29844961240310247,0.8953488372092994,0.8953488372093024,0.8953488372092994,256,256,384
10,128,0.2,0.2093023255813959,0.2093023255813959,0.24805783382221985,0.24805783382221985,0.2194999124336167,0.20624242575003923,0.33441840277777724,0.26111588580728234,0.2635658914728668,0.7906976744186025,0.7906976744186046,0.7906976744186025,256,256,384
10,128,0.3,0.30232558139535,0.30232558139535,0.34772824132409297,0.34772824132409297,0.31383618137046043,0.2639868520196114,0.41180889423076894,0.3141091475062939,0.23255813953488244,0.6976744186046534,0.6976744186046512,0.6976744186046534,256,256,384
10,128,0.5,0.5,0.5,0.5492026432034902,0.5492026432034902,0.5129939055589331,0.4140910476517427,0.5823946220930228,0.44786669768762066,0.1666666666666664,0.5,0.5,0.5,256,256,384
10,128,0.75,0.755813953488371,0.755813953488371,0.7921790686129211,0.7921790686129211,0.7656687410868642,0.656523814946951,0.7917067307692306,0.6768981312999519,0.08139534883720889,0.24418604651162878,0.2441860465116279,0.24418604651162878,256,256,384
10,128,1.0,1.0,1.0,1.0,1.0,1.0,1.0,1.0,1.0,0.0,0.0,0.0,0.0,256,256,384
10,256,0.05,0.06976744186046503,0.06976744186046503,0.08322145542788997,0.08322145542788997,0.07319410931552096,0.1132812499999998,0.17708333333333343,0.18098958333333373,0.3100775193798454,0.9302325581395299,0.9302325581395349,0.9302325581395299,256,256,384
10,256,0.1,0.11627906976744123,0.11627906976744123,0.1353987611036739,0.1353987611036739,0.12127463869847212,0.1474454365079366,0.23671875000000037,0.2138723544973553,0.2945736434108522,0.8837209302325566,0.8837209302325582,0.8837209302325566,256,256,384
10,256,0.2,0.2093023255813959,0.2093023255813959,0.23653047693373114,0.23653047693373114,0.21591357371449435,0.20654859846036341,0.32942708333333387,0.26972283614057585,0.2635658914728668,0.7906976744186025,0.7906976744186046,0.7906976744186025,256,256,384
10,256,0.3,0.30232558139535,0.30232558139535,0.3345203835032351,0.3345203835032351,0.30996488303699676,0.26396326526989816,0.40745192307692335,0.31597403154828146,0.23255813953488244,0.6976744186046534,0.6976744186046512,0.6976744186046534,256,256,384
10,256,0.5,0.5116279069767424,0.5116279069767424,0.5468669600891326,0.5468669600891326,0.5206259485301691,0.4321732999894158,0.5985440340909098,0.4594366855419379,0.16279069767441776,0.48837209302325757,0.4883720930232558,0.48837209302325757,256,256,384
10,256,0.75,0.7674418604651141,0.7674418604651141,0.793036969294288,0.793036969294288,0.7739223756277871,0.6673996974365598,0.7990056818181785,0.6849527811872274,0.07751937984496136,0.23255813953488244,0.2325581395348837,0.23255813953488244,256,256,384
10,256,1.0,1.0,1.0,1.0,1.0,1.0,1.0,1.0,1.0,0.0,0.0,0.0,0.0,256,256,384
11,32,0.05,0.05232558139534897,0.05232558139534897,0.08925416033908193,0.08925416033908193,0.06295841565609685,0.11538730482254449,0.19943576388888903,0.19327164317558365,0.3158914728682164,0.947674418604656,0.9476744186046512,0.947674418604656,256,256,384
11,32,0.1,0.10174418604651228,0.10174418604651228,0.15687472894690188,0.15687472894690188,0.11799047263914403,0.14477175090837582,0.24754464285714295,0.22042845411350478,0.2994186046511643,0.898255813953485,0.8982558139534884,0.898255813953485,256,256,384
11,32,0.2,0.20058139534883634,0.20058139534883634,0.27898321116094266,0.27898321116094266,0.22317151560730408,0.2093435635879724,0.34165534420289845,0.274071283576184,0.2664728682170555,0.7994186046511599,0.7994186046511628,0.7994186046511599,256,256,384
11,32,0.3,0.30232558139535,0.30232558139535,0.39399122389064783,0.39399122389064783,0.32883376274569426,0.2770761122950182,0.4304387019230768,0.33257565043705195,0.23255813953488244,0.6976744186046534,0.6976744186046512,0.6976744186046534,256,256,384
11,32,0.5,0.5,0.5,0.5962393292636083,0.5962393292636083,0.527201552170688,0.41960082123334147,0.5891851380813962,0.46458441051500876,0.1666666666666664,0.5,0.5,0.5,256,256,384
11,32,0.75,0.75,0.75,0.8196040458754531,0.8196040458754531,0.7701269233065823,0.6506723575518919,0.7878512596899208,0.676456670825757,0.08333333333333322,0.25,0.25,0.25,256,256,384
11,32,1.0,1.0,1.0,1.0,1.0,1.0,1.0,1.0,1.0,0.0,0.0,0.0,0.0,256,256,384
11,64,0.05,0.05232558139534897,0.05232558139534897,0.07746510800800296,0.07746510800800296,0.05929844871230601,0.10836115286368028,0.18229166666666688,0.18638149151706185,0.3158914728682164,0.947674418604656,0.9476744186046512,0.947674418604656,256,256,384
11,64,0.1,0.10465116279069794,0.10465116279069794,0.14380758695443488,0.14380758695443488,0.11590576670358507,0.1495471668406045,0.2506510416666668,0.2220617579112029,0.29844961240310247,0.8953488372092994,0.8953488372093024,0.8953488372092994,256,256,384
11,64,0.2,0.20348837209302456,0.20348837209302456,0.25955073259984734,0.25955073259984734,0.21949995760770416,0.2121683608321798,0.344308035714286,0.27902075632515183,0.2655038759689904,0.7965116279069734,0.7965116279069767,0.7965116279069734,256,256,384
11,64,0.3,0.30232558139535,0.30232558139535,0.36792561752265834,0.36792561752265834,0.32084152250128883,0.27507181396665026,0.42660757211538414,0.33448003164513135,0.23255813953488244,0.6976744186046534,0.6976744186046512,0.6976744186046534,256,256,384
11,64,0.5,0.5,0.5,0.5697812443067032,0.5697812443067032,0.5193596252368828,0.418766151911901,0.5877543604651163,0.4655689585182275,0.1666666666666664,0.5,0.5,0.5,256,256,384
11,64,0.75,0.75,0.75,0.8015059195949447,0.8015059195949447,0.7646971817933133,0.6497142864220667,0.7869428294573639,0.6779601243501269,0.08333333333333322,0.25,0.25,0.25,256,256,384
11,64,1.0,1.0,1.0,1.0,1.0,1.0,1.0,1.0,1.0,0.0,0.0,0.0,0.0,256,256,384
11,128,0.05,0.05813953488372062,0.05813953488372062,0.07644415425629877,0.07644415425629877,0.06333148129516615,0.11769903273809507,0.18984375000000017,0.17684565145502676,0.31395348837209275,0.9418604651162849,0.9418604651162791,0.9418604651162849,256,256,384
11,128,0.1,0.10465116279069794,0.10465116279069794,0.13160357687029517,0.13160357687029517,0.11210132943021571,0.14779540312628556,0.24262152777777793,0.21729216708536636,0.29844961240310247,0.8953488372092994,0.8953488372093024,0.8953488372092994,256,256,384
11,128,0.2,0.2093023255813959,0.2093023255813959,0.24933580499777838,0.24933580499777838,0.22071903403128215,0.22284401309590388,0.3548177083333329,0.2802758419065928,0.2635658914728668,0.7906976744186025,0.7906976744186046,0.7906976744186025,256,256,384
11,128,0.3,0.30232558139535,0.30232558139535,0.34904613868533474,0.34904613868533474,0.3155093836458305,0.279524805611421,0.4296874999999996,0.33601240479592387,0.23255813953488244,0.6976744186046534,0.6976744186046512,0.6976744186046534,256,256,384
11,128,0.5,0.5,0.5,0.5502877724156218,0.5502877724156218,0.5142517113052559,0.4235087315452843,0.5912063953488368,0.4635694420944389,0.1666666666666664,0.5,0.5,0.5,256,256,384
11,128,0.75,0.755813953488371,0.755813953488371,0.7928268084973769,0.7928268084973769,0.7666968638719812,0.6609725711559925,0.794891826923076,0.6811234970058336,0.08139534883720889,0.24418604651162878,0.2441860465116279,0.24418604651162878,256,256,384
11,128,1.0,1.0,1.0,1.0,1.0,1.0,1.0,1.0,1.0,0.0,0.0,0.0,0.0,256,256,384
11,256,0.05,0.06976744186046503,0.06976744186046503,0.08374132679192253,0.08374132679192253,0.07343964289240393,0.13203124999999988,0.1992187500000001,0.19947916666666698,0.3100775193798454,0.9302325581395299,0.9302325581395349,0.9302325581395299,256,256,384
11,256,0.1,0.11627906976744123,0.11627906976744123,0.13595482806009107,0.13595482806009107,0.12189450426011457,0.154730902777778,0.24843750000000028,0.21736524470899543,0.2945736434108522,0.8837209302325566,0.8837209302325582,0.8837209302325566,256,256,384
11,256,0.2,0.2093023255813959,0.2093023255813959,0.2368996010182021,0.2368996010182021,0.21701909016515347,0.21774860020494213,0.3437500000000004,0.27167963776419746,0.2635658914728668,0.7906976744186025,0.7906976744186046,0.7906976744186025,256,256,384
11,256,0.3,0.30232558139535,0.30232558139535,0.3348414494027435,0.3348414494027435,0.31177997957369186,0.28731962863611776,0.4347956730769234,0.32864619244530974,0.23255813953488244,0.6976744186046534,0.6976744186046512,0.6976744186046534,256,256,384
11,256,0.5,0.5116279069767424,0.5116279069767424,0.5470750076169903,0.5470750076169903,0.5213856126290991,0.43609215645233806,0.6015625000000002,0.4688919104738222,0.16279069767441776,0.48837209302325757,0.4883720930232558,0.48837209302325757,256,256,384
11,256,0.75,0.7674418604651141,0.7674418604651141,0.7930327694796394,0.7930327694796394,0.7749607163085349,0.6755128922901654,0.8046874999999968,0.6904218195598036,0.07751937984496136,0.23255813953488244,0.2325581395348837,0.23255813953488244,256,256,384
11,256,1.0,1.0,1.0,1.0,1.0,1.0,1.0,1.0,1.0,0.0,0.0,0.0,0.0,256,256,384
12,32,0.05,0.05232558139534897,0.05232558139534897,0.09011008022297498,0.09011008022297498,0.06352805526994725,0.12207516164593152,0.20876736111111102,0.12516820354626124,0.3158914728682164,0.947674418604656,0.9476744186046512,0.947674418604656,256,256,384
12,32,0.1,0.10174418604651228,0.10174418604651228,0.15797037292505403,0.15797037292505403,0.11863320021942013,0.15063745949616916,0.254575892857143,0.15492209787108965,0.2994186046511643,0.898255813953485,0.8982558139534884,0.898255813953485,256,256,384
12,32,0.2,0.20058139534883634,0.20058139534883634,0.2801435089418044,0.2801435089418044,0.22440724584829094,0.21912835712728637,0.35422327898550693,0.21224901843435404,0.2664728682170555,0.7994186046511599,0.7994186046511628,0.7994186046511599,256,256,384
12,32,0.3,0.30232558139535,0.30232558139535,0.3949435755166044,0.3949435755166044,0.32960359746766643,0.28043635625064234,0.4340820312499999,0.2732199196933897,0.23255813953488244,0.6976744186046534,0.6976744186046512,0.6976744186046534,256,256,384
12,32,0.5,0.5,0.5,0.5966756689514331,0.5966756689514331,0.528495745404094,0.4236376447246252,0.5929551235465117,0.41094867752609304,0.1666666666666664,0.5,0.5,0.5,256,256,384
12,32,0.75,0.75,0.75,0.8197597023515356,0.8197597023515356,0.770917321584522,0.6537901954742928,0.7901677567829444,0.6472576923604508,0.08333333333333322,0.25,0.25,0.25,256,256,384
12,32,1.0,1.0,1.0,1.0,1.0,1.0,1.0,1.0,1.0,0.0,0.0,0.0,0.0,256,256,384
12,64,0.05,0.05232558139534897,0.05232558139534897,0.07825938033201954,0.07825938033201954,0.05968090499943426,0.1102858595907767,0.18619791666666669,0.12262198203144904,0.3158914728682164,0.947674418604656,0.9476744186046512,0.947674418604656,256,256,384
12,64,0.1,0.10465116279069794,0.10465116279069794,0.14462901393436225,0.14462901393436225,0.11651242615408242,0.1521028386119413,0.2549913194444445,0.15513321851501846,0.29844961240310247,0.8953488372092994,0.8953488372093024,0.8953488372092994,256,256,384
12,64,0.2,0.20348837209302456,0.20348837209302456,0.2605765048633097,0.2605765048633097,0.22067489591465878,0.2166545840870624,0.3497767857142858,0.21443528990950603,0.2655038759689904,0.7965116279069734,0.7965116279069767,0.7965116279069734,256,256,384
12,64,0.3,0.30232558139535,0.30232558139535,0.369108381749196,0.369108381749196,0.3225619580189097,0.2848689394298881,0.4381760817307691,0.2761058654208637,0.23255813953488244,0.6976744186046534,0.6976744186046512,0.6976744186046534,256,256,384
12,64,0.5,0.5,0.5,0.5706586058386157,0.5706586058386157,0.5209358710528276,0.4287719747416571,0.5977016715116279,0.417652498631838,0.1666666666666664,0.5,0.5,0.5,256,256,384
12,64,0.75,0.75,0.75,0.8017552809113913,0.8017552809113913,0.7656455367855395,0.6546178274435389,0.7905765503875968,0.6493197861090849,0.08333333333333322,0.25,0.25,0.25,256,256,384
12,64,1.0,1.0,1.0,1.0,1.0,1.0,1.0,1.0,1.0,0.0,0.0,0.0,0.0,256,256,384
12,128,0.05,0.05813953488372062,0.05813953488372062,0.07709903324973799,0.07709903324973799,0.06330542463509696,0.12056671626984111,0.19218750000000015,0.13080770502645522,0.31395348837209275,0.9418604651162849,0.9418604651162791,0.9418604651162849,256,256,384
12,128,0.1,0.10465116279069794,0.10465116279069794,0.13236337192901793,0.13236337192901793,0.11284664946146138,0.14287583969339493,0.23741319444444475,0.15064793126603818,0.29844961240310247,0.8953488372092994,0.8953488372093024,0.8953488372092994,256,256,384
12,128,0.2,0.2093023255813959,0.2093023255813959,0.25005645483648786,0.25005645483648786,0.22176918617019614,0.22686907315841393,0.35980902777777757,0.21603216661150426,0.2635658914728668,0.7906976744186025,0.7906976744186046,0.7906976744186025,256,256,384
12,128,0.3,0.30232558139535,0.30232558139535,0.34973151987394585,0.34973151987394585,0.31649955197413726,0.2883205239370733,0.43945312499999956,0.2755271618248257,0.23255813953488244,0.6976744186046534,0.6976744186046512,0.6976744186046534,256,256,384
12,128,0.5,0.5,0.5,0.550811581193363,0.550811581193363,0.5144518057088835,0.4255290890805593,0.5932957848837206,0.4182618445603123,0.1666666666666664,0.5,0.5,0.5,256,256,384
12,128,0.75,0.755813953488371,0.755813953488371,0.7928533895061654,0.7928533895061654,0.7664377744363229,0.6607472543177592,0.7947115384615381,0.6564229444643294,0.08139534883720889,0.24418604651162878,0.2441860465116279,0.24418604651162878,256,256,384
12,128,1.0,1.0,1.0,1.0,1.0,1.0,1.0,1.0,1.0,0.0,0.0,0.0,0.0,256,256,384
12,256,0.05,0.06976744186046503,0.06976744186046503,0.08426637906533917,0.08426637906533917,0.07408494442314302,0.13359374999999996,0.2018229166666669,0.13385416666666675,0.3100775193798454,0.9302325581395299,0.9302325581395349,0.9302325581395299,256,256,384
12,256,0.1,0.11627906976744123,0.11627906976744123,0.13664559886917163,0.13664559886917163,0.12239602068014936,0.16578311011904776,0.26250000000000046,0.16200603505291034,0.2945736434108522,0.8837209302325566,0.8837209302325582,0.8837209302325566,256,256,384
12,256,0.2,0.2093023255813959,0.2093023255813959,0.23786546848030915,0.23786546848030915,0.21786944440177142,0.23100814626549954,0.3589409722222225,0.21539959733893596,0.2635658914728668,0.7906976744186025,0.7906976744186046,0.7906976744186025,256,256,384
12,256,0.3,0.30232558139535,0.30232558139535,0.33589346311531343,0.33589346311531343,0.3123356022385645,0.29121948379164886,0.43900240384615385,0.2793498830247297,0.23255813953488244,0.6976744186046534,0.6976744186046512,0.6976744186046534,256,256,384
12,256,0.5,0.5116279069767424,0.5116279069767424,0.5479674041017882,0.5479674041017882,0.5222179901159296,0.4370741157568795,0.6020951704545459,0.42566294399527965,0.16279069767441776,0.48837209302325757,0.4883720930232558,0.48837209302325757,256,256,384
12,256,0.75,0.7674418604651141,0.7674418604651141,0.7935644374433656,0.7935644374433656,0.7750442349809145,0.6777520499273167,0.806581439393936,0.6677356406121876,0.07751937984496136,0.23255813953488244,0.2325581395348837,0.23255813953488244,256,256,384
12,256,1.0,1.0,1.0,1.0,1.0,1.0,1.0,1.0,1.0,0.0,0.0,0.0,0.0,256,256,384
13,32,0.05,0.05232558139534897,0.05232558139534897,0.08967626164263674,0.08967626164263674,0.06295987875428648,0.11589859429693963,0.2003038194444446,0.11392226753221725,0.3158914728682164,0.947674418604656,0.9476744186046512,0.947674418604656,256,256,384
13,32,0.1,0.10174418604651228,0.10174418604651228,0.15753112854976245,0.15753112854976245,0.1181147501194062,0.1539220393697024,0.26015625000000014,0.14348785607763304,0.2994186046511643,0.898255813953485,0.8982558139534884,0.898255813953485,256,256,384
13,32,0.2,0.20058139534883634,0.20058139534883634,0.2797808153560431,0.2797808153560431,0.224200357274305,0.2201087602000776,0.35575181159420305,0.20278103378295553,0.2664728682170555,0.7994186046511599,0.7994186046511628,0.7994186046511599,256,256,384
13,32,0.3,0.30232558139535,0.30232558139535,0.39471092006448333,0.39471092006448333,0.32959079107824835,0.28048398759213955,0.4338566706730771,0.2662777983138986,0.23255813953488244,0.6976744186046534,0.6976744186046512,0.6976744186046534,256,256,384
13,32,0.5,0.5,0.5,0.5967229775640568,0.5967229775640568,0.5286440676466339,0.4235790472779794,0.5927280159883718,0.4075975944280152,0.1666666666666664,0.5,0.5,0.5,256,256,384
13,32,0.75,0.75,0.75,0.8199868490921428,0.8199868490921428,0.7705070877975958,0.6501295886820239,0.7874576065891462,0.6434456765377521,0.08333333333333322,0.25,0.25,0.25,256,256,384
13,32,1.0,1.0,1.0,1.0,1.0,1.0,1.0,1.0,1.0,0.0,0.0,0.0,0.0,256,256,384
13,64,0.05,0.05232558139534897,0.05232558139534897,0.07804673471937948,0.07804673471937948,0.05982147674442651,0.11218165451276647,0.19053819444444453,0.11157608093499649,0.3158914728682164,0.947674418604656,0.9476744186046512,0.947674418604656,256,256,384
13,64,0.1,0.10465116279069794,0.10465116279069794,0.1444510401412241,0.1444510401412241,0.11614771127802523,0.15225909695821815,0.25499131944444453,0.148521650153218,0.29844961240310247,0.8953488372092994,0.8953488372093024,0.8953488372092994,256,256,384
13,64,0.2,0.20348837209302456,0.20348837209302456,0.2604764512377958,0.2604764512377958,0.21979263069775656,0.2179833504546704,0.35167410714285724,0.2063744916913259,0.2655038759689904,0.7965116279069734,0.7965116279069767,0.7965116279069734,256,256,384
13,64,0.3,0.30232558139535,0.30232558139535,0.3689185790581924,0.3689185790581924,0.3216557061229193,0.28269113531150364,0.4359224759615386,0.26423305153323756,0.23255813953488244,0.6976744186046534,0.6976744186046512,0.6976744186046534,256,256,384
13,64,0.5,0.5,0.5,0.5706590176734201,0.5706590176734201,0.5210168559353234,0.4278184916615299,0.5964298691860462,0.4067392590423222,0.1666666666666664,0.5,0.5,0.5,256,256,384
13,64,0.75,0.75,0.75,0.8019398011894528,0.8019398011894528,0.7652127748072625,0.654463428038206,0.7903645833333334,0.6451213148059521,0.08333333333333322,0.25,0.25,0.25,256,256,384
13,64,1.0,1.0,1.0,1.0,1.0,1.0,1.0,1.0,1.0,0.0,0.0,0.0,0.0,256,256,384
13,128,0.05,0.05813953488372062,0.05813953488372062,0.0770097648631662,0.0770097648631662,0.06348185829500826,0.11977616567460299,0.19765625,0.11694981812169321,0.31395348837209275,0.9418604651162849,0.9418604651162791,0.9418604651162849,256,256,384
13,128,0.1,0.10465116279069794,0.10465116279069794,0.1323287998253367,0.1323287998253367,0.11256853195035704,0.16129392207057647,0.2643229166666668,0.14905064298446666,0.29844961240310247,0.8953488372092994,0.8953488372093024,0.8953488372092994,256,256,384
13,128,0.2,0.2093023255813959,0.2093023255813959,0.24997465717723333,0.24997465717723333,0.22071312498810994,0.22547545755354145,0.358289930555555,0.2065505655341261,0.2635658914728668,0.7906976744186025,0.7906976744186046,0.7906976744186025,256,256,384
13,128,0.3,0.30232558139535,0.30232558139535,0.349591914491891,0.349591914491891,0.3160633529202088,0.28356842640425006,0.4349459134615384,0.2653939601120754,0.23255813953488244,0.6976744186046534,0.6976744186046512,0.6976744186046534,256,256,384
13,128,0.5,0.5,0.5,0.5507080418008152,0.5507080418008152,0.5153137884681783,0.4315837933125898,0.5995639534883724,0.40614404158043066,0.1666666666666664,0.5,0.5,0.5,256,256,384
13,128,0.75,0.755813953488371,0.755813953488371,0.7930705072320251,0.7930705072320251,0.7671627263481616,0.661895705636994,0.7956129807692303,0.6488070781471128,0.08139534883720889,0.24418604651162878,0.2441860465116279,0.24418604651162878,256,256,384
13,128,1.0,1.0,1.0,1.0,1.0,1.0,1.0,1.0,1.0,0.0,0.0,0.0,0.0,256,256,384
13,256,0.05,0.06976744186046503,0.06976744186046503,0.0841457739429104,0.0841457739429104,0.07362936603762255,0.12109374999999978,0.18750000000000008,0.13281250000000017,0.3100775193798454,0.9302325581395299,0.9302325581395349,0.9302325581395299,256,256,384
13,256,0.1,0.11627906976744123,0.11627906976744123,0.13640762039429852,0.13640762039429852,0.12200285832115858,0.1625589037698414,0.25546875000000013,0.14891286375661397,0.2945736434108522,0.8837209302325566,0.8837209302325582,0.8837209302325566,256,256,384
13,256,0.2,0.2093023255813959,0.2093023255813959,0.2376490653938882,0.2376490653938882,0.21726707084039465,0.2176512481085093,0.340277777777778,0.20228855090987488,0.2635658914728668,0.7906976744186025,0.7906976744186046,0.7906976744186025,256,256,384
13,256,0.3,0.30232558139535,0.30232558139535,0.33571613623947594,0.33571613623947594,0.3117239845124398,0.2813020469059356,0.427283653846154,0.26725452422159446,0.23255813953488244,0.6976744186046534,0.6976744186046512,0.6976744186046534,256,256,384
13,256,0.5,0.5116279069767424,0.5116279069767424,0.5478158643571264,0.5478158643571264,0.5216386518144748,0.4352888254922359,0.6013849431818189,0.4103143139411635,0.16279069767441776,0.48837209302325757,0.4883720930232558,0.48837209302325757,256,256,384
13,256,0.75,0.7674418604651141,0.7674418604651141,0.7935299859258139,0.7935299859258139,0.775019638054883,0.6776669661358621,0.8061079545454513,0.6700219409897015,0.07751937984496136,0.23255813953488244,0.2325581395348837,0.23255813953488244,256,256,384
13,256,1.0,1.0,1.0,1.0,1.0,1.0,1.0,1.0,1.0,0.0,0.0,0.0,0.0,256,256,384
14,32,0.05,0.05232558139534897,0.05232558139534897,0.08946415486638742,0.08946415486638742,0.060685733545673935,0.09224112898651826,0.16167534722222227,0.12642654228427475,0.3158914728682164,0.947674418604656,0.9476744186046512,0.947674418604656,256,256,384
14,32,0.1,0.10174418604651228,0.10174418604651228,0.15697152270908116,0.15697152270908116,0.11423700855830457,0.12547004117995222,0.21752232142857136,0.15393682804852007,0.2994186046511643,0.898255813953485,0.8982558139534884,0.898255813953485,256,256,384
14,32,0.2,0.20058139534883634,0.20058139534883634,0.2786864527467127,0.2786864527467127,0.21835097628771627,0.1901331875087259,0.31538722826086973,0.21208678678794454,0.2664728682170555,0.7994186046511599,0.7994186046511628,0.7994186046511599,256,256,384
14,32,0.3,0.30232558139535,0.30232558139535,0.3931975778497439,0.3931975778497439,0.32296448119700116,0.2552632833723619,0.40350811298076955,0.2736084975177197,0.23255813953488244,0.6976744186046534,0.6976744186046512,0.6976744186046534,256,256,384
14,32,0.5,0.5,0.5,0.5951284787096833,0.5951284787096833,0.5214158826537317,0.39979690135783263,0.5696765988372093,0.41417946006934625,0.1666666666666664,0.5,0.5,0.5,256,256,384
14,32,0.75,0.75,0.75,0.8188935517135231,0.8188935517135231,0.7649946928603748,0.6371520132864695,0.7778888081395343,0.6450844322463122,0.08333333333333322,0.25,0.25,0.25,256,256,384
14,32,1.0,1.0,1.0,1.0,1.0,1.0,1.0,1.0,1.0,0.0,0.0,0.0,0.0,256,256,384
14,64,0.05,0.05232558139534897,0.05232558139534897,0.07811863161218122,0.07811863161218122,0.057990850498983275,0.09093917915723965,0.15624999999999992,0.11871901459447425,0.3158914728682164,0.947674418604656,0.9476744186046512,0.947674418604656,256,256,384
14,64,0.1,0.10465116279069794,0.10465116279069794,0.14409426388294658,0.14409426388294658,0.11400270104731988,0.1282790304426374,0.22005208333333334,0.15831736924690787,0.29844961240310247,0.8953488372092994,0.8953488372093024,0.8953488372092994,256,256,384
14,64,0.2,0.20348837209302456,0.20348837209302456,0.25952110320411254,0.25952110320411254,0.21636847980668392,0.18769059534773627,0.31093750000000026,0.21162618780795417,0.2655038759689904,0.7965116279069734,0.7965116279069767,0.7965116279069734,256,256,384
14,64,0.3,0.30232558139535,0.30232558139535,0.36778372876326576,0.36778372876326576,0.31702186970987734,0.2511627108449122,0.3976862980769231,0.27697111405952884,0.23255813953488244,0.6976744186046534,0.6976744186046512,0.6976744186046534,256,256,384
14,64,0.5,0.5,0.5,0.5694104839018884,0.5694104839018884,0.5158413627014047,0.40157820197076327,0.57117550872093,0.4113654855615792,0.1666666666666664,0.5,0.5,0.5,256,256,384
14,64,0.75,0.75,0.75,0.8010854893144281,0.8010854893144281,0.7618111548430497,0.6401713008210116,0.7800387596899219,0.6474376211199441,0.08333333333333322,0.25,0.25,0.25,256,256,384
14,64,1.0,1.0,1.0,1.0,1.0,1.0,1.0,1.0,1.0,0.0,0.0,0.0,0.0,256,256,384
14,128,0.05,0.05813953488372062,0.05813953488372062,0.07719342066377889,0.07719342066377889,0.062251533873646486,0.08210875496031735,0.13828124999999983,0.11917162698412699,0.31395348837209275,0.9418604651162849,0.9418604651162791,0.9418604651162849,256,256,384
14,128,0.1,0.10465116279069794,0.10465116279069794,0.13223243504935858,0.13223243504935858,0.11080318813673123,0.12740624494990285,0.2135416666666667,0.15186451875330584,0.29844961240310247,0.8953488372092994,0.8953488372093024,0.8953488372092994,256,256,384
14,128,0.2,0.2093023255813959,0.2093023255813959,0.24967773984555894,0.24967773984555894,0.21819103408887822,0.19384237287054418,0.31705729166666624,0.2205192510647064,0.2635658914728668,0.7906976744186025,0.7906976744186046,0.7906976744186025,256,256,384
14,128,0.3,0.30232558139535,0.30232558139535,0.3492415178529569,0.3492415178529569,0.3127661053355469,0.2555429154976139,0.4014423076923076,0.276523574815627,0.23255813953488244,0.6976744186046534,0.6976744186046512,0.6976744186046534,256,256,384
14,128,0.5,0.5,0.5,0.5503216014817609,0.5503216014817609,0.5115377791705155,0.4061953011499052,0.5744004360465111,0.41017101390264993,0.1666666666666664,0.5,0.5,0.5,256,256,384
14,128,0.75,0.755813953488371,0.755813953488371,0.7927171850895893,0.7927171850895893,0.7640220115819057,0.6499593957584494,0.7869591346153834,0.6527314772321761,0.08139534883720889,0.24418604651162878,0.2441860465116279,0.24418604651162878,256,256,384
14,128,1.0,1.0,1.0,1.0,1.0,1.0,1.0,1.0,1.0,0.0,0.0,0.0,0.0,256,256,384
14,256,0.05,0.06976744186046503,0.06976744186046503,0.08472381828577807,0.08472381828577807,0.07331986435002354,0.10976562499999984,0.16927083333333343,0.14322916666666674,0.3100775193798454,0.9302325581395299,0.9302325581395349,0.9302325581395299,256,256,384
14,256,0.1,0.11627906976744123,0.11627906976744123,0.1369607326653141,0.1369607326653141,0.12114112209739657,0.1332465277777777,0.21640625000000005,0.15869915674603194,0.2945736434108522,0.8837209302325566,0.8837209302325582,0.8837209302325566,256,256,384
14,256,0.2,0.2093023255813959,0.2093023255813959,0.23780552138312885,0.23780552138312885,0.21565242172173993,0.1986479742683788,0.3168402777777779,0.22147373536390125,0.2635658914728668,0.7906976744186025,0.7906976744186046,0.7906976744186025,256,256,384
14,256,0.3,0.30232558139535,0.30232558139535,0.3356142253824081,0.3356142253824081,0.30966751172640694,0.25897310872896406,0.40174278846153844,0.2724793471728577,0.23255813953488244,0.6976744186046534,0.6976744186046512,0.6976744186046534,256,256,384
14,256,0.5,0.5116279069767424,0.5116279069767424,0.5473387066902152,0.5473387066902152,0.5190784665793452,0.4110729656339662,0.5781250000000008,0.42490468910798024,0.16279069767441776,0.48837209302325757,0.4883720930232558,0.48837209302325757,256,256,384
14,256,0.75,0.7674418604651141,0.7674418604651141,0.7932345645562853,0.7932345645562853,0.7731479731661502,0.6631172455450913,0.7960464015151484,0.66899951464267,0.07751937984496136,0.23255813953488244,0.2325581395348837,0.23255813953488244,256,256,384
14,256,1.0,1.0,1.0,1.0,1.0,1.0,1.0,1.0,1.0,0.0,0.0,0.0,0.0,256,256,384
15,32,0.05,0.05232558139534897,0.05232558139534897,0.08800366745293729,0.08800366745293729,0.062186643344845055,0.10459256322517115,0.18055555555555566,0.1183932203350604,0.3158914728682164,0.947674418604656,0.9476744186046512,0.947674418604656,256,256,384
15,32,0.1,0.10174418604651228,0.10174418604651228,0.1554564310603075,0.1554564310603075,0.11625311153247858,0.13728991212609865,0.23426339285714287,0.1421512341268453,0.2994186046511643,0.898255813953485,0.8982558139534884,0.898255813953485,256,256,384
15,32,0.2,0.20058139534883634,0.20058139534883634,0.2773643160289687,0.2773643160289687,0.22091529918678773,0.20054696259726099,0.32880434782608675,0.200359324938332,0.2664728682170555,0.7994186046511599,0.7994186046511628,0.7994186046511599,256,256,384
15,32,0.3,0.30232558139535,0.30232558139535,0.392200721770623,0.392200721770623,0.32591943298894827,0.26821308152597667,0.41887019230769246,0.26365839363343135,0.23255813953488244,0.6976744186046534,0.6976744186046512,0.6976744186046534,256,256,384
15,32,0.5,0.5,0.5,0.5943557629269607,0.5943557629269607,0.5246147169826484,0.4113686956935684,0.5809638444767442,0.40424888288870026,0.1666666666666664,0.5,0.5,0.5,256,256,384
15,32,0.75,0.75,0.75,0.8184830835934044,0.8184830835934044,0.7672312290459803,0.6410568784529048,0.780841206395347,0.642580806763364,0.08333333333333322,0.25,0.25,0.25,256,256,384
15,32,1.0,1.0,1.0,1.0,1.0,1.0,1.0,1.0,1.0,0.0,0.0,0.0,0.0,256,256,384
15,64,0.05,0.05232558139534897,0.05232558139534897,0.07665678084806656,0.07665678084806656,0.0586964808970399,0.1000792865223011,0.170138888888889,0.11605790043290048,0.3158914728682164,0.947674418604656,0.9476744186046512,0.947674418604656,256,256,384
15,64,0.1,0.10465116279069794,0.10465116279069794,0.14265991953569573,0.14265991953569573,0.11540443102805492,0.1464157320315512,0.2463107638888887,0.14524400873496868,0.29844961240310247,0.8953488372092994,0.8953488372093024,0.8953488372092994,256,256,384
15,64,0.2,0.20348837209302456,0.20348837209302456,0.25833870476139587,0.25833870476139587,0.21805821681835916,0.2031326512677317,0.3320312500000002,0.20352961591584307,0.2655038759689904,0.7965116279069734,0.7965116279069767,0.7965116279069734,256,256,384
15,64,0.3,0.30232558139535,0.30232558139535,0.3666969423409508,0.3666969423409508,0.3195419503338287,0.2695290988181953,0.41999699519230804,0.2644922977071477,0.23255813953488244,0.6976744186046534,0.6976744186046512,0.6976744186046534,256,256,384
15,64,0.5,0.5,0.5,0.56872476326653,0.56872476326653,0.5178273727620063,0.4134278565955472,0.5823946220930227,0.40746994929481334,0.1666666666666664,0.5,0.5,0.5,256,256,384
15,64,0.75,0.75,0.75,0.8006913528710571,0.8006913528710571,0.7629570539346311,0.6442426123868222,0.7829457364341081,0.6438095813778305,0.08333333333333322,0.25,0.25,0.25,256,256,384
15,64,1.0,1.0,1.0,1.0,1.0,1.0,1.0,1.0,1.0,0.0,0.0,0.0,0.0,256,256,384
15,128,0.05,0.05813953488372062,0.05813953488372062,0.07611353469801375,0.07611353469801375,0.0628165988383486,0.095455109126984,0.15703125000000012,0.10844494047619063,0.31395348837209275,0.9418604651162849,0.9418604651162791,0.9418604651162849,256,256,384
15,128,0.1,0.10465116279069794,0.10465116279069794,0.13110654016666104,0.13110654016666104,0.11150216869147003,0.13481290653280534,0.22526041666666693,0.15036475855639472,0.29844961240310247,0.8953488372092994,0.8953488372093024,0.8953488372092994,256,256,384
15,128,0.2,0.2093023255813959,0.2093023255813959,0.2485262988510318,0.2485262988510318,0.21974667374072504,0.20321101048587661,0.3298611111111104,0.20803803715713431,0.2635658914728668,0.7906976744186025,0.7906976744186046,0.7906976744186025,256,256,384
15,128,0.3,0.30232558139535,0.30232558139535,0.34814444252496407,0.34814444252496407,0.31457909329082673,0.27183303782514423,0.42052283653846134,0.27066310889851136,0.23255813953488244,0.6976744186046534,0.6976744186046512,0.6976744186046534,256,256,384
15,128,0.5,0.5,0.5,0.5496118660071757,0.5496118660071757,0.5129953531443334,0.4163764130321116,0.5842114825581394,0.4085417270505831,0.1666666666666664,0.5,0.5,0.5,256,256,384
15,128,0.75,0.755813953488371,0.755813953488371,0.7924039917601478,0.7924039917601478,0.765462014770893,0.6552604671182265,0.7906850961538457,0.6497547894803797,0.08139534883720889,0.24418604651162878,0.2441860465116279,0.24418604651162878,256,256,384
15,128,1.0,1.0,1.0,1.0,1.0,1.0,1.0,1.0,1.0,0.0,0.0,0.0,0.0,256,256,384
15,256,0.05,0.06976744186046503,0.06976744186046503,0.08370673365751559,0.08370673365751559,0.07327494815123799,0.11601562499999982,0.1809895833333335,0.12213541666666676,0.3100775193798454,0.9302325581395299,0.9302325581395349,0.9302325581395299,256,256,384
15,256,0.1,0.11627906976744123,0.11627906976744123,0.1358707717784359,0.1358707717784359,0.12121607088179788,0.1474144345238097,0.23437500000000017,0.1556919642857145,0.2945736434108522,0.8837209302325566,0.8837209302325582,0.8837209302325566,256,256,384
15,256,0.2,0.2093023255813959,0.2093023255813959,0.23678247469753008,0.23678247469753008,0.21613445853197052,0.20690621992896838,0.3289930555555556,0.21955383005474985,0.2635658914728668,0.7906976744186025,0.7906976744186046,0.7906976744186025,256,256,384
15,256,0.3,0.30232558139535,0.30232558139535,0.3346365938832978,0.3346365938832978,0.3102846622581052,0.2667619506250686,0.4116586538461541,0.2751939345741828,0.23255813953488244,0.6976744186046534,0.6976744186046512,0.6976744186046534,256,256,384
15,256,0.5,0.5116279069767424,0.5116279069767424,0.5468882516942132,0.5468882516942132,0.5210200474762147,0.42880583182673504,0.5951704545454549,0.41713792369266217,0.16279069767441776,0.48837209302325757,0.4883720930232558,0.48837209302325757,256,256,384
15,256,0.75,0.7674418604651141,0.7674418604651141,0.7930982723489919,0.7930982723489919,0.7744719240303682,0.6728724421383353,0.8029119318181783,0.6667807921971943,0.07751937984496136,0.23255813953488244,0.2325581395348837,0.23255813953488244,256,256,384
15,256,1.0,1.0,1.0,1.0,1.0,1.0,1.0,1.0,1.0,0.0,0.0,0.0,0.0,256,256,384
16,32,0.05,0.05232558139534897,0.05232558139534897,0.09070740190718918,0.09070740190718918,0.05974185256991388,0.07545894783107897,0.13476562500000014,0.12624197986036365,0.3158914728682164,0.947674418604656,0.9476744186046512,0.947674418604656,256,256,384
16,32,0.1,0.10174418604651228,0.10174418604651228,0.1586398777729077,0.1586398777729077,0.11314978110369263,0.10634677560288136,0.18872767857142878,0.1535876645373205,0.2994186046511643,0.898255813953485,0.8982558139534884,0.898255813953485,256,256,384
16,32,0.2,0.20058139534883634,0.20058139534883634,0.28090653460435294,0.28090653460435294,0.21646273729644538,0.1734861297194161,0.2927423007246376,0.21204673304608812,0.2664728682170555,0.7994186046511599,0.7994186046511628,0.7994186046511599,256,256,384
16,32,0.3,0.30232558139535,0.30232558139535,0.3957777479627767,0.3957777479627767,0.32069878767498616,0.2415969768296117,0.3867938701923076,0.2737110400318557,0.23255813953488244,0.6976744186046534,0.6976744186046512,0.6976744186046534,256,256,384
16,32,0.5,0.5,0.5,0.5973580108569845,0.5973580108569845,0.5188339040911759,0.39010469959965594,0.559979106104651,0.41354411867700863,0.1666666666666664,0.5,0.5,0.5,256,256,384
16,32,0.75,0.75,0.75,0.8201252015140676,0.8201252015140676,0.7638708178208291,0.632303185665977,0.7743913517441847,0.6472235174697629,0.08333333333333322,0.25,0.25,0.25,256,256,384
16,32,1.0,1.0,1.0,1.0,1.0,1.0,1.0,1.0,1.0,0.0,0.0,0.0,0.0,256,256,384
16,64,0.05,0.05232558139534897,0.05232558139534897,0.07876294243968558,0.07876294243968558,0.05745211114651825,0.08031042946024554,0.13888888888888884,0.12388770466665704,0.3158914728682164,0.947674418604656,0.9476744186046512,0.947674418604656,256,256,384
16,64,0.1,0.10465116279069794,0.10465116279069794,0.14535119725762755,0.14535119725762755,0.1127087184881072,0.11531441263208932,0.20008680555555572,0.15465446301623256,0.29844961240310247,0.8953488372092994,0.8953488372093024,0.8953488372092994,256,256,384
16,64,0.2,0.20348837209302456,0.20348837209302456,0.2613962609887363,0.2613962609887363,0.21498600854889327,0.17461291869755474,0.29285714285714315,0.21120002975553534,0.2655038759689904,0.7965116279069734,0.7965116279069767,0.7965116279069734,256,256,384
16,64,0.3,0.30232558139535,0.30232558139535,0.36992342228753916,0.36992342228753916,0.3153732886165793,0.23845347096172095,0.38161057692307687,0.27341638679520364,0.23255813953488244,0.6976744186046534,0.6976744186046512,0.6976744186046534,256,256,384
16,64,0.5,0.5,0.5,0.571501580646114,0.571501580646114,0.5134554853620997,0.3903572044477652,0.5595930232558137,0.4173116848414473,0.1666666666666664,0.5,0.5,0.5,256,256,384
16,64,0.75,0.75,0.75,0.8022913219095562,0.8022913219095562,0.7603535721700251,0.6338390064861215,0.7753754844961229,0.6500263704952424,0.08333333333333322,0.25,0.25,0.25,256,256,384
16,64,1.0,1.0,1.0,1.0,1.0,1.0,1.0,1.0,1.0,0.0,0.0,0.0,0.0,256,256,384
16,128,0.05,0.05813953488372062,0.05813953488372062,0.0777072039259914,0.0777072039259914,0.06192034436673126,0.07814050099206338,0.13203124999999988,0.12885458002645514,0.31395348837209275,0.9418604651162849,0.9418604651162791,0.9418604651162849,256,256,384
16,128,0.1,0.10465116279069794,0.10465116279069794,0.13314815273437297,0.13314815273437297,0.11060772591289034,0.11053765857304446,0.18923611111111135,0.1485376908630588,0.29844961240310247,0.8953488372092994,0.8953488372093024,0.8953488372092994,256,256,384
16,128,0.2,0.2093023255813959,0.2093023255813959,0.251132083142867,0.251132083142867,0.21788980407759187,0.18169204035557682,0.3001302083333332,0.2171561488742799,0.2635658914728668,0.7906976744186025,0.7906976744186046,0.7906976744186025,256,256,384
16,128,0.3,0.30232558139535,0.30232558139535,0.35100150810731495,0.35100150810731495,0.3124019072823788,0.24757012524422595,0.39182692307692285,0.281427821634199,0.23255813953488244,0.6976744186046534,0.6976744186046512,0.6976744186046534,256,256,384
16,128,0.5,0.5,0.5,0.552057600391982,0.552057600391982,0.5096965196400538,0.3892551964253131,0.5578670058139534,0.4181423602286178,0.1666666666666664,0.5,0.5,0.5,256,256,384
16,128,0.75,0.755813953488371,0.755813953488371,0.7938164068680674,0.7938164068680674,0.7624910561876388,0.636739491936036,0.7773437500000003,0.6579132225621542,0.08139534883720889,0.24418604651162878,0.2441860465116279,0.24418604651162878,256,256,384
16,128,1.0,1.0,1.0,1.0,1.0,1.0,1.0,1.0,1.0,0.0,0.0,0.0,0.0,256,256,384
16,256,0.05,0.06976744186046503,0.06976744186046503,0.08487942189463567,0.08487942189463567,0.07246273189738174,0.08749999999999986,0.1354166666666665,0.13515625000000006,0.3100775193798454,0.9302325581395299,0.9302325581395349,0.9302325581395299,256,256,384
16,256,0.1,0.11627906976744123,0.11627906976744123,0.13732670869211455,0.13732670869211455,0.12003061543733164,0.1125837053571427,0.18437500000000023,0.17367311507936542,0.2945736434108522,0.8837209302325566,0.8837209302325582,0.8837209302325566,256,256,384
16,256,0.2,0.2093023255813959,0.2093023255813959,0.23860931409731415,0.23860931409731415,0.2150310136973748,0.1835235134810045,0.29557291666666713,0.2182361105499897,0.2635658914728668,0.7906976744186025,0.7906976744186046,0.7906976744186025,256,256,384
16,256,0.3,0.30232558139535,0.30232558139535,0.33660535267574365,0.33660535267574365,0.30939469064196606,0.24566848326176471,0.3846153846153851,0.28184509778539046,0.23255813953488244,0.6976744186046534,0.6976744186046512,0.6976744186046534,256,256,384
16,256,0.5,0.5116279069767424,0.5116279069767424,0.5485830479100026,0.5485830479100026,0.5183686696665406,0.39824856468298814,0.5651633522727277,0.42053623489945413,0.16279069767441776,0.48837209302325757,0.4883720930232558,0.48837209302325757,256,256,384
16,256,0.75,0.7674418604651141,0.7674418604651141,0.7939551080934616,0.7939551080934616,0.7726068854431114,0.6576105613503863,0.7922585227272688,0.6680163760578833,0.07751937984496136,0.23255813953488244,0.2325581395348837,0.23255813953488244,256,256,384
16,256,1.0,1.0,1.0,1.0,1.0,1.0,1.0,1.0,1.0,0.0,0.0,0.0,0.0,256,256,384
17,32,0.05,0.05232558139534897,0.05232558139534897,0.10452183880637035,0.10452183880637035,0.06682466892124427,0.08898081958713175,0.1564670138888891,0.11670388036272568,0.3158914728682164,0.947674418604656,0.9476744186046512,0.947674418604656,256,256,384
17,32,0.1,0.10174418604651228,0.10174418604651228,0.1725923897310155,0.1725923897310155,0.12039821045108742,0.12072911712476433,0.2101562500000004,0.14178701823183562,0.2994186046511643,0.898255813953485,0.8982558139534884,0.898255813953485,256,256,384
17,32,0.2,0.20058139534883634,0.20058139534883634,0.29409938518425915,0.29409938518425915,0.22459100040655322,0.18689600650889707,0.31125452898550693,0.20008354120477248,0.2664728682170555,0.7994186046511599,0.7994186046511628,0.7994186046511599,256,256,384
17,32,0.3,0.30232558139535,0.30232558139535,0.4076493832586529,0.4076493832586529,0.32837736098210546,0.25446337949586456,0.40290715144230743,0.2632344906251703,0.23255813953488244,0.6976744186046534,0.6976744186046512,0.6976744186046534,256,256,384
17,32,0.5,0.5,0.5,0.6061949306435481,0.6061949306435481,0.5252718826398225,0.3985891076931013,0.568359375,0.4028547472326173,0.1666666666666664,0.5,0.5,0.5,256,256,384
17,32,0.75,0.75,0.75,0.8244707282725463,0.8244707282725463,0.7678814773801503,0.6375716156145238,0.778327882751936,0.6412315093430975,0.08333333333333322,0.25,0.25,0.25,256,256,384
17,32,1.0,1.0,1.0,1.0,1.0,1.0,1.0,1.0,1.0,0.0,0.0,0.0,0.0,256,256,384
17,64,0.05,0.05232558139534897,0.05232558139534897,0.0915860551795061,0.0915860551795061,0.06292454455320551,0.08794832235778918,0.15104166666666663,0.10865616843328246,0.3158914728682164,0.947674418604656,0.9476744186046512,0.947674418604656,256,256,384
17,64,0.1,0.10465116279069794,0.10465116279069794,0.15855063107925388,0.15855063107925388,0.11861778759058811,0.12095780777581769,0.2092013888888892,0.1434228459216171,0.29844961240310247,0.8953488372092994,0.8953488372093024,0.8953488372092994,256,256,384
17,64,0.2,0.20348837209302456,0.20348837209302456,0.27386060489956177,0.27386060489956177,0.221339563047514,0.1893569537548681,0.3131696428571431,0.20549446283899908,0.2655038759689904,0.7965116279069734,0.7965116279069767,0.7965116279069734,256,256,384
17,64,0.3,0.30232558139535,0.30232558139535,0.3810156372160548,0.3810156372160548,0.322389001965377,0.2568559971575059,0.40489783653846156,0.26453170381359975,0.23255813953488244,0.6976744186046534,0.6976744186046512,0.6976744186046534,256,256,384
17,64,0.5,0.5,0.5,0.5795320991870077,0.5795320991870077,0.5194065135658416,0.4031282970527654,0.5723564680232553,0.4058567704710006,0.1666666666666664,0.5,0.5,0.5,256,256,384
17,64,0.75,0.75,0.75,0.8063386004833971,0.8063386004833971,0.7639939222568396,0.6415229632804439,0.7811288759689916,0.6414506094719559,0.08333333333333322,0.25,0.25,0.25,256,256,384
17,64,1.0,1.0,1.0,1.0,1.0,1.0,1.0,1.0,1.0,0.0,0.0,0.0,0.0,256,256,384
17,128,0.05,0.05813953488372062,0.05813953488372062,0.08954602206984835,0.08954602206984835,0.06435697951317762,0.09852430555555544,0.15859375000000014,0.1198640046296297,0.31395348837209275,0.9418604651162849,0.9418604651162791,0.9418604651162849,256,256,384
17,128,0.1,0.10465116279069794,0.10465116279069794,0.1454068566933084,0.1454068566933084,0.11286684862459948,0.1309853117929863,0.21788194444444486,0.1455499616804766,0.29844961240310247,0.8953488372092994,0.8953488372093024,0.8953488372092994,256,256,384
17,128,0.2,0.2093023255813959,0.2093023255813959,0.26256219552660015,0.26256219552660015,0.22333674516518331,0.19981088380700274,0.3257378472222219,0.21593976413201602,0.2635658914728668,0.7906976744186025,0.7906976744186046,0.7906976744186025,256,256,384
17,128,0.3,0.30232558139535,0.30232558139535,0.36110708821694715,0.36110708821694715,0.31845323142074805,0.2613168511280957,0.4089543269230765,0.26876718122792465,0.23255813953488244,0.6976744186046534,0.6976744186046512,0.6976744186046534,256,256,384
17,128,0.5,0.5,0.5,0.5594450496497314,0.5594450496497314,0.5158718950860703,0.40302104366021885,0.571675145348837,0.40710109067774725,0.1666666666666664,0.5,0.5,0.5,256,256,384
17,128,0.75,0.755813953488371,0.755813953488371,0.7975046151435641,0.7975046151435641,0.7651212416368234,0.6515154139086795,0.788161057692308,0.6513915096570893,0.08139534883720889,0.24418604651162878,0.2441860465116279,0.24418604651162878,256,256,384
17,128,1.0,1.0,1.0,1.0,1.0,1.0,1.0,1.0,1.0,0.0,0.0,0.0,0.0,256,256,384
17,256,0.05,0.06976744186046503,0.06976744186046503,0.09533060546503218,0.09533060546503218,0.0783329301921167,0.12382812499999983,0.18750000000000022,0.13098958333333344,0.3100775193798454,0.9302325581395299,0.9302325581395349,0.9302325581395299,256,256,384
17,256,0.1,0.11627906976744123,0.11627906976744123,0.14821328758756852,0.14821328758756852,0.12613886209288858,0.15279327876984156,0.24140625000000057,0.15625000000000033,0.2945736434108522,0.8837209302325566,0.8837209302325582,0.8837209302325566,256,256,384
17,256,0.2,0.2093023255813959,0.2093023255813959,0.24917958504510881,0.24917958504510881,0.21987592206360973,0.20101533347167574,0.3207465277777783,0.20911553213942957,0.2635658914728668,0.7906976744186025,0.7906976744186046,0.7906976744186025,256,256,384
17,256,0.3,0.30232558139535,0.30232558139535,0.3464467851587502,0.3464467851587502,0.31335836840967385,0.25914091283031304,0.40234375000000033,0.2641765850658165,0.23255813953488244,0.6976744186046534,0.6976744186046512,0.6976744186046534,256,256,384
17,256,0.5,0.5116279069767424,0.5116279069767424,0.555858987618746,0.555858987618746,0.5226758241967377,0.4146318033086292,0.5811434659090909,0.41885677381865966,0.16279069767441776,0.48837209302325757,0.4883720930232558,0.48837209302325757,256,256,384
17,256,0.75,0.7674418604651141,0.7674418604651141,0.797567835264243,0.797567835264243,0.7749206212681572,0.6657216764650258,0.7977035984848448,0.6660291450099226,0.07751937984496136,0.23255813953488244,0.2325581395348837,0.23255813953488244,256,256,384
17,256,1.0,1.0,1.0,1.0,1.0,1.0,1.0,1.0,1.0,0.0,0.0,0.0,0.0,256,256,384
18,32,0.05,0.05232558139534897,0.05232558139534897,0.09270698983797926,0.09270698983797926,0.06166670991037436,0.0875292590854497,0.15473090277777796,0.12276350404342774,0.3158914728682164,0.947674418604656,0.9476744186046512,0.947674418604656,256,256,384
18,32,0.1,0.10174418604651228,0.10174418604651228,0.16031652728256401,0.16031652728256401,0.11549046094813681,0.12272566735697485,0.21361607142857159,0.15349552158746138,0.2994186046511643,0.898255813953485,0.8982558139534884,0.898255813953485,256,256,384
18,32,0.2,0.20058139534883634,0.20058139534883634,0.28208441529812606,0.28208441529812606,0.2202695105980549,0.18598412103297146,0.31006567028985477,0.20834914868115642,0.2664728682170555,0.7994186046511599,0.7994186046511628,0.7994186046511599,256,256,384
18,32,0.3,0.30232558139535,0.30232558139535,0.39655730963317876,0.39655730963317876,0.3245222034187713,0.25437467349022097,0.4028695913461538,0.2710602081672657,0.23255813953488244,0.6976744186046534,0.6976744186046512,0.6976744186046534,256,256,384
18,32,0.5,0.5,0.5,0.5977492094540009,0.5977492094540009,0.5224624188224243,0.3990427589997324,0.5691315406976741,0.4073757156232643,0.1666666666666664,0.5,0.5,0.5,256,256,384
18,32,0.75,0.75,0.75,0.8202817477861737,0.8202817477861737,0.7662319167648501,0.6344897974547,0.7760416666666649,0.6435988980415291,0.08333333333333322,0.25,0.25,0.25,256,256,384
18,32,1.0,1.0,1.0,1.0,1.0,1.0,1.0,1.0,1.0,0.0,0.0,0.0,0.0,256,256,384
18,64,0.05,0.05232558139534897,0.05232558139534897,0.08080963330741751,0.08080963330741751,0.05861760769155509,0.08464486455639939,0.1467013888888888,0.12465159304543504,0.3158914728682164,0.947674418604656,0.9476744186046512,0.947674418604656,256,256,384
18,64,0.1,0.10465116279069794,0.10465116279069794,0.14702654295253112,0.14702654295253112,0.11440325209829298,0.11896524357189767,0.20551215277777787,0.15370811153228525,0.29844961240310247,0.8953488372092994,0.8953488372093024,0.8953488372092994,256,256,384
18,64,0.2,0.20348837209302456,0.20348837209302456,0.26247887054260455,0.26247887054260455,0.21740345792180987,0.18266674065211,0.30435267857142884,0.2104247080622171,0.2655038759689904,0.7965116279069734,0.7965116279069767,0.7965116279069734,256,256,384
18,64,0.3,0.30232558139535,0.30232558139535,0.37047286557555,0.37047286557555,0.31848233509063617,0.25286036732282247,0.40016526442307704,0.27152900968097016,0.23255813953488244,0.6976744186046534,0.6976744186046512,0.6976744186046534,256,256,384
18,64,0.5,0.5,0.5,0.5714893696251503,0.5714893696251503,0.5167442888198815,0.39994435540806067,0.5695403343023258,0.40965077139242445,0.1666666666666664,0.5,0.5,0.5,256,256,384
18,64,0.75,0.75,0.75,0.802085019389686,0.802085019389686,0.7616212066572318,0.637900073509858,0.7784641472868207,0.6434233922055986,0.08333333333333322,0.25,0.25,0.25,256,256,384
18,64,1.0,1.0,1.0,1.0,1.0,1.0,1.0,1.0,1.0,0.0,0.0,0.0,0.0,256,256,384
18,128,0.05,0.05813953488372062,0.05813953488372062,0.0794979215048664,0.0794979215048664,0.06265620985353788,0.08968874007936493,0.1492187499999999,0.13277116402116412,0.31395348837209275,0.9418604651162849,0.9418604651162791,0.9418604651162849,256,256,384
18,128,0.1,0.10465116279069794,0.10465116279069794,0.13480057050474648,0.13480057050474648,0.11147769537342243,0.12207384756787312,0.20746527777777793,0.15621908345943306,0.29844961240310247,0.8953488372092994,0.8953488372093024,0.8953488372092994,256,256,384
18,128,0.2,0.2093023255813959,0.2093023255813959,0.2522231761082762,0.2522231761082762,0.2196028854790747,0.19577980750168897,0.3209635416666663,0.20837931523889322,0.2635658914728668,0.7906976744186025,0.7906976744186046,0.7906976744186025,256,256,384
18,128,0.3,0.30232558139535,0.30232558139535,0.3515862230692768,0.3515862230692768,0.3142805168868131,0.26004583430667527,0.40685096153846123,0.2710272568153009,0.23255813953488244,0.6976744186046534,0.6976744186046512,0.6976744186046534,256,256,384
18,128,0.5,0.5,0.5,0.5522023461387384,0.5522023461387384,0.5125798836089873,0.4045013817209101,0.5730377906976746,0.4101172312969157,0.1666666666666664,0.5,0.5,0.5,256,256,384
18,128,0.75,0.755813953488371,0.755813953488371,0.7937363035267411,0.7937363035267411,0.7644643318725929,0.6457956005978428,0.7838341346153852,0.6543590609561726,0.08139534883720889,0.24418604651162878,0.2441860465116279,0.24418604651162878,256,256,384
18,128,1.0,1.0,1.0,1.0,1.0,1.0,1.0,1.0,1.0,0.0,0.0,0.0,0.0,256,256,384
18,256,0.05,0.06976744186046503,0.06976744186046503,0.08649044076652687,0.08649044076652687,0.07311774892776467,0.10078124999999982,0.15755208333333334,0.1354166666666667,0.3100775193798454,0.9302325581395299,0.9302325581395349,0.9302325581395299,256,256,384
18,256,0.1,0.11627906976744123,0.11627906976744123,0.13891433180801271,0.13891433180801271,0.12064208212191277,0.1264260912698411,0.20546875000000028,0.15654968584656112,0.2945736434108522,0.8837209302325566,0.8837209302325582,0.8837209302325566,256,256,384
18,256,0.2,0.2093023255813959,0.2093023255813959,0.2401934144105984,0.2401934144105984,0.21608459072437028,0.19446245390638814,0.3103298611111116,0.21164304828137584,0.2635658914728668,0.7906976744186025,0.7906976744186046,0.7906976744186025,256,256,384
18,256,0.3,0.30232558139535,0.30232558139535,0.3381455181725042,0.3381455181725042,0.31052356531472863,0.25547656289910037,0.39573317307692346,0.2682862816901726,0.23255813953488244,0.6976744186046534,0.6976744186046512,0.6976744186046534,256,256,384
18,256,0.5,0.5116279069767424,0.5116279069767424,0.5496995206224855,0.5496995206224855,0.5206009549654981,0.4150201231151386,0.5813210227272729,0.419741655728103,0.16279069767441776,0.48837209302325757,0.4883720930232558,0.48837209302325757,256,256,384
18,256,0.75,0.7674418604651141,0.7674418604651141,0.7944401595429874,0.7944401595429874,0.7742012341300938,0.6612728895231053,0.7947443181818149,0.6644932761654254,0.07751937984496136,0.23255813953488244,0.2325581395348837,0.23255813953488244,256,256,384
18,256,1.0,1.0,1.0,1.0,1.0,1.0,1.0,1.0,1.0,0.0,0.0,0.0,0.0,256,256,384
19,32,0.05,0.05232558139534897,0.05232558139534897,0.09112245802807586,0.09112245802807586,0.06143835900349648,0.09386784245375966,0.1618923611111115,0.11993872890045186,0.3158914728682164,0.947674418604656,0.9476744186046512,0.947674418604656,256,256,384
19,32,0.1,0.10174418604651228,0.10174418604651228,0.15908026600474656,0.15908026600474656,0.11502437517806627,0.1268534094092423,0.21707589285714313,0.14635211878732005,0.2994186046511643,0.898255813953485,0.8982558139534884,0.898255813953485,256,256,384
19,32,0.2,0.20058139534883634,0.20058139534883634,0.2813323674708004,0.2813323674708004,0.2194277003103873,0.1921887384591899,0.31521739130434817,0.2047220104081551,0.2664728682170555,0.7994186046511599,0.7994186046511628,0.7994186046511599,256,256,384
19,32,0.3,0.30232558139535,0.30232558139535,0.39592703310941024,0.39592703310941024,0.32436937117979064,0.25965024756179755,0.4066631610576923,0.26676228049946415,0.23255813953488244,0.6976744186046534,0.6976744186046512,0.6976744186046534,256,256,384
19,32,0.5,0.5,0.5,0.5973188281795296,0.5973188281795296,0.522983645202146,0.4051331662393652,0.5736509811046508,0.40926279657607756,0.1666666666666664,0.5,0.5,0.5,256,256,384
19,32,0.75,0.75,0.75,0.8202194724960294,0.8202194724960294,0.766003787499006,0.6403738133537186,0.780038759689921,0.6424479735874075,0.08333333333333322,0.25,0.25,0.25,256,256,384
19,32,1.0,1.0,1.0,1.0,1.0,1.0,1.0,1.0,1.0,0.0,0.0,0.0,0.0,256,256,384
19,64,0.05,0.05232558139534897,0.05232558139534897,0.07895170496006972,0.07895170496006972,0.05838272095897965,0.09386483805716331,0.15755208333333337,0.11363203662146688,0.3158914728682164,0.947674418604656,0.9476744186046512,0.947674418604656,256,256,384
19,64,0.1,0.10465116279069794,0.10465116279069794,0.14536792912513238,0.14536792912513238,0.1141367553660115,0.1268460619328399,0.21527777777777782,0.1464240072091518,0.29844961240310247,0.8953488372092994,0.8953488372093024,0.8953488372092994,256,256,384
19,64,0.2,0.20348837209302456,0.20348837209302456,0.26121890906213036,0.26121890906213036,0.21740020758229256,0.1998593335675095,0.32522321428571477,0.2054349775363176,0.2655038759689904,0.7965116279069734,0.7965116279069767,0.7965116279069734,256,256,384
19,64,0.3,0.30232558139535,0.30232558139535,0.3695700128284305,0.3695700128284305,0.3182834231907944,0.2619051719386367,0.4087289663461541,0.2693170178568787,0.23255813953488244,0.6976744186046534,0.6976744186046512,0.6976744186046534,256,256,384
19,64,0.5,0.5,0.5,0.570934982019615,0.570934982019615,0.5164442013253764,0.40611780744833,0.5739462209302324,0.41004153417398226,0.1666666666666664,0.5,0.5,0.5,256,256,384
19,64,0.75,0.75,0.75,0.8020513253224572,0.8020513253224572,0.7615989258307228,0.6383664876724354,0.7783430232558133,0.6438158560467051,0.08333333333333322,0.25,0.25,0.25,256,256,384
19,64,1.0,1.0,1.0,1.0,1.0,1.0,1.0,1.0,1.0,0.0,0.0,0.0,0.0,256,256,384
19,128,0.05,0.05813953488372062,0.05813953488372062,0.0779109826036266,0.0779109826036266,0.06229315900792395,0.09712921626984117,0.15703124999999998,0.12130042989418,0.31395348837209275,0.9418604651162849,0.9418604651162791,0.9418604651162849,256,256,384
19,128,0.1,0.10465116279069794,0.10465116279069794,0.13324317266555416,0.13324317266555416,0.11118311053865797,0.13171235933184453,0.21484375000000033,0.14864730857377936,0.29844961240310247,0.8953488372092994,0.8953488372093024,0.8953488372092994,256,256,384
19,128,0.2,0.2093023255813959,0.2093023255813959,0.2509348160963233,0.2509348160963233,0.21867258373627668,0.19657792315495773,0.3190104166666666,0.2049227563749637,0.2635658914728668,0.7906976744186025,0.7906976744186046,0.7906976744186025,256,256,384
19,128,0.3,0.30232558139535,0.30232558139535,0.3506310733611421,0.3506310733611421,0.3138969095478922,0.2642755261812675,0.4110576923076922,0.2686810539925923,0.23255813953488244,0.6976744186046534,0.6976744186046512,0.6976744186046534,256,256,384
19,128,0.5,0.5,0.5,0.551507315438259,0.551507315438259,0.5124797305077299,0.41121124272228254,0.5790334302325582,0.40637525892152077,0.1666666666666664,0.5,0.5,0.5,256,256,384
19,128,0.75,0.755813953488371,0.755813953488371,0.7933911410315995,0.7933911410315995,0.7648473751291598,0.6503141433531067,0.7868389423076926,0.6495831127210557,0.08139534883720889,0.24418604651162878,0.2441860465116279,0.24418604651162878,256,256,384
19,128,1.0,1.0,1.0,1.0,1.0,1.0,1.0,1.0,1.0,0.0,0.0,0.0,0.0,256,256,384
19,256,0.05,0.06976744186046503,0.06976744186046503,0.08504781337698873,0.08504781337698873,0.07324988848094692,0.11484374999999979,0.17838541666666674,0.1356770833333334,0.3100775193798454,0.9302325581395299,0.9302325581395349,0.9302325581395299,256,256,384
19,256,0.1,0.11627906976744123,0.11627906976744123,0.13746489829136285,0.13746489829136285,0.12127582676062242,0.15142919146825404,0.2398437500000004,0.1581307870370373,0.2945736434108522,0.8837209302325566,0.8837209302325582,0.8837209302325566,256,256,384
19,256,0.2,0.2093023255813959,0.2093023255813959,0.2386454812635519,0.2386454812635519,0.21661982898119184,0.20647260597858058,0.3281250000000003,0.21171654249549518,0.2635658914728668,0.7906976744186025,0.7906976744186046,0.7906976744186025,256,256,384
19,256,0.3,0.30232558139535,0.30232558139535,0.3365554648657164,0.3365554648657164,0.3109487432874146,0.2668759572264261,0.40985576923076966,0.26932851391855545,0.23255813953488244,0.6976744186046534,0.6976744186046512,0.6976744186046534,256,256,384
19,256,0.5,0.5116279069767424,0.5116279069767424,0.548422339780861,0.548422339780861,0.5205881780752789,0.42077591832069144,0.5868252840909092,0.4184318900917034,0.16279069767441776,0.48837209302325757,0.4883720930232558,0.48837209302325757,256,256,384
19,256,0.75,0.7674418604651141,0.7674418604651141,0.7938500200963909,0.7938500200963909,0.7736146847227608,0.6696078363741248,0.8005445075757538,0.6662659543990596,0.07751937984496136,0.23255813953488244,0.2325581395348837,0.23255813953488244,256,256,384
19,256,1.0,1.0,1.0,1.0,1.0,1.0,1.0,1.0,1.0,0.0,0.0,0.0,0.0,256,256,384
20,32,0.05,0.05232558139534897,0.05232558139534897,0.10590069846148661,0.10590069846148661,0.06661333574687116,0.09822849492095573,0.17057291666666693,0.09648490515599262,0.3158914728682164,0.947674418604656,0.9476744186046512,0.947674418604656,256,256,384
20,32,0.1,0.10174418604651228,0.10174418604651228,0.17437211077104253,0.17437211077104253,0.12051537350376627,0.130964155590977,0.22500000000000026,0.12950080345794615,0.2994186046511643,0.898255813953485,0.8982558139534884,0.898255813953485,256,256,384
20,32,0.2,0.20058139534883634,0.20058139534883634,0.29598812569764454,0.29598812569764454,0.2257247390583922,0.19849947953570518,0.3257472826086957,0.1898976745598819,0.2664728682170555,0.7994186046511599,0.7994186046511628,0.7994186046511599,256,256,384
20,32,0.3,0.30232558139535,0.30232558139535,0.4093672286977965,0.4093672286977965,0.3303120275358763,0.26686606619549424,0.417330228365385,0.2558047227842298,0.23255813953488244,0.6976744186046534,0.6976744186046512,0.6976744186046534,256,256,384
20,32,0.5,0.5,0.5,0.6073433486468026,0.6073433486468026,0.5288461560770024,0.4095613729169112,0.5787609011627904,0.3989614406249691,0.1666666666666664,0.5,0.5,0.5,256,256,384
20,32,0.75,0.75,0.75,0.8250563418025244,0.8250563418025244,0.7705303360971337,0.6399390731118927,0.7799630571705414,0.6377253117068781,0.08333333333333322,0.25,0.25,0.25,256,256,384
20,32,1.0,1.0,1.0,1.0,1.0,1.0,1.0,1.0,1.0,0.0,0.0,0.0,0.0,256,256,384
20,64,0.05,0.05232558139534897,0.05232558139534897,0.0925015055346273,0.0925015055346273,0.05875580711162644,0.0926333604355202,0.15928819444444425,0.10110132284994423,0.3158914728682164,0.947674418604656,0.9476744186046512,0.947674418604656,256,256,384
20,64,0.1,0.10465116279069794,0.10465116279069794,0.15951359846857704,0.15951359846857704,0.11827953251706931,0.13166343554723783,0.22526041666666674,0.13039065993321708,0.29844961240310247,0.8953488372092994,0.8953488372093024,0.8953488372092994,256,256,384
20,64,0.2,0.20348837209302456,0.20348837209302456,0.27491404402913705,0.27491404402913705,0.2215917192808851,0.19737262344692075,0.32388392857142884,0.19492045540451167,0.2655038759689904,0.7965116279069734,0.7965116279069767,0.7965116279069734,256,256,384
20,64,0.3,0.30232558139535,0.30232558139535,0.3821505314207005,0.3821505314207005,0.32287946570653847,0.261496078699732,0.4097806490384617,0.25595301619463,0.23255813953488244,0.6976744186046534,0.6976744186046512,0.6976744186046534,256,256,384
20,64,0.5,0.5,0.5,0.5806501219353483,0.5806501219353483,0.5199566929649615,0.4079541292473675,0.5768077761627902,0.40109071395278995,0.1666666666666664,0.5,0.5,0.5,256,256,384
20,64,0.75,0.75,0.75,0.8068788341289058,0.8068788341289058,0.7650581986811396,0.6452623858106883,0.7837027616279063,0.6395690515868034,0.08333333333333322,0.25,0.25,0.25,256,256,384
20,64,1.0,1.0,1.0,1.0,1.0,1.0,1.0,1.0,1.0,0.0,0.0,0.0,0.0,256,256,384
20,128,0.05,0.05813953488372062,0.05813953488372062,0.09023385460810285,0.09023385460810285,0.06297045728292644,0.09218439980158716,0.15390624999999988,0.11281622023809536,0.31395348837209275,0.9418604651162849,0.9418604651162791,0.9418604651162849,256,256,384
20,128,0.1,0.10465116279069794,0.10465116279069794,0.14629171529958415,0.14629171529958415,0.11330181253275201,0.13385774381868115,0.22309027777777787,0.13016625301781562,0.29844961240310247,0.8953488372092994,0.8953488372093024,0.8953488372092994,256,256,384
20,128,0.2,0.2093023255813959,0.2093023255813959,0.2638015259479537,0.2638015259479537,0.22427133537788943,0.21015697209986078,0.33832465277777746,0.19508023944202998,0.2635658914728668,0.7906976744186025,0.7906976744186046,0.7906976744186025,256,256,384
20,128,0.3,0.30232558139535,0.30232558139535,0.36259853045038104,0.36259853045038104,0.3179479938999174,0.2621321060975295,0.40865384615384615,0.2624906064326955,0.23255813953488244,0.6976744186046534,0.6976744186046512,0.6976744186046534,256,256,384
20,128,0.5,0.5,0.5,0.5606178164679141,0.5606178164679141,0.5151574197994712,0.40899400595470287,0.5768531976744186,0.3999688354146038,0.1666666666666664,0.5,0.5,0.5,256,256,384
20,128,0.75,0.755813953488371,0.755813953488371,0.7979956761434701,0.7979956761434701,0.7660105936161126,0.6502209482453702,0.7870192307692303,0.6476389313303718,0.08139534883720889,0.24418604651162878,0.2441860465116279,0.24418604651162878,256,256,384
20,128,1.0,1.0,1.0,1.0,1.0,1.0,1.0,1.0,1.0,0.0,0.0,0.0,0.0,256,256,384
20,256,0.05,0.06976744186046503,0.06976744186046503,0.09622308936604826,0.09622308936604826,0.07693515879331844,0.10624999999999982,0.16536458333333334,0.10911458333333339,0.3100775193798454,0.9302325581395299,0.9302325581395349,0.9302325581395299,256,256,384
20,256,0.1,0.11627906976744123,0.11627906976744123,0.14922604458561253,0.14922604458561253,0.12491759437829687,0.14361669146825387,0.23281250000000003,0.13083870701058223,0.2945736434108522,0.8837209302325566,0.8837209302325582,0.8837209302325566,256,256,384
20,256,0.2,0.2093023255813959,0.2093023255813959,0.25029788894954963,0.25029788894954963,0.21943676518784724,0.20368651913344024,0.32595486111111105,0.184288222500539,0.2635658914728668,0.7906976744186025,0.7906976744186046,0.7906976744186025,256,256,384
20,256,0.3,0.30232558139535,0.30232558139535,0.3475400998655177,0.3475400998655177,0.3134654829444358,0.2715979541276284,0.4164663461538464,0.25161658866120035,0.23255813953488244,0.6976744186046534,0.6976744186046512,0.6976744186046534,256,256,384
20,256,0.5,0.5116279069767424,0.5116279069767424,0.5567351209330628,0.5567351209330628,0.5244302085505598,0.41910967562502144,0.5850497159090914,0.41142614862458426,0.16279069767441776,0.48837209302325757,0.4883720930232558,0.48837209302325757,256,256,384
20,256,0.75,0.7674418604651141,0.7674418604651141,0.7980530838892872,0.7980530838892872,0.7749659457988137,0.663334423849721,0.7959280303030271,0.6617307567388929,0.07751937984496136,0.23255813953488244,0.2325581395348837,0.23255813953488244,256,256,384
20,256,1.0,1.0,1.0,1.0,1.0,1.0,1.0,1.0,1.0,0.0,0.0,0.0,0.0,256,256,384
21,32,0.05,0.05232558139534897,0.05232558139534897,0.09279038691747328,0.09279038691747328,0.06674560584860222,0.1454568559279526,0.24283854166666666,0.11080945729242205,0.3158914728682164,0.947674418604656,0.9476744186046512,0.947674418604656,256,256,384
21,32,0.1,0.10174418604651228,0.10174418604651228,0.16056443309023755,0.16056443309023755,0.1230660972694825,0.17842015554582621,0.29497767857142915,0.1369193143667615,0.2994186046511643,0.898255813953485,0.8982558139534884,0.898255813953485,256,256,384
21,32,0.2,0.20058139534883634,0.20058139534883634,0.2825105192543344,0.2825105192543344,0.23039834257390074,0.2416014351695318,0.38275588768115915,0.19681323112213697,0.2664728682170555,0.7994186046511599,0.7994186046511628,0.7994186046511599,256,256,384
21,32,0.3,0.30232558139535,0.30232558139535,0.39703604357062594,0.39703604357062594,0.3364291701335303,0.311046222114856,0.4690880408653847,0.25909637553883097,0.23255813953488244,0.6976744186046534,0.6976744186046512,0.6976744186046534,256,256,384
21,32,0.5,0.5,0.5,0.5981963078756314,0.5981963078756314,0.5350639805631744,0.44396803499217197,0.6123728197674417,0.40167228755511625,0.1666666666666664,0.5,0.5,0.5,256,256,384
21,32,0.75,0.75,0.75,0.82063323959621,0.82063323959621,0.775153675651662,0.6623116865522314,0.7961785368217035,0.6393635227534838,0.08333333333333322,0.25,0.25,0.25,256,256,384
21,32,1.0,1.0,1.0,1.0,1.0,1.0,1.0,1.0,1.0,0.0,0.0,0.0,0.0,256,256,384
21,64,0.05,0.05232558139534897,0.05232558139534897,0.08086097498768077,0.08086097498768077,0.06165701187294619,0.1377135559752747,0.22656250000000047,0.1077641070632799,0.3158914728682164,0.947674418604656,0.9476744186046512,0.947674418604656,256,256,384
21,64,0.1,0.10465116279069794,0.10465116279069794,0.14726350500298746,0.14726350500298746,0.11949090343177286,0.17753089759076054,0.2905815972222222,0.14040550983434227,0.29844961240310247,0.8953488372092994,0.8953488372093024,0.8953488372092994,256,256,384
21,64,0.2,0.20348837209302456,0.20348837209302456,0.26312472547504656,0.26312472547504656,0.22441103252663416,0.24272264286456907,0.3830357142857149,0.19750985495029083,0.2655038759689904,0.7965116279069734,0.7965116279069767,0.7965116279069734,256,256,384
21,64,0.3,0.30232558139535,0.30232558139535,0.3713195645580771,0.3713195645580771,0.32683810912385547,0.31137546689881834,0.4683743990384617,0.2650493444693391,0.23255813953488244,0.6976744186046534,0.6976744186046512,0.6976744186046534,256,256,384
21,64,0.5,0.5,0.5,0.5721717997931685,0.5721717997931685,0.5251722999139296,0.44524251654690133,0.6127816133720922,0.40403195823769616,0.1666666666666664,0.5,0.5,0.5,256,256,384
21,64,0.75,0.75,0.75,0.8023962434003421,0.8023962434003421,0.7680276733092908,0.6629437191646691,0.7964207848837203,0.6399194130856262,0.08333333333333322,0.25,0.25,0.25,256,256,384
21,64,1.0,1.0,1.0,1.0,1.0,1.0,1.0,1.0,1.0,0.0,0.0,0.0,0.0,256,256,384
21,128,0.05,0.05813953488372062,0.05813953488372062,0.07966817937474104,0.07966817937474104,0.06506712242736791,0.13296750992063489,0.21250000000000022,0.10790757275132283,0.31395348837209275,0.9418604651162849,0.9418604651162791,0.9418604651162849,256,256,384
21,128,0.1,0.10465116279069794,0.10465116279069794,0.13506773727997715,0.13506773727997715,0.11493431225408378,0.16734870712926808,0.2682291666666675,0.13883485540195128,0.29844961240310247,0.8953488372092994,0.8953488372093024,0.8953488372092994,256,256,384
21,128,0.2,0.2093023255813959,0.2093023255813959,0.25265422135658977,0.25265422135658977,0.2241810564563065,0.24829205532805493,0.387369791666666,0.20136686357583197,0.2635658914728668,0.7906976744186025,0.7906976744186046,0.7906976744186025,256,256,384
21,128,0.3,0.30232558139535,0.30232558139535,0.35223204952144443,0.35223204952144443,0.31991449163969266,0.31780752540428164,0.47445913461538447,0.26346511638592085,0.23255813953488244,0.6976744186046534,0.6976744186046512,0.6976744186046534,256,256,384
21,128,0.5,0.5,0.5,0.5527396595363803,0.5527396595363803,0.5184754200957996,0.45229461848729935,0.6181867732558135,0.40637621791113593,0.1666666666666664,0.5,0.5,0.5,256,256,384
21,128,0.75,0.755813953488371,0.755813953488371,0.7937984423065939,0.7937984423065939,0.7687925587844838,0.67210142074699,0.8025841346153847,0.6463751407326642,0.08139534883720889,0.24418604651162878,0.2441860465116279,0.24418604651162878,256,256,384
21,128,1.0,1.0,1.0,1.0,1.0,1.0,1.0,1.0,1.0,0.0,0.0,0.0,0.0,256,256,384
21,256,0.05,0.06976744186046503,0.06976744186046503,0.08657921313284056,0.08657921313284056,0.07530996534222228,0.16171875000000002,0.23958333333333356,0.12812500000000007,0.3100775193798454,0.9302325581395299,0.9302325581395349,0.9302325581395299,256,256,384
21,256,0.1,0.11627906976744123,0.11627906976744123,0.1390736662188554,0.1390736662188554,0.12408091855437647,0.180152529761905,0.2828125000000006,0.14929522156084676,0.2945736434108522,0.8837209302325566,0.8837209302325582,0.8837209302325566,256,256,384
21,256,0.2,0.2093023255813959,0.2093023255813959,0.24018810958364356,0.24018810958364356,0.22026135508759737,0.2526703076335435,0.3884548611111111,0.20653088486268678,0.2635658914728668,0.7906976744186025,0.7906976744186046,0.7906976744186025,256,256,384
21,256,0.3,0.30232558139535,0.30232558139535,0.33800851862750375,0.33800851862750375,0.3148209640194218,0.3087301816063522,0.46003605769230826,0.26671724308735484,0.23255813953488244,0.6976744186046534,0.6976744186046512,0.6976744186046534,256,256,384
21,256,0.5,0.5116279069767424,0.5116279069767424,0.5494875785470243,0.5494875785470243,0.5248457376584273,0.46328077443255883,0.6265980113636367,0.4173799703565664,0.16279069767441776,0.48837209302325757,0.4883720930232558,0.48837209302325757,256,256,384
21,256,0.75,0.7674418604651141,0.7674418604651141,0.7942330285462118,0.7942330285462118,0.7771987287362245,0.6868073293361157,0.812381628787875,0.657996465322243,0.07751937984496136,0.23255813953488244,0.2325581395348837,0.23255813953488244,256,256,384
21,256,1.0,1.0,1.0,1.0,1.0,1.0,1.0,1.0,1.0,0.0,0.0,0.0,0.0,256,256,384
22,32,0.05,0.05232558139534897,0.05232558139534897,0.09103018436008854,0.09103018436008854,0.0632879917723034,0.11582327254844808,0.19813368055555594,0.10399393904911701,0.3158914728682164,0.947674418604656,0.9476744186046512,0.947674418604656,256,256,384
22,32,0.1,0.10174418604651228,0.10174418604651228,0.15910905003077958,0.15910905003077958,0.11817563942816106,0.14861723385169076,0.25122767857142875,0.13211983979514355,0.2994186046511643,0.898255813953485,0.8982558139534884,0.898255813953485,256,256,384
22,32,0.2,0.20058139534883634,0.20058139534883634,0.28137300336289933,0.28137300336289933,0.22392361045415018,0.2115486310111569,0.34352355072463747,0.19436888858053916,0.2664728682170555,0.7994186046511599,0.7994186046511628,0.7994186046511599,256,256,384
22,32,0.3,0.30232558139535,0.30232558139535,0.39605910056181914,0.39605910056181914,0.3295378974008921,0.27864313569775445,0.4308143028846153,0.25793594188777663,0.23255813953488244,0.6976744186046534,0.6976744186046512,0.6976744186046534,256,256,384
22,32,0.5,0.5,0.5,0.5975557835455438,0.5975557835455438,0.5276726132134638,0.42134871324681644,0.5898891715116281,0.39783095963605675,0.1666666666666664,0.5,0.5,0.5,256,256,384
22,32,0.75,0.75,0.75,0.820219723960727,0.820219723960727,0.7694011655505852,0.6466769623707005,0.7847474563953482,0.6380644698354608,0.08333333333333322,0.25,0.25,0.25,256,256,384
22,32,1.0,1.0,1.0,1.0,1.0,1.0,1.0,1.0,1.0,0.0,0.0,0.0,0.0,256,256,384
22,64,0.05,0.05232558139534897,0.05232558139534897,0.07894251065821832,0.07894251065821832,0.05959005728142612,0.11240486879848077,0.1892361111111111,0.10708277246650415,0.3158914728682164,0.947674418604656,0.9476744186046512,0.947674418604656,256,256,384
22,64,0.1,0.10465116279069794,0.10465116279069794,0.14556781320267345,0.14556781320267345,0.11564895271383428,0.14148286600074467,0.24001736111111133,0.1419538169337997,0.29844961240310247,0.8953488372092994,0.8953488372093024,0.8953488372092994,256,256,384
22,64,0.2,0.20348837209302456,0.20348837209302456,0.26143783712867935,0.26143783712867935,0.21971097698774356,0.21372377726182004,0.3445312500000001,0.1948709157098775,0.2655038759689904,0.7965116279069734,0.7965116279069767,0.7965116279069734,256,256,384
22,64,0.3,0.30232558139535,0.30232558139535,0.3698023701793681,0.3698023701793681,0.3210447814557026,0.27929498053857954,0.4305889423076923,0.2574588600407705,0.23255813953488244,0.6976744186046534,0.6976744186046512,0.6976744186046534,256,256,384
22,64,0.5,0.5,0.5,0.5710542478753219,0.5710542478753219,0.5197549780747523,0.4187129362764457,0.5871638808139531,0.3984261492220096,0.1666666666666664,0.5,0.5,0.5,256,256,384
22,64,0.75,0.75,0.75,0.8018599834947903,0.8018599834947903,0.7646444689548871,0.6522347915790973,0.7886991279069764,0.6388712458003319,0.08333333333333322,0.25,0.25,0.25,256,256,384
22,64,1.0,1.0,1.0,1.0,1.0,1.0,1.0,1.0,1.0,0.0,0.0,0.0,0.0,256,256,384
22,128,0.05,0.05813953488372062,0.05813953488372062,0.07749098803896695,0.07749098803896695,0.06329930115642106,0.11097160218253953,0.1804687500000001,0.10784556878306885,0.31395348837209275,0.9418604651162849,0.9418604651162791,0.9418604651162849,256,256,384
22,128,0.1,0.10465116279069794,0.10465116279069794,0.13291805969244586,0.13291805969244586,0.11253970844615653,0.14446787128312866,0.2374131944444447,0.13117261108989064,0.29844961240310247,0.8953488372092994,0.8953488372093024,0.8953488372092994,256,256,384
22,128,0.2,0.2093023255813959,0.2093023255813959,0.25078856820538165,0.25078856820538165,0.22003533516178062,0.2143715043902906,0.3428819444444438,0.1969683210663665,0.2635658914728668,0.7906976744186025,0.7906976744186046,0.7906976744186025,256,256,384
22,128,0.3,0.30232558139535,0.30232558139535,0.35045420984754183,0.35045420984754183,0.3146869354245257,0.27635449210455926,0.42563100961538425,0.252120838887725,0.23255813953488244,0.6976744186046534,0.6976744186046512,0.6976744186046534,256,256,384
22,128,0.5,0.5,0.5,0.5513952693292609,0.5513952693292609,0.5138632049783448,0.42277877053879254,0.5902071220930236,0.39863211360942646,0.1666666666666664,0.5,0.5,0.5,256,256,384
22,128,0.75,0.755813953488371,0.755813953488371,0.793209571914632,0.793209571914632,0.7660843928881,0.6586106003142523,0.7929687499999998,0.6443914924031475,0.08139534883720889,0.24418604651162878,0.2441860465116279,0.24418604651162878,256,256,384
22,128,1.0,1.0,1.0,1.0,1.0,1.0,1.0,1.0,1.0,0.0,0.0,0.0,0.0,256,256,384
22,256,0.05,0.06976744186046503,0.06976744186046503,0.08457726323948943,0.08457726323948943,0.07374443639693869,0.13710937499999992,0.20442708333333354,0.10286458333333337,0.3100775193798454,0.9302325581395299,0.9302325581395349,0.9302325581395299,256,256,384
22,256,0.1,0.11627906976744123,0.11627906976744123,0.1369673773207019,0.1369673773207019,0.12156975464417197,0.1571180555555558,0.2507812500000002,0.1467323908730161,0.2945736434108522,0.8837209302325566,0.8837209302325582,0.8837209302325566,256,256,384
22,256,0.2,0.2093023255813959,0.2093023255813959,0.23815409883717475,0.23815409883717475,0.2166493112359018,0.21517541511797061,0.3407118055555556,0.19031660741219594,0.2635658914728668,0.7906976744186025,0.7906976744186046,0.7906976744186025,256,256,384
22,256,0.3,0.30232558139535,0.30232558139535,0.336278984686132,0.336278984686132,0.3109855611224701,0.2766340937026423,0.42397836538461525,0.25018866103623755,0.23255813953488244,0.6976744186046534,0.6976744186046512,0.6976744186046534,256,256,384
22,256,0.5,0.5116279069767424,0.5116279069767424,0.5484973126916703,0.5484973126916703,0.5211274516585122,0.43350703272179614,0.5983664772727271,0.40151537500012174,0.16279069767441776,0.48837209302325757,0.4883720930232558,0.48837209302325757,256,256,384
22,256,0.75,0.7674418604651141,0.7674418604651141,0.7940032465598068,0.7940032465598068,0.7746997865490219,0.6693774935525725,0.8003077651515116,0.6556857282481446,0.07751937984496136,0.23255813953488244,0.2325581395348837,0.23255813953488244,256,256,384
22,256,1.0,1.0,1.0,1.0,1.0,1.0,1.0,1.0,1.0,0.0,0.0,0.0,0.0,256,256,384
23,32,0.05,0.05232558139534897,0.05232558139534897,0.0902126640427642,0.0902126640427642,0.06306744515633288,0.10840844030418162,0.1868489583333335,0.10867358204423555,0.3158914728682164,0.947674418604656,0.9476744186046512,0.947674418604656,256,256,384
23,32,0.1,0.10174418604651228,0.10174418604651228,0.15803069824312838,0.15803069824312838,0.11763799307938705,0.14417514070005388,0.24508928571428604,0.13346511409896428,0.2994186046511643,0.898255813953485,0.8982558139534884,0.898255813953485,256,256,384
23,32,0.2,0.20058139534883634,0.20058139534883634,0.2804494273284776,0.2804494273284776,0.22296911648031453,0.20630889942930802,0.336333786231884,0.1929880725072427,0.2664728682170555,0.7994186046511599,0.7994186046511628,0.7994186046511599,256,256,384
23,32,0.3,0.30232558139535,0.30232558139535,0.3953454862871928,0.3953454862871928,0.32849470136701925,0.2725079913960261,0.42405348557692363,0.2587683575683681,0.23255813953488244,0.6976744186046534,0.6976744186046512,0.6976744186046534,256,256,384
23,32,0.5,0.5,0.5,0.5971069315405997,0.5971069315405997,0.5276691034917644,0.41972335572504443,0.5889580305232552,0.40087105259200645,0.1666666666666664,0.5,0.5,0.5,256,256,384
23,32,0.75,0.75,0.75,0.820165688749796,0.820165688749796,0.7689805219772423,0.6459364448951442,0.7843235222868205,0.6378024542504133,0.08333333333333322,0.25,0.25,0.25,256,256,384
23,32,1.0,1.0,1.0,1.0,1.0,1.0,1.0,1.0,1.0,0.0,0.0,0.0,0.0,256,256,384
23,64,0.05,0.05232558139534897,0.05232558139534897,0.07844093433524632,0.07844093433524632,0.05958799710476734,0.11180662168713626,0.18880208333333343,0.11200403456837284,0.3158914728682164,0.947674418604656,0.9476744186046512,0.947674418604656,256,256,384
23,64,0.1,0.10465116279069794,0.10465116279069794,0.1448406028363951,0.1448406028363951,0.11595267390899579,0.1445196699848466,0.24327256944444453,0.13777847404351742,0.29844961240310247,0.8953488372092994,0.8953488372093024,0.8953488372092994,256,256,384
23,64,0.2,0.20348837209302456,0.20348837209302456,0.26084924935813475,0.26084924935813475,0.21944111832849678,0.20976500962198028,0.341071428571429,0.19345942548672146,0.2655038759689904,0.7965116279069734,0.7965116279069767,0.7965116279069734,256,256,384
23,64,0.3,0.30232558139535,0.30232558139535,0.36937628646486703,0.36937628646486703,0.32065056982054063,0.27199572589571697,0.4235276442307695,0.25566021927380705,0.23255813953488244,0.6976744186046534,0.6976744186046512,0.6976744186046534,256,256,384
23,64,0.5,0.5,0.5,0.5707555567591243,0.5707555567591243,0.5189670885212339,0.41389160502167727,0.5829396802325579,0.39935604673407715,0.1666666666666664,0.5,0.5,0.5,256,256,384
23,64,0.75,0.75,0.75,0.8018967866218004,0.8018967866218004,0.7639905901148576,0.6494925253990856,0.7867005813953485,0.6407380818601064,0.08333333333333322,0.25,0.25,0.25,256,256,384
23,64,1.0,1.0,1.0,1.0,1.0,1.0,1.0,1.0,1.0,0.0,0.0,0.0,0.0,256,256,384
23,128,0.05,0.05813953488372062,0.05813953488372062,0.0775118381420281,0.0775118381420281,0.06351920291945239,0.11932663690476175,0.19140625000000025,0.12204447751322757,0.31395348837209275,0.9418604651162849,0.9418604651162791,0.9418604651162849,256,256,384
23,128,0.1,0.10465116279069794,0.10465116279069794,0.13284187230809563,0.13284187230809563,0.11251786355680672,0.15265711999397663,0.24956597222222263,0.14301778567633375,0.29844961240310247,0.8953488372092994,0.8953488372093024,0.8953488372092994,256,256,384
23,128,0.2,0.2093023255813959,0.2093023255813959,0.25063772768663106,0.25063772768663106,0.2208718988348273,0.2136268937471313,0.3424479166666664,0.205242234516254,0.2635658914728668,0.7906976744186025,0.7906976744186046,0.7906976744186025,256,256,384
23,128,0.3,0.30232558139535,0.30232558139535,0.350379045841889,0.350379045841889,0.315487730231629,0.27606698539286795,0.42487980769230743,0.2570705440733621,0.23255813953488244,0.6976744186046534,0.6976744186046512,0.6976744186046534,256,256,384
23,128,0.5,0.5,0.5,0.5514475046808006,0.5514475046808006,0.5137663208989607,0.4168152391908575,0.584393168604651,0.4011519893241616,0.1666666666666664,0.5,0.5,0.5,256,256,384
23,128,0.75,0.755813953488371,0.755813953488371,0.7933817434609659,0.7933817434609659,0.7656152447547492,0.6543692281896192,0.7900240384615389,0.6483617835058507,0.08139534883720889,0.24418604651162878,0.2441860465116279,0.24418604651162878,256,256,384
23,128,1.0,1.0,1.0,1.0,1.0,1.0,1.0,1.0,1.0,0.0,0.0,0.0,0.0,256,256,384
23,256,0.05,0.06976744186046503,0.06976744186046503,0.08452800695983491,0.08452800695983491,0.0733663020654584,0.1210937499999998,0.1848958333333335,0.13984375000000013,0.3100775193798454,0.9302325581395299,0.9302325581395349,0.9302325581395299,256,256,384
23,256,0.1,0.11627906976744123,0.11627906976744123,0.13692935507520118,0.13692935507520118,0.12180548399856173,0.1589161706349207,0.25156250000000036,0.15620866402116426,0.2945736434108522,0.8837209302325566,0.8837209302325582,0.8837209302325566,256,256,384
23,256,0.2,0.2093023255813959,0.2093023255813959,0.23814902410298835,0.23814902410298835,0.21686765390611,0.20510817307692342,0.32769097222222227,0.2043984622913855,0.2635658914728668,0.7906976744186025,0.7906976744186046,0.7906976744186025,256,256,384
23,256,0.3,0.30232558139535,0.30232558139535,0.33621144696687155,0.33621144696687155,0.3107576333640626,0.26932110976986073,0.4143629807692312,0.25822929393367083,0.23255813953488244,0.6976744186046534,0.6976744186046512,0.6976744186046534,256,256,384
23,256,0.5,0.5116279069767424,0.5116279069767424,0.5482505388258525,0.5482505388258525,0.5208794989466686,0.4264662344964874,0.5921519886363643,0.40560045650792015,0.16279069767441776,0.48837209302325757,0.4883720930232558,0.48837209302325757,256,256,384
23,256,0.75,0.7674418604651141,0.7674418604651141,0.7936618429626539,0.7936618429626539,0.7743289461580969,0.6681417174833749,0.7995975378787844,0.6553325809851503,0.07751937984496136,0.23255813953488244,0.2325581395348837,0.23255813953488244,256,256,384
23,256,1.0,1.0,1.0,1.0,1.0,1.0,1.0,1.0,1.0,0.0,0.0,0.0,0.0,256,256,384
24,32,0.05,0.05232558139534897,0.05232558139534897,0.09124651225663842,0.09124651225663842,0.06525097151793842,0.13130439547930384,0.22178819444444448,0.10652389608268463,0.3158914728682164,0.947674418604656,0.9476744186046512,0.947674418604656,256,256,384
24,32,0.1,0.10174418604651228,0.10174418604651228,0.15944664040533607,0.15944664040533607,0.12101074025539037,0.1626195966187918,0.2716517857142859,0.13697352713265581,0.2994186046511643,0.898255813953485,0.8982558139534884,0.898255813953485,256,256,384
24,32,0.2,0.20058139534883634,0.20058139534883634,0.2817599516749544,0.2817599516749544,0.22725674771805657,0.22550523942108408,0.36163949275362334,0.19153003379516897,0.2664728682170555,0.7994186046511599,0.7994186046511628,0.7994186046511599,256,256,384
24,32,0.3,0.30232558139535,0.30232558139535,0.3964891177947219,0.3964891177947219,0.3328609096298443,0.29202523883950177,0.4473783052884615,0.25549314745242085,0.23255813953488244,0.6976744186046534,0.6976744186046512,0.6976744186046534,256,256,384
24,32,0.5,0.5,0.5,0.5980235976431734,0.5980235976431734,0.5313041302891157,0.43231229064071763,0.6010628633720932,0.39868493955526785,0.1666666666666664,0.5,0.5,0.5,256,256,384
24,32,0.75,0.75,0.75,0.8207590717274932,0.8207590717274932,0.7717346212140569,0.6544054601351709,0.7904705668604639,0.6377115908096375,0.08333333333333322,0.25,0.25,0.25,256,256,384
24,32,1.0,1.0,1.0,1.0,1.0,1.0,1.0,1.0,1.0,0.0,0.0,0.0,0.0,256,256,384
24,64,0.05,0.05232558139534897,0.05232558139534897,0.0793485844817237,0.0793485844817237,0.061664342274670915,0.13623021624515183,0.2265625,0.10622115323402094,0.3158914728682164,0.947674418604656,0.9476744186046512,0.947674418604656,256,256,384
24,64,0.1,0.10465116279069794,0.10465116279069794,0.14593994172833358,0.14593994172833358,0.11845229846269527,0.16256700098390295,0.2710503472222222,0.13886646873742198,0.29844961240310247,0.8953488372092994,0.8953488372093024,0.8953488372092994,256,256,384
24,64,0.2,0.20348837209302456,0.20348837209302456,0.2619064805957316,0.2619064805957316,0.2230884301079827,0.22997265347825804,0.3670758928571432,0.19881593897247427,0.2655038759689904,0.7965116279069734,0.7965116279069767,0.7965116279069734,256,256,384
24,64,0.3,0.30232558139535,0.30232558139535,0.3703356911580544,0.3703356911580544,0.3248191273621318,0.29673491789858863,0.4525240384615386,0.25961098232536617,0.23255813953488244,0.6976744186046534,0.6976744186046512,0.6976744186046534,256,256,384
24,64,0.5,0.5,0.5,0.5716648718608544,0.5716648718608544,0.5232627293047898,0.4324491845192333,0.6007903343023251,0.3980945926872097,0.1666666666666664,0.5,0.5,0.5,256,256,384
24,64,0.75,0.75,0.75,0.8024129560650535,0.8024129560650535,0.7668705632912537,0.6587242784439367,0.7935138081395344,0.6380666611147349,0.08333333333333322,0.25,0.25,0.25,256,256,384
24,64,1.0,1.0,1.0,1.0,1.0,1.0,1.0,1.0,1.0,0.0,0.0,0.0,0.0,256,256,384
24,128,0.05,0.05813953488372062,0.05813953488372062,0.07777210276610572,0.07777210276610572,0.06490934442250813,0.14321366567460314,0.2289062500000002,0.11316757605820117,0.31395348837209275,0.9418604651162849,0.9418604651162791,0.9418604651162849,256,256,384
24,128,0.1,0.10465116279069794,0.10465116279069794,0.13338786654267146,0.13338786654267146,0.11461458393887435,0.1760106621319858,0.2829861111111112,0.13450257233575272,0.29844961240310247,0.8953488372092994,0.8953488372093024,0.8953488372092994,256,256,384
24,128,0.2,0.2093023255813959,0.2093023255813959,0.25134602483859864,0.25134602483859864,0.2236315523216263,0.2432463510174333,0.3817274305555551,0.19824974219180957,0.2635658914728668,0.7906976744186025,0.7906976744186046,0.7906976744186025,256,256,384
24,128,0.3,0.30232558139535,0.30232558139535,0.3511294064378126,0.3511294064378126,0.31884727577097605,0.3012989801219379,0.45582932692307715,0.2595387910896336,0.23255813953488244,0.6976744186046534,0.6976744186046512,0.6976744186046534,256,256,384
24,128,0.5,0.5,0.5,0.5521916932218552,0.5521916932218552,0.517363658096899,0.4374594311491776,0.6042877906976746,0.4021957890584129,0.1666666666666664,0.5,0.5,0.5,256,256,384
24,128,0.75,0.755813953488371,0.755813953488371,0.7939100840351044,0.7939100840351044,0.767580451127719,0.6602740510891919,0.7942908653846151,0.647280720606284,0.08139534883720889,0.24418604651162878,0.2441860465116279,0.24418604651162878,256,256,384
24,128,1.0,1.0,1.0,1.0,1.0,1.0,1.0,1.0,1.0,0.0,0.0,0.0,0.0,256,256,384
24,256,0.05,0.06976744186046503,0.06976744186046503,0.08472246608270143,0.08472246608270143,0.07469760527204715,0.15039062499999997,0.2291666666666668,0.11614583333333335,0.3100775193798454,0.9302325581395299,0.9302325581395349,0.9302325581395299,256,256,384
24,256,0.1,0.11627906976744123,0.11627906976744123,0.1371916172727291,0.1371916172727291,0.12330197966300126,0.17801339285714307,0.27968750000000037,0.13506531084656104,0.2945736434108522,0.8837209302325566,0.8837209302325582,0.8837209302325566,256,256,384
24,256,0.2,0.2093023255813959,0.2093023255813959,0.2385955871170054,0.2385955871170054,0.21879975825743647,0.23763613454560167,0.3684895833333335,0.20036775418209282,0.2635658914728668,0.7906976744186025,0.7906976744186046,0.7906976744186025,256,256,384
24,256,0.3,0.30232558139535,0.30232558139535,0.3367158310530099,0.3367158310530099,0.3133206323731023,0.2946108799803728,0.44290865384615385,0.2566568753473648,0.23255813953488244,0.6976744186046534,0.6976744186046512,0.6976744186046534,256,256,384
24,256,0.5,0.5116279069767424,0.5116279069767424,0.548765594425356,0.548765594425356,0.5235078069849136,0.45151168802956565,0.6164772727272734,0.4130301629167817,0.16279069767441776,0.48837209302325757,0.4883720930232558,0.48837209302325757,256,256,384
24,256,0.75,0.7674418604651141,0.7674418604651141,0.7940088246841556,0.7940088246841556,0.7762903534093712,0.6772881732036664,0.8058712121212088,0.6616430953760194,0.07751937984496136,0.23255813953488244,0.2325581395348837,0.23255813953488244,256,256,384
24,256,1.0,1.0,1.0,1.0,1.0,1.0,1.0,1.0,1.0,0.0,0.0,0.0,0.0,256,256,384
25,32,0.05,0.05232558139534897,0.05232558139534897,0.09086164190216624,0.09086164190216624,0.06485306776967155,0.12900923137016623,0.2161458333333336,0.11085771203401514,0.3158914728682164,0.947674418604656,0.9476744186046512,0.947674418604656,256,256,384
25,32,0.1,0.10174418604651228,0.10174418604651228,0.15902856426079517,0.15902856426079517,0.12026169800166198,0.16428088099771984,0.271875,0.1439547236653566,0.2994186046511643,0.898255813953485,0.8982558139534884,0.898255813953485,256,256,384
25,32,0.2,0.20058139534883634,0.20058139534883634,0.28133584356941926,0.28133584356941926,0.22654525063185052,0.22861883537906516,0.3646399456521734,0.19853294281944045,0.2664728682170555,0.7994186046511599,0.7994186046511628,0.7994186046511599,256,256,384
25,32,0.3,0.30232558139535,0.30232558139535,0.3960222332772204,0.3960222332772204,0.3322809674073981,0.2937555185871562,0.4480168269230768,0.26186914914257153,0.23255813953488244,0.6976744186046534,0.6976744186046512,0.6976744186046534,256,256,384
25,32,0.5,0.5,0.5,0.5975543126886762,0.5975543126886762,0.5305350042928632,0.43085022595280886,0.5991551598837209,0.4043766965238731,0.1666666666666664,0.5,0.5,0.5,256,256,384
25,32,0.75,0.75,0.75,0.820363288960431,0.820363288960431,0.7716669329313102,0.6563384051006637,0.7917272286821702,0.6410140266053395,0.08333333333333322,0.25,0.25,0.25,256,256,384
25,32,1.0,1.0,1.0,1.0,1.0,1.0,1.0,1.0,1.0,0.0,0.0,0.0,0.0,256,256,384
25,64,0.05,0.05232558139534897,0.05232558139534897,0.07881853264852495,0.07881853264852495,0.061222940802117674,0.1348097502222043,0.22178819444444467,0.11115904622338457,0.3158914728682164,0.947674418604656,0.9476744186046512,0.947674418604656,256,256,384
25,64,0.1,0.10465116279069794,0.10465116279069794,0.14529554236410708,0.14529554236410708,0.11800505037027448,0.16855436366167512,0.2751736111111114,0.14391188239964436,0.29844961240310247,0.8953488372092994,0.8953488372093024,0.8953488372092994,256,256,384
25,64,0.2,0.20348837209302456,0.20348837209302456,0.26119865803990344,0.26119865803990344,0.22242988145733814,0.23148251950256635,0.3669642857142859,0.19983813415398524,0.2655038759689904,0.7965116279069734,0.7965116279069767,0.7965116279069734,256,256,384
25,64,0.3,0.30232558139535,0.30232558139535,0.36971437084762043,0.36971437084762043,0.3242758078990438,0.2990051861675675,0.45327524038461536,0.26547044662197156,0.23255813953488244,0.6976744186046534,0.6976744186046512,0.6976744186046534,256,256,384
25,64,0.5,0.5,0.5,0.5711732892123598,0.5711732892123598,0.5224387188292758,0.4352091164316376,0.6027888808139534,0.4096059470851117,0.1666666666666664,0.5,0.5,0.5,256,256,384
25,64,0.75,0.75,0.75,0.8020736430638088,0.8020736430638088,0.7664596721097511,0.6566502728358624,0.791818071705426,0.6420252375067769,0.08333333333333322,0.25,0.25,0.25,256,256,384
25,64,1.0,1.0,1.0,1.0,1.0,1.0,1.0,1.0,1.0,0.0,0.0,0.0,0.0,256,256,384
25,128,0.05,0.05813953488372062,0.05813953488372062,0.07743145277132653,0.07743145277132653,0.06445102877417545,0.13335503472222215,0.21406250000000018,0.12387359457671965,0.31395348837209275,0.9418604651162849,0.9418604651162791,0.9418604651162849,256,256,384
25,128,0.1,0.10465116279069794,0.10465116279069794,0.13283485552375385,0.13283485552375385,0.11363520567422657,0.17003842894238136,0.2738715277777779,0.14873601046624965,0.29844961240310247,0.8953488372092994,0.8953488372093024,0.8953488372092994,256,256,384
25,128,0.2,0.2093023255813959,0.2093023255813959,0.25060974943905245,0.25060974943905245,0.2226983670072217,0.23721490138403806,0.3721788194444442,0.20620572146622773,0.2635658914728668,0.7906976744186025,0.7906976744186046,0.7906976744186025,256,256,384
25,128,0.3,0.30232558139535,0.30232558139535,0.35040565278117075,0.35040565278117075,0.31803668796748286,0.29266711799327716,0.44456129807692296,0.2629419844867485,0.23255813953488244,0.6976744186046534,0.6976744186046512,0.6976744186046534,256,256,384
25,128,0.5,0.5,0.5,0.5515869883758805,0.5515869883758805,0.5168575912250825,0.4413891518924544,0.6076489825581393,0.4110774904709915,0.1666666666666664,0.5,0.5,0.5,256,256,384
25,128,0.75,0.755813953488371,0.755813953488371,0.7935873917016428,0.7935873917016428,0.7677818574122656,0.6687550137388107,0.800180288461538,0.6510551271138868,0.08139534883720889,0.24418604651162878,0.2441860465116279,0.24418604651162878,256,256,384
25,128,1.0,1.0,1.0,1.0,1.0,1.0,1.0,1.0,1.0,0.0,0.0,0.0,0.0,256,256,384
25,256,0.05,0.06976744186046503,0.06976744186046503,0.08443865619346996,0.08443865619346996,0.07456239916297258,0.1531250000000001,0.22786458333333348,0.1312500000000001,0.3100775193798454,0.9302325581395299,0.9302325581395349,0.9302325581395299,256,256,384
25,256,0.1,0.11627906976744123,0.11627906976744123,0.136901276729906,0.136901276729906,0.12286014076648064,0.1700148809523813,0.2687500000000002,0.15549561838624362,0.2945736434108522,0.8837209302325566,0.8837209302325582,0.8837209302325566,256,256,384
25,256,0.2,0.2093023255813959,0.2093023255813959,0.2380712697032221,0.2380712697032221,0.21883900606983808,0.24090448269561357,0.3710937500000002,0.2079343144600502,0.2635658914728668,0.7906976744186025,0.7906976744186046,0.7906976744186025,256,256,384
25,256,0.3,0.30232558139535,0.30232558139535,0.3360391188895991,0.3360391188895991,0.3134904500631248,0.30058947593495516,0.448317307692308,0.2627684722228703,0.23255813953488244,0.6976744186046534,0.6976744186046512,0.6976744186046534,256,256,384
25,256,0.5,0.5116279069767424,0.5116279069767424,0.548389655109655,0.548389655109655,0.5239755534335132,0.45676865072628337,0.6203835227272728,0.4100066059596656,0.16279069767441776,0.48837209302325757,0.4883720930232558,0.48837209302325757,256,256,384
25,256,0.75,0.7674418604651141,0.7674418604651141,0.7940196680079978,0.7940196680079978,0.7760908318785849,0.6815240949821052,0.8089488636363603,0.6601698542762686,0.07751937984496136,0.23255813953488244,0.2325581395348837,0.23255813953488244,256,256,384
25,256,1.0,1.0,1.0,1.0,1.0,1.0,1.0,1.0,1.0,0.0,0.0,0.0,0.0,256,256,384
26,32,0.05,0.05232558139534897,0.05232558139534897,0.08937499185607732,0.08937499185607732,0.061999423435134565,0.10176480881720916,0.1788194444444445,0.11281399357598931,0.3158914728682164,0.947674418604656,0.9476744186046512,0.947674418604656,256,256,384
26,32,0.1,0.10174418604651228,0.10174418604651228,0.1572855723871638,0.1572855723871638,0.11631785241439098,0.13001055587642035,0.22600446428571444,0.14262721326972067,0.2994186046511643,0.898255813953485,0.8982558139534884,0.898255813953485,256,256,384
26,32,0.2,0.20058139534883634,0.20058139534883634,0.27958024316990954,0.27958024316990954,0.22136424858406556,0.19766207042488296,0.326370018115942,0.1996649338895274,0.2664728682170555,0.7994186046511599,0.7994186046511628,0.7994186046511599,256,256,384
26,32,0.3,0.30232558139535,0.30232558139535,0.3945882329859251,0.3945882329859251,0.3262536630384992,0.2630600065390895,0.41372445913461553,0.2637473657074604,0.23255813953488244,0.6976744186046534,0.6976744186046512,0.6976744186046534,256,256,384
26,32,0.5,0.5,0.5,0.5965635882051905,0.5965635882051905,0.5244537938473166,0.41022681176938347,0.5800554142441862,0.40336051604104545,0.1666666666666664,0.5,0.5,0.5,256,256,384
26,32,0.75,0.75,0.75,0.8198660990443349,0.8198660990443349,0.7669440289276036,0.6421201301652083,0.781673934108525,0.6410478460054464,0.08333333333333322,0.25,0.25,0.25,256,256,384
26,32,1.0,1.0,1.0,1.0,1.0,1.0,1.0,1.0,1.0,0.0,0.0,0.0,0.0,256,256,384
26,64,0.05,0.05232558139534897,0.05232558139534897,0.0778050447396609,0.0778050447396609,0.05905676394763199,0.1009181076276663,0.1731770833333334,0.11479296974471613,0.3158914728682164,0.947674418604656,0.9476744186046512,0.947674418604656,256,256,384
26,64,0.1,0.10465116279069794,0.10465116279069794,0.14419072384403367,0.14419072384403367,0.11506186506650272,0.1335951395043809,0.23046875000000008,0.14684368444436224,0.29844961240310247,0.8953488372092994,0.8953488372093024,0.8953488372092994,256,256,384
26,64,0.2,0.20348837209302456,0.20348837209302456,0.2600895035986867,0.2600895035986867,0.21825649654193366,0.20080516214409577,0.32991071428571456,0.19769617206857534,0.2655038759689904,0.7965116279069734,0.7965116279069767,0.7965116279069734,256,256,384
26,64,0.3,0.30232558139535,0.30232558139535,0.3687150922354338,0.3687150922354338,0.319808284926117,0.26606110122122273,0.4172175480769235,0.26505043675858236,0.23255813953488244,0.6976744186046534,0.6976744186046512,0.6976744186046534,256,256,384
26,64,0.5,0.5,0.5,0.570796593943208,0.570796593943208,0.5187012275101239,0.41200461825529255,0.5817132994186043,0.4067274403206236,0.1666666666666664,0.5,0.5,0.5,256,256,384
26,64,0.75,0.75,0.75,0.8019930424791936,0.8019930424791936,0.7637552342070789,0.6466448099890185,0.7848837209302318,0.6406820809150715,0.08333333333333322,0.25,0.25,0.25,256,256,384
26,64,1.0,1.0,1.0,1.0,1.0,1.0,1.0,1.0,1.0,0.0,0.0,0.0,0.0,256,256,384
26,128,0.05,0.05813953488372062,0.05813953488372062,0.0765826561081872,0.0765826561081872,0.06308435322651401,0.09991939484126969,0.16562500000000008,0.10947833994708996,0.31395348837209275,0.9418604651162849,0.9418604651162791,0.9418604651162849,256,256,384
26,128,0.1,0.10465116279069794,0.10465116279069794,0.13190471207652768,0.13190471207652768,0.1118990936946804,0.12929611748545558,0.21918402777777796,0.1365029425231634,0.29844961240310247,0.8953488372092994,0.8953488372093024,0.8953488372092994,256,256,384
26,128,0.2,0.2093023255813959,0.2093023255813959,0.2497966504987978,0.2497966504987978,0.22026747679229097,0.20873984478347687,0.33745659722222165,0.20096898009232475,0.2635658914728668,0.7906976744186025,0.7906976744186046,0.7906976744186025,256,256,384
26,128,0.3,0.30232558139535,0.30232558139535,0.3496268075763878,0.3496268075763878,0.31514687032196714,0.27022504329505204,0.4203725961538461,0.2637804099063741,0.23255813953488244,0.6976744186046534,0.6976744186046512,0.6976744186046534,256,256,384
26,128,0.5,0.5,0.5,0.550987476430042,0.550987476430042,0.5136463036675314,0.4168924181486356,0.5852107558139531,0.4018731370540043,0.1666666666666664,0.5,0.5,0.5,256,256,384
26,128,0.75,0.755813953488371,0.755813953488371,0.7934189786863801,0.7934189786863801,0.7656393569648208,0.649959134971683,0.787019230769231,0.6456447492378522,0.08139534883720889,0.24418604651162878,0.2441860465116279,0.24418604651162878,256,256,384
26,128,1.0,1.0,1.0,1.0,1.0,1.0,1.0,1.0,1.0,0.0,0.0,0.0,0.0,256,256,384
26,256,0.05,0.06976744186046503,0.06976744186046503,0.08376807899958703,0.08376807899958703,0.07381600975235005,0.1203124999999998,0.18880208333333343,0.12343750000000007,0.3100775193798454,0.9302325581395299,0.9302325581395349,0.9302325581395299,256,256,384
26,256,0.1,0.11627906976744123,0.11627906976744123,0.13613765582032145,0.13613765582032145,0.12194338611988934,0.15136718750000014,0.24375000000000002,0.14818948412698438,0.2945736434108522,0.8837209302325566,0.8837209302325582,0.8837209302325566,256,256,384
26,256,0.2,0.2093023255813959,0.2093023255813959,0.2373800415381826,0.2373800415381826,0.2170018625288611,0.21427903438473309,0.3407118055555556,0.20266356269343447,0.2635658914728668,0.7906976744186025,0.7906976744186046,0.7906976744186025,256,256,384
26,256,0.3,0.30232558139535,0.30232558139535,0.3354425232560851,0.3354425232560851,0.31124798524987174,0.27735789314013704,0.4245793269230769,0.2591460260932729,0.23255813953488244,0.6976744186046534,0.6976744186046512,0.6976744186046534,256,256,384
26,256,0.5,0.5116279069767424,0.5116279069767424,0.547800034992292,0.547800034992292,0.5209641109776094,0.4215048771833111,0.5882457386363643,0.41077360084289033,0.16279069767441776,0.48837209302325757,0.4883720930232558,0.48837209302325757,256,256,384
26,256,0.75,0.7674418604651141,0.7674418604651141,0.7937634868675467,0.7937634868675467,0.7738019226181524,0.6616058297778696,0.7949810606060573,0.6660416457701759,0.07751937984496136,0.23255813953488244,0.2325581395348837,0.23255813953488244,256,256,384
26,256,1.0,1.0,1.0,1.0,1.0,1.0,1.0,1.0,1.0,0.0,0.0,0.0,0.0,256,256,384
27,32,0.05,0.05232558139534897,0.05232558139534897,0.0908362753640911,0.0908362753640911,0.06301090888607722,0.10780464157070684,0.18598090277777798,0.11797670139546425,0.3158914728682164,0.947674418604656,0.9476744186046512,0.947674418604656,256,256,384
27,32,0.1,0.10174418604651228,0.10174418604651228,0.15871278275670606,0.15871278275670606,0.11748648259961134,0.13709664856035464,0.23448660714285735,0.14718405080263897,0.2994186046511643,0.898255813953485,0.8982558139534884,0.898255813953485,256,256,384
27,32,0.2,0.20058139534883634,0.20058139534883634,0.28104227356732997,0.28104227356732997,0.22368474378040554,0.208926768029231,0.34040987318840554,0.20589239778018176,0.2664728682170555,0.7994186046511599,0.7994186046511628,0.7994186046511599,256,256,384
27,32,0.3,0.30232558139535,0.30232558139535,0.3958406375224406,0.3958406375224406,0.3285209509393732,0.27308262669232347,0.42480468750000006,0.2708620676541232,0.23255813953488244,0.6976744186046534,0.6976744186046512,0.6976744186046534,256,256,384
27,32,0.5,0.5,0.5,0.597485445303951,0.597485445303951,0.5267357729029072,0.4154459833732751,0.5849155159883719,0.4092537113296761,0.1666666666666664,0.5,0.5,0.5,256,256,384
27,32,0.75,0.75,0.75,0.8202832141124581,0.8202832141124581,0.7689725741610742,0.6467547047593275,0.7849594234496113,0.6438677199630035,0.08333333333333322,0.25,0.25,0.25,256,256,384
27,32,1.0,1.0,1.0,1.0,1.0,1.0,1.0,1.0,1.0,0.0,0.0,0.0,0.0,256,256,384
27,64,0.05,0.05232558139534897,0.05232558139534897,0.07912835614420818,0.07912835614420818,0.05999339100639809,0.1127901280704588,0.1901041666666667,0.1169069403329514,0.3158914728682164,0.947674418604656,0.9476744186046512,0.947674418604656,256,256,384
27,64,0.1,0.10465116279069794,0.10465116279069794,0.1454643734108702,0.1454643734108702,0.11626126940003373,0.14534117858644716,0.24479166666666666,0.1446538224524966,0.29844961240310247,0.8953488372092994,0.8953488372093024,0.8953488372092994,256,256,384
27,64,0.2,0.20348837209302456,0.20348837209302456,0.26127258371818013,0.26127258371818013,0.21980905381570628,0.2066146826636418,0.33571428571428596,0.20516156156658608,0.2655038759689904,0.7965116279069734,0.7965116279069767,0.7965116279069734,256,256,384
27,64,0.3,0.30232558139535,0.30232558139535,0.369719911497328,0.369719911497328,0.32153145373352604,0.2760263652152151,0.42773437499999994,0.26808127815955846,0.23255813953488244,0.6976744186046534,0.6976744186046512,0.6976744186046534,256,256,384
27,64,0.5,0.5,0.5,0.5714254905638908,0.5714254905638908,0.5195999373078996,0.41504665032756205,0.5843023255813953,0.40963440967210113,0.1666666666666664,0.5,0.5,0.5,256,256,384
27,64,0.75,0.75,0.75,0.8024241413699854,0.8024241413699854,0.764302665916843,0.6489339526098842,0.786428052325581,0.643130560879765,0.08333333333333322,0.25,0.25,0.25,256,256,384
27,64,1.0,1.0,1.0,1.0,1.0,1.0,1.0,1.0,1.0,0.0,0.0,0.0,0.0,256,256,384
27,128,0.05,0.05813953488372062,0.05813953488372062,0.0777433086525164,0.0777433086525164,0.0636417110647105,0.11579241071428557,0.18671875,0.12015335648148157,0.31395348837209275,0.9418604651162849,0.9418604651162791,0.9418604651162849,256,256,384
27,128,0.1,0.10465116279069794,0.10465116279069794,0.13309322742725035,0.13309322742725035,0.11279771377742918,0.14861956747296817,0.24218750000000028,0.1496531425070031,0.29844961240310247,0.8953488372092994,0.8953488372093024,0.8953488372092994,256,256,384
27,128,0.2,0.2093023255813959,0.2093023255813959,0.25087942506732636,0.25087942506732636,0.2209739293795235,0.21497666629951992,0.3454861111111106,0.2053402070818319,0.2635658914728668,0.7906976744186025,0.7906976744186046,0.7906976744186025,256,256,384
27,128,0.3,0.30232558139535,0.30232558139535,0.3505973902045251,0.3505973902045251,0.3157267058884525,0.27520918554453955,0.4247295673076918,0.26708892561610675,0.23255813953488244,0.6976744186046534,0.6976744186046512,0.6976744186046534,256,256,384
27,128,0.5,0.5,0.5,0.5517186629890449,0.5517186629890449,0.5145337436097839,0.41682638685572587,0.5846656976744187,0.40978884486508593,0.1666666666666664,0.5,0.5,0.5,256,256,384
27,128,0.75,0.755813953488371,0.755813953488371,0.7936761942443041,0.7936761942443041,0.7661171615316148,0.6564896290559408,0.7916466346153848,0.6498221220369594,0.08139534883720889,0.24418604651162878,0.2441860465116279,0.24418604651162878,256,256,384
27,128,1.0,1.0,1.0,1.0,1.0,1.0,1.0,1.0,1.0,0.0,0.0,0.0,0.0,256,256,384
27,256,0.05,0.06976744186046503,0.06976744186046503,0.0851384533915313,0.0851384533915313,0.07375584522652974,0.1285156249999998,0.19921875000000025,0.13098958333333344,0.3100775193798454,0.9302325581395299,0.9302325581395349,0.9302325581395299,256,256,384
27,256,0.1,0.11627906976744123,0.11627906976744123,0.13745036117994233,0.13745036117994233,0.1221494191312652,0.15039062499999994,0.2390625000000003,0.15353215939153464,0.2945736434108522,0.8837209302325566,0.8837209302325582,0.8837209302325566,256,256,384
27,256,0.2,0.2093023255813959,0.2093023255813959,0.2386179087742207,0.2386179087742207,0.21786526758412353,0.21587025681120373,0.3389756944444447,0.21297538246067704,0.2635658914728668,0.7906976744186025,0.7906976744186046,0.7906976744186025,256,256,384
27,256,0.3,0.30232558139535,0.30232558139535,0.3366156895424086,0.3366156895424086,0.31228385849122875,0.27970915081846487,0.42698317307692324,0.2643637927492904,0.23255813953488244,0.6976744186046534,0.6976744186046512,0.6976744186046534,256,256,384
27,256,0.5,0.5116279069767424,0.5116279069767424,0.5487283868568746,0.5487283868568746,0.5223269012947105,0.4325547356781501,0.5985440340909092,0.4214998489775253,0.16279069767441776,0.48837209302325757,0.4883720930232558,0.48837209302325757,256,256,384
27,256,0.75,0.7674418604651141,0.7674418604651141,0.7940305723196426,0.7940305723196426,0.7744399574489911,0.6685906211328978,0.7995975378787846,0.6647400035463945,0.07751937984496136,0.23255813953488244,0.2325581395348837,0.23255813953488244,256,256,384
27,256,1.0,1.0,1.0,1.0,1.0,1.0,1.0,1.0,1.0,0.0,0.0,0.0,0.0,256,256,384
28,32,0.05,0.05232558139534897,0.05232558139534897,0.09050236120694913,0.09050236120694913,0.0627800554463425,0.10233408163558277,0.17838541666666674,0.11138402518659728,0.3158914728682164,0.947674418604656,0.9476744186046512,0.947674418604656,256,256,384
28,32,0.1,0.10174418604651228,0.10174418604651228,0.15827316818121737,0.15827316818121737,0.11707899028247988,0.1380785244147111,0.23794642857142878,0.13839334752760993,0.2994186046511643,0.898255813953485,0.8982558139534884,0.898255813953485,256,256,384
28,32,0.2,0.20058139534883634,0.20058139534883634,0.2803160847283193,0.2803160847283193,0.22187842405720867,0.20140353787958948,0.33191802536231885,0.19619300922397065,0.2664728682170555,0.7994186046511599,0.7994186046511628,0.7994186046511599,256,256,384
28,32,0.3,0.30232558139535,0.30232558139535,0.3949451150715197,0.3949451150715197,0.3273524935903096,0.27087597018687226,0.4237154447115384,0.26124029969490875,0.23255813953488244,0.6976744186046534,0.6976744186046512,0.6976744186046534,256,256,384
28,32,0.5,0.5,0.5,0.5966304441734561,0.5966304441734561,0.525902263066921,0.41291397531509894,0.5829169694767441,0.4030849792420183,0.1666666666666664,0.5,0.5,0.5,256,256,384
28,32,0.75,0.75,0.75,0.8197477001207412,0.8197477001207412,0.7676235182327042,0.6442228870767,0.7832334060077502,0.6416278820985118,0.08333333333333322,0.25,0.25,0.25,256,256,384
28,32,1.0,1.0,1.0,1.0,1.0,1.0,1.0,1.0,1.0,0.0,0.0,0.0,0.0,256,256,384
28,64,0.05,0.05232558139534897,0.05232558139534897,0.07892682347983304,0.07892682347983304,0.05927610231094723,0.10621283013861123,0.17968750000000003,0.10915780374649874,0.3158914728682164,0.947674418604656,0.9476744186046512,0.947674418604656,256,256,384
28,64,0.1,0.10465116279069794,0.10465116279069794,0.14520464122365143,0.14520464122365143,0.11515008821340464,0.13389978882505543,0.22981770833333337,0.1433537916996487,0.29844961240310247,0.8953488372092994,0.8953488372093024,0.8953488372092994,256,256,384
28,64,0.2,0.20348837209302456,0.20348837209302456,0.26082092523935163,0.26082092523935163,0.21872943828586244,0.20245349429423964,0.33158482142857154,0.19945645752216012,0.2655038759689904,0.7965116279069734,0.7965116279069767,0.7965116279069734,256,256,384
28,64,0.3,0.30232558139535,0.30232558139535,0.3691580817535026,0.3691580817535026,0.3203847904645908,0.2720159730316561,0.42457932692307737,0.2591990169769082,0.23255813953488244,0.6976744186046534,0.6976744186046512,0.6976744186046534,256,256,384
28,64,0.5,0.5,0.5,0.5707190729427231,0.5707190729427231,0.5184290430855332,0.41795361275154763,0.5875726744186043,0.4008649314407171,0.1666666666666664,0.5,0.5,0.5,256,256,384
28,64,0.75,0.75,0.75,0.8018888130172628,0.8018888130172628,0.763794866793679,0.6473420796516088,0.7853379360465109,0.6437676782919689,0.08333333333333322,0.25,0.25,0.25,256,256,384
28,64,1.0,1.0,1.0,1.0,1.0,1.0,1.0,1.0,1.0,0.0,0.0,0.0,0.0,256,256,384
28,128,0.05,0.05813953488372062,0.05813953488372062,0.07781415395703352,0.07781415395703352,0.06323685034976632,0.10649181547619033,0.17656250000000004,0.11041873346560858,0.31395348837209275,0.9418604651162849,0.9418604651162791,0.9418604651162849,256,256,384
28,128,0.1,0.10465116279069794,0.10465116279069794,0.1330961016206466,0.1330961016206466,0.11214908374561186,0.13712768160148667,0.228732638888889,0.14181060208174193,0.29844961240310247,0.8953488372092994,0.8953488372093024,0.8953488372092994,256,256,384
28,128,0.2,0.2093023255813959,0.2093023255813959,0.25049486104934443,0.25049486104934443,0.21988906047517304,0.21003880507391637,0.3400607638888884,0.20344720248244108,0.2635658914728668,0.7906976744186025,0.7906976744186046,0.7906976744186025,256,256,384
28,128,0.3,0.30232558139535,0.30232558139535,0.3500194302661506,0.3500194302661506,0.31494430312492216,0.27392314722917394,0.4245793269230767,0.26260248132423386,0.23255813953488244,0.6976744186046534,0.6976744186046512,0.6976744186046534,256,256,384
28,128,0.5,0.5,0.5,0.5510888721440016,0.5510888721440016,0.5132022379159012,0.412509222362488,0.5806686046511625,0.4004888270255505,0.1666666666666664,0.5,0.5,0.5,256,256,384
28,128,0.75,0.755813953488371,0.755813953488371,0.7932771973266858,0.7932771973266858,0.7654021234371468,0.6527970383422249,0.7891225961538458,0.6466029968048665,0.08139534883720889,0.24418604651162878,0.2441860465116279,0.24418604651162878,256,256,384
28,128,1.0,1.0,1.0,1.0,1.0,1.0,1.0,1.0,1.0,0.0,0.0,0.0,0.0,256,256,384
28,256,0.05,0.06976744186046503,0.06976744186046503,0.08494319665404625,0.08494319665404625,0.0737662563362856,0.12812499999999985,0.1966145833333335,0.12552083333333344,0.3100775193798454,0.9302325581395299,0.9302325581395349,0.9302325581395299,256,256,384
28,256,0.1,0.11627906976744123,0.11627906976744123,0.1372258385804471,0.1372258385804471,0.12163664372670595,0.14653087797619052,0.23593750000000016,0.16079695767195798,0.2945736434108522,0.8837209302325566,0.8837209302325582,0.8837209302325566,256,256,384
28,256,0.2,0.2093023255813959,0.2093023255813959,0.23825892068416105,0.23825892068416105,0.21671938516135272,0.20801425137362667,0.33159722222222227,0.20668885342598622,0.2635658914728668,0.7906976744186025,0.7906976744186046,0.7906976744186025,256,256,384
28,256,0.3,0.30232558139535,0.30232558139535,0.33608761550150873,0.33608761550150873,0.3112737380598017,0.268133076392634,0.41376201923076966,0.2617922689511864,0.23255813953488244,0.6976744186046534,0.6976744186046512,0.6976744186046534,256,256,384
28,256,0.5,0.5116279069767424,0.5116279069767424,0.5479092982359032,0.5479092982359032,0.5216076546726316,0.4310918746253867,0.5973011363636369,0.41116122239724856,0.16279069767441776,0.48837209302325757,0.4883720930232558,0.48837209302325757,256,256,384
28,256,0.75,0.7674418604651141,0.7674418604651141,0.7935826262565513,0.7935826262565513,0.7745889766010273,0.669099203608743,0.8003077651515118,0.6593038353682916,0.07751937984496136,0.23255813953488244,0.2325581395348837,0.23255813953488244,256,256,384
28,256,1.0,1.0,1.0,1.0,1.0,1.0,1.0,1.0,1.0,0.0,0.0,0.0,0.0,256,256,384
29,32,0.05,0.05232558139534897,0.05232558139534897,0.09010478307709989,0.09010478307709989,0.06500587954504439,0.1264348523804891,0.21506076388888906,0.11811755999667987,0.3158914728682164,0.947674418604656,0.9476744186046512,0.947674418604656,256,256,384
29,32,0.1,0.10174418604651228,0.10174418604651228,0.15781668715080688,0.15781668715080688,0.12030961162738987,0.16199517656195747,0.27131696428571445,0.14465973005921565,0.2994186046511643,0.898255813953485,0.8982558139534884,0.898255813953485,256,256,384
29,32,0.2,0.20058139534883634,0.20058139534883634,0.2798004575869657,0.2798004575869657,0.22690110260219512,0.23043101920077225,0.3689990942028984,0.20359759656307982,0.2664728682170555,0.7994186046511599,0.7994186046511628,0.7994186046511599,256,256,384
29,32,0.3,0.30232558139535,0.30232558139535,0.3943830967613788,0.3943830967613788,0.33371386028591593,0.2970135461303859,0.45383864182692296,0.26915413328387067,0.23255813953488244,0.6976744186046534,0.6976744186046512,0.6976744186046534,256,256,384
29,32,0.5,0.5,0.5,0.5961225791139115,0.5961225791139115,0.5328443352477773,0.4391052766141771,0.6080577761627903,0.4077698793789666,0.1666666666666664,0.5,0.5,0.5,256,256,384
29,32,0.75,0.75,0.75,0.8194248347903612,0.8194248347903612,0.7735467622476607,0.6582097954504526,0.7933624031007741,0.6423734823444346,0.08333333333333322,0.25,0.25,0.25,256,256,384
29,32,1.0,1.0,1.0,1.0,1.0,1.0,1.0,1.0,1.0,0.0,0.0,0.0,0.0,256,256,384
29,64,0.05,0.05232558139534897,0.05232558139534897,0.07839411185522174,0.07839411185522174,0.06079573699701034,0.11695312385225054,0.19704861111111113,0.1139613373758596,0.3158914728682164,0.947674418604656,0.9476744186046512,0.947674418604656,256,256,384
29,64,0.1,0.10465116279069794,0.10465116279069794,0.1447170408851107,0.1447170408851107,0.11819212678627976,0.16408810617781755,0.27256944444444414,0.14557220414690603,0.29844961240310247,0.8953488372092994,0.8953488372093024,0.8953488372092994,256,256,384
29,64,0.2,0.20348837209302456,0.20348837209302456,0.26039262210450104,0.26039262210450104,0.2224964986296502,0.23173342351724313,0.36953124999999976,0.2085449227733691,0.2655038759689904,0.7965116279069734,0.7965116279069767,0.7965116279069734,256,256,384
29,64,0.3,0.30232558139535,0.30232558139535,0.368635014958528,0.368635014958528,0.32431131705680283,0.2943235206604446,0.4493689903846156,0.26834847853457205,0.23255813953488244,0.6976744186046534,0.6976744186046512,0.6976744186046534,256,256,384
29,64,0.5,0.5,0.5,0.5700984570789795,0.5700984570789795,0.5234045719154776,0.43892315529059195,0.6072856104651156,0.411173046963401,0.1666666666666664,0.5,0.5,0.5,256,256,384
29,64,0.75,0.75,0.75,0.8014868535299937,0.8014868535299937,0.7677104493311977,0.6621088802941822,0.7959362887596892,0.6429322883502119,0.08333333333333322,0.25,0.25,0.25,256,256,384
29,64,1.0,1.0,1.0,1.0,1.0,1.0,1.0,1.0,1.0,0.0,0.0,0.0,0.0,256,256,384
29,128,0.05,0.05813953488372062,0.05813953488372062,0.07709377630800118,0.07709377630800118,0.06449045901837402,0.12873573908730146,0.2085937500000001,0.11533771494709005,0.31395348837209275,0.9418604651162849,0.9418604651162791,0.9418604651162849,256,256,384
29,128,0.1,0.10465116279069794,0.10465116279069794,0.13227464895885643,0.13227464895885643,0.11427998519065209,0.17043163063958114,0.2760416666666671,0.14523836304626772,0.29844961240310247,0.8953488372092994,0.8953488372093024,0.8953488372092994,256,256,384
29,128,0.2,0.2093023255813959,0.2093023255813959,0.24990901462075069,0.24990901462075069,0.2232205343942159,0.23565190380768938,0.37326388888888845,0.20701530386167433,0.2635658914728668,0.7906976744186025,0.7906976744186046,0.7906976744186025,256,256,384
29,128,0.3,0.30232558139535,0.30232558139535,0.3495340013551554,0.3495340013551554,0.3184356449763299,0.30413453920344663,0.4598858173076925,0.2637328457797089,0.23255813953488244,0.6976744186046534,0.6976744186046512,0.6976744186046534,256,256,384
29,128,0.5,0.5,0.5,0.5506577371626182,0.5506577371626182,0.5171364618475854,0.44252952513133326,0.6098292151162793,0.40850170115016454,0.1666666666666664,0.5,0.5,0.5,256,256,384
29,128,0.75,0.755813953488371,0.755813953488371,0.7928760961186049,0.7928760961186049,0.7682563538373881,0.6676313006386363,0.7996995192307687,0.650783490607792,0.08139534883720889,0.24418604651162878,0.2441860465116279,0.24418604651162878,256,256,384
29,128,1.0,1.0,1.0,1.0,1.0,1.0,1.0,1.0,1.0,0.0,0.0,0.0,0.0,256,256,384
29,256,0.05,0.06976744186046503,0.06976744186046503,0.08447583654721001,0.08447583654721001,0.074892927488416,0.14296874999999987,0.21614583333333337,0.13255208333333343,0.3100775193798454,0.9302325581395299,0.9302325581395349,0.9302325581395299,256,256,384
29,256,0.1,0.11627906976744123,0.11627906976744123,0.1367414164808411,0.1367414164808411,0.12340119116860825,0.17069692460317462,0.26875000000000043,0.1475694444444447,0.2945736434108522,0.8837209302325566,0.8837209302325582,0.8837209302325566,256,256,384
29,256,0.2,0.2093023255813959,0.2093023255813959,0.23774512566728714,0.23774512566728714,0.2183872944676436,0.23299502083394574,0.3619791666666669,0.21065035990357717,0.2635658914728668,0.7906976744186025,0.7906976744186046,0.7906976744186025,256,256,384
29,256,0.3,0.30232558139535,0.30232558139535,0.33560043979290943,0.33560043979290943,0.3131087808435541,0.2961941957039687,0.44681490384615413,0.2704915996979203,0.23255813953488244,0.6976744186046534,0.6976744186046512,0.6976744186046534,256,256,384
29,256,0.5,0.5116279069767424,0.5116279069767424,0.5475551257336374,0.5475551257336374,0.5238369013918833,0.4512586624002361,0.6177201704545463,0.4211235016914035,0.16279069767441776,0.48837209302325757,0.4883720930232558,0.48837209302325757,256,256,384
29,256,0.75,0.7674418604651141,0.7674418604651141,0.7933174333828821,0.7933174333828821,0.7758637675997964,0.6777490306376005,0.8062263257575725,0.6639153194686126,0.07751937984496136,0.23255813953488244,0.2325581395348837,0.23255813953488244,256,256,384
29,256,1.0,1.0,1.0,1.0,1.0,1.0,1.0,1.0,1.0,0.0,0.0,0.0,0.0,256,256,384
30,32,0.05,0.05232558139534897,0.05232558139534897,0.0895542527155682,0.0895542527155682,0.06078083529877861,0.08830440610404192,0.1571180555555557,0.11850649400579753,0.3158914728682164,0.947674418604656,0.9476744186046512,0.947674418604656,256,256,384
30,32,0.1,0.10174418604651228,0.10174418604651228,0.15713041104743827,0.15713041104743827,0.11472060833099651,0.12458838057662175,0.21741071428571454,0.15259869517082128,0.2994186046511643,0.898255813953485,0.8982558139534884,0.898255813953485,256,256,384
30,32,0.2,0.20058139534883634,0.20058139534883634,0.27909204316953556,0.27909204316953556,0.21910328693305914,0.1915780783556127,0.3182744565217391,0.20574598516648054,0.2664728682170555,0.7994186046511599,0.7994186046511628,0.7994186046511599,256,256,384
30,32,0.3,0.30232558139535,0.30232558139535,0.3938093070829869,0.3938093070829869,0.3243515898126309,0.25941901586738286,0.4092923677884615,0.26792759224958906,0.23255813953488244,0.6976744186046534,0.6976744186046512,0.6976744186046534,256,256,384
30,32,0.5,0.5,0.5,0.5956363261141628,0.5956363261141628,0.5228776759738332,0.40225897353754553,0.5721293604651163,0.4062401772042392,0.1666666666666664,0.5,0.5,0.5,256,256,384
30,32,0.75,0.75,0.75,0.8191752756583068,0.8191752756583068,0.7662315624744528,0.639476095716092,0.7796753875968974,0.6412617514852804,0.08333333333333322,0.25,0.25,0.25,256,256,384
30,32,1.0,1.0,1.0,1.0,1.0,1.0,1.0,1.0,1.0,0.0,0.0,0.0,0.0,256,256,384
30,64,0.05,0.05232558139534897,0.05232558139534897,0.07802854055269941,0.07802854055269941,0.05787713629360446,0.08788841558257907,0.15277777777777785,0.11343478059930272,0.3158914728682164,0.947674418604656,0.9476744186046512,0.947674418604656,256,256,384
30,64,0.1,0.10465116279069794,0.10465116279069794,0.144130175554907,0.144130175554907,0.11349715829729688,0.12143244415475878,0.21050347222222218,0.14523430743897361,0.29844961240310247,0.8953488372092994,0.8953488372093024,0.8953488372092994,256,256,384
30,64,0.2,0.20348837209302456,0.20348837209302456,0.25980304233026713,0.25980304233026713,0.21703933029880665,0.19333944777005713,0.31953125,0.20772586700626514,0.2655038759689904,0.7965116279069734,0.7965116279069767,0.7965116279069734,256,256,384
30,64,0.3,0.30232558139535,0.30232558139535,0.3682590706244944,0.3682590706244944,0.3187814937459425,0.25941523291831714,0.4083533653846153,0.26679341810294743,0.23255813953488244,0.6976744186046534,0.6976744186046512,0.6976744186046534,256,256,384
30,64,0.5,0.5,0.5,0.5700043211448003,0.5700043211448003,0.517203587653959,0.4051184307755702,0.574945494186046,0.4064014645407168,0.1666666666666664,0.5,0.5,0.5,256,256,384
30,64,0.75,0.75,0.75,0.8014310314877607,0.8014310314877607,0.7624928584397304,0.6435821774311481,0.782612645348836,0.6434484014360916,0.08333333333333322,0.25,0.25,0.25,256,256,384
30,64,1.0,1.0,1.0,1.0,1.0,1.0,1.0,1.0,1.0,0.0,0.0,0.0,0.0,256,256,384
30,128,0.05,0.05813953488372062,0.05813953488372062,0.07698901853182794,0.07698901853182794,0.0621185476779096,0.08967323908730145,0.14921875000000004,0.11895461309523814,0.31395348837209275,0.9418604651162849,0.9418604651162791,0.9418604651162849,256,256,384
30,128,0.1,0.10465116279069794,0.10465116279069794,0.1322084119658679,0.1322084119658679,0.11078006957164588,0.12797786427726668,0.2157118055555558,0.14311494648121517,0.29844961240310247,0.8953488372092994,0.8953488372093024,0.8953488372092994,256,256,384
30,128,0.2,0.2093023255813959,0.2093023255813959,0.24977889281020754,0.24977889281020754,0.21840888486130366,0.19909348546680758,0.32465277777777707,0.2062743909706519,0.2635658914728668,0.7906976744186025,0.7906976744186046,0.7906976744186025,256,256,384
30,128,0.3,0.30232558139535,0.30232558139535,0.34944872055197096,0.34944872055197096,0.31321219884578055,0.25912531621484325,0.4070012019230766,0.270610510759626,0.23255813953488244,0.6976744186046534,0.6976744186046512,0.6976744186046534,256,256,384
30,128,0.5,0.5,0.5,0.5506801684913974,0.5506801684913974,0.5125746038762649,0.40637328268798334,0.575127180232558,0.4124914195539508,0.1666666666666664,0.5,0.5,0.5,256,256,384
30,128,0.75,0.755813953488371,0.755813953488371,0.7927648084510484,0.7927648084510484,0.7647327820230133,0.6494762682909511,0.7867187500000001,0.6514660576293431,0.08139534883720889,0.24418604651162878,0.2441860465116279,0.24418604651162878,256,256,384
30,128,1.0,1.0,1.0,1.0,1.0,1.0,1.0,1.0,1.0,0.0,0.0,0.0,0.0,256,256,384
30,256,0.05,0.06976744186046503,0.06976744186046503,0.08426163007176142,0.08426163007176142,0.07300924527155084,0.10312499999999986,0.16015625000000017,0.12135416666666671,0.3100775193798454,0.9302325581395299,0.9302325581395349,0.9302325581395299,256,256,384
30,256,0.1,0.11627906976744123,0.11627906976744123,0.13661818575674173,0.13661818575674173,0.12051700277057234,0.13571118551587302,0.2210937500000002,0.15422453703703728,0.2945736434108522,0.8837209302325566,0.8837209302325582,0.8837209302325566,256,256,384
30,256,0.2,0.2093023255813959,0.2093023255813959,0.2377736486281215,0.2377736486281215,0.21583205157040022,0.19936949539431184,0.31987847222222215,0.21361781983335346,0.2635658914728668,0.7906976744186025,0.7906976744186046,0.7906976744186025,256,256,384
30,256,0.3,0.30232558139535,0.30232558139535,0.3357575177195086,0.3357575177195086,0.31031326168176193,0.26668058334766465,0.4104567307692309,0.2642759642573725,0.23255813953488244,0.6976744186046534,0.6976744186046512,0.6976744186046534,256,256,384
30,256,0.5,0.5116279069767424,0.5116279069767424,0.547758062003933,0.547758062003933,0.5204761617390598,0.42259527178262907,0.5896661931818188,0.41798055632873304,0.16279069767441776,0.48837209302325757,0.4883720930232558,0.48837209302325757,256,256,384
30,256,0.75,0.7674418604651141,0.7674418604651141,0.7932897262168571,0.7932897262168571,0.7735715876258362,0.6669195073401235,0.7985321969696937,0.6619514671195954,0.07751937984496136,0.23255813953488244,0.2325581395348837,0.23255813953488244,256,256,384
30,256,1.0,1.0,1.0,1.0,1.0,1.0,1.0,1.0,1.0,0.0,0.0,0.0,0.0,256,256,384
