TRACE 0 INPUT_ACCEPT 0 0
TRACE 1 BF16_GROUP_ISSUE 0 0
TRACE 2 BF16_GROUP_ISSUE 0 1
TRACE 2 BF16_VALUE 0 3fb0
TRACE 2 BF16_VALUE 1 3f41
TRACE 2 BF16_VALUE 2 bf08
TRACE 2 BF16_VALUE 3 bee7
TRACE 2 BF16_VALUE 4 3e91
TRACE 2 BF16_VALUE 5 3f2e
TRACE 2 BF16_VALUE 6 3ce9
TRACE 2 BF16_VALUE 7 bf02
TRACE 2 BF16_VALUE 8 beb9
TRACE 2 BF16_VALUE 9 bf3c
TRACE 2 BF16_VALUE 10 bf81
TRACE 2 BF16_VALUE 11 3f44
TRACE 2 BF16_VALUE 12 bf37
TRACE 2 BF16_VALUE 13 bf74
TRACE 2 BF16_VALUE 14 bf37
TRACE 2 BF16_VALUE 15 3f65
TRACE 3 BF16_GROUP_ISSUE 0 2
TRACE 3 BF16_VALUE 16 bf32
TRACE 3 BF16_VALUE 17 bf82
TRACE 3 BF16_VALUE 18 3d02
TRACE 3 BF16_VALUE 19 3fc4
TRACE 3 BF16_VALUE 20 bfd9
TRACE 3 BF16_VALUE 21 3fa8
TRACE 3 BF16_VALUE 22 3f94
TRACE 3 BF16_VALUE 23 bf90
TRACE 3 BF16_VALUE 24 bac8
TRACE 3 BF16_VALUE 25 bf95
TRACE 3 BF16_VALUE 26 3f88
TRACE 3 BF16_VALUE 27 3f45
TRACE 3 BF16_VALUE 28 bf2d
TRACE 3 BF16_VALUE 29 3f53
TRACE 3 BF16_VALUE 30 bfc3
TRACE 3 BF16_VALUE 31 bf31
TRACE 4 BF16_GROUP_ISSUE 0 3
TRACE 4 BF16_VALUE 32 3eba
TRACE 4 BF16_VALUE 33 3f8e
TRACE 4 BF16_VALUE 34 bef9
TRACE 4 BF16_VALUE 35 3f11
TRACE 4 BF16_VALUE 36 bf13
TRACE 4 BF16_VALUE 37 3f5d
TRACE 4 BF16_VALUE 38 bfa1
TRACE 4 BF16_VALUE 39 be4f
TRACE 4 BF16_VALUE 40 bf00
TRACE 4 BF16_VALUE 41 3f6f
TRACE 4 BF16_VALUE 42 be4b
TRACE 4 BF16_VALUE 43 3fba
TRACE 4 BF16_VALUE 44 4000
TRACE 4 BF16_VALUE 45 bf90
TRACE 4 BF16_VALUE 46 bd19
TRACE 4 BF16_VALUE 47 be14
TRACE 5 BF16_VALUE 48 bfb6
TRACE 5 BF16_VALUE 49 bf72
TRACE 5 BF16_VALUE 50 3f5d
TRACE 5 BF16_VALUE 51 3f53
TRACE 5 BF16_VALUE 52 3e8d
TRACE 5 BF16_VALUE 53 bfd7
TRACE 5 BF16_VALUE 54 3f58
TRACE 5 BF16_VALUE 55 3f9f
TRACE 5 BF16_VALUE 56 3eae
TRACE 5 BF16_VALUE 57 3ef7
TRACE 5 BF16_VALUE 58 3f7d
TRACE 5 BF16_VALUE 59 3f23
TRACE 5 BF16_VALUE 60 bee1
TRACE 5 BF16_VALUE 61 bfa4
TRACE 5 BF16_VALUE 62 bf5a
TRACE 5 BF16_VALUE 63 bf87
TRACE 6 A8_OUTPUT 0 34
TRACE 6 BF16_OUTPUT 0 3fb0
TRACE 6 A8_OUTPUT 1 19
TRACE 6 BF16_OUTPUT 1 3f41
TRACE 6 A8_OUTPUT 2 -13
TRACE 6 BF16_OUTPUT 2 bf08
TRACE 6 A8_OUTPUT 3 -11
TRACE 6 BF16_OUTPUT 3 bee7
TRACE 6 A8_OUTPUT 4 7
TRACE 6 BF16_OUTPUT 4 3e91
TRACE 6 A8_OUTPUT 5 17
TRACE 6 BF16_OUTPUT 5 3f2e
TRACE 6 A8_OUTPUT 6 1
TRACE 6 BF16_OUTPUT 6 3ce9
TRACE 6 A8_OUTPUT 7 -13
TRACE 6 BF16_OUTPUT 7 bf02
TRACE 6 A8_OUTPUT 8 -9
TRACE 6 BF16_OUTPUT 8 beb9
TRACE 6 A8_OUTPUT 9 -18
TRACE 6 BF16_OUTPUT 9 bf3c
TRACE 6 A8_OUTPUT 10 -25
TRACE 6 BF16_OUTPUT 10 bf81
TRACE 6 A8_OUTPUT 11 19
TRACE 6 BF16_OUTPUT 11 3f44
TRACE 6 A8_OUTPUT 12 -18
TRACE 6 BF16_OUTPUT 12 bf37
TRACE 6 A8_OUTPUT 13 -24
TRACE 6 BF16_OUTPUT 13 bf74
TRACE 6 A8_OUTPUT 14 -18
TRACE 6 BF16_OUTPUT 14 bf37
TRACE 6 A8_OUTPUT 15 22
TRACE 6 BF16_OUTPUT 15 3f65
TRACE 6 A8_OUTPUT 16 -17
TRACE 6 BF16_OUTPUT 16 bf32
TRACE 6 A8_OUTPUT 17 -25
TRACE 6 BF16_OUTPUT 17 bf82
TRACE 6 A8_OUTPUT 18 1
TRACE 6 BF16_OUTPUT 18 3d02
TRACE 6 A8_OUTPUT 19 38
TRACE 6 BF16_OUTPUT 19 3fc4
TRACE 6 A8_OUTPUT 20 -42
TRACE 6 BF16_OUTPUT 20 bfd9
TRACE 6 A8_OUTPUT 21 32
TRACE 6 BF16_OUTPUT 21 3fa8
TRACE 6 A8_OUTPUT 22 29
TRACE 6 BF16_OUTPUT 22 3f94
TRACE 6 A8_OUTPUT 23 -28
TRACE 6 BF16_OUTPUT 23 bf90
TRACE 6 A8_OUTPUT 24 0
TRACE 6 BF16_OUTPUT 24 bac8
TRACE 6 A8_OUTPUT 25 -29
TRACE 6 BF16_OUTPUT 25 bf95
TRACE 6 A8_OUTPUT 26 26
TRACE 6 BF16_OUTPUT 26 3f88
TRACE 6 A8_OUTPUT 27 19
TRACE 6 BF16_OUTPUT 27 3f45
TRACE 6 A8_OUTPUT 28 -17
TRACE 6 BF16_OUTPUT 28 bf2d
TRACE 6 A8_OUTPUT 29 20
TRACE 6 BF16_OUTPUT 29 3f53
TRACE 6 A8_OUTPUT 30 -38
TRACE 6 BF16_OUTPUT 30 bfc3
TRACE 6 A8_OUTPUT 31 -17
TRACE 6 BF16_OUTPUT 31 bf31
TRACE 6 A8_OUTPUT 32 9
TRACE 6 BF16_OUTPUT 32 3eba
TRACE 6 A8_OUTPUT 33 27
TRACE 6 BF16_OUTPUT 33 3f8e
TRACE 6 A8_OUTPUT 34 -12
TRACE 6 BF16_OUTPUT 34 bef9
TRACE 6 A8_OUTPUT 35 14
TRACE 6 BF16_OUTPUT 35 3f11
TRACE 6 A8_OUTPUT 36 -14
TRACE 6 BF16_OUTPUT 36 bf13
TRACE 6 A8_OUTPUT 37 21
TRACE 6 BF16_OUTPUT 37 3f5d
TRACE 6 A8_OUTPUT 38 -31
TRACE 6 BF16_OUTPUT 38 bfa1
TRACE 6 A8_OUTPUT 39 -5
TRACE 6 BF16_OUTPUT 39 be4f
TRACE 6 A8_OUTPUT 40 -12
TRACE 6 BF16_OUTPUT 40 bf00
TRACE 6 A8_OUTPUT 41 23
TRACE 6 BF16_OUTPUT 41 3f6f
TRACE 6 A8_OUTPUT 42 -5
TRACE 6 BF16_OUTPUT 42 be4b
TRACE 6 A8_OUTPUT 43 36
TRACE 6 BF16_OUTPUT 43 3fba
TRACE 6 A8_OUTPUT 44 49
TRACE 6 BF16_OUTPUT 44 4000
TRACE 6 A8_OUTPUT 45 -28
TRACE 6 BF16_OUTPUT 45 bf90
TRACE 6 A8_OUTPUT 46 -1
TRACE 6 BF16_OUTPUT 46 bd19
TRACE 6 A8_OUTPUT 47 -4
TRACE 6 BF16_OUTPUT 47 be14
TRACE 6 A8_OUTPUT 48 -35
TRACE 6 BF16_OUTPUT 48 bfb6
TRACE 6 A8_OUTPUT 49 -23
TRACE 6 BF16_OUTPUT 49 bf72
TRACE 6 A8_OUTPUT 50 21
TRACE 6 BF16_OUTPUT 50 3f5d
TRACE 6 A8_OUTPUT 51 20
TRACE 6 BF16_OUTPUT 51 3f53
TRACE 6 A8_OUTPUT 52 7
TRACE 6 BF16_OUTPUT 52 3e8d
TRACE 6 A8_OUTPUT 53 -41
TRACE 6 BF16_OUTPUT 53 bfd7
TRACE 6 A8_OUTPUT 54 21
TRACE 6 BF16_OUTPUT 54 3f58
TRACE 6 A8_OUTPUT 55 31
TRACE 6 BF16_OUTPUT 55 3f9f
TRACE 6 A8_OUTPUT 56 8
TRACE 6 BF16_OUTPUT 56 3eae
TRACE 6 A8_OUTPUT 57 12
TRACE 6 BF16_OUTPUT 57 3ef7
TRACE 6 A8_OUTPUT 58 24
TRACE 6 BF16_OUTPUT 58 3f7d
TRACE 6 A8_OUTPUT 59 16
TRACE 6 BF16_OUTPUT 59 3f23
TRACE 6 A8_OUTPUT 60 -11
TRACE 6 BF16_OUTPUT 60 bee1
TRACE 6 A8_OUTPUT 61 -32
TRACE 6 BF16_OUTPUT 61 bfa4
TRACE 6 A8_OUTPUT 62 -21
TRACE 6 BF16_OUTPUT 62 bf5a
TRACE 6 A8_OUTPUT 63 -26
TRACE 6 BF16_OUTPUT 63 bf87
TRACE 7 INPUT_ACCEPT 1 0
TRACE 8 BF16_GROUP_ISSUE 1 0
TRACE 9 BF16_GROUP_ISSUE 1 1
TRACE 9 BF16_VALUE 64 bdf1
TRACE 9 BF16_VALUE 65 3d90
TRACE 9 BF16_VALUE 66 3eda
TRACE 9 BF16_VALUE 67 bec1
TRACE 9 BF16_VALUE 68 bf51
TRACE 9 BF16_VALUE 69 bf2d
TRACE 9 BF16_VALUE 70 bf40
TRACE 9 BF16_VALUE 71 3c3d
TRACE 9 BF16_VALUE 72 3f0c
TRACE 9 BF16_VALUE 73 3f3d
TRACE 9 BF16_VALUE 74 3ee3
TRACE 9 BF16_VALUE 75 bf2b
TRACE 9 BF16_VALUE 76 bf0f
TRACE 9 BF16_VALUE 77 3e69
TRACE 9 BF16_VALUE 78 bf84
TRACE 9 BF16_VALUE 79 bf7d
TRACE 10 BF16_GROUP_ISSUE 1 2
TRACE 10 BF16_VALUE 80 bf84
TRACE 10 BF16_VALUE 81 3f0f
TRACE 10 BF16_VALUE 82 3fa4
TRACE 10 BF16_VALUE 83 be93
TRACE 10 BF16_VALUE 84 3ee4
TRACE 10 BF16_VALUE 85 bf1c
TRACE 10 BF16_VALUE 86 bec1
TRACE 10 BF16_VALUE 87 be94
TRACE 10 BF16_VALUE 88 c012
TRACE 10 BF16_VALUE 89 3e8c
TRACE 10 BF16_VALUE 90 bf95
TRACE 10 BF16_VALUE 91 3fb6
TRACE 10 BF16_VALUE 92 3f6f
TRACE 10 BF16_VALUE 93 3fda
TRACE 10 BF16_VALUE 94 3f09
TRACE 10 BF16_VALUE 95 bfa1
TRACE 11 BF16_GROUP_ISSUE 1 3
TRACE 11 BF16_VALUE 96 3fac
TRACE 11 BF16_VALUE 97 3f3c
TRACE 11 BF16_VALUE 98 bfce
TRACE 11 BF16_VALUE 99 3f7f
TRACE 11 BF16_VALUE 100 bf2a
TRACE 11 BF16_VALUE 101 4005
TRACE 11 BF16_VALUE 102 3ebb
TRACE 11 BF16_VALUE 103 3d00
TRACE 11 BF16_VALUE 104 3e87
TRACE 11 BF16_VALUE 105 bd69
TRACE 11 BF16_VALUE 106 bf88
TRACE 11 BF16_VALUE 107 bed3
TRACE 11 BF16_VALUE 108 bef6
TRACE 11 BF16_VALUE 109 be96
TRACE 11 BF16_VALUE 110 4063
TRACE 11 BF16_VALUE 111 4075
TRACE 12 BF16_VALUE 112 3f45
TRACE 12 BF16_VALUE 113 3f91
TRACE 12 BF16_VALUE 114 bfde
TRACE 12 BF16_VALUE 115 bfb8
TRACE 12 BF16_VALUE 116 bff5
TRACE 12 BF16_VALUE 117 bf16
TRACE 12 BF16_VALUE 118 bfa0
TRACE 12 BF16_VALUE 119 3f24
TRACE 12 BF16_VALUE 120 bf2e
TRACE 12 BF16_VALUE 121 bf58
TRACE 12 BF16_VALUE 122 3f84
TRACE 12 BF16_VALUE 123 bef1
TRACE 12 BF16_VALUE 124 bf51
TRACE 12 BF16_VALUE 125 3f90
TRACE 12 BF16_VALUE 126 3f2d
TRACE 12 BF16_VALUE 127 bf30
TRACE 13 A8_OUTPUT 64 -3
TRACE 13 BF16_OUTPUT 64 bdf1
TRACE 13 A8_OUTPUT 65 2
TRACE 13 BF16_OUTPUT 65 3d90
TRACE 13 A8_OUTPUT 66 10
TRACE 13 BF16_OUTPUT 66 3eda
TRACE 13 A8_OUTPUT 67 -9
TRACE 13 BF16_OUTPUT 67 bec1
TRACE 13 A8_OUTPUT 68 -20
TRACE 13 BF16_OUTPUT 68 bf51
TRACE 13 A8_OUTPUT 69 -17
TRACE 13 BF16_OUTPUT 69 bf2d
TRACE 13 A8_OUTPUT 70 -18
TRACE 13 BF16_OUTPUT 70 bf40
TRACE 13 A8_OUTPUT 71 0
TRACE 13 BF16_OUTPUT 71 3c3d
TRACE 13 A8_OUTPUT 72 14
TRACE 13 BF16_OUTPUT 72 3f0c
TRACE 13 A8_OUTPUT 73 18
TRACE 13 BF16_OUTPUT 73 3f3d
TRACE 13 A8_OUTPUT 74 11
TRACE 13 BF16_OUTPUT 74 3ee3
TRACE 13 A8_OUTPUT 75 -16
TRACE 13 BF16_OUTPUT 75 bf2b
TRACE 13 A8_OUTPUT 76 -14
TRACE 13 BF16_OUTPUT 76 bf0f
TRACE 13 A8_OUTPUT 77 6
TRACE 13 BF16_OUTPUT 77 3e69
TRACE 13 A8_OUTPUT 78 -25
TRACE 13 BF16_OUTPUT 78 bf84
TRACE 13 A8_OUTPUT 79 -24
TRACE 13 BF16_OUTPUT 79 bf7d
TRACE 13 A8_OUTPUT 80 -25
TRACE 13 BF16_OUTPUT 80 bf84
TRACE 13 A8_OUTPUT 81 14
TRACE 13 BF16_OUTPUT 81 3f0f
TRACE 13 A8_OUTPUT 82 32
TRACE 13 BF16_OUTPUT 82 3fa4
TRACE 13 A8_OUTPUT 83 -7
TRACE 13 BF16_OUTPUT 83 be93
TRACE 13 A8_OUTPUT 84 11
TRACE 13 BF16_OUTPUT 84 3ee4
TRACE 13 A8_OUTPUT 85 -15
TRACE 13 BF16_OUTPUT 85 bf1c
TRACE 13 A8_OUTPUT 86 -9
TRACE 13 BF16_OUTPUT 86 bec1
TRACE 13 A8_OUTPUT 87 -7
TRACE 13 BF16_OUTPUT 87 be94
TRACE 13 A8_OUTPUT 88 -56
TRACE 13 BF16_OUTPUT 88 c012
TRACE 13 A8_OUTPUT 89 7
TRACE 13 BF16_OUTPUT 89 3e8c
TRACE 13 A8_OUTPUT 90 -29
TRACE 13 BF16_OUTPUT 90 bf95
TRACE 13 A8_OUTPUT 91 35
TRACE 13 BF16_OUTPUT 91 3fb6
TRACE 13 A8_OUTPUT 92 23
TRACE 13 BF16_OUTPUT 92 3f6f
TRACE 13 A8_OUTPUT 93 42
TRACE 13 BF16_OUTPUT 93 3fda
TRACE 13 A8_OUTPUT 94 13
TRACE 13 BF16_OUTPUT 94 3f09
TRACE 13 A8_OUTPUT 95 -31
TRACE 13 BF16_OUTPUT 95 bfa1
TRACE 13 A8_OUTPUT 96 33
TRACE 13 BF16_OUTPUT 96 3fac
TRACE 13 A8_OUTPUT 97 18
TRACE 13 BF16_OUTPUT 97 3f3c
TRACE 13 A8_OUTPUT 98 -40
TRACE 13 BF16_OUTPUT 98 bfce
TRACE 13 A8_OUTPUT 99 25
TRACE 13 BF16_OUTPUT 99 3f7f
TRACE 13 A8_OUTPUT 100 -16
TRACE 13 BF16_OUTPUT 100 bf2a
TRACE 13 A8_OUTPUT 101 51
TRACE 13 BF16_OUTPUT 101 4005
TRACE 13 A8_OUTPUT 102 9
TRACE 13 BF16_OUTPUT 102 3ebb
TRACE 13 A8_OUTPUT 103 1
TRACE 13 BF16_OUTPUT 103 3d00
TRACE 13 A8_OUTPUT 104 7
TRACE 13 BF16_OUTPUT 104 3e87
TRACE 13 A8_OUTPUT 105 -1
TRACE 13 BF16_OUTPUT 105 bd69
TRACE 13 A8_OUTPUT 106 -26
TRACE 13 BF16_OUTPUT 106 bf88
TRACE 13 A8_OUTPUT 107 -10
TRACE 13 BF16_OUTPUT 107 bed3
TRACE 13 A8_OUTPUT 108 -12
TRACE 13 BF16_OUTPUT 108 bef6
TRACE 13 A8_OUTPUT 109 -7
TRACE 13 BF16_OUTPUT 109 be96
TRACE 13 A8_OUTPUT 110 88
TRACE 13 BF16_OUTPUT 110 4063
TRACE 13 A8_OUTPUT 111 95
TRACE 13 BF16_OUTPUT 111 4075
TRACE 13 A8_OUTPUT 112 19
TRACE 13 BF16_OUTPUT 112 3f45
TRACE 13 A8_OUTPUT 113 28
TRACE 13 BF16_OUTPUT 113 3f91
TRACE 13 A8_OUTPUT 114 -43
TRACE 13 BF16_OUTPUT 114 bfde
TRACE 13 A8_OUTPUT 115 -35
TRACE 13 BF16_OUTPUT 115 bfb8
TRACE 13 A8_OUTPUT 116 -47
TRACE 13 BF16_OUTPUT 116 bff5
TRACE 13 A8_OUTPUT 117 -14
TRACE 13 BF16_OUTPUT 117 bf16
TRACE 13 A8_OUTPUT 118 -31
TRACE 13 BF16_OUTPUT 118 bfa0
TRACE 13 A8_OUTPUT 119 16
TRACE 13 BF16_OUTPUT 119 3f24
TRACE 13 A8_OUTPUT 120 -17
TRACE 13 BF16_OUTPUT 120 bf2e
TRACE 13 A8_OUTPUT 121 -21
TRACE 13 BF16_OUTPUT 121 bf58
TRACE 13 A8_OUTPUT 122 25
TRACE 13 BF16_OUTPUT 122 3f84
TRACE 13 A8_OUTPUT 123 -12
TRACE 13 BF16_OUTPUT 123 bef1
TRACE 13 A8_OUTPUT 124 -20
TRACE 13 BF16_OUTPUT 124 bf51
TRACE 13 A8_OUTPUT 125 28
TRACE 13 BF16_OUTPUT 125 3f90
TRACE 13 A8_OUTPUT 126 17
TRACE 13 BF16_OUTPUT 126 3f2d
TRACE 13 A8_OUTPUT 127 -17
TRACE 13 BF16_OUTPUT 127 bf30
TRACE 14 INPUT_ACCEPT 2 0
TRACE 15 BF16_GROUP_ISSUE 2 0
TRACE 16 BF16_GROUP_ISSUE 2 1
TRACE 16 BF16_VALUE 128 bf7c
TRACE 16 BF16_VALUE 129 3ee2
TRACE 16 BF16_VALUE 130 bede
TRACE 16 BF16_VALUE 131 bef1
TRACE 16 BF16_VALUE 132 bd9c
TRACE 16 BF16_VALUE 133 bdcf
TRACE 16 BF16_VALUE 134 bd77
TRACE 16 BF16_VALUE 135 be08
TRACE 16 BF16_VALUE 136 3eb4
TRACE 16 BF16_VALUE 137 bf13
TRACE 16 BF16_VALUE 138 bf32
TRACE 16 BF16_VALUE 139 beec
TRACE 16 BF16_VALUE 140 3f17
TRACE 16 BF16_VALUE 141 3eca
TRACE 16 BF16_VALUE 142 3f70
TRACE 16 BF16_VALUE 143 3f83
TRACE 17 BF16_GROUP_ISSUE 2 2
TRACE 17 BF16_VALUE 144 bf2c
TRACE 17 BF16_VALUE 145 3f0d
TRACE 17 BF16_VALUE 146 3f9e
TRACE 17 BF16_VALUE 147 c000
TRACE 17 BF16_VALUE 148 3fdb
TRACE 17 BF16_VALUE 149 bfaa
TRACE 17 BF16_VALUE 150 bf0e
TRACE 17 BF16_VALUE 151 3ec2
TRACE 17 BF16_VALUE 152 bea2
TRACE 17 BF16_VALUE 153 3f44
TRACE 17 BF16_VALUE 154 bfb4
TRACE 17 BF16_VALUE 155 bf20
TRACE 17 BF16_VALUE 156 3faf
TRACE 17 BF16_VALUE 157 c019
TRACE 17 BF16_VALUE 158 3f4e
TRACE 17 BF16_VALUE 159 be5e
TRACE 18 BF16_GROUP_ISSUE 2 3
TRACE 18 BF16_VALUE 160 3e5b
TRACE 18 BF16_VALUE 161 3fc7
TRACE 18 BF16_VALUE 162 c001
TRACE 18 BF16_VALUE 163 3ecf
TRACE 18 BF16_VALUE 164 3f04
TRACE 18 BF16_VALUE 165 401d
TRACE 18 BF16_VALUE 166 c01a
TRACE 18 BF16_VALUE 167 3fc4
TRACE 18 BF16_VALUE 168 3d2f
TRACE 18 BF16_VALUE 169 bdd3
TRACE 18 BF16_VALUE 170 bc91
TRACE 18 BF16_VALUE 171 3e53
TRACE 18 BF16_VALUE 172 3edc
TRACE 18 BF16_VALUE 173 c061
TRACE 18 BF16_VALUE 174 4086
TRACE 18 BF16_VALUE 175 be98
TRACE 19 BF16_VALUE 176 c031
TRACE 19 BF16_VALUE 177 4003
TRACE 19 BF16_VALUE 178 bc38
TRACE 19 BF16_VALUE 179 bf20
TRACE 19 BF16_VALUE 180 3ee0
TRACE 19 BF16_VALUE 181 be2c
TRACE 19 BF16_VALUE 182 3f50
TRACE 19 BF16_VALUE 183 bf40
TRACE 19 BF16_VALUE 184 bf6f
TRACE 19 BF16_VALUE 185 bf20
TRACE 19 BF16_VALUE 186 3e85
TRACE 19 BF16_VALUE 187 bf65
TRACE 19 BF16_VALUE 188 3efa
TRACE 19 BF16_VALUE 189 bf83
TRACE 19 BF16_VALUE 190 3eab
TRACE 19 BF16_VALUE 191 3de3
TRACE 20 A8_OUTPUT 128 -24
TRACE 20 BF16_OUTPUT 128 bf7c
TRACE 20 A8_OUTPUT 129 11
TRACE 20 BF16_OUTPUT 129 3ee2
TRACE 20 A8_OUTPUT 130 -11
TRACE 20 BF16_OUTPUT 130 bede
TRACE 20 A8_OUTPUT 131 -12
TRACE 20 BF16_OUTPUT 131 bef1
TRACE 20 A8_OUTPUT 132 -2
TRACE 20 BF16_OUTPUT 132 bd9c
TRACE 20 A8_OUTPUT 133 -2
TRACE 20 BF16_OUTPUT 133 bdcf
TRACE 20 A8_OUTPUT 134 -1
TRACE 20 BF16_OUTPUT 134 bd77
TRACE 20 A8_OUTPUT 135 -3
TRACE 20 BF16_OUTPUT 135 be08
TRACE 20 A8_OUTPUT 136 9
TRACE 20 BF16_OUTPUT 136 3eb4
TRACE 20 A8_OUTPUT 137 -14
TRACE 20 BF16_OUTPUT 137 bf13
TRACE 20 A8_OUTPUT 138 -17
TRACE 20 BF16_OUTPUT 138 bf32
TRACE 20 A8_OUTPUT 139 -11
TRACE 20 BF16_OUTPUT 139 beec
TRACE 20 A8_OUTPUT 140 15
TRACE 20 BF16_OUTPUT 140 3f17
TRACE 20 A8_OUTPUT 141 10
TRACE 20 BF16_OUTPUT 141 3eca
TRACE 20 A8_OUTPUT 142 23
TRACE 20 BF16_OUTPUT 142 3f70
TRACE 20 A8_OUTPUT 143 25
TRACE 20 BF16_OUTPUT 143 3f83
TRACE 20 A8_OUTPUT 144 -17
TRACE 20 BF16_OUTPUT 144 bf2c
TRACE 20 A8_OUTPUT 145 14
TRACE 20 BF16_OUTPUT 145 3f0d
TRACE 20 A8_OUTPUT 146 30
TRACE 20 BF16_OUTPUT 146 3f9e
TRACE 20 A8_OUTPUT 147 -49
TRACE 20 BF16_OUTPUT 147 c000
TRACE 20 A8_OUTPUT 148 42
TRACE 20 BF16_OUTPUT 148 3fdb
TRACE 20 A8_OUTPUT 149 -33
TRACE 20 BF16_OUTPUT 149 bfaa
TRACE 20 A8_OUTPUT 150 -14
TRACE 20 BF16_OUTPUT 150 bf0e
TRACE 20 A8_OUTPUT 151 9
TRACE 20 BF16_OUTPUT 151 3ec2
TRACE 20 A8_OUTPUT 152 -8
TRACE 20 BF16_OUTPUT 152 bea2
TRACE 20 A8_OUTPUT 153 19
TRACE 20 BF16_OUTPUT 153 3f44
TRACE 20 A8_OUTPUT 154 -35
TRACE 20 BF16_OUTPUT 154 bfb4
TRACE 20 A8_OUTPUT 155 -15
TRACE 20 BF16_OUTPUT 155 bf20
TRACE 20 A8_OUTPUT 156 34
TRACE 20 BF16_OUTPUT 156 3faf
TRACE 20 A8_OUTPUT 157 -59
TRACE 20 BF16_OUTPUT 157 c019
TRACE 20 A8_OUTPUT 158 20
TRACE 20 BF16_OUTPUT 158 3f4e
TRACE 20 A8_OUTPUT 159 -5
TRACE 20 BF16_OUTPUT 159 be5e
TRACE 20 A8_OUTPUT 160 5
TRACE 20 BF16_OUTPUT 160 3e5b
TRACE 20 A8_OUTPUT 161 38
TRACE 20 BF16_OUTPUT 161 3fc7
TRACE 20 A8_OUTPUT 162 -50
TRACE 20 BF16_OUTPUT 162 c001
TRACE 20 A8_OUTPUT 163 10
TRACE 20 BF16_OUTPUT 163 3ecf
TRACE 20 A8_OUTPUT 164 13
TRACE 20 BF16_OUTPUT 164 3f04
TRACE 20 A8_OUTPUT 165 60
TRACE 20 BF16_OUTPUT 165 401d
TRACE 20 A8_OUTPUT 166 -59
TRACE 20 BF16_OUTPUT 166 c01a
TRACE 20 A8_OUTPUT 167 38
TRACE 20 BF16_OUTPUT 167 3fc4
TRACE 20 A8_OUTPUT 168 1
TRACE 20 BF16_OUTPUT 168 3d2f
TRACE 20 A8_OUTPUT 169 -3
TRACE 20 BF16_OUTPUT 169 bdd3
TRACE 20 A8_OUTPUT 170 0
TRACE 20 BF16_OUTPUT 170 bc91
TRACE 20 A8_OUTPUT 171 5
TRACE 20 BF16_OUTPUT 171 3e53
TRACE 20 A8_OUTPUT 172 11
TRACE 20 BF16_OUTPUT 172 3edc
TRACE 20 A8_OUTPUT 173 -87
TRACE 20 BF16_OUTPUT 173 c061
TRACE 20 A8_OUTPUT 174 103
TRACE 20 BF16_OUTPUT 174 4086
TRACE 20 A8_OUTPUT 175 -7
TRACE 20 BF16_OUTPUT 175 be98
TRACE 20 A8_OUTPUT 176 -68
TRACE 20 BF16_OUTPUT 176 c031
TRACE 20 A8_OUTPUT 177 50
TRACE 20 BF16_OUTPUT 177 4003
TRACE 20 A8_OUTPUT 178 0
TRACE 20 BF16_OUTPUT 178 bc38
TRACE 20 A8_OUTPUT 179 -15
TRACE 20 BF16_OUTPUT 179 bf20
TRACE 20 A8_OUTPUT 180 11
TRACE 20 BF16_OUTPUT 180 3ee0
TRACE 20 A8_OUTPUT 181 -4
TRACE 20 BF16_OUTPUT 181 be2c
TRACE 20 A8_OUTPUT 182 20
TRACE 20 BF16_OUTPUT 182 3f50
TRACE 20 A8_OUTPUT 183 -18
TRACE 20 BF16_OUTPUT 183 bf40
TRACE 20 A8_OUTPUT 184 -23
TRACE 20 BF16_OUTPUT 184 bf6f
TRACE 20 A8_OUTPUT 185 -15
TRACE 20 BF16_OUTPUT 185 bf20
TRACE 20 A8_OUTPUT 186 6
TRACE 20 BF16_OUTPUT 186 3e85
TRACE 20 A8_OUTPUT 187 -22
TRACE 20 BF16_OUTPUT 187 bf65
TRACE 20 A8_OUTPUT 188 12
TRACE 20 BF16_OUTPUT 188 3efa
TRACE 20 A8_OUTPUT 189 -25
TRACE 20 BF16_OUTPUT 189 bf83
TRACE 20 A8_OUTPUT 190 8
TRACE 20 BF16_OUTPUT 190 3eab
TRACE 20 A8_OUTPUT 191 3
TRACE 20 BF16_OUTPUT 191 3de3
TRACE 21 INPUT_ACCEPT 3 0
TRACE 22 BF16_GROUP_ISSUE 3 0
TRACE 23 BF16_GROUP_ISSUE 3 1
TRACE 23 BF16_VALUE 192 3f17
TRACE 23 BF16_VALUE 193 be87
TRACE 23 BF16_VALUE 194 3e02
TRACE 23 BF16_VALUE 195 be81
TRACE 23 BF16_VALUE 196 bf3f
TRACE 23 BF16_VALUE 197 3f49
TRACE 23 BF16_VALUE 198 3f1a
TRACE 23 BF16_VALUE 199 bee1
TRACE 23 BF16_VALUE 200 be44
TRACE 23 BF16_VALUE 201 3e69
TRACE 23 BF16_VALUE 202 3f8d
TRACE 23 BF16_VALUE 203 3f5c
TRACE 23 BF16_VALUE 204 3f1f
TRACE 23 BF16_VALUE 205 3f30
TRACE 23 BF16_VALUE 206 bf29
TRACE 23 BF16_VALUE 207 bf85
TRACE 24 BF16_GROUP_ISSUE 3 2
TRACE 24 BF16_VALUE 208 bf89
TRACE 24 BF16_VALUE 209 3f8c
TRACE 24 BF16_VALUE 210 be7c
TRACE 24 BF16_VALUE 211 3ea7
TRACE 24 BF16_VALUE 212 bf0f
TRACE 24 BF16_VALUE 213 3ed7
TRACE 24 BF16_VALUE 214 bf90
TRACE 24 BF16_VALUE 215 3f5d
TRACE 24 BF16_VALUE 216 c00d
TRACE 24 BF16_VALUE 217 3fc0
TRACE 24 BF16_VALUE 218 3e54
TRACE 24 BF16_VALUE 219 3fb3
TRACE 24 BF16_VALUE 220 3f99
TRACE 24 BF16_VALUE 221 3ece
TRACE 24 BF16_VALUE 222 3fd0
TRACE 24 BF16_VALUE 223 bf68
TRACE 25 BF16_GROUP_ISSUE 3 3
TRACE 25 BF16_VALUE 224 4011
TRACE 25 BF16_VALUE 225 bf04
TRACE 25 BF16_VALUE 226 3e84
TRACE 25 BF16_VALUE 227 3fd0
TRACE 25 BF16_VALUE 228 be8d
TRACE 25 BF16_VALUE 229 bf16
TRACE 25 BF16_VALUE 230 3e9e
TRACE 25 BF16_VALUE 231 bd99
TRACE 25 BF16_VALUE 232 be11
TRACE 25 BF16_VALUE 233 be10
TRACE 25 BF16_VALUE 234 bd86
TRACE 25 BF16_VALUE 235 b95b
TRACE 25 BF16_VALUE 236 3ff4
TRACE 25 BF16_VALUE 237 3e4b
TRACE 25 BF16_VALUE 238 3e0a
TRACE 25 BF16_VALUE 239 4062
TRACE 26 BF16_VALUE 240 bf2b
TRACE 26 BF16_VALUE 241 3f4c
TRACE 26 BF16_VALUE 242 3e84
TRACE 26 BF16_VALUE 243 beef
TRACE 26 BF16_VALUE 244 bfc7
TRACE 26 BF16_VALUE 245 3f66
TRACE 26 BF16_VALUE 246 bf17
TRACE 26 BF16_VALUE 247 bed7
TRACE 26 BF16_VALUE 248 bed6
TRACE 26 BF16_VALUE 249 bf45
TRACE 26 BF16_VALUE 250 beca
TRACE 26 BF16_VALUE 251 bf58
TRACE 26 BF16_VALUE 252 bf86
TRACE 26 BF16_VALUE 253 be81
TRACE 26 BF16_VALUE 254 bf58
TRACE 26 BF16_VALUE 255 bf7e
TRACE 27 A8_OUTPUT 192 15
TRACE 27 BF16_OUTPUT 192 3f17
TRACE 27 A8_OUTPUT 193 -6
TRACE 27 BF16_OUTPUT 193 be87
TRACE 27 A8_OUTPUT 194 3
TRACE 27 BF16_OUTPUT 194 3e02
TRACE 27 A8_OUTPUT 195 -6
TRACE 27 BF16_OUTPUT 195 be81
TRACE 27 A8_OUTPUT 196 -18
TRACE 27 BF16_OUTPUT 196 bf3f
TRACE 27 A8_OUTPUT 197 19
TRACE 27 BF16_OUTPUT 197 3f49
TRACE 27 A8_OUTPUT 198 15
TRACE 27 BF16_OUTPUT 198 3f1a
TRACE 27 A8_OUTPUT 199 -11
TRACE 27 BF16_OUTPUT 199 bee1
TRACE 27 A8_OUTPUT 200 -5
TRACE 27 BF16_OUTPUT 200 be44
TRACE 27 A8_OUTPUT 201 6
TRACE 27 BF16_OUTPUT 201 3e69
TRACE 27 A8_OUTPUT 202 27
TRACE 27 BF16_OUTPUT 202 3f8d
TRACE 27 A8_OUTPUT 203 21
TRACE 27 BF16_OUTPUT 203 3f5c
TRACE 27 A8_OUTPUT 204 15
TRACE 27 BF16_OUTPUT 204 3f1f
TRACE 27 A8_OUTPUT 205 17
TRACE 27 BF16_OUTPUT 205 3f30
TRACE 27 A8_OUTPUT 206 -16
TRACE 27 BF16_OUTPUT 206 bf29
TRACE 27 A8_OUTPUT 207 -26
TRACE 27 BF16_OUTPUT 207 bf85
TRACE 27 A8_OUTPUT 208 -26
TRACE 27 BF16_OUTPUT 208 bf89
TRACE 27 A8_OUTPUT 209 27
TRACE 27 BF16_OUTPUT 209 3f8c
TRACE 27 A8_OUTPUT 210 -6
TRACE 27 BF16_OUTPUT 210 be7c
TRACE 27 A8_OUTPUT 211 8
TRACE 27 BF16_OUTPUT 211 3ea7
TRACE 27 A8_OUTPUT 212 -14
TRACE 27 BF16_OUTPUT 212 bf0f
TRACE 27 A8_OUTPUT 213 10
TRACE 27 BF16_OUTPUT 213 3ed7
TRACE 27 A8_OUTPUT 214 -28
TRACE 27 BF16_OUTPUT 214 bf90
TRACE 27 A8_OUTPUT 215 21
TRACE 27 BF16_OUTPUT 215 3f5d
TRACE 27 A8_OUTPUT 216 -54
TRACE 27 BF16_OUTPUT 216 c00d
TRACE 27 A8_OUTPUT 217 37
TRACE 27 BF16_OUTPUT 217 3fc0
TRACE 27 A8_OUTPUT 218 5
TRACE 27 BF16_OUTPUT 218 3e54
TRACE 27 A8_OUTPUT 219 34
TRACE 27 BF16_OUTPUT 219 3fb3
TRACE 27 A8_OUTPUT 220 29
TRACE 27 BF16_OUTPUT 220 3f99
TRACE 27 A8_OUTPUT 221 10
TRACE 27 BF16_OUTPUT 221 3ece
TRACE 27 A8_OUTPUT 222 40
TRACE 27 BF16_OUTPUT 222 3fd0
TRACE 27 A8_OUTPUT 223 -22
TRACE 27 BF16_OUTPUT 223 bf68
TRACE 27 A8_OUTPUT 224 56
TRACE 27 BF16_OUTPUT 224 4011
TRACE 27 A8_OUTPUT 225 -13
TRACE 27 BF16_OUTPUT 225 bf04
TRACE 27 A8_OUTPUT 226 6
TRACE 27 BF16_OUTPUT 226 3e84
TRACE 27 A8_OUTPUT 227 40
TRACE 27 BF16_OUTPUT 227 3fd0
TRACE 27 A8_OUTPUT 228 -7
TRACE 27 BF16_OUTPUT 228 be8d
TRACE 27 A8_OUTPUT 229 -14
TRACE 27 BF16_OUTPUT 229 bf16
TRACE 27 A8_OUTPUT 230 8
TRACE 27 BF16_OUTPUT 230 3e9e
TRACE 27 A8_OUTPUT 231 -2
TRACE 27 BF16_OUTPUT 231 bd99
TRACE 27 A8_OUTPUT 232 -3
TRACE 27 BF16_OUTPUT 232 be11
TRACE 27 A8_OUTPUT 233 -3
TRACE 27 BF16_OUTPUT 233 be10
TRACE 27 A8_OUTPUT 234 -2
TRACE 27 BF16_OUTPUT 234 bd86
TRACE 27 A8_OUTPUT 235 0
TRACE 27 BF16_OUTPUT 235 b95b
TRACE 27 A8_OUTPUT 236 47
TRACE 27 BF16_OUTPUT 236 3ff4
TRACE 27 A8_OUTPUT 237 5
TRACE 27 BF16_OUTPUT 237 3e4b
TRACE 27 A8_OUTPUT 238 3
TRACE 27 BF16_OUTPUT 238 3e0a
TRACE 27 A8_OUTPUT 239 87
TRACE 27 BF16_OUTPUT 239 4062
TRACE 27 A8_OUTPUT 240 -17
TRACE 27 BF16_OUTPUT 240 bf2b
TRACE 27 A8_OUTPUT 241 20
TRACE 27 BF16_OUTPUT 241 3f4c
TRACE 27 A8_OUTPUT 242 6
TRACE 27 BF16_OUTPUT 242 3e84
TRACE 27 A8_OUTPUT 243 -12
TRACE 27 BF16_OUTPUT 243 beef
TRACE 27 A8_OUTPUT 244 -38
TRACE 27 BF16_OUTPUT 244 bfc7
TRACE 27 A8_OUTPUT 245 22
TRACE 27 BF16_OUTPUT 245 3f66
TRACE 27 A8_OUTPUT 246 -15
TRACE 27 BF16_OUTPUT 246 bf17
TRACE 27 A8_OUTPUT 247 -10
TRACE 27 BF16_OUTPUT 247 bed7
TRACE 27 A8_OUTPUT 248 -10
TRACE 27 BF16_OUTPUT 248 bed6
TRACE 27 A8_OUTPUT 249 -19
TRACE 27 BF16_OUTPUT 249 bf45
TRACE 27 A8_OUTPUT 250 -10
TRACE 27 BF16_OUTPUT 250 beca
TRACE 27 A8_OUTPUT 251 -21
TRACE 27 BF16_OUTPUT 251 bf58
TRACE 27 A8_OUTPUT 252 -26
TRACE 27 BF16_OUTPUT 252 bf86
TRACE 27 A8_OUTPUT 253 -6
TRACE 27 BF16_OUTPUT 253 be81
TRACE 27 A8_OUTPUT 254 -21
TRACE 27 BF16_OUTPUT 254 bf58
TRACE 27 A8_OUTPUT 255 -24
TRACE 27 BF16_OUTPUT 255 bf7e
TRACE 28 INPUT_ACCEPT 4 0
TRACE 29 BF16_GROUP_ISSUE 4 0
TRACE 30 BF16_GROUP_ISSUE 4 1
TRACE 30 BF16_VALUE 256 3fe4
TRACE 30 BF16_VALUE 257 bf9f
TRACE 30 BF16_VALUE 258 bd0e
TRACE 30 BF16_VALUE 259 bf89
TRACE 30 BF16_VALUE 260 3fda
TRACE 30 BF16_VALUE 261 bf2e
TRACE 30 BF16_VALUE 262 bfa9
TRACE 30 BF16_VALUE 263 be5e
TRACE 30 BF16_VALUE 264 beda
TRACE 30 BF16_VALUE 265 3f01
TRACE 30 BF16_VALUE 266 3df7
TRACE 30 BF16_VALUE 267 bf96
TRACE 30 BF16_VALUE 268 bfc9
TRACE 30 BF16_VALUE 269 3f34
TRACE 30 BF16_VALUE 270 3e36
TRACE 30 BF16_VALUE 271 be57
TRACE 31 BF16_GROUP_ISSUE 4 2
TRACE 31 BF16_VALUE 272 3e9d
TRACE 31 BF16_VALUE 273 3e78
TRACE 31 BF16_VALUE 274 3ea4
TRACE 31 BF16_VALUE 275 3e4a
TRACE 31 BF16_VALUE 276 beba
TRACE 31 BF16_VALUE 277 3f1e
TRACE 31 BF16_VALUE 278 3ef2
TRACE 31 BF16_VALUE 279 bec5
TRACE 31 BF16_VALUE 280 3ed4
TRACE 31 BF16_VALUE 281 bf2d
TRACE 31 BF16_VALUE 282 bb26
TRACE 31 BF16_VALUE 283 3f25
TRACE 31 BF16_VALUE 284 bec3
TRACE 31 BF16_VALUE 285 bef8
TRACE 31 BF16_VALUE 286 bda8
TRACE 31 BF16_VALUE 287 bc8d
TRACE 32 BF16_GROUP_ISSUE 4 3
TRACE 32 BF16_VALUE 288 be05
TRACE 32 BF16_VALUE 289 3eb9
TRACE 32 BF16_VALUE 290 3ea5
TRACE 32 BF16_VALUE 291 3f65
TRACE 32 BF16_VALUE 292 3e8a
TRACE 32 BF16_VALUE 293 bed8
TRACE 32 BF16_VALUE 294 3edf
TRACE 32 BF16_VALUE 295 3eb1
TRACE 32 BF16_VALUE 296 3de2
TRACE 32 BF16_VALUE 297 be6e
TRACE 32 BF16_VALUE 298 bf2e
TRACE 32 BF16_VALUE 299 bd8d
TRACE 32 BF16_VALUE 300 bb3b
TRACE 32 BF16_VALUE 301 3cad
TRACE 32 BF16_VALUE 302 bec7
TRACE 32 BF16_VALUE 303 bf91
TRACE 33 BF16_VALUE 304 3e99
TRACE 33 BF16_VALUE 305 be85
TRACE 33 BF16_VALUE 306 3e43
TRACE 33 BF16_VALUE 307 3eb1
TRACE 33 BF16_VALUE 308 3f16
TRACE 33 BF16_VALUE 309 bf40
TRACE 33 BF16_VALUE 310 bfaa
TRACE 33 BF16_VALUE 311 3da5
TRACE 33 BF16_VALUE 312 bd3d
TRACE 33 BF16_VALUE 313 3ecf
TRACE 33 BF16_VALUE 314 3ebe
TRACE 33 BF16_VALUE 315 bea5
TRACE 33 BF16_VALUE 316 beeb
TRACE 33 BF16_VALUE 317 3d7a
TRACE 33 BF16_VALUE 318 3df6
TRACE 33 BF16_VALUE 319 be88
TRACE 34 A8_OUTPUT 256 44
TRACE 34 BF16_OUTPUT 256 3fe4
TRACE 34 A8_OUTPUT 257 -31
TRACE 34 BF16_OUTPUT 257 bf9f
TRACE 34 A8_OUTPUT 258 -1
TRACE 34 BF16_OUTPUT 258 bd0e
TRACE 34 A8_OUTPUT 259 -26
TRACE 34 BF16_OUTPUT 259 bf89
TRACE 34 A8_OUTPUT 260 42
TRACE 34 BF16_OUTPUT 260 3fda
TRACE 34 A8_OUTPUT 261 -17
TRACE 34 BF16_OUTPUT 261 bf2e
TRACE 34 A8_OUTPUT 262 -33
TRACE 34 BF16_OUTPUT 262 bfa9
TRACE 34 A8_OUTPUT 263 -5
TRACE 34 BF16_OUTPUT 263 be5e
TRACE 34 A8_OUTPUT 264 -10
TRACE 34 BF16_OUTPUT 264 beda
TRACE 34 A8_OUTPUT 265 12
TRACE 34 BF16_OUTPUT 265 3f01
TRACE 34 A8_OUTPUT 266 3
TRACE 34 BF16_OUTPUT 266 3df7
TRACE 34 A8_OUTPUT 267 -29
TRACE 34 BF16_OUTPUT 267 bf96
TRACE 34 A8_OUTPUT 268 -39
TRACE 34 BF16_OUTPUT 268 bfc9
TRACE 34 A8_OUTPUT 269 17
TRACE 34 BF16_OUTPUT 269 3f34
TRACE 34 A8_OUTPUT 270 4
TRACE 34 BF16_OUTPUT 270 3e36
TRACE 34 A8_OUTPUT 271 -5
TRACE 34 BF16_OUTPUT 271 be57
TRACE 34 A8_OUTPUT 272 8
TRACE 34 BF16_OUTPUT 272 3e9d
TRACE 34 A8_OUTPUT 273 6
TRACE 34 BF16_OUTPUT 273 3e78
TRACE 34 A8_OUTPUT 274 8
TRACE 34 BF16_OUTPUT 274 3ea4
TRACE 34 A8_OUTPUT 275 5
TRACE 34 BF16_OUTPUT 275 3e4a
TRACE 34 A8_OUTPUT 276 -9
TRACE 34 BF16_OUTPUT 276 beba
TRACE 34 A8_OUTPUT 277 15
TRACE 34 BF16_OUTPUT 277 3f1e
TRACE 34 A8_OUTPUT 278 12
TRACE 34 BF16_OUTPUT 278 3ef2
TRACE 34 A8_OUTPUT 279 -9
TRACE 34 BF16_OUTPUT 279 bec5
TRACE 34 A8_OUTPUT 280 10
TRACE 34 BF16_OUTPUT 280 3ed4
TRACE 34 A8_OUTPUT 281 -17
TRACE 34 BF16_OUTPUT 281 bf2d
TRACE 34 A8_OUTPUT 282 0
TRACE 34 BF16_OUTPUT 282 bb26
TRACE 34 A8_OUTPUT 283 16
TRACE 34 BF16_OUTPUT 283 3f25
TRACE 34 A8_OUTPUT 284 -9
TRACE 34 BF16_OUTPUT 284 bec3
TRACE 34 A8_OUTPUT 285 -12
TRACE 34 BF16_OUTPUT 285 bef8
TRACE 34 A8_OUTPUT 286 -2
TRACE 34 BF16_OUTPUT 286 bda8
TRACE 34 A8_OUTPUT 287 0
TRACE 34 BF16_OUTPUT 287 bc8d
TRACE 34 A8_OUTPUT 288 -3
TRACE 34 BF16_OUTPUT 288 be05
TRACE 34 A8_OUTPUT 289 9
TRACE 34 BF16_OUTPUT 289 3eb9
TRACE 34 A8_OUTPUT 290 8
TRACE 34 BF16_OUTPUT 290 3ea5
TRACE 34 A8_OUTPUT 291 22
TRACE 34 BF16_OUTPUT 291 3f65
TRACE 34 A8_OUTPUT 292 7
TRACE 34 BF16_OUTPUT 292 3e8a
TRACE 34 A8_OUTPUT 293 -10
TRACE 34 BF16_OUTPUT 293 bed8
TRACE 34 A8_OUTPUT 294 11
TRACE 34 BF16_OUTPUT 294 3edf
TRACE 34 A8_OUTPUT 295 9
TRACE 34 BF16_OUTPUT 295 3eb1
TRACE 34 A8_OUTPUT 296 3
TRACE 34 BF16_OUTPUT 296 3de2
TRACE 34 A8_OUTPUT 297 -6
TRACE 34 BF16_OUTPUT 297 be6e
TRACE 34 A8_OUTPUT 298 -17
TRACE 34 BF16_OUTPUT 298 bf2e
TRACE 34 A8_OUTPUT 299 -2
TRACE 34 BF16_OUTPUT 299 bd8d
TRACE 34 A8_OUTPUT 300 0
TRACE 34 BF16_OUTPUT 300 bb3b
TRACE 34 A8_OUTPUT 301 1
TRACE 34 BF16_OUTPUT 301 3cad
TRACE 34 A8_OUTPUT 302 -10
TRACE 34 BF16_OUTPUT 302 bec7
TRACE 34 A8_OUTPUT 303 -28
TRACE 34 BF16_OUTPUT 303 bf91
TRACE 34 A8_OUTPUT 304 7
TRACE 34 BF16_OUTPUT 304 3e99
TRACE 34 A8_OUTPUT 305 -6
TRACE 34 BF16_OUTPUT 305 be85
TRACE 34 A8_OUTPUT 306 5
TRACE 34 BF16_OUTPUT 306 3e43
TRACE 34 A8_OUTPUT 307 9
TRACE 34 BF16_OUTPUT 307 3eb1
TRACE 34 A8_OUTPUT 308 14
TRACE 34 BF16_OUTPUT 308 3f16
TRACE 34 A8_OUTPUT 309 -19
TRACE 34 BF16_OUTPUT 309 bf40
TRACE 34 A8_OUTPUT 310 -33
TRACE 34 BF16_OUTPUT 310 bfaa
TRACE 34 A8_OUTPUT 311 2
TRACE 34 BF16_OUTPUT 311 3da5
TRACE 34 A8_OUTPUT 312 -1
TRACE 34 BF16_OUTPUT 312 bd3d
TRACE 34 A8_OUTPUT 313 10
TRACE 34 BF16_OUTPUT 313 3ecf
TRACE 34 A8_OUTPUT 314 9
TRACE 34 BF16_OUTPUT 314 3ebe
TRACE 34 A8_OUTPUT 315 -8
TRACE 34 BF16_OUTPUT 315 bea5
TRACE 34 A8_OUTPUT 316 -11
TRACE 34 BF16_OUTPUT 316 beeb
TRACE 34 A8_OUTPUT 317 2
TRACE 34 BF16_OUTPUT 317 3d7a
TRACE 34 A8_OUTPUT 318 3
TRACE 34 BF16_OUTPUT 318 3df6
TRACE 34 A8_OUTPUT 319 -7
TRACE 34 BF16_OUTPUT 319 be88
TRACE 35 INPUT_ACCEPT 5 0
TRACE 36 BF16_GROUP_ISSUE 5 0
TRACE 37 BF16_GROUP_ISSUE 5 1
TRACE 37 BF16_VALUE 320 3f3a
TRACE 37 BF16_VALUE 321 3d87
TRACE 37 BF16_VALUE 322 3fc7
TRACE 37 BF16_VALUE 323 3edf
TRACE 37 BF16_VALUE 324 bf34
TRACE 37 BF16_VALUE 325 bf4a
TRACE 37 BF16_VALUE 326 3f14
TRACE 37 BF16_VALUE 327 bfcd
TRACE 37 BF16_VALUE 328 bf92
TRACE 37 BF16_VALUE 329 3fc4
TRACE 37 BF16_VALUE 330 bf30
TRACE 37 BF16_VALUE 331 3eb4
TRACE 37 BF16_VALUE 332 3f3e
TRACE 37 BF16_VALUE 333 3f21
TRACE 37 BF16_VALUE 334 be13
TRACE 37 BF16_VALUE 335 bf3a
TRACE 38 BF16_GROUP_ISSUE 5 2
TRACE 38 BF16_VALUE 336 3ef7
TRACE 38 BF16_VALUE 337 be26
TRACE 38 BF16_VALUE 338 bf3d
TRACE 38 BF16_VALUE 339 3f64
TRACE 38 BF16_VALUE 340 be02
TRACE 38 BF16_VALUE 341 bdfc
TRACE 38 BF16_VALUE 342 3f95
TRACE 38 BF16_VALUE 343 3d0a
TRACE 38 BF16_VALUE 344 3d58
TRACE 38 BF16_VALUE 345 be74
TRACE 38 BF16_VALUE 346 3ea6
TRACE 38 BF16_VALUE 347 be59
TRACE 38 BF16_VALUE 348 be36
TRACE 38 BF16_VALUE 349 3f0c
TRACE 38 BF16_VALUE 350 3ea8
TRACE 38 BF16_VALUE 351 3de8
TRACE 39 BF16_GROUP_ISSUE 5 3
TRACE 39 BF16_VALUE 352 bf25
TRACE 39 BF16_VALUE 353 3dc8
TRACE 39 BF16_VALUE 354 3f18
TRACE 39 BF16_VALUE 355 be63
TRACE 39 BF16_VALUE 356 3e3b
TRACE 39 BF16_VALUE 357 beb6
TRACE 39 BF16_VALUE 358 3e85
TRACE 39 BF16_VALUE 359 be85
TRACE 39 BF16_VALUE 360 3f2b
TRACE 39 BF16_VALUE 361 3f2d
TRACE 39 BF16_VALUE 362 bd69
TRACE 39 BF16_VALUE 363 c008
TRACE 39 BF16_VALUE 364 bf0b
TRACE 39 BF16_VALUE 365 3de2
TRACE 39 BF16_VALUE 366 3f40
TRACE 39 BF16_VALUE 367 bf23
TRACE 40 BF16_VALUE 368 bea0
TRACE 40 BF16_VALUE 369 3fe1
TRACE 40 BF16_VALUE 370 bf93
TRACE 40 BF16_VALUE 371 bef4
TRACE 40 BF16_VALUE 372 bdb4
TRACE 40 BF16_VALUE 373 be35
TRACE 40 BF16_VALUE 374 bf14
TRACE 40 BF16_VALUE 375 3f0a
TRACE 40 BF16_VALUE 376 3e98
TRACE 40 BF16_VALUE 377 be81
TRACE 40 BF16_VALUE 378 bf25
TRACE 40 BF16_VALUE 379 3f30
TRACE 40 BF16_VALUE 380 3f91
TRACE 40 BF16_VALUE 381 be85
TRACE 40 BF16_VALUE 382 3cba
TRACE 40 BF16_VALUE 383 3f27
TRACE 41 A8_OUTPUT 320 18
TRACE 41 BF16_OUTPUT 320 3f3a
TRACE 41 A8_OUTPUT 321 2
TRACE 41 BF16_OUTPUT 321 3d87
TRACE 41 A8_OUTPUT 322 38
TRACE 41 BF16_OUTPUT 322 3fc7
TRACE 41 A8_OUTPUT 323 11
TRACE 41 BF16_OUTPUT 323 3edf
TRACE 41 A8_OUTPUT 324 -17
TRACE 41 BF16_OUTPUT 324 bf34
TRACE 41 A8_OUTPUT 325 -19
TRACE 41 BF16_OUTPUT 325 bf4a
TRACE 41 A8_OUTPUT 326 14
TRACE 41 BF16_OUTPUT 326 3f14
TRACE 41 A8_OUTPUT 327 -39
TRACE 41 BF16_OUTPUT 327 bfcd
TRACE 41 A8_OUTPUT 328 -28
TRACE 41 BF16_OUTPUT 328 bf92
TRACE 41 A8_OUTPUT 329 38
TRACE 41 BF16_OUTPUT 329 3fc4
TRACE 41 A8_OUTPUT 330 -17
TRACE 41 BF16_OUTPUT 330 bf30
TRACE 41 A8_OUTPUT 331 9
TRACE 41 BF16_OUTPUT 331 3eb4
TRACE 41 A8_OUTPUT 332 18
TRACE 41 BF16_OUTPUT 332 3f3e
TRACE 41 A8_OUTPUT 333 16
TRACE 41 BF16_OUTPUT 333 3f21
TRACE 41 A8_OUTPUT 334 -4
TRACE 41 BF16_OUTPUT 334 be13
TRACE 41 A8_OUTPUT 335 -18
TRACE 41 BF16_OUTPUT 335 bf3a
TRACE 41 A8_OUTPUT 336 12
TRACE 41 BF16_OUTPUT 336 3ef7
TRACE 41 A8_OUTPUT 337 -4
TRACE 41 BF16_OUTPUT 337 be26
TRACE 41 A8_OUTPUT 338 -18
TRACE 41 BF16_OUTPUT 338 bf3d
TRACE 41 A8_OUTPUT 339 22
TRACE 41 BF16_OUTPUT 339 3f64
TRACE 41 A8_OUTPUT 340 -3
TRACE 41 BF16_OUTPUT 340 be02
TRACE 41 A8_OUTPUT 341 -3
TRACE 41 BF16_OUTPUT 341 bdfc
TRACE 41 A8_OUTPUT 342 29
TRACE 41 BF16_OUTPUT 342 3f95
TRACE 41 A8_OUTPUT 343 1
TRACE 41 BF16_OUTPUT 343 3d0a
TRACE 41 A8_OUTPUT 344 1
TRACE 41 BF16_OUTPUT 344 3d58
TRACE 41 A8_OUTPUT 345 -6
TRACE 41 BF16_OUTPUT 345 be74
TRACE 41 A8_OUTPUT 346 8
TRACE 41 BF16_OUTPUT 346 3ea6
TRACE 41 A8_OUTPUT 347 -5
TRACE 41 BF16_OUTPUT 347 be59
TRACE 41 A8_OUTPUT 348 -4
TRACE 41 BF16_OUTPUT 348 be36
TRACE 41 A8_OUTPUT 349 13
TRACE 41 BF16_OUTPUT 349 3f0c
TRACE 41 A8_OUTPUT 350 8
TRACE 41 BF16_OUTPUT 350 3ea8
TRACE 41 A8_OUTPUT 351 3
TRACE 41 BF16_OUTPUT 351 3de8
TRACE 41 A8_OUTPUT 352 -16
TRACE 41 BF16_OUTPUT 352 bf25
TRACE 41 A8_OUTPUT 353 2
TRACE 41 BF16_OUTPUT 353 3dc8
TRACE 41 A8_OUTPUT 354 15
TRACE 41 BF16_OUTPUT 354 3f18
TRACE 41 A8_OUTPUT 355 -5
TRACE 41 BF16_OUTPUT 355 be63
TRACE 41 A8_OUTPUT 356 5
TRACE 41 BF16_OUTPUT 356 3e3b
TRACE 41 A8_OUTPUT 357 -9
TRACE 41 BF16_OUTPUT 357 beb6
TRACE 41 A8_OUTPUT 358 6
TRACE 41 BF16_OUTPUT 358 3e85
TRACE 41 A8_OUTPUT 359 -6
TRACE 41 BF16_OUTPUT 359 be85
TRACE 41 A8_OUTPUT 360 16
TRACE 41 BF16_OUTPUT 360 3f2b
TRACE 41 A8_OUTPUT 361 17
TRACE 41 BF16_OUTPUT 361 3f2d
TRACE 41 A8_OUTPUT 362 -1
TRACE 41 BF16_OUTPUT 362 bd69
TRACE 41 A8_OUTPUT 363 -52
TRACE 41 BF16_OUTPUT 363 c008
TRACE 41 A8_OUTPUT 364 -13
TRACE 41 BF16_OUTPUT 364 bf0b
TRACE 41 A8_OUTPUT 365 3
TRACE 41 BF16_OUTPUT 365 3de2
TRACE 41 A8_OUTPUT 366 19
TRACE 41 BF16_OUTPUT 366 3f40
TRACE 41 A8_OUTPUT 367 -16
TRACE 41 BF16_OUTPUT 367 bf23
TRACE 41 A8_OUTPUT 368 -8
TRACE 41 BF16_OUTPUT 368 bea0
TRACE 41 A8_OUTPUT 369 43
TRACE 41 BF16_OUTPUT 369 3fe1
TRACE 41 A8_OUTPUT 370 -28
TRACE 41 BF16_OUTPUT 370 bf93
TRACE 41 A8_OUTPUT 371 -12
TRACE 41 BF16_OUTPUT 371 bef4
TRACE 41 A8_OUTPUT 372 -2
TRACE 41 BF16_OUTPUT 372 bdb4
TRACE 41 A8_OUTPUT 373 -4
TRACE 41 BF16_OUTPUT 373 be35
TRACE 41 A8_OUTPUT 374 -14
TRACE 41 BF16_OUTPUT 374 bf14
TRACE 41 A8_OUTPUT 375 13
TRACE 41 BF16_OUTPUT 375 3f0a
TRACE 41 A8_OUTPUT 376 7
TRACE 41 BF16_OUTPUT 376 3e98
TRACE 41 A8_OUTPUT 377 -6
TRACE 41 BF16_OUTPUT 377 be81
TRACE 41 A8_OUTPUT 378 -16
TRACE 41 BF16_OUTPUT 378 bf25
TRACE 41 A8_OUTPUT 379 17
TRACE 41 BF16_OUTPUT 379 3f30
TRACE 41 A8_OUTPUT 380 28
TRACE 41 BF16_OUTPUT 380 3f91
TRACE 41 A8_OUTPUT 381 -6
TRACE 41 BF16_OUTPUT 381 be85
TRACE 41 A8_OUTPUT 382 1
TRACE 41 BF16_OUTPUT 382 3cba
TRACE 41 A8_OUTPUT 383 16
TRACE 41 BF16_OUTPUT 383 3f27
TRACE 42 INPUT_ACCEPT 6 0
TRACE 43 BF16_GROUP_ISSUE 6 0
TRACE 44 BF16_GROUP_ISSUE 6 1
TRACE 44 BF16_VALUE 384 3e4a
TRACE 44 BF16_VALUE 385 be2d
TRACE 44 BF16_VALUE 386 3ed2
TRACE 44 BF16_VALUE 387 be14
TRACE 44 BF16_VALUE 388 3f20
TRACE 44 BF16_VALUE 389 bf28
TRACE 44 BF16_VALUE 390 bf10
TRACE 44 BF16_VALUE 391 3f02
TRACE 44 BF16_VALUE 392 3dd0
TRACE 44 BF16_VALUE 393 be83
TRACE 44 BF16_VALUE 394 bf14
TRACE 44 BF16_VALUE 395 3f0d
TRACE 44 BF16_VALUE 396 3f31
TRACE 44 BF16_VALUE 397 bf4c
TRACE 44 BF16_VALUE 398 bf1b
TRACE 44 BF16_VALUE 399 3f8a
TRACE 45 BF16_GROUP_ISSUE 6 2
TRACE 45 BF16_VALUE 400 3f68
TRACE 45 BF16_VALUE 401 bf87
TRACE 45 BF16_VALUE 402 bef6
TRACE 45 BF16_VALUE 403 3fb1
TRACE 45 BF16_VALUE 404 3f9f
TRACE 45 BF16_VALUE 405 bf43
TRACE 45 BF16_VALUE 406 3f61
TRACE 45 BF16_VALUE 407 be0c
TRACE 45 BF16_VALUE 408 bf0f
TRACE 45 BF16_VALUE 409 3fef
TRACE 45 BF16_VALUE 410 3fb1
TRACE 45 BF16_VALUE 411 bfa7
TRACE 45 BF16_VALUE 412 3e87
TRACE 45 BF16_VALUE 413 bff1
TRACE 45 BF16_VALUE 414 3f96
TRACE 45 BF16_VALUE 415 c007
TRACE 46 BF16_GROUP_ISSUE 6 3
TRACE 46 BF16_VALUE 416 3e4a
TRACE 46 BF16_VALUE 417 4012
TRACE 46 BF16_VALUE 418 c028
TRACE 46 BF16_VALUE 419 be04
TRACE 46 BF16_VALUE 420 beb8
TRACE 46 BF16_VALUE 421 c059
TRACE 46 BF16_VALUE 422 bfc3
TRACE 46 BF16_VALUE 423 be6f
TRACE 46 BF16_VALUE 424 3ebc
TRACE 46 BF16_VALUE 425 be38
TRACE 46 BF16_VALUE 426 3f96
TRACE 46 BF16_VALUE 427 3dfe
TRACE 46 BF16_VALUE 428 3aed
TRACE 46 BF16_VALUE 429 bf17
TRACE 46 BF16_VALUE 430 4061
TRACE 46 BF16_VALUE 431 4056
TRACE 47 BF16_VALUE 432 bf02
TRACE 47 BF16_VALUE 433 3f32
TRACE 47 BF16_VALUE 434 c01f
TRACE 47 BF16_VALUE 435 bf78
TRACE 47 BF16_VALUE 436 bf7c
TRACE 47 BF16_VALUE 437 bf7f
TRACE 47 BF16_VALUE 438 bfef
TRACE 47 BF16_VALUE 439 4001
TRACE 47 BF16_VALUE 440 bf93
TRACE 47 BF16_VALUE 441 3f86
TRACE 47 BF16_VALUE 442 3fb4
TRACE 47 BF16_VALUE 443 bf98
TRACE 47 BF16_VALUE 444 3fbf
TRACE 47 BF16_VALUE 445 3fae
TRACE 47 BF16_VALUE 446 bfc8
TRACE 47 BF16_VALUE 447 bfa8
TRACE 48 A8_OUTPUT 384 5
TRACE 48 BF16_OUTPUT 384 3e4a
TRACE 48 A8_OUTPUT 385 -4
TRACE 48 BF16_OUTPUT 385 be2d
TRACE 48 A8_OUTPUT 386 10
TRACE 48 BF16_OUTPUT 386 3ed2
TRACE 48 A8_OUTPUT 387 -4
TRACE 48 BF16_OUTPUT 387 be14
TRACE 48 A8_OUTPUT 388 15
TRACE 48 BF16_OUTPUT 388 3f20
TRACE 48 A8_OUTPUT 389 -16
TRACE 48 BF16_OUTPUT 389 bf28
TRACE 48 A8_OUTPUT 390 -14
TRACE 48 BF16_OUTPUT 390 bf10
TRACE 48 A8_OUTPUT 391 13
TRACE 48 BF16_OUTPUT 391 3f02
TRACE 48 A8_OUTPUT 392 3
TRACE 48 BF16_OUTPUT 392 3dd0
TRACE 48 A8_OUTPUT 393 -6
TRACE 48 BF16_OUTPUT 393 be83
TRACE 48 A8_OUTPUT 394 -14
TRACE 48 BF16_OUTPUT 394 bf14
TRACE 48 A8_OUTPUT 395 14
TRACE 48 BF16_OUTPUT 395 3f0d
TRACE 48 A8_OUTPUT 396 17
TRACE 48 BF16_OUTPUT 396 3f31
TRACE 48 A8_OUTPUT 397 -20
TRACE 48 BF16_OUTPUT 397 bf4c
TRACE 48 A8_OUTPUT 398 -15
TRACE 48 BF16_OUTPUT 398 bf1b
TRACE 48 A8_OUTPUT 399 27
TRACE 48 BF16_OUTPUT 399 3f8a
TRACE 48 A8_OUTPUT 400 22
TRACE 48 BF16_OUTPUT 400 3f68
TRACE 48 A8_OUTPUT 401 -26
TRACE 48 BF16_OUTPUT 401 bf87
TRACE 48 A8_OUTPUT 402 -12
TRACE 48 BF16_OUTPUT 402 bef6
TRACE 48 A8_OUTPUT 403 34
TRACE 48 BF16_OUTPUT 403 3fb1
TRACE 48 A8_OUTPUT 404 31
TRACE 48 BF16_OUTPUT 404 3f9f
TRACE 48 A8_OUTPUT 405 -19
TRACE 48 BF16_OUTPUT 405 bf43
TRACE 48 A8_OUTPUT 406 22
TRACE 48 BF16_OUTPUT 406 3f61
TRACE 48 A8_OUTPUT 407 -3
TRACE 48 BF16_OUTPUT 407 be0c
TRACE 48 A8_OUTPUT 408 -14
TRACE 48 BF16_OUTPUT 408 bf0f
TRACE 48 A8_OUTPUT 409 46
TRACE 48 BF16_OUTPUT 409 3fef
TRACE 48 A8_OUTPUT 410 34
TRACE 48 BF16_OUTPUT 410 3fb1
TRACE 48 A8_OUTPUT 411 -32
TRACE 48 BF16_OUTPUT 411 bfa7
TRACE 48 A8_OUTPUT 412 7
TRACE 48 BF16_OUTPUT 412 3e87
TRACE 48 A8_OUTPUT 413 -46
TRACE 48 BF16_OUTPUT 413 bff1
TRACE 48 A8_OUTPUT 414 29
TRACE 48 BF16_OUTPUT 414 3f96
TRACE 48 A8_OUTPUT 415 -52
TRACE 48 BF16_OUTPUT 415 c007
TRACE 48 A8_OUTPUT 416 5
TRACE 48 BF16_OUTPUT 416 3e4a
TRACE 48 A8_OUTPUT 417 56
TRACE 48 BF16_OUTPUT 417 4012
TRACE 48 A8_OUTPUT 418 -65
TRACE 48 BF16_OUTPUT 418 c028
TRACE 48 A8_OUTPUT 419 -3
TRACE 48 BF16_OUTPUT 419 be04
TRACE 48 A8_OUTPUT 420 -9
TRACE 48 BF16_OUTPUT 420 beb8
TRACE 48 A8_OUTPUT 421 -84
TRACE 48 BF16_OUTPUT 421 c059
TRACE 48 A8_OUTPUT 422 -37
TRACE 48 BF16_OUTPUT 422 bfc3
TRACE 48 A8_OUTPUT 423 -6
TRACE 48 BF16_OUTPUT 423 be6f
TRACE 48 A8_OUTPUT 424 9
TRACE 48 BF16_OUTPUT 424 3ebc
TRACE 48 A8_OUTPUT 425 -4
TRACE 48 BF16_OUTPUT 425 be38
TRACE 48 A8_OUTPUT 426 29
TRACE 48 BF16_OUTPUT 426 3f96
TRACE 48 A8_OUTPUT 427 3
TRACE 48 BF16_OUTPUT 427 3dfe
TRACE 48 A8_OUTPUT 428 0
TRACE 48 BF16_OUTPUT 428 3aed
TRACE 48 A8_OUTPUT 429 -15
TRACE 48 BF16_OUTPUT 429 bf17
TRACE 48 A8_OUTPUT 430 87
TRACE 48 BF16_OUTPUT 430 4061
TRACE 48 A8_OUTPUT 431 82
TRACE 48 BF16_OUTPUT 431 4056
TRACE 48 A8_OUTPUT 432 -12
TRACE 48 BF16_OUTPUT 432 bf02
TRACE 48 A8_OUTPUT 433 17
TRACE 48 BF16_OUTPUT 433 3f32
TRACE 48 A8_OUTPUT 434 -61
TRACE 48 BF16_OUTPUT 434 c01f
TRACE 48 A8_OUTPUT 435 -24
TRACE 48 BF16_OUTPUT 435 bf78
TRACE 48 A8_OUTPUT 436 -24
TRACE 48 BF16_OUTPUT 436 bf7c
TRACE 48 A8_OUTPUT 437 -25
TRACE 48 BF16_OUTPUT 437 bf7f
TRACE 48 A8_OUTPUT 438 -46
TRACE 48 BF16_OUTPUT 438 bfef
TRACE 48 A8_OUTPUT 439 50
TRACE 48 BF16_OUTPUT 439 4001
TRACE 48 A8_OUTPUT 440 -28
TRACE 48 BF16_OUTPUT 440 bf93
TRACE 48 A8_OUTPUT 441 26
TRACE 48 BF16_OUTPUT 441 3f86
TRACE 48 A8_OUTPUT 442 35
TRACE 48 BF16_OUTPUT 442 3fb4
TRACE 48 A8_OUTPUT 443 -29
TRACE 48 BF16_OUTPUT 443 bf98
TRACE 48 A8_OUTPUT 444 37
TRACE 48 BF16_OUTPUT 444 3fbf
TRACE 48 A8_OUTPUT 445 33
TRACE 48 BF16_OUTPUT 445 3fae
TRACE 48 A8_OUTPUT 446 -39
TRACE 48 BF16_OUTPUT 446 bfc8
TRACE 48 A8_OUTPUT 447 -32
TRACE 48 BF16_OUTPUT 447 bfa8
TRACE 49 INPUT_ACCEPT 7 0
TRACE 50 BF16_GROUP_ISSUE 7 0
TRACE 51 BF16_GROUP_ISSUE 7 1
TRACE 51 BF16_VALUE 448 bf54
TRACE 51 BF16_VALUE 449 bf0e
TRACE 51 BF16_VALUE 450 be5a
TRACE 51 BF16_VALUE 451 bee1
TRACE 51 BF16_VALUE 452 bdd9
TRACE 51 BF16_VALUE 453 bdfe
TRACE 51 BF16_VALUE 454 3e17
TRACE 51 BF16_VALUE 455 3ece
TRACE 51 BF16_VALUE 456 bf1e
TRACE 51 BF16_VALUE 457 3f24
TRACE 51 BF16_VALUE 458 3f8e
TRACE 51 BF16_VALUE 459 bf40
TRACE 51 BF16_VALUE 460 3ec2
TRACE 51 BF16_VALUE 461 be7d
TRACE 51 BF16_VALUE 462 bf78
TRACE 51 BF16_VALUE 463 3f8d
TRACE 52 BF16_GROUP_ISSUE 7 2
TRACE 52 BF16_VALUE 464 3f87
TRACE 52 BF16_VALUE 465 3f43
TRACE 52 BF16_VALUE 466 3f86
TRACE 52 BF16_VALUE 467 bf56
TRACE 52 BF16_VALUE 468 3f8e
TRACE 52 BF16_VALUE 469 bfb7
TRACE 52 BF16_VALUE 470 bf92
TRACE 52 BF16_VALUE 471 bf0e
TRACE 52 BF16_VALUE 472 3f7f
TRACE 52 BF16_VALUE 473 bef0
TRACE 52 BF16_VALUE 474 bf1e
TRACE 52 BF16_VALUE 475 3ea1
TRACE 52 BF16_VALUE 476 4004
TRACE 52 BF16_VALUE 477 3f55
TRACE 52 BF16_VALUE 478 bf83
TRACE 52 BF16_VALUE 479 3e47
TRACE 53 BF16_GROUP_ISSUE 7 3
TRACE 53 BF16_VALUE 480 bf11
TRACE 53 BF16_VALUE 481 bd8d
TRACE 53 BF16_VALUE 482 3d7f
TRACE 53 BF16_VALUE 483 3d0a
TRACE 53 BF16_VALUE 484 bf25
TRACE 53 BF16_VALUE 485 3d66
TRACE 53 BF16_VALUE 486 3aa4
TRACE 53 BF16_VALUE 487 3ec7
TRACE 53 BF16_VALUE 488 bcb6
TRACE 53 BF16_VALUE 489 bef6
TRACE 53 BF16_VALUE 490 be48
TRACE 53 BF16_VALUE 491 3d8a
TRACE 53 BF16_VALUE 492 c050
TRACE 53 BF16_VALUE 493 beaf
TRACE 53 BF16_VALUE 494 3e02
TRACE 53 BF16_VALUE 495 3e91
TRACE 54 BF16_VALUE 496 403e
TRACE 54 BF16_VALUE 497 c029
TRACE 54 BF16_VALUE 498 bf57
TRACE 54 BF16_VALUE 499 4016
TRACE 54 BF16_VALUE 500 400c
TRACE 54 BF16_VALUE 501 4003
TRACE 54 BF16_VALUE 502 bfa2
TRACE 54 BF16_VALUE 503 3f63
TRACE 54 BF16_VALUE 504 3fea
TRACE 54 BF16_VALUE 505 bfe1
TRACE 54 BF16_VALUE 506 bfde
TRACE 54 BF16_VALUE 507 3fce
TRACE 54 BF16_VALUE 508 3fa5
TRACE 54 BF16_VALUE 509 3f89
TRACE 54 BF16_VALUE 510 bf9a
TRACE 54 BF16_VALUE 511 3fe7
TRACE 55 A8_OUTPUT 448 -20
TRACE 55 BF16_OUTPUT 448 bf54
TRACE 55 A8_OUTPUT 449 -14
TRACE 55 BF16_OUTPUT 449 bf0e
TRACE 55 A8_OUTPUT 450 -5
TRACE 55 BF16_OUTPUT 450 be5a
TRACE 55 A8_OUTPUT 451 -11
TRACE 55 BF16_OUTPUT 451 bee1
TRACE 55 A8_OUTPUT 452 -3
TRACE 55 BF16_OUTPUT 452 bdd9
TRACE 55 A8_OUTPUT 453 -3
TRACE 55 BF16_OUTPUT 453 bdfe
TRACE 55 A8_OUTPUT 454 4
TRACE 55 BF16_OUTPUT 454 3e17
TRACE 55 A8_OUTPUT 455 10
TRACE 55 BF16_OUTPUT 455 3ece
TRACE 55 A8_OUTPUT 456 -15
TRACE 55 BF16_OUTPUT 456 bf1e
TRACE 55 A8_OUTPUT 457 16
TRACE 55 BF16_OUTPUT 457 3f24
TRACE 55 A8_OUTPUT 458 27
TRACE 55 BF16_OUTPUT 458 3f8e
TRACE 55 A8_OUTPUT 459 -18
TRACE 55 BF16_OUTPUT 459 bf40
TRACE 55 A8_OUTPUT 460 9
TRACE 55 BF16_OUTPUT 460 3ec2
TRACE 55 A8_OUTPUT 461 -6
TRACE 55 BF16_OUTPUT 461 be7d
TRACE 55 A8_OUTPUT 462 -24
TRACE 55 BF16_OUTPUT 462 bf78
TRACE 55 A8_OUTPUT 463 27
TRACE 55 BF16_OUTPUT 463 3f8d
TRACE 55 A8_OUTPUT 464 26
TRACE 55 BF16_OUTPUT 464 3f87
TRACE 55 A8_OUTPUT 465 19
TRACE 55 BF16_OUTPUT 465 3f43
TRACE 55 A8_OUTPUT 466 26
TRACE 55 BF16_OUTPUT 466 3f86
TRACE 55 A8_OUTPUT 467 -21
TRACE 55 BF16_OUTPUT 467 bf56
TRACE 55 A8_OUTPUT 468 27
TRACE 55 BF16_OUTPUT 468 3f8e
TRACE 55 A8_OUTPUT 469 -35
TRACE 55 BF16_OUTPUT 469 bfb7
TRACE 55 A8_OUTPUT 470 -28
TRACE 55 BF16_OUTPUT 470 bf92
TRACE 55 A8_OUTPUT 471 -14
TRACE 55 BF16_OUTPUT 471 bf0e
TRACE 55 A8_OUTPUT 472 25
TRACE 55 BF16_OUTPUT 472 3f7f
TRACE 55 A8_OUTPUT 473 -12
TRACE 55 BF16_OUTPUT 473 bef0
TRACE 55 A8_OUTPUT 474 -15
TRACE 55 BF16_OUTPUT 474 bf1e
TRACE 55 A8_OUTPUT 475 8
TRACE 55 BF16_OUTPUT 475 3ea1
TRACE 55 A8_OUTPUT 476 51
TRACE 55 BF16_OUTPUT 476 4004
TRACE 55 A8_OUTPUT 477 21
TRACE 55 BF16_OUTPUT 477 3f55
TRACE 55 A8_OUTPUT 478 -25
TRACE 55 BF16_OUTPUT 478 bf83
TRACE 55 A8_OUTPUT 479 5
TRACE 55 BF16_OUTPUT 479 3e47
TRACE 55 A8_OUTPUT 480 -14
TRACE 55 BF16_OUTPUT 480 bf11
TRACE 55 A8_OUTPUT 481 -2
TRACE 55 BF16_OUTPUT 481 bd8d
TRACE 55 A8_OUTPUT 482 2
TRACE 55 BF16_OUTPUT 482 3d7f
TRACE 55 A8_OUTPUT 483 1
TRACE 55 BF16_OUTPUT 483 3d0a
TRACE 55 A8_OUTPUT 484 -16
TRACE 55 BF16_OUTPUT 484 bf25
TRACE 55 A8_OUTPUT 485 1
TRACE 55 BF16_OUTPUT 485 3d66
TRACE 55 A8_OUTPUT 486 0
TRACE 55 BF16_OUTPUT 486 3aa4
TRACE 55 A8_OUTPUT 487 10
TRACE 55 BF16_OUTPUT 487 3ec7
TRACE 55 A8_OUTPUT 488 -1
TRACE 55 BF16_OUTPUT 488 bcb6
TRACE 55 A8_OUTPUT 489 -12
TRACE 55 BF16_OUTPUT 489 bef6
TRACE 55 A8_OUTPUT 490 -5
TRACE 55 BF16_OUTPUT 490 be48
TRACE 55 A8_OUTPUT 491 2
TRACE 55 BF16_OUTPUT 491 3d8a
TRACE 55 A8_OUTPUT 492 -80
TRACE 55 BF16_OUTPUT 492 c050
TRACE 55 A8_OUTPUT 493 -8
TRACE 55 BF16_OUTPUT 493 beaf
TRACE 55 A8_OUTPUT 494 3
TRACE 55 BF16_OUTPUT 494 3e02
TRACE 55 A8_OUTPUT 495 7
TRACE 55 BF16_OUTPUT 495 3e91
TRACE 55 A8_OUTPUT 496 73
TRACE 55 BF16_OUTPUT 496 403e
TRACE 55 A8_OUTPUT 497 -65
TRACE 55 BF16_OUTPUT 497 c029
TRACE 55 A8_OUTPUT 498 -21
TRACE 55 BF16_OUTPUT 498 bf57
TRACE 55 A8_OUTPUT 499 58
TRACE 55 BF16_OUTPUT 499 4016
TRACE 55 A8_OUTPUT 500 54
TRACE 55 BF16_OUTPUT 500 400c
TRACE 55 A8_OUTPUT 501 50
TRACE 55 BF16_OUTPUT 501 4003
TRACE 55 A8_OUTPUT 502 -31
TRACE 55 BF16_OUTPUT 502 bfa2
TRACE 55 A8_OUTPUT 503 22
TRACE 55 BF16_OUTPUT 503 3f63
TRACE 55 A8_OUTPUT 504 45
TRACE 55 BF16_OUTPUT 504 3fea
TRACE 55 A8_OUTPUT 505 -43
TRACE 55 BF16_OUTPUT 505 bfe1
TRACE 55 A8_OUTPUT 506 -43
TRACE 55 BF16_OUTPUT 506 bfde
TRACE 55 A8_OUTPUT 507 40
TRACE 55 BF16_OUTPUT 507 3fce
TRACE 55 A8_OUTPUT 508 32
TRACE 55 BF16_OUTPUT 508 3fa5
TRACE 55 A8_OUTPUT 509 26
TRACE 55 BF16_OUTPUT 509 3f89
TRACE 55 A8_OUTPUT 510 -30
TRACE 55 BF16_OUTPUT 510 bf9a
TRACE 55 A8_OUTPUT 511 45
TRACE 55 BF16_OUTPUT 511 3fe7
TRACE 56 INPUT_ACCEPT 8 0
TRACE 57 BF16_GROUP_ISSUE 8 0
TRACE 58 BF16_GROUP_ISSUE 8 1
TRACE 58 BF16_VALUE 512 be55
TRACE 58 BF16_VALUE 513 3cec
TRACE 58 BF16_VALUE 514 3f92
TRACE 58 BF16_VALUE 515 bedb
TRACE 58 BF16_VALUE 516 3e2f
TRACE 58 BF16_VALUE 517 be98
TRACE 58 BF16_VALUE 518 bc0f
TRACE 58 BF16_VALUE 519 3ca2
TRACE 58 BF16_VALUE 520 bf1c
TRACE 58 BF16_VALUE 521 3d2d
TRACE 58 BF16_VALUE 522 bfec
TRACE 58 BF16_VALUE 523 3ddd
TRACE 58 BF16_VALUE 524 3ecb
TRACE 58 BF16_VALUE 525 3d21
TRACE 58 BF16_VALUE 526 bf94
TRACE 58 BF16_VALUE 527 3da5
TRACE 59 BF16_GROUP_ISSUE 8 2
TRACE 59 BF16_VALUE 528 bf13
TRACE 59 BF16_VALUE 529 bf1d
TRACE 59 BF16_VALUE 530 3ea2
TRACE 59 BF16_VALUE 531 3d74
TRACE 59 BF16_VALUE 532 3dfa
TRACE 59 BF16_VALUE 533 3d8b
TRACE 59 BF16_VALUE 534 3e13
TRACE 59 BF16_VALUE 535 be5f
TRACE 59 BF16_VALUE 536 bd16
TRACE 59 BF16_VALUE 537 bea3
TRACE 59 BF16_VALUE 538 3f03
TRACE 59 BF16_VALUE 539 3ea7
TRACE 59 BF16_VALUE 540 3f7b
TRACE 59 BF16_VALUE 541 3f35
TRACE 59 BF16_VALUE 542 3c9c
TRACE 59 BF16_VALUE 543 3f0d
TRACE 60 BF16_GROUP_ISSUE 8 3
TRACE 60 BF16_VALUE 544 bf71
TRACE 60 BF16_VALUE 545 3f0b
TRACE 60 BF16_VALUE 546 bf5c
TRACE 60 BF16_VALUE 547 3f46
TRACE 60 BF16_VALUE 548 3e24
TRACE 60 BF16_VALUE 549 3ec8
TRACE 60 BF16_VALUE 550 bfb4
TRACE 60 BF16_VALUE 551 3d53
TRACE 60 BF16_VALUE 552 bf7f
TRACE 60 BF16_VALUE 553 bf7f
TRACE 60 BF16_VALUE 554 bf24
TRACE 60 BF16_VALUE 555 3f9a
TRACE 60 BF16_VALUE 556 bf64
TRACE 60 BF16_VALUE 557 4000
TRACE 60 BF16_VALUE 558 3f96
TRACE 60 BF16_VALUE 559 bedc
TRACE 61 BF16_VALUE 560 3fd0
TRACE 61 BF16_VALUE 561 bebe
TRACE 61 BF16_VALUE 562 3fff
TRACE 61 BF16_VALUE 563 3f32
TRACE 61 BF16_VALUE 564 3fa3
TRACE 61 BF16_VALUE 565 bea4
TRACE 61 BF16_VALUE 566 3fe4
TRACE 61 BF16_VALUE 567 bf28
TRACE 61 BF16_VALUE 568 3f8d
TRACE 61 BF16_VALUE 569 bf45
TRACE 61 BF16_VALUE 570 bf9e
TRACE 61 BF16_VALUE 571 beb6
TRACE 61 BF16_VALUE 572 bf97
TRACE 61 BF16_VALUE 573 bfb8
TRACE 61 BF16_VALUE 574 3f18
TRACE 61 BF16_VALUE 575 3f39
TRACE 62 A8_OUTPUT 512 -5
TRACE 62 BF16_OUTPUT 512 be55
TRACE 62 A8_OUTPUT 513 1
TRACE 62 BF16_OUTPUT 513 3cec
TRACE 62 A8_OUTPUT 514 28
TRACE 62 BF16_OUTPUT 514 3f92
TRACE 62 A8_OUTPUT 515 -11
TRACE 62 BF16_OUTPUT 515 bedb
TRACE 62 A8_OUTPUT 516 4
TRACE 62 BF16_OUTPUT 516 3e2f
TRACE 62 A8_OUTPUT 517 -7
TRACE 62 BF16_OUTPUT 517 be98
TRACE 62 A8_OUTPUT 518 0
TRACE 62 BF16_OUTPUT 518 bc0f
TRACE 62 A8_OUTPUT 519 0
TRACE 62 BF16_OUTPUT 519 3ca2
TRACE 62 A8_OUTPUT 520 -15
TRACE 62 BF16_OUTPUT 520 bf1c
TRACE 62 A8_OUTPUT 521 1
TRACE 62 BF16_OUTPUT 521 3d2d
TRACE 62 A8_OUTPUT 522 -45
TRACE 62 BF16_OUTPUT 522 bfec
TRACE 62 A8_OUTPUT 523 3
TRACE 62 BF16_OUTPUT 523 3ddd
TRACE 62 A8_OUTPUT 524 10
TRACE 62 BF16_OUTPUT 524 3ecb
TRACE 62 A8_OUTPUT 525 1
TRACE 62 BF16_OUTPUT 525 3d21
TRACE 62 A8_OUTPUT 526 -29
TRACE 62 BF16_OUTPUT 526 bf94
TRACE 62 A8_OUTPUT 527 2
TRACE 62 BF16_OUTPUT 527 3da5
TRACE 62 A8_OUTPUT 528 -14
TRACE 62 BF16_OUTPUT 528 bf13
TRACE 62 A8_OUTPUT 529 -15
TRACE 62 BF16_OUTPUT 529 bf1d
TRACE 62 A8_OUTPUT 530 8
TRACE 62 BF16_OUTPUT 530 3ea2
TRACE 62 A8_OUTPUT 531 1
TRACE 62 BF16_OUTPUT 531 3d74
TRACE 62 A8_OUTPUT 532 3
TRACE 62 BF16_OUTPUT 532 3dfa
TRACE 62 A8_OUTPUT 533 2
TRACE 62 BF16_OUTPUT 533 3d8b
TRACE 62 A8_OUTPUT 534 4
TRACE 62 BF16_OUTPUT 534 3e13
TRACE 62 A8_OUTPUT 535 -5
TRACE 62 BF16_OUTPUT 535 be5f
TRACE 62 A8_OUTPUT 536 -1
TRACE 62 BF16_OUTPUT 536 bd16
TRACE 62 A8_OUTPUT 537 -8
TRACE 62 BF16_OUTPUT 537 bea3
TRACE 62 A8_OUTPUT 538 13
TRACE 62 BF16_OUTPUT 538 3f03
TRACE 62 A8_OUTPUT 539 8
TRACE 62 BF16_OUTPUT 539 3ea7
TRACE 62 A8_OUTPUT 540 24
TRACE 62 BF16_OUTPUT 540 3f7b
TRACE 62 A8_OUTPUT 541 17
TRACE 62 BF16_OUTPUT 541 3f35
TRACE 62 A8_OUTPUT 542 0
TRACE 62 BF16_OUTPUT 542 3c9c
TRACE 62 A8_OUTPUT 543 14
TRACE 62 BF16_OUTPUT 543 3f0d
TRACE 62 A8_OUTPUT 544 -23
TRACE 62 BF16_OUTPUT 544 bf71
TRACE 62 A8_OUTPUT 545 13
TRACE 62 BF16_OUTPUT 545 3f0b
TRACE 62 A8_OUTPUT 546 -21
TRACE 62 BF16_OUTPUT 546 bf5c
TRACE 62 A8_OUTPUT 547 19
TRACE 62 BF16_OUTPUT 547 3f46
TRACE 62 A8_OUTPUT 548 4
TRACE 62 BF16_OUTPUT 548 3e24
TRACE 62 A8_OUTPUT 549 10
TRACE 62 BF16_OUTPUT 549 3ec8
TRACE 62 A8_OUTPUT 550 -35
TRACE 62 BF16_OUTPUT 550 bfb4
TRACE 62 A8_OUTPUT 551 1
TRACE 62 BF16_OUTPUT 551 3d53
TRACE 62 A8_OUTPUT 552 -25
TRACE 62 BF16_OUTPUT 552 bf7f
TRACE 62 A8_OUTPUT 553 -25
TRACE 62 BF16_OUTPUT 553 bf7f
TRACE 62 A8_OUTPUT 554 -16
TRACE 62 BF16_OUTPUT 554 bf24
TRACE 62 A8_OUTPUT 555 30
TRACE 62 BF16_OUTPUT 555 3f9a
TRACE 62 A8_OUTPUT 556 -22
TRACE 62 BF16_OUTPUT 556 bf64
TRACE 62 A8_OUTPUT 557 49
TRACE 62 BF16_OUTPUT 557 4000
TRACE 62 A8_OUTPUT 558 29
TRACE 62 BF16_OUTPUT 558 3f96
TRACE 62 A8_OUTPUT 559 -11
TRACE 62 BF16_OUTPUT 559 bedc
TRACE 62 A8_OUTPUT 560 40
TRACE 62 BF16_OUTPUT 560 3fd0
TRACE 62 A8_OUTPUT 561 -9
TRACE 62 BF16_OUTPUT 561 bebe
TRACE 62 A8_OUTPUT 562 49
TRACE 62 BF16_OUTPUT 562 3fff
TRACE 62 A8_OUTPUT 563 17
TRACE 62 BF16_OUTPUT 563 3f32
TRACE 62 A8_OUTPUT 564 31
TRACE 62 BF16_OUTPUT 564 3fa3
TRACE 62 A8_OUTPUT 565 -8
TRACE 62 BF16_OUTPUT 565 bea4
TRACE 62 A8_OUTPUT 566 44
TRACE 62 BF16_OUTPUT 566 3fe4
TRACE 62 A8_OUTPUT 567 -16
TRACE 62 BF16_OUTPUT 567 bf28
TRACE 62 A8_OUTPUT 568 27
TRACE 62 BF16_OUTPUT 568 3f8d
TRACE 62 A8_OUTPUT 569 -19
TRACE 62 BF16_OUTPUT 569 bf45
TRACE 62 A8_OUTPUT 570 -31
TRACE 62 BF16_OUTPUT 570 bf9e
TRACE 62 A8_OUTPUT 571 -9
TRACE 62 BF16_OUTPUT 571 beb6
TRACE 62 A8_OUTPUT 572 -29
TRACE 62 BF16_OUTPUT 572 bf97
TRACE 62 A8_OUTPUT 573 -35
TRACE 62 BF16_OUTPUT 573 bfb8
TRACE 62 A8_OUTPUT 574 15
TRACE 62 BF16_OUTPUT 574 3f18
TRACE 62 A8_OUTPUT 575 18
TRACE 62 BF16_OUTPUT 575 3f39
TRACE 63 INPUT_ACCEPT 9 0
TRACE 64 BF16_GROUP_ISSUE 9 0
TRACE 65 BF16_GROUP_ISSUE 9 1
TRACE 65 BF16_VALUE 576 bda8
TRACE 65 BF16_VALUE 577 3dd7
TRACE 65 BF16_VALUE 578 bf3b
TRACE 65 BF16_VALUE 579 bd52
TRACE 65 BF16_VALUE 580 3e21
TRACE 65 BF16_VALUE 581 3f2b
TRACE 65 BF16_VALUE 582 3fc7
TRACE 65 BF16_VALUE 583 befa
TRACE 65 BF16_VALUE 584 bf90
TRACE 65 BF16_VALUE 585 becf
TRACE 65 BF16_VALUE 586 3f5b
TRACE 65 BF16_VALUE 587 3faf
TRACE 65 BF16_VALUE 588 bf06
TRACE 65 BF16_VALUE 589 be87
TRACE 65 BF16_VALUE 590 3f20
TRACE 65 BF16_VALUE 591 be76
TRACE 66 BF16_GROUP_ISSUE 9 2
TRACE 66 BF16_VALUE 592 bf38
TRACE 66 BF16_VALUE 593 be04
TRACE 66 BF16_VALUE 594 3e85
TRACE 66 BF16_VALUE 595 3f2f
TRACE 66 BF16_VALUE 596 3fbb
TRACE 66 BF16_VALUE 597 3f76
TRACE 66 BF16_VALUE 598 bf08
TRACE 66 BF16_VALUE 599 3d90
TRACE 66 BF16_VALUE 600 3f33
TRACE 66 BF16_VALUE 601 3e0f
TRACE 66 BF16_VALUE 602 bf5d
TRACE 66 BF16_VALUE 603 3f26
TRACE 66 BF16_VALUE 604 bf5e
TRACE 66 BF16_VALUE 605 bf47
TRACE 66 BF16_VALUE 606 be28
TRACE 66 BF16_VALUE 607 bf49
TRACE 67 BF16_GROUP_ISSUE 9 3
TRACE 67 BF16_VALUE 608 bf47
TRACE 67 BF16_VALUE 609 bfce
TRACE 67 BF16_VALUE 610 bedf
TRACE 67 BF16_VALUE 611 beaf
TRACE 67 BF16_VALUE 612 3f52
TRACE 67 BF16_VALUE 613 bf92
TRACE 67 BF16_VALUE 614 3e9a
TRACE 67 BF16_VALUE 615 3fd9
TRACE 67 BF16_VALUE 616 3e9a
TRACE 67 BF16_VALUE 617 be83
TRACE 67 BF16_VALUE 618 3e86
TRACE 67 BF16_VALUE 619 3f99
TRACE 67 BF16_VALUE 620 3ed3
TRACE 67 BF16_VALUE 621 bdbc
TRACE 67 BF16_VALUE 622 bfc1
TRACE 67 BF16_VALUE 623 401e
TRACE 68 BF16_VALUE 624 bbbc
TRACE 68 BF16_VALUE 625 3ff8
TRACE 68 BF16_VALUE 626 3f52
TRACE 68 BF16_VALUE 627 bdd2
TRACE 68 BF16_VALUE 628 3edf
TRACE 68 BF16_VALUE 629 bf97
TRACE 68 BF16_VALUE 630 3ee7
TRACE 68 BF16_VALUE 631 3e41
TRACE 68 BF16_VALUE 632 3efb
TRACE 68 BF16_VALUE 633 bfa0
TRACE 68 BF16_VALUE 634 3fbb
TRACE 68 BF16_VALUE 635 3f14
TRACE 68 BF16_VALUE 636 be1a
TRACE 68 BF16_VALUE 637 be8e
TRACE 68 BF16_VALUE 638 3f83
TRACE 68 BF16_VALUE 639 be9f
TRACE 69 A8_OUTPUT 576 -2
TRACE 69 BF16_OUTPUT 576 bda8
TRACE 69 A8_OUTPUT 577 3
TRACE 69 BF16_OUTPUT 577 3dd7
TRACE 69 A8_OUTPUT 578 -18
TRACE 69 BF16_OUTPUT 578 bf3b
TRACE 69 A8_OUTPUT 579 -1
TRACE 69 BF16_OUTPUT 579 bd52
TRACE 69 A8_OUTPUT 580 4
TRACE 69 BF16_OUTPUT 580 3e21
TRACE 69 A8_OUTPUT 581 16
TRACE 69 BF16_OUTPUT 581 3f2b
TRACE 69 A8_OUTPUT 582 38
TRACE 69 BF16_OUTPUT 582 3fc7
TRACE 69 A8_OUTPUT 583 -12
TRACE 69 BF16_OUTPUT 583 befa
TRACE 69 A8_OUTPUT 584 -28
TRACE 69 BF16_OUTPUT 584 bf90
TRACE 69 A8_OUTPUT 585 -10
TRACE 69 BF16_OUTPUT 585 becf
TRACE 69 A8_OUTPUT 586 21
TRACE 69 BF16_OUTPUT 586 3f5b
TRACE 69 A8_OUTPUT 587 34
TRACE 69 BF16_OUTPUT 587 3faf
TRACE 69 A8_OUTPUT 588 -13
TRACE 69 BF16_OUTPUT 588 bf06
TRACE 69 A8_OUTPUT 589 -6
TRACE 69 BF16_OUTPUT 589 be87
TRACE 69 A8_OUTPUT 590 15
TRACE 69 BF16_OUTPUT 590 3f20
TRACE 69 A8_OUTPUT 591 -6
TRACE 69 BF16_OUTPUT 591 be76
TRACE 69 A8_OUTPUT 592 -18
TRACE 69 BF16_OUTPUT 592 bf38
TRACE 69 A8_OUTPUT 593 -3
TRACE 69 BF16_OUTPUT 593 be04
TRACE 69 A8_OUTPUT 594 6
TRACE 69 BF16_OUTPUT 594 3e85
TRACE 69 A8_OUTPUT 595 17
TRACE 69 BF16_OUTPUT 595 3f2f
TRACE 69 A8_OUTPUT 596 36
TRACE 69 BF16_OUTPUT 596 3fbb
TRACE 69 A8_OUTPUT 597 24
TRACE 69 BF16_OUTPUT 597 3f76
TRACE 69 A8_OUTPUT 598 -13
TRACE 69 BF16_OUTPUT 598 bf08
TRACE 69 A8_OUTPUT 599 2
TRACE 69 BF16_OUTPUT 599 3d90
TRACE 69 A8_OUTPUT 600 17
TRACE 69 BF16_OUTPUT 600 3f33
TRACE 69 A8_OUTPUT 601 3
TRACE 69 BF16_OUTPUT 601 3e0f
TRACE 69 A8_OUTPUT 602 -21
TRACE 69 BF16_OUTPUT 602 bf5d
TRACE 69 A8_OUTPUT 603 16
TRACE 69 BF16_OUTPUT 603 3f26
TRACE 69 A8_OUTPUT 604 -21
TRACE 69 BF16_OUTPUT 604 bf5e
TRACE 69 A8_OUTPUT 605 -19
TRACE 69 BF16_OUTPUT 605 bf47
TRACE 69 A8_OUTPUT 606 -4
TRACE 69 BF16_OUTPUT 606 be28
TRACE 69 A8_OUTPUT 607 -19
TRACE 69 BF16_OUTPUT 607 bf49
TRACE 69 A8_OUTPUT 608 -19
TRACE 69 BF16_OUTPUT 608 bf47
TRACE 69 A8_OUTPUT 609 -40
TRACE 69 BF16_OUTPUT 609 bfce
TRACE 69 A8_OUTPUT 610 -11
TRACE 69 BF16_OUTPUT 610 bedf
TRACE 69 A8_OUTPUT 611 -8
TRACE 69 BF16_OUTPUT 611 beaf
TRACE 69 A8_OUTPUT 612 20
TRACE 69 BF16_OUTPUT 612 3f52
TRACE 69 A8_OUTPUT 613 -28
TRACE 69 BF16_OUTPUT 613 bf92
TRACE 69 A8_OUTPUT 614 7
TRACE 69 BF16_OUTPUT 614 3e9a
TRACE 69 A8_OUTPUT 615 42
TRACE 69 BF16_OUTPUT 615 3fd9
TRACE 69 A8_OUTPUT 616 7
TRACE 69 BF16_OUTPUT 616 3e9a
TRACE 69 A8_OUTPUT 617 -6
TRACE 69 BF16_OUTPUT 617 be83
TRACE 69 A8_OUTPUT 618 6
TRACE 69 BF16_OUTPUT 618 3e86
TRACE 69 A8_OUTPUT 619 30
TRACE 69 BF16_OUTPUT 619 3f99
TRACE 69 A8_OUTPUT 620 10
TRACE 69 BF16_OUTPUT 620 3ed3
TRACE 69 A8_OUTPUT 621 -2
TRACE 69 BF16_OUTPUT 621 bdbc
TRACE 69 A8_OUTPUT 622 -37
TRACE 69 BF16_OUTPUT 622 bfc1
TRACE 69 A8_OUTPUT 623 61
TRACE 69 BF16_OUTPUT 623 401e
TRACE 69 A8_OUTPUT 624 0
TRACE 69 BF16_OUTPUT 624 bbbc
TRACE 69 A8_OUTPUT 625 48
TRACE 69 BF16_OUTPUT 625 3ff8
TRACE 69 A8_OUTPUT 626 20
TRACE 69 BF16_OUTPUT 626 3f52
TRACE 69 A8_OUTPUT 627 -3
TRACE 69 BF16_OUTPUT 627 bdd2
TRACE 69 A8_OUTPUT 628 11
TRACE 69 BF16_OUTPUT 628 3edf
TRACE 69 A8_OUTPUT 629 -29
TRACE 69 BF16_OUTPUT 629 bf97
TRACE 69 A8_OUTPUT 630 11
TRACE 69 BF16_OUTPUT 630 3ee7
TRACE 69 A8_OUTPUT 631 5
TRACE 69 BF16_OUTPUT 631 3e41
TRACE 69 A8_OUTPUT 632 12
TRACE 69 BF16_OUTPUT 632 3efb
TRACE 69 A8_OUTPUT 633 -31
TRACE 69 BF16_OUTPUT 633 bfa0
TRACE 69 A8_OUTPUT 634 36
TRACE 69 BF16_OUTPUT 634 3fbb
TRACE 69 A8_OUTPUT 635 14
TRACE 69 BF16_OUTPUT 635 3f14
TRACE 69 A8_OUTPUT 636 -4
TRACE 69 BF16_OUTPUT 636 be1a
TRACE 69 A8_OUTPUT 637 -7
TRACE 69 BF16_OUTPUT 637 be8e
TRACE 69 A8_OUTPUT 638 25
TRACE 69 BF16_OUTPUT 638 3f83
TRACE 69 A8_OUTPUT 639 -8
TRACE 69 BF16_OUTPUT 639 be9f
TRACE 70 INPUT_ACCEPT 10 0
TRACE 71 BF16_GROUP_ISSUE 10 0
TRACE 72 BF16_GROUP_ISSUE 10 1
TRACE 72 BF16_VALUE 640 3f64
TRACE 72 BF16_VALUE 641 bf72
TRACE 72 BF16_VALUE 642 3f84
TRACE 72 BF16_VALUE 643 3e83
TRACE 72 BF16_VALUE 644 3e1a
TRACE 72 BF16_VALUE 645 3f17
TRACE 72 BF16_VALUE 646 bf32
TRACE 72 BF16_VALUE 647 bdbf
TRACE 72 BF16_VALUE 648 bf21
TRACE 72 BF16_VALUE 649 bf09
TRACE 72 BF16_VALUE 650 beac
TRACE 72 BF16_VALUE 651 be6d
TRACE 72 BF16_VALUE 652 3f39
TRACE 72 BF16_VALUE 653 bf4b
TRACE 72 BF16_VALUE 654 bfbb
TRACE 72 BF16_VALUE 655 bcc7
TRACE 73 BF16_GROUP_ISSUE 10 2
TRACE 73 BF16_VALUE 656 3ff1
TRACE 73 BF16_VALUE 657 bd24
TRACE 73 BF16_VALUE 658 3f47
TRACE 73 BF16_VALUE 659 3f25
TRACE 73 BF16_VALUE 660 bfa2
TRACE 73 BF16_VALUE 661 3fb1
TRACE 73 BF16_VALUE 662 bf9c
TRACE 73 BF16_VALUE 663 3dad
TRACE 73 BF16_VALUE 664 3d9b
TRACE 73 BF16_VALUE 665 bf3e
TRACE 73 BF16_VALUE 666 3f6d
TRACE 73 BF16_VALUE 667 bfcb
TRACE 73 BF16_VALUE 668 3fe8
TRACE 73 BF16_VALUE 669 3fe0
TRACE 73 BF16_VALUE 670 bf64
TRACE 73 BF16_VALUE 671 bf9e
TRACE 74 BF16_GROUP_ISSUE 10 3
TRACE 74 BF16_VALUE 672 bf54
TRACE 74 BF16_VALUE 673 4010
TRACE 74 BF16_VALUE 674 bf8a
TRACE 74 BF16_VALUE 675 3fbe
TRACE 74 BF16_VALUE 676 3fa2
TRACE 74 BF16_VALUE 677 c008
TRACE 74 BF16_VALUE 678 bf22
TRACE 74 BF16_VALUE 679 3e2f
TRACE 74 BF16_VALUE 680 bf96
TRACE 74 BF16_VALUE 681 3fb8
TRACE 74 BF16_VALUE 682 c039
TRACE 74 BF16_VALUE 683 3f95
TRACE 74 BF16_VALUE 684 3f0c
TRACE 74 BF16_VALUE 685 3f6b
TRACE 74 BF16_VALUE 686 402b
TRACE 74 BF16_VALUE 687 4054
TRACE 75 BF16_VALUE 688 be66
TRACE 75 BF16_VALUE 689 be9a
TRACE 75 BF16_VALUE 690 bf59
TRACE 75 BF16_VALUE 691 3eaa
TRACE 75 BF16_VALUE 692 bf15
TRACE 75 BF16_VALUE 693 3fd9
TRACE 75 BF16_VALUE 694 3dd5
TRACE 75 BF16_VALUE 695 be58
TRACE 75 BF16_VALUE 696 bf12
TRACE 75 BF16_VALUE 697 befd
TRACE 75 BF16_VALUE 698 3de2
TRACE 75 BF16_VALUE 699 3f4a
TRACE 75 BF16_VALUE 700 3efb
TRACE 75 BF16_VALUE 701 bd11
TRACE 75 BF16_VALUE 702 bf20
TRACE 75 BF16_VALUE 703 bdbf
TRACE 76 A8_OUTPUT 640 22
TRACE 76 BF16_OUTPUT 640 3f64
TRACE 76 A8_OUTPUT 641 -23
TRACE 76 BF16_OUTPUT 641 bf72
TRACE 76 A8_OUTPUT 642 25
TRACE 76 BF16_OUTPUT 642 3f84
TRACE 76 A8_OUTPUT 643 6
TRACE 76 BF16_OUTPUT 643 3e83
TRACE 76 A8_OUTPUT 644 4
TRACE 76 BF16_OUTPUT 644 3e1a
TRACE 76 A8_OUTPUT 645 15
TRACE 76 BF16_OUTPUT 645 3f17
TRACE 76 A8_OUTPUT 646 -17
TRACE 76 BF16_OUTPUT 646 bf32
TRACE 76 A8_OUTPUT 647 -2
TRACE 76 BF16_OUTPUT 647 bdbf
TRACE 76 A8_OUTPUT 648 -15
TRACE 76 BF16_OUTPUT 648 bf21
TRACE 76 A8_OUTPUT 649 -13
TRACE 76 BF16_OUTPUT 649 bf09
TRACE 76 A8_OUTPUT 650 -8
TRACE 76 BF16_OUTPUT 650 beac
TRACE 76 A8_OUTPUT 651 -6
TRACE 76 BF16_OUTPUT 651 be6d
TRACE 76 A8_OUTPUT 652 18
TRACE 76 BF16_OUTPUT 652 3f39
TRACE 76 A8_OUTPUT 653 -20
TRACE 76 BF16_OUTPUT 653 bf4b
TRACE 76 A8_OUTPUT 654 -36
TRACE 76 BF16_OUTPUT 654 bfbb
TRACE 76 A8_OUTPUT 655 -1
TRACE 76 BF16_OUTPUT 655 bcc7
TRACE 76 A8_OUTPUT 656 46
TRACE 76 BF16_OUTPUT 656 3ff1
TRACE 76 A8_OUTPUT 657 -1
TRACE 76 BF16_OUTPUT 657 bd24
TRACE 76 A8_OUTPUT 658 19
TRACE 76 BF16_OUTPUT 658 3f47
TRACE 76 A8_OUTPUT 659 16
TRACE 76 BF16_OUTPUT 659 3f25
TRACE 76 A8_OUTPUT 660 -31
TRACE 76 BF16_OUTPUT 660 bfa2
TRACE 76 A8_OUTPUT 661 34
TRACE 76 BF16_OUTPUT 661 3fb1
TRACE 76 A8_OUTPUT 662 -30
TRACE 76 BF16_OUTPUT 662 bf9c
TRACE 76 A8_OUTPUT 663 2
TRACE 76 BF16_OUTPUT 663 3dad
TRACE 76 A8_OUTPUT 664 2
TRACE 76 BF16_OUTPUT 664 3d9b
TRACE 76 A8_OUTPUT 665 -18
TRACE 76 BF16_OUTPUT 665 bf3e
TRACE 76 A8_OUTPUT 666 23
TRACE 76 BF16_OUTPUT 666 3f6d
TRACE 76 A8_OUTPUT 667 -39
TRACE 76 BF16_OUTPUT 667 bfcb
TRACE 76 A8_OUTPUT 668 45
TRACE 76 BF16_OUTPUT 668 3fe8
TRACE 76 A8_OUTPUT 669 43
TRACE 76 BF16_OUTPUT 669 3fe0
TRACE 76 A8_OUTPUT 670 -22
TRACE 76 BF16_OUTPUT 670 bf64
TRACE 76 A8_OUTPUT 671 -30
TRACE 76 BF16_OUTPUT 671 bf9e
TRACE 76 A8_OUTPUT 672 -20
TRACE 76 BF16_OUTPUT 672 bf54
TRACE 76 A8_OUTPUT 673 56
TRACE 76 BF16_OUTPUT 673 4010
TRACE 76 A8_OUTPUT 674 -27
TRACE 76 BF16_OUTPUT 674 bf8a
TRACE 76 A8_OUTPUT 675 37
TRACE 76 BF16_OUTPUT 675 3fbe
TRACE 76 A8_OUTPUT 676 31
TRACE 76 BF16_OUTPUT 676 3fa2
TRACE 76 A8_OUTPUT 677 -52
TRACE 76 BF16_OUTPUT 677 c008
TRACE 76 A8_OUTPUT 678 -16
TRACE 76 BF16_OUTPUT 678 bf22
TRACE 76 A8_OUTPUT 679 4
TRACE 76 BF16_OUTPUT 679 3e2f
TRACE 76 A8_OUTPUT 680 -29
TRACE 76 BF16_OUTPUT 680 bf96
TRACE 76 A8_OUTPUT 681 35
TRACE 76 BF16_OUTPUT 681 3fb8
TRACE 76 A8_OUTPUT 682 -71
TRACE 76 BF16_OUTPUT 682 c039
TRACE 76 A8_OUTPUT 683 29
TRACE 76 BF16_OUTPUT 683 3f95
TRACE 76 A8_OUTPUT 684 13
TRACE 76 BF16_OUTPUT 684 3f0c
TRACE 76 A8_OUTPUT 685 23
TRACE 76 BF16_OUTPUT 685 3f6b
TRACE 76 A8_OUTPUT 686 66
TRACE 76 BF16_OUTPUT 686 402b
TRACE 76 A8_OUTPUT 687 82
TRACE 76 BF16_OUTPUT 687 4054
TRACE 76 A8_OUTPUT 688 -6
TRACE 76 BF16_OUTPUT 688 be66
TRACE 76 A8_OUTPUT 689 -7
TRACE 76 BF16_OUTPUT 689 be9a
TRACE 76 A8_OUTPUT 690 -21
TRACE 76 BF16_OUTPUT 690 bf59
TRACE 76 A8_OUTPUT 691 8
TRACE 76 BF16_OUTPUT 691 3eaa
TRACE 76 A8_OUTPUT 692 -14
TRACE 76 BF16_OUTPUT 692 bf15
TRACE 76 A8_OUTPUT 693 42
TRACE 76 BF16_OUTPUT 693 3fd9
TRACE 76 A8_OUTPUT 694 3
TRACE 76 BF16_OUTPUT 694 3dd5
TRACE 76 A8_OUTPUT 695 -5
TRACE 76 BF16_OUTPUT 695 be58
TRACE 76 A8_OUTPUT 696 -14
TRACE 76 BF16_OUTPUT 696 bf12
TRACE 76 A8_OUTPUT 697 -12
TRACE 76 BF16_OUTPUT 697 befd
TRACE 76 A8_OUTPUT 698 3
TRACE 76 BF16_OUTPUT 698 3de2
TRACE 76 A8_OUTPUT 699 19
TRACE 76 BF16_OUTPUT 699 3f4a
TRACE 76 A8_OUTPUT 700 12
TRACE 76 BF16_OUTPUT 700 3efb
TRACE 76 A8_OUTPUT 701 -1
TRACE 76 BF16_OUTPUT 701 bd11
TRACE 76 A8_OUTPUT 702 -15
TRACE 76 BF16_OUTPUT 702 bf20
TRACE 76 A8_OUTPUT 703 -2
TRACE 76 BF16_OUTPUT 703 bdbf
TRACE 77 INPUT_ACCEPT 11 0
TRACE 78 BF16_GROUP_ISSUE 11 0
TRACE 79 BF16_GROUP_ISSUE 11 1
TRACE 79 BF16_VALUE 704 3f77
TRACE 79 BF16_VALUE 705 be3e
TRACE 79 BF16_VALUE 706 bf5b
TRACE 79 BF16_VALUE 707 bcce
TRACE 79 BF16_VALUE 708 3f16
TRACE 79 BF16_VALUE 709 bd1b
TRACE 79 BF16_VALUE 710 bfb4
TRACE 79 BF16_VALUE 711 bf44
TRACE 79 BF16_VALUE 712 bf2b
TRACE 79 BF16_VALUE 713 bf01
TRACE 79 BF16_VALUE 714 3fc1
TRACE 79 BF16_VALUE 715 3ed7
TRACE 79 BF16_VALUE 716 3f88
TRACE 79 BF16_VALUE 717 bd39
TRACE 79 BF16_VALUE 718 3e86
TRACE 79 BF16_VALUE 719 bf5e
TRACE 80 BF16_GROUP_ISSUE 11 2
TRACE 80 BF16_VALUE 720 3fa6
TRACE 80 BF16_VALUE 721 3f88
TRACE 80 BF16_VALUE 722 bfa4
TRACE 80 BF16_VALUE 723 3fd2
TRACE 80 BF16_VALUE 724 3ff5
TRACE 80 BF16_VALUE 725 bfcd
TRACE 80 BF16_VALUE 726 bfc5
TRACE 80 BF16_VALUE 727 3fc5
TRACE 80 BF16_VALUE 728 be57
TRACE 80 BF16_VALUE 729 bfc1
TRACE 80 BF16_VALUE 730 bfb7
TRACE 80 BF16_VALUE 731 3f73
TRACE 80 BF16_VALUE 732 bfcb
TRACE 80 BF16_VALUE 733 3ece
TRACE 80 BF16_VALUE 734 3e51
TRACE 80 BF16_VALUE 735 bfde
TRACE 81 BF16_GROUP_ISSUE 11 3
TRACE 81 BF16_VALUE 736 be57
TRACE 81 BF16_VALUE 737 bf8c
TRACE 81 BF16_VALUE 738 3f86
TRACE 81 BF16_VALUE 739 3e6c
TRACE 81 BF16_VALUE 740 3fd6
TRACE 81 BF16_VALUE 741 3e88
TRACE 81 BF16_VALUE 742 c006
TRACE 81 BF16_VALUE 743 3e95
TRACE 81 BF16_VALUE 744 bf76
TRACE 81 BF16_VALUE 745 4017
TRACE 81 BF16_VALUE 746 3f82
TRACE 81 BF16_VALUE 747 bfa2
TRACE 81 BF16_VALUE 748 be13
TRACE 81 BF16_VALUE 749 c015
TRACE 81 BF16_VALUE 750 3e3d
TRACE 81 BF16_VALUE 751 3d55
TRACE 82 BF16_VALUE 752 3f0f
TRACE 82 BF16_VALUE 753 c038
TRACE 82 BF16_VALUE 754 3f6a
TRACE 82 BF16_VALUE 755 be4b
TRACE 82 BF16_VALUE 756 bef0
TRACE 82 BF16_VALUE 757 3f20
TRACE 82 BF16_VALUE 758 3fab
TRACE 82 BF16_VALUE 759 bd06
TRACE 82 BF16_VALUE 760 c00d
TRACE 82 BF16_VALUE 761 bf2b
TRACE 82 BF16_VALUE 762 4002
TRACE 82 BF16_VALUE 763 be0b
TRACE 82 BF16_VALUE 764 3f2e
TRACE 82 BF16_VALUE 765 be03
TRACE 82 BF16_VALUE 766 be82
TRACE 82 BF16_VALUE 767 3f20
TRACE 83 A8_OUTPUT 704 24
TRACE 83 BF16_OUTPUT 704 3f77
TRACE 83 A8_OUTPUT 705 -5
TRACE 83 BF16_OUTPUT 705 be3e
TRACE 83 A8_OUTPUT 706 -21
TRACE 83 BF16_OUTPUT 706 bf5b
TRACE 83 A8_OUTPUT 707 -1
TRACE 83 BF16_OUTPUT 707 bcce
TRACE 83 A8_OUTPUT 708 14
TRACE 83 BF16_OUTPUT 708 3f16
TRACE 83 A8_OUTPUT 709 -1
TRACE 83 BF16_OUTPUT 709 bd1b
TRACE 83 A8_OUTPUT 710 -35
TRACE 83 BF16_OUTPUT 710 bfb4
TRACE 83 A8_OUTPUT 711 -19
TRACE 83 BF16_OUTPUT 711 bf44
TRACE 83 A8_OUTPUT 712 -16
TRACE 83 BF16_OUTPUT 712 bf2b
TRACE 83 A8_OUTPUT 713 -12
TRACE 83 BF16_OUTPUT 713 bf01
TRACE 83 A8_OUTPUT 714 37
TRACE 83 BF16_OUTPUT 714 3fc1
TRACE 83 A8_OUTPUT 715 10
TRACE 83 BF16_OUTPUT 715 3ed7
TRACE 83 A8_OUTPUT 716 26
TRACE 83 BF16_OUTPUT 716 3f88
TRACE 83 A8_OUTPUT 717 -1
TRACE 83 BF16_OUTPUT 717 bd39
TRACE 83 A8_OUTPUT 718 6
TRACE 83 BF16_OUTPUT 718 3e86
TRACE 83 A8_OUTPUT 719 -21
TRACE 83 BF16_OUTPUT 719 bf5e
TRACE 83 A8_OUTPUT 720 32
TRACE 83 BF16_OUTPUT 720 3fa6
TRACE 83 A8_OUTPUT 721 26
TRACE 83 BF16_OUTPUT 721 3f88
TRACE 83 A8_OUTPUT 722 -32
TRACE 83 BF16_OUTPUT 722 bfa4
TRACE 83 A8_OUTPUT 723 40
TRACE 83 BF16_OUTPUT 723 3fd2
TRACE 83 A8_OUTPUT 724 47
TRACE 83 BF16_OUTPUT 724 3ff5
TRACE 83 A8_OUTPUT 725 -39
TRACE 83 BF16_OUTPUT 725 bfcd
TRACE 83 A8_OUTPUT 726 -38
TRACE 83 BF16_OUTPUT 726 bfc5
TRACE 83 A8_OUTPUT 727 38
TRACE 83 BF16_OUTPUT 727 3fc5
TRACE 83 A8_OUTPUT 728 -5
TRACE 83 BF16_OUTPUT 728 be57
TRACE 83 A8_OUTPUT 729 -37
TRACE 83 BF16_OUTPUT 729 bfc1
TRACE 83 A8_OUTPUT 730 -35
TRACE 83 BF16_OUTPUT 730 bfb7
TRACE 83 A8_OUTPUT 731 23
TRACE 83 BF16_OUTPUT 731 3f73
TRACE 83 A8_OUTPUT 732 -39
TRACE 83 BF16_OUTPUT 732 bfcb
TRACE 83 A8_OUTPUT 733 10
TRACE 83 BF16_OUTPUT 733 3ece
TRACE 83 A8_OUTPUT 734 5
TRACE 83 BF16_OUTPUT 734 3e51
TRACE 83 A8_OUTPUT 735 -43
TRACE 83 BF16_OUTPUT 735 bfde
TRACE 83 A8_OUTPUT 736 -5
TRACE 83 BF16_OUTPUT 736 be57
TRACE 83 A8_OUTPUT 737 -27
TRACE 83 BF16_OUTPUT 737 bf8c
TRACE 83 A8_OUTPUT 738 26
TRACE 83 BF16_OUTPUT 738 3f86
TRACE 83 A8_OUTPUT 739 6
TRACE 83 BF16_OUTPUT 739 3e6c
TRACE 83 A8_OUTPUT 740 41
TRACE 83 BF16_OUTPUT 740 3fd6
TRACE 83 A8_OUTPUT 741 7
TRACE 83 BF16_OUTPUT 741 3e88
TRACE 83 A8_OUTPUT 742 -52
TRACE 83 BF16_OUTPUT 742 c006
TRACE 83 A8_OUTPUT 743 7
TRACE 83 BF16_OUTPUT 743 3e95
TRACE 83 A8_OUTPUT 744 -24
TRACE 83 BF16_OUTPUT 744 bf76
TRACE 83 A8_OUTPUT 745 58
TRACE 83 BF16_OUTPUT 745 4017
TRACE 83 A8_OUTPUT 746 25
TRACE 83 BF16_OUTPUT 746 3f82
TRACE 83 A8_OUTPUT 747 -31
TRACE 83 BF16_OUTPUT 747 bfa2
TRACE 83 A8_OUTPUT 748 -4
TRACE 83 BF16_OUTPUT 748 be13
TRACE 83 A8_OUTPUT 749 -58
TRACE 83 BF16_OUTPUT 749 c015
TRACE 83 A8_OUTPUT 750 5
TRACE 83 BF16_OUTPUT 750 3e3d
TRACE 83 A8_OUTPUT 751 1
TRACE 83 BF16_OUTPUT 751 3d55
TRACE 83 A8_OUTPUT 752 14
TRACE 83 BF16_OUTPUT 752 3f0f
TRACE 83 A8_OUTPUT 753 -71
TRACE 83 BF16_OUTPUT 753 c038
TRACE 83 A8_OUTPUT 754 23
TRACE 83 BF16_OUTPUT 754 3f6a
TRACE 83 A8_OUTPUT 755 -5
TRACE 83 BF16_OUTPUT 755 be4b
TRACE 83 A8_OUTPUT 756 -12
TRACE 83 BF16_OUTPUT 756 bef0
TRACE 83 A8_OUTPUT 757 15
TRACE 83 BF16_OUTPUT 757 3f20
TRACE 83 A8_OUTPUT 758 33
TRACE 83 BF16_OUTPUT 758 3fab
TRACE 83 A8_OUTPUT 759 -1
TRACE 83 BF16_OUTPUT 759 bd06
TRACE 83 A8_OUTPUT 760 -54
TRACE 83 BF16_OUTPUT 760 c00d
TRACE 83 A8_OUTPUT 761 -17
TRACE 83 BF16_OUTPUT 761 bf2b
TRACE 83 A8_OUTPUT 762 50
TRACE 83 BF16_OUTPUT 762 4002
TRACE 83 A8_OUTPUT 763 -3
TRACE 83 BF16_OUTPUT 763 be0b
TRACE 83 A8_OUTPUT 764 17
TRACE 83 BF16_OUTPUT 764 3f2e
TRACE 83 A8_OUTPUT 765 -3
TRACE 83 BF16_OUTPUT 765 be03
TRACE 83 A8_OUTPUT 766 -6
TRACE 83 BF16_OUTPUT 766 be82
TRACE 83 A8_OUTPUT 767 15
TRACE 83 BF16_OUTPUT 767 3f20
TRACE 84 INPUT_ACCEPT 12 0
TRACE 85 BF16_GROUP_ISSUE 12 0
TRACE 86 BF16_GROUP_ISSUE 12 1
TRACE 86 BF16_VALUE 768 3f8c
TRACE 86 BF16_VALUE 769 be87
TRACE 86 BF16_VALUE 770 bf3a
TRACE 86 BF16_VALUE 771 bda6
TRACE 86 BF16_VALUE 772 bedd
TRACE 86 BF16_VALUE 773 bd5e
TRACE 86 BF16_VALUE 774 be20
TRACE 86 BF16_VALUE 775 bec8
TRACE 86 BF16_VALUE 776 bec7
TRACE 86 BF16_VALUE 777 bf54
TRACE 86 BF16_VALUE 778 3eb3
TRACE 86 BF16_VALUE 779 bf41
TRACE 86 BF16_VALUE 780 bee9
TRACE 86 BF16_VALUE 781 3f51
TRACE 86 BF16_VALUE 782 bf54
TRACE 86 BF16_VALUE 783 3ede
TRACE 87 BF16_GROUP_ISSUE 12 2
TRACE 87 BF16_VALUE 784 be4c
TRACE 87 BF16_VALUE 785 beaf
TRACE 87 BF16_VALUE 786 bf84
TRACE 87 BF16_VALUE 787 3e85
TRACE 87 BF16_VALUE 788 3fbe
TRACE 87 BF16_VALUE 789 bf28
TRACE 87 BF16_VALUE 790 be15
TRACE 87 BF16_VALUE 791 3fb3
TRACE 87 BF16_VALUE 792 bf9b
TRACE 87 BF16_VALUE 793 be9f
TRACE 87 BF16_VALUE 794 bf94
TRACE 87 BF16_VALUE 795 3f23
TRACE 87 BF16_VALUE 796 bea7
TRACE 87 BF16_VALUE 797 4002
TRACE 87 BF16_VALUE 798 3fd5
TRACE 87 BF16_VALUE 799 bff8
TRACE 88 BF16_GROUP_ISSUE 12 3
TRACE 88 BF16_VALUE 800 bf74
TRACE 88 BF16_VALUE 801 3e80
TRACE 88 BF16_VALUE 802 3fa2
TRACE 88 BF16_VALUE 803 3e18
TRACE 88 BF16_VALUE 804 3f1c
TRACE 88 BF16_VALUE 805 be29
TRACE 88 BF16_VALUE 806 be7f
TRACE 88 BF16_VALUE 807 beee
TRACE 88 BF16_VALUE 808 3ed2
TRACE 88 BF16_VALUE 809 bf2e
TRACE 88 BF16_VALUE 810 3fd8
TRACE 88 BF16_VALUE 811 3e65
TRACE 88 BF16_VALUE 812 c045
TRACE 88 BF16_VALUE 813 3f9f
TRACE 88 BF16_VALUE 814 bde5
TRACE 88 BF16_VALUE 815 3e2f
TRACE 89 BF16_VALUE 816 3f13
TRACE 89 BF16_VALUE 817 be89
TRACE 89 BF16_VALUE 818 be5e
TRACE 89 BF16_VALUE 819 4011
TRACE 89 BF16_VALUE 820 3f5a
TRACE 89 BF16_VALUE 821 3e06
TRACE 89 BF16_VALUE 822 3e79
TRACE 89 BF16_VALUE 823 3b5a
TRACE 89 BF16_VALUE 824 bdb7
TRACE 89 BF16_VALUE 825 bed2
TRACE 89 BF16_VALUE 826 3f0a
TRACE 89 BF16_VALUE 827 3f61
TRACE 89 BF16_VALUE 828 3ecf
TRACE 89 BF16_VALUE 829 3f5e
TRACE 89 BF16_VALUE 830 3e4a
TRACE 89 BF16_VALUE 831 be85
TRACE 90 A8_OUTPUT 768 27
TRACE 90 BF16_OUTPUT 768 3f8c
TRACE 90 A8_OUTPUT 769 -7
TRACE 90 BF16_OUTPUT 769 be87
TRACE 90 A8_OUTPUT 770 -18
TRACE 90 BF16_OUTPUT 770 bf3a
TRACE 90 A8_OUTPUT 771 -2
TRACE 90 BF16_OUTPUT 771 bda6
TRACE 90 A8_OUTPUT 772 -11
TRACE 90 BF16_OUTPUT 772 bedd
TRACE 90 A8_OUTPUT 773 -1
TRACE 90 BF16_OUTPUT 773 bd5e
TRACE 90 A8_OUTPUT 774 -4
TRACE 90 BF16_OUTPUT 774 be20
TRACE 90 A8_OUTPUT 775 -10
TRACE 90 BF16_OUTPUT 775 bec8
TRACE 90 A8_OUTPUT 776 -10
TRACE 90 BF16_OUTPUT 776 bec7
TRACE 90 A8_OUTPUT 777 -20
TRACE 90 BF16_OUTPUT 777 bf54
TRACE 90 A8_OUTPUT 778 9
TRACE 90 BF16_OUTPUT 778 3eb3
TRACE 90 A8_OUTPUT 779 -19
TRACE 90 BF16_OUTPUT 779 bf41
TRACE 90 A8_OUTPUT 780 -11
TRACE 90 BF16_OUTPUT 780 bee9
TRACE 90 A8_OUTPUT 781 20
TRACE 90 BF16_OUTPUT 781 3f51
TRACE 90 A8_OUTPUT 782 -20
TRACE 90 BF16_OUTPUT 782 bf54
TRACE 90 A8_OUTPUT 783 11
TRACE 90 BF16_OUTPUT 783 3ede
TRACE 90 A8_OUTPUT 784 -5
TRACE 90 BF16_OUTPUT 784 be4c
TRACE 90 A8_OUTPUT 785 -8
TRACE 90 BF16_OUTPUT 785 beaf
TRACE 90 A8_OUTPUT 786 -25
TRACE 90 BF16_OUTPUT 786 bf84
TRACE 90 A8_OUTPUT 787 6
TRACE 90 BF16_OUTPUT 787 3e85
TRACE 90 A8_OUTPUT 788 37
TRACE 90 BF16_OUTPUT 788 3fbe
TRACE 90 A8_OUTPUT 789 -16
TRACE 90 BF16_OUTPUT 789 bf28
TRACE 90 A8_OUTPUT 790 -4
TRACE 90 BF16_OUTPUT 790 be15
TRACE 90 A8_OUTPUT 791 34
TRACE 90 BF16_OUTPUT 791 3fb3
TRACE 90 A8_OUTPUT 792 -30
TRACE 90 BF16_OUTPUT 792 bf9b
TRACE 90 A8_OUTPUT 793 -8
TRACE 90 BF16_OUTPUT 793 be9f
TRACE 90 A8_OUTPUT 794 -29
TRACE 90 BF16_OUTPUT 794 bf94
TRACE 90 A8_OUTPUT 795 16
TRACE 90 BF16_OUTPUT 795 3f23
TRACE 90 A8_OUTPUT 796 -8
TRACE 90 BF16_OUTPUT 796 bea7
TRACE 90 A8_OUTPUT 797 50
TRACE 90 BF16_OUTPUT 797 4002
TRACE 90 A8_OUTPUT 798 41
TRACE 90 BF16_OUTPUT 798 3fd5
TRACE 90 A8_OUTPUT 799 -48
TRACE 90 BF16_OUTPUT 799 bff8
TRACE 90 A8_OUTPUT 800 -23
TRACE 90 BF16_OUTPUT 800 bf74
TRACE 90 A8_OUTPUT 801 6
TRACE 90 BF16_OUTPUT 801 3e80
TRACE 90 A8_OUTPUT 802 31
TRACE 90 BF16_OUTPUT 802 3fa2
TRACE 90 A8_OUTPUT 803 4
TRACE 90 BF16_OUTPUT 803 3e18
TRACE 90 A8_OUTPUT 804 15
TRACE 90 BF16_OUTPUT 804 3f1c
TRACE 90 A8_OUTPUT 805 -4
TRACE 90 BF16_OUTPUT 805 be29
TRACE 90 A8_OUTPUT 806 -6
TRACE 90 BF16_OUTPUT 806 be7f
TRACE 90 A8_OUTPUT 807 -11
TRACE 90 BF16_OUTPUT 807 beee
TRACE 90 A8_OUTPUT 808 10
TRACE 90 BF16_OUTPUT 808 3ed2
TRACE 90 A8_OUTPUT 809 -17
TRACE 90 BF16_OUTPUT 809 bf2e
TRACE 90 A8_OUTPUT 810 42
TRACE 90 BF16_OUTPUT 810 3fd8
TRACE 90 A8_OUTPUT 811 6
TRACE 90 BF16_OUTPUT 811 3e65
TRACE 90 A8_OUTPUT 812 -76
TRACE 90 BF16_OUTPUT 812 c045
TRACE 90 A8_OUTPUT 813 31
TRACE 90 BF16_OUTPUT 813 3f9f
TRACE 90 A8_OUTPUT 814 -3
TRACE 90 BF16_OUTPUT 814 bde5
TRACE 90 A8_OUTPUT 815 4
TRACE 90 BF16_OUTPUT 815 3e2f
TRACE 90 A8_OUTPUT 816 14
TRACE 90 BF16_OUTPUT 816 3f13
TRACE 90 A8_OUTPUT 817 -7
TRACE 90 BF16_OUTPUT 817 be89
TRACE 90 A8_OUTPUT 818 -5
TRACE 90 BF16_OUTPUT 818 be5e
TRACE 90 A8_OUTPUT 819 56
TRACE 90 BF16_OUTPUT 819 4011
TRACE 90 A8_OUTPUT 820 21
TRACE 90 BF16_OUTPUT 820 3f5a
TRACE 90 A8_OUTPUT 821 3
TRACE 90 BF16_OUTPUT 821 3e06
TRACE 90 A8_OUTPUT 822 6
TRACE 90 BF16_OUTPUT 822 3e79
TRACE 90 A8_OUTPUT 823 0
TRACE 90 BF16_OUTPUT 823 3b5a
TRACE 90 A8_OUTPUT 824 -2
TRACE 90 BF16_OUTPUT 824 bdb7
TRACE 90 A8_OUTPUT 825 -10
TRACE 90 BF16_OUTPUT 825 bed2
TRACE 90 A8_OUTPUT 826 13
TRACE 90 BF16_OUTPUT 826 3f0a
TRACE 90 A8_OUTPUT 827 22
TRACE 90 BF16_OUTPUT 827 3f61
TRACE 90 A8_OUTPUT 828 10
TRACE 90 BF16_OUTPUT 828 3ecf
TRACE 90 A8_OUTPUT 829 21
TRACE 90 BF16_OUTPUT 829 3f5e
TRACE 90 A8_OUTPUT 830 5
TRACE 90 BF16_OUTPUT 830 3e4a
TRACE 90 A8_OUTPUT 831 -6
TRACE 90 BF16_OUTPUT 831 be85
TRACE 91 INPUT_ACCEPT 13 0
TRACE 92 BF16_GROUP_ISSUE 13 0
TRACE 93 BF16_GROUP_ISSUE 13 1
TRACE 93 BF16_VALUE 832 be85
TRACE 93 BF16_VALUE 833 3ea6
TRACE 93 BF16_VALUE 834 3e83
TRACE 93 BF16_VALUE 835 bf25
TRACE 93 BF16_VALUE 836 bf57
TRACE 93 BF16_VALUE 837 3eed
TRACE 93 BF16_VALUE 838 3f01
TRACE 93 BF16_VALUE 839 beff
TRACE 93 BF16_VALUE 840 bf46
TRACE 93 BF16_VALUE 841 bf19
TRACE 93 BF16_VALUE 842 3dd8
TRACE 93 BF16_VALUE 843 be98
TRACE 93 BF16_VALUE 844 bf8e
TRACE 93 BF16_VALUE 845 3eb7
TRACE 93 BF16_VALUE 846 bf8f
TRACE 93 BF16_VALUE 847 3dbc
TRACE 94 BF16_GROUP_ISSUE 13 2
TRACE 94 BF16_VALUE 848 bf30
TRACE 94 BF16_VALUE 849 bfde
TRACE 94 BF16_VALUE 850 bfd0
TRACE 94 BF16_VALUE 851 3efc
TRACE 94 BF16_VALUE 852 bf6b
TRACE 94 BF16_VALUE 853 3f90
TRACE 94 BF16_VALUE 854 3fdf
TRACE 94 BF16_VALUE 855 3f14
TRACE 94 BF16_VALUE 856 bf7f
TRACE 94 BF16_VALUE 857 3fd7
TRACE 94 BF16_VALUE 858 3e2e
TRACE 94 BF16_VALUE 859 bf03
TRACE 94 BF16_VALUE 860 c003
TRACE 94 BF16_VALUE 861 bd18
TRACE 94 BF16_VALUE 862 bf4c
TRACE 94 BF16_VALUE 863 3de0
TRACE 95 BF16_GROUP_ISSUE 13 3
TRACE 95 BF16_VALUE 864 be95
TRACE 95 BF16_VALUE 865 3fa1
TRACE 95 BF16_VALUE 866 3e52
TRACE 95 BF16_VALUE 867 bfd0
TRACE 95 BF16_VALUE 868 bf9c
TRACE 95 BF16_VALUE 869 bfdb
TRACE 95 BF16_VALUE 870 bfa6
TRACE 95 BF16_VALUE 871 3e5a
TRACE 95 BF16_VALUE 872 bf67
TRACE 95 BF16_VALUE 873 bf1f
TRACE 95 BF16_VALUE 874 be55
TRACE 95 BF16_VALUE 875 beb6
TRACE 95 BF16_VALUE 876 3eb9
TRACE 95 BF16_VALUE 877 3f8d
TRACE 95 BF16_VALUE 878 3fcb
TRACE 95 BF16_VALUE 879 c016
TRACE 96 BF16_VALUE 880 c036
TRACE 96 BF16_VALUE 881 bf63
TRACE 96 BF16_VALUE 882 bfde
TRACE 96 BF16_VALUE 883 3f41
TRACE 96 BF16_VALUE 884 3f5f
TRACE 96 BF16_VALUE 885 be6c
TRACE 96 BF16_VALUE 886 3fbe
TRACE 96 BF16_VALUE 887 3f76
TRACE 96 BF16_VALUE 888 3e87
TRACE 96 BF16_VALUE 889 3f3c
TRACE 96 BF16_VALUE 890 bfc5
TRACE 96 BF16_VALUE 891 3e58
TRACE 96 BF16_VALUE 892 bf97
TRACE 96 BF16_VALUE 893 be79
TRACE 96 BF16_VALUE 894 3e43
TRACE 96 BF16_VALUE 895 3e0a
TRACE 97 A8_OUTPUT 832 -6
TRACE 97 BF16_OUTPUT 832 be85
TRACE 97 A8_OUTPUT 833 8
TRACE 97 BF16_OUTPUT 833 3ea6
TRACE 97 A8_OUTPUT 834 6
TRACE 97 BF16_OUTPUT 834 3e83
TRACE 97 A8_OUTPUT 835 -16
TRACE 97 BF16_OUTPUT 835 bf25
TRACE 97 A8_OUTPUT 836 -21
TRACE 97 BF16_OUTPUT 836 bf57
TRACE 97 A8_OUTPUT 837 11
TRACE 97 BF16_OUTPUT 837 3eed
TRACE 97 A8_OUTPUT 838 12
TRACE 97 BF16_OUTPUT 838 3f01
TRACE 97 A8_OUTPUT 839 -12
TRACE 97 BF16_OUTPUT 839 beff
TRACE 97 A8_OUTPUT 840 -19
TRACE 97 BF16_OUTPUT 840 bf46
TRACE 97 A8_OUTPUT 841 -15
TRACE 97 BF16_OUTPUT 841 bf19
TRACE 97 A8_OUTPUT 842 3
TRACE 97 BF16_OUTPUT 842 3dd8
TRACE 97 A8_OUTPUT 843 -7
TRACE 97 BF16_OUTPUT 843 be98
TRACE 97 A8_OUTPUT 844 -27
TRACE 97 BF16_OUTPUT 844 bf8e
TRACE 97 A8_OUTPUT 845 9
TRACE 97 BF16_OUTPUT 845 3eb7
TRACE 97 A8_OUTPUT 846 -28
TRACE 97 BF16_OUTPUT 846 bf8f
TRACE 97 A8_OUTPUT 847 2
TRACE 97 BF16_OUTPUT 847 3dbc
TRACE 97 A8_OUTPUT 848 -17
TRACE 97 BF16_OUTPUT 848 bf30
TRACE 97 A8_OUTPUT 849 -43
TRACE 97 BF16_OUTPUT 849 bfde
TRACE 97 A8_OUTPUT 850 -40
TRACE 97 BF16_OUTPUT 850 bfd0
TRACE 97 A8_OUTPUT 851 12
TRACE 97 BF16_OUTPUT 851 3efc
TRACE 97 A8_OUTPUT 852 -23
TRACE 97 BF16_OUTPUT 852 bf6b
TRACE 97 A8_OUTPUT 853 28
TRACE 97 BF16_OUTPUT 853 3f90
TRACE 97 A8_OUTPUT 854 43
TRACE 97 BF16_OUTPUT 854 3fdf
TRACE 97 A8_OUTPUT 855 14
TRACE 97 BF16_OUTPUT 855 3f14
TRACE 97 A8_OUTPUT 856 -25
TRACE 97 BF16_OUTPUT 856 bf7f
TRACE 97 A8_OUTPUT 857 41
TRACE 97 BF16_OUTPUT 857 3fd7
TRACE 97 A8_OUTPUT 858 4
TRACE 97 BF16_OUTPUT 858 3e2e
TRACE 97 A8_OUTPUT 859 -13
TRACE 97 BF16_OUTPUT 859 bf03
TRACE 97 A8_OUTPUT 860 -51
TRACE 97 BF16_OUTPUT 860 c003
TRACE 97 A8_OUTPUT 861 -1
TRACE 97 BF16_OUTPUT 861 bd18
TRACE 97 A8_OUTPUT 862 -20
TRACE 97 BF16_OUTPUT 862 bf4c
TRACE 97 A8_OUTPUT 863 3
TRACE 97 BF16_OUTPUT 863 3de0
TRACE 97 A8_OUTPUT 864 -7
TRACE 97 BF16_OUTPUT 864 be95
TRACE 97 A8_OUTPUT 865 31
TRACE 97 BF16_OUTPUT 865 3fa1
TRACE 97 A8_OUTPUT 866 5
TRACE 97 BF16_OUTPUT 866 3e52
TRACE 97 A8_OUTPUT 867 -40
TRACE 97 BF16_OUTPUT 867 bfd0
TRACE 97 A8_OUTPUT 868 -30
TRACE 97 BF16_OUTPUT 868 bf9c
TRACE 97 A8_OUTPUT 869 -42
TRACE 97 BF16_OUTPUT 869 bfdb
TRACE 97 A8_OUTPUT 870 -32
TRACE 97 BF16_OUTPUT 870 bfa6
TRACE 97 A8_OUTPUT 871 5
TRACE 97 BF16_OUTPUT 871 3e5a
TRACE 97 A8_OUTPUT 872 -22
TRACE 97 BF16_OUTPUT 872 bf67
TRACE 97 A8_OUTPUT 873 -15
TRACE 97 BF16_OUTPUT 873 bf1f
TRACE 97 A8_OUTPUT 874 -5
TRACE 97 BF16_OUTPUT 874 be55
TRACE 97 A8_OUTPUT 875 -9
TRACE 97 BF16_OUTPUT 875 beb6
TRACE 97 A8_OUTPUT 876 9
TRACE 97 BF16_OUTPUT 876 3eb9
TRACE 97 A8_OUTPUT 877 27
TRACE 97 BF16_OUTPUT 877 3f8d
TRACE 97 A8_OUTPUT 878 39
TRACE 97 BF16_OUTPUT 878 3fcb
TRACE 97 A8_OUTPUT 879 -58
TRACE 97 BF16_OUTPUT 879 c016
TRACE 97 A8_OUTPUT 880 -70
TRACE 97 BF16_OUTPUT 880 c036
TRACE 97 A8_OUTPUT 881 -22
TRACE 97 BF16_OUTPUT 881 bf63
TRACE 97 A8_OUTPUT 882 -43
TRACE 97 BF16_OUTPUT 882 bfde
TRACE 97 A8_OUTPUT 883 19
TRACE 97 BF16_OUTPUT 883 3f41
TRACE 97 A8_OUTPUT 884 21
TRACE 97 BF16_OUTPUT 884 3f5f
TRACE 97 A8_OUTPUT 885 -6
TRACE 97 BF16_OUTPUT 885 be6c
TRACE 97 A8_OUTPUT 886 37
TRACE 97 BF16_OUTPUT 886 3fbe
TRACE 97 A8_OUTPUT 887 24
TRACE 97 BF16_OUTPUT 887 3f76
TRACE 97 A8_OUTPUT 888 7
TRACE 97 BF16_OUTPUT 888 3e87
TRACE 97 A8_OUTPUT 889 18
TRACE 97 BF16_OUTPUT 889 3f3c
TRACE 97 A8_OUTPUT 890 -38
TRACE 97 BF16_OUTPUT 890 bfc5
TRACE 97 A8_OUTPUT 891 5
TRACE 97 BF16_OUTPUT 891 3e58
TRACE 97 A8_OUTPUT 892 -29
TRACE 97 BF16_OUTPUT 892 bf97
TRACE 97 A8_OUTPUT 893 -6
TRACE 97 BF16_OUTPUT 893 be79
TRACE 97 A8_OUTPUT 894 5
TRACE 97 BF16_OUTPUT 894 3e43
TRACE 97 A8_OUTPUT 895 3
TRACE 97 BF16_OUTPUT 895 3e0a
TRACE 98 INPUT_ACCEPT 14 0
TRACE 99 BF16_GROUP_ISSUE 14 0
TRACE 100 BF16_GROUP_ISSUE 14 1
TRACE 100 BF16_VALUE 896 3eac
TRACE 100 BF16_VALUE 897 3f1c
TRACE 100 BF16_VALUE 898 bd03
TRACE 100 BF16_VALUE 899 bf99
TRACE 100 BF16_VALUE 900 bf07
TRACE 100 BF16_VALUE 901 bd86
TRACE 100 BF16_VALUE 902 3d8a
TRACE 100 BF16_VALUE 903 bf5b
TRACE 100 BF16_VALUE 904 bf41
TRACE 100 BF16_VALUE 905 3ef6
TRACE 100 BF16_VALUE 906 beab
TRACE 100 BF16_VALUE 907 bf9e
TRACE 100 BF16_VALUE 908 3f93
TRACE 100 BF16_VALUE 909 be9d
TRACE 100 BF16_VALUE 910 bef7
TRACE 100 BF16_VALUE 911 3fbb
TRACE 101 BF16_GROUP_ISSUE 14 2
TRACE 101 BF16_VALUE 912 bea6
TRACE 101 BF16_VALUE 913 be51
TRACE 101 BF16_VALUE 914 be91
TRACE 101 BF16_VALUE 915 bda7
TRACE 101 BF16_VALUE 916 3cf3
TRACE 101 BF16_VALUE 917 3f50
TRACE 101 BF16_VALUE 918 bd79
TRACE 101 BF16_VALUE 919 3e5e
TRACE 101 BF16_VALUE 920 bebb
TRACE 101 BF16_VALUE 921 beaf
TRACE 101 BF16_VALUE 922 be0d
TRACE 101 BF16_VALUE 923 bf3e
TRACE 101 BF16_VALUE 924 3e09
TRACE 101 BF16_VALUE 925 3eea
TRACE 101 BF16_VALUE 926 bec9
TRACE 101 BF16_VALUE 927 3eaf
TRACE 102 BF16_GROUP_ISSUE 14 3
TRACE 102 BF16_VALUE 928 bdb1
TRACE 102 BF16_VALUE 929 bedc
TRACE 102 BF16_VALUE 930 3eb6
TRACE 102 BF16_VALUE 931 bf18
TRACE 102 BF16_VALUE 932 3ede
TRACE 102 BF16_VALUE 933 3f3e
TRACE 102 BF16_VALUE 934 bf64
TRACE 102 BF16_VALUE 935 3e5e
TRACE 102 BF16_VALUE 936 3f58
TRACE 102 BF16_VALUE 937 bf1c
TRACE 102 BF16_VALUE 938 3f88
TRACE 102 BF16_VALUE 939 3fee
TRACE 102 BF16_VALUE 940 3f88
TRACE 102 BF16_VALUE 941 bf06
TRACE 102 BF16_VALUE 942 3c14
TRACE 102 BF16_VALUE 943 bfdc
TRACE 103 BF16_VALUE 944 bf3f
TRACE 103 BF16_VALUE 945 bf96
TRACE 103 BF16_VALUE 946 3ec3
TRACE 103 BF16_VALUE 947 3d84
TRACE 103 BF16_VALUE 948 bfe9
TRACE 103 BF16_VALUE 949 bf22
TRACE 103 BF16_VALUE 950 3e8f
TRACE 103 BF16_VALUE 951 bf67
TRACE 103 BF16_VALUE 952 3ecc
TRACE 103 BF16_VALUE 953 be54
TRACE 103 BF16_VALUE 954 3ec2
TRACE 103 BF16_VALUE 955 be37
TRACE 103 BF16_VALUE 956 3f57
TRACE 103 BF16_VALUE 957 3eb9
TRACE 103 BF16_VALUE 958 be85
TRACE 103 BF16_VALUE 959 3e61
TRACE 104 A8_OUTPUT 896 8
TRACE 104 BF16_OUTPUT 896 3eac
TRACE 104 A8_OUTPUT 897 15
TRACE 104 BF16_OUTPUT 897 3f1c
TRACE 104 A8_OUTPUT 898 -1
TRACE 104 BF16_OUTPUT 898 bd03
TRACE 104 A8_OUTPUT 899 -29
TRACE 104 BF16_OUTPUT 899 bf99
TRACE 104 A8_OUTPUT 900 -13
TRACE 104 BF16_OUTPUT 900 bf07
TRACE 104 A8_OUTPUT 901 -2
TRACE 104 BF16_OUTPUT 901 bd86
TRACE 104 A8_OUTPUT 902 2
TRACE 104 BF16_OUTPUT 902 3d8a
TRACE 104 A8_OUTPUT 903 -21
TRACE 104 BF16_OUTPUT 903 bf5b
TRACE 104 A8_OUTPUT 904 -19
TRACE 104 BF16_OUTPUT 904 bf41
TRACE 104 A8_OUTPUT 905 12
TRACE 104 BF16_OUTPUT 905 3ef6
TRACE 104 A8_OUTPUT 906 -8
TRACE 104 BF16_OUTPUT 906 beab
TRACE 104 A8_OUTPUT 907 -30
TRACE 104 BF16_OUTPUT 907 bf9e
TRACE 104 A8_OUTPUT 908 28
TRACE 104 BF16_OUTPUT 908 3f93
TRACE 104 A8_OUTPUT 909 -8
TRACE 104 BF16_OUTPUT 909 be9d
TRACE 104 A8_OUTPUT 910 -12
TRACE 104 BF16_OUTPUT 910 bef7
TRACE 104 A8_OUTPUT 911 36
TRACE 104 BF16_OUTPUT 911 3fbb
TRACE 104 A8_OUTPUT 912 -8
TRACE 104 BF16_OUTPUT 912 bea6
TRACE 104 A8_OUTPUT 913 -5
TRACE 104 BF16_OUTPUT 913 be51
TRACE 104 A8_OUTPUT 914 -7
TRACE 104 BF16_OUTPUT 914 be91
TRACE 104 A8_OUTPUT 915 -2
TRACE 104 BF16_OUTPUT 915 bda7
TRACE 104 A8_OUTPUT 916 1
TRACE 104 BF16_OUTPUT 916 3cf3
TRACE 104 A8_OUTPUT 917 20
TRACE 104 BF16_OUTPUT 917 3f50
TRACE 104 A8_OUTPUT 918 -1
TRACE 104 BF16_OUTPUT 918 bd79
TRACE 104 A8_OUTPUT 919 5
TRACE 104 BF16_OUTPUT 919 3e5e
TRACE 104 A8_OUTPUT 920 -9
TRACE 104 BF16_OUTPUT 920 bebb
TRACE 104 A8_OUTPUT 921 -8
TRACE 104 BF16_OUTPUT 921 beaf
TRACE 104 A8_OUTPUT 922 -3
TRACE 104 BF16_OUTPUT 922 be0d
TRACE 104 A8_OUTPUT 923 -18
TRACE 104 BF16_OUTPUT 923 bf3e
TRACE 104 A8_OUTPUT 924 3
TRACE 104 BF16_OUTPUT 924 3e09
TRACE 104 A8_OUTPUT 925 11
TRACE 104 BF16_OUTPUT 925 3eea
TRACE 104 A8_OUTPUT 926 -10
TRACE 104 BF16_OUTPUT 926 bec9
TRACE 104 A8_OUTPUT 927 8
TRACE 104 BF16_OUTPUT 927 3eaf
TRACE 104 A8_OUTPUT 928 -2
TRACE 104 BF16_OUTPUT 928 bdb1
TRACE 104 A8_OUTPUT 929 -11
TRACE 104 BF16_OUTPUT 929 bedc
TRACE 104 A8_OUTPUT 930 9
TRACE 104 BF16_OUTPUT 930 3eb6
TRACE 104 A8_OUTPUT 931 -15
TRACE 104 BF16_OUTPUT 931 bf18
TRACE 104 A8_OUTPUT 932 11
TRACE 104 BF16_OUTPUT 932 3ede
TRACE 104 A8_OUTPUT 933 18
TRACE 104 BF16_OUTPUT 933 3f3e
TRACE 104 A8_OUTPUT 934 -22
TRACE 104 BF16_OUTPUT 934 bf64
TRACE 104 A8_OUTPUT 935 5
TRACE 104 BF16_OUTPUT 935 3e5e
TRACE 104 A8_OUTPUT 936 21
TRACE 104 BF16_OUTPUT 936 3f58
TRACE 104 A8_OUTPUT 937 -15
TRACE 104 BF16_OUTPUT 937 bf1c
TRACE 104 A8_OUTPUT 938 26
TRACE 104 BF16_OUTPUT 938 3f88
TRACE 104 A8_OUTPUT 939 46
TRACE 104 BF16_OUTPUT 939 3fee
TRACE 104 A8_OUTPUT 940 26
TRACE 104 BF16_OUTPUT 940 3f88
TRACE 104 A8_OUTPUT 941 -13
TRACE 104 BF16_OUTPUT 941 bf06
TRACE 104 A8_OUTPUT 942 0
TRACE 104 BF16_OUTPUT 942 3c14
TRACE 104 A8_OUTPUT 943 -42
TRACE 104 BF16_OUTPUT 943 bfdc
TRACE 104 A8_OUTPUT 944 -18
TRACE 104 BF16_OUTPUT 944 bf3f
TRACE 104 A8_OUTPUT 945 -29
TRACE 104 BF16_OUTPUT 945 bf96
TRACE 104 A8_OUTPUT 946 9
TRACE 104 BF16_OUTPUT 946 3ec3
TRACE 104 A8_OUTPUT 947 2
TRACE 104 BF16_OUTPUT 947 3d84
TRACE 104 A8_OUTPUT 948 -45
TRACE 104 BF16_OUTPUT 948 bfe9
TRACE 104 A8_OUTPUT 949 -16
TRACE 104 BF16_OUTPUT 949 bf22
TRACE 104 A8_OUTPUT 950 7
TRACE 104 BF16_OUTPUT 950 3e8f
TRACE 104 A8_OUTPUT 951 -22
TRACE 104 BF16_OUTPUT 951 bf67
TRACE 104 A8_OUTPUT 952 10
TRACE 104 BF16_OUTPUT 952 3ecc
TRACE 104 A8_OUTPUT 953 -5
TRACE 104 BF16_OUTPUT 953 be54
TRACE 104 A8_OUTPUT 954 9
TRACE 104 BF16_OUTPUT 954 3ec2
TRACE 104 A8_OUTPUT 955 -4
TRACE 104 BF16_OUTPUT 955 be37
TRACE 104 A8_OUTPUT 956 21
TRACE 104 BF16_OUTPUT 956 3f57
TRACE 104 A8_OUTPUT 957 9
TRACE 104 BF16_OUTPUT 957 3eb9
TRACE 104 A8_OUTPUT 958 -6
TRACE 104 BF16_OUTPUT 958 be85
TRACE 104 A8_OUTPUT 959 5
TRACE 104 BF16_OUTPUT 959 3e61
TRACE 105 INPUT_ACCEPT 15 0
TRACE 106 BF16_GROUP_ISSUE 15 0
TRACE 107 BF16_GROUP_ISSUE 15 1
TRACE 107 BF16_VALUE 960 bd50
TRACE 107 BF16_VALUE 961 3e4e
TRACE 107 BF16_VALUE 962 3d45
TRACE 107 BF16_VALUE 963 4003
TRACE 107 BF16_VALUE 964 3f99
TRACE 107 BF16_VALUE 965 bf1e
TRACE 107 BF16_VALUE 966 3fb1
TRACE 107 BF16_VALUE 967 3f73
TRACE 107 BF16_VALUE 968 be6e
TRACE 107 BF16_VALUE 969 bf62
TRACE 107 BF16_VALUE 970 bfe2
TRACE 107 BF16_VALUE 971 be64
TRACE 107 BF16_VALUE 972 bffe
TRACE 107 BF16_VALUE 973 3e92
TRACE 107 BF16_VALUE 974 beee
TRACE 107 BF16_VALUE 975 3f4d
TRACE 108 BF16_GROUP_ISSUE 15 2
TRACE 108 BF16_VALUE 976 bec9
TRACE 108 BF16_VALUE 977 3f43
TRACE 108 BF16_VALUE 978 3ec5
TRACE 108 BF16_VALUE 979 beed
TRACE 108 BF16_VALUE 980 3ede
TRACE 108 BF16_VALUE 981 be5f
TRACE 108 BF16_VALUE 982 bebb
TRACE 108 BF16_VALUE 983 bd0f
TRACE 108 BF16_VALUE 984 3ec5
TRACE 108 BF16_VALUE 985 3e80
TRACE 108 BF16_VALUE 986 3eb3
TRACE 108 BF16_VALUE 987 bf23
TRACE 108 BF16_VALUE 988 bee4
TRACE 108 BF16_VALUE 989 bfa6
TRACE 108 BF16_VALUE 990 bf46
TRACE 108 BF16_VALUE 991 3f0a
TRACE 109 BF16_GROUP_ISSUE 15 3
TRACE 109 BF16_VALUE 992 bf14
TRACE 109 BF16_VALUE 993 bf0d
TRACE 109 BF16_VALUE 994 be61
TRACE 109 BF16_VALUE 995 bf3d
TRACE 109 BF16_VALUE 996 be55
TRACE 109 BF16_VALUE 997 be1f
TRACE 109 BF16_VALUE 998 3f6a
TRACE 109 BF16_VALUE 999 3f60
TRACE 109 BF16_VALUE 1000 bfab
TRACE 109 BF16_VALUE 1001 bf6a
TRACE 109 BF16_VALUE 1002 beb5
TRACE 109 BF16_VALUE 1003 bff1
TRACE 109 BF16_VALUE 1004 3d9b
TRACE 109 BF16_VALUE 1005 bfcd
TRACE 109 BF16_VALUE 1006 bfe2
TRACE 109 BF16_VALUE 1007 bf36
TRACE 110 BF16_VALUE 1008 4013
TRACE 110 BF16_VALUE 1009 bed5
TRACE 110 BF16_VALUE 1010 bed0
TRACE 110 BF16_VALUE 1011 bed6
TRACE 110 BF16_VALUE 1012 bfbf
TRACE 110 BF16_VALUE 1013 3f30
TRACE 110 BF16_VALUE 1014 bfa5
TRACE 110 BF16_VALUE 1015 3e13
TRACE 110 BF16_VALUE 1016 bfd0
TRACE 110 BF16_VALUE 1017 bf4f
TRACE 110 BF16_VALUE 1018 3e97
TRACE 110 BF16_VALUE 1019 beb8
TRACE 110 BF16_VALUE 1020 bef9
TRACE 110 BF16_VALUE 1021 3dff
TRACE 110 BF16_VALUE 1022 3eb1
TRACE 110 BF16_VALUE 1023 3fc1
TRACE 111 A8_OUTPUT 960 -1
TRACE 111 BF16_OUTPUT 960 bd50
TRACE 111 A8_OUTPUT 961 5
TRACE 111 BF16_OUTPUT 961 3e4e
TRACE 111 A8_OUTPUT 962 1
TRACE 111 BF16_OUTPUT 962 3d45
TRACE 111 A8_OUTPUT 963 50
TRACE 111 BF16_OUTPUT 963 4003
TRACE 111 A8_OUTPUT 964 30
TRACE 111 BF16_OUTPUT 964 3f99
TRACE 111 A8_OUTPUT 965 -15
TRACE 111 BF16_OUTPUT 965 bf1e
TRACE 111 A8_OUTPUT 966 34
TRACE 111 BF16_OUTPUT 966 3fb1
TRACE 111 A8_OUTPUT 967 23
TRACE 111 BF16_OUTPUT 967 3f73
TRACE 111 A8_OUTPUT 968 -6
TRACE 111 BF16_OUTPUT 968 be6e
TRACE 111 A8_OUTPUT 969 -22
TRACE 111 BF16_OUTPUT 969 bf62
TRACE 111 A8_OUTPUT 970 -44
TRACE 111 BF16_OUTPUT 970 bfe2
TRACE 111 A8_OUTPUT 971 -5
TRACE 111 BF16_OUTPUT 971 be64
TRACE 111 A8_OUTPUT 972 -49
TRACE 111 BF16_OUTPUT 972 bffe
TRACE 111 A8_OUTPUT 973 7
TRACE 111 BF16_OUTPUT 973 3e92
TRACE 111 A8_OUTPUT 974 -11
TRACE 111 BF16_OUTPUT 974 beee
TRACE 111 A8_OUTPUT 975 20
TRACE 111 BF16_OUTPUT 975 3f4d
TRACE 111 A8_OUTPUT 976 -10
TRACE 111 BF16_OUTPUT 976 bec9
TRACE 111 A8_OUTPUT 977 19
TRACE 111 BF16_OUTPUT 977 3f43
TRACE 111 A8_OUTPUT 978 9
TRACE 111 BF16_OUTPUT 978 3ec5
TRACE 111 A8_OUTPUT 979 -11
TRACE 111 BF16_OUTPUT 979 beed
TRACE 111 A8_OUTPUT 980 11
TRACE 111 BF16_OUTPUT 980 3ede
TRACE 111 A8_OUTPUT 981 -5
TRACE 111 BF16_OUTPUT 981 be5f
TRACE 111 A8_OUTPUT 982 -9
TRACE 111 BF16_OUTPUT 982 bebb
TRACE 111 A8_OUTPUT 983 -1
TRACE 111 BF16_OUTPUT 983 bd0f
TRACE 111 A8_OUTPUT 984 9
TRACE 111 BF16_OUTPUT 984 3ec5
TRACE 111 A8_OUTPUT 985 6
TRACE 111 BF16_OUTPUT 985 3e80
TRACE 111 A8_OUTPUT 986 9
TRACE 111 BF16_OUTPUT 986 3eb3
TRACE 111 A8_OUTPUT 987 -16
TRACE 111 BF16_OUTPUT 987 bf23
TRACE 111 A8_OUTPUT 988 -11
TRACE 111 BF16_OUTPUT 988 bee4
TRACE 111 A8_OUTPUT 989 -32
TRACE 111 BF16_OUTPUT 989 bfa6
TRACE 111 A8_OUTPUT 990 -19
TRACE 111 BF16_OUTPUT 990 bf46
TRACE 111 A8_OUTPUT 991 13
TRACE 111 BF16_OUTPUT 991 3f0a
TRACE 111 A8_OUTPUT 992 -14
TRACE 111 BF16_OUTPUT 992 bf14
TRACE 111 A8_OUTPUT 993 -14
TRACE 111 BF16_OUTPUT 993 bf0d
TRACE 111 A8_OUTPUT 994 -5
TRACE 111 BF16_OUTPUT 994 be61
TRACE 111 A8_OUTPUT 995 -18
TRACE 111 BF16_OUTPUT 995 bf3d
TRACE 111 A8_OUTPUT 996 -5
TRACE 111 BF16_OUTPUT 996 be55
TRACE 111 A8_OUTPUT 997 -4
TRACE 111 BF16_OUTPUT 997 be1f
TRACE 111 A8_OUTPUT 998 23
TRACE 111 BF16_OUTPUT 998 3f6a
TRACE 111 A8_OUTPUT 999 22
TRACE 111 BF16_OUTPUT 999 3f60
TRACE 111 A8_OUTPUT 1000 -33
TRACE 111 BF16_OUTPUT 1000 bfab
TRACE 111 A8_OUTPUT 1001 -23
TRACE 111 BF16_OUTPUT 1001 bf6a
TRACE 111 A8_OUTPUT 1002 -9
TRACE 111 BF16_OUTPUT 1002 beb5
TRACE 111 A8_OUTPUT 1003 -46
TRACE 111 BF16_OUTPUT 1003 bff1
TRACE 111 A8_OUTPUT 1004 2
TRACE 111 BF16_OUTPUT 1004 3d9b
TRACE 111 A8_OUTPUT 1005 -39
TRACE 111 BF16_OUTPUT 1005 bfcd
TRACE 111 A8_OUTPUT 1006 -44
TRACE 111 BF16_OUTPUT 1006 bfe2
TRACE 111 A8_OUTPUT 1007 -18
TRACE 111 BF16_OUTPUT 1007 bf36
TRACE 111 A8_OUTPUT 1008 57
TRACE 111 BF16_OUTPUT 1008 4013
TRACE 111 A8_OUTPUT 1009 -10
TRACE 111 BF16_OUTPUT 1009 bed5
TRACE 111 A8_OUTPUT 1010 -10
TRACE 111 BF16_OUTPUT 1010 bed0
TRACE 111 A8_OUTPUT 1011 -10
TRACE 111 BF16_OUTPUT 1011 bed6
TRACE 111 A8_OUTPUT 1012 -37
TRACE 111 BF16_OUTPUT 1012 bfbf
TRACE 111 A8_OUTPUT 1013 17
TRACE 111 BF16_OUTPUT 1013 3f30
TRACE 111 A8_OUTPUT 1014 -32
TRACE 111 BF16_OUTPUT 1014 bfa5
TRACE 111 A8_OUTPUT 1015 4
TRACE 111 BF16_OUTPUT 1015 3e13
TRACE 111 A8_OUTPUT 1016 -40
TRACE 111 BF16_OUTPUT 1016 bfd0
TRACE 111 A8_OUTPUT 1017 -20
TRACE 111 BF16_OUTPUT 1017 bf4f
TRACE 111 A8_OUTPUT 1018 7
TRACE 111 BF16_OUTPUT 1018 3e97
TRACE 111 A8_OUTPUT 1019 -9
TRACE 111 BF16_OUTPUT 1019 beb8
TRACE 111 A8_OUTPUT 1020 -12
TRACE 111 BF16_OUTPUT 1020 bef9
TRACE 111 A8_OUTPUT 1021 3
TRACE 111 BF16_OUTPUT 1021 3dff
TRACE 111 A8_OUTPUT 1022 9
TRACE 111 BF16_OUTPUT 1022 3eb1
TRACE 111 A8_OUTPUT 1023 37
TRACE 111 BF16_OUTPUT 1023 3fc1
TRACE 112 INPUT_ACCEPT 16 0
TRACE 113 BF16_GROUP_ISSUE 16 0
TRACE 114 BF16_GROUP_ISSUE 16 1
TRACE 114 BF16_VALUE 1024 3e13
TRACE 114 BF16_VALUE 1025 400b
TRACE 114 BF16_VALUE 1026 bf64
TRACE 114 BF16_VALUE 1027 bf15
TRACE 114 BF16_VALUE 1028 3e8d
TRACE 114 BF16_VALUE 1029 3da8
TRACE 114 BF16_VALUE 1030 4004
TRACE 114 BF16_VALUE 1031 be8a
TRACE 114 BF16_VALUE 1032 3fdf
TRACE 114 BF16_VALUE 1033 bfc0
TRACE 114 BF16_VALUE 1034 bfc2
TRACE 114 BF16_VALUE 1035 c026
TRACE 114 BF16_VALUE 1036 3eb0
TRACE 114 BF16_VALUE 1037 bf80
TRACE 114 BF16_VALUE 1038 becd
TRACE 114 BF16_VALUE 1039 bea5
TRACE 115 BF16_GROUP_ISSUE 16 2
TRACE 115 BF16_VALUE 1040 3fcb
TRACE 115 BF16_VALUE 1041 bfb2
TRACE 115 BF16_VALUE 1042 3d9a
TRACE 115 BF16_VALUE 1043 3f74
TRACE 115 BF16_VALUE 1044 3f02
TRACE 115 BF16_VALUE 1045 bf5a
TRACE 115 BF16_VALUE 1046 3ed9
TRACE 115 BF16_VALUE 1047 bf42
TRACE 115 BF16_VALUE 1048 bfb3
TRACE 115 BF16_VALUE 1049 be38
TRACE 115 BF16_VALUE 1050 3e34
TRACE 115 BF16_VALUE 1051 bf7a
TRACE 115 BF16_VALUE 1052 3f20
TRACE 115 BF16_VALUE 1053 bf2f
TRACE 115 BF16_VALUE 1054 bebb
TRACE 115 BF16_VALUE 1055 3f19
TRACE 116 BF16_GROUP_ISSUE 16 3
TRACE 116 BF16_VALUE 1056 bd65
TRACE 116 BF16_VALUE 1057 3fa1
TRACE 116 BF16_VALUE 1058 bf3b
TRACE 116 BF16_VALUE 1059 3f6b
TRACE 116 BF16_VALUE 1060 be61
TRACE 116 BF16_VALUE 1061 3fd3
TRACE 116 BF16_VALUE 1062 3fbf
TRACE 116 BF16_VALUE 1063 bd58
TRACE 116 BF16_VALUE 1064 3fd1
TRACE 116 BF16_VALUE 1065 bf63
TRACE 116 BF16_VALUE 1066 bfa8
TRACE 116 BF16_VALUE 1067 3dae
TRACE 116 BF16_VALUE 1068 bd49
TRACE 116 BF16_VALUE 1069 3dfb
TRACE 116 BF16_VALUE 1070 3e5e
TRACE 116 BF16_VALUE 1071 3f62
TRACE 117 BF16_VALUE 1072 bf44
TRACE 117 BF16_VALUE 1073 bda3
TRACE 117 BF16_VALUE 1074 bf98
TRACE 117 BF16_VALUE 1075 3fb9
TRACE 117 BF16_VALUE 1076 bf8c
TRACE 117 BF16_VALUE 1077 3f7f
TRACE 117 BF16_VALUE 1078 bf3c
TRACE 117 BF16_VALUE 1079 bf27
TRACE 117 BF16_VALUE 1080 be83
TRACE 117 BF16_VALUE 1081 3e05
TRACE 117 BF16_VALUE 1082 be33
TRACE 117 BF16_VALUE 1083 3ec4
TRACE 117 BF16_VALUE 1084 3dee
TRACE 117 BF16_VALUE 1085 bf83
TRACE 117 BF16_VALUE 1086 bdc5
TRACE 117 BF16_VALUE 1087 bf7a
TRACE 118 A8_OUTPUT 1024 4
TRACE 118 BF16_OUTPUT 1024 3e13
TRACE 118 A8_OUTPUT 1025 54
TRACE 118 BF16_OUTPUT 1025 400b
TRACE 118 A8_OUTPUT 1026 -22
TRACE 118 BF16_OUTPUT 1026 bf64
TRACE 118 A8_OUTPUT 1027 -14
TRACE 118 BF16_OUTPUT 1027 bf15
TRACE 118 A8_OUTPUT 1028 7
TRACE 118 BF16_OUTPUT 1028 3e8d
TRACE 118 A8_OUTPUT 1029 2
TRACE 118 BF16_OUTPUT 1029 3da8
TRACE 118 A8_OUTPUT 1030 51
TRACE 118 BF16_OUTPUT 1030 4004
TRACE 118 A8_OUTPUT 1031 -7
TRACE 118 BF16_OUTPUT 1031 be8a
TRACE 118 A8_OUTPUT 1032 43
TRACE 118 BF16_OUTPUT 1032 3fdf
TRACE 118 A8_OUTPUT 1033 -37
TRACE 118 BF16_OUTPUT 1033 bfc0
TRACE 118 A8_OUTPUT 1034 -37
TRACE 118 BF16_OUTPUT 1034 bfc2
TRACE 118 A8_OUTPUT 1035 -64
TRACE 118 BF16_OUTPUT 1035 c026
TRACE 118 A8_OUTPUT 1036 8
TRACE 118 BF16_OUTPUT 1036 3eb0
TRACE 118 A8_OUTPUT 1037 -25
TRACE 118 BF16_OUTPUT 1037 bf80
TRACE 118 A8_OUTPUT 1038 -10
TRACE 118 BF16_OUTPUT 1038 becd
TRACE 118 A8_OUTPUT 1039 -8
TRACE 118 BF16_OUTPUT 1039 bea5
TRACE 118 A8_OUTPUT 1040 39
TRACE 118 BF16_OUTPUT 1040 3fcb
TRACE 118 A8_OUTPUT 1041 -34
TRACE 118 BF16_OUTPUT 1041 bfb2
TRACE 118 A8_OUTPUT 1042 2
TRACE 118 BF16_OUTPUT 1042 3d9a
TRACE 118 A8_OUTPUT 1043 23
TRACE 118 BF16_OUTPUT 1043 3f74
TRACE 118 A8_OUTPUT 1044 12
TRACE 118 BF16_OUTPUT 1044 3f02
TRACE 118 A8_OUTPUT 1045 -21
TRACE 118 BF16_OUTPUT 1045 bf5a
TRACE 118 A8_OUTPUT 1046 10
TRACE 118 BF16_OUTPUT 1046 3ed9
TRACE 118 A8_OUTPUT 1047 -19
TRACE 118 BF16_OUTPUT 1047 bf42
TRACE 118 A8_OUTPUT 1048 -34
TRACE 118 BF16_OUTPUT 1048 bfb3
TRACE 118 A8_OUTPUT 1049 -4
TRACE 118 BF16_OUTPUT 1049 be38
TRACE 118 A8_OUTPUT 1050 4
TRACE 118 BF16_OUTPUT 1050 3e34
TRACE 118 A8_OUTPUT 1051 -24
TRACE 118 BF16_OUTPUT 1051 bf7a
TRACE 118 A8_OUTPUT 1052 15
TRACE 118 BF16_OUTPUT 1052 3f20
TRACE 118 A8_OUTPUT 1053 -17
TRACE 118 BF16_OUTPUT 1053 bf2f
TRACE 118 A8_OUTPUT 1054 -9
TRACE 118 BF16_OUTPUT 1054 bebb
TRACE 118 A8_OUTPUT 1055 15
TRACE 118 BF16_OUTPUT 1055 3f19
TRACE 118 A8_OUTPUT 1056 -1
TRACE 118 BF16_OUTPUT 1056 bd65
TRACE 118 A8_OUTPUT 1057 31
TRACE 118 BF16_OUTPUT 1057 3fa1
TRACE 118 A8_OUTPUT 1058 -18
TRACE 118 BF16_OUTPUT 1058 bf3b
TRACE 118 A8_OUTPUT 1059 23
TRACE 118 BF16_OUTPUT 1059 3f6b
TRACE 118 A8_OUTPUT 1060 -5
TRACE 118 BF16_OUTPUT 1060 be61
TRACE 118 A8_OUTPUT 1061 41
TRACE 118 BF16_OUTPUT 1061 3fd3
TRACE 118 A8_OUTPUT 1062 37
TRACE 118 BF16_OUTPUT 1062 3fbf
TRACE 118 A8_OUTPUT 1063 -1
TRACE 118 BF16_OUTPUT 1063 bd58
TRACE 118 A8_OUTPUT 1064 40
TRACE 118 BF16_OUTPUT 1064 3fd1
TRACE 118 A8_OUTPUT 1065 -22
TRACE 118 BF16_OUTPUT 1065 bf63
TRACE 118 A8_OUTPUT 1066 -32
TRACE 118 BF16_OUTPUT 1066 bfa8
TRACE 118 A8_OUTPUT 1067 2
TRACE 118 BF16_OUTPUT 1067 3dae
TRACE 118 A8_OUTPUT 1068 -1
TRACE 118 BF16_OUTPUT 1068 bd49
TRACE 118 A8_OUTPUT 1069 3
TRACE 118 BF16_OUTPUT 1069 3dfb
TRACE 118 A8_OUTPUT 1070 5
TRACE 118 BF16_OUTPUT 1070 3e5e
TRACE 118 A8_OUTPUT 1071 22
TRACE 118 BF16_OUTPUT 1071 3f62
TRACE 118 A8_OUTPUT 1072 -19
TRACE 118 BF16_OUTPUT 1072 bf44
TRACE 118 A8_OUTPUT 1073 -2
TRACE 118 BF16_OUTPUT 1073 bda3
TRACE 118 A8_OUTPUT 1074 -29
TRACE 118 BF16_OUTPUT 1074 bf98
TRACE 118 A8_OUTPUT 1075 36
TRACE 118 BF16_OUTPUT 1075 3fb9
TRACE 118 A8_OUTPUT 1076 -27
TRACE 118 BF16_OUTPUT 1076 bf8c
TRACE 118 A8_OUTPUT 1077 25
TRACE 118 BF16_OUTPUT 1077 3f7f
TRACE 118 A8_OUTPUT 1078 -18
TRACE 118 BF16_OUTPUT 1078 bf3c
TRACE 118 A8_OUTPUT 1079 -16
TRACE 118 BF16_OUTPUT 1079 bf27
TRACE 118 A8_OUTPUT 1080 -6
TRACE 118 BF16_OUTPUT 1080 be83
TRACE 118 A8_OUTPUT 1081 3
TRACE 118 BF16_OUTPUT 1081 3e05
TRACE 118 A8_OUTPUT 1082 -4
TRACE 118 BF16_OUTPUT 1082 be33
TRACE 118 A8_OUTPUT 1083 9
TRACE 118 BF16_OUTPUT 1083 3ec4
TRACE 118 A8_OUTPUT 1084 3
TRACE 118 BF16_OUTPUT 1084 3dee
TRACE 118 A8_OUTPUT 1085 -25
TRACE 118 BF16_OUTPUT 1085 bf83
TRACE 118 A8_OUTPUT 1086 -2
TRACE 118 BF16_OUTPUT 1086 bdc5
TRACE 118 A8_OUTPUT 1087 -24
TRACE 118 BF16_OUTPUT 1087 bf7a
TRACE 119 INPUT_ACCEPT 17 0
TRACE 120 BF16_GROUP_ISSUE 17 0
TRACE 121 BF16_GROUP_ISSUE 17 1
TRACE 121 BF16_VALUE 1088 3f01
TRACE 121 BF16_VALUE 1089 3fde
TRACE 121 BF16_VALUE 1090 3dd9
TRACE 121 BF16_VALUE 1091 3f25
TRACE 121 BF16_VALUE 1092 bfaa
TRACE 121 BF16_VALUE 1093 bfd9
TRACE 121 BF16_VALUE 1094 4028
TRACE 121 BF16_VALUE 1095 bcf0
TRACE 121 BF16_VALUE 1096 c02e
TRACE 121 BF16_VALUE 1097 402a
TRACE 121 BF16_VALUE 1098 be69
TRACE 121 BF16_VALUE 1099 3fc0
TRACE 121 BF16_VALUE 1100 bdda
TRACE 121 BF16_VALUE 1101 402c
TRACE 121 BF16_VALUE 1102 bfc3
TRACE 121 BF16_VALUE 1103 bd26
TRACE 122 BF16_GROUP_ISSUE 17 2
TRACE 122 BF16_VALUE 1104 bf8e
TRACE 122 BF16_VALUE 1105 c01f
TRACE 122 BF16_VALUE 1106 be11
TRACE 122 BF16_VALUE 1107 3fb6
TRACE 122 BF16_VALUE 1108 3f03
TRACE 122 BF16_VALUE 1109 4016
TRACE 122 BF16_VALUE 1110 bb8d
TRACE 122 BF16_VALUE 1111 3fb3
TRACE 122 BF16_VALUE 1112 bf7a
TRACE 122 BF16_VALUE 1113 bf92
TRACE 122 BF16_VALUE 1114 3f24
TRACE 122 BF16_VALUE 1115 3eb5
TRACE 122 BF16_VALUE 1116 bf9d
TRACE 122 BF16_VALUE 1117 bfd8
TRACE 122 BF16_VALUE 1118 3fa0
TRACE 122 BF16_VALUE 1119 3c22
TRACE 123 BF16_GROUP_ISSUE 17 3
TRACE 123 BF16_VALUE 1120 3f12
TRACE 123 BF16_VALUE 1121 bf25
TRACE 123 BF16_VALUE 1122 bf23
TRACE 123 BF16_VALUE 1123 bf74
TRACE 123 BF16_VALUE 1124 bf8a
TRACE 123 BF16_VALUE 1125 3f10
TRACE 123 BF16_VALUE 1126 bdec
TRACE 123 BF16_VALUE 1127 be5f
TRACE 123 BF16_VALUE 1128 3f55
TRACE 123 BF16_VALUE 1129 3f8f
TRACE 123 BF16_VALUE 1130 be80
TRACE 123 BF16_VALUE 1131 4003
TRACE 123 BF16_VALUE 1132 bfcd
TRACE 123 BF16_VALUE 1133 c003
TRACE 123 BF16_VALUE 1134 3f23
TRACE 123 BF16_VALUE 1135 bfa1
TRACE 124 BF16_VALUE 1136 bea9
TRACE 124 BF16_VALUE 1137 3efe
TRACE 124 BF16_VALUE 1138 3db8
TRACE 124 BF16_VALUE 1139 3ec4
TRACE 124 BF16_VALUE 1140 3e62
TRACE 124 BF16_VALUE 1141 3f48
TRACE 124 BF16_VALUE 1142 bdb4
TRACE 124 BF16_VALUE 1143 3e48
TRACE 124 BF16_VALUE 1144 be58
TRACE 124 BF16_VALUE 1145 bf1a
TRACE 124 BF16_VALUE 1146 bfa2
TRACE 124 BF16_VALUE 1147 3e23
TRACE 124 BF16_VALUE 1148 3f09
TRACE 124 BF16_VALUE 1149 3ef4
TRACE 124 BF16_VALUE 1150 bf94
TRACE 124 BF16_VALUE 1151 3eaa
TRACE 125 A8_OUTPUT 1088 12
TRACE 125 BF16_OUTPUT 1088 3f01
TRACE 125 A8_OUTPUT 1089 43
TRACE 125 BF16_OUTPUT 1089 3fde
TRACE 125 A8_OUTPUT 1090 3
TRACE 125 BF16_OUTPUT 1090 3dd9
TRACE 125 A8_OUTPUT 1091 16
TRACE 125 BF16_OUTPUT 1091 3f25
TRACE 125 A8_OUTPUT 1092 -33
TRACE 125 BF16_OUTPUT 1092 bfaa
TRACE 125 A8_OUTPUT 1093 -42
TRACE 125 BF16_OUTPUT 1093 bfd9
TRACE 125 A8_OUTPUT 1094 65
TRACE 125 BF16_OUTPUT 1094 4028
TRACE 125 A8_OUTPUT 1095 -1
TRACE 125 BF16_OUTPUT 1095 bcf0
TRACE 125 A8_OUTPUT 1096 -67
TRACE 125 BF16_OUTPUT 1096 c02e
TRACE 125 A8_OUTPUT 1097 65
TRACE 125 BF16_OUTPUT 1097 402a
TRACE 125 A8_OUTPUT 1098 -6
TRACE 125 BF16_OUTPUT 1098 be69
TRACE 125 A8_OUTPUT 1099 37
TRACE 125 BF16_OUTPUT 1099 3fc0
TRACE 125 A8_OUTPUT 1100 -3
TRACE 125 BF16_OUTPUT 1100 bdda
TRACE 125 A8_OUTPUT 1101 66
TRACE 125 BF16_OUTPUT 1101 402c
TRACE 125 A8_OUTPUT 1102 -37
TRACE 125 BF16_OUTPUT 1102 bfc3
TRACE 125 A8_OUTPUT 1103 -1
TRACE 125 BF16_OUTPUT 1103 bd26
TRACE 125 A8_OUTPUT 1104 -27
TRACE 125 BF16_OUTPUT 1104 bf8e
TRACE 125 A8_OUTPUT 1105 -61
TRACE 125 BF16_OUTPUT 1105 c01f
TRACE 125 A8_OUTPUT 1106 -3
TRACE 125 BF16_OUTPUT 1106 be11
TRACE 125 A8_OUTPUT 1107 35
TRACE 125 BF16_OUTPUT 1107 3fb6
TRACE 125 A8_OUTPUT 1108 13
TRACE 125 BF16_OUTPUT 1108 3f03
TRACE 125 A8_OUTPUT 1109 58
TRACE 125 BF16_OUTPUT 1109 4016
TRACE 125 A8_OUTPUT 1110 0
TRACE 125 BF16_OUTPUT 1110 bb8d
TRACE 125 A8_OUTPUT 1111 34
TRACE 125 BF16_OUTPUT 1111 3fb3
TRACE 125 A8_OUTPUT 1112 -24
TRACE 125 BF16_OUTPUT 1112 bf7a
TRACE 125 A8_OUTPUT 1113 -28
TRACE 125 BF16_OUTPUT 1113 bf92
TRACE 125 A8_OUTPUT 1114 16
TRACE 125 BF16_OUTPUT 1114 3f24
TRACE 125 A8_OUTPUT 1115 9
TRACE 125 BF16_OUTPUT 1115 3eb5
TRACE 125 A8_OUTPUT 1116 -30
TRACE 125 BF16_OUTPUT 1116 bf9d
TRACE 125 A8_OUTPUT 1117 -42
TRACE 125 BF16_OUTPUT 1117 bfd8
TRACE 125 A8_OUTPUT 1118 31
TRACE 125 BF16_OUTPUT 1118 3fa0
TRACE 125 A8_OUTPUT 1119 0
TRACE 125 BF16_OUTPUT 1119 3c22
TRACE 125 A8_OUTPUT 1120 14
TRACE 125 BF16_OUTPUT 1120 3f12
TRACE 125 A8_OUTPUT 1121 -16
TRACE 125 BF16_OUTPUT 1121 bf25
TRACE 125 A8_OUTPUT 1122 -16
TRACE 125 BF16_OUTPUT 1122 bf23
TRACE 125 A8_OUTPUT 1123 -23
TRACE 125 BF16_OUTPUT 1123 bf74
TRACE 125 A8_OUTPUT 1124 -27
TRACE 125 BF16_OUTPUT 1124 bf8a
TRACE 125 A8_OUTPUT 1125 14
TRACE 125 BF16_OUTPUT 1125 3f10
TRACE 125 A8_OUTPUT 1126 -3
TRACE 125 BF16_OUTPUT 1126 bdec
TRACE 125 A8_OUTPUT 1127 -5
TRACE 125 BF16_OUTPUT 1127 be5f
TRACE 125 A8_OUTPUT 1128 21
TRACE 125 BF16_OUTPUT 1128 3f55
TRACE 125 A8_OUTPUT 1129 27
TRACE 125 BF16_OUTPUT 1129 3f8f
TRACE 125 A8_OUTPUT 1130 -6
TRACE 125 BF16_OUTPUT 1130 be80
TRACE 125 A8_OUTPUT 1131 51
TRACE 125 BF16_OUTPUT 1131 4003
TRACE 125 A8_OUTPUT 1132 -40
TRACE 125 BF16_OUTPUT 1132 bfcd
TRACE 125 A8_OUTPUT 1133 -50
TRACE 125 BF16_OUTPUT 1133 c003
TRACE 125 A8_OUTPUT 1134 16
TRACE 125 BF16_OUTPUT 1134 3f23
TRACE 125 A8_OUTPUT 1135 -31
TRACE 125 BF16_OUTPUT 1135 bfa1
TRACE 125 A8_OUTPUT 1136 -8
TRACE 125 BF16_OUTPUT 1136 bea9
TRACE 125 A8_OUTPUT 1137 12
TRACE 125 BF16_OUTPUT 1137 3efe
TRACE 125 A8_OUTPUT 1138 2
TRACE 125 BF16_OUTPUT 1138 3db8
TRACE 125 A8_OUTPUT 1139 9
TRACE 125 BF16_OUTPUT 1139 3ec4
TRACE 125 A8_OUTPUT 1140 5
TRACE 125 BF16_OUTPUT 1140 3e62
TRACE 125 A8_OUTPUT 1141 19
TRACE 125 BF16_OUTPUT 1141 3f48
TRACE 125 A8_OUTPUT 1142 -2
TRACE 125 BF16_OUTPUT 1142 bdb4
TRACE 125 A8_OUTPUT 1143 5
TRACE 125 BF16_OUTPUT 1143 3e48
TRACE 125 A8_OUTPUT 1144 -5
TRACE 125 BF16_OUTPUT 1144 be58
TRACE 125 A8_OUTPUT 1145 -15
TRACE 125 BF16_OUTPUT 1145 bf1a
TRACE 125 A8_OUTPUT 1146 -31
TRACE 125 BF16_OUTPUT 1146 bfa2
TRACE 125 A8_OUTPUT 1147 4
TRACE 125 BF16_OUTPUT 1147 3e23
TRACE 125 A8_OUTPUT 1148 13
TRACE 125 BF16_OUTPUT 1148 3f09
TRACE 125 A8_OUTPUT 1149 12
TRACE 125 BF16_OUTPUT 1149 3ef4
TRACE 125 A8_OUTPUT 1150 -29
TRACE 125 BF16_OUTPUT 1150 bf94
TRACE 125 A8_OUTPUT 1151 8
TRACE 125 BF16_OUTPUT 1151 3eaa
TRACE 126 INPUT_ACCEPT 18 0
TRACE 127 BF16_GROUP_ISSUE 18 0
TRACE 128 BF16_GROUP_ISSUE 18 1
TRACE 128 BF16_VALUE 1152 bf9e
TRACE 128 BF16_VALUE 1153 3f8d
TRACE 128 BF16_VALUE 1154 3ed9
TRACE 128 BF16_VALUE 1155 3eab
TRACE 128 BF16_VALUE 1156 bf17
TRACE 128 BF16_VALUE 1157 be83
TRACE 128 BF16_VALUE 1158 3fa1
TRACE 128 BF16_VALUE 1159 3f7d
TRACE 128 BF16_VALUE 1160 3d00
TRACE 128 BF16_VALUE 1161 3ed9
TRACE 128 BF16_VALUE 1162 3ee0
TRACE 128 BF16_VALUE 1163 bf30
TRACE 128 BF16_VALUE 1164 3d85
TRACE 128 BF16_VALUE 1165 3e30
TRACE 128 BF16_VALUE 1166 3cd3
TRACE 128 BF16_VALUE 1167 3e6b
TRACE 129 BF16_GROUP_ISSUE 18 2
TRACE 129 BF16_VALUE 1168 3e0a
TRACE 129 BF16_VALUE 1169 3ecd
TRACE 129 BF16_VALUE 1170 3e90
TRACE 129 BF16_VALUE 1171 3ebb
TRACE 129 BF16_VALUE 1172 bd15
TRACE 129 BF16_VALUE 1173 3e03
TRACE 129 BF16_VALUE 1174 3ea8
TRACE 129 BF16_VALUE 1175 bed7
TRACE 129 BF16_VALUE 1176 3c60
TRACE 129 BF16_VALUE 1177 3ec8
TRACE 129 BF16_VALUE 1178 3dda
TRACE 129 BF16_VALUE 1179 bf37
TRACE 129 BF16_VALUE 1180 3f08
TRACE 129 BF16_VALUE 1181 be95
TRACE 129 BF16_VALUE 1182 bf0b
TRACE 129 BF16_VALUE 1183 3f72
TRACE 130 BF16_GROUP_ISSUE 18 3
TRACE 130 BF16_VALUE 1184 bed8
TRACE 130 BF16_VALUE 1185 beaf
TRACE 130 BF16_VALUE 1186 bec1
TRACE 130 BF16_VALUE 1187 3d7a
TRACE 130 BF16_VALUE 1188 bf31
TRACE 130 BF16_VALUE 1189 bd31
TRACE 130 BF16_VALUE 1190 bf26
TRACE 130 BF16_VALUE 1191 3ec3
TRACE 130 BF16_VALUE 1192 bf51
TRACE 130 BF16_VALUE 1193 bf8e
TRACE 130 BF16_VALUE 1194 3f76
TRACE 130 BF16_VALUE 1195 3dc5
TRACE 130 BF16_VALUE 1196 3f99
TRACE 130 BF16_VALUE 1197 bf86
TRACE 130 BF16_VALUE 1198 bff0
TRACE 130 BF16_VALUE 1199 3e69
TRACE 131 BF16_VALUE 1200 bed5
TRACE 131 BF16_VALUE 1201 bf99
TRACE 131 BF16_VALUE 1202 3deb
TRACE 131 BF16_VALUE 1203 3f12
TRACE 131 BF16_VALUE 1204 3ef5
TRACE 131 BF16_VALUE 1205 bede
TRACE 131 BF16_VALUE 1206 bf32
TRACE 131 BF16_VALUE 1207 3e21
TRACE 131 BF16_VALUE 1208 bf4b
TRACE 131 BF16_VALUE 1209 3d1d
TRACE 131 BF16_VALUE 1210 3f2f
TRACE 131 BF16_VALUE 1211 3e9d
TRACE 131 BF16_VALUE 1212 bf3e
TRACE 131 BF16_VALUE 1213 bea1
TRACE 131 BF16_VALUE 1214 3f5d
TRACE 131 BF16_VALUE 1215 be4d
TRACE 132 A8_OUTPUT 1152 -31
TRACE 132 BF16_OUTPUT 1152 bf9e
TRACE 132 A8_OUTPUT 1153 27
TRACE 132 BF16_OUTPUT 1153 3f8d
TRACE 132 A8_OUTPUT 1154 10
TRACE 132 BF16_OUTPUT 1154 3ed9
TRACE 132 A8_OUTPUT 1155 8
TRACE 132 BF16_OUTPUT 1155 3eab
TRACE 132 A8_OUTPUT 1156 -15
TRACE 132 BF16_OUTPUT 1156 bf17
TRACE 132 A8_OUTPUT 1157 -6
TRACE 132 BF16_OUTPUT 1157 be83
TRACE 132 A8_OUTPUT 1158 31
TRACE 132 BF16_OUTPUT 1158 3fa1
TRACE 132 A8_OUTPUT 1159 24
TRACE 132 BF16_OUTPUT 1159 3f7d
TRACE 132 A8_OUTPUT 1160 1
TRACE 132 BF16_OUTPUT 1160 3d00
TRACE 132 A8_OUTPUT 1161 10
TRACE 132 BF16_OUTPUT 1161 3ed9
TRACE 132 A8_OUTPUT 1162 11
TRACE 132 BF16_OUTPUT 1162 3ee0
TRACE 132 A8_OUTPUT 1163 -17
TRACE 132 BF16_OUTPUT 1163 bf30
TRACE 132 A8_OUTPUT 1164 2
TRACE 132 BF16_OUTPUT 1164 3d85
TRACE 132 A8_OUTPUT 1165 4
TRACE 132 BF16_OUTPUT 1165 3e30
TRACE 132 A8_OUTPUT 1166 1
TRACE 132 BF16_OUTPUT 1166 3cd3
TRACE 132 A8_OUTPUT 1167 6
TRACE 132 BF16_OUTPUT 1167 3e6b
TRACE 132 A8_OUTPUT 1168 3
TRACE 132 BF16_OUTPUT 1168 3e0a
TRACE 132 A8_OUTPUT 1169 10
TRACE 132 BF16_OUTPUT 1169 3ecd
TRACE 132 A8_OUTPUT 1170 7
TRACE 132 BF16_OUTPUT 1170 3e90
TRACE 132 A8_OUTPUT 1171 9
TRACE 132 BF16_OUTPUT 1171 3ebb
TRACE 132 A8_OUTPUT 1172 -1
TRACE 132 BF16_OUTPUT 1172 bd15
TRACE 132 A8_OUTPUT 1173 3
TRACE 132 BF16_OUTPUT 1173 3e03
TRACE 132 A8_OUTPUT 1174 8
TRACE 132 BF16_OUTPUT 1174 3ea8
TRACE 132 A8_OUTPUT 1175 -10
TRACE 132 BF16_OUTPUT 1175 bed7
TRACE 132 A8_OUTPUT 1176 0
TRACE 132 BF16_OUTPUT 1176 3c60
TRACE 132 A8_OUTPUT 1177 10
TRACE 132 BF16_OUTPUT 1177 3ec8
TRACE 132 A8_OUTPUT 1178 3
TRACE 132 BF16_OUTPUT 1178 3dda
TRACE 132 A8_OUTPUT 1179 -18
TRACE 132 BF16_OUTPUT 1179 bf37
TRACE 132 A8_OUTPUT 1180 13
TRACE 132 BF16_OUTPUT 1180 3f08
TRACE 132 A8_OUTPUT 1181 -7
TRACE 132 BF16_OUTPUT 1181 be95
TRACE 132 A8_OUTPUT 1182 -13
TRACE 132 BF16_OUTPUT 1182 bf0b
TRACE 132 A8_OUTPUT 1183 23
TRACE 132 BF16_OUTPUT 1183 3f72
TRACE 132 A8_OUTPUT 1184 -10
TRACE 132 BF16_OUTPUT 1184 bed8
TRACE 132 A8_OUTPUT 1185 -8
TRACE 132 BF16_OUTPUT 1185 beaf
TRACE 132 A8_OUTPUT 1186 -9
TRACE 132 BF16_OUTPUT 1186 bec1
TRACE 132 A8_OUTPUT 1187 2
TRACE 132 BF16_OUTPUT 1187 3d7a
TRACE 132 A8_OUTPUT 1188 -17
TRACE 132 BF16_OUTPUT 1188 bf31
TRACE 132 A8_OUTPUT 1189 -1
TRACE 132 BF16_OUTPUT 1189 bd31
TRACE 132 A8_OUTPUT 1190 -16
TRACE 132 BF16_OUTPUT 1190 bf26
TRACE 132 A8_OUTPUT 1191 9
TRACE 132 BF16_OUTPUT 1191 3ec3
TRACE 132 A8_OUTPUT 1192 -20
TRACE 132 BF16_OUTPUT 1192 bf51
TRACE 132 A8_OUTPUT 1193 -27
TRACE 132 BF16_OUTPUT 1193 bf8e
TRACE 132 A8_OUTPUT 1194 24
TRACE 132 BF16_OUTPUT 1194 3f76
TRACE 132 A8_OUTPUT 1195 2
TRACE 132 BF16_OUTPUT 1195 3dc5
TRACE 132 A8_OUTPUT 1196 29
TRACE 132 BF16_OUTPUT 1196 3f99
TRACE 132 A8_OUTPUT 1197 -26
TRACE 132 BF16_OUTPUT 1197 bf86
TRACE 132 A8_OUTPUT 1198 -46
TRACE 132 BF16_OUTPUT 1198 bff0
TRACE 132 A8_OUTPUT 1199 6
TRACE 132 BF16_OUTPUT 1199 3e69
TRACE 132 A8_OUTPUT 1200 -10
TRACE 132 BF16_OUTPUT 1200 bed5
TRACE 132 A8_OUTPUT 1201 -30
TRACE 132 BF16_OUTPUT 1201 bf99
TRACE 132 A8_OUTPUT 1202 3
TRACE 132 BF16_OUTPUT 1202 3deb
TRACE 132 A8_OUTPUT 1203 14
TRACE 132 BF16_OUTPUT 1203 3f12
TRACE 132 A8_OUTPUT 1204 12
TRACE 132 BF16_OUTPUT 1204 3ef5
TRACE 132 A8_OUTPUT 1205 -11
TRACE 132 BF16_OUTPUT 1205 bede
TRACE 132 A8_OUTPUT 1206 -17
TRACE 132 BF16_OUTPUT 1206 bf32
TRACE 132 A8_OUTPUT 1207 4
TRACE 132 BF16_OUTPUT 1207 3e21
TRACE 132 A8_OUTPUT 1208 -20
TRACE 132 BF16_OUTPUT 1208 bf4b
TRACE 132 A8_OUTPUT 1209 1
TRACE 132 BF16_OUTPUT 1209 3d1d
TRACE 132 A8_OUTPUT 1210 17
TRACE 132 BF16_OUTPUT 1210 3f2f
TRACE 132 A8_OUTPUT 1211 8
TRACE 132 BF16_OUTPUT 1211 3e9d
TRACE 132 A8_OUTPUT 1212 -18
TRACE 132 BF16_OUTPUT 1212 bf3e
TRACE 132 A8_OUTPUT 1213 -8
TRACE 132 BF16_OUTPUT 1213 bea1
TRACE 132 A8_OUTPUT 1214 21
TRACE 132 BF16_OUTPUT 1214 3f5d
TRACE 132 A8_OUTPUT 1215 -5
TRACE 132 BF16_OUTPUT 1215 be4d
TRACE 133 INPUT_ACCEPT 19 0
TRACE 134 BF16_GROUP_ISSUE 19 0
TRACE 135 BF16_GROUP_ISSUE 19 1
TRACE 135 BF16_VALUE 1216 be9b
TRACE 135 BF16_VALUE 1217 bee0
TRACE 135 BF16_VALUE 1218 bf96
TRACE 135 BF16_VALUE 1219 3f1c
TRACE 135 BF16_VALUE 1220 3efa
TRACE 135 BF16_VALUE 1221 3f75
TRACE 135 BF16_VALUE 1222 be93
TRACE 135 BF16_VALUE 1223 3e44
TRACE 135 BF16_VALUE 1224 3f5d
TRACE 135 BF16_VALUE 1225 3df0
TRACE 135 BF16_VALUE 1226 3f4d
TRACE 135 BF16_VALUE 1227 bf36
TRACE 135 BF16_VALUE 1228 3f10
TRACE 135 BF16_VALUE 1229 becf
TRACE 135 BF16_VALUE 1230 bed9
TRACE 135 BF16_VALUE 1231 bea4
TRACE 136 BF16_GROUP_ISSUE 19 2
TRACE 136 BF16_VALUE 1232 be70
TRACE 136 BF16_VALUE 1233 3d9e
TRACE 136 BF16_VALUE 1234 be14
TRACE 136 BF16_VALUE 1235 3c8f
TRACE 136 BF16_VALUE 1236 bea0
TRACE 136 BF16_VALUE 1237 3eb2
TRACE 136 BF16_VALUE 1238 bf83
TRACE 136 BF16_VALUE 1239 bd94
TRACE 136 BF16_VALUE 1240 bddc
TRACE 136 BF16_VALUE 1241 3f14
TRACE 136 BF16_VALUE 1242 bf03
TRACE 136 BF16_VALUE 1243 3e5e
TRACE 136 BF16_VALUE 1244 3f58
TRACE 136 BF16_VALUE 1245 3d3f
TRACE 136 BF16_VALUE 1246 bf3c
TRACE 136 BF16_VALUE 1247 be5e
TRACE 137 BF16_GROUP_ISSUE 19 3
TRACE 137 BF16_VALUE 1248 3e8a
TRACE 137 BF16_VALUE 1249 3f8a
TRACE 137 BF16_VALUE 1250 bf49
TRACE 137 BF16_VALUE 1251 be9f
TRACE 137 BF16_VALUE 1252 bf97
TRACE 137 BF16_VALUE 1253 3f48
TRACE 137 BF16_VALUE 1254 be9b
TRACE 137 BF16_VALUE 1255 3eab
TRACE 137 BF16_VALUE 1256 3f5e
TRACE 137 BF16_VALUE 1257 3f94
TRACE 137 BF16_VALUE 1258 3f94
TRACE 137 BF16_VALUE 1259 4003
TRACE 137 BF16_VALUE 1260 be82
TRACE 137 BF16_VALUE 1261 bf89
TRACE 137 BF16_VALUE 1262 be8f
TRACE 137 BF16_VALUE 1263 3f45
TRACE 138 BF16_VALUE 1264 bf78
TRACE 138 BF16_VALUE 1265 3ed0
TRACE 138 BF16_VALUE 1266 3f63
TRACE 138 BF16_VALUE 1267 3dd2
TRACE 138 BF16_VALUE 1268 3f64
TRACE 138 BF16_VALUE 1269 bed2
TRACE 138 BF16_VALUE 1270 bd50
TRACE 138 BF16_VALUE 1271 bddc
TRACE 138 BF16_VALUE 1272 be76
TRACE 138 BF16_VALUE 1273 3ec8
TRACE 138 BF16_VALUE 1274 be1c
TRACE 138 BF16_VALUE 1275 bea9
TRACE 138 BF16_VALUE 1276 3f5d
TRACE 138 BF16_VALUE 1277 bd0a
TRACE 138 BF16_VALUE 1278 bc9a
TRACE 138 BF16_VALUE 1279 bce9
TRACE 139 A8_OUTPUT 1216 -7
TRACE 139 BF16_OUTPUT 1216 be9b
TRACE 139 A8_OUTPUT 1217 -11
TRACE 139 BF16_OUTPUT 1217 bee0
TRACE 139 A8_OUTPUT 1218 -29
TRACE 139 BF16_OUTPUT 1218 bf96
TRACE 139 A8_OUTPUT 1219 15
TRACE 139 BF16_OUTPUT 1219 3f1c
TRACE 139 A8_OUTPUT 1220 12
TRACE 139 BF16_OUTPUT 1220 3efa
TRACE 139 A8_OUTPUT 1221 24
TRACE 139 BF16_OUTPUT 1221 3f75
TRACE 139 A8_OUTPUT 1222 -7
TRACE 139 BF16_OUTPUT 1222 be93
TRACE 139 A8_OUTPUT 1223 5
TRACE 139 BF16_OUTPUT 1223 3e44
TRACE 139 A8_OUTPUT 1224 21
TRACE 139 BF16_OUTPUT 1224 3f5d
TRACE 139 A8_OUTPUT 1225 3
TRACE 139 BF16_OUTPUT 1225 3df0
TRACE 139 A8_OUTPUT 1226 20
TRACE 139 BF16_OUTPUT 1226 3f4d
TRACE 139 A8_OUTPUT 1227 -18
TRACE 139 BF16_OUTPUT 1227 bf36
TRACE 139 A8_OUTPUT 1228 14
TRACE 139 BF16_OUTPUT 1228 3f10
TRACE 139 A8_OUTPUT 1229 -10
TRACE 139 BF16_OUTPUT 1229 becf
TRACE 139 A8_OUTPUT 1230 -10
TRACE 139 BF16_OUTPUT 1230 bed9
TRACE 139 A8_OUTPUT 1231 -8
TRACE 139 BF16_OUTPUT 1231 bea4
TRACE 139 A8_OUTPUT 1232 -6
TRACE 139 BF16_OUTPUT 1232 be70
TRACE 139 A8_OUTPUT 1233 2
TRACE 139 BF16_OUTPUT 1233 3d9e
TRACE 139 A8_OUTPUT 1234 -4
TRACE 139 BF16_OUTPUT 1234 be14
TRACE 139 A8_OUTPUT 1235 0
TRACE 139 BF16_OUTPUT 1235 3c8f
TRACE 139 A8_OUTPUT 1236 -8
TRACE 139 BF16_OUTPUT 1236 bea0
TRACE 139 A8_OUTPUT 1237 9
TRACE 139 BF16_OUTPUT 1237 3eb2
TRACE 139 A8_OUTPUT 1238 -25
TRACE 139 BF16_OUTPUT 1238 bf83
TRACE 139 A8_OUTPUT 1239 -2
TRACE 139 BF16_OUTPUT 1239 bd94
TRACE 139 A8_OUTPUT 1240 -3
TRACE 139 BF16_OUTPUT 1240 bddc
TRACE 139 A8_OUTPUT 1241 14
TRACE 139 BF16_OUTPUT 1241 3f14
TRACE 139 A8_OUTPUT 1242 -13
TRACE 139 BF16_OUTPUT 1242 bf03
TRACE 139 A8_OUTPUT 1243 5
TRACE 139 BF16_OUTPUT 1243 3e5e
TRACE 139 A8_OUTPUT 1244 21
TRACE 139 BF16_OUTPUT 1244 3f58
TRACE 139 A8_OUTPUT 1245 1
TRACE 139 BF16_OUTPUT 1245 3d3f
TRACE 139 A8_OUTPUT 1246 -18
TRACE 139 BF16_OUTPUT 1246 bf3c
TRACE 139 A8_OUTPUT 1247 -5
TRACE 139 BF16_OUTPUT 1247 be5e
TRACE 139 A8_OUTPUT 1248 7
TRACE 139 BF16_OUTPUT 1248 3e8a
TRACE 139 A8_OUTPUT 1249 27
TRACE 139 BF16_OUTPUT 1249 3f8a
TRACE 139 A8_OUTPUT 1250 -19
TRACE 139 BF16_OUTPUT 1250 bf49
TRACE 139 A8_OUTPUT 1251 -8
TRACE 139 BF16_OUTPUT 1251 be9f
TRACE 139 A8_OUTPUT 1252 -29
TRACE 139 BF16_OUTPUT 1252 bf97
TRACE 139 A8_OUTPUT 1253 19
TRACE 139 BF16_OUTPUT 1253 3f48
TRACE 139 A8_OUTPUT 1254 -7
TRACE 139 BF16_OUTPUT 1254 be9b
TRACE 139 A8_OUTPUT 1255 8
TRACE 139 BF16_OUTPUT 1255 3eab
TRACE 139 A8_OUTPUT 1256 21
TRACE 139 BF16_OUTPUT 1256 3f5e
TRACE 139 A8_OUTPUT 1257 29
TRACE 139 BF16_OUTPUT 1257 3f94
TRACE 139 A8_OUTPUT 1258 29
TRACE 139 BF16_OUTPUT 1258 3f94
TRACE 139 A8_OUTPUT 1259 51
TRACE 139 BF16_OUTPUT 1259 4003
TRACE 139 A8_OUTPUT 1260 -6
TRACE 139 BF16_OUTPUT 1260 be82
TRACE 139 A8_OUTPUT 1261 -26
TRACE 139 BF16_OUTPUT 1261 bf89
TRACE 139 A8_OUTPUT 1262 -7
TRACE 139 BF16_OUTPUT 1262 be8f
TRACE 139 A8_OUTPUT 1263 19
TRACE 139 BF16_OUTPUT 1263 3f45
TRACE 139 A8_OUTPUT 1264 -24
TRACE 139 BF16_OUTPUT 1264 bf78
TRACE 139 A8_OUTPUT 1265 10
TRACE 139 BF16_OUTPUT 1265 3ed0
TRACE 139 A8_OUTPUT 1266 22
TRACE 139 BF16_OUTPUT 1266 3f63
TRACE 139 A8_OUTPUT 1267 3
TRACE 139 BF16_OUTPUT 1267 3dd2
TRACE 139 A8_OUTPUT 1268 22
TRACE 139 BF16_OUTPUT 1268 3f64
TRACE 139 A8_OUTPUT 1269 -10
TRACE 139 BF16_OUTPUT 1269 bed2
TRACE 139 A8_OUTPUT 1270 -1
TRACE 139 BF16_OUTPUT 1270 bd50
TRACE 139 A8_OUTPUT 1271 -3
TRACE 139 BF16_OUTPUT 1271 bddc
TRACE 139 A8_OUTPUT 1272 -6
TRACE 139 BF16_OUTPUT 1272 be76
TRACE 139 A8_OUTPUT 1273 10
TRACE 139 BF16_OUTPUT 1273 3ec8
TRACE 139 A8_OUTPUT 1274 -4
TRACE 139 BF16_OUTPUT 1274 be1c
TRACE 139 A8_OUTPUT 1275 -8
TRACE 139 BF16_OUTPUT 1275 bea9
TRACE 139 A8_OUTPUT 1276 21
TRACE 139 BF16_OUTPUT 1276 3f5d
TRACE 139 A8_OUTPUT 1277 -1
TRACE 139 BF16_OUTPUT 1277 bd0a
TRACE 139 A8_OUTPUT 1278 0
TRACE 139 BF16_OUTPUT 1278 bc9a
TRACE 139 A8_OUTPUT 1279 -1
TRACE 139 BF16_OUTPUT 1279 bce9
TRACE 140 INPUT_ACCEPT 20 0
TRACE 141 BF16_GROUP_ISSUE 20 0
TRACE 142 BF16_GROUP_ISSUE 20 1
TRACE 142 BF16_VALUE 1280 bec6
TRACE 142 BF16_VALUE 1281 bf99
TRACE 142 BF16_VALUE 1282 beab
TRACE 142 BF16_VALUE 1283 3f05
TRACE 142 BF16_VALUE 1284 be60
TRACE 142 BF16_VALUE 1285 3fa3
TRACE 142 BF16_VALUE 1286 bf6e
TRACE 142 BF16_VALUE 1287 3f47
TRACE 142 BF16_VALUE 1288 3f53
TRACE 142 BF16_VALUE 1289 3b6f
TRACE 142 BF16_VALUE 1290 3ec0
TRACE 142 BF16_VALUE 1291 3e89
TRACE 142 BF16_VALUE 1292 bec2
TRACE 142 BF16_VALUE 1293 bf6f
TRACE 142 BF16_VALUE 1294 bfa5
TRACE 142 BF16_VALUE 1295 3f36
TRACE 143 BF16_GROUP_ISSUE 20 2
TRACE 143 BF16_VALUE 1296 be99
TRACE 143 BF16_VALUE 1297 3f83
TRACE 143 BF16_VALUE 1298 beb8
TRACE 143 BF16_VALUE 1299 3ed8
TRACE 143 BF16_VALUE 1300 bee2
TRACE 143 BF16_VALUE 1301 3d9a
TRACE 143 BF16_VALUE 1302 bded
TRACE 143 BF16_VALUE 1303 be4a
TRACE 143 BF16_VALUE 1304 3f26
TRACE 143 BF16_VALUE 1305 3e51
TRACE 143 BF16_VALUE 1306 bf44
TRACE 143 BF16_VALUE 1307 3f5d
TRACE 143 BF16_VALUE 1308 3d9d
TRACE 143 BF16_VALUE 1309 bebf
TRACE 143 BF16_VALUE 1310 bd12
TRACE 143 BF16_VALUE 1311 3ef6
TRACE 144 BF16_GROUP_ISSUE 20 3
TRACE 144 BF16_VALUE 1312 bf0a
TRACE 144 BF16_VALUE 1313 3e75
TRACE 144 BF16_VALUE 1314 bf6c
TRACE 144 BF16_VALUE 1315 be83
TRACE 144 BF16_VALUE 1316 bebe
TRACE 144 BF16_VALUE 1317 bfb7
TRACE 144 BF16_VALUE 1318 be5e
TRACE 144 BF16_VALUE 1319 3fee
TRACE 144 BF16_VALUE 1320 bcb7
TRACE 144 BF16_VALUE 1321 bebf
TRACE 144 BF16_VALUE 1322 be82
TRACE 144 BF16_VALUE 1323 3e3a
TRACE 144 BF16_VALUE 1324 3e99
TRACE 144 BF16_VALUE 1325 401e
TRACE 144 BF16_VALUE 1326 4021
TRACE 144 BF16_VALUE 1327 bec2
TRACE 145 BF16_VALUE 1328 3f3c
TRACE 145 BF16_VALUE 1329 bf84
TRACE 145 BF16_VALUE 1330 c027
TRACE 145 BF16_VALUE 1331 3f01
TRACE 145 BF16_VALUE 1332 3f46
TRACE 145 BF16_VALUE 1333 3ee7
TRACE 145 BF16_VALUE 1334 3f99
TRACE 145 BF16_VALUE 1335 3fd1
TRACE 145 BF16_VALUE 1336 bea6
TRACE 145 BF16_VALUE 1337 3ee8
TRACE 145 BF16_VALUE 1338 3ec2
TRACE 145 BF16_VALUE 1339 bed8
TRACE 145 BF16_VALUE 1340 3f90
TRACE 145 BF16_VALUE 1341 3f89
TRACE 145 BF16_VALUE 1342 be16
TRACE 145 BF16_VALUE 1343 be81
TRACE 146 A8_OUTPUT 1280 -10
TRACE 146 BF16_OUTPUT 1280 bec6
TRACE 146 A8_OUTPUT 1281 -30
TRACE 146 BF16_OUTPUT 1281 bf99
TRACE 146 A8_OUTPUT 1282 -8
TRACE 146 BF16_OUTPUT 1282 beab
TRACE 146 A8_OUTPUT 1283 13
TRACE 146 BF16_OUTPUT 1283 3f05
TRACE 146 A8_OUTPUT 1284 -5
TRACE 146 BF16_OUTPUT 1284 be60
TRACE 146 A8_OUTPUT 1285 31
TRACE 146 BF16_OUTPUT 1285 3fa3
TRACE 146 A8_OUTPUT 1286 -23
TRACE 146 BF16_OUTPUT 1286 bf6e
TRACE 146 A8_OUTPUT 1287 19
TRACE 146 BF16_OUTPUT 1287 3f47
TRACE 146 A8_OUTPUT 1288 20
TRACE 146 BF16_OUTPUT 1288 3f53
TRACE 146 A8_OUTPUT 1289 0
TRACE 146 BF16_OUTPUT 1289 3b6f
TRACE 146 A8_OUTPUT 1290 9
TRACE 146 BF16_OUTPUT 1290 3ec0
TRACE 146 A8_OUTPUT 1291 7
TRACE 146 BF16_OUTPUT 1291 3e89
TRACE 146 A8_OUTPUT 1292 -9
TRACE 146 BF16_OUTPUT 1292 bec2
TRACE 146 A8_OUTPUT 1293 -23
TRACE 146 BF16_OUTPUT 1293 bf6f
TRACE 146 A8_OUTPUT 1294 -32
TRACE 146 BF16_OUTPUT 1294 bfa5
TRACE 146 A8_OUTPUT 1295 17
TRACE 146 BF16_OUTPUT 1295 3f36
TRACE 146 A8_OUTPUT 1296 -7
TRACE 146 BF16_OUTPUT 1296 be99
TRACE 146 A8_OUTPUT 1297 25
TRACE 146 BF16_OUTPUT 1297 3f83
TRACE 146 A8_OUTPUT 1298 -9
TRACE 146 BF16_OUTPUT 1298 beb8
TRACE 146 A8_OUTPUT 1299 10
TRACE 146 BF16_OUTPUT 1299 3ed8
TRACE 146 A8_OUTPUT 1300 -11
TRACE 146 BF16_OUTPUT 1300 bee2
TRACE 146 A8_OUTPUT 1301 2
TRACE 146 BF16_OUTPUT 1301 3d9a
TRACE 146 A8_OUTPUT 1302 -3
TRACE 146 BF16_OUTPUT 1302 bded
TRACE 146 A8_OUTPUT 1303 -5
TRACE 146 BF16_OUTPUT 1303 be4a
TRACE 146 A8_OUTPUT 1304 16
TRACE 146 BF16_OUTPUT 1304 3f26
TRACE 146 A8_OUTPUT 1305 5
TRACE 146 BF16_OUTPUT 1305 3e51
TRACE 146 A8_OUTPUT 1306 -19
TRACE 146 BF16_OUTPUT 1306 bf44
TRACE 146 A8_OUTPUT 1307 21
TRACE 146 BF16_OUTPUT 1307 3f5d
TRACE 146 A8_OUTPUT 1308 2
TRACE 146 BF16_OUTPUT 1308 3d9d
TRACE 146 A8_OUTPUT 1309 -9
TRACE 146 BF16_OUTPUT 1309 bebf
TRACE 146 A8_OUTPUT 1310 -1
TRACE 146 BF16_OUTPUT 1310 bd12
TRACE 146 A8_OUTPUT 1311 12
TRACE 146 BF16_OUTPUT 1311 3ef6
TRACE 146 A8_OUTPUT 1312 -13
TRACE 146 BF16_OUTPUT 1312 bf0a
TRACE 146 A8_OUTPUT 1313 6
TRACE 146 BF16_OUTPUT 1313 3e75
TRACE 146 A8_OUTPUT 1314 -23
TRACE 146 BF16_OUTPUT 1314 bf6c
TRACE 146 A8_OUTPUT 1315 -6
TRACE 146 BF16_OUTPUT 1315 be83
TRACE 146 A8_OUTPUT 1316 -9
TRACE 146 BF16_OUTPUT 1316 bebe
TRACE 146 A8_OUTPUT 1317 -35
TRACE 146 BF16_OUTPUT 1317 bfb7
TRACE 146 A8_OUTPUT 1318 -5
TRACE 146 BF16_OUTPUT 1318 be5e
TRACE 146 A8_OUTPUT 1319 46
TRACE 146 BF16_OUTPUT 1319 3fee
TRACE 146 A8_OUTPUT 1320 -1
TRACE 146 BF16_OUTPUT 1320 bcb7
TRACE 146 A8_OUTPUT 1321 -9
TRACE 146 BF16_OUTPUT 1321 bebf
TRACE 146 A8_OUTPUT 1322 -6
TRACE 146 BF16_OUTPUT 1322 be82
TRACE 146 A8_OUTPUT 1323 4
TRACE 146 BF16_OUTPUT 1323 3e3a
TRACE 146 A8_OUTPUT 1324 7
TRACE 146 BF16_OUTPUT 1324 3e99
TRACE 146 A8_OUTPUT 1325 61
TRACE 146 BF16_OUTPUT 1325 401e
TRACE 146 A8_OUTPUT 1326 62
TRACE 146 BF16_OUTPUT 1326 4021
TRACE 146 A8_OUTPUT 1327 -9
TRACE 146 BF16_OUTPUT 1327 bec2
TRACE 146 A8_OUTPUT 1328 18
TRACE 146 BF16_OUTPUT 1328 3f3c
TRACE 146 A8_OUTPUT 1329 -25
TRACE 146 BF16_OUTPUT 1329 bf84
TRACE 146 A8_OUTPUT 1330 -64
TRACE 146 BF16_OUTPUT 1330 c027
TRACE 146 A8_OUTPUT 1331 12
TRACE 146 BF16_OUTPUT 1331 3f01
TRACE 146 A8_OUTPUT 1332 19
TRACE 146 BF16_OUTPUT 1332 3f46
TRACE 146 A8_OUTPUT 1333 11
TRACE 146 BF16_OUTPUT 1333 3ee7
TRACE 146 A8_OUTPUT 1334 29
TRACE 146 BF16_OUTPUT 1334 3f99
TRACE 146 A8_OUTPUT 1335 40
TRACE 146 BF16_OUTPUT 1335 3fd1
TRACE 146 A8_OUTPUT 1336 -8
TRACE 146 BF16_OUTPUT 1336 bea6
TRACE 146 A8_OUTPUT 1337 11
TRACE 146 BF16_OUTPUT 1337 3ee8
TRACE 146 A8_OUTPUT 1338 9
TRACE 146 BF16_OUTPUT 1338 3ec2
TRACE 146 A8_OUTPUT 1339 -10
TRACE 146 BF16_OUTPUT 1339 bed8
TRACE 146 A8_OUTPUT 1340 28
TRACE 146 BF16_OUTPUT 1340 3f90
TRACE 146 A8_OUTPUT 1341 26
TRACE 146 BF16_OUTPUT 1341 3f89
TRACE 146 A8_OUTPUT 1342 -4
TRACE 146 BF16_OUTPUT 1342 be16
TRACE 146 A8_OUTPUT 1343 -6
TRACE 146 BF16_OUTPUT 1343 be81
TRACE 147 INPUT_ACCEPT 21 0
TRACE 148 BF16_GROUP_ISSUE 21 0
TRACE 149 BF16_GROUP_ISSUE 21 1
TRACE 149 BF16_VALUE 1344 3de3
TRACE 149 BF16_VALUE 1345 3f12
TRACE 149 BF16_VALUE 1346 bf58
TRACE 149 BF16_VALUE 1347 bee3
TRACE 149 BF16_VALUE 1348 bf28
TRACE 149 BF16_VALUE 1349 bc5f
TRACE 149 BF16_VALUE 1350 3d80
TRACE 149 BF16_VALUE 1351 be16
TRACE 149 BF16_VALUE 1352 bf04
TRACE 149 BF16_VALUE 1353 3f7b
TRACE 149 BF16_VALUE 1354 3e91
TRACE 149 BF16_VALUE 1355 3b23
TRACE 149 BF16_VALUE 1356 3e84
TRACE 149 BF16_VALUE 1357 be08
TRACE 149 BF16_VALUE 1358 3e43
TRACE 149 BF16_VALUE 1359 be57
TRACE 150 BF16_GROUP_ISSUE 21 2
TRACE 150 BF16_VALUE 1360 be62
TRACE 150 BF16_VALUE 1361 bd77
TRACE 150 BF16_VALUE 1362 bf29
TRACE 150 BF16_VALUE 1363 bf1e
TRACE 150 BF16_VALUE 1364 3f0e
TRACE 150 BF16_VALUE 1365 3ed6
TRACE 150 BF16_VALUE 1366 bf5f
TRACE 150 BF16_VALUE 1367 3f35
TRACE 150 BF16_VALUE 1368 be07
TRACE 150 BF16_VALUE 1369 3f48
TRACE 150 BF16_VALUE 1370 3eae
TRACE 150 BF16_VALUE 1371 bedd
TRACE 150 BF16_VALUE 1372 3f43
TRACE 150 BF16_VALUE 1373 3f50
TRACE 150 BF16_VALUE 1374 3f0b
TRACE 150 BF16_VALUE 1375 3eaf
TRACE 151 BF16_GROUP_ISSUE 21 3
TRACE 151 BF16_VALUE 1376 be1b
TRACE 151 BF16_VALUE 1377 be45
TRACE 151 BF16_VALUE 1378 3e61
TRACE 151 BF16_VALUE 1379 be40
TRACE 151 BF16_VALUE 1380 3f4c
TRACE 151 BF16_VALUE 1381 3f14
TRACE 151 BF16_VALUE 1382 bf01
TRACE 151 BF16_VALUE 1383 3f4d
TRACE 151 BF16_VALUE 1384 3e76
TRACE 151 BF16_VALUE 1385 bf25
TRACE 151 BF16_VALUE 1386 3f11
TRACE 151 BF16_VALUE 1387 3f96
TRACE 151 BF16_VALUE 1388 3fed
TRACE 151 BF16_VALUE 1389 bee3
TRACE 151 BF16_VALUE 1390 3df7
TRACE 151 BF16_VALUE 1391 4031
TRACE 152 BF16_VALUE 1392 3fda
TRACE 152 BF16_VALUE 1393 bf4c
TRACE 152 BF16_VALUE 1394 bf73
TRACE 152 BF16_VALUE 1395 3ed4
TRACE 152 BF16_VALUE 1396 3f37
TRACE 152 BF16_VALUE 1397 bddf
TRACE 152 BF16_VALUE 1398 be49
TRACE 152 BF16_VALUE 1399 bf49
TRACE 152 BF16_VALUE 1400 bef5
TRACE 152 BF16_VALUE 1401 bb62
TRACE 152 BF16_VALUE 1402 bff3
TRACE 152 BF16_VALUE 1403 3eab
TRACE 152 BF16_VALUE 1404 bb91
TRACE 152 BF16_VALUE 1405 3f0e
TRACE 152 BF16_VALUE 1406 bd6d
TRACE 152 BF16_VALUE 1407 bee3
TRACE 153 A8_OUTPUT 1344 3
TRACE 153 BF16_OUTPUT 1344 3de3
TRACE 153 A8_OUTPUT 1345 14
TRACE 153 BF16_OUTPUT 1345 3f12
TRACE 153 A8_OUTPUT 1346 -21
TRACE 153 BF16_OUTPUT 1346 bf58
TRACE 153 A8_OUTPUT 1347 -11
TRACE 153 BF16_OUTPUT 1347 bee3
TRACE 153 A8_OUTPUT 1348 -16
TRACE 153 BF16_OUTPUT 1348 bf28
TRACE 153 A8_OUTPUT 1349 0
TRACE 153 BF16_OUTPUT 1349 bc5f
TRACE 153 A8_OUTPUT 1350 2
TRACE 153 BF16_OUTPUT 1350 3d80
TRACE 153 A8_OUTPUT 1351 -4
TRACE 153 BF16_OUTPUT 1351 be16
TRACE 153 A8_OUTPUT 1352 -13
TRACE 153 BF16_OUTPUT 1352 bf04
TRACE 153 A8_OUTPUT 1353 24
TRACE 153 BF16_OUTPUT 1353 3f7b
TRACE 153 A8_OUTPUT 1354 7
TRACE 153 BF16_OUTPUT 1354 3e91
TRACE 153 A8_OUTPUT 1355 0
TRACE 153 BF16_OUTPUT 1355 3b23
TRACE 153 A8_OUTPUT 1356 6
TRACE 153 BF16_OUTPUT 1356 3e84
TRACE 153 A8_OUTPUT 1357 -3
TRACE 153 BF16_OUTPUT 1357 be08
TRACE 153 A8_OUTPUT 1358 5
TRACE 153 BF16_OUTPUT 1358 3e43
TRACE 153 A8_OUTPUT 1359 -5
TRACE 153 BF16_OUTPUT 1359 be57
TRACE 153 A8_OUTPUT 1360 -5
TRACE 153 BF16_OUTPUT 1360 be62
TRACE 153 A8_OUTPUT 1361 -1
TRACE 153 BF16_OUTPUT 1361 bd77
TRACE 153 A8_OUTPUT 1362 -16
TRACE 153 BF16_OUTPUT 1362 bf29
TRACE 153 A8_OUTPUT 1363 -15
TRACE 153 BF16_OUTPUT 1363 bf1e
TRACE 153 A8_OUTPUT 1364 14
TRACE 153 BF16_OUTPUT 1364 3f0e
TRACE 153 A8_OUTPUT 1365 10
TRACE 153 BF16_OUTPUT 1365 3ed6
TRACE 153 A8_OUTPUT 1366 -22
TRACE 153 BF16_OUTPUT 1366 bf5f
TRACE 153 A8_OUTPUT 1367 17
TRACE 153 BF16_OUTPUT 1367 3f35
TRACE 153 A8_OUTPUT 1368 -3
TRACE 153 BF16_OUTPUT 1368 be07
TRACE 153 A8_OUTPUT 1369 19
TRACE 153 BF16_OUTPUT 1369 3f48
TRACE 153 A8_OUTPUT 1370 8
TRACE 153 BF16_OUTPUT 1370 3eae
TRACE 153 A8_OUTPUT 1371 -11
TRACE 153 BF16_OUTPUT 1371 bedd
TRACE 153 A8_OUTPUT 1372 19
TRACE 153 BF16_OUTPUT 1372 3f43
TRACE 153 A8_OUTPUT 1373 20
TRACE 153 BF16_OUTPUT 1373 3f50
TRACE 153 A8_OUTPUT 1374 13
TRACE 153 BF16_OUTPUT 1374 3f0b
TRACE 153 A8_OUTPUT 1375 8
TRACE 153 BF16_OUTPUT 1375 3eaf
TRACE 153 A8_OUTPUT 1376 -4
TRACE 153 BF16_OUTPUT 1376 be1b
TRACE 153 A8_OUTPUT 1377 -5
TRACE 153 BF16_OUTPUT 1377 be45
TRACE 153 A8_OUTPUT 1378 5
TRACE 153 BF16_OUTPUT 1378 3e61
TRACE 153 A8_OUTPUT 1379 -5
TRACE 153 BF16_OUTPUT 1379 be40
TRACE 153 A8_OUTPUT 1380 20
TRACE 153 BF16_OUTPUT 1380 3f4c
TRACE 153 A8_OUTPUT 1381 14
TRACE 153 BF16_OUTPUT 1381 3f14
TRACE 153 A8_OUTPUT 1382 -12
TRACE 153 BF16_OUTPUT 1382 bf01
TRACE 153 A8_OUTPUT 1383 20
TRACE 153 BF16_OUTPUT 1383 3f4d
TRACE 153 A8_OUTPUT 1384 6
TRACE 153 BF16_OUTPUT 1384 3e76
TRACE 153 A8_OUTPUT 1385 -16
TRACE 153 BF16_OUTPUT 1385 bf25
TRACE 153 A8_OUTPUT 1386 14
TRACE 153 BF16_OUTPUT 1386 3f11
TRACE 153 A8_OUTPUT 1387 29
TRACE 153 BF16_OUTPUT 1387 3f96
TRACE 153 A8_OUTPUT 1388 46
TRACE 153 BF16_OUTPUT 1388 3fed
TRACE 153 A8_OUTPUT 1389 -11
TRACE 153 BF16_OUTPUT 1389 bee3
TRACE 153 A8_OUTPUT 1390 3
TRACE 153 BF16_OUTPUT 1390 3df7
TRACE 153 A8_OUTPUT 1391 68
TRACE 153 BF16_OUTPUT 1391 4031
TRACE 153 A8_OUTPUT 1392 42
TRACE 153 BF16_OUTPUT 1392 3fda
TRACE 153 A8_OUTPUT 1393 -20
TRACE 153 BF16_OUTPUT 1393 bf4c
TRACE 153 A8_OUTPUT 1394 -23
TRACE 153 BF16_OUTPUT 1394 bf73
TRACE 153 A8_OUTPUT 1395 10
TRACE 153 BF16_OUTPUT 1395 3ed4
TRACE 153 A8_OUTPUT 1396 18
TRACE 153 BF16_OUTPUT 1396 3f37
TRACE 153 A8_OUTPUT 1397 -3
TRACE 153 BF16_OUTPUT 1397 bddf
TRACE 153 A8_OUTPUT 1398 -5
TRACE 153 BF16_OUTPUT 1398 be49
TRACE 153 A8_OUTPUT 1399 -19
TRACE 153 BF16_OUTPUT 1399 bf49
TRACE 153 A8_OUTPUT 1400 -12
TRACE 153 BF16_OUTPUT 1400 bef5
TRACE 153 A8_OUTPUT 1401 0
TRACE 153 BF16_OUTPUT 1401 bb62
TRACE 153 A8_OUTPUT 1402 -47
TRACE 153 BF16_OUTPUT 1402 bff3
TRACE 153 A8_OUTPUT 1403 8
TRACE 153 BF16_OUTPUT 1403 3eab
TRACE 153 A8_OUTPUT 1404 0
TRACE 153 BF16_OUTPUT 1404 bb91
TRACE 153 A8_OUTPUT 1405 14
TRACE 153 BF16_OUTPUT 1405 3f0e
TRACE 153 A8_OUTPUT 1406 -1
TRACE 153 BF16_OUTPUT 1406 bd6d
TRACE 153 A8_OUTPUT 1407 -11
TRACE 153 BF16_OUTPUT 1407 bee3
TRACE 154 INPUT_ACCEPT 22 0
TRACE 155 BF16_GROUP_ISSUE 22 0
TRACE 156 BF16_GROUP_ISSUE 22 1
TRACE 156 BF16_VALUE 1408 3ffb
TRACE 156 BF16_VALUE 1409 bf28
TRACE 156 BF16_VALUE 1410 bf0f
TRACE 156 BF16_VALUE 1411 3e71
TRACE 156 BF16_VALUE 1412 3d09
TRACE 156 BF16_VALUE 1413 bf18
TRACE 156 BF16_VALUE 1414 bf6f
TRACE 156 BF16_VALUE 1415 3e41
TRACE 156 BF16_VALUE 1416 3f0b
TRACE 156 BF16_VALUE 1417 3f11
TRACE 156 BF16_VALUE 1418 3fa0
TRACE 156 BF16_VALUE 1419 3f54
TRACE 156 BF16_VALUE 1420 3f13
TRACE 156 BF16_VALUE 1421 bf21
TRACE 156 BF16_VALUE 1422 bf92
TRACE 156 BF16_VALUE 1423 bf61
TRACE 157 BF16_GROUP_ISSUE 22 2
TRACE 157 BF16_VALUE 1424 bf05
TRACE 157 BF16_VALUE 1425 bea3
TRACE 157 BF16_VALUE 1426 bf48
TRACE 157 BF16_VALUE 1427 beee
TRACE 157 BF16_VALUE 1428 bf4a
TRACE 157 BF16_VALUE 1429 3f25
TRACE 157 BF16_VALUE 1430 3e63
TRACE 157 BF16_VALUE 1431 bf6b
TRACE 157 BF16_VALUE 1432 bf2c
TRACE 157 BF16_VALUE 1433 bf43
TRACE 157 BF16_VALUE 1434 3f57
TRACE 157 BF16_VALUE 1435 bf4b
TRACE 157 BF16_VALUE 1436 bf86
TRACE 157 BF16_VALUE 1437 be1f
TRACE 157 BF16_VALUE 1438 3f77
TRACE 157 BF16_VALUE 1439 bfc5
TRACE 158 BF16_GROUP_ISSUE 22 3
TRACE 158 BF16_VALUE 1440 bf0f
TRACE 158 BF16_VALUE 1441 3f18
TRACE 158 BF16_VALUE 1442 bebc
TRACE 158 BF16_VALUE 1443 3f2e
TRACE 158 BF16_VALUE 1444 bf68
TRACE 158 BF16_VALUE 1445 3ebd
TRACE 158 BF16_VALUE 1446 3ef7
TRACE 158 BF16_VALUE 1447 bf42
TRACE 158 BF16_VALUE 1448 3ed3
TRACE 158 BF16_VALUE 1449 3f04
TRACE 158 BF16_VALUE 1450 bebc
TRACE 158 BF16_VALUE 1451 3f53
TRACE 158 BF16_VALUE 1452 3f37
TRACE 158 BF16_VALUE 1453 be53
TRACE 158 BF16_VALUE 1454 bee4
TRACE 158 BF16_VALUE 1455 beaa
TRACE 159 BF16_VALUE 1456 bc46
TRACE 159 BF16_VALUE 1457 3fd1
TRACE 159 BF16_VALUE 1458 4027
TRACE 159 BF16_VALUE 1459 be85
TRACE 159 BF16_VALUE 1460 bd38
TRACE 159 BF16_VALUE 1461 be87
TRACE 159 BF16_VALUE 1462 3e33
TRACE 159 BF16_VALUE 1463 3f5b
TRACE 159 BF16_VALUE 1464 3e6e
TRACE 159 BF16_VALUE 1465 be79
TRACE 159 BF16_VALUE 1466 3f62
TRACE 159 BF16_VALUE 1467 bf14
TRACE 159 BF16_VALUE 1468 3f17
TRACE 159 BF16_VALUE 1469 bf92
TRACE 159 BF16_VALUE 1470 be8a
TRACE 159 BF16_VALUE 1471 bd95
TRACE 160 A8_OUTPUT 1408 48
TRACE 160 BF16_OUTPUT 1408 3ffb
TRACE 160 A8_OUTPUT 1409 -16
TRACE 160 BF16_OUTPUT 1409 bf28
TRACE 160 A8_OUTPUT 1410 -14
TRACE 160 BF16_OUTPUT 1410 bf0f
TRACE 160 A8_OUTPUT 1411 6
TRACE 160 BF16_OUTPUT 1411 3e71
TRACE 160 A8_OUTPUT 1412 1
TRACE 160 BF16_OUTPUT 1412 3d09
TRACE 160 A8_OUTPUT 1413 -15
TRACE 160 BF16_OUTPUT 1413 bf18
TRACE 160 A8_OUTPUT 1414 -23
TRACE 160 BF16_OUTPUT 1414 bf6f
TRACE 160 A8_OUTPUT 1415 5
TRACE 160 BF16_OUTPUT 1415 3e41
TRACE 160 A8_OUTPUT 1416 13
TRACE 160 BF16_OUTPUT 1416 3f0b
TRACE 160 A8_OUTPUT 1417 14
TRACE 160 BF16_OUTPUT 1417 3f11
TRACE 160 A8_OUTPUT 1418 31
TRACE 160 BF16_OUTPUT 1418 3fa0
TRACE 160 A8_OUTPUT 1419 20
TRACE 160 BF16_OUTPUT 1419 3f54
TRACE 160 A8_OUTPUT 1420 14
TRACE 160 BF16_OUTPUT 1420 3f13
TRACE 160 A8_OUTPUT 1421 -15
TRACE 160 BF16_OUTPUT 1421 bf21
TRACE 160 A8_OUTPUT 1422 -28
TRACE 160 BF16_OUTPUT 1422 bf92
TRACE 160 A8_OUTPUT 1423 -22
TRACE 160 BF16_OUTPUT 1423 bf61
TRACE 160 A8_OUTPUT 1424 -13
TRACE 160 BF16_OUTPUT 1424 bf05
TRACE 160 A8_OUTPUT 1425 -8
TRACE 160 BF16_OUTPUT 1425 bea3
TRACE 160 A8_OUTPUT 1426 -19
TRACE 160 BF16_OUTPUT 1426 bf48
TRACE 160 A8_OUTPUT 1427 -11
TRACE 160 BF16_OUTPUT 1427 beee
TRACE 160 A8_OUTPUT 1428 -19
TRACE 160 BF16_OUTPUT 1428 bf4a
TRACE 160 A8_OUTPUT 1429 16
TRACE 160 BF16_OUTPUT 1429 3f25
TRACE 160 A8_OUTPUT 1430 5
TRACE 160 BF16_OUTPUT 1430 3e63
TRACE 160 A8_OUTPUT 1431 -23
TRACE 160 BF16_OUTPUT 1431 bf6b
TRACE 160 A8_OUTPUT 1432 -17
TRACE 160 BF16_OUTPUT 1432 bf2c
TRACE 160 A8_OUTPUT 1433 -19
TRACE 160 BF16_OUTPUT 1433 bf43
TRACE 160 A8_OUTPUT 1434 21
TRACE 160 BF16_OUTPUT 1434 3f57
TRACE 160 A8_OUTPUT 1435 -20
TRACE 160 BF16_OUTPUT 1435 bf4b
TRACE 160 A8_OUTPUT 1436 -26
TRACE 160 BF16_OUTPUT 1436 bf86
TRACE 160 A8_OUTPUT 1437 -4
TRACE 160 BF16_OUTPUT 1437 be1f
TRACE 160 A8_OUTPUT 1438 24
TRACE 160 BF16_OUTPUT 1438 3f77
TRACE 160 A8_OUTPUT 1439 -38
TRACE 160 BF16_OUTPUT 1439 bfc5
TRACE 160 A8_OUTPUT 1440 -14
TRACE 160 BF16_OUTPUT 1440 bf0f
TRACE 160 A8_OUTPUT 1441 15
TRACE 160 BF16_OUTPUT 1441 3f18
TRACE 160 A8_OUTPUT 1442 -9
TRACE 160 BF16_OUTPUT 1442 bebc
TRACE 160 A8_OUTPUT 1443 17
TRACE 160 BF16_OUTPUT 1443 3f2e
TRACE 160 A8_OUTPUT 1444 -22
TRACE 160 BF16_OUTPUT 1444 bf68
TRACE 160 A8_OUTPUT 1445 9
TRACE 160 BF16_OUTPUT 1445 3ebd
TRACE 160 A8_OUTPUT 1446 12
TRACE 160 BF16_OUTPUT 1446 3ef7
TRACE 160 A8_OUTPUT 1447 -19
TRACE 160 BF16_OUTPUT 1447 bf42
TRACE 160 A8_OUTPUT 1448 10
TRACE 160 BF16_OUTPUT 1448 3ed3
TRACE 160 A8_OUTPUT 1449 13
TRACE 160 BF16_OUTPUT 1449 3f04
TRACE 160 A8_OUTPUT 1450 -9
TRACE 160 BF16_OUTPUT 1450 bebc
TRACE 160 A8_OUTPUT 1451 20
TRACE 160 BF16_OUTPUT 1451 3f53
TRACE 160 A8_OUTPUT 1452 18
TRACE 160 BF16_OUTPUT 1452 3f37
TRACE 160 A8_OUTPUT 1453 -5
TRACE 160 BF16_OUTPUT 1453 be53
TRACE 160 A8_OUTPUT 1454 -11
TRACE 160 BF16_OUTPUT 1454 bee4
TRACE 160 A8_OUTPUT 1455 -8
TRACE 160 BF16_OUTPUT 1455 beaa
TRACE 160 A8_OUTPUT 1456 0
TRACE 160 BF16_OUTPUT 1456 bc46
TRACE 160 A8_OUTPUT 1457 40
TRACE 160 BF16_OUTPUT 1457 3fd1
TRACE 160 A8_OUTPUT 1458 64
TRACE 160 BF16_OUTPUT 1458 4027
TRACE 160 A8_OUTPUT 1459 -6
TRACE 160 BF16_OUTPUT 1459 be85
TRACE 160 A8_OUTPUT 1460 -1
TRACE 160 BF16_OUTPUT 1460 bd38
TRACE 160 A8_OUTPUT 1461 -7
TRACE 160 BF16_OUTPUT 1461 be87
TRACE 160 A8_OUTPUT 1462 4
TRACE 160 BF16_OUTPUT 1462 3e33
TRACE 160 A8_OUTPUT 1463 21
TRACE 160 BF16_OUTPUT 1463 3f5b
TRACE 160 A8_OUTPUT 1464 6
TRACE 160 BF16_OUTPUT 1464 3e6e
TRACE 160 A8_OUTPUT 1465 -6
TRACE 160 BF16_OUTPUT 1465 be79
TRACE 160 A8_OUTPUT 1466 22
TRACE 160 BF16_OUTPUT 1466 3f62
TRACE 160 A8_OUTPUT 1467 -14
TRACE 160 BF16_OUTPUT 1467 bf14
TRACE 160 A8_OUTPUT 1468 15
TRACE 160 BF16_OUTPUT 1468 3f17
TRACE 160 A8_OUTPUT 1469 -28
TRACE 160 BF16_OUTPUT 1469 bf92
TRACE 160 A8_OUTPUT 1470 -7
TRACE 160 BF16_OUTPUT 1470 be8a
TRACE 160 A8_OUTPUT 1471 -2
TRACE 160 BF16_OUTPUT 1471 bd95
TRACE 161 INPUT_ACCEPT 23 0
TRACE 162 BF16_GROUP_ISSUE 23 0
TRACE 163 BF16_GROUP_ISSUE 23 1
TRACE 163 BF16_VALUE 1472 be9b
TRACE 163 BF16_VALUE 1473 3ca2
TRACE 163 BF16_VALUE 1474 bdbe
TRACE 163 BF16_VALUE 1475 bf14
TRACE 163 BF16_VALUE 1476 bec3
TRACE 163 BF16_VALUE 1477 3e6a
TRACE 163 BF16_VALUE 1478 bf43
TRACE 163 BF16_VALUE 1479 3ec4
TRACE 163 BF16_VALUE 1480 bc41
TRACE 163 BF16_VALUE 1481 3fb6
TRACE 163 BF16_VALUE 1482 be74
TRACE 163 BF16_VALUE 1483 bf18
TRACE 163 BF16_VALUE 1484 bf12
TRACE 163 BF16_VALUE 1485 bf1d
TRACE 163 BF16_VALUE 1486 bfae
TRACE 163 BF16_VALUE 1487 3f84
TRACE 164 BF16_GROUP_ISSUE 23 2
TRACE 164 BF16_VALUE 1488 bf2d
TRACE 164 BF16_VALUE 1489 bf55
TRACE 164 BF16_VALUE 1490 bf50
TRACE 164 BF16_VALUE 1491 bf01
TRACE 164 BF16_VALUE 1492 bf37
TRACE 164 BF16_VALUE 1493 3e64
TRACE 164 BF16_VALUE 1494 bf73
TRACE 164 BF16_VALUE 1495 be6c
TRACE 164 BF16_VALUE 1496 3eef
TRACE 164 BF16_VALUE 1497 bf20
TRACE 164 BF16_VALUE 1498 3f02
TRACE 164 BF16_VALUE 1499 3f9b
TRACE 164 BF16_VALUE 1500 3f8b
TRACE 164 BF16_VALUE 1501 3f07
TRACE 164 BF16_VALUE 1502 bf8b
TRACE 164 BF16_VALUE 1503 bdfc
TRACE 165 BF16_GROUP_ISSUE 23 3
TRACE 165 BF16_VALUE 1504 bf0d
TRACE 165 BF16_VALUE 1505 be69
TRACE 165 BF16_VALUE 1506 3fba
TRACE 165 BF16_VALUE 1507 3f0b
TRACE 165 BF16_VALUE 1508 3f75
TRACE 165 BF16_VALUE 1509 3f68
TRACE 165 BF16_VALUE 1510 3c37
TRACE 165 BF16_VALUE 1511 3f9e
TRACE 165 BF16_VALUE 1512 bef3
TRACE 165 BF16_VALUE 1513 bfe2
TRACE 165 BF16_VALUE 1514 3f69
TRACE 165 BF16_VALUE 1515 3fa3
TRACE 165 BF16_VALUE 1516 3d91
TRACE 165 BF16_VALUE 1517 3f97
TRACE 165 BF16_VALUE 1518 bfde
TRACE 165 BF16_VALUE 1519 3fa6
TRACE 166 BF16_VALUE 1520 c000
TRACE 166 BF16_VALUE 1521 3ea7
TRACE 166 BF16_VALUE 1522 0000
TRACE 166 BF16_VALUE 1523 3fe0
TRACE 166 BF16_VALUE 1524 bee0
TRACE 166 BF16_VALUE 1525 3e11
TRACE 166 BF16_VALUE 1526 bf83
TRACE 166 BF16_VALUE 1527 3f29
TRACE 166 BF16_VALUE 1528 be5c
TRACE 166 BF16_VALUE 1529 3e0e
TRACE 166 BF16_VALUE 1530 be98
TRACE 166 BF16_VALUE 1531 3ef9
TRACE 166 BF16_VALUE 1532 3ea3
TRACE 166 BF16_VALUE 1533 bec8
TRACE 166 BF16_VALUE 1534 be25
TRACE 166 BF16_VALUE 1535 bf47
TRACE 167 A8_OUTPUT 1472 -7
TRACE 167 BF16_OUTPUT 1472 be9b
TRACE 167 A8_OUTPUT 1473 0
TRACE 167 BF16_OUTPUT 1473 3ca2
TRACE 167 A8_OUTPUT 1474 -2
TRACE 167 BF16_OUTPUT 1474 bdbe
TRACE 167 A8_OUTPUT 1475 -14
TRACE 167 BF16_OUTPUT 1475 bf14
TRACE 167 A8_OUTPUT 1476 -9
TRACE 167 BF16_OUTPUT 1476 bec3
TRACE 167 A8_OUTPUT 1477 6
TRACE 167 BF16_OUTPUT 1477 3e6a
TRACE 167 A8_OUTPUT 1478 -19
TRACE 167 BF16_OUTPUT 1478 bf43
TRACE 167 A8_OUTPUT 1479 9
TRACE 167 BF16_OUTPUT 1479 3ec4
TRACE 167 A8_OUTPUT 1480 0
TRACE 167 BF16_OUTPUT 1480 bc41
TRACE 167 A8_OUTPUT 1481 35
TRACE 167 BF16_OUTPUT 1481 3fb6
TRACE 167 A8_OUTPUT 1482 -6
TRACE 167 BF16_OUTPUT 1482 be74
TRACE 167 A8_OUTPUT 1483 -15
TRACE 167 BF16_OUTPUT 1483 bf18
TRACE 167 A8_OUTPUT 1484 -14
TRACE 167 BF16_OUTPUT 1484 bf12
TRACE 167 A8_OUTPUT 1485 -15
TRACE 167 BF16_OUTPUT 1485 bf1d
TRACE 167 A8_OUTPUT 1486 -33
TRACE 167 BF16_OUTPUT 1486 bfae
TRACE 167 A8_OUTPUT 1487 25
TRACE 167 BF16_OUTPUT 1487 3f84
TRACE 167 A8_OUTPUT 1488 -17
TRACE 167 BF16_OUTPUT 1488 bf2d
TRACE 167 A8_OUTPUT 1489 -21
TRACE 167 BF16_OUTPUT 1489 bf55
TRACE 167 A8_OUTPUT 1490 -20
TRACE 167 BF16_OUTPUT 1490 bf50
TRACE 167 A8_OUTPUT 1491 -12
TRACE 167 BF16_OUTPUT 1491 bf01
TRACE 167 A8_OUTPUT 1492 -18
TRACE 167 BF16_OUTPUT 1492 bf37
TRACE 167 A8_OUTPUT 1493 6
TRACE 167 BF16_OUTPUT 1493 3e64
TRACE 167 A8_OUTPUT 1494 -23
TRACE 167 BF16_OUTPUT 1494 bf73
TRACE 167 A8_OUTPUT 1495 -6
TRACE 167 BF16_OUTPUT 1495 be6c
TRACE 167 A8_OUTPUT 1496 12
TRACE 167 BF16_OUTPUT 1496 3eef
TRACE 167 A8_OUTPUT 1497 -15
TRACE 167 BF16_OUTPUT 1497 bf20
TRACE 167 A8_OUTPUT 1498 13
TRACE 167 BF16_OUTPUT 1498 3f02
TRACE 167 A8_OUTPUT 1499 30
TRACE 167 BF16_OUTPUT 1499 3f9b
TRACE 167 A8_OUTPUT 1500 27
TRACE 167 BF16_OUTPUT 1500 3f8b
TRACE 167 A8_OUTPUT 1501 13
TRACE 167 BF16_OUTPUT 1501 3f07
TRACE 167 A8_OUTPUT 1502 -27
TRACE 167 BF16_OUTPUT 1502 bf8b
TRACE 167 A8_OUTPUT 1503 -3
TRACE 167 BF16_OUTPUT 1503 bdfc
TRACE 167 A8_OUTPUT 1504 -14
TRACE 167 BF16_OUTPUT 1504 bf0d
TRACE 167 A8_OUTPUT 1505 -6
TRACE 167 BF16_OUTPUT 1505 be69
TRACE 167 A8_OUTPUT 1506 36
TRACE 167 BF16_OUTPUT 1506 3fba
TRACE 167 A8_OUTPUT 1507 13
TRACE 167 BF16_OUTPUT 1507 3f0b
TRACE 167 A8_OUTPUT 1508 24
TRACE 167 BF16_OUTPUT 1508 3f75
TRACE 167 A8_OUTPUT 1509 22
TRACE 167 BF16_OUTPUT 1509 3f68
TRACE 167 A8_OUTPUT 1510 0
TRACE 167 BF16_OUTPUT 1510 3c37
TRACE 167 A8_OUTPUT 1511 30
TRACE 167 BF16_OUTPUT 1511 3f9e
TRACE 167 A8_OUTPUT 1512 -12
TRACE 167 BF16_OUTPUT 1512 bef3
TRACE 167 A8_OUTPUT 1513 -43
TRACE 167 BF16_OUTPUT 1513 bfe2
TRACE 167 A8_OUTPUT 1514 22
TRACE 167 BF16_OUTPUT 1514 3f69
TRACE 167 A8_OUTPUT 1515 31
TRACE 167 BF16_OUTPUT 1515 3fa3
TRACE 167 A8_OUTPUT 1516 2
TRACE 167 BF16_OUTPUT 1516 3d91
TRACE 167 A8_OUTPUT 1517 29
TRACE 167 BF16_OUTPUT 1517 3f97
TRACE 167 A8_OUTPUT 1518 -43
TRACE 167 BF16_OUTPUT 1518 bfde
TRACE 167 A8_OUTPUT 1519 32
TRACE 167 BF16_OUTPUT 1519 3fa6
TRACE 167 A8_OUTPUT 1520 -49
TRACE 167 BF16_OUTPUT 1520 c000
TRACE 167 A8_OUTPUT 1521 8
TRACE 167 BF16_OUTPUT 1521 3ea7
TRACE 167 A8_OUTPUT 1522 0
TRACE 167 BF16_OUTPUT 1522 0000
TRACE 167 A8_OUTPUT 1523 43
TRACE 167 BF16_OUTPUT 1523 3fe0
TRACE 167 A8_OUTPUT 1524 -11
TRACE 167 BF16_OUTPUT 1524 bee0
TRACE 167 A8_OUTPUT 1525 3
TRACE 167 BF16_OUTPUT 1525 3e11
TRACE 167 A8_OUTPUT 1526 -25
TRACE 167 BF16_OUTPUT 1526 bf83
TRACE 167 A8_OUTPUT 1527 16
TRACE 167 BF16_OUTPUT 1527 3f29
TRACE 167 A8_OUTPUT 1528 -5
TRACE 167 BF16_OUTPUT 1528 be5c
TRACE 167 A8_OUTPUT 1529 3
TRACE 167 BF16_OUTPUT 1529 3e0e
TRACE 167 A8_OUTPUT 1530 -7
TRACE 167 BF16_OUTPUT 1530 be98
TRACE 167 A8_OUTPUT 1531 12
TRACE 167 BF16_OUTPUT 1531 3ef9
TRACE 167 A8_OUTPUT 1532 8
TRACE 167 BF16_OUTPUT 1532 3ea3
TRACE 167 A8_OUTPUT 1533 -10
TRACE 167 BF16_OUTPUT 1533 bec8
TRACE 167 A8_OUTPUT 1534 -4
TRACE 167 BF16_OUTPUT 1534 be25
TRACE 167 A8_OUTPUT 1535 -19
TRACE 167 BF16_OUTPUT 1535 bf47
TRACE 168 INPUT_ACCEPT 24 0
TRACE 169 BF16_GROUP_ISSUE 24 0
TRACE 170 BF16_GROUP_ISSUE 24 1
TRACE 170 BF16_VALUE 1536 3d6a
TRACE 170 BF16_VALUE 1537 3df9
TRACE 170 BF16_VALUE 1538 3f68
TRACE 170 BF16_VALUE 1539 bea8
TRACE 170 BF16_VALUE 1540 3ee7
TRACE 170 BF16_VALUE 1541 be6d
TRACE 170 BF16_VALUE 1542 3d12
TRACE 170 BF16_VALUE 1543 3e02
TRACE 170 BF16_VALUE 1544 3f50
TRACE 170 BF16_VALUE 1545 3ef0
TRACE 170 BF16_VALUE 1546 3ec8
TRACE 170 BF16_VALUE 1547 3f9c
TRACE 170 BF16_VALUE 1548 3fae
TRACE 170 BF16_VALUE 1549 3e8e
TRACE 170 BF16_VALUE 1550 bfa1
TRACE 170 BF16_VALUE 1551 bfe1
TRACE 171 BF16_GROUP_ISSUE 24 2
TRACE 171 BF16_VALUE 1552 3f8f
TRACE 171 BF16_VALUE 1553 3f48
TRACE 171 BF16_VALUE 1554 bf6d
TRACE 171 BF16_VALUE 1555 3f5f
TRACE 171 BF16_VALUE 1556 3f8e
TRACE 171 BF16_VALUE 1557 bf44
TRACE 171 BF16_VALUE 1558 bf53
TRACE 171 BF16_VALUE 1559 3f91
TRACE 171 BF16_VALUE 1560 be9b
TRACE 171 BF16_VALUE 1561 bf0a
TRACE 171 BF16_VALUE 1562 bfe0
TRACE 171 BF16_VALUE 1563 bf89
TRACE 171 BF16_VALUE 1564 3fde
TRACE 171 BF16_VALUE 1565 c014
TRACE 171 BF16_VALUE 1566 bfd7
TRACE 171 BF16_VALUE 1567 bf02
TRACE 172 BF16_GROUP_ISSUE 24 3
TRACE 172 BF16_VALUE 1568 bfc2
TRACE 172 BF16_VALUE 1569 bfab
TRACE 172 BF16_VALUE 1570 3ff7
TRACE 172 BF16_VALUE 1571 3f87
TRACE 172 BF16_VALUE 1572 401f
TRACE 172 BF16_VALUE 1573 c045
TRACE 172 BF16_VALUE 1574 be88
TRACE 172 BF16_VALUE 1575 bf0d
TRACE 172 BF16_VALUE 1576 3dcb
TRACE 172 BF16_VALUE 1577 c059
TRACE 172 BF16_VALUE 1578 bf39
TRACE 172 BF16_VALUE 1579 3fdf
TRACE 172 BF16_VALUE 1580 3f81
TRACE 172 BF16_VALUE 1581 bea3
TRACE 172 BF16_VALUE 1582 4079
TRACE 172 BF16_VALUE 1583 40a5
TRACE 173 BF16_VALUE 1584 408f
TRACE 173 BF16_VALUE 1585 4049
TRACE 173 BF16_VALUE 1586 bfe2
TRACE 173 BF16_VALUE 1587 3e0c
TRACE 173 BF16_VALUE 1588 bfab
TRACE 173 BF16_VALUE 1589 be07
TRACE 173 BF16_VALUE 1590 be16
TRACE 173 BF16_VALUE 1591 3e6e
TRACE 173 BF16_VALUE 1592 3e71
TRACE 173 BF16_VALUE 1593 bfab
TRACE 173 BF16_VALUE 1594 bf92
TRACE 173 BF16_VALUE 1595 3fbd
TRACE 173 BF16_VALUE 1596 3f8f
TRACE 173 BF16_VALUE 1597 bcca
TRACE 173 BF16_VALUE 1598 bd2d
TRACE 173 BF16_VALUE 1599 bd08
TRACE 174 A8_OUTPUT 1536 1
TRACE 174 BF16_OUTPUT 1536 3d6a
TRACE 174 A8_OUTPUT 1537 3
TRACE 174 BF16_OUTPUT 1537 3df9
TRACE 174 A8_OUTPUT 1538 22
TRACE 174 BF16_OUTPUT 1538 3f68
TRACE 174 A8_OUTPUT 1539 -8
TRACE 174 BF16_OUTPUT 1539 bea8
TRACE 174 A8_OUTPUT 1540 11
TRACE 174 BF16_OUTPUT 1540 3ee7
TRACE 174 A8_OUTPUT 1541 -6
TRACE 174 BF16_OUTPUT 1541 be6d
TRACE 174 A8_OUTPUT 1542 1
TRACE 174 BF16_OUTPUT 1542 3d12
TRACE 174 A8_OUTPUT 1543 3
TRACE 174 BF16_OUTPUT 1543 3e02
TRACE 174 A8_OUTPUT 1544 20
TRACE 174 BF16_OUTPUT 1544 3f50
TRACE 174 A8_OUTPUT 1545 12
TRACE 174 BF16_OUTPUT 1545 3ef0
TRACE 174 A8_OUTPUT 1546 10
TRACE 174 BF16_OUTPUT 1546 3ec8
TRACE 174 A8_OUTPUT 1547 30
TRACE 174 BF16_OUTPUT 1547 3f9c
TRACE 174 A8_OUTPUT 1548 34
TRACE 174 BF16_OUTPUT 1548 3fae
TRACE 174 A8_OUTPUT 1549 7
TRACE 174 BF16_OUTPUT 1549 3e8e
TRACE 174 A8_OUTPUT 1550 -31
TRACE 174 BF16_OUTPUT 1550 bfa1
TRACE 174 A8_OUTPUT 1551 -43
TRACE 174 BF16_OUTPUT 1551 bfe1
TRACE 174 A8_OUTPUT 1552 27
TRACE 174 BF16_OUTPUT 1552 3f8f
TRACE 174 A8_OUTPUT 1553 19
TRACE 174 BF16_OUTPUT 1553 3f48
TRACE 174 A8_OUTPUT 1554 -23
TRACE 174 BF16_OUTPUT 1554 bf6d
TRACE 174 A8_OUTPUT 1555 21
TRACE 174 BF16_OUTPUT 1555 3f5f
TRACE 174 A8_OUTPUT 1556 27
TRACE 174 BF16_OUTPUT 1556 3f8e
TRACE 174 A8_OUTPUT 1557 -19
TRACE 174 BF16_OUTPUT 1557 bf44
TRACE 174 A8_OUTPUT 1558 -20
TRACE 174 BF16_OUTPUT 1558 bf53
TRACE 174 A8_OUTPUT 1559 28
TRACE 174 BF16_OUTPUT 1559 3f91
TRACE 174 A8_OUTPUT 1560 -7
TRACE 174 BF16_OUTPUT 1560 be9b
TRACE 174 A8_OUTPUT 1561 -13
TRACE 174 BF16_OUTPUT 1561 bf0a
TRACE 174 A8_OUTPUT 1562 -43
TRACE 174 BF16_OUTPUT 1562 bfe0
TRACE 174 A8_OUTPUT 1563 -26
TRACE 174 BF16_OUTPUT 1563 bf89
TRACE 174 A8_OUTPUT 1564 43
TRACE 174 BF16_OUTPUT 1564 3fde
TRACE 174 A8_OUTPUT 1565 -57
TRACE 174 BF16_OUTPUT 1565 c014
TRACE 174 A8_OUTPUT 1566 -41
TRACE 174 BF16_OUTPUT 1566 bfd7
TRACE 174 A8_OUTPUT 1567 -13
TRACE 174 BF16_OUTPUT 1567 bf02
TRACE 174 A8_OUTPUT 1568 -37
TRACE 174 BF16_OUTPUT 1568 bfc2
TRACE 174 A8_OUTPUT 1569 -33
TRACE 174 BF16_OUTPUT 1569 bfab
TRACE 174 A8_OUTPUT 1570 48
TRACE 174 BF16_OUTPUT 1570 3ff7
TRACE 174 A8_OUTPUT 1571 26
TRACE 174 BF16_OUTPUT 1571 3f87
TRACE 174 A8_OUTPUT 1572 61
TRACE 174 BF16_OUTPUT 1572 401f
TRACE 174 A8_OUTPUT 1573 -76
TRACE 174 BF16_OUTPUT 1573 c045
TRACE 174 A8_OUTPUT 1574 -7
TRACE 174 BF16_OUTPUT 1574 be88
TRACE 174 A8_OUTPUT 1575 -14
TRACE 174 BF16_OUTPUT 1575 bf0d
TRACE 174 A8_OUTPUT 1576 2
TRACE 174 BF16_OUTPUT 1576 3dcb
TRACE 174 A8_OUTPUT 1577 -83
TRACE 174 BF16_OUTPUT 1577 c059
TRACE 174 A8_OUTPUT 1578 -18
TRACE 174 BF16_OUTPUT 1578 bf39
TRACE 174 A8_OUTPUT 1579 43
TRACE 174 BF16_OUTPUT 1579 3fdf
TRACE 174 A8_OUTPUT 1580 25
TRACE 174 BF16_OUTPUT 1580 3f81
TRACE 174 A8_OUTPUT 1581 -8
TRACE 174 BF16_OUTPUT 1581 bea3
TRACE 174 A8_OUTPUT 1582 96
TRACE 174 BF16_OUTPUT 1582 4079
TRACE 174 A8_OUTPUT 1583 127
TRACE 174 BF16_OUTPUT 1583 40a5
TRACE 174 A8_OUTPUT 1584 110
TRACE 174 BF16_OUTPUT 1584 408f
TRACE 174 A8_OUTPUT 1585 77
TRACE 174 BF16_OUTPUT 1585 4049
TRACE 174 A8_OUTPUT 1586 -43
TRACE 174 BF16_OUTPUT 1586 bfe2
TRACE 174 A8_OUTPUT 1587 3
TRACE 174 BF16_OUTPUT 1587 3e0c
TRACE 174 A8_OUTPUT 1588 -33
TRACE 174 BF16_OUTPUT 1588 bfab
TRACE 174 A8_OUTPUT 1589 -3
TRACE 174 BF16_OUTPUT 1589 be07
TRACE 174 A8_OUTPUT 1590 -4
TRACE 174 BF16_OUTPUT 1590 be16
TRACE 174 A8_OUTPUT 1591 6
TRACE 174 BF16_OUTPUT 1591 3e6e
TRACE 174 A8_OUTPUT 1592 6
TRACE 174 BF16_OUTPUT 1592 3e71
TRACE 174 A8_OUTPUT 1593 -33
TRACE 174 BF16_OUTPUT 1593 bfab
TRACE 174 A8_OUTPUT 1594 -28
TRACE 174 BF16_OUTPUT 1594 bf92
TRACE 174 A8_OUTPUT 1595 36
TRACE 174 BF16_OUTPUT 1595 3fbd
TRACE 174 A8_OUTPUT 1596 27
TRACE 174 BF16_OUTPUT 1596 3f8f
TRACE 174 A8_OUTPUT 1597 -1
TRACE 174 BF16_OUTPUT 1597 bcca
TRACE 174 A8_OUTPUT 1598 -1
TRACE 174 BF16_OUTPUT 1598 bd2d
TRACE 174 A8_OUTPUT 1599 -1
TRACE 174 BF16_OUTPUT 1599 bd08
TRACE 175 INPUT_ACCEPT 25 0
TRACE 176 BF16_GROUP_ISSUE 25 0
TRACE 177 BF16_GROUP_ISSUE 25 1
TRACE 177 BF16_VALUE 1600 bcf2
TRACE 177 BF16_VALUE 1601 3f9e
TRACE 177 BF16_VALUE 1602 3e52
TRACE 177 BF16_VALUE 1603 be32
TRACE 177 BF16_VALUE 1604 3e15
TRACE 177 BF16_VALUE 1605 beab
TRACE 177 BF16_VALUE 1606 3ea4
TRACE 177 BF16_VALUE 1607 3f6d
TRACE 177 BF16_VALUE 1608 be0d
TRACE 177 BF16_VALUE 1609 bf55
TRACE 177 BF16_VALUE 1610 bfaa
TRACE 177 BF16_VALUE 1611 3e68
TRACE 177 BF16_VALUE 1612 3e9b
TRACE 177 BF16_VALUE 1613 bf65
TRACE 177 BF16_VALUE 1614 be68
TRACE 177 BF16_VALUE 1615 3e4a
TRACE 178 BF16_GROUP_ISSUE 25 2
TRACE 178 BF16_VALUE 1616 bf7e
TRACE 178 BF16_VALUE 1617 3ea0
TRACE 178 BF16_VALUE 1618 3f18
TRACE 178 BF16_VALUE 1619 4013
TRACE 178 BF16_VALUE 1620 3fa0
TRACE 178 BF16_VALUE 1621 3fab
TRACE 178 BF16_VALUE 1622 3f80
TRACE 178 BF16_VALUE 1623 4012
TRACE 178 BF16_VALUE 1624 3e80
TRACE 178 BF16_VALUE 1625 bfd0
TRACE 178 BF16_VALUE 1626 3ff5
TRACE 178 BF16_VALUE 1627 bfc3
TRACE 178 BF16_VALUE 1628 3ca1
TRACE 178 BF16_VALUE 1629 3f45
TRACE 178 BF16_VALUE 1630 3f3e
TRACE 178 BF16_VALUE 1631 bffe
TRACE 179 BF16_GROUP_ISSUE 25 3
TRACE 179 BF16_VALUE 1632 3fbd
TRACE 179 BF16_VALUE 1633 3e13
TRACE 179 BF16_VALUE 1634 4011
TRACE 179 BF16_VALUE 1635 3e72
TRACE 179 BF16_VALUE 1636 bfb8
TRACE 179 BF16_VALUE 1637 4007
TRACE 179 BF16_VALUE 1638 3fc3
TRACE 179 BF16_VALUE 1639 be8d
TRACE 179 BF16_VALUE 1640 bfb2
TRACE 179 BF16_VALUE 1641 3d7b
TRACE 179 BF16_VALUE 1642 4027
TRACE 179 BF16_VALUE 1643 bf4d
TRACE 179 BF16_VALUE 1644 c07a
TRACE 179 BF16_VALUE 1645 c000
TRACE 179 BF16_VALUE 1646 bf49
TRACE 179 BF16_VALUE 1647 3de2
TRACE 180 BF16_VALUE 1648 3ee8
TRACE 180 BF16_VALUE 1649 3fdd
TRACE 180 BF16_VALUE 1650 beda
TRACE 180 BF16_VALUE 1651 3f28
TRACE 180 BF16_VALUE 1652 3f9b
TRACE 180 BF16_VALUE 1653 bf71
TRACE 180 BF16_VALUE 1654 bf35
TRACE 180 BF16_VALUE 1655 bf87
TRACE 180 BF16_VALUE 1656 be63
TRACE 180 BF16_VALUE 1657 3f64
TRACE 180 BF16_VALUE 1658 3f2c
TRACE 180 BF16_VALUE 1659 3bf9
TRACE 180 BF16_VALUE 1660 3f59
TRACE 180 BF16_VALUE 1661 bf08
TRACE 180 BF16_VALUE 1662 3e83
TRACE 180 BF16_VALUE 1663 be23
TRACE 181 A8_OUTPUT 1600 -1
TRACE 181 BF16_OUTPUT 1600 bcf2
TRACE 181 A8_OUTPUT 1601 30
TRACE 181 BF16_OUTPUT 1601 3f9e
TRACE 181 A8_OUTPUT 1602 5
TRACE 181 BF16_OUTPUT 1602 3e52
TRACE 181 A8_OUTPUT 1603 -4
TRACE 181 BF16_OUTPUT 1603 be32
TRACE 181 A8_OUTPUT 1604 4
TRACE 181 BF16_OUTPUT 1604 3e15
TRACE 181 A8_OUTPUT 1605 -8
TRACE 181 BF16_OUTPUT 1605 beab
TRACE 181 A8_OUTPUT 1606 8
TRACE 181 BF16_OUTPUT 1606 3ea4
TRACE 181 A8_OUTPUT 1607 23
TRACE 181 BF16_OUTPUT 1607 3f6d
TRACE 181 A8_OUTPUT 1608 -3
TRACE 181 BF16_OUTPUT 1608 be0d
TRACE 181 A8_OUTPUT 1609 -21
TRACE 181 BF16_OUTPUT 1609 bf55
TRACE 181 A8_OUTPUT 1610 -33
TRACE 181 BF16_OUTPUT 1610 bfaa
TRACE 181 A8_OUTPUT 1611 6
TRACE 181 BF16_OUTPUT 1611 3e68
TRACE 181 A8_OUTPUT 1612 7
TRACE 181 BF16_OUTPUT 1612 3e9b
TRACE 181 A8_OUTPUT 1613 -22
TRACE 181 BF16_OUTPUT 1613 bf65
TRACE 181 A8_OUTPUT 1614 -6
TRACE 181 BF16_OUTPUT 1614 be68
TRACE 181 A8_OUTPUT 1615 5
TRACE 181 BF16_OUTPUT 1615 3e4a
TRACE 181 A8_OUTPUT 1616 -24
TRACE 181 BF16_OUTPUT 1616 bf7e
TRACE 181 A8_OUTPUT 1617 8
TRACE 181 BF16_OUTPUT 1617 3ea0
TRACE 181 A8_OUTPUT 1618 15
TRACE 181 BF16_OUTPUT 1618 3f18
TRACE 181 A8_OUTPUT 1619 57
TRACE 181 BF16_OUTPUT 1619 4013
TRACE 181 A8_OUTPUT 1620 31
TRACE 181 BF16_OUTPUT 1620 3fa0
TRACE 181 A8_OUTPUT 1621 33
TRACE 181 BF16_OUTPUT 1621 3fab
TRACE 181 A8_OUTPUT 1622 25
TRACE 181 BF16_OUTPUT 1622 3f80
TRACE 181 A8_OUTPUT 1623 56
TRACE 181 BF16_OUTPUT 1623 4012
TRACE 181 A8_OUTPUT 1624 6
TRACE 181 BF16_OUTPUT 1624 3e80
TRACE 181 A8_OUTPUT 1625 -40
TRACE 181 BF16_OUTPUT 1625 bfd0
TRACE 181 A8_OUTPUT 1626 47
TRACE 181 BF16_OUTPUT 1626 3ff5
TRACE 181 A8_OUTPUT 1627 -37
TRACE 181 BF16_OUTPUT 1627 bfc3
TRACE 181 A8_OUTPUT 1628 0
TRACE 181 BF16_OUTPUT 1628 3ca1
TRACE 181 A8_OUTPUT 1629 19
TRACE 181 BF16_OUTPUT 1629 3f45
TRACE 181 A8_OUTPUT 1630 18
TRACE 181 BF16_OUTPUT 1630 3f3e
TRACE 181 A8_OUTPUT 1631 -49
TRACE 181 BF16_OUTPUT 1631 bffe
TRACE 181 A8_OUTPUT 1632 36
TRACE 181 BF16_OUTPUT 1632 3fbd
TRACE 181 A8_OUTPUT 1633 4
TRACE 181 BF16_OUTPUT 1633 3e13
TRACE 181 A8_OUTPUT 1634 56
TRACE 181 BF16_OUTPUT 1634 4011
TRACE 181 A8_OUTPUT 1635 6
TRACE 181 BF16_OUTPUT 1635 3e72
TRACE 181 A8_OUTPUT 1636 -35
TRACE 181 BF16_OUTPUT 1636 bfb8
TRACE 181 A8_OUTPUT 1637 52
TRACE 181 BF16_OUTPUT 1637 4007
TRACE 181 A8_OUTPUT 1638 38
TRACE 181 BF16_OUTPUT 1638 3fc3
TRACE 181 A8_OUTPUT 1639 -7
TRACE 181 BF16_OUTPUT 1639 be8d
TRACE 181 A8_OUTPUT 1640 -34
TRACE 181 BF16_OUTPUT 1640 bfb2
TRACE 181 A8_OUTPUT 1641 2
TRACE 181 BF16_OUTPUT 1641 3d7b
TRACE 181 A8_OUTPUT 1642 64
TRACE 181 BF16_OUTPUT 1642 4027
TRACE 181 A8_OUTPUT 1643 -20
TRACE 181 BF16_OUTPUT 1643 bf4d
TRACE 181 A8_OUTPUT 1644 -96
TRACE 181 BF16_OUTPUT 1644 c07a
TRACE 181 A8_OUTPUT 1645 -49
TRACE 181 BF16_OUTPUT 1645 c000
TRACE 181 A8_OUTPUT 1646 -19
TRACE 181 BF16_OUTPUT 1646 bf49
TRACE 181 A8_OUTPUT 1647 3
TRACE 181 BF16_OUTPUT 1647 3de2
TRACE 181 A8_OUTPUT 1648 11
TRACE 181 BF16_OUTPUT 1648 3ee8
TRACE 181 A8_OUTPUT 1649 43
TRACE 181 BF16_OUTPUT 1649 3fdd
TRACE 181 A8_OUTPUT 1650 -11
TRACE 181 BF16_OUTPUT 1650 beda
TRACE 181 A8_OUTPUT 1651 16
TRACE 181 BF16_OUTPUT 1651 3f28
TRACE 181 A8_OUTPUT 1652 30
TRACE 181 BF16_OUTPUT 1652 3f9b
TRACE 181 A8_OUTPUT 1653 -23
TRACE 181 BF16_OUTPUT 1653 bf71
TRACE 181 A8_OUTPUT 1654 -17
TRACE 181 BF16_OUTPUT 1654 bf35
TRACE 181 A8_OUTPUT 1655 -26
TRACE 181 BF16_OUTPUT 1655 bf87
TRACE 181 A8_OUTPUT 1656 -5
TRACE 181 BF16_OUTPUT 1656 be63
TRACE 181 A8_OUTPUT 1657 22
TRACE 181 BF16_OUTPUT 1657 3f64
TRACE 181 A8_OUTPUT 1658 17
TRACE 181 BF16_OUTPUT 1658 3f2c
TRACE 181 A8_OUTPUT 1659 0
TRACE 181 BF16_OUTPUT 1659 3bf9
TRACE 181 A8_OUTPUT 1660 21
TRACE 181 BF16_OUTPUT 1660 3f59
TRACE 181 A8_OUTPUT 1661 -13
TRACE 181 BF16_OUTPUT 1661 bf08
TRACE 181 A8_OUTPUT 1662 6
TRACE 181 BF16_OUTPUT 1662 3e83
TRACE 181 A8_OUTPUT 1663 -4
TRACE 181 BF16_OUTPUT 1663 be23
TRACE 182 INPUT_ACCEPT 26 0
TRACE 183 BF16_GROUP_ISSUE 26 0
TRACE 184 BF16_GROUP_ISSUE 26 1
TRACE 184 BF16_VALUE 1664 3b02
TRACE 184 BF16_VALUE 1665 bdb7
TRACE 184 BF16_VALUE 1666 bda8
TRACE 184 BF16_VALUE 1667 3dbe
TRACE 184 BF16_VALUE 1668 3cc5
TRACE 184 BF16_VALUE 1669 bf30
TRACE 184 BF16_VALUE 1670 3dc6
TRACE 184 BF16_VALUE 1671 3e10
TRACE 184 BF16_VALUE 1672 bf6e
TRACE 184 BF16_VALUE 1673 3d47
TRACE 184 BF16_VALUE 1674 bd09
TRACE 184 BF16_VALUE 1675 3ec7
TRACE 184 BF16_VALUE 1676 3f9e
TRACE 184 BF16_VALUE 1677 3d71
TRACE 184 BF16_VALUE 1678 3eed
TRACE 184 BF16_VALUE 1679 3e91
TRACE 185 BF16_GROUP_ISSUE 26 2
TRACE 185 BF16_VALUE 1680 be58
TRACE 185 BF16_VALUE 1681 3e78
TRACE 185 BF16_VALUE 1682 3f5c
TRACE 185 BF16_VALUE 1683 3ef8
TRACE 185 BF16_VALUE 1684 3eed
TRACE 185 BF16_VALUE 1685 bed7
TRACE 185 BF16_VALUE 1686 bedf
TRACE 185 BF16_VALUE 1687 bf16
TRACE 185 BF16_VALUE 1688 bf5a
TRACE 185 BF16_VALUE 1689 bf9a
TRACE 185 BF16_VALUE 1690 3e0a
TRACE 185 BF16_VALUE 1691 bff9
TRACE 185 BF16_VALUE 1692 bf43
TRACE 185 BF16_VALUE 1693 bfcd
TRACE 185 BF16_VALUE 1694 bf51
TRACE 185 BF16_VALUE 1695 3e63
TRACE 186 BF16_GROUP_ISSUE 26 3
TRACE 186 BF16_VALUE 1696 be99
TRACE 186 BF16_VALUE 1697 3e9f
TRACE 186 BF16_VALUE 1698 3fb3
TRACE 186 BF16_VALUE 1699 3e03
TRACE 186 BF16_VALUE 1700 3f93
TRACE 186 BF16_VALUE 1701 bfe5
TRACE 186 BF16_VALUE 1702 bf07
TRACE 186 BF16_VALUE 1703 bf02
TRACE 186 BF16_VALUE 1704 bf33
TRACE 186 BF16_VALUE 1705 3fdc
TRACE 186 BF16_VALUE 1706 3fb9
TRACE 186 BF16_VALUE 1707 4011
TRACE 186 BF16_VALUE 1708 3d8c
TRACE 186 BF16_VALUE 1709 bf13
TRACE 186 BF16_VALUE 1710 3ff4
TRACE 186 BF16_VALUE 1711 3f3f
TRACE 187 BF16_VALUE 1712 be7a
TRACE 187 BF16_VALUE 1713 3fc7
TRACE 187 BF16_VALUE 1714 3f56
TRACE 187 BF16_VALUE 1715 3ee0
TRACE 187 BF16_VALUE 1716 3f48
TRACE 187 BF16_VALUE 1717 be67
TRACE 187 BF16_VALUE 1718 be54
TRACE 187 BF16_VALUE 1719 3f02
TRACE 187 BF16_VALUE 1720 be62
TRACE 187 BF16_VALUE 1721 3f17
TRACE 187 BF16_VALUE 1722 bed0
TRACE 187 BF16_VALUE 1723 bf0a
TRACE 187 BF16_VALUE 1724 bf54
TRACE 187 BF16_VALUE 1725 3f62
TRACE 187 BF16_VALUE 1726 3f12
TRACE 187 BF16_VALUE 1727 bed0
TRACE 188 A8_OUTPUT 1664 0
TRACE 188 BF16_OUTPUT 1664 3b02
TRACE 188 A8_OUTPUT 1665 -2
TRACE 188 BF16_OUTPUT 1665 bdb7
TRACE 188 A8_OUTPUT 1666 -2
TRACE 188 BF16_OUTPUT 1666 bda8
TRACE 188 A8_OUTPUT 1667 2
TRACE 188 BF16_OUTPUT 1667 3dbe
TRACE 188 A8_OUTPUT 1668 1
TRACE 188 BF16_OUTPUT 1668 3cc5
TRACE 188 A8_OUTPUT 1669 -17
TRACE 188 BF16_OUTPUT 1669 bf30
TRACE 188 A8_OUTPUT 1670 2
TRACE 188 BF16_OUTPUT 1670 3dc6
TRACE 188 A8_OUTPUT 1671 3
TRACE 188 BF16_OUTPUT 1671 3e10
TRACE 188 A8_OUTPUT 1672 -23
TRACE 188 BF16_OUTPUT 1672 bf6e
TRACE 188 A8_OUTPUT 1673 1
TRACE 188 BF16_OUTPUT 1673 3d47
TRACE 188 A8_OUTPUT 1674 -1
TRACE 188 BF16_OUTPUT 1674 bd09
TRACE 188 A8_OUTPUT 1675 10
TRACE 188 BF16_OUTPUT 1675 3ec7
TRACE 188 A8_OUTPUT 1676 30
TRACE 188 BF16_OUTPUT 1676 3f9e
TRACE 188 A8_OUTPUT 1677 1
TRACE 188 BF16_OUTPUT 1677 3d71
TRACE 188 A8_OUTPUT 1678 11
TRACE 188 BF16_OUTPUT 1678 3eed
TRACE 188 A8_OUTPUT 1679 7
TRACE 188 BF16_OUTPUT 1679 3e91
TRACE 188 A8_OUTPUT 1680 -5
TRACE 188 BF16_OUTPUT 1680 be58
TRACE 188 A8_OUTPUT 1681 6
TRACE 188 BF16_OUTPUT 1681 3e78
TRACE 188 A8_OUTPUT 1682 21
TRACE 188 BF16_OUTPUT 1682 3f5c
TRACE 188 A8_OUTPUT 1683 12
TRACE 188 BF16_OUTPUT 1683 3ef8
TRACE 188 A8_OUTPUT 1684 11
TRACE 188 BF16_OUTPUT 1684 3eed
TRACE 188 A8_OUTPUT 1685 -10
TRACE 188 BF16_OUTPUT 1685 bed7
TRACE 188 A8_OUTPUT 1686 -11
TRACE 188 BF16_OUTPUT 1686 bedf
TRACE 188 A8_OUTPUT 1687 -14
TRACE 188 BF16_OUTPUT 1687 bf16
TRACE 188 A8_OUTPUT 1688 -21
TRACE 188 BF16_OUTPUT 1688 bf5a
TRACE 188 A8_OUTPUT 1689 -30
TRACE 188 BF16_OUTPUT 1689 bf9a
TRACE 188 A8_OUTPUT 1690 3
TRACE 188 BF16_OUTPUT 1690 3e0a
TRACE 188 A8_OUTPUT 1691 -48
TRACE 188 BF16_OUTPUT 1691 bff9
TRACE 188 A8_OUTPUT 1692 -19
TRACE 188 BF16_OUTPUT 1692 bf43
TRACE 188 A8_OUTPUT 1693 -40
TRACE 188 BF16_OUTPUT 1693 bfcd
TRACE 188 A8_OUTPUT 1694 -20
TRACE 188 BF16_OUTPUT 1694 bf51
TRACE 188 A8_OUTPUT 1695 5
TRACE 188 BF16_OUTPUT 1695 3e63
TRACE 188 A8_OUTPUT 1696 -7
TRACE 188 BF16_OUTPUT 1696 be99
TRACE 188 A8_OUTPUT 1697 8
TRACE 188 BF16_OUTPUT 1697 3e9f
TRACE 188 A8_OUTPUT 1698 35
TRACE 188 BF16_OUTPUT 1698 3fb3
TRACE 188 A8_OUTPUT 1699 3
TRACE 188 BF16_OUTPUT 1699 3e03
TRACE 188 A8_OUTPUT 1700 28
TRACE 188 BF16_OUTPUT 1700 3f93
TRACE 188 A8_OUTPUT 1701 -44
TRACE 188 BF16_OUTPUT 1701 bfe5
TRACE 188 A8_OUTPUT 1702 -13
TRACE 188 BF16_OUTPUT 1702 bf07
TRACE 188 A8_OUTPUT 1703 -12
TRACE 188 BF16_OUTPUT 1703 bf02
TRACE 188 A8_OUTPUT 1704 -17
TRACE 188 BF16_OUTPUT 1704 bf33
TRACE 188 A8_OUTPUT 1705 42
TRACE 188 BF16_OUTPUT 1705 3fdc
TRACE 188 A8_OUTPUT 1706 36
TRACE 188 BF16_OUTPUT 1706 3fb9
TRACE 188 A8_OUTPUT 1707 56
TRACE 188 BF16_OUTPUT 1707 4011
TRACE 188 A8_OUTPUT 1708 2
TRACE 188 BF16_OUTPUT 1708 3d8c
TRACE 188 A8_OUTPUT 1709 -14
TRACE 188 BF16_OUTPUT 1709 bf13
TRACE 188 A8_OUTPUT 1710 47
TRACE 188 BF16_OUTPUT 1710 3ff4
TRACE 188 A8_OUTPUT 1711 18
TRACE 188 BF16_OUTPUT 1711 3f3f
TRACE 188 A8_OUTPUT 1712 -6
TRACE 188 BF16_OUTPUT 1712 be7a
TRACE 188 A8_OUTPUT 1713 38
TRACE 188 BF16_OUTPUT 1713 3fc7
TRACE 188 A8_OUTPUT 1714 21
TRACE 188 BF16_OUTPUT 1714 3f56
TRACE 188 A8_OUTPUT 1715 11
TRACE 188 BF16_OUTPUT 1715 3ee0
TRACE 188 A8_OUTPUT 1716 19
TRACE 188 BF16_OUTPUT 1716 3f48
TRACE 188 A8_OUTPUT 1717 -6
TRACE 188 BF16_OUTPUT 1717 be67
TRACE 188 A8_OUTPUT 1718 -5
TRACE 188 BF16_OUTPUT 1718 be54
TRACE 188 A8_OUTPUT 1719 12
TRACE 188 BF16_OUTPUT 1719 3f02
TRACE 188 A8_OUTPUT 1720 -5
TRACE 188 BF16_OUTPUT 1720 be62
TRACE 188 A8_OUTPUT 1721 15
TRACE 188 BF16_OUTPUT 1721 3f17
TRACE 188 A8_OUTPUT 1722 -10
TRACE 188 BF16_OUTPUT 1722 bed0
TRACE 188 A8_OUTPUT 1723 -13
TRACE 188 BF16_OUTPUT 1723 bf0a
TRACE 188 A8_OUTPUT 1724 -20
TRACE 188 BF16_OUTPUT 1724 bf54
TRACE 188 A8_OUTPUT 1725 22
TRACE 188 BF16_OUTPUT 1725 3f62
TRACE 188 A8_OUTPUT 1726 14
TRACE 188 BF16_OUTPUT 1726 3f12
TRACE 188 A8_OUTPUT 1727 -10
TRACE 188 BF16_OUTPUT 1727 bed0
TRACE 189 INPUT_ACCEPT 27 0
TRACE 190 BF16_GROUP_ISSUE 27 0
TRACE 191 BF16_GROUP_ISSUE 27 1
TRACE 191 BF16_VALUE 1728 3eb6
TRACE 191 BF16_VALUE 1729 3cfc
TRACE 191 BF16_VALUE 1730 be12
TRACE 191 BF16_VALUE 1731 3d14
TRACE 191 BF16_VALUE 1732 3f72
TRACE 191 BF16_VALUE 1733 bf82
TRACE 191 BF16_VALUE 1734 bf26
TRACE 191 BF16_VALUE 1735 3f04
TRACE 191 BF16_VALUE 1736 3e67
TRACE 191 BF16_VALUE 1737 3f28
TRACE 191 BF16_VALUE 1738 bdf1
TRACE 191 BF16_VALUE 1739 3f11
TRACE 191 BF16_VALUE 1740 be6e
TRACE 191 BF16_VALUE 1741 bdbc
TRACE 191 BF16_VALUE 1742 bf48
TRACE 191 BF16_VALUE 1743 3f3a
TRACE 192 BF16_GROUP_ISSUE 27 2
TRACE 192 BF16_VALUE 1744 becb
TRACE 192 BF16_VALUE 1745 3d60
TRACE 192 BF16_VALUE 1746 3f2e
TRACE 192 BF16_VALUE 1747 3fad
TRACE 192 BF16_VALUE 1748 bfa5
TRACE 192 BF16_VALUE 1749 3e79
TRACE 192 BF16_VALUE 1750 3f3c
TRACE 192 BF16_VALUE 1751 3ee4
TRACE 192 BF16_VALUE 1752 3eda
TRACE 192 BF16_VALUE 1753 3f08
TRACE 192 BF16_VALUE 1754 3f88
TRACE 192 BF16_VALUE 1755 bf0f
TRACE 192 BF16_VALUE 1756 bf79
TRACE 192 BF16_VALUE 1757 3f63
TRACE 192 BF16_VALUE 1758 bf01
TRACE 192 BF16_VALUE 1759 bfa3
TRACE 193 BF16_GROUP_ISSUE 27 3
TRACE 193 BF16_VALUE 1760 bfcf
TRACE 193 BF16_VALUE 1761 bfc7
TRACE 193 BF16_VALUE 1762 be86
TRACE 193 BF16_VALUE 1763 3f45
TRACE 193 BF16_VALUE 1764 bfa8
TRACE 193 BF16_VALUE 1765 3f88
TRACE 193 BF16_VALUE 1766 3f1c
TRACE 193 BF16_VALUE 1767 bf0c
TRACE 193 BF16_VALUE 1768 3f44
TRACE 193 BF16_VALUE 1769 3fcf
TRACE 193 BF16_VALUE 1770 be52
TRACE 193 BF16_VALUE 1771 3fde
TRACE 193 BF16_VALUE 1772 bfa1
TRACE 193 BF16_VALUE 1773 bfb7
TRACE 193 BF16_VALUE 1774 be52
TRACE 193 BF16_VALUE 1775 bf7a
TRACE 194 BF16_VALUE 1776 3f48
TRACE 194 BF16_VALUE 1777 3f12
TRACE 194 BF16_VALUE 1778 bfa3
TRACE 194 BF16_VALUE 1779 bedd
TRACE 194 BF16_VALUE 1780 3f08
TRACE 194 BF16_VALUE 1781 3f18
TRACE 194 BF16_VALUE 1782 3f71
TRACE 194 BF16_VALUE 1783 3e81
TRACE 194 BF16_VALUE 1784 bf58
TRACE 194 BF16_VALUE 1785 bf68
TRACE 194 BF16_VALUE 1786 3f22
TRACE 194 BF16_VALUE 1787 3f11
TRACE 194 BF16_VALUE 1788 bf36
TRACE 194 BF16_VALUE 1789 bf1d
TRACE 194 BF16_VALUE 1790 bebb
TRACE 194 BF16_VALUE 1791 3e88
TRACE 195 A8_OUTPUT 1728 9
TRACE 195 BF16_OUTPUT 1728 3eb6
TRACE 195 A8_OUTPUT 1729 1
TRACE 195 BF16_OUTPUT 1729 3cfc
TRACE 195 A8_OUTPUT 1730 -4
TRACE 195 BF16_OUTPUT 1730 be12
TRACE 195 A8_OUTPUT 1731 1
TRACE 195 BF16_OUTPUT 1731 3d14
TRACE 195 A8_OUTPUT 1732 23
TRACE 195 BF16_OUTPUT 1732 3f72
TRACE 195 A8_OUTPUT 1733 -25
TRACE 195 BF16_OUTPUT 1733 bf82
TRACE 195 A8_OUTPUT 1734 -16
TRACE 195 BF16_OUTPUT 1734 bf26
TRACE 195 A8_OUTPUT 1735 13
TRACE 195 BF16_OUTPUT 1735 3f04
TRACE 195 A8_OUTPUT 1736 6
TRACE 195 BF16_OUTPUT 1736 3e67
TRACE 195 A8_OUTPUT 1737 16
TRACE 195 BF16_OUTPUT 1737 3f28
TRACE 195 A8_OUTPUT 1738 -3
TRACE 195 BF16_OUTPUT 1738 bdf1
TRACE 195 A8_OUTPUT 1739 14
TRACE 195 BF16_OUTPUT 1739 3f11
TRACE 195 A8_OUTPUT 1740 -6
TRACE 195 BF16_OUTPUT 1740 be6e
TRACE 195 A8_OUTPUT 1741 -2
TRACE 195 BF16_OUTPUT 1741 bdbc
TRACE 195 A8_OUTPUT 1742 -19
TRACE 195 BF16_OUTPUT 1742 bf48
TRACE 195 A8_OUTPUT 1743 18
TRACE 195 BF16_OUTPUT 1743 3f3a
TRACE 195 A8_OUTPUT 1744 -10
TRACE 195 BF16_OUTPUT 1744 becb
TRACE 195 A8_OUTPUT 1745 1
TRACE 195 BF16_OUTPUT 1745 3d60
TRACE 195 A8_OUTPUT 1746 17
TRACE 195 BF16_OUTPUT 1746 3f2e
TRACE 195 A8_OUTPUT 1747 33
TRACE 195 BF16_OUTPUT 1747 3fad
TRACE 195 A8_OUTPUT 1748 -32
TRACE 195 BF16_OUTPUT 1748 bfa5
TRACE 195 A8_OUTPUT 1749 6
TRACE 195 BF16_OUTPUT 1749 3e79
TRACE 195 A8_OUTPUT 1750 18
TRACE 195 BF16_OUTPUT 1750 3f3c
TRACE 195 A8_OUTPUT 1751 11
TRACE 195 BF16_OUTPUT 1751 3ee4
TRACE 195 A8_OUTPUT 1752 10
TRACE 195 BF16_OUTPUT 1752 3eda
TRACE 195 A8_OUTPUT 1753 13
TRACE 195 BF16_OUTPUT 1753 3f08
TRACE 195 A8_OUTPUT 1754 26
TRACE 195 BF16_OUTPUT 1754 3f88
TRACE 195 A8_OUTPUT 1755 -14
TRACE 195 BF16_OUTPUT 1755 bf0f
TRACE 195 A8_OUTPUT 1756 -24
TRACE 195 BF16_OUTPUT 1756 bf79
TRACE 195 A8_OUTPUT 1757 22
TRACE 195 BF16_OUTPUT 1757 3f63
TRACE 195 A8_OUTPUT 1758 -12
TRACE 195 BF16_OUTPUT 1758 bf01
TRACE 195 A8_OUTPUT 1759 -31
TRACE 195 BF16_OUTPUT 1759 bfa3
TRACE 195 A8_OUTPUT 1760 -40
TRACE 195 BF16_OUTPUT 1760 bfcf
TRACE 195 A8_OUTPUT 1761 -38
TRACE 195 BF16_OUTPUT 1761 bfc7
TRACE 195 A8_OUTPUT 1762 -6
TRACE 195 BF16_OUTPUT 1762 be86
TRACE 195 A8_OUTPUT 1763 19
TRACE 195 BF16_OUTPUT 1763 3f45
TRACE 195 A8_OUTPUT 1764 -32
TRACE 195 BF16_OUTPUT 1764 bfa8
TRACE 195 A8_OUTPUT 1765 26
TRACE 195 BF16_OUTPUT 1765 3f88
TRACE 195 A8_OUTPUT 1766 15
TRACE 195 BF16_OUTPUT 1766 3f1c
TRACE 195 A8_OUTPUT 1767 -13
TRACE 195 BF16_OUTPUT 1767 bf0c
TRACE 195 A8_OUTPUT 1768 19
TRACE 195 BF16_OUTPUT 1768 3f44
TRACE 195 A8_OUTPUT 1769 40
TRACE 195 BF16_OUTPUT 1769 3fcf
TRACE 195 A8_OUTPUT 1770 -5
TRACE 195 BF16_OUTPUT 1770 be52
TRACE 195 A8_OUTPUT 1771 43
TRACE 195 BF16_OUTPUT 1771 3fde
TRACE 195 A8_OUTPUT 1772 -31
TRACE 195 BF16_OUTPUT 1772 bfa1
TRACE 195 A8_OUTPUT 1773 -35
TRACE 195 BF16_OUTPUT 1773 bfb7
TRACE 195 A8_OUTPUT 1774 -5
TRACE 195 BF16_OUTPUT 1774 be52
TRACE 195 A8_OUTPUT 1775 -24
TRACE 195 BF16_OUTPUT 1775 bf7a
TRACE 195 A8_OUTPUT 1776 19
TRACE 195 BF16_OUTPUT 1776 3f48
TRACE 195 A8_OUTPUT 1777 14
TRACE 195 BF16_OUTPUT 1777 3f12
TRACE 195 A8_OUTPUT 1778 -31
TRACE 195 BF16_OUTPUT 1778 bfa3
TRACE 195 A8_OUTPUT 1779 -11
TRACE 195 BF16_OUTPUT 1779 bedd
TRACE 195 A8_OUTPUT 1780 13
TRACE 195 BF16_OUTPUT 1780 3f08
TRACE 195 A8_OUTPUT 1781 15
TRACE 195 BF16_OUTPUT 1781 3f18
TRACE 195 A8_OUTPUT 1782 23
TRACE 195 BF16_OUTPUT 1782 3f71
TRACE 195 A8_OUTPUT 1783 6
TRACE 195 BF16_OUTPUT 1783 3e81
TRACE 195 A8_OUTPUT 1784 -21
TRACE 195 BF16_OUTPUT 1784 bf58
TRACE 195 A8_OUTPUT 1785 -22
TRACE 195 BF16_OUTPUT 1785 bf68
TRACE 195 A8_OUTPUT 1786 16
TRACE 195 BF16_OUTPUT 1786 3f22
TRACE 195 A8_OUTPUT 1787 14
TRACE 195 BF16_OUTPUT 1787 3f11
TRACE 195 A8_OUTPUT 1788 -17
TRACE 195 BF16_OUTPUT 1788 bf36
TRACE 195 A8_OUTPUT 1789 -15
TRACE 195 BF16_OUTPUT 1789 bf1d
TRACE 195 A8_OUTPUT 1790 -9
TRACE 195 BF16_OUTPUT 1790 bebb
TRACE 195 A8_OUTPUT 1791 7
TRACE 195 BF16_OUTPUT 1791 3e88
TRACE 196 INPUT_ACCEPT 28 0
TRACE 197 BF16_GROUP_ISSUE 28 0
TRACE 198 BF16_GROUP_ISSUE 28 1
TRACE 198 BF16_VALUE 1792 be0c
TRACE 198 BF16_VALUE 1793 3e74
TRACE 198 BF16_VALUE 1794 bf1d
TRACE 198 BF16_VALUE 1795 bdf3
TRACE 198 BF16_VALUE 1796 be1a
TRACE 198 BF16_VALUE 1797 3a4b
TRACE 198 BF16_VALUE 1798 3d97
TRACE 198 BF16_VALUE 1799 3e8a
TRACE 198 BF16_VALUE 1800 bf11
TRACE 198 BF16_VALUE 1801 3ea7
TRACE 198 BF16_VALUE 1802 3e0e
TRACE 198 BF16_VALUE 1803 beda
TRACE 198 BF16_VALUE 1804 3ed5
TRACE 198 BF16_VALUE 1805 bec0
TRACE 198 BF16_VALUE 1806 bf12
TRACE 198 BF16_VALUE 1807 be1e
TRACE 199 BF16_GROUP_ISSUE 28 2
TRACE 199 BF16_VALUE 1808 bedc
TRACE 199 BF16_VALUE 1809 3f08
TRACE 199 BF16_VALUE 1810 3f1d
TRACE 199 BF16_VALUE 1811 bf08
TRACE 199 BF16_VALUE 1812 bdbc
TRACE 199 BF16_VALUE 1813 3f13
TRACE 199 BF16_VALUE 1814 3f3d
TRACE 199 BF16_VALUE 1815 3e2d
TRACE 199 BF16_VALUE 1816 3f78
TRACE 199 BF16_VALUE 1817 bf1d
TRACE 199 BF16_VALUE 1818 bf04
TRACE 199 BF16_VALUE 1819 bf7d
TRACE 199 BF16_VALUE 1820 bae4
TRACE 199 BF16_VALUE 1821 3e8d
TRACE 199 BF16_VALUE 1822 3f33
TRACE 199 BF16_VALUE 1823 bfb7
TRACE 200 BF16_GROUP_ISSUE 28 3
TRACE 200 BF16_VALUE 1824 3e23
TRACE 200 BF16_VALUE 1825 bf57
TRACE 200 BF16_VALUE 1826 bf00
TRACE 200 BF16_VALUE 1827 bf53
TRACE 200 BF16_VALUE 1828 3f13
TRACE 200 BF16_VALUE 1829 bfb2
TRACE 200 BF16_VALUE 1830 3f94
TRACE 200 BF16_VALUE 1831 3e15
TRACE 200 BF16_VALUE 1832 bced
TRACE 200 BF16_VALUE 1833 be89
TRACE 200 BF16_VALUE 1834 be37
TRACE 200 BF16_VALUE 1835 3fb6
TRACE 200 BF16_VALUE 1836 bf1a
TRACE 200 BF16_VALUE 1837 401a
TRACE 200 BF16_VALUE 1838 3dfa
TRACE 200 BF16_VALUE 1839 c02a
TRACE 201 BF16_VALUE 1840 bddc
TRACE 201 BF16_VALUE 1841 3f9a
TRACE 201 BF16_VALUE 1842 c022
TRACE 201 BF16_VALUE 1843 bf84
TRACE 201 BF16_VALUE 1844 3ffd
TRACE 201 BF16_VALUE 1845 bfc4
TRACE 201 BF16_VALUE 1846 bfac
TRACE 201 BF16_VALUE 1847 3ed6
TRACE 201 BF16_VALUE 1848 3e67
TRACE 201 BF16_VALUE 1849 bd9c
TRACE 201 BF16_VALUE 1850 bf11
TRACE 201 BF16_VALUE 1851 bcce
TRACE 201 BF16_VALUE 1852 3e16
TRACE 201 BF16_VALUE 1853 3ea9
TRACE 201 BF16_VALUE 1854 be30
TRACE 201 BF16_VALUE 1855 3e5b
TRACE 202 A8_OUTPUT 1792 -3
TRACE 202 BF16_OUTPUT 1792 be0c
TRACE 202 A8_OUTPUT 1793 6
TRACE 202 BF16_OUTPUT 1793 3e74
TRACE 202 A8_OUTPUT 1794 -15
TRACE 202 BF16_OUTPUT 1794 bf1d
TRACE 202 A8_OUTPUT 1795 -3
TRACE 202 BF16_OUTPUT 1795 bdf3
TRACE 202 A8_OUTPUT 1796 -4
TRACE 202 BF16_OUTPUT 1796 be1a
TRACE 202 A8_OUTPUT 1797 0
TRACE 202 BF16_OUTPUT 1797 3a4b
TRACE 202 A8_OUTPUT 1798 2
TRACE 202 BF16_OUTPUT 1798 3d97
TRACE 202 A8_OUTPUT 1799 7
TRACE 202 BF16_OUTPUT 1799 3e8a
TRACE 202 A8_OUTPUT 1800 -14
TRACE 202 BF16_OUTPUT 1800 bf11
TRACE 202 A8_OUTPUT 1801 8
TRACE 202 BF16_OUTPUT 1801 3ea7
TRACE 202 A8_OUTPUT 1802 3
TRACE 202 BF16_OUTPUT 1802 3e0e
TRACE 202 A8_OUTPUT 1803 -11
TRACE 202 BF16_OUTPUT 1803 beda
TRACE 202 A8_OUTPUT 1804 10
TRACE 202 BF16_OUTPUT 1804 3ed5
TRACE 202 A8_OUTPUT 1805 -9
TRACE 202 BF16_OUTPUT 1805 bec0
TRACE 202 A8_OUTPUT 1806 -14
TRACE 202 BF16_OUTPUT 1806 bf12
TRACE 202 A8_OUTPUT 1807 -4
TRACE 202 BF16_OUTPUT 1807 be1e
TRACE 202 A8_OUTPUT 1808 -11
TRACE 202 BF16_OUTPUT 1808 bedc
TRACE 202 A8_OUTPUT 1809 13
TRACE 202 BF16_OUTPUT 1809 3f08
TRACE 202 A8_OUTPUT 1810 15
TRACE 202 BF16_OUTPUT 1810 3f1d
TRACE 202 A8_OUTPUT 1811 -13
TRACE 202 BF16_OUTPUT 1811 bf08
TRACE 202 A8_OUTPUT 1812 -2
TRACE 202 BF16_OUTPUT 1812 bdbc
TRACE 202 A8_OUTPUT 1813 14
TRACE 202 BF16_OUTPUT 1813 3f13
TRACE 202 A8_OUTPUT 1814 18
TRACE 202 BF16_OUTPUT 1814 3f3d
TRACE 202 A8_OUTPUT 1815 4
TRACE 202 BF16_OUTPUT 1815 3e2d
TRACE 202 A8_OUTPUT 1816 24
TRACE 202 BF16_OUTPUT 1816 3f78
TRACE 202 A8_OUTPUT 1817 -15
TRACE 202 BF16_OUTPUT 1817 bf1d
TRACE 202 A8_OUTPUT 1818 -13
TRACE 202 BF16_OUTPUT 1818 bf04
TRACE 202 A8_OUTPUT 1819 -24
TRACE 202 BF16_OUTPUT 1819 bf7d
TRACE 202 A8_OUTPUT 1820 0
TRACE 202 BF16_OUTPUT 1820 bae4
TRACE 202 A8_OUTPUT 1821 7
TRACE 202 BF16_OUTPUT 1821 3e8d
TRACE 202 A8_OUTPUT 1822 17
TRACE 202 BF16_OUTPUT 1822 3f33
TRACE 202 A8_OUTPUT 1823 -35
TRACE 202 BF16_OUTPUT 1823 bfb7
TRACE 202 A8_OUTPUT 1824 4
TRACE 202 BF16_OUTPUT 1824 3e23
TRACE 202 A8_OUTPUT 1825 -21
TRACE 202 BF16_OUTPUT 1825 bf57
TRACE 202 A8_OUTPUT 1826 -12
TRACE 202 BF16_OUTPUT 1826 bf00
TRACE 202 A8_OUTPUT 1827 -20
TRACE 202 BF16_OUTPUT 1827 bf53
TRACE 202 A8_OUTPUT 1828 14
TRACE 202 BF16_OUTPUT 1828 3f13
TRACE 202 A8_OUTPUT 1829 -34
TRACE 202 BF16_OUTPUT 1829 bfb2
TRACE 202 A8_OUTPUT 1830 29
TRACE 202 BF16_OUTPUT 1830 3f94
TRACE 202 A8_OUTPUT 1831 4
TRACE 202 BF16_OUTPUT 1831 3e15
TRACE 202 A8_OUTPUT 1832 -1
TRACE 202 BF16_OUTPUT 1832 bced
TRACE 202 A8_OUTPUT 1833 -7
TRACE 202 BF16_OUTPUT 1833 be89
TRACE 202 A8_OUTPUT 1834 -4
TRACE 202 BF16_OUTPUT 1834 be37
TRACE 202 A8_OUTPUT 1835 35
TRACE 202 BF16_OUTPUT 1835 3fb6
TRACE 202 A8_OUTPUT 1836 -15
TRACE 202 BF16_OUTPUT 1836 bf1a
TRACE 202 A8_OUTPUT 1837 59
TRACE 202 BF16_OUTPUT 1837 401a
TRACE 202 A8_OUTPUT 1838 3
TRACE 202 BF16_OUTPUT 1838 3dfa
TRACE 202 A8_OUTPUT 1839 -65
TRACE 202 BF16_OUTPUT 1839 c02a
TRACE 202 A8_OUTPUT 1840 -3
TRACE 202 BF16_OUTPUT 1840 bddc
TRACE 202 A8_OUTPUT 1841 30
TRACE 202 BF16_OUTPUT 1841 3f9a
TRACE 202 A8_OUTPUT 1842 -63
TRACE 202 BF16_OUTPUT 1842 c022
TRACE 202 A8_OUTPUT 1843 -26
TRACE 202 BF16_OUTPUT 1843 bf84
TRACE 202 A8_OUTPUT 1844 49
TRACE 202 BF16_OUTPUT 1844 3ffd
TRACE 202 A8_OUTPUT 1845 -38
TRACE 202 BF16_OUTPUT 1845 bfc4
TRACE 202 A8_OUTPUT 1846 -33
TRACE 202 BF16_OUTPUT 1846 bfac
TRACE 202 A8_OUTPUT 1847 10
TRACE 202 BF16_OUTPUT 1847 3ed6
TRACE 202 A8_OUTPUT 1848 6
TRACE 202 BF16_OUTPUT 1848 3e67
TRACE 202 A8_OUTPUT 1849 -2
TRACE 202 BF16_OUTPUT 1849 bd9c
TRACE 202 A8_OUTPUT 1850 -14
TRACE 202 BF16_OUTPUT 1850 bf11
TRACE 202 A8_OUTPUT 1851 -1
TRACE 202 BF16_OUTPUT 1851 bcce
TRACE 202 A8_OUTPUT 1852 4
TRACE 202 BF16_OUTPUT 1852 3e16
TRACE 202 A8_OUTPUT 1853 8
TRACE 202 BF16_OUTPUT 1853 3ea9
TRACE 202 A8_OUTPUT 1854 -4
TRACE 202 BF16_OUTPUT 1854 be30
TRACE 202 A8_OUTPUT 1855 5
TRACE 202 BF16_OUTPUT 1855 3e5b
TRACE 203 INPUT_ACCEPT 29 0
TRACE 204 BF16_GROUP_ISSUE 29 0
TRACE 205 BF16_GROUP_ISSUE 29 1
TRACE 205 BF16_VALUE 1856 3ee5
TRACE 205 BF16_VALUE 1857 bdce
TRACE 205 BF16_VALUE 1858 3e13
TRACE 205 BF16_VALUE 1859 beb7
TRACE 205 BF16_VALUE 1860 be29
TRACE 205 BF16_VALUE 1861 3ea3
TRACE 205 BF16_VALUE 1862 bedf
TRACE 205 BF16_VALUE 1863 3e9a
TRACE 205 BF16_VALUE 1864 3e88
TRACE 205 BF16_VALUE 1865 be80
TRACE 205 BF16_VALUE 1866 3e58
TRACE 205 BF16_VALUE 1867 beb7
TRACE 205 BF16_VALUE 1868 3e8d
TRACE 205 BF16_VALUE 1869 3e34
TRACE 205 BF16_VALUE 1870 3d8c
TRACE 205 BF16_VALUE 1871 be79
TRACE 206 BF16_GROUP_ISSUE 29 2
TRACE 206 BF16_VALUE 1872 bdd4
TRACE 206 BF16_VALUE 1873 3e78
TRACE 206 BF16_VALUE 1874 3f82
TRACE 206 BF16_VALUE 1875 beae
TRACE 206 BF16_VALUE 1876 bd83
TRACE 206 BF16_VALUE 1877 3f5d
TRACE 206 BF16_VALUE 1878 3f81
TRACE 206 BF16_VALUE 1879 bf21
TRACE 206 BF16_VALUE 1880 bec6
TRACE 206 BF16_VALUE 1881 bf28
TRACE 206 BF16_VALUE 1882 beb7
TRACE 206 BF16_VALUE 1883 bf85
TRACE 206 BF16_VALUE 1884 bf62
TRACE 206 BF16_VALUE 1885 3f87
TRACE 206 BF16_VALUE 1886 3f8b
TRACE 206 BF16_VALUE 1887 3f19
TRACE 207 BF16_GROUP_ISSUE 29 3
TRACE 207 BF16_VALUE 1888 3f63
TRACE 207 BF16_VALUE 1889 3f55
TRACE 207 BF16_VALUE 1890 bfb5
TRACE 207 BF16_VALUE 1891 bf03
TRACE 207 BF16_VALUE 1892 becb
TRACE 207 BF16_VALUE 1893 3f4a
TRACE 207 BF16_VALUE 1894 bf62
TRACE 207 BF16_VALUE 1895 be2d
TRACE 207 BF16_VALUE 1896 3eed
TRACE 207 BF16_VALUE 1897 beb5
TRACE 207 BF16_VALUE 1898 bfe7
TRACE 207 BF16_VALUE 1899 becc
TRACE 207 BF16_VALUE 1900 3f83
TRACE 207 BF16_VALUE 1901 be75
TRACE 207 BF16_VALUE 1902 401b
TRACE 207 BF16_VALUE 1903 be11
TRACE 208 BF16_VALUE 1904 403a
TRACE 208 BF16_VALUE 1905 3e81
TRACE 208 BF16_VALUE 1906 bffe
TRACE 208 BF16_VALUE 1907 be30
TRACE 208 BF16_VALUE 1908 3f8c
TRACE 208 BF16_VALUE 1909 bf42
TRACE 208 BF16_VALUE 1910 3f88
TRACE 208 BF16_VALUE 1911 3e5d
TRACE 208 BF16_VALUE 1912 bf4b
TRACE 208 BF16_VALUE 1913 3e15
TRACE 208 BF16_VALUE 1914 be8f
TRACE 208 BF16_VALUE 1915 3efd
TRACE 208 BF16_VALUE 1916 3cf0
TRACE 208 BF16_VALUE 1917 3fb0
TRACE 208 BF16_VALUE 1918 3ed7
TRACE 208 BF16_VALUE 1919 bea4
TRACE 209 A8_OUTPUT 1856 11
TRACE 209 BF16_OUTPUT 1856 3ee5
TRACE 209 A8_OUTPUT 1857 -2
TRACE 209 BF16_OUTPUT 1857 bdce
TRACE 209 A8_OUTPUT 1858 4
TRACE 209 BF16_OUTPUT 1858 3e13
TRACE 209 A8_OUTPUT 1859 -9
TRACE 209 BF16_OUTPUT 1859 beb7
TRACE 209 A8_OUTPUT 1860 -4
TRACE 209 BF16_OUTPUT 1860 be29
TRACE 209 A8_OUTPUT 1861 8
TRACE 209 BF16_OUTPUT 1861 3ea3
TRACE 209 A8_OUTPUT 1862 -11
TRACE 209 BF16_OUTPUT 1862 bedf
TRACE 209 A8_OUTPUT 1863 7
TRACE 209 BF16_OUTPUT 1863 3e9a
TRACE 209 A8_OUTPUT 1864 7
TRACE 209 BF16_OUTPUT 1864 3e88
TRACE 209 A8_OUTPUT 1865 -6
TRACE 209 BF16_OUTPUT 1865 be80
TRACE 209 A8_OUTPUT 1866 5
TRACE 209 BF16_OUTPUT 1866 3e58
TRACE 209 A8_OUTPUT 1867 -9
TRACE 209 BF16_OUTPUT 1867 beb7
TRACE 209 A8_OUTPUT 1868 7
TRACE 209 BF16_OUTPUT 1868 3e8d
TRACE 209 A8_OUTPUT 1869 4
TRACE 209 BF16_OUTPUT 1869 3e34
TRACE 209 A8_OUTPUT 1870 2
TRACE 209 BF16_OUTPUT 1870 3d8c
TRACE 209 A8_OUTPUT 1871 -6
TRACE 209 BF16_OUTPUT 1871 be79
TRACE 209 A8_OUTPUT 1872 -3
TRACE 209 BF16_OUTPUT 1872 bdd4
TRACE 209 A8_OUTPUT 1873 6
TRACE 209 BF16_OUTPUT 1873 3e78
TRACE 209 A8_OUTPUT 1874 25
TRACE 209 BF16_OUTPUT 1874 3f82
TRACE 209 A8_OUTPUT 1875 -8
TRACE 209 BF16_OUTPUT 1875 beae
TRACE 209 A8_OUTPUT 1876 -2
TRACE 209 BF16_OUTPUT 1876 bd83
TRACE 209 A8_OUTPUT 1877 21
TRACE 209 BF16_OUTPUT 1877 3f5d
TRACE 209 A8_OUTPUT 1878 25
TRACE 209 BF16_OUTPUT 1878 3f81
TRACE 209 A8_OUTPUT 1879 -16
TRACE 209 BF16_OUTPUT 1879 bf21
TRACE 209 A8_OUTPUT 1880 -10
TRACE 209 BF16_OUTPUT 1880 bec6
TRACE 209 A8_OUTPUT 1881 -16
TRACE 209 BF16_OUTPUT 1881 bf28
TRACE 209 A8_OUTPUT 1882 -9
TRACE 209 BF16_OUTPUT 1882 beb7
TRACE 209 A8_OUTPUT 1883 -26
TRACE 209 BF16_OUTPUT 1883 bf85
TRACE 209 A8_OUTPUT 1884 -22
TRACE 209 BF16_OUTPUT 1884 bf62
TRACE 209 A8_OUTPUT 1885 26
TRACE 209 BF16_OUTPUT 1885 3f87
TRACE 209 A8_OUTPUT 1886 27
TRACE 209 BF16_OUTPUT 1886 3f8b
TRACE 209 A8_OUTPUT 1887 15
TRACE 209 BF16_OUTPUT 1887 3f19
TRACE 209 A8_OUTPUT 1888 22
TRACE 209 BF16_OUTPUT 1888 3f63
TRACE 209 A8_OUTPUT 1889 21
TRACE 209 BF16_OUTPUT 1889 3f55
TRACE 209 A8_OUTPUT 1890 -35
TRACE 209 BF16_OUTPUT 1890 bfb5
TRACE 209 A8_OUTPUT 1891 -13
TRACE 209 BF16_OUTPUT 1891 bf03
TRACE 209 A8_OUTPUT 1892 -10
TRACE 209 BF16_OUTPUT 1892 becb
TRACE 209 A8_OUTPUT 1893 19
TRACE 209 BF16_OUTPUT 1893 3f4a
TRACE 209 A8_OUTPUT 1894 -22
TRACE 209 BF16_OUTPUT 1894 bf62
TRACE 209 A8_OUTPUT 1895 -4
TRACE 209 BF16_OUTPUT 1895 be2d
TRACE 209 A8_OUTPUT 1896 11
TRACE 209 BF16_OUTPUT 1896 3eed
TRACE 209 A8_OUTPUT 1897 -9
TRACE 209 BF16_OUTPUT 1897 beb5
TRACE 209 A8_OUTPUT 1898 -44
TRACE 209 BF16_OUTPUT 1898 bfe7
TRACE 209 A8_OUTPUT 1899 -10
TRACE 209 BF16_OUTPUT 1899 becc
TRACE 209 A8_OUTPUT 1900 25
TRACE 209 BF16_OUTPUT 1900 3f83
TRACE 209 A8_OUTPUT 1901 -6
TRACE 209 BF16_OUTPUT 1901 be75
TRACE 209 A8_OUTPUT 1902 60
TRACE 209 BF16_OUTPUT 1902 401b
TRACE 209 A8_OUTPUT 1903 -3
TRACE 209 BF16_OUTPUT 1903 be11
TRACE 209 A8_OUTPUT 1904 72
TRACE 209 BF16_OUTPUT 1904 403a
TRACE 209 A8_OUTPUT 1905 6
TRACE 209 BF16_OUTPUT 1905 3e81
TRACE 209 A8_OUTPUT 1906 -49
TRACE 209 BF16_OUTPUT 1906 bffe
TRACE 209 A8_OUTPUT 1907 -4
TRACE 209 BF16_OUTPUT 1907 be30
TRACE 209 A8_OUTPUT 1908 27
TRACE 209 BF16_OUTPUT 1908 3f8c
TRACE 209 A8_OUTPUT 1909 -19
TRACE 209 BF16_OUTPUT 1909 bf42
TRACE 209 A8_OUTPUT 1910 26
TRACE 209 BF16_OUTPUT 1910 3f88
TRACE 209 A8_OUTPUT 1911 5
TRACE 209 BF16_OUTPUT 1911 3e5d
TRACE 209 A8_OUTPUT 1912 -20
TRACE 209 BF16_OUTPUT 1912 bf4b
TRACE 209 A8_OUTPUT 1913 4
TRACE 209 BF16_OUTPUT 1913 3e15
TRACE 209 A8_OUTPUT 1914 -7
TRACE 209 BF16_OUTPUT 1914 be8f
TRACE 209 A8_OUTPUT 1915 12
TRACE 209 BF16_OUTPUT 1915 3efd
TRACE 209 A8_OUTPUT 1916 1
TRACE 209 BF16_OUTPUT 1916 3cf0
TRACE 209 A8_OUTPUT 1917 34
TRACE 209 BF16_OUTPUT 1917 3fb0
TRACE 209 A8_OUTPUT 1918 10
TRACE 209 BF16_OUTPUT 1918 3ed7
TRACE 209 A8_OUTPUT 1919 -8
TRACE 209 BF16_OUTPUT 1919 bea4
TRACE 210 INPUT_ACCEPT 30 0
TRACE 211 BF16_GROUP_ISSUE 30 0
TRACE 212 BF16_GROUP_ISSUE 30 1
TRACE 212 BF16_VALUE 1920 be22
TRACE 212 BF16_VALUE 1921 3d29
TRACE 212 BF16_VALUE 1922 be8b
TRACE 212 BF16_VALUE 1923 bf5b
TRACE 212 BF16_VALUE 1924 3eab
TRACE 212 BF16_VALUE 1925 3e0a
TRACE 212 BF16_VALUE 1926 3f02
TRACE 212 BF16_VALUE 1927 bd2f
TRACE 212 BF16_VALUE 1928 3ef8
TRACE 212 BF16_VALUE 1929 bf94
TRACE 212 BF16_VALUE 1930 3eb4
TRACE 212 BF16_VALUE 1931 3eb8
TRACE 212 BF16_VALUE 1932 be2c
TRACE 212 BF16_VALUE 1933 beb0
TRACE 212 BF16_VALUE 1934 3ded
TRACE 212 BF16_VALUE 1935 bdeb
TRACE 213 BF16_GROUP_ISSUE 30 2
TRACE 213 BF16_VALUE 1936 bd95
TRACE 213 BF16_VALUE 1937 3f41
TRACE 213 BF16_VALUE 1938 be8c
TRACE 213 BF16_VALUE 1939 bd95
TRACE 213 BF16_VALUE 1940 be6b
TRACE 213 BF16_VALUE 1941 3eae
TRACE 213 BF16_VALUE 1942 be77
TRACE 213 BF16_VALUE 1943 bf0a
TRACE 213 BF16_VALUE 1944 3eb9
TRACE 213 BF16_VALUE 1945 be46
TRACE 213 BF16_VALUE 1946 bdb7
TRACE 213 BF16_VALUE 1947 3f82
TRACE 213 BF16_VALUE 1948 be0d
TRACE 213 BF16_VALUE 1949 beaa
TRACE 213 BF16_VALUE 1950 3eec
TRACE 213 BF16_VALUE 1951 3edd
TRACE 214 BF16_GROUP_ISSUE 30 3
TRACE 214 BF16_VALUE 1952 bdba
TRACE 214 BF16_VALUE 1953 3ec9
TRACE 214 BF16_VALUE 1954 beab
TRACE 214 BF16_VALUE 1955 bf27
TRACE 214 BF16_VALUE 1956 bf23
TRACE 214 BF16_VALUE 1957 bfb1
TRACE 214 BF16_VALUE 1958 bf83
TRACE 214 BF16_VALUE 1959 bee0
TRACE 214 BF16_VALUE 1960 3e68
TRACE 214 BF16_VALUE 1961 bd58
TRACE 214 BF16_VALUE 1962 bfd9
TRACE 214 BF16_VALUE 1963 3f05
TRACE 214 BF16_VALUE 1964 3fc8
TRACE 214 BF16_VALUE 1965 bfb0
TRACE 214 BF16_VALUE 1966 3eee
TRACE 214 BF16_VALUE 1967 bf03
TRACE 215 BF16_VALUE 1968 3f94
TRACE 215 BF16_VALUE 1969 3ec5
TRACE 215 BF16_VALUE 1970 bf2e
TRACE 215 BF16_VALUE 1971 3e8b
TRACE 215 BF16_VALUE 1972 3f12
TRACE 215 BF16_VALUE 1973 bf09
TRACE 215 BF16_VALUE 1974 bee9
TRACE 215 BF16_VALUE 1975 bf4e
TRACE 215 BF16_VALUE 1976 3ed1
TRACE 215 BF16_VALUE 1977 3d02
TRACE 215 BF16_VALUE 1978 3de0
TRACE 215 BF16_VALUE 1979 3f39
TRACE 215 BF16_VALUE 1980 3d74
TRACE 215 BF16_VALUE 1981 3e46
TRACE 215 BF16_VALUE 1982 3dc5
TRACE 215 BF16_VALUE 1983 3ef0
TRACE 216 A8_OUTPUT 1920 -4
TRACE 216 BF16_OUTPUT 1920 be22
TRACE 216 A8_OUTPUT 1921 1
TRACE 216 BF16_OUTPUT 1921 3d29
TRACE 216 A8_OUTPUT 1922 -7
TRACE 216 BF16_OUTPUT 1922 be8b
TRACE 216 A8_OUTPUT 1923 -21
TRACE 216 BF16_OUTPUT 1923 bf5b
TRACE 216 A8_OUTPUT 1924 8
TRACE 216 BF16_OUTPUT 1924 3eab
TRACE 216 A8_OUTPUT 1925 3
TRACE 216 BF16_OUTPUT 1925 3e0a
TRACE 216 A8_OUTPUT 1926 13
TRACE 216 BF16_OUTPUT 1926 3f02
TRACE 216 A8_OUTPUT 1927 -1
TRACE 216 BF16_OUTPUT 1927 bd2f
TRACE 216 A8_OUTPUT 1928 12
TRACE 216 BF16_OUTPUT 1928 3ef8
TRACE 216 A8_OUTPUT 1929 -29
TRACE 216 BF16_OUTPUT 1929 bf94
TRACE 216 A8_OUTPUT 1930 9
TRACE 216 BF16_OUTPUT 1930 3eb4
TRACE 216 A8_OUTPUT 1931 9
TRACE 216 BF16_OUTPUT 1931 3eb8
TRACE 216 A8_OUTPUT 1932 -4
TRACE 216 BF16_OUTPUT 1932 be2c
TRACE 216 A8_OUTPUT 1933 -8
TRACE 216 BF16_OUTPUT 1933 beb0
TRACE 216 A8_OUTPUT 1934 3
TRACE 216 BF16_OUTPUT 1934 3ded
TRACE 216 A8_OUTPUT 1935 -3
TRACE 216 BF16_OUTPUT 1935 bdeb
TRACE 216 A8_OUTPUT 1936 -2
TRACE 216 BF16_OUTPUT 1936 bd95
TRACE 216 A8_OUTPUT 1937 19
TRACE 216 BF16_OUTPUT 1937 3f41
TRACE 216 A8_OUTPUT 1938 -7
TRACE 216 BF16_OUTPUT 1938 be8c
TRACE 216 A8_OUTPUT 1939 -2
TRACE 216 BF16_OUTPUT 1939 bd95
TRACE 216 A8_OUTPUT 1940 -6
TRACE 216 BF16_OUTPUT 1940 be6b
TRACE 216 A8_OUTPUT 1941 8
TRACE 216 BF16_OUTPUT 1941 3eae
TRACE 216 A8_OUTPUT 1942 -6
TRACE 216 BF16_OUTPUT 1942 be77
TRACE 216 A8_OUTPUT 1943 -13
TRACE 216 BF16_OUTPUT 1943 bf0a
TRACE 216 A8_OUTPUT 1944 9
TRACE 216 BF16_OUTPUT 1944 3eb9
TRACE 216 A8_OUTPUT 1945 -5
TRACE 216 BF16_OUTPUT 1945 be46
TRACE 216 A8_OUTPUT 1946 -2
TRACE 216 BF16_OUTPUT 1946 bdb7
TRACE 216 A8_OUTPUT 1947 25
TRACE 216 BF16_OUTPUT 1947 3f82
TRACE 216 A8_OUTPUT 1948 -3
TRACE 216 BF16_OUTPUT 1948 be0d
TRACE 216 A8_OUTPUT 1949 -8
TRACE 216 BF16_OUTPUT 1949 beaa
TRACE 216 A8_OUTPUT 1950 11
TRACE 216 BF16_OUTPUT 1950 3eec
TRACE 216 A8_OUTPUT 1951 11
TRACE 216 BF16_OUTPUT 1951 3edd
TRACE 216 A8_OUTPUT 1952 -2
TRACE 216 BF16_OUTPUT 1952 bdba
TRACE 216 A8_OUTPUT 1953 10
TRACE 216 BF16_OUTPUT 1953 3ec9
TRACE 216 A8_OUTPUT 1954 -8
TRACE 216 BF16_OUTPUT 1954 beab
TRACE 216 A8_OUTPUT 1955 -16
TRACE 216 BF16_OUTPUT 1955 bf27
TRACE 216 A8_OUTPUT 1956 -16
TRACE 216 BF16_OUTPUT 1956 bf23
TRACE 216 A8_OUTPUT 1957 -34
TRACE 216 BF16_OUTPUT 1957 bfb1
TRACE 216 A8_OUTPUT 1958 -25
TRACE 216 BF16_OUTPUT 1958 bf83
TRACE 216 A8_OUTPUT 1959 -11
TRACE 216 BF16_OUTPUT 1959 bee0
TRACE 216 A8_OUTPUT 1960 6
TRACE 216 BF16_OUTPUT 1960 3e68
TRACE 216 A8_OUTPUT 1961 -1
TRACE 216 BF16_OUTPUT 1961 bd58
TRACE 216 A8_OUTPUT 1962 -42
TRACE 216 BF16_OUTPUT 1962 bfd9
TRACE 216 A8_OUTPUT 1963 13
TRACE 216 BF16_OUTPUT 1963 3f05
TRACE 216 A8_OUTPUT 1964 39
TRACE 216 BF16_OUTPUT 1964 3fc8
TRACE 216 A8_OUTPUT 1965 -34
TRACE 216 BF16_OUTPUT 1965 bfb0
TRACE 216 A8_OUTPUT 1966 11
TRACE 216 BF16_OUTPUT 1966 3eee
TRACE 216 A8_OUTPUT 1967 -13
TRACE 216 BF16_OUTPUT 1967 bf03
TRACE 216 A8_OUTPUT 1968 28
TRACE 216 BF16_OUTPUT 1968 3f94
TRACE 216 A8_OUTPUT 1969 9
TRACE 216 BF16_OUTPUT 1969 3ec5
TRACE 216 A8_OUTPUT 1970 -17
TRACE 216 BF16_OUTPUT 1970 bf2e
TRACE 216 A8_OUTPUT 1971 7
TRACE 216 BF16_OUTPUT 1971 3e8b
TRACE 216 A8_OUTPUT 1972 14
TRACE 216 BF16_OUTPUT 1972 3f12
TRACE 216 A8_OUTPUT 1973 -13
TRACE 216 BF16_OUTPUT 1973 bf09
TRACE 216 A8_OUTPUT 1974 -11
TRACE 216 BF16_OUTPUT 1974 bee9
TRACE 216 A8_OUTPUT 1975 -20
TRACE 216 BF16_OUTPUT 1975 bf4e
TRACE 216 A8_OUTPUT 1976 10
TRACE 216 BF16_OUTPUT 1976 3ed1
TRACE 216 A8_OUTPUT 1977 1
TRACE 216 BF16_OUTPUT 1977 3d02
TRACE 216 A8_OUTPUT 1978 3
TRACE 216 BF16_OUTPUT 1978 3de0
TRACE 216 A8_OUTPUT 1979 18
TRACE 216 BF16_OUTPUT 1979 3f39
TRACE 216 A8_OUTPUT 1980 1
TRACE 216 BF16_OUTPUT 1980 3d74
TRACE 216 A8_OUTPUT 1981 5
TRACE 216 BF16_OUTPUT 1981 3e46
TRACE 216 A8_OUTPUT 1982 2
TRACE 216 BF16_OUTPUT 1982 3dc5
TRACE 216 A8_OUTPUT 1983 12
TRACE 216 BF16_OUTPUT 1983 3ef0
TRACE 217 INPUT_ACCEPT 31 0
TRACE 218 BF16_GROUP_ISSUE 31 0
TRACE 219 BF16_GROUP_ISSUE 31 1
TRACE 219 BF16_VALUE 1984 bf9c
TRACE 219 BF16_VALUE 1985 3e21
TRACE 219 BF16_VALUE 1986 3eac
TRACE 219 BF16_VALUE 1987 3fb6
TRACE 219 BF16_VALUE 1988 bffc
TRACE 219 BF16_VALUE 1989 3ef7
TRACE 219 BF16_VALUE 1990 bec4
TRACE 219 BF16_VALUE 1991 bf7e
TRACE 219 BF16_VALUE 1992 be61
TRACE 219 BF16_VALUE 1993 3dc2
TRACE 219 BF16_VALUE 1994 bf31
TRACE 219 BF16_VALUE 1995 bd83
TRACE 219 BF16_VALUE 1996 3e5f
TRACE 219 BF16_VALUE 1997 3e89
TRACE 219 BF16_VALUE 1998 3ceb
TRACE 219 BF16_VALUE 1999 be77
TRACE 220 BF16_GROUP_ISSUE 31 2
TRACE 220 BF16_VALUE 2000 3e30
TRACE 220 BF16_VALUE 2001 bcef
TRACE 220 BF16_VALUE 2002 3e2d
TRACE 220 BF16_VALUE 2003 bdaf
TRACE 220 BF16_VALUE 2004 bf4c
TRACE 220 BF16_VALUE 2005 be2f
TRACE 220 BF16_VALUE 2006 3e93
TRACE 220 BF16_VALUE 2007 be05
TRACE 220 BF16_VALUE 2008 bf32
TRACE 220 BF16_VALUE 2009 bea4
TRACE 220 BF16_VALUE 2010 3f35
TRACE 220 BF16_VALUE 2011 3eae
TRACE 220 BF16_VALUE 2012 be15
TRACE 220 BF16_VALUE 2013 3f44
TRACE 220 BF16_VALUE 2014 3ef6
TRACE 220 BF16_VALUE 2015 3e9e
TRACE 221 BF16_GROUP_ISSUE 31 3
TRACE 221 BF16_VALUE 2016 3edd
TRACE 221 BF16_VALUE 2017 3fa1
TRACE 221 BF16_VALUE 2018 bf0d
TRACE 221 BF16_VALUE 2019 bf15
TRACE 221 BF16_VALUE 2020 3df6
TRACE 221 BF16_VALUE 2021 bdc5
TRACE 221 BF16_VALUE 2022 3e85
TRACE 221 BF16_VALUE 2023 3de4
TRACE 221 BF16_VALUE 2024 bea4
TRACE 221 BF16_VALUE 2025 3f85
TRACE 221 BF16_VALUE 2026 bc7d
TRACE 221 BF16_VALUE 2027 3fcc
TRACE 221 BF16_VALUE 2028 bcfd
TRACE 221 BF16_VALUE 2029 bf06
TRACE 221 BF16_VALUE 2030 bf8b
TRACE 221 BF16_VALUE 2031 3fb3
TRACE 222 BF16_VALUE 2032 bf5f
TRACE 222 BF16_VALUE 2033 bea3
TRACE 222 BF16_VALUE 2034 bf5d
TRACE 222 BF16_VALUE 2035 3f7e
TRACE 222 BF16_VALUE 2036 bec9
TRACE 222 BF16_VALUE 2037 3e8a
TRACE 222 BF16_VALUE 2038 becb
TRACE 222 BF16_VALUE 2039 3d2a
TRACE 222 BF16_VALUE 2040 bea7
TRACE 222 BF16_VALUE 2041 3f22
TRACE 222 BF16_VALUE 2042 bd2c
TRACE 222 BF16_VALUE 2043 3e22
TRACE 222 BF16_VALUE 2044 be92
TRACE 222 BF16_VALUE 2045 3f44
TRACE 222 BF16_VALUE 2046 3f0f
TRACE 222 BF16_VALUE 2047 befb
TRACE 223 A8_OUTPUT 1984 -30
TRACE 223 BF16_OUTPUT 1984 bf9c
TRACE 223 A8_OUTPUT 1985 4
TRACE 223 BF16_OUTPUT 1985 3e21
TRACE 223 A8_OUTPUT 1986 8
TRACE 223 BF16_OUTPUT 1986 3eac
TRACE 223 A8_OUTPUT 1987 35
TRACE 223 BF16_OUTPUT 1987 3fb6
TRACE 223 A8_OUTPUT 1988 -49
TRACE 223 BF16_OUTPUT 1988 bffc
TRACE 223 A8_OUTPUT 1989 12
TRACE 223 BF16_OUTPUT 1989 3ef7
TRACE 223 A8_OUTPUT 1990 -9
TRACE 223 BF16_OUTPUT 1990 bec4
TRACE 223 A8_OUTPUT 1991 -24
TRACE 223 BF16_OUTPUT 1991 bf7e
TRACE 223 A8_OUTPUT 1992 -5
TRACE 223 BF16_OUTPUT 1992 be61
TRACE 223 A8_OUTPUT 1993 2
TRACE 223 BF16_OUTPUT 1993 3dc2
TRACE 223 A8_OUTPUT 1994 -17
TRACE 223 BF16_OUTPUT 1994 bf31
TRACE 223 A8_OUTPUT 1995 -2
TRACE 223 BF16_OUTPUT 1995 bd83
TRACE 223 A8_OUTPUT 1996 5
TRACE 223 BF16_OUTPUT 1996 3e5f
TRACE 223 A8_OUTPUT 1997 7
TRACE 223 BF16_OUTPUT 1997 3e89
TRACE 223 A8_OUTPUT 1998 1
TRACE 223 BF16_OUTPUT 1998 3ceb
TRACE 223 A8_OUTPUT 1999 -6
TRACE 223 BF16_OUTPUT 1999 be77
TRACE 223 A8_OUTPUT 2000 4
TRACE 223 BF16_OUTPUT 2000 3e30
TRACE 223 A8_OUTPUT 2001 -1
TRACE 223 BF16_OUTPUT 2001 bcef
TRACE 223 A8_OUTPUT 2002 4
TRACE 223 BF16_OUTPUT 2002 3e2d
TRACE 223 A8_OUTPUT 2003 -2
TRACE 223 BF16_OUTPUT 2003 bdaf
TRACE 223 A8_OUTPUT 2004 -20
TRACE 223 BF16_OUTPUT 2004 bf4c
TRACE 223 A8_OUTPUT 2005 -4
TRACE 223 BF16_OUTPUT 2005 be2f
TRACE 223 A8_OUTPUT 2006 7
TRACE 223 BF16_OUTPUT 2006 3e93
TRACE 223 A8_OUTPUT 2007 -3
TRACE 223 BF16_OUTPUT 2007 be05
TRACE 223 A8_OUTPUT 2008 -17
TRACE 223 BF16_OUTPUT 2008 bf32
TRACE 223 A8_OUTPUT 2009 -8
TRACE 223 BF16_OUTPUT 2009 bea4
TRACE 223 A8_OUTPUT 2010 17
TRACE 223 BF16_OUTPUT 2010 3f35
TRACE 223 A8_OUTPUT 2011 8
TRACE 223 BF16_OUTPUT 2011 3eae
TRACE 223 A8_OUTPUT 2012 -4
TRACE 223 BF16_OUTPUT 2012 be15
TRACE 223 A8_OUTPUT 2013 19
TRACE 223 BF16_OUTPUT 2013 3f44
TRACE 223 A8_OUTPUT 2014 12
TRACE 223 BF16_OUTPUT 2014 3ef6
TRACE 223 A8_OUTPUT 2015 8
TRACE 223 BF16_OUTPUT 2015 3e9e
TRACE 223 A8_OUTPUT 2016 11
TRACE 223 BF16_OUTPUT 2016 3edd
TRACE 223 A8_OUTPUT 2017 31
TRACE 223 BF16_OUTPUT 2017 3fa1
TRACE 223 A8_OUTPUT 2018 -14
TRACE 223 BF16_OUTPUT 2018 bf0d
TRACE 223 A8_OUTPUT 2019 -14
TRACE 223 BF16_OUTPUT 2019 bf15
TRACE 223 A8_OUTPUT 2020 3
TRACE 223 BF16_OUTPUT 2020 3df6
TRACE 223 A8_OUTPUT 2021 -2
TRACE 223 BF16_OUTPUT 2021 bdc5
TRACE 223 A8_OUTPUT 2022 6
TRACE 223 BF16_OUTPUT 2022 3e85
TRACE 223 A8_OUTPUT 2023 3
TRACE 223 BF16_OUTPUT 2023 3de4
TRACE 223 A8_OUTPUT 2024 -8
TRACE 223 BF16_OUTPUT 2024 bea4
TRACE 223 A8_OUTPUT 2025 26
TRACE 223 BF16_OUTPUT 2025 3f85
TRACE 223 A8_OUTPUT 2026 0
TRACE 223 BF16_OUTPUT 2026 bc7d
TRACE 223 A8_OUTPUT 2027 39
TRACE 223 BF16_OUTPUT 2027 3fcc
TRACE 223 A8_OUTPUT 2028 -1
TRACE 223 BF16_OUTPUT 2028 bcfd
TRACE 223 A8_OUTPUT 2029 -13
TRACE 223 BF16_OUTPUT 2029 bf06
TRACE 223 A8_OUTPUT 2030 -27
TRACE 223 BF16_OUTPUT 2030 bf8b
TRACE 223 A8_OUTPUT 2031 34
TRACE 223 BF16_OUTPUT 2031 3fb3
TRACE 223 A8_OUTPUT 2032 -21
TRACE 223 BF16_OUTPUT 2032 bf5f
TRACE 223 A8_OUTPUT 2033 -8
TRACE 223 BF16_OUTPUT 2033 bea3
TRACE 223 A8_OUTPUT 2034 -21
TRACE 223 BF16_OUTPUT 2034 bf5d
TRACE 223 A8_OUTPUT 2035 24
TRACE 223 BF16_OUTPUT 2035 3f7e
TRACE 223 A8_OUTPUT 2036 -10
TRACE 223 BF16_OUTPUT 2036 bec9
TRACE 223 A8_OUTPUT 2037 7
TRACE 223 BF16_OUTPUT 2037 3e8a
TRACE 223 A8_OUTPUT 2038 -10
TRACE 223 BF16_OUTPUT 2038 becb
TRACE 223 A8_OUTPUT 2039 1
TRACE 223 BF16_OUTPUT 2039 3d2a
TRACE 223 A8_OUTPUT 2040 -8
TRACE 223 BF16_OUTPUT 2040 bea7
TRACE 223 A8_OUTPUT 2041 16
TRACE 223 BF16_OUTPUT 2041 3f22
TRACE 223 A8_OUTPUT 2042 -1
TRACE 223 BF16_OUTPUT 2042 bd2c
TRACE 223 A8_OUTPUT 2043 4
TRACE 223 BF16_OUTPUT 2043 3e22
TRACE 223 A8_OUTPUT 2044 -7
TRACE 223 BF16_OUTPUT 2044 be92
TRACE 223 A8_OUTPUT 2045 19
TRACE 223 BF16_OUTPUT 2045 3f44
TRACE 223 A8_OUTPUT 2046 14
TRACE 223 BF16_OUTPUT 2046 3f0f
TRACE 223 A8_OUTPUT 2047 -12
TRACE 223 BF16_OUTPUT 2047 befb
TRACE 224 INPUT_ACCEPT 32 0
TRACE 225 BF16_GROUP_ISSUE 32 0
TRACE 226 BF16_GROUP_ISSUE 32 1
TRACE 226 BF16_VALUE 2048 3f04
TRACE 226 BF16_VALUE 2049 bdb2
TRACE 226 BF16_VALUE 2050 be92
TRACE 226 BF16_VALUE 2051 3e65
TRACE 226 BF16_VALUE 2052 3f25
TRACE 226 BF16_VALUE 2053 3e0e
TRACE 226 BF16_VALUE 2054 3fa2
TRACE 226 BF16_VALUE 2055 bd7b
TRACE 226 BF16_VALUE 2056 3f6f
TRACE 226 BF16_VALUE 2057 3f01
TRACE 226 BF16_VALUE 2058 bec7
TRACE 226 BF16_VALUE 2059 3c37
TRACE 226 BF16_VALUE 2060 3f25
TRACE 226 BF16_VALUE 2061 bef6
TRACE 226 BF16_VALUE 2062 bf25
TRACE 226 BF16_VALUE 2063 3eaa
TRACE 227 BF16_GROUP_ISSUE 32 2
TRACE 227 BF16_VALUE 2064 bede
TRACE 227 BF16_VALUE 2065 be61
TRACE 227 BF16_VALUE 2066 3e64
TRACE 227 BF16_VALUE 2067 3d99
TRACE 227 BF16_VALUE 2068 be80
TRACE 227 BF16_VALUE 2069 3d84
TRACE 227 BF16_VALUE 2070 3ea9
TRACE 227 BF16_VALUE 2071 3e9e
TRACE 227 BF16_VALUE 2072 3e0c
TRACE 227 BF16_VALUE 2073 bf1a
TRACE 227 BF16_VALUE 2074 3dae
TRACE 227 BF16_VALUE 2075 3f6a
TRACE 227 BF16_VALUE 2076 3f8e
TRACE 227 BF16_VALUE 2077 3f2a
TRACE 227 BF16_VALUE 2078 bedf
TRACE 227 BF16_VALUE 2079 bfea
TRACE 228 BF16_GROUP_ISSUE 32 3
TRACE 228 BF16_VALUE 2080 bf71
TRACE 228 BF16_VALUE 2081 bdbc
TRACE 228 BF16_VALUE 2082 3f01
TRACE 228 BF16_VALUE 2083 3f25
TRACE 228 BF16_VALUE 2084 bf9c
TRACE 228 BF16_VALUE 2085 bf9c
TRACE 228 BF16_VALUE 2086 3f97
TRACE 228 BF16_VALUE 2087 bf16
TRACE 228 BF16_VALUE 2088 bf5b
TRACE 228 BF16_VALUE 2089 3f18
TRACE 228 BF16_VALUE 2090 3e8a
TRACE 228 BF16_VALUE 2091 3fc4
TRACE 228 BF16_VALUE 2092 c035
TRACE 228 BF16_VALUE 2093 3f21
TRACE 228 BF16_VALUE 2094 c008
TRACE 228 BF16_VALUE 2095 3eec
TRACE 229 BF16_VALUE 2096 3e8d
TRACE 229 BF16_VALUE 2097 bf72
TRACE 229 BF16_VALUE 2098 3ee5
TRACE 229 BF16_VALUE 2099 3f82
TRACE 229 BF16_VALUE 2100 3e69
TRACE 229 BF16_VALUE 2101 3fab
TRACE 229 BF16_VALUE 2102 3cee
TRACE 229 BF16_VALUE 2103 be23
TRACE 229 BF16_VALUE 2104 bd8b
TRACE 229 BF16_VALUE 2105 be1a
TRACE 229 BF16_VALUE 2106 3ee5
TRACE 229 BF16_VALUE 2107 3e4a
TRACE 229 BF16_VALUE 2108 bf1c
TRACE 229 BF16_VALUE 2109 be57
TRACE 229 BF16_VALUE 2110 be88
TRACE 229 BF16_VALUE 2111 bf07
TRACE 230 A8_OUTPUT 2048 13
TRACE 230 BF16_OUTPUT 2048 3f04
TRACE 230 A8_OUTPUT 2049 -2
TRACE 230 BF16_OUTPUT 2049 bdb2
TRACE 230 A8_OUTPUT 2050 -7
TRACE 230 BF16_OUTPUT 2050 be92
TRACE 230 A8_OUTPUT 2051 6
TRACE 230 BF16_OUTPUT 2051 3e65
TRACE 230 A8_OUTPUT 2052 16
TRACE 230 BF16_OUTPUT 2052 3f25
TRACE 230 A8_OUTPUT 2053 3
TRACE 230 BF16_OUTPUT 2053 3e0e
TRACE 230 A8_OUTPUT 2054 31
TRACE 230 BF16_OUTPUT 2054 3fa2
TRACE 230 A8_OUTPUT 2055 -2
TRACE 230 BF16_OUTPUT 2055 bd7b
TRACE 230 A8_OUTPUT 2056 23
TRACE 230 BF16_OUTPUT 2056 3f6f
TRACE 230 A8_OUTPUT 2057 12
TRACE 230 BF16_OUTPUT 2057 3f01
TRACE 230 A8_OUTPUT 2058 -10
TRACE 230 BF16_OUTPUT 2058 bec7
TRACE 230 A8_OUTPUT 2059 0
TRACE 230 BF16_OUTPUT 2059 3c37
TRACE 230 A8_OUTPUT 2060 16
TRACE 230 BF16_OUTPUT 2060 3f25
TRACE 230 A8_OUTPUT 2061 -12
TRACE 230 BF16_OUTPUT 2061 bef6
TRACE 230 A8_OUTPUT 2062 -16
TRACE 230 BF16_OUTPUT 2062 bf25
TRACE 230 A8_OUTPUT 2063 8
TRACE 230 BF16_OUTPUT 2063 3eaa
TRACE 230 A8_OUTPUT 2064 -11
TRACE 230 BF16_OUTPUT 2064 bede
TRACE 230 A8_OUTPUT 2065 -5
TRACE 230 BF16_OUTPUT 2065 be61
TRACE 230 A8_OUTPUT 2066 5
TRACE 230 BF16_OUTPUT 2066 3e64
TRACE 230 A8_OUTPUT 2067 2
TRACE 230 BF16_OUTPUT 2067 3d99
TRACE 230 A8_OUTPUT 2068 -6
TRACE 230 BF16_OUTPUT 2068 be80
TRACE 230 A8_OUTPUT 2069 2
TRACE 230 BF16_OUTPUT 2069 3d84
TRACE 230 A8_OUTPUT 2070 8
TRACE 230 BF16_OUTPUT 2070 3ea9
TRACE 230 A8_OUTPUT 2071 8
TRACE 230 BF16_OUTPUT 2071 3e9e
TRACE 230 A8_OUTPUT 2072 3
TRACE 230 BF16_OUTPUT 2072 3e0c
TRACE 230 A8_OUTPUT 2073 -15
TRACE 230 BF16_OUTPUT 2073 bf1a
TRACE 230 A8_OUTPUT 2074 2
TRACE 230 BF16_OUTPUT 2074 3dae
TRACE 230 A8_OUTPUT 2075 23
TRACE 230 BF16_OUTPUT 2075 3f6a
TRACE 230 A8_OUTPUT 2076 27
TRACE 230 BF16_OUTPUT 2076 3f8e
TRACE 230 A8_OUTPUT 2077 16
TRACE 230 BF16_OUTPUT 2077 3f2a
TRACE 230 A8_OUTPUT 2078 -11
TRACE 230 BF16_OUTPUT 2078 bedf
TRACE 230 A8_OUTPUT 2079 -45
TRACE 230 BF16_OUTPUT 2079 bfea
TRACE 230 A8_OUTPUT 2080 -23
TRACE 230 BF16_OUTPUT 2080 bf71
TRACE 230 A8_OUTPUT 2081 -2
TRACE 230 BF16_OUTPUT 2081 bdbc
TRACE 230 A8_OUTPUT 2082 12
TRACE 230 BF16_OUTPUT 2082 3f01
TRACE 230 A8_OUTPUT 2083 16
TRACE 230 BF16_OUTPUT 2083 3f25
TRACE 230 A8_OUTPUT 2084 -30
TRACE 230 BF16_OUTPUT 2084 bf9c
TRACE 230 A8_OUTPUT 2085 -30
TRACE 230 BF16_OUTPUT 2085 bf9c
TRACE 230 A8_OUTPUT 2086 29
TRACE 230 BF16_OUTPUT 2086 3f97
TRACE 230 A8_OUTPUT 2087 -14
TRACE 230 BF16_OUTPUT 2087 bf16
TRACE 230 A8_OUTPUT 2088 -21
TRACE 230 BF16_OUTPUT 2088 bf5b
TRACE 230 A8_OUTPUT 2089 15
TRACE 230 BF16_OUTPUT 2089 3f18
TRACE 230 A8_OUTPUT 2090 7
TRACE 230 BF16_OUTPUT 2090 3e8a
TRACE 230 A8_OUTPUT 2091 38
TRACE 230 BF16_OUTPUT 2091 3fc4
TRACE 230 A8_OUTPUT 2092 -70
TRACE 230 BF16_OUTPUT 2092 c035
TRACE 230 A8_OUTPUT 2093 16
TRACE 230 BF16_OUTPUT 2093 3f21
TRACE 230 A8_OUTPUT 2094 -53
TRACE 230 BF16_OUTPUT 2094 c008
TRACE 230 A8_OUTPUT 2095 11
TRACE 230 BF16_OUTPUT 2095 3eec
TRACE 230 A8_OUTPUT 2096 7
TRACE 230 BF16_OUTPUT 2096 3e8d
TRACE 230 A8_OUTPUT 2097 -23
TRACE 230 BF16_OUTPUT 2097 bf72
TRACE 230 A8_OUTPUT 2098 11
TRACE 230 BF16_OUTPUT 2098 3ee5
TRACE 230 A8_OUTPUT 2099 25
TRACE 230 BF16_OUTPUT 2099 3f82
TRACE 230 A8_OUTPUT 2100 6
TRACE 230 BF16_OUTPUT 2100 3e69
TRACE 230 A8_OUTPUT 2101 33
TRACE 230 BF16_OUTPUT 2101 3fab
TRACE 230 A8_OUTPUT 2102 1
TRACE 230 BF16_OUTPUT 2102 3cee
TRACE 230 A8_OUTPUT 2103 -4
TRACE 230 BF16_OUTPUT 2103 be23
TRACE 230 A8_OUTPUT 2104 -2
TRACE 230 BF16_OUTPUT 2104 bd8b
TRACE 230 A8_OUTPUT 2105 -4
TRACE 230 BF16_OUTPUT 2105 be1a
TRACE 230 A8_OUTPUT 2106 11
TRACE 230 BF16_OUTPUT 2106 3ee5
TRACE 230 A8_OUTPUT 2107 5
TRACE 230 BF16_OUTPUT 2107 3e4a
TRACE 230 A8_OUTPUT 2108 -15
TRACE 230 BF16_OUTPUT 2108 bf1c
TRACE 230 A8_OUTPUT 2109 -5
TRACE 230 BF16_OUTPUT 2109 be57
TRACE 230 A8_OUTPUT 2110 -7
TRACE 230 BF16_OUTPUT 2110 be88
TRACE 230 A8_OUTPUT 2111 -13
TRACE 230 BF16_OUTPUT 2111 bf07
TRACE 231 INPUT_ACCEPT 33 0
TRACE 232 BF16_GROUP_ISSUE 33 0
TRACE 233 BF16_GROUP_ISSUE 33 1
TRACE 233 BF16_VALUE 2112 be3b
TRACE 233 BF16_VALUE 2113 3deb
TRACE 233 BF16_VALUE 2114 3ee8
TRACE 233 BF16_VALUE 2115 be87
TRACE 233 BF16_VALUE 2116 be8e
TRACE 233 BF16_VALUE 2117 3f3c
TRACE 233 BF16_VALUE 2118 3d14
TRACE 233 BF16_VALUE 2119 bef6
TRACE 233 BF16_VALUE 2120 3f57
TRACE 233 BF16_VALUE 2121 beae
TRACE 233 BF16_VALUE 2122 3e1e
TRACE 233 BF16_VALUE 2123 befe
TRACE 233 BF16_VALUE 2124 3df3
TRACE 233 BF16_VALUE 2125 beb8
TRACE 233 BF16_VALUE 2126 be50
TRACE 233 BF16_VALUE 2127 3e0e
TRACE 234 BF16_GROUP_ISSUE 33 2
TRACE 234 BF16_VALUE 2128 bef4
TRACE 234 BF16_VALUE 2129 bd6e
TRACE 234 BF16_VALUE 2130 bd9e
TRACE 234 BF16_VALUE 2131 bebb
TRACE 234 BF16_VALUE 2132 bebc
TRACE 234 BF16_VALUE 2133 3dc9
TRACE 234 BF16_VALUE 2134 3dff
TRACE 234 BF16_VALUE 2135 be45
TRACE 234 BF16_VALUE 2136 bebf
TRACE 234 BF16_VALUE 2137 bd83
TRACE 234 BF16_VALUE 2138 3f05
TRACE 234 BF16_VALUE 2139 3f0b
TRACE 234 BF16_VALUE 2140 be88
TRACE 234 BF16_VALUE 2141 bf7d
TRACE 234 BF16_VALUE 2142 3e93
TRACE 234 BF16_VALUE 2143 3dc0
TRACE 235 BF16_GROUP_ISSUE 33 3
TRACE 235 BF16_VALUE 2144 3ef9
TRACE 235 BF16_VALUE 2145 be57
TRACE 235 BF16_VALUE 2146 3f82
TRACE 235 BF16_VALUE 2147 3e7b
TRACE 235 BF16_VALUE 2148 3e17
TRACE 235 BF16_VALUE 2149 bf01
TRACE 235 BF16_VALUE 2150 be7e
TRACE 235 BF16_VALUE 2151 3f23
TRACE 235 BF16_VALUE 2152 be64
TRACE 235 BF16_VALUE 2153 bebc
TRACE 235 BF16_VALUE 2154 3ece
TRACE 235 BF16_VALUE 2155 bfc5
TRACE 235 BF16_VALUE 2156 3e0c
TRACE 235 BF16_VALUE 2157 3dac
TRACE 235 BF16_VALUE 2158 bed3
TRACE 235 BF16_VALUE 2159 bf4c
TRACE 236 BF16_VALUE 2160 beef
TRACE 236 BF16_VALUE 2161 bfaa
TRACE 236 BF16_VALUE 2162 c002
TRACE 236 BF16_VALUE 2163 bebc
TRACE 236 BF16_VALUE 2164 bf88
TRACE 236 BF16_VALUE 2165 3caa
TRACE 236 BF16_VALUE 2166 3eb4
TRACE 236 BF16_VALUE 2167 bf16
TRACE 236 BF16_VALUE 2168 3f14
TRACE 236 BF16_VALUE 2169 be76
TRACE 236 BF16_VALUE 2170 3c85
TRACE 236 BF16_VALUE 2171 bf2d
TRACE 236 BF16_VALUE 2172 3eb2
TRACE 236 BF16_VALUE 2173 be09
TRACE 236 BF16_VALUE 2174 3d91
TRACE 236 BF16_VALUE 2175 bf1e
TRACE 237 A8_OUTPUT 2112 -5
TRACE 237 BF16_OUTPUT 2112 be3b
TRACE 237 A8_OUTPUT 2113 3
TRACE 237 BF16_OUTPUT 2113 3deb
TRACE 237 A8_OUTPUT 2114 11
TRACE 237 BF16_OUTPUT 2114 3ee8
TRACE 237 A8_OUTPUT 2115 -6
TRACE 237 BF16_OUTPUT 2115 be87
TRACE 237 A8_OUTPUT 2116 -7
TRACE 237 BF16_OUTPUT 2116 be8e
TRACE 237 A8_OUTPUT 2117 18
TRACE 237 BF16_OUTPUT 2117 3f3c
TRACE 237 A8_OUTPUT 2118 1
TRACE 237 BF16_OUTPUT 2118 3d14
TRACE 237 A8_OUTPUT 2119 -12
TRACE 237 BF16_OUTPUT 2119 bef6
TRACE 237 A8_OUTPUT 2120 21
TRACE 237 BF16_OUTPUT 2120 3f57
TRACE 237 A8_OUTPUT 2121 -8
TRACE 237 BF16_OUTPUT 2121 beae
TRACE 237 A8_OUTPUT 2122 4
TRACE 237 BF16_OUTPUT 2122 3e1e
TRACE 237 A8_OUTPUT 2123 -12
TRACE 237 BF16_OUTPUT 2123 befe
TRACE 237 A8_OUTPUT 2124 3
TRACE 237 BF16_OUTPUT 2124 3df3
TRACE 237 A8_OUTPUT 2125 -9
TRACE 237 BF16_OUTPUT 2125 beb8
TRACE 237 A8_OUTPUT 2126 -5
TRACE 237 BF16_OUTPUT 2126 be50
TRACE 237 A8_OUTPUT 2127 3
TRACE 237 BF16_OUTPUT 2127 3e0e
TRACE 237 A8_OUTPUT 2128 -12
TRACE 237 BF16_OUTPUT 2128 bef4
TRACE 237 A8_OUTPUT 2129 -1
TRACE 237 BF16_OUTPUT 2129 bd6e
TRACE 237 A8_OUTPUT 2130 -2
TRACE 237 BF16_OUTPUT 2130 bd9e
TRACE 237 A8_OUTPUT 2131 -9
TRACE 237 BF16_OUTPUT 2131 bebb
TRACE 237 A8_OUTPUT 2132 -9
TRACE 237 BF16_OUTPUT 2132 bebc
TRACE 237 A8_OUTPUT 2133 2
TRACE 237 BF16_OUTPUT 2133 3dc9
TRACE 237 A8_OUTPUT 2134 3
TRACE 237 BF16_OUTPUT 2134 3dff
TRACE 237 A8_OUTPUT 2135 -5
TRACE 237 BF16_OUTPUT 2135 be45
TRACE 237 A8_OUTPUT 2136 -9
TRACE 237 BF16_OUTPUT 2136 bebf
TRACE 237 A8_OUTPUT 2137 -2
TRACE 237 BF16_OUTPUT 2137 bd83
TRACE 237 A8_OUTPUT 2138 13
TRACE 237 BF16_OUTPUT 2138 3f05
TRACE 237 A8_OUTPUT 2139 13
TRACE 237 BF16_OUTPUT 2139 3f0b
TRACE 237 A8_OUTPUT 2140 -7
TRACE 237 BF16_OUTPUT 2140 be88
TRACE 237 A8_OUTPUT 2141 -24
TRACE 237 BF16_OUTPUT 2141 bf7d
TRACE 237 A8_OUTPUT 2142 7
TRACE 237 BF16_OUTPUT 2142 3e93
TRACE 237 A8_OUTPUT 2143 2
TRACE 237 BF16_OUTPUT 2143 3dc0
TRACE 237 A8_OUTPUT 2144 12
TRACE 237 BF16_OUTPUT 2144 3ef9
TRACE 237 A8_OUTPUT 2145 -5
TRACE 237 BF16_OUTPUT 2145 be57
TRACE 237 A8_OUTPUT 2146 25
TRACE 237 BF16_OUTPUT 2146 3f82
TRACE 237 A8_OUTPUT 2147 6
TRACE 237 BF16_OUTPUT 2147 3e7b
TRACE 237 A8_OUTPUT 2148 4
TRACE 237 BF16_OUTPUT 2148 3e17
TRACE 237 A8_OUTPUT 2149 -12
TRACE 237 BF16_OUTPUT 2149 bf01
TRACE 237 A8_OUTPUT 2150 -6
TRACE 237 BF16_OUTPUT 2150 be7e
TRACE 237 A8_OUTPUT 2151 16
TRACE 237 BF16_OUTPUT 2151 3f23
TRACE 237 A8_OUTPUT 2152 -5
TRACE 237 BF16_OUTPUT 2152 be64
TRACE 237 A8_OUTPUT 2153 -9
TRACE 237 BF16_OUTPUT 2153 bebc
TRACE 237 A8_OUTPUT 2154 10
TRACE 237 BF16_OUTPUT 2154 3ece
TRACE 237 A8_OUTPUT 2155 -38
TRACE 237 BF16_OUTPUT 2155 bfc5
TRACE 237 A8_OUTPUT 2156 3
TRACE 237 BF16_OUTPUT 2156 3e0c
TRACE 237 A8_OUTPUT 2157 2
TRACE 237 BF16_OUTPUT 2157 3dac
TRACE 237 A8_OUTPUT 2158 -10
TRACE 237 BF16_OUTPUT 2158 bed3
TRACE 237 A8_OUTPUT 2159 -20
TRACE 237 BF16_OUTPUT 2159 bf4c
TRACE 237 A8_OUTPUT 2160 -12
TRACE 237 BF16_OUTPUT 2160 beef
TRACE 237 A8_OUTPUT 2161 -33
TRACE 237 BF16_OUTPUT 2161 bfaa
TRACE 237 A8_OUTPUT 2162 -50
TRACE 237 BF16_OUTPUT 2162 c002
TRACE 237 A8_OUTPUT 2163 -9
TRACE 237 BF16_OUTPUT 2163 bebc
TRACE 237 A8_OUTPUT 2164 -26
TRACE 237 BF16_OUTPUT 2164 bf88
TRACE 237 A8_OUTPUT 2165 1
TRACE 237 BF16_OUTPUT 2165 3caa
TRACE 237 A8_OUTPUT 2166 9
TRACE 237 BF16_OUTPUT 2166 3eb4
TRACE 237 A8_OUTPUT 2167 -14
TRACE 237 BF16_OUTPUT 2167 bf16
TRACE 237 A8_OUTPUT 2168 14
TRACE 237 BF16_OUTPUT 2168 3f14
TRACE 237 A8_OUTPUT 2169 -6
TRACE 237 BF16_OUTPUT 2169 be76
TRACE 237 A8_OUTPUT 2170 0
TRACE 237 BF16_OUTPUT 2170 3c85
TRACE 237 A8_OUTPUT 2171 -17
TRACE 237 BF16_OUTPUT 2171 bf2d
TRACE 237 A8_OUTPUT 2172 9
TRACE 237 BF16_OUTPUT 2172 3eb2
TRACE 237 A8_OUTPUT 2173 -3
TRACE 237 BF16_OUTPUT 2173 be09
TRACE 237 A8_OUTPUT 2174 2
TRACE 237 BF16_OUTPUT 2174 3d91
TRACE 237 A8_OUTPUT 2175 -15
TRACE 237 BF16_OUTPUT 2175 bf1e
TRACE 238 INPUT_ACCEPT 34 0
TRACE 239 BF16_GROUP_ISSUE 34 0
TRACE 240 BF16_GROUP_ISSUE 34 1
TRACE 240 BF16_VALUE 2176 bd3c
TRACE 240 BF16_VALUE 2177 3f40
TRACE 240 BF16_VALUE 2178 3f46
TRACE 240 BF16_VALUE 2179 be36
TRACE 240 BF16_VALUE 2180 3ee3
TRACE 240 BF16_VALUE 2181 3fd7
TRACE 240 BF16_VALUE 2182 be2a
TRACE 240 BF16_VALUE 2183 bef7
TRACE 240 BF16_VALUE 2184 bf2f
TRACE 240 BF16_VALUE 2185 3f05
TRACE 240 BF16_VALUE 2186 3f77
TRACE 240 BF16_VALUE 2187 3f26
TRACE 240 BF16_VALUE 2188 3ee1
TRACE 240 BF16_VALUE 2189 bf89
TRACE 240 BF16_VALUE 2190 bf3a
TRACE 240 BF16_VALUE 2191 3fa2
TRACE 241 BF16_GROUP_ISSUE 34 2
TRACE 241 BF16_VALUE 2192 bf43
TRACE 241 BF16_VALUE 2193 3f7b
TRACE 241 BF16_VALUE 2194 be84
TRACE 241 BF16_VALUE 2195 bf32
TRACE 241 BF16_VALUE 2196 be91
TRACE 241 BF16_VALUE 2197 3f67
TRACE 241 BF16_VALUE 2198 3f53
TRACE 241 BF16_VALUE 2199 bea9
TRACE 241 BF16_VALUE 2200 be42
TRACE 241 BF16_VALUE 2201 3e8b
TRACE 241 BF16_VALUE 2202 3df3
TRACE 241 BF16_VALUE 2203 3e2a
TRACE 241 BF16_VALUE 2204 bf40
TRACE 241 BF16_VALUE 2205 3f9d
TRACE 241 BF16_VALUE 2206 3f4c
TRACE 241 BF16_VALUE 2207 be2b
TRACE 242 BF16_GROUP_ISSUE 34 3
TRACE 242 BF16_VALUE 2208 3e94
TRACE 242 BF16_VALUE 2209 3d91
TRACE 242 BF16_VALUE 2210 3f47
TRACE 242 BF16_VALUE 2211 bebb
TRACE 242 BF16_VALUE 2212 bf43
TRACE 242 BF16_VALUE 2213 bf96
TRACE 242 BF16_VALUE 2214 3f04
TRACE 242 BF16_VALUE 2215 3e59
TRACE 242 BF16_VALUE 2216 bf31
TRACE 242 BF16_VALUE 2217 bf8f
TRACE 242 BF16_VALUE 2218 becd
TRACE 242 BF16_VALUE 2219 becd
TRACE 242 BF16_VALUE 2220 3e28
TRACE 242 BF16_VALUE 2221 be99
TRACE 242 BF16_VALUE 2222 bfc3
TRACE 242 BF16_VALUE 2223 3fcd
TRACE 243 BF16_VALUE 2224 3e01
TRACE 243 BF16_VALUE 2225 bf63
TRACE 243 BF16_VALUE 2226 3d4c
TRACE 243 BF16_VALUE 2227 bf97
TRACE 243 BF16_VALUE 2228 bf8a
TRACE 243 BF16_VALUE 2229 bf92
TRACE 243 BF16_VALUE 2230 3f3f
TRACE 243 BF16_VALUE 2231 3f75
TRACE 243 BF16_VALUE 2232 3f32
TRACE 243 BF16_VALUE 2233 bedc
TRACE 243 BF16_VALUE 2234 3f65
TRACE 243 BF16_VALUE 2235 3f6c
TRACE 243 BF16_VALUE 2236 bf0a
TRACE 243 BF16_VALUE 2237 be1e
TRACE 243 BF16_VALUE 2238 bf0c
TRACE 243 BF16_VALUE 2239 bf1c
TRACE 244 A8_OUTPUT 2176 -1
TRACE 244 BF16_OUTPUT 2176 bd3c
TRACE 244 A8_OUTPUT 2177 19
TRACE 244 BF16_OUTPUT 2177 3f40
TRACE 244 A8_OUTPUT 2178 19
TRACE 244 BF16_OUTPUT 2178 3f46
TRACE 244 A8_OUTPUT 2179 -4
TRACE 244 BF16_OUTPUT 2179 be36
TRACE 244 A8_OUTPUT 2180 11
TRACE 244 BF16_OUTPUT 2180 3ee3
TRACE 244 A8_OUTPUT 2181 41
TRACE 244 BF16_OUTPUT 2181 3fd7
TRACE 244 A8_OUTPUT 2182 -4
TRACE 244 BF16_OUTPUT 2182 be2a
TRACE 244 A8_OUTPUT 2183 -12
TRACE 244 BF16_OUTPUT 2183 bef7
TRACE 244 A8_OUTPUT 2184 -17
TRACE 244 BF16_OUTPUT 2184 bf2f
TRACE 244 A8_OUTPUT 2185 13
TRACE 244 BF16_OUTPUT 2185 3f05
TRACE 244 A8_OUTPUT 2186 24
TRACE 244 BF16_OUTPUT 2186 3f77
TRACE 244 A8_OUTPUT 2187 16
TRACE 244 BF16_OUTPUT 2187 3f26
TRACE 244 A8_OUTPUT 2188 11
TRACE 244 BF16_OUTPUT 2188 3ee1
TRACE 244 A8_OUTPUT 2189 -26
TRACE 244 BF16_OUTPUT 2189 bf89
TRACE 244 A8_OUTPUT 2190 -18
TRACE 244 BF16_OUTPUT 2190 bf3a
TRACE 244 A8_OUTPUT 2191 31
TRACE 244 BF16_OUTPUT 2191 3fa2
TRACE 244 A8_OUTPUT 2192 -19
TRACE 244 BF16_OUTPUT 2192 bf43
TRACE 244 A8_OUTPUT 2193 24
TRACE 244 BF16_OUTPUT 2193 3f7b
TRACE 244 A8_OUTPUT 2194 -6
TRACE 244 BF16_OUTPUT 2194 be84
TRACE 244 A8_OUTPUT 2195 -17
TRACE 244 BF16_OUTPUT 2195 bf32
TRACE 244 A8_OUTPUT 2196 -7
TRACE 244 BF16_OUTPUT 2196 be91
TRACE 244 A8_OUTPUT 2197 22
TRACE 244 BF16_OUTPUT 2197 3f67
TRACE 244 A8_OUTPUT 2198 20
TRACE 244 BF16_OUTPUT 2198 3f53
TRACE 244 A8_OUTPUT 2199 -8
TRACE 244 BF16_OUTPUT 2199 bea9
TRACE 244 A8_OUTPUT 2200 -5
TRACE 244 BF16_OUTPUT 2200 be42
TRACE 244 A8_OUTPUT 2201 7
TRACE 244 BF16_OUTPUT 2201 3e8b
TRACE 244 A8_OUTPUT 2202 3
TRACE 244 BF16_OUTPUT 2202 3df3
TRACE 244 A8_OUTPUT 2203 4
TRACE 244 BF16_OUTPUT 2203 3e2a
TRACE 244 A8_OUTPUT 2204 -18
TRACE 244 BF16_OUTPUT 2204 bf40
TRACE 244 A8_OUTPUT 2205 30
TRACE 244 BF16_OUTPUT 2205 3f9d
TRACE 244 A8_OUTPUT 2206 20
TRACE 244 BF16_OUTPUT 2206 3f4c
TRACE 244 A8_OUTPUT 2207 -4
TRACE 244 BF16_OUTPUT 2207 be2b
TRACE 244 A8_OUTPUT 2208 7
TRACE 244 BF16_OUTPUT 2208 3e94
TRACE 244 A8_OUTPUT 2209 2
TRACE 244 BF16_OUTPUT 2209 3d91
TRACE 244 A8_OUTPUT 2210 19
TRACE 244 BF16_OUTPUT 2210 3f47
TRACE 244 A8_OUTPUT 2211 -9
TRACE 244 BF16_OUTPUT 2211 bebb
TRACE 244 A8_OUTPUT 2212 -19
TRACE 244 BF16_OUTPUT 2212 bf43
TRACE 244 A8_OUTPUT 2213 -29
TRACE 244 BF16_OUTPUT 2213 bf96
TRACE 244 A8_OUTPUT 2214 13
TRACE 244 BF16_OUTPUT 2214 3f04
TRACE 244 A8_OUTPUT 2215 5
TRACE 244 BF16_OUTPUT 2215 3e59
TRACE 244 A8_OUTPUT 2216 -17
TRACE 244 BF16_OUTPUT 2216 bf31
TRACE 244 A8_OUTPUT 2217 -28
TRACE 244 BF16_OUTPUT 2217 bf8f
TRACE 244 A8_OUTPUT 2218 -10
TRACE 244 BF16_OUTPUT 2218 becd
TRACE 244 A8_OUTPUT 2219 -10
TRACE 244 BF16_OUTPUT 2219 becd
TRACE 244 A8_OUTPUT 2220 4
TRACE 244 BF16_OUTPUT 2220 3e28
TRACE 244 A8_OUTPUT 2221 -7
TRACE 244 BF16_OUTPUT 2221 be99
TRACE 244 A8_OUTPUT 2222 -38
TRACE 244 BF16_OUTPUT 2222 bfc3
TRACE 244 A8_OUTPUT 2223 40
TRACE 244 BF16_OUTPUT 2223 3fcd
TRACE 244 A8_OUTPUT 2224 3
TRACE 244 BF16_OUTPUT 2224 3e01
TRACE 244 A8_OUTPUT 2225 -22
TRACE 244 BF16_OUTPUT 2225 bf63
TRACE 244 A8_OUTPUT 2226 1
TRACE 244 BF16_OUTPUT 2226 3d4c
TRACE 244 A8_OUTPUT 2227 -29
TRACE 244 BF16_OUTPUT 2227 bf97
TRACE 244 A8_OUTPUT 2228 -27
TRACE 244 BF16_OUTPUT 2228 bf8a
TRACE 244 A8_OUTPUT 2229 -28
TRACE 244 BF16_OUTPUT 2229 bf92
TRACE 244 A8_OUTPUT 2230 18
TRACE 244 BF16_OUTPUT 2230 3f3f
TRACE 244 A8_OUTPUT 2231 24
TRACE 244 BF16_OUTPUT 2231 3f75
TRACE 244 A8_OUTPUT 2232 17
TRACE 244 BF16_OUTPUT 2232 3f32
TRACE 244 A8_OUTPUT 2233 -11
TRACE 244 BF16_OUTPUT 2233 bedc
TRACE 244 A8_OUTPUT 2234 22
TRACE 244 BF16_OUTPUT 2234 3f65
TRACE 244 A8_OUTPUT 2235 23
TRACE 244 BF16_OUTPUT 2235 3f6c
TRACE 244 A8_OUTPUT 2236 -13
TRACE 244 BF16_OUTPUT 2236 bf0a
TRACE 244 A8_OUTPUT 2237 -4
TRACE 244 BF16_OUTPUT 2237 be1e
TRACE 244 A8_OUTPUT 2238 -13
TRACE 244 BF16_OUTPUT 2238 bf0c
TRACE 244 A8_OUTPUT 2239 -15
TRACE 244 BF16_OUTPUT 2239 bf1c
TRACE 245 INPUT_ACCEPT 35 0
TRACE 246 BF16_GROUP_ISSUE 35 0
TRACE 247 BF16_GROUP_ISSUE 35 1
TRACE 247 BF16_VALUE 2240 bf32
TRACE 247 BF16_VALUE 2241 3efb
TRACE 247 BF16_VALUE 2242 bec0
TRACE 247 BF16_VALUE 2243 bf12
TRACE 247 BF16_VALUE 2244 bef7
TRACE 247 BF16_VALUE 2245 bf36
TRACE 247 BF16_VALUE 2246 bf14
TRACE 247 BF16_VALUE 2247 3ed6
TRACE 247 BF16_VALUE 2248 3c3f
TRACE 247 BF16_VALUE 2249 3f4e
TRACE 247 BF16_VALUE 2250 bf65
TRACE 247 BF16_VALUE 2251 bf69
TRACE 247 BF16_VALUE 2252 3f11
TRACE 247 BF16_VALUE 2253 3f31
TRACE 247 BF16_VALUE 2254 3edf
TRACE 247 BF16_VALUE 2255 bf24
TRACE 248 BF16_GROUP_ISSUE 35 2
TRACE 248 BF16_VALUE 2256 bf66
TRACE 248 BF16_VALUE 2257 3f63
TRACE 248 BF16_VALUE 2258 3f46
TRACE 248 BF16_VALUE 2259 bdfe
TRACE 248 BF16_VALUE 2260 bf5a
TRACE 248 BF16_VALUE 2261 bf30
TRACE 248 BF16_VALUE 2262 3d84
TRACE 248 BF16_VALUE 2263 bf99
TRACE 248 BF16_VALUE 2264 bdad
TRACE 248 BF16_VALUE 2265 bf3d
TRACE 248 BF16_VALUE 2266 3f16
TRACE 248 BF16_VALUE 2267 bf25
TRACE 248 BF16_VALUE 2268 bda9
TRACE 248 BF16_VALUE 2269 bdbb
TRACE 248 BF16_VALUE 2270 bef7
TRACE 248 BF16_VALUE 2271 3f91
TRACE 249 BF16_GROUP_ISSUE 35 3
TRACE 249 BF16_VALUE 2272 3c5e
TRACE 249 BF16_VALUE 2273 3eec
TRACE 249 BF16_VALUE 2274 3f41
TRACE 249 BF16_VALUE 2275 3ebb
TRACE 249 BF16_VALUE 2276 bf57
TRACE 249 BF16_VALUE 2277 bddc
TRACE 249 BF16_VALUE 2278 3f45
TRACE 249 BF16_VALUE 2279 3f4b
TRACE 249 BF16_VALUE 2280 3f42
TRACE 249 BF16_VALUE 2281 3ea3
TRACE 249 BF16_VALUE 2282 3f5a
TRACE 249 BF16_VALUE 2283 bf7f
TRACE 249 BF16_VALUE 2284 3fc3
TRACE 249 BF16_VALUE 2285 bfb8
TRACE 249 BF16_VALUE 2286 3e2b
TRACE 249 BF16_VALUE 2287 bd34
TRACE 250 BF16_VALUE 2288 bfda
TRACE 250 BF16_VALUE 2289 3dd0
TRACE 250 BF16_VALUE 2290 bf99
TRACE 250 BF16_VALUE 2291 bee4
TRACE 250 BF16_VALUE 2292 be72
TRACE 250 BF16_VALUE 2293 bf48
TRACE 250 BF16_VALUE 2294 3ead
TRACE 250 BF16_VALUE 2295 3e78
TRACE 250 BF16_VALUE 2296 be3b
TRACE 250 BF16_VALUE 2297 3f83
TRACE 250 BF16_VALUE 2298 3f22
TRACE 250 BF16_VALUE 2299 3f38
TRACE 250 BF16_VALUE 2300 3e68
TRACE 250 BF16_VALUE 2301 bdd9
TRACE 250 BF16_VALUE 2302 3f09
TRACE 250 BF16_VALUE 2303 bca7
TRACE 251 A8_OUTPUT 2240 -17
TRACE 251 BF16_OUTPUT 2240 bf32
TRACE 251 A8_OUTPUT 2241 12
TRACE 251 BF16_OUTPUT 2241 3efb
TRACE 251 A8_OUTPUT 2242 -9
TRACE 251 BF16_OUTPUT 2242 bec0
TRACE 251 A8_OUTPUT 2243 -14
TRACE 251 BF16_OUTPUT 2243 bf12
TRACE 251 A8_OUTPUT 2244 -12
TRACE 251 BF16_OUTPUT 2244 bef7
TRACE 251 A8_OUTPUT 2245 -17
TRACE 251 BF16_OUTPUT 2245 bf36
TRACE 251 A8_OUTPUT 2246 -14
TRACE 251 BF16_OUTPUT 2246 bf14
TRACE 251 A8_OUTPUT 2247 10
TRACE 251 BF16_OUTPUT 2247 3ed6
TRACE 251 A8_OUTPUT 2248 0
TRACE 251 BF16_OUTPUT 2248 3c3f
TRACE 251 A8_OUTPUT 2249 20
TRACE 251 BF16_OUTPUT 2249 3f4e
TRACE 251 A8_OUTPUT 2250 -22
TRACE 251 BF16_OUTPUT 2250 bf65
TRACE 251 A8_OUTPUT 2251 -22
TRACE 251 BF16_OUTPUT 2251 bf69
TRACE 251 A8_OUTPUT 2252 14
TRACE 251 BF16_OUTPUT 2252 3f11
TRACE 251 A8_OUTPUT 2253 17
TRACE 251 BF16_OUTPUT 2253 3f31
TRACE 251 A8_OUTPUT 2254 11
TRACE 251 BF16_OUTPUT 2254 3edf
TRACE 251 A8_OUTPUT 2255 -16
TRACE 251 BF16_OUTPUT 2255 bf24
TRACE 251 A8_OUTPUT 2256 -22
TRACE 251 BF16_OUTPUT 2256 bf66
TRACE 251 A8_OUTPUT 2257 22
TRACE 251 BF16_OUTPUT 2257 3f63
TRACE 251 A8_OUTPUT 2258 19
TRACE 251 BF16_OUTPUT 2258 3f46
TRACE 251 A8_OUTPUT 2259 -3
TRACE 251 BF16_OUTPUT 2259 bdfe
TRACE 251 A8_OUTPUT 2260 -21
TRACE 251 BF16_OUTPUT 2260 bf5a
TRACE 251 A8_OUTPUT 2261 -17
TRACE 251 BF16_OUTPUT 2261 bf30
TRACE 251 A8_OUTPUT 2262 2
TRACE 251 BF16_OUTPUT 2262 3d84
TRACE 251 A8_OUTPUT 2263 -29
TRACE 251 BF16_OUTPUT 2263 bf99
TRACE 251 A8_OUTPUT 2264 -2
TRACE 251 BF16_OUTPUT 2264 bdad
TRACE 251 A8_OUTPUT 2265 -18
TRACE 251 BF16_OUTPUT 2265 bf3d
TRACE 251 A8_OUTPUT 2266 14
TRACE 251 BF16_OUTPUT 2266 3f16
TRACE 251 A8_OUTPUT 2267 -16
TRACE 251 BF16_OUTPUT 2267 bf25
TRACE 251 A8_OUTPUT 2268 -2
TRACE 251 BF16_OUTPUT 2268 bda9
TRACE 251 A8_OUTPUT 2269 -2
TRACE 251 BF16_OUTPUT 2269 bdbb
TRACE 251 A8_OUTPUT 2270 -12
TRACE 251 BF16_OUTPUT 2270 bef7
TRACE 251 A8_OUTPUT 2271 28
TRACE 251 BF16_OUTPUT 2271 3f91
TRACE 251 A8_OUTPUT 2272 0
TRACE 251 BF16_OUTPUT 2272 3c5e
TRACE 251 A8_OUTPUT 2273 11
TRACE 251 BF16_OUTPUT 2273 3eec
TRACE 251 A8_OUTPUT 2274 19
TRACE 251 BF16_OUTPUT 2274 3f41
TRACE 251 A8_OUTPUT 2275 9
TRACE 251 BF16_OUTPUT 2275 3ebb
TRACE 251 A8_OUTPUT 2276 -21
TRACE 251 BF16_OUTPUT 2276 bf57
TRACE 251 A8_OUTPUT 2277 -3
TRACE 251 BF16_OUTPUT 2277 bddc
TRACE 251 A8_OUTPUT 2278 19
TRACE 251 BF16_OUTPUT 2278 3f45
TRACE 251 A8_OUTPUT 2279 20
TRACE 251 BF16_OUTPUT 2279 3f4b
TRACE 251 A8_OUTPUT 2280 19
TRACE 251 BF16_OUTPUT 2280 3f42
TRACE 251 A8_OUTPUT 2281 8
TRACE 251 BF16_OUTPUT 2281 3ea3
TRACE 251 A8_OUTPUT 2282 21
TRACE 251 BF16_OUTPUT 2282 3f5a
TRACE 251 A8_OUTPUT 2283 -25
TRACE 251 BF16_OUTPUT 2283 bf7f
TRACE 251 A8_OUTPUT 2284 38
TRACE 251 BF16_OUTPUT 2284 3fc3
TRACE 251 A8_OUTPUT 2285 -35
TRACE 251 BF16_OUTPUT 2285 bfb8
TRACE 251 A8_OUTPUT 2286 4
TRACE 251 BF16_OUTPUT 2286 3e2b
TRACE 251 A8_OUTPUT 2287 -1
TRACE 251 BF16_OUTPUT 2287 bd34
TRACE 251 A8_OUTPUT 2288 -42
TRACE 251 BF16_OUTPUT 2288 bfda
TRACE 251 A8_OUTPUT 2289 3
TRACE 251 BF16_OUTPUT 2289 3dd0
TRACE 251 A8_OUTPUT 2290 -29
TRACE 251 BF16_OUTPUT 2290 bf99
TRACE 251 A8_OUTPUT 2291 -11
TRACE 251 BF16_OUTPUT 2291 bee4
TRACE 251 A8_OUTPUT 2292 -6
TRACE 251 BF16_OUTPUT 2292 be72
TRACE 251 A8_OUTPUT 2293 -19
TRACE 251 BF16_OUTPUT 2293 bf48
TRACE 251 A8_OUTPUT 2294 8
TRACE 251 BF16_OUTPUT 2294 3ead
TRACE 251 A8_OUTPUT 2295 6
TRACE 251 BF16_OUTPUT 2295 3e78
TRACE 251 A8_OUTPUT 2296 -4
TRACE 251 BF16_OUTPUT 2296 be3b
TRACE 251 A8_OUTPUT 2297 25
TRACE 251 BF16_OUTPUT 2297 3f83
TRACE 251 A8_OUTPUT 2298 16
TRACE 251 BF16_OUTPUT 2298 3f22
TRACE 251 A8_OUTPUT 2299 18
TRACE 251 BF16_OUTPUT 2299 3f38
TRACE 251 A8_OUTPUT 2300 6
TRACE 251 BF16_OUTPUT 2300 3e68
TRACE 251 A8_OUTPUT 2301 -3
TRACE 251 BF16_OUTPUT 2301 bdd9
TRACE 251 A8_OUTPUT 2302 13
TRACE 251 BF16_OUTPUT 2302 3f09
TRACE 251 A8_OUTPUT 2303 -1
TRACE 251 BF16_OUTPUT 2303 bca7
TRACE 252 INPUT_ACCEPT 36 0
TRACE 253 BF16_GROUP_ISSUE 36 0
TRACE 254 BF16_GROUP_ISSUE 36 1
TRACE 254 BF16_VALUE 2304 3f03
TRACE 254 BF16_VALUE 2305 3f02
TRACE 254 BF16_VALUE 2306 c016
TRACE 254 BF16_VALUE 2307 3f93
TRACE 254 BF16_VALUE 2308 bf02
TRACE 254 BF16_VALUE 2309 bfc9
TRACE 254 BF16_VALUE 2310 3fc6
TRACE 254 BF16_VALUE 2311 bebc
TRACE 254 BF16_VALUE 2312 3e8e
TRACE 254 BF16_VALUE 2313 4018
TRACE 254 BF16_VALUE 2314 bf45
TRACE 254 BF16_VALUE 2315 bee7
TRACE 254 BF16_VALUE 2316 4011
TRACE 254 BF16_VALUE 2317 400f
TRACE 254 BF16_VALUE 2318 c002
TRACE 254 BF16_VALUE 2319 bf03
TRACE 255 BF16_GROUP_ISSUE 36 2
TRACE 255 BF16_VALUE 2320 bffa
TRACE 255 BF16_VALUE 2321 3fdb
TRACE 255 BF16_VALUE 2322 3fef
TRACE 255 BF16_VALUE 2323 bf77
TRACE 255 BF16_VALUE 2324 bfa8
TRACE 255 BF16_VALUE 2325 4000
TRACE 255 BF16_VALUE 2326 3ffe
TRACE 255 BF16_VALUE 2327 3fc8
TRACE 255 BF16_VALUE 2328 4015
TRACE 255 BF16_VALUE 2329 bfbf
TRACE 255 BF16_VALUE 2330 3f95
TRACE 255 BF16_VALUE 2331 3f8f
TRACE 255 BF16_VALUE 2332 bf72
TRACE 255 BF16_VALUE 2333 bfdd
TRACE 255 BF16_VALUE 2334 bfab
TRACE 255 BF16_VALUE 2335 bea6
TRACE 256 BF16_GROUP_ISSUE 36 3
TRACE 256 BF16_VALUE 2336 bf48
TRACE 256 BF16_VALUE 2337 3fca
TRACE 256 BF16_VALUE 2338 3dab
TRACE 256 BF16_VALUE 2339 3f98
TRACE 256 BF16_VALUE 2340 bec2
TRACE 256 BF16_VALUE 2341 be93
TRACE 256 BF16_VALUE 2342 c004
TRACE 256 BF16_VALUE 2343 bfa7
TRACE 256 BF16_VALUE 2344 3ec3
TRACE 256 BF16_VALUE 2345 3f62
TRACE 256 BF16_VALUE 2346 3f89
TRACE 256 BF16_VALUE 2347 bf33
TRACE 256 BF16_VALUE 2348 3f7b
TRACE 256 BF16_VALUE 2349 bfa3
TRACE 256 BF16_VALUE 2350 3f9c
TRACE 256 BF16_VALUE 2351 3fb7
TRACE 257 BF16_VALUE 2352 3f7a
TRACE 257 BF16_VALUE 2353 3fa5
TRACE 257 BF16_VALUE 2354 3ef2
TRACE 257 BF16_VALUE 2355 3f89
TRACE 257 BF16_VALUE 2356 bf89
TRACE 257 BF16_VALUE 2357 3f8b
TRACE 257 BF16_VALUE 2358 bf8c
TRACE 257 BF16_VALUE 2359 3f56
TRACE 257 BF16_VALUE 2360 bf48
TRACE 257 BF16_VALUE 2361 3f8b
TRACE 257 BF16_VALUE 2362 3efb
TRACE 257 BF16_VALUE 2363 bf2f
TRACE 257 BF16_VALUE 2364 be87
TRACE 257 BF16_VALUE 2365 befd
TRACE 257 BF16_VALUE 2366 bede
TRACE 257 BF16_VALUE 2367 bf65
TRACE 258 A8_OUTPUT 2304 13
TRACE 258 BF16_OUTPUT 2304 3f03
TRACE 258 A8_OUTPUT 2305 13
TRACE 258 BF16_OUTPUT 2305 3f02
TRACE 258 A8_OUTPUT 2306 -58
TRACE 258 BF16_OUTPUT 2306 c016
TRACE 258 A8_OUTPUT 2307 28
TRACE 258 BF16_OUTPUT 2307 3f93
TRACE 258 A8_OUTPUT 2308 -13
TRACE 258 BF16_OUTPUT 2308 bf02
TRACE 258 A8_OUTPUT 2309 -39
TRACE 258 BF16_OUTPUT 2309 bfc9
TRACE 258 A8_OUTPUT 2310 38
TRACE 258 BF16_OUTPUT 2310 3fc6
TRACE 258 A8_OUTPUT 2311 -9
TRACE 258 BF16_OUTPUT 2311 bebc
TRACE 258 A8_OUTPUT 2312 7
TRACE 258 BF16_OUTPUT 2312 3e8e
TRACE 258 A8_OUTPUT 2313 59
TRACE 258 BF16_OUTPUT 2313 4018
TRACE 258 A8_OUTPUT 2314 -19
TRACE 258 BF16_OUTPUT 2314 bf45
TRACE 258 A8_OUTPUT 2315 -11
TRACE 258 BF16_OUTPUT 2315 bee7
TRACE 258 A8_OUTPUT 2316 56
TRACE 258 BF16_OUTPUT 2316 4011
TRACE 258 A8_OUTPUT 2317 55
TRACE 258 BF16_OUTPUT 2317 400f
TRACE 258 A8_OUTPUT 2318 -50
TRACE 258 BF16_OUTPUT 2318 c002
TRACE 258 A8_OUTPUT 2319 -13
TRACE 258 BF16_OUTPUT 2319 bf03
TRACE 258 A8_OUTPUT 2320 -48
TRACE 258 BF16_OUTPUT 2320 bffa
TRACE 258 A8_OUTPUT 2321 42
TRACE 258 BF16_OUTPUT 2321 3fdb
TRACE 258 A8_OUTPUT 2322 46
TRACE 258 BF16_OUTPUT 2322 3fef
TRACE 258 A8_OUTPUT 2323 -24
TRACE 258 BF16_OUTPUT 2323 bf77
TRACE 258 A8_OUTPUT 2324 -32
TRACE 258 BF16_OUTPUT 2324 bfa8
TRACE 258 A8_OUTPUT 2325 49
TRACE 258 BF16_OUTPUT 2325 4000
TRACE 258 A8_OUTPUT 2326 49
TRACE 258 BF16_OUTPUT 2326 3ffe
TRACE 258 A8_OUTPUT 2327 39
TRACE 258 BF16_OUTPUT 2327 3fc8
TRACE 258 A8_OUTPUT 2328 57
TRACE 258 BF16_OUTPUT 2328 4015
TRACE 258 A8_OUTPUT 2329 -37
TRACE 258 BF16_OUTPUT 2329 bfbf
TRACE 258 A8_OUTPUT 2330 29
TRACE 258 BF16_OUTPUT 2330 3f95
TRACE 258 A8_OUTPUT 2331 28
TRACE 258 BF16_OUTPUT 2331 3f8f
TRACE 258 A8_OUTPUT 2332 -23
TRACE 258 BF16_OUTPUT 2332 bf72
TRACE 258 A8_OUTPUT 2333 -43
TRACE 258 BF16_OUTPUT 2333 bfdd
TRACE 258 A8_OUTPUT 2334 -33
TRACE 258 BF16_OUTPUT 2334 bfab
TRACE 258 A8_OUTPUT 2335 -8
TRACE 258 BF16_OUTPUT 2335 bea6
TRACE 258 A8_OUTPUT 2336 -19
TRACE 258 BF16_OUTPUT 2336 bf48
TRACE 258 A8_OUTPUT 2337 39
TRACE 258 BF16_OUTPUT 2337 3fca
TRACE 258 A8_OUTPUT 2338 2
TRACE 258 BF16_OUTPUT 2338 3dab
TRACE 258 A8_OUTPUT 2339 29
TRACE 258 BF16_OUTPUT 2339 3f98
TRACE 258 A8_OUTPUT 2340 -9
TRACE 258 BF16_OUTPUT 2340 bec2
TRACE 258 A8_OUTPUT 2341 -7
TRACE 258 BF16_OUTPUT 2341 be93
TRACE 258 A8_OUTPUT 2342 -51
TRACE 258 BF16_OUTPUT 2342 c004
TRACE 258 A8_OUTPUT 2343 -32
TRACE 258 BF16_OUTPUT 2343 bfa7
TRACE 258 A8_OUTPUT 2344 9
TRACE 258 BF16_OUTPUT 2344 3ec3
TRACE 258 A8_OUTPUT 2345 22
TRACE 258 BF16_OUTPUT 2345 3f62
TRACE 258 A8_OUTPUT 2346 26
TRACE 258 BF16_OUTPUT 2346 3f89
TRACE 258 A8_OUTPUT 2347 -17
TRACE 258 BF16_OUTPUT 2347 bf33
TRACE 258 A8_OUTPUT 2348 24
TRACE 258 BF16_OUTPUT 2348 3f7b
TRACE 258 A8_OUTPUT 2349 -31
TRACE 258 BF16_OUTPUT 2349 bfa3
TRACE 258 A8_OUTPUT 2350 30
TRACE 258 BF16_OUTPUT 2350 3f9c
TRACE 258 A8_OUTPUT 2351 35
TRACE 258 BF16_OUTPUT 2351 3fb7
TRACE 258 A8_OUTPUT 2352 24
TRACE 258 BF16_OUTPUT 2352 3f7a
TRACE 258 A8_OUTPUT 2353 32
TRACE 258 BF16_OUTPUT 2353 3fa5
TRACE 258 A8_OUTPUT 2354 12
TRACE 258 BF16_OUTPUT 2354 3ef2
TRACE 258 A8_OUTPUT 2355 26
TRACE 258 BF16_OUTPUT 2355 3f89
TRACE 258 A8_OUTPUT 2356 -26
TRACE 258 BF16_OUTPUT 2356 bf89
TRACE 258 A8_OUTPUT 2357 27
TRACE 258 BF16_OUTPUT 2357 3f8b
TRACE 258 A8_OUTPUT 2358 -27
TRACE 258 BF16_OUTPUT 2358 bf8c
TRACE 258 A8_OUTPUT 2359 21
TRACE 258 BF16_OUTPUT 2359 3f56
TRACE 258 A8_OUTPUT 2360 -19
TRACE 258 BF16_OUTPUT 2360 bf48
TRACE 258 A8_OUTPUT 2361 27
TRACE 258 BF16_OUTPUT 2361 3f8b
TRACE 258 A8_OUTPUT 2362 12
TRACE 258 BF16_OUTPUT 2362 3efb
TRACE 258 A8_OUTPUT 2363 -17
TRACE 258 BF16_OUTPUT 2363 bf2f
TRACE 258 A8_OUTPUT 2364 -7
TRACE 258 BF16_OUTPUT 2364 be87
TRACE 258 A8_OUTPUT 2365 -12
TRACE 258 BF16_OUTPUT 2365 befd
TRACE 258 A8_OUTPUT 2366 -11
TRACE 258 BF16_OUTPUT 2366 bede
TRACE 258 A8_OUTPUT 2367 -22
TRACE 258 BF16_OUTPUT 2367 bf65
TRACE 259 INPUT_ACCEPT 37 0
TRACE 260 BF16_GROUP_ISSUE 37 0
TRACE 261 BF16_GROUP_ISSUE 37 1
TRACE 261 BF16_VALUE 2368 bfe2
TRACE 261 BF16_VALUE 2369 bf9a
TRACE 261 BF16_VALUE 2370 3f72
TRACE 261 BF16_VALUE 2371 3ca1
TRACE 261 BF16_VALUE 2372 bfd4
TRACE 261 BF16_VALUE 2373 3b84
TRACE 261 BF16_VALUE 2374 bf89
TRACE 261 BF16_VALUE 2375 bfd9
TRACE 261 BF16_VALUE 2376 3fec
TRACE 261 BF16_VALUE 2377 3f64
TRACE 261 BF16_VALUE 2378 c01e
TRACE 261 BF16_VALUE 2379 401e
TRACE 261 BF16_VALUE 2380 3f74
TRACE 261 BF16_VALUE 2381 3f06
TRACE 261 BF16_VALUE 2382 3ee0
TRACE 261 BF16_VALUE 2383 bfdc
TRACE 262 BF16_GROUP_ISSUE 37 2
TRACE 262 BF16_VALUE 2384 3ffc
TRACE 262 BF16_VALUE 2385 bffe
TRACE 262 BF16_VALUE 2386 3fc4
TRACE 262 BF16_VALUE 2387 c02e
TRACE 262 BF16_VALUE 2388 3fe5
TRACE 262 BF16_VALUE 2389 bf44
TRACE 262 BF16_VALUE 2390 bfd7
TRACE 262 BF16_VALUE 2391 4005
TRACE 262 BF16_VALUE 2392 bf4a
TRACE 262 BF16_VALUE 2393 bf86
TRACE 262 BF16_VALUE 2394 3ebc
TRACE 262 BF16_VALUE 2395 3f99
TRACE 262 BF16_VALUE 2396 bfc9
TRACE 262 BF16_VALUE 2397 3f36
TRACE 262 BF16_VALUE 2398 bf49
TRACE 262 BF16_VALUE 2399 bfea
TRACE 263 BF16_GROUP_ISSUE 37 3
TRACE 263 BF16_VALUE 2400 bf20
TRACE 263 BF16_VALUE 2401 be37
TRACE 263 BF16_VALUE 2402 bfb6
TRACE 263 BF16_VALUE 2403 bd31
TRACE 263 BF16_VALUE 2404 bf82
TRACE 263 BF16_VALUE 2405 3f58
TRACE 263 BF16_VALUE 2406 3d89
TRACE 263 BF16_VALUE 2407 be7b
TRACE 263 BF16_VALUE 2408 bf6a
TRACE 263 BF16_VALUE 2409 be88
TRACE 263 BF16_VALUE 2410 be2c
TRACE 263 BF16_VALUE 2411 3f34
TRACE 263 BF16_VALUE 2412 3f25
TRACE 263 BF16_VALUE 2413 3ef2
TRACE 263 BF16_VALUE 2414 3dd9
TRACE 263 BF16_VALUE 2415 bdb0
TRACE 264 BF16_VALUE 2416 bee0
TRACE 264 BF16_VALUE 2417 bf06
TRACE 264 BF16_VALUE 2418 3f00
TRACE 264 BF16_VALUE 2419 bef8
TRACE 264 BF16_VALUE 2420 becf
TRACE 264 BF16_VALUE 2421 bf4f
TRACE 264 BF16_VALUE 2422 bf36
TRACE 264 BF16_VALUE 2423 3f33
TRACE 264 BF16_VALUE 2424 bf51
TRACE 264 BF16_VALUE 2425 bf13
TRACE 264 BF16_VALUE 2426 bf7a
TRACE 264 BF16_VALUE 2427 3f1d
TRACE 264 BF16_VALUE 2428 bf32
TRACE 264 BF16_VALUE 2429 3f35
TRACE 264 BF16_VALUE 2430 3f41
TRACE 264 BF16_VALUE 2431 bf17
TRACE 265 A8_OUTPUT 2368 -43
TRACE 265 BF16_OUTPUT 2368 bfe2
TRACE 265 A8_OUTPUT 2369 -30
TRACE 265 BF16_OUTPUT 2369 bf9a
TRACE 265 A8_OUTPUT 2370 23
TRACE 265 BF16_OUTPUT 2370 3f72
TRACE 265 A8_OUTPUT 2371 0
TRACE 265 BF16_OUTPUT 2371 3ca1
TRACE 265 A8_OUTPUT 2372 -41
TRACE 265 BF16_OUTPUT 2372 bfd4
TRACE 265 A8_OUTPUT 2373 0
TRACE 265 BF16_OUTPUT 2373 3b84
TRACE 265 A8_OUTPUT 2374 -26
TRACE 265 BF16_OUTPUT 2374 bf89
TRACE 265 A8_OUTPUT 2375 -42
TRACE 265 BF16_OUTPUT 2375 bfd9
TRACE 265 A8_OUTPUT 2376 45
TRACE 265 BF16_OUTPUT 2376 3fec
TRACE 265 A8_OUTPUT 2377 22
TRACE 265 BF16_OUTPUT 2377 3f64
TRACE 265 A8_OUTPUT 2378 -61
TRACE 265 BF16_OUTPUT 2378 c01e
TRACE 265 A8_OUTPUT 2379 61
TRACE 265 BF16_OUTPUT 2379 401e
TRACE 265 A8_OUTPUT 2380 23
TRACE 265 BF16_OUTPUT 2380 3f74
TRACE 265 A8_OUTPUT 2381 13
TRACE 265 BF16_OUTPUT 2381 3f06
TRACE 265 A8_OUTPUT 2382 11
TRACE 265 BF16_OUTPUT 2382 3ee0
TRACE 265 A8_OUTPUT 2383 -42
TRACE 265 BF16_OUTPUT 2383 bfdc
TRACE 265 A8_OUTPUT 2384 49
TRACE 265 BF16_OUTPUT 2384 3ffc
TRACE 265 A8_OUTPUT 2385 -49
TRACE 265 BF16_OUTPUT 2385 bffe
TRACE 265 A8_OUTPUT 2386 38
TRACE 265 BF16_OUTPUT 2386 3fc4
TRACE 265 A8_OUTPUT 2387 -67
TRACE 265 BF16_OUTPUT 2387 c02e
TRACE 265 A8_OUTPUT 2388 44
TRACE 265 BF16_OUTPUT 2388 3fe5
TRACE 265 A8_OUTPUT 2389 -19
TRACE 265 BF16_OUTPUT 2389 bf44
TRACE 265 A8_OUTPUT 2390 -41
TRACE 265 BF16_OUTPUT 2390 bfd7
TRACE 265 A8_OUTPUT 2391 51
TRACE 265 BF16_OUTPUT 2391 4005
TRACE 265 A8_OUTPUT 2392 -19
TRACE 265 BF16_OUTPUT 2392 bf4a
TRACE 265 A8_OUTPUT 2393 -26
TRACE 265 BF16_OUTPUT 2393 bf86
TRACE 265 A8_OUTPUT 2394 9
TRACE 265 BF16_OUTPUT 2394 3ebc
TRACE 265 A8_OUTPUT 2395 30
TRACE 265 BF16_OUTPUT 2395 3f99
TRACE 265 A8_OUTPUT 2396 -39
TRACE 265 BF16_OUTPUT 2396 bfc9
TRACE 265 A8_OUTPUT 2397 18
TRACE 265 BF16_OUTPUT 2397 3f36
TRACE 265 A8_OUTPUT 2398 -19
TRACE 265 BF16_OUTPUT 2398 bf49
TRACE 265 A8_OUTPUT 2399 -45
TRACE 265 BF16_OUTPUT 2399 bfea
TRACE 265 A8_OUTPUT 2400 -15
TRACE 265 BF16_OUTPUT 2400 bf20
TRACE 265 A8_OUTPUT 2401 -4
TRACE 265 BF16_OUTPUT 2401 be37
TRACE 265 A8_OUTPUT 2402 -35
TRACE 265 BF16_OUTPUT 2402 bfb6
TRACE 265 A8_OUTPUT 2403 -1
TRACE 265 BF16_OUTPUT 2403 bd31
TRACE 265 A8_OUTPUT 2404 -25
TRACE 265 BF16_OUTPUT 2404 bf82
TRACE 265 A8_OUTPUT 2405 21
TRACE 265 BF16_OUTPUT 2405 3f58
TRACE 265 A8_OUTPUT 2406 2
TRACE 265 BF16_OUTPUT 2406 3d89
TRACE 265 A8_OUTPUT 2407 -6
TRACE 265 BF16_OUTPUT 2407 be7b
TRACE 265 A8_OUTPUT 2408 -23
TRACE 265 BF16_OUTPUT 2408 bf6a
TRACE 265 A8_OUTPUT 2409 -7
TRACE 265 BF16_OUTPUT 2409 be88
TRACE 265 A8_OUTPUT 2410 -4
TRACE 265 BF16_OUTPUT 2410 be2c
TRACE 265 A8_OUTPUT 2411 17
TRACE 265 BF16_OUTPUT 2411 3f34
TRACE 265 A8_OUTPUT 2412 16
TRACE 265 BF16_OUTPUT 2412 3f25
TRACE 265 A8_OUTPUT 2413 12
TRACE 265 BF16_OUTPUT 2413 3ef2
TRACE 265 A8_OUTPUT 2414 3
TRACE 265 BF16_OUTPUT 2414 3dd9
TRACE 265 A8_OUTPUT 2415 -2
TRACE 265 BF16_OUTPUT 2415 bdb0
TRACE 265 A8_OUTPUT 2416 -11
TRACE 265 BF16_OUTPUT 2416 bee0
TRACE 265 A8_OUTPUT 2417 -13
TRACE 265 BF16_OUTPUT 2417 bf06
TRACE 265 A8_OUTPUT 2418 12
TRACE 265 BF16_OUTPUT 2418 3f00
TRACE 265 A8_OUTPUT 2419 -12
TRACE 265 BF16_OUTPUT 2419 bef8
TRACE 265 A8_OUTPUT 2420 -10
TRACE 265 BF16_OUTPUT 2420 becf
TRACE 265 A8_OUTPUT 2421 -20
TRACE 265 BF16_OUTPUT 2421 bf4f
TRACE 265 A8_OUTPUT 2422 -18
TRACE 265 BF16_OUTPUT 2422 bf36
TRACE 265 A8_OUTPUT 2423 17
TRACE 265 BF16_OUTPUT 2423 3f33
TRACE 265 A8_OUTPUT 2424 -20
TRACE 265 BF16_OUTPUT 2424 bf51
TRACE 265 A8_OUTPUT 2425 -14
TRACE 265 BF16_OUTPUT 2425 bf13
TRACE 265 A8_OUTPUT 2426 -24
TRACE 265 BF16_OUTPUT 2426 bf7a
TRACE 265 A8_OUTPUT 2427 15
TRACE 265 BF16_OUTPUT 2427 3f1d
TRACE 265 A8_OUTPUT 2428 -17
TRACE 265 BF16_OUTPUT 2428 bf32
TRACE 265 A8_OUTPUT 2429 17
TRACE 265 BF16_OUTPUT 2429 3f35
TRACE 265 A8_OUTPUT 2430 19
TRACE 265 BF16_OUTPUT 2430 3f41
TRACE 265 A8_OUTPUT 2431 -15
TRACE 265 BF16_OUTPUT 2431 bf17
TRACE 266 INPUT_ACCEPT 38 0
TRACE 267 BF16_GROUP_ISSUE 38 0
TRACE 268 BF16_GROUP_ISSUE 38 1
TRACE 268 BF16_VALUE 2432 becc
TRACE 268 BF16_VALUE 2433 be3d
TRACE 268 BF16_VALUE 2434 3eda
TRACE 268 BF16_VALUE 2435 3e3a
TRACE 268 BF16_VALUE 2436 be7b
TRACE 268 BF16_VALUE 2437 3ead
TRACE 268 BF16_VALUE 2438 3e45
TRACE 268 BF16_VALUE 2439 3f13
TRACE 268 BF16_VALUE 2440 bf38
TRACE 268 BF16_VALUE 2441 bf0d
TRACE 268 BF16_VALUE 2442 beb2
TRACE 268 BF16_VALUE 2443 bf2a
TRACE 268 BF16_VALUE 2444 3eed
TRACE 268 BF16_VALUE 2445 3f18
TRACE 268 BF16_VALUE 2446 3d1b
TRACE 268 BF16_VALUE 2447 bf75
TRACE 269 BF16_GROUP_ISSUE 38 2
TRACE 269 BF16_VALUE 2448 3ee9
TRACE 269 BF16_VALUE 2449 3f25
TRACE 269 BF16_VALUE 2450 3d19
TRACE 269 BF16_VALUE 2451 bfa4
TRACE 269 BF16_VALUE 2452 3ee0
TRACE 269 BF16_VALUE 2453 bda3
TRACE 269 BF16_VALUE 2454 3f55
TRACE 269 BF16_VALUE 2455 3f5c
TRACE 269 BF16_VALUE 2456 3e6f
TRACE 269 BF16_VALUE 2457 bfe1
TRACE 269 BF16_VALUE 2458 3fd2
TRACE 269 BF16_VALUE 2459 3f0d
TRACE 269 BF16_VALUE 2460 bf11
TRACE 269 BF16_VALUE 2461 3f91
TRACE 269 BF16_VALUE 2462 3e44
TRACE 269 BF16_VALUE 2463 3d31
TRACE 270 BF16_GROUP_ISSUE 38 3
TRACE 270 BF16_VALUE 2464 3edd
TRACE 270 BF16_VALUE 2465 be2b
TRACE 270 BF16_VALUE 2466 3f08
TRACE 270 BF16_VALUE 2467 3fbf
TRACE 270 BF16_VALUE 2468 bd84
TRACE 270 BF16_VALUE 2469 3f0d
TRACE 270 BF16_VALUE 2470 3de6
TRACE 270 BF16_VALUE 2471 3ec3
TRACE 270 BF16_VALUE 2472 bf97
TRACE 270 BF16_VALUE 2473 be5c
TRACE 270 BF16_VALUE 2474 3dfb
TRACE 270 BF16_VALUE 2475 c04a
TRACE 270 BF16_VALUE 2476 bf8c
TRACE 270 BF16_VALUE 2477 4000
TRACE 270 BF16_VALUE 2478 3f92
TRACE 270 BF16_VALUE 2479 c03e
TRACE 271 BF16_VALUE 2480 3eb0
TRACE 271 BF16_VALUE 2481 3f82
TRACE 271 BF16_VALUE 2482 c024
TRACE 271 BF16_VALUE 2483 3e46
TRACE 271 BF16_VALUE 2484 3f27
TRACE 271 BF16_VALUE 2485 bec6
TRACE 271 BF16_VALUE 2486 bfc8
TRACE 271 BF16_VALUE 2487 bfa8
TRACE 271 BF16_VALUE 2488 3e49
TRACE 271 BF16_VALUE 2489 be72
TRACE 271 BF16_VALUE 2490 be88
TRACE 271 BF16_VALUE 2491 3f55
TRACE 271 BF16_VALUE 2492 bfae
TRACE 271 BF16_VALUE 2493 bf55
TRACE 271 BF16_VALUE 2494 3e84
TRACE 271 BF16_VALUE 2495 be7f
TRACE 272 A8_OUTPUT 2432 -10
TRACE 272 BF16_OUTPUT 2432 becc
TRACE 272 A8_OUTPUT 2433 -5
TRACE 272 BF16_OUTPUT 2433 be3d
TRACE 272 A8_OUTPUT 2434 11
TRACE 272 BF16_OUTPUT 2434 3eda
TRACE 272 A8_OUTPUT 2435 4
TRACE 272 BF16_OUTPUT 2435 3e3a
TRACE 272 A8_OUTPUT 2436 -6
TRACE 272 BF16_OUTPUT 2436 be7b
TRACE 272 A8_OUTPUT 2437 8
TRACE 272 BF16_OUTPUT 2437 3ead
TRACE 272 A8_OUTPUT 2438 5
TRACE 272 BF16_OUTPUT 2438 3e45
TRACE 272 A8_OUTPUT 2439 14
TRACE 272 BF16_OUTPUT 2439 3f13
TRACE 272 A8_OUTPUT 2440 -18
TRACE 272 BF16_OUTPUT 2440 bf38
TRACE 272 A8_OUTPUT 2441 -14
TRACE 272 BF16_OUTPUT 2441 bf0d
TRACE 272 A8_OUTPUT 2442 -9
TRACE 272 BF16_OUTPUT 2442 beb2
TRACE 272 A8_OUTPUT 2443 -16
TRACE 272 BF16_OUTPUT 2443 bf2a
TRACE 272 A8_OUTPUT 2444 11
TRACE 272 BF16_OUTPUT 2444 3eed
TRACE 272 A8_OUTPUT 2445 15
TRACE 272 BF16_OUTPUT 2445 3f18
TRACE 272 A8_OUTPUT 2446 1
TRACE 272 BF16_OUTPUT 2446 3d1b
TRACE 272 A8_OUTPUT 2447 -24
TRACE 272 BF16_OUTPUT 2447 bf75
TRACE 272 A8_OUTPUT 2448 11
TRACE 272 BF16_OUTPUT 2448 3ee9
TRACE 272 A8_OUTPUT 2449 16
TRACE 272 BF16_OUTPUT 2449 3f25
TRACE 272 A8_OUTPUT 2450 1
TRACE 272 BF16_OUTPUT 2450 3d19
TRACE 272 A8_OUTPUT 2451 -32
TRACE 272 BF16_OUTPUT 2451 bfa4
TRACE 272 A8_OUTPUT 2452 11
TRACE 272 BF16_OUTPUT 2452 3ee0
TRACE 272 A8_OUTPUT 2453 -2
TRACE 272 BF16_OUTPUT 2453 bda3
TRACE 272 A8_OUTPUT 2454 21
TRACE 272 BF16_OUTPUT 2454 3f55
TRACE 272 A8_OUTPUT 2455 21
TRACE 272 BF16_OUTPUT 2455 3f5c
TRACE 272 A8_OUTPUT 2456 6
TRACE 272 BF16_OUTPUT 2456 3e6f
TRACE 272 A8_OUTPUT 2457 -43
TRACE 272 BF16_OUTPUT 2457 bfe1
TRACE 272 A8_OUTPUT 2458 40
TRACE 272 BF16_OUTPUT 2458 3fd2
TRACE 272 A8_OUTPUT 2459 14
TRACE 272 BF16_OUTPUT 2459 3f0d
TRACE 272 A8_OUTPUT 2460 -14
TRACE 272 BF16_OUTPUT 2460 bf11
TRACE 272 A8_OUTPUT 2461 28
TRACE 272 BF16_OUTPUT 2461 3f91
TRACE 272 A8_OUTPUT 2462 5
TRACE 272 BF16_OUTPUT 2462 3e44
TRACE 272 A8_OUTPUT 2463 1
TRACE 272 BF16_OUTPUT 2463 3d31
TRACE 272 A8_OUTPUT 2464 11
TRACE 272 BF16_OUTPUT 2464 3edd
TRACE 272 A8_OUTPUT 2465 -4
TRACE 272 BF16_OUTPUT 2465 be2b
TRACE 272 A8_OUTPUT 2466 13
TRACE 272 BF16_OUTPUT 2466 3f08
TRACE 272 A8_OUTPUT 2467 37
TRACE 272 BF16_OUTPUT 2467 3fbf
TRACE 272 A8_OUTPUT 2468 -2
TRACE 272 BF16_OUTPUT 2468 bd84
TRACE 272 A8_OUTPUT 2469 14
TRACE 272 BF16_OUTPUT 2469 3f0d
TRACE 272 A8_OUTPUT 2470 3
TRACE 272 BF16_OUTPUT 2470 3de6
TRACE 272 A8_OUTPUT 2471 9
TRACE 272 BF16_OUTPUT 2471 3ec3
TRACE 272 A8_OUTPUT 2472 -29
TRACE 272 BF16_OUTPUT 2472 bf97
TRACE 272 A8_OUTPUT 2473 -5
TRACE 272 BF16_OUTPUT 2473 be5c
TRACE 272 A8_OUTPUT 2474 3
TRACE 272 BF16_OUTPUT 2474 3dfb
TRACE 272 A8_OUTPUT 2475 -78
TRACE 272 BF16_OUTPUT 2475 c04a
TRACE 272 A8_OUTPUT 2476 -27
TRACE 272 BF16_OUTPUT 2476 bf8c
TRACE 272 A8_OUTPUT 2477 49
TRACE 272 BF16_OUTPUT 2477 4000
TRACE 272 A8_OUTPUT 2478 28
TRACE 272 BF16_OUTPUT 2478 3f92
TRACE 272 A8_OUTPUT 2479 -73
TRACE 272 BF16_OUTPUT 2479 c03e
TRACE 272 A8_OUTPUT 2480 8
TRACE 272 BF16_OUTPUT 2480 3eb0
TRACE 272 A8_OUTPUT 2481 25
TRACE 272 BF16_OUTPUT 2481 3f82
TRACE 272 A8_OUTPUT 2482 -63
TRACE 272 BF16_OUTPUT 2482 c024
TRACE 272 A8_OUTPUT 2483 5
TRACE 272 BF16_OUTPUT 2483 3e46
TRACE 272 A8_OUTPUT 2484 16
TRACE 272 BF16_OUTPUT 2484 3f27
TRACE 272 A8_OUTPUT 2485 -10
TRACE 272 BF16_OUTPUT 2485 bec6
TRACE 272 A8_OUTPUT 2486 -38
TRACE 272 BF16_OUTPUT 2486 bfc8
TRACE 272 A8_OUTPUT 2487 -32
TRACE 272 BF16_OUTPUT 2487 bfa8
TRACE 272 A8_OUTPUT 2488 5
TRACE 272 BF16_OUTPUT 2488 3e49
TRACE 272 A8_OUTPUT 2489 -6
TRACE 272 BF16_OUTPUT 2489 be72
TRACE 272 A8_OUTPUT 2490 -7
TRACE 272 BF16_OUTPUT 2490 be88
TRACE 272 A8_OUTPUT 2491 20
TRACE 272 BF16_OUTPUT 2491 3f55
TRACE 272 A8_OUTPUT 2492 -34
TRACE 272 BF16_OUTPUT 2492 bfae
TRACE 272 A8_OUTPUT 2493 -21
TRACE 272 BF16_OUTPUT 2493 bf55
TRACE 272 A8_OUTPUT 2494 6
TRACE 272 BF16_OUTPUT 2494 3e84
TRACE 272 A8_OUTPUT 2495 -6
TRACE 272 BF16_OUTPUT 2495 be7f
TRACE 273 INPUT_ACCEPT 39 0
TRACE 274 BF16_GROUP_ISSUE 39 0
TRACE 275 BF16_GROUP_ISSUE 39 1
TRACE 275 BF16_VALUE 2496 be65
TRACE 275 BF16_VALUE 2497 bea8
TRACE 275 BF16_VALUE 2498 3e54
TRACE 275 BF16_VALUE 2499 bdf2
TRACE 275 BF16_VALUE 2500 3f60
TRACE 275 BF16_VALUE 2501 3eec
TRACE 275 BF16_VALUE 2502 3f32
TRACE 275 BF16_VALUE 2503 be98
TRACE 275 BF16_VALUE 2504 3ed9
TRACE 275 BF16_VALUE 2505 bd85
TRACE 275 BF16_VALUE 2506 3e76
TRACE 275 BF16_VALUE 2507 3e52
TRACE 275 BF16_VALUE 2508 3ecf
TRACE 275 BF16_VALUE 2509 3ec9
TRACE 275 BF16_VALUE 2510 3e92
TRACE 275 BF16_VALUE 2511 3f63
TRACE 276 BF16_GROUP_ISSUE 39 2
TRACE 276 BF16_VALUE 2512 3f2b
TRACE 276 BF16_VALUE 2513 3ee3
TRACE 276 BF16_VALUE 2514 3f24
TRACE 276 BF16_VALUE 2515 bfd1
TRACE 276 BF16_VALUE 2516 bf3e
TRACE 276 BF16_VALUE 2517 be84
TRACE 276 BF16_VALUE 2518 bf73
TRACE 276 BF16_VALUE 2519 bf2e
TRACE 276 BF16_VALUE 2520 3e93
TRACE 276 BF16_VALUE 2521 3e28
TRACE 276 BF16_VALUE 2522 bf28
TRACE 276 BF16_VALUE 2523 3f2f
TRACE 276 BF16_VALUE 2524 3e1d
TRACE 276 BF16_VALUE 2525 3f4b
TRACE 276 BF16_VALUE 2526 bfd3
TRACE 276 BF16_VALUE 2527 bfc9
TRACE 277 BF16_GROUP_ISSUE 39 3
TRACE 277 BF16_VALUE 2528 3f9a
TRACE 277 BF16_VALUE 2529 3b8a
TRACE 277 BF16_VALUE 2530 3ba1
TRACE 277 BF16_VALUE 2531 be27
TRACE 277 BF16_VALUE 2532 3ca7
TRACE 277 BF16_VALUE 2533 4007
TRACE 277 BF16_VALUE 2534 3fad
TRACE 277 BF16_VALUE 2535 3fbd
TRACE 277 BF16_VALUE 2536 c000
TRACE 277 BF16_VALUE 2537 bf54
TRACE 277 BF16_VALUE 2538 3ff6
TRACE 277 BF16_VALUE 2539 3de6
TRACE 277 BF16_VALUE 2540 beb6
TRACE 277 BF16_VALUE 2541 3feb
TRACE 277 BF16_VALUE 2542 be2b
TRACE 277 BF16_VALUE 2543 bf2c
TRACE 278 BF16_VALUE 2544 c049
TRACE 278 BF16_VALUE 2545 3e1d
TRACE 278 BF16_VALUE 2546 bf00
TRACE 278 BF16_VALUE 2547 bfb0
TRACE 278 BF16_VALUE 2548 c029
TRACE 278 BF16_VALUE 2549 bd92
TRACE 278 BF16_VALUE 2550 3efa
TRACE 278 BF16_VALUE 2551 bfdb
TRACE 278 BF16_VALUE 2552 3eb2
TRACE 278 BF16_VALUE 2553 bedb
TRACE 278 BF16_VALUE 2554 3f1c
TRACE 278 BF16_VALUE 2555 bec1
TRACE 278 BF16_VALUE 2556 3fc0
TRACE 278 BF16_VALUE 2557 3e89
TRACE 278 BF16_VALUE 2558 3e3e
TRACE 278 BF16_VALUE 2559 3ec0
TRACE 279 A8_OUTPUT 2496 -6
TRACE 279 BF16_OUTPUT 2496 be65
TRACE 279 A8_OUTPUT 2497 -8
TRACE 279 BF16_OUTPUT 2497 bea8
TRACE 279 A8_OUTPUT 2498 5
TRACE 279 BF16_OUTPUT 2498 3e54
TRACE 279 A8_OUTPUT 2499 -3
TRACE 279 BF16_OUTPUT 2499 bdf2
TRACE 279 A8_OUTPUT 2500 22
TRACE 279 BF16_OUTPUT 2500 3f60
TRACE 279 A8_OUTPUT 2501 11
TRACE 279 BF16_OUTPUT 2501 3eec
TRACE 279 A8_OUTPUT 2502 17
TRACE 279 BF16_OUTPUT 2502 3f32
TRACE 279 A8_OUTPUT 2503 -7
TRACE 279 BF16_OUTPUT 2503 be98
TRACE 279 A8_OUTPUT 2504 10
TRACE 279 BF16_OUTPUT 2504 3ed9
TRACE 279 A8_OUTPUT 2505 -2
TRACE 279 BF16_OUTPUT 2505 bd85
TRACE 279 A8_OUTPUT 2506 6
TRACE 279 BF16_OUTPUT 2506 3e76
TRACE 279 A8_OUTPUT 2507 5
TRACE 279 BF16_OUTPUT 2507 3e52
TRACE 279 A8_OUTPUT 2508 10
TRACE 279 BF16_OUTPUT 2508 3ecf
TRACE 279 A8_OUTPUT 2509 10
TRACE 279 BF16_OUTPUT 2509 3ec9
TRACE 279 A8_OUTPUT 2510 7
TRACE 279 BF16_OUTPUT 2510 3e92
TRACE 279 A8_OUTPUT 2511 22
TRACE 279 BF16_OUTPUT 2511 3f63
TRACE 279 A8_OUTPUT 2512 16
TRACE 279 BF16_OUTPUT 2512 3f2b
TRACE 279 A8_OUTPUT 2513 11
TRACE 279 BF16_OUTPUT 2513 3ee3
TRACE 279 A8_OUTPUT 2514 16
TRACE 279 BF16_OUTPUT 2514 3f24
TRACE 279 A8_OUTPUT 2515 -40
TRACE 279 BF16_OUTPUT 2515 bfd1
TRACE 279 A8_OUTPUT 2516 -18
TRACE 279 BF16_OUTPUT 2516 bf3e
TRACE 279 A8_OUTPUT 2517 -6
TRACE 279 BF16_OUTPUT 2517 be84
TRACE 279 A8_OUTPUT 2518 -23
TRACE 279 BF16_OUTPUT 2518 bf73
TRACE 279 A8_OUTPUT 2519 -17
TRACE 279 BF16_OUTPUT 2519 bf2e
TRACE 279 A8_OUTPUT 2520 7
TRACE 279 BF16_OUTPUT 2520 3e93
TRACE 279 A8_OUTPUT 2521 4
TRACE 279 BF16_OUTPUT 2521 3e28
TRACE 279 A8_OUTPUT 2522 -16
TRACE 279 BF16_OUTPUT 2522 bf28
TRACE 279 A8_OUTPUT 2523 17
TRACE 279 BF16_OUTPUT 2523 3f2f
TRACE 279 A8_OUTPUT 2524 4
TRACE 279 BF16_OUTPUT 2524 3e1d
TRACE 279 A8_OUTPUT 2525 20
TRACE 279 BF16_OUTPUT 2525 3f4b
TRACE 279 A8_OUTPUT 2526 -41
TRACE 279 BF16_OUTPUT 2526 bfd3
TRACE 279 A8_OUTPUT 2527 -39
TRACE 279 BF16_OUTPUT 2527 bfc9
TRACE 279 A8_OUTPUT 2528 30
TRACE 279 BF16_OUTPUT 2528 3f9a
TRACE 279 A8_OUTPUT 2529 0
TRACE 279 BF16_OUTPUT 2529 3b8a
TRACE 279 A8_OUTPUT 2530 0
TRACE 279 BF16_OUTPUT 2530 3ba1
TRACE 279 A8_OUTPUT 2531 -4
TRACE 279 BF16_OUTPUT 2531 be27
TRACE 279 A8_OUTPUT 2532 1
TRACE 279 BF16_OUTPUT 2532 3ca7
TRACE 279 A8_OUTPUT 2533 52
TRACE 279 BF16_OUTPUT 2533 4007
TRACE 279 A8_OUTPUT 2534 33
TRACE 279 BF16_OUTPUT 2534 3fad
TRACE 279 A8_OUTPUT 2535 36
TRACE 279 BF16_OUTPUT 2535 3fbd
TRACE 279 A8_OUTPUT 2536 -49
TRACE 279 BF16_OUTPUT 2536 c000
TRACE 279 A8_OUTPUT 2537 -20
TRACE 279 BF16_OUTPUT 2537 bf54
TRACE 279 A8_OUTPUT 2538 47
TRACE 279 BF16_OUTPUT 2538 3ff6
TRACE 279 A8_OUTPUT 2539 3
TRACE 279 BF16_OUTPUT 2539 3de6
TRACE 279 A8_OUTPUT 2540 -9
TRACE 279 BF16_OUTPUT 2540 beb6
TRACE 279 A8_OUTPUT 2541 45
TRACE 279 BF16_OUTPUT 2541 3feb
TRACE 279 A8_OUTPUT 2542 -4
TRACE 279 BF16_OUTPUT 2542 be2b
TRACE 279 A8_OUTPUT 2543 -17
TRACE 279 BF16_OUTPUT 2543 bf2c
TRACE 279 A8_OUTPUT 2544 -77
TRACE 279 BF16_OUTPUT 2544 c049
TRACE 279 A8_OUTPUT 2545 4
TRACE 279 BF16_OUTPUT 2545 3e1d
TRACE 279 A8_OUTPUT 2546 -12
TRACE 279 BF16_OUTPUT 2546 bf00
TRACE 279 A8_OUTPUT 2547 -34
TRACE 279 BF16_OUTPUT 2547 bfb0
TRACE 279 A8_OUTPUT 2548 -65
TRACE 279 BF16_OUTPUT 2548 c029
TRACE 279 A8_OUTPUT 2549 -2
TRACE 279 BF16_OUTPUT 2549 bd92
TRACE 279 A8_OUTPUT 2550 12
TRACE 279 BF16_OUTPUT 2550 3efa
TRACE 279 A8_OUTPUT 2551 -42
TRACE 279 BF16_OUTPUT 2551 bfdb
TRACE 279 A8_OUTPUT 2552 9
TRACE 279 BF16_OUTPUT 2552 3eb2
TRACE 279 A8_OUTPUT 2553 -11
TRACE 279 BF16_OUTPUT 2553 bedb
TRACE 279 A8_OUTPUT 2554 15
TRACE 279 BF16_OUTPUT 2554 3f1c
TRACE 279 A8_OUTPUT 2555 -9
TRACE 279 BF16_OUTPUT 2555 bec1
TRACE 279 A8_OUTPUT 2556 37
TRACE 279 BF16_OUTPUT 2556 3fc0
TRACE 279 A8_OUTPUT 2557 7
TRACE 279 BF16_OUTPUT 2557 3e89
TRACE 279 A8_OUTPUT 2558 5
TRACE 279 BF16_OUTPUT 2558 3e3e
TRACE 279 A8_OUTPUT 2559 9
TRACE 279 BF16_OUTPUT 2559 3ec0
TRACE 280 INPUT_ACCEPT 40 0
TRACE 281 BF16_GROUP_ISSUE 40 0
TRACE 282 BF16_GROUP_ISSUE 40 1
TRACE 282 BF16_VALUE 2560 3eb2
TRACE 282 BF16_VALUE 2561 bf29
TRACE 282 BF16_VALUE 2562 bda5
TRACE 282 BF16_VALUE 2563 bf73
TRACE 282 BF16_VALUE 2564 bf43
TRACE 282 BF16_VALUE 2565 bf8a
TRACE 282 BF16_VALUE 2566 bdd6
TRACE 282 BF16_VALUE 2567 be30
TRACE 282 BF16_VALUE 2568 3e0b
TRACE 282 BF16_VALUE 2569 3f44
TRACE 282 BF16_VALUE 2570 bf18
TRACE 282 BF16_VALUE 2571 3eea
TRACE 282 BF16_VALUE 2572 bf01
TRACE 282 BF16_VALUE 2573 3f18
TRACE 282 BF16_VALUE 2574 3f4c
TRACE 282 BF16_VALUE 2575 bf67
TRACE 283 BF16_GROUP_ISSUE 40 2
TRACE 283 BF16_VALUE 2576 3e8f
TRACE 283 BF16_VALUE 2577 3e47
TRACE 283 BF16_VALUE 2578 bf7f
TRACE 283 BF16_VALUE 2579 bee3
TRACE 283 BF16_VALUE 2580 3f09
TRACE 283 BF16_VALUE 2581 3f04
TRACE 283 BF16_VALUE 2582 3e97
TRACE 283 BF16_VALUE 2583 3e9e
TRACE 283 BF16_VALUE 2584 be1a
TRACE 283 BF16_VALUE 2585 bf8f
TRACE 283 BF16_VALUE 2586 3ed0
TRACE 283 BF16_VALUE 2587 bf8c
TRACE 283 BF16_VALUE 2588 3d62
TRACE 283 BF16_VALUE 2589 3eff
TRACE 283 BF16_VALUE 2590 3f63
TRACE 283 BF16_VALUE 2591 3efc
TRACE 284 BF16_GROUP_ISSUE 40 3
TRACE 284 BF16_VALUE 2592 3f59
TRACE 284 BF16_VALUE 2593 bf0c
TRACE 284 BF16_VALUE 2594 bf22
TRACE 284 BF16_VALUE 2595 bf1e
TRACE 284 BF16_VALUE 2596 3eeb
TRACE 284 BF16_VALUE 2597 3e3a
TRACE 284 BF16_VALUE 2598 3f53
TRACE 284 BF16_VALUE 2599 bf89
TRACE 284 BF16_VALUE 2600 be5e
TRACE 284 BF16_VALUE 2601 be8a
TRACE 284 BF16_VALUE 2602 3ee0
TRACE 284 BF16_VALUE 2603 bef9
TRACE 284 BF16_VALUE 2604 3fb8
TRACE 284 BF16_VALUE 2605 3c3c
TRACE 284 BF16_VALUE 2606 bf25
TRACE 284 BF16_VALUE 2607 3f87
TRACE 285 BF16_VALUE 2608 3f54
TRACE 285 BF16_VALUE 2609 bfa7
TRACE 285 BF16_VALUE 2610 3fda
TRACE 285 BF16_VALUE 2611 bfac
TRACE 285 BF16_VALUE 2612 beaf
TRACE 285 BF16_VALUE 2613 bf60
TRACE 285 BF16_VALUE 2614 bfb4
TRACE 285 BF16_VALUE 2615 3dba
TRACE 285 BF16_VALUE 2616 3e87
TRACE 285 BF16_VALUE 2617 bf0d
TRACE 285 BF16_VALUE 2618 3f16
TRACE 285 BF16_VALUE 2619 3e0b
TRACE 285 BF16_VALUE 2620 bfa1
TRACE 285 BF16_VALUE 2621 bebb
TRACE 285 BF16_VALUE 2622 3f26
TRACE 285 BF16_VALUE 2623 3f99
TRACE 286 A8_OUTPUT 2560 9
TRACE 286 BF16_OUTPUT 2560 3eb2
TRACE 286 A8_OUTPUT 2561 -16
TRACE 286 BF16_OUTPUT 2561 bf29
TRACE 286 A8_OUTPUT 2562 -2
TRACE 286 BF16_OUTPUT 2562 bda5
TRACE 286 A8_OUTPUT 2563 -23
TRACE 286 BF16_OUTPUT 2563 bf73
TRACE 286 A8_OUTPUT 2564 -19
TRACE 286 BF16_OUTPUT 2564 bf43
TRACE 286 A8_OUTPUT 2565 -26
TRACE 286 BF16_OUTPUT 2565 bf8a
TRACE 286 A8_OUTPUT 2566 -3
TRACE 286 BF16_OUTPUT 2566 bdd6
TRACE 286 A8_OUTPUT 2567 -4
TRACE 286 BF16_OUTPUT 2567 be30
TRACE 286 A8_OUTPUT 2568 3
TRACE 286 BF16_OUTPUT 2568 3e0b
TRACE 286 A8_OUTPUT 2569 19
TRACE 286 BF16_OUTPUT 2569 3f44
TRACE 286 A8_OUTPUT 2570 -15
TRACE 286 BF16_OUTPUT 2570 bf18
TRACE 286 A8_OUTPUT 2571 11
TRACE 286 BF16_OUTPUT 2571 3eea
TRACE 286 A8_OUTPUT 2572 -12
TRACE 286 BF16_OUTPUT 2572 bf01
TRACE 286 A8_OUTPUT 2573 15
TRACE 286 BF16_OUTPUT 2573 3f18
TRACE 286 A8_OUTPUT 2574 20
TRACE 286 BF16_OUTPUT 2574 3f4c
TRACE 286 A8_OUTPUT 2575 -22
TRACE 286 BF16_OUTPUT 2575 bf67
TRACE 286 A8_OUTPUT 2576 7
TRACE 286 BF16_OUTPUT 2576 3e8f
TRACE 286 A8_OUTPUT 2577 5
TRACE 286 BF16_OUTPUT 2577 3e47
TRACE 286 A8_OUTPUT 2578 -25
TRACE 286 BF16_OUTPUT 2578 bf7f
TRACE 286 A8_OUTPUT 2579 -11
TRACE 286 BF16_OUTPUT 2579 bee3
TRACE 286 A8_OUTPUT 2580 13
TRACE 286 BF16_OUTPUT 2580 3f09
TRACE 286 A8_OUTPUT 2581 13
TRACE 286 BF16_OUTPUT 2581 3f04
TRACE 286 A8_OUTPUT 2582 7
TRACE 286 BF16_OUTPUT 2582 3e97
TRACE 286 A8_OUTPUT 2583 8
TRACE 286 BF16_OUTPUT 2583 3e9e
TRACE 286 A8_OUTPUT 2584 -4
TRACE 286 BF16_OUTPUT 2584 be1a
TRACE 286 A8_OUTPUT 2585 -27
TRACE 286 BF16_OUTPUT 2585 bf8f
TRACE 286 A8_OUTPUT 2586 10
TRACE 286 BF16_OUTPUT 2586 3ed0
TRACE 286 A8_OUTPUT 2587 -27
TRACE 286 BF16_OUTPUT 2587 bf8c
TRACE 286 A8_OUTPUT 2588 1
TRACE 286 BF16_OUTPUT 2588 3d62
TRACE 286 A8_OUTPUT 2589 12
TRACE 286 BF16_OUTPUT 2589 3eff
TRACE 286 A8_OUTPUT 2590 22
TRACE 286 BF16_OUTPUT 2590 3f63
TRACE 286 A8_OUTPUT 2591 12
TRACE 286 BF16_OUTPUT 2591 3efc
TRACE 286 A8_OUTPUT 2592 21
TRACE 286 BF16_OUTPUT 2592 3f59
TRACE 286 A8_OUTPUT 2593 -13
TRACE 286 BF16_OUTPUT 2593 bf0c
TRACE 286 A8_OUTPUT 2594 -16
TRACE 286 BF16_OUTPUT 2594 bf22
TRACE 286 A8_OUTPUT 2595 -15
TRACE 286 BF16_OUTPUT 2595 bf1e
TRACE 286 A8_OUTPUT 2596 11
TRACE 286 BF16_OUTPUT 2596 3eeb
TRACE 286 A8_OUTPUT 2597 4
TRACE 286 BF16_OUTPUT 2597 3e3a
TRACE 286 A8_OUTPUT 2598 20
TRACE 286 BF16_OUTPUT 2598 3f53
TRACE 286 A8_OUTPUT 2599 -26
TRACE 286 BF16_OUTPUT 2599 bf89
TRACE 286 A8_OUTPUT 2600 -5
TRACE 286 BF16_OUTPUT 2600 be5e
TRACE 286 A8_OUTPUT 2601 -7
TRACE 286 BF16_OUTPUT 2601 be8a
TRACE 286 A8_OUTPUT 2602 11
TRACE 286 BF16_OUTPUT 2602 3ee0
TRACE 286 A8_OUTPUT 2603 -12
TRACE 286 BF16_OUTPUT 2603 bef9
TRACE 286 A8_OUTPUT 2604 35
TRACE 286 BF16_OUTPUT 2604 3fb8
TRACE 286 A8_OUTPUT 2605 0
TRACE 286 BF16_OUTPUT 2605 3c3c
TRACE 286 A8_OUTPUT 2606 -16
TRACE 286 BF16_OUTPUT 2606 bf25
TRACE 286 A8_OUTPUT 2607 26
TRACE 286 BF16_OUTPUT 2607 3f87
TRACE 286 A8_OUTPUT 2608 20
TRACE 286 BF16_OUTPUT 2608 3f54
TRACE 286 A8_OUTPUT 2609 -32
TRACE 286 BF16_OUTPUT 2609 bfa7
TRACE 286 A8_OUTPUT 2610 42
TRACE 286 BF16_OUTPUT 2610 3fda
TRACE 286 A8_OUTPUT 2611 -33
TRACE 286 BF16_OUTPUT 2611 bfac
TRACE 286 A8_OUTPUT 2612 -8
TRACE 286 BF16_OUTPUT 2612 beaf
TRACE 286 A8_OUTPUT 2613 -22
TRACE 286 BF16_OUTPUT 2613 bf60
TRACE 286 A8_OUTPUT 2614 -35
TRACE 286 BF16_OUTPUT 2614 bfb4
TRACE 286 A8_OUTPUT 2615 2
TRACE 286 BF16_OUTPUT 2615 3dba
TRACE 286 A8_OUTPUT 2616 7
TRACE 286 BF16_OUTPUT 2616 3e87
TRACE 286 A8_OUTPUT 2617 -14
TRACE 286 BF16_OUTPUT 2617 bf0d
TRACE 286 A8_OUTPUT 2618 14
TRACE 286 BF16_OUTPUT 2618 3f16
TRACE 286 A8_OUTPUT 2619 3
TRACE 286 BF16_OUTPUT 2619 3e0b
TRACE 286 A8_OUTPUT 2620 -31
TRACE 286 BF16_OUTPUT 2620 bfa1
TRACE 286 A8_OUTPUT 2621 -9
TRACE 286 BF16_OUTPUT 2621 bebb
TRACE 286 A8_OUTPUT 2622 16
TRACE 286 BF16_OUTPUT 2622 3f26
TRACE 286 A8_OUTPUT 2623 30
TRACE 286 BF16_OUTPUT 2623 3f99
TRACE 287 INPUT_ACCEPT 41 0
TRACE 288 BF16_GROUP_ISSUE 41 0
TRACE 289 BF16_GROUP_ISSUE 41 1
TRACE 289 BF16_VALUE 2624 3e81
TRACE 289 BF16_VALUE 2625 3f02
TRACE 289 BF16_VALUE 2626 3e38
TRACE 289 BF16_VALUE 2627 3e82
TRACE 289 BF16_VALUE 2628 be97
TRACE 289 BF16_VALUE 2629 bd05
TRACE 289 BF16_VALUE 2630 3f3d
TRACE 289 BF16_VALUE 2631 be20
TRACE 289 BF16_VALUE 2632 3f14
TRACE 289 BF16_VALUE 2633 bea5
TRACE 289 BF16_VALUE 2634 3e8e
TRACE 289 BF16_VALUE 2635 bd8a
TRACE 289 BF16_VALUE 2636 3f08
TRACE 289 BF16_VALUE 2637 be3f
TRACE 289 BF16_VALUE 2638 bd88
TRACE 289 BF16_VALUE 2639 3f05
TRACE 290 BF16_GROUP_ISSUE 41 2
TRACE 290 BF16_VALUE 2640 bec1
TRACE 290 BF16_VALUE 2641 be8f
TRACE 290 BF16_VALUE 2642 3f03
TRACE 290 BF16_VALUE 2643 3e32
TRACE 290 BF16_VALUE 2644 3d1f
TRACE 290 BF16_VALUE 2645 bf69
TRACE 290 BF16_VALUE 2646 3f3d
TRACE 290 BF16_VALUE 2647 3f68
TRACE 290 BF16_VALUE 2648 3f24
TRACE 290 BF16_VALUE 2649 3da3
TRACE 290 BF16_VALUE 2650 bf3e
TRACE 290 BF16_VALUE 2651 be08
TRACE 290 BF16_VALUE 2652 3f78
TRACE 290 BF16_VALUE 2653 3f97
TRACE 290 BF16_VALUE 2654 3dba
TRACE 290 BF16_VALUE 2655 3e59
TRACE 291 BF16_GROUP_ISSUE 41 3
TRACE 291 BF16_VALUE 2656 3fcc
TRACE 291 BF16_VALUE 2657 3f69
TRACE 291 BF16_VALUE 2658 be88
TRACE 291 BF16_VALUE 2659 be9b
TRACE 291 BF16_VALUE 2660 bf39
TRACE 291 BF16_VALUE 2661 bf57
TRACE 291 BF16_VALUE 2662 3f8b
TRACE 291 BF16_VALUE 2663 beb8
TRACE 291 BF16_VALUE 2664 3ee9
TRACE 291 BF16_VALUE 2665 3ec2
TRACE 291 BF16_VALUE 2666 3f57
TRACE 291 BF16_VALUE 2667 bfce
TRACE 291 BF16_VALUE 2668 bb14
TRACE 291 BF16_VALUE 2669 c00e
TRACE 291 BF16_VALUE 2670 beb8
TRACE 291 BF16_VALUE 2671 bfda
TRACE 292 BF16_VALUE 2672 3f86
TRACE 292 BF16_VALUE 2673 bf63
TRACE 292 BF16_VALUE 2674 bf2a
TRACE 292 BF16_VALUE 2675 3f86
TRACE 292 BF16_VALUE 2676 bfec
TRACE 292 BF16_VALUE 2677 3f94
TRACE 292 BF16_VALUE 2678 bf03
TRACE 292 BF16_VALUE 2679 bfe4
TRACE 292 BF16_VALUE 2680 bde1
TRACE 292 BF16_VALUE 2681 3f83
TRACE 292 BF16_VALUE 2682 3f30
TRACE 292 BF16_VALUE 2683 3f63
TRACE 292 BF16_VALUE 2684 bf27
TRACE 292 BF16_VALUE 2685 3fa0
TRACE 292 BF16_VALUE 2686 be98
TRACE 292 BF16_VALUE 2687 bf15
TRACE 293 A8_OUTPUT 2624 6
TRACE 293 BF16_OUTPUT 2624 3e81
TRACE 293 A8_OUTPUT 2625 13
TRACE 293 BF16_OUTPUT 2625 3f02
TRACE 293 A8_OUTPUT 2626 4
TRACE 293 BF16_OUTPUT 2626 3e38
TRACE 293 A8_OUTPUT 2627 6
TRACE 293 BF16_OUTPUT 2627 3e82
TRACE 293 A8_OUTPUT 2628 -7
TRACE 293 BF16_OUTPUT 2628 be97
TRACE 293 A8_OUTPUT 2629 -1
TRACE 293 BF16_OUTPUT 2629 bd05
TRACE 293 A8_OUTPUT 2630 18
TRACE 293 BF16_OUTPUT 2630 3f3d
TRACE 293 A8_OUTPUT 2631 -4
TRACE 293 BF16_OUTPUT 2631 be20
TRACE 293 A8_OUTPUT 2632 14
TRACE 293 BF16_OUTPUT 2632 3f14
TRACE 293 A8_OUTPUT 2633 -8
TRACE 293 BF16_OUTPUT 2633 bea5
TRACE 293 A8_OUTPUT 2634 7
TRACE 293 BF16_OUTPUT 2634 3e8e
TRACE 293 A8_OUTPUT 2635 -2
TRACE 293 BF16_OUTPUT 2635 bd8a
TRACE 293 A8_OUTPUT 2636 13
TRACE 293 BF16_OUTPUT 2636 3f08
TRACE 293 A8_OUTPUT 2637 -5
TRACE 293 BF16_OUTPUT 2637 be3f
TRACE 293 A8_OUTPUT 2638 -2
TRACE 293 BF16_OUTPUT 2638 bd88
TRACE 293 A8_OUTPUT 2639 13
TRACE 293 BF16_OUTPUT 2639 3f05
TRACE 293 A8_OUTPUT 2640 -9
TRACE 293 BF16_OUTPUT 2640 bec1
TRACE 293 A8_OUTPUT 2641 -7
TRACE 293 BF16_OUTPUT 2641 be8f
TRACE 293 A8_OUTPUT 2642 13
TRACE 293 BF16_OUTPUT 2642 3f03
TRACE 293 A8_OUTPUT 2643 4
TRACE 293 BF16_OUTPUT 2643 3e32
TRACE 293 A8_OUTPUT 2644 1
TRACE 293 BF16_OUTPUT 2644 3d1f
TRACE 293 A8_OUTPUT 2645 -22
TRACE 293 BF16_OUTPUT 2645 bf69
TRACE 293 A8_OUTPUT 2646 18
TRACE 293 BF16_OUTPUT 2646 3f3d
TRACE 293 A8_OUTPUT 2647 22
TRACE 293 BF16_OUTPUT 2647 3f68
TRACE 293 A8_OUTPUT 2648 16
TRACE 293 BF16_OUTPUT 2648 3f24
TRACE 293 A8_OUTPUT 2649 2
TRACE 293 BF16_OUTPUT 2649 3da3
TRACE 293 A8_OUTPUT 2650 -18
TRACE 293 BF16_OUTPUT 2650 bf3e
TRACE 293 A8_OUTPUT 2651 -3
TRACE 293 BF16_OUTPUT 2651 be08
TRACE 293 A8_OUTPUT 2652 24
TRACE 293 BF16_OUTPUT 2652 3f78
TRACE 293 A8_OUTPUT 2653 29
TRACE 293 BF16_OUTPUT 2653 3f97
TRACE 293 A8_OUTPUT 2654 2
TRACE 293 BF16_OUTPUT 2654 3dba
TRACE 293 A8_OUTPUT 2655 5
TRACE 293 BF16_OUTPUT 2655 3e59
TRACE 293 A8_OUTPUT 2656 39
TRACE 293 BF16_OUTPUT 2656 3fcc
TRACE 293 A8_OUTPUT 2657 22
TRACE 293 BF16_OUTPUT 2657 3f69
TRACE 293 A8_OUTPUT 2658 -7
TRACE 293 BF16_OUTPUT 2658 be88
TRACE 293 A8_OUTPUT 2659 -7
TRACE 293 BF16_OUTPUT 2659 be9b
TRACE 293 A8_OUTPUT 2660 -18
TRACE 293 BF16_OUTPUT 2660 bf39
TRACE 293 A8_OUTPUT 2661 -21
TRACE 293 BF16_OUTPUT 2661 bf57
TRACE 293 A8_OUTPUT 2662 27
TRACE 293 BF16_OUTPUT 2662 3f8b
TRACE 293 A8_OUTPUT 2663 -9
TRACE 293 BF16_OUTPUT 2663 beb8
TRACE 293 A8_OUTPUT 2664 11
TRACE 293 BF16_OUTPUT 2664 3ee9
TRACE 293 A8_OUTPUT 2665 9
TRACE 293 BF16_OUTPUT 2665 3ec2
TRACE 293 A8_OUTPUT 2666 21
TRACE 293 BF16_OUTPUT 2666 3f57
TRACE 293 A8_OUTPUT 2667 -40
TRACE 293 BF16_OUTPUT 2667 bfce
TRACE 293 A8_OUTPUT 2668 0
TRACE 293 BF16_OUTPUT 2668 bb14
TRACE 293 A8_OUTPUT 2669 -55
TRACE 293 BF16_OUTPUT 2669 c00e
TRACE 293 A8_OUTPUT 2670 -9
TRACE 293 BF16_OUTPUT 2670 beb8
TRACE 293 A8_OUTPUT 2671 -42
TRACE 293 BF16_OUTPUT 2671 bfda
TRACE 293 A8_OUTPUT 2672 26
TRACE 293 BF16_OUTPUT 2672 3f86
TRACE 293 A8_OUTPUT 2673 -22
TRACE 293 BF16_OUTPUT 2673 bf63
TRACE 293 A8_OUTPUT 2674 -16
TRACE 293 BF16_OUTPUT 2674 bf2a
TRACE 293 A8_OUTPUT 2675 26
TRACE 293 BF16_OUTPUT 2675 3f86
TRACE 293 A8_OUTPUT 2676 -45
TRACE 293 BF16_OUTPUT 2676 bfec
TRACE 293 A8_OUTPUT 2677 29
TRACE 293 BF16_OUTPUT 2677 3f94
TRACE 293 A8_OUTPUT 2678 -13
TRACE 293 BF16_OUTPUT 2678 bf03
TRACE 293 A8_OUTPUT 2679 -44
TRACE 293 BF16_OUTPUT 2679 bfe4
TRACE 293 A8_OUTPUT 2680 -3
TRACE 293 BF16_OUTPUT 2680 bde1
TRACE 293 A8_OUTPUT 2681 25
TRACE 293 BF16_OUTPUT 2681 3f83
TRACE 293 A8_OUTPUT 2682 17
TRACE 293 BF16_OUTPUT 2682 3f30
TRACE 293 A8_OUTPUT 2683 22
TRACE 293 BF16_OUTPUT 2683 3f63
TRACE 293 A8_OUTPUT 2684 -16
TRACE 293 BF16_OUTPUT 2684 bf27
TRACE 293 A8_OUTPUT 2685 31
TRACE 293 BF16_OUTPUT 2685 3fa0
TRACE 293 A8_OUTPUT 2686 -7
TRACE 293 BF16_OUTPUT 2686 be98
TRACE 293 A8_OUTPUT 2687 -14
TRACE 293 BF16_OUTPUT 2687 bf15
TRACE 294 INPUT_ACCEPT 42 0
TRACE 295 BF16_GROUP_ISSUE 42 0
TRACE 296 BF16_GROUP_ISSUE 42 1
TRACE 296 BF16_VALUE 2688 beb2
TRACE 296 BF16_VALUE 2689 3ea9
TRACE 296 BF16_VALUE 2690 beff
TRACE 296 BF16_VALUE 2691 be80
TRACE 296 BF16_VALUE 2692 3e40
TRACE 296 BF16_VALUE 2693 bb8b
TRACE 296 BF16_VALUE 2694 3e37
TRACE 296 BF16_VALUE 2695 bf7e
TRACE 296 BF16_VALUE 2696 be10
TRACE 296 BF16_VALUE 2697 bf55
TRACE 296 BF16_VALUE 2698 be57
TRACE 296 BF16_VALUE 2699 3f01
TRACE 296 BF16_VALUE 2700 bf1b
TRACE 296 BF16_VALUE 2701 3f7f
TRACE 296 BF16_VALUE 2702 3f2d
TRACE 296 BF16_VALUE 2703 bbba
TRACE 297 BF16_GROUP_ISSUE 42 2
TRACE 297 BF16_VALUE 2704 beee
TRACE 297 BF16_VALUE 2705 bf61
TRACE 297 BF16_VALUE 2706 3f9a
TRACE 297 BF16_VALUE 2707 3ed6
TRACE 297 BF16_VALUE 2708 bee8
TRACE 297 BF16_VALUE 2709 3f14
TRACE 297 BF16_VALUE 2710 3ec3
TRACE 297 BF16_VALUE 2711 3ec0
TRACE 297 BF16_VALUE 2712 be37
TRACE 297 BF16_VALUE 2713 3ea8
TRACE 297 BF16_VALUE 2714 3e5b
TRACE 297 BF16_VALUE 2715 bf2c
TRACE 297 BF16_VALUE 2716 3dc0
TRACE 297 BF16_VALUE 2717 bf17
TRACE 297 BF16_VALUE 2718 3f8b
TRACE 297 BF16_VALUE 2719 3ec1
TRACE 298 BF16_GROUP_ISSUE 42 3
TRACE 298 BF16_VALUE 2720 3f7b
TRACE 298 BF16_VALUE 2721 be49
TRACE 298 BF16_VALUE 2722 bf6c
TRACE 298 BF16_VALUE 2723 beee
TRACE 298 BF16_VALUE 2724 3e14
TRACE 298 BF16_VALUE 2725 c00c
TRACE 298 BF16_VALUE 2726 3fa6
TRACE 298 BF16_VALUE 2727 3f44
TRACE 298 BF16_VALUE 2728 3e49
TRACE 298 BF16_VALUE 2729 3e3e
TRACE 298 BF16_VALUE 2730 be9a
TRACE 298 BF16_VALUE 2731 3f27
TRACE 298 BF16_VALUE 2732 3e99
TRACE 298 BF16_VALUE 2733 be7d
TRACE 298 BF16_VALUE 2734 4011
TRACE 298 BF16_VALUE 2735 c043
TRACE 299 BF16_VALUE 2736 4046
TRACE 299 BF16_VALUE 2737 c036
TRACE 299 BF16_VALUE 2738 4003
TRACE 299 BF16_VALUE 2739 3fae
TRACE 299 BF16_VALUE 2740 3f51
TRACE 299 BF16_VALUE 2741 bf84
TRACE 299 BF16_VALUE 2742 bff1
TRACE 299 BF16_VALUE 2743 bf2e
TRACE 299 BF16_VALUE 2744 bfd3
TRACE 299 BF16_VALUE 2745 beb1
TRACE 299 BF16_VALUE 2746 3f83
TRACE 299 BF16_VALUE 2747 3e8f
TRACE 299 BF16_VALUE 2748 3f2c
TRACE 299 BF16_VALUE 2749 3f9f
TRACE 299 BF16_VALUE 2750 bd49
TRACE 299 BF16_VALUE 2751 3e70
TRACE 300 A8_OUTPUT 2688 -9
TRACE 300 BF16_OUTPUT 2688 beb2
TRACE 300 A8_OUTPUT 2689 8
TRACE 300 BF16_OUTPUT 2689 3ea9
TRACE 300 A8_OUTPUT 2690 -12
TRACE 300 BF16_OUTPUT 2690 beff
TRACE 300 A8_OUTPUT 2691 -6
TRACE 300 BF16_OUTPUT 2691 be80
TRACE 300 A8_OUTPUT 2692 5
TRACE 300 BF16_OUTPUT 2692 3e40
TRACE 300 A8_OUTPUT 2693 0
TRACE 300 BF16_OUTPUT 2693 bb8b
TRACE 300 A8_OUTPUT 2694 4
TRACE 300 BF16_OUTPUT 2694 3e37
TRACE 300 A8_OUTPUT 2695 -24
TRACE 300 BF16_OUTPUT 2695 bf7e
TRACE 300 A8_OUTPUT 2696 -3
TRACE 300 BF16_OUTPUT 2696 be10
TRACE 300 A8_OUTPUT 2697 -20
TRACE 300 BF16_OUTPUT 2697 bf55
TRACE 300 A8_OUTPUT 2698 -5
TRACE 300 BF16_OUTPUT 2698 be57
TRACE 300 A8_OUTPUT 2699 12
TRACE 300 BF16_OUTPUT 2699 3f01
TRACE 300 A8_OUTPUT 2700 -15
TRACE 300 BF16_OUTPUT 2700 bf1b
TRACE 300 A8_OUTPUT 2701 25
TRACE 300 BF16_OUTPUT 2701 3f7f
TRACE 300 A8_OUTPUT 2702 17
TRACE 300 BF16_OUTPUT 2702 3f2d
TRACE 300 A8_OUTPUT 2703 0
TRACE 300 BF16_OUTPUT 2703 bbba
TRACE 300 A8_OUTPUT 2704 -11
TRACE 300 BF16_OUTPUT 2704 beee
TRACE 300 A8_OUTPUT 2705 -22
TRACE 300 BF16_OUTPUT 2705 bf61
TRACE 300 A8_OUTPUT 2706 30
TRACE 300 BF16_OUTPUT 2706 3f9a
TRACE 300 A8_OUTPUT 2707 10
TRACE 300 BF16_OUTPUT 2707 3ed6
TRACE 300 A8_OUTPUT 2708 -11
TRACE 300 BF16_OUTPUT 2708 bee8
TRACE 300 A8_OUTPUT 2709 14
TRACE 300 BF16_OUTPUT 2709 3f14
TRACE 300 A8_OUTPUT 2710 9
TRACE 300 BF16_OUTPUT 2710 3ec3
TRACE 300 A8_OUTPUT 2711 9
TRACE 300 BF16_OUTPUT 2711 3ec0
TRACE 300 A8_OUTPUT 2712 -4
TRACE 300 BF16_OUTPUT 2712 be37
TRACE 300 A8_OUTPUT 2713 8
TRACE 300 BF16_OUTPUT 2713 3ea8
TRACE 300 A8_OUTPUT 2714 5
TRACE 300 BF16_OUTPUT 2714 3e5b
TRACE 300 A8_OUTPUT 2715 -17
TRACE 300 BF16_OUTPUT 2715 bf2c
TRACE 300 A8_OUTPUT 2716 2
TRACE 300 BF16_OUTPUT 2716 3dc0
TRACE 300 A8_OUTPUT 2717 -15
TRACE 300 BF16_OUTPUT 2717 bf17
TRACE 300 A8_OUTPUT 2718 27
TRACE 300 BF16_OUTPUT 2718 3f8b
TRACE 300 A8_OUTPUT 2719 9
TRACE 300 BF16_OUTPUT 2719 3ec1
TRACE 300 A8_OUTPUT 2720 24
TRACE 300 BF16_OUTPUT 2720 3f7b
TRACE 300 A8_OUTPUT 2721 -5
TRACE 300 BF16_OUTPUT 2721 be49
TRACE 300 A8_OUTPUT 2722 -23
TRACE 300 BF16_OUTPUT 2722 bf6c
TRACE 300 A8_OUTPUT 2723 -11
TRACE 300 BF16_OUTPUT 2723 beee
TRACE 300 A8_OUTPUT 2724 4
TRACE 300 BF16_OUTPUT 2724 3e14
TRACE 300 A8_OUTPUT 2725 -54
TRACE 300 BF16_OUTPUT 2725 c00c
TRACE 300 A8_OUTPUT 2726 32
TRACE 300 BF16_OUTPUT 2726 3fa6
TRACE 300 A8_OUTPUT 2727 19
TRACE 300 BF16_OUTPUT 2727 3f44
TRACE 300 A8_OUTPUT 2728 5
TRACE 300 BF16_OUTPUT 2728 3e49
TRACE 300 A8_OUTPUT 2729 5
TRACE 300 BF16_OUTPUT 2729 3e3e
TRACE 300 A8_OUTPUT 2730 -7
TRACE 300 BF16_OUTPUT 2730 be9a
TRACE 300 A8_OUTPUT 2731 16
TRACE 300 BF16_OUTPUT 2731 3f27
TRACE 300 A8_OUTPUT 2732 7
TRACE 300 BF16_OUTPUT 2732 3e99
TRACE 300 A8_OUTPUT 2733 -6
TRACE 300 BF16_OUTPUT 2733 be7d
TRACE 300 A8_OUTPUT 2734 56
TRACE 300 BF16_OUTPUT 2734 4011
TRACE 300 A8_OUTPUT 2735 -75
TRACE 300 BF16_OUTPUT 2735 c043
TRACE 300 A8_OUTPUT 2736 76
TRACE 300 BF16_OUTPUT 2736 4046
TRACE 300 A8_OUTPUT 2737 -70
TRACE 300 BF16_OUTPUT 2737 c036
TRACE 300 A8_OUTPUT 2738 51
TRACE 300 BF16_OUTPUT 2738 4003
TRACE 300 A8_OUTPUT 2739 34
TRACE 300 BF16_OUTPUT 2739 3fae
TRACE 300 A8_OUTPUT 2740 20
TRACE 300 BF16_OUTPUT 2740 3f51
TRACE 300 A8_OUTPUT 2741 -25
TRACE 300 BF16_OUTPUT 2741 bf84
TRACE 300 A8_OUTPUT 2742 -46
TRACE 300 BF16_OUTPUT 2742 bff1
TRACE 300 A8_OUTPUT 2743 -17
TRACE 300 BF16_OUTPUT 2743 bf2e
TRACE 300 A8_OUTPUT 2744 -41
TRACE 300 BF16_OUTPUT 2744 bfd3
TRACE 300 A8_OUTPUT 2745 -9
TRACE 300 BF16_OUTPUT 2745 beb1
TRACE 300 A8_OUTPUT 2746 25
TRACE 300 BF16_OUTPUT 2746 3f83
TRACE 300 A8_OUTPUT 2747 7
TRACE 300 BF16_OUTPUT 2747 3e8f
TRACE 300 A8_OUTPUT 2748 17
TRACE 300 BF16_OUTPUT 2748 3f2c
TRACE 300 A8_OUTPUT 2749 31
TRACE 300 BF16_OUTPUT 2749 3f9f
TRACE 300 A8_OUTPUT 2750 -1
TRACE 300 BF16_OUTPUT 2750 bd49
TRACE 300 A8_OUTPUT 2751 6
TRACE 300 BF16_OUTPUT 2751 3e70
TRACE 301 INPUT_ACCEPT 43 0
TRACE 302 BF16_GROUP_ISSUE 43 0
TRACE 303 BF16_GROUP_ISSUE 43 1
TRACE 303 BF16_VALUE 2752 3e2d
TRACE 303 BF16_VALUE 2753 3f06
TRACE 303 BF16_VALUE 2754 bf61
TRACE 303 BF16_VALUE 2755 bf3c
TRACE 303 BF16_VALUE 2756 bf07
TRACE 303 BF16_VALUE 2757 3dba
TRACE 303 BF16_VALUE 2758 3f8e
TRACE 303 BF16_VALUE 2759 bec4
TRACE 303 BF16_VALUE 2760 bf1c
TRACE 303 BF16_VALUE 2761 bda1
TRACE 303 BF16_VALUE 2762 3f11
TRACE 303 BF16_VALUE 2763 be8d
TRACE 303 BF16_VALUE 2764 3f29
TRACE 303 BF16_VALUE 2765 beb8
TRACE 303 BF16_VALUE 2766 3d9f
TRACE 303 BF16_VALUE 2767 bec5
TRACE 304 BF16_GROUP_ISSUE 43 2
TRACE 304 BF16_VALUE 2768 bf33
TRACE 304 BF16_VALUE 2769 3e69
TRACE 304 BF16_VALUE 2770 be1c
TRACE 304 BF16_VALUE 2771 3e92
TRACE 304 BF16_VALUE 2772 bdf7
TRACE 304 BF16_VALUE 2773 beb4
TRACE 304 BF16_VALUE 2774 bf23
TRACE 304 BF16_VALUE 2775 3e21
TRACE 304 BF16_VALUE 2776 be7b
TRACE 304 BF16_VALUE 2777 3f4d
TRACE 304 BF16_VALUE 2778 3dc2
TRACE 304 BF16_VALUE 2779 3f16
TRACE 304 BF16_VALUE 2780 be83
TRACE 304 BF16_VALUE 2781 3ea1
TRACE 304 BF16_VALUE 2782 beb4
TRACE 304 BF16_VALUE 2783 3e97
TRACE 305 BF16_GROUP_ISSUE 43 3
TRACE 305 BF16_VALUE 2784 be73
TRACE 305 BF16_VALUE 2785 3f64
TRACE 305 BF16_VALUE 2786 be98
TRACE 305 BF16_VALUE 2787 3f17
TRACE 305 BF16_VALUE 2788 bf27
TRACE 305 BF16_VALUE 2789 3dbc
TRACE 305 BF16_VALUE 2790 3e4f
TRACE 305 BF16_VALUE 2791 3f1e
TRACE 305 BF16_VALUE 2792 3ee4
TRACE 305 BF16_VALUE 2793 be15
TRACE 305 BF16_VALUE 2794 bfa8
TRACE 305 BF16_VALUE 2795 bf64
TRACE 305 BF16_VALUE 2796 c025
TRACE 305 BF16_VALUE 2797 bf35
TRACE 305 BF16_VALUE 2798 3e0d
TRACE 305 BF16_VALUE 2799 bf95
TRACE 306 BF16_VALUE 2800 3e10
TRACE 306 BF16_VALUE 2801 bf30
TRACE 306 BF16_VALUE 2802 bf73
TRACE 306 BF16_VALUE 2803 c062
TRACE 306 BF16_VALUE 2804 bf74
TRACE 306 BF16_VALUE 2805 3ef9
TRACE 306 BF16_VALUE 2806 3f40
TRACE 306 BF16_VALUE 2807 3e99
TRACE 306 BF16_VALUE 2808 be2d
TRACE 306 BF16_VALUE 2809 bf00
TRACE 306 BF16_VALUE 2810 bf32
TRACE 306 BF16_VALUE 2811 3d1f
TRACE 306 BF16_VALUE 2812 3f12
TRACE 306 BF16_VALUE 2813 3f0d
TRACE 306 BF16_VALUE 2814 bea7
TRACE 306 BF16_VALUE 2815 be3c
TRACE 307 A8_OUTPUT 2752 4
TRACE 307 BF16_OUTPUT 2752 3e2d
TRACE 307 A8_OUTPUT 2753 13
TRACE 307 BF16_OUTPUT 2753 3f06
TRACE 307 A8_OUTPUT 2754 -22
TRACE 307 BF16_OUTPUT 2754 bf61
TRACE 307 A8_OUTPUT 2755 -18
TRACE 307 BF16_OUTPUT 2755 bf3c
TRACE 307 A8_OUTPUT 2756 -13
TRACE 307 BF16_OUTPUT 2756 bf07
TRACE 307 A8_OUTPUT 2757 2
TRACE 307 BF16_OUTPUT 2757 3dba
TRACE 307 A8_OUTPUT 2758 27
TRACE 307 BF16_OUTPUT 2758 3f8e
TRACE 307 A8_OUTPUT 2759 -9
TRACE 307 BF16_OUTPUT 2759 bec4
TRACE 307 A8_OUTPUT 2760 -15
TRACE 307 BF16_OUTPUT 2760 bf1c
TRACE 307 A8_OUTPUT 2761 -2
TRACE 307 BF16_OUTPUT 2761 bda1
TRACE 307 A8_OUTPUT 2762 14
TRACE 307 BF16_OUTPUT 2762 3f11
TRACE 307 A8_OUTPUT 2763 -7
TRACE 307 BF16_OUTPUT 2763 be8d
TRACE 307 A8_OUTPUT 2764 16
TRACE 307 BF16_OUTPUT 2764 3f29
TRACE 307 A8_OUTPUT 2765 -9
TRACE 307 BF16_OUTPUT 2765 beb8
TRACE 307 A8_OUTPUT 2766 2
TRACE 307 BF16_OUTPUT 2766 3d9f
TRACE 307 A8_OUTPUT 2767 -9
TRACE 307 BF16_OUTPUT 2767 bec5
TRACE 307 A8_OUTPUT 2768 -17
TRACE 307 BF16_OUTPUT 2768 bf33
TRACE 307 A8_OUTPUT 2769 6
TRACE 307 BF16_OUTPUT 2769 3e69
TRACE 307 A8_OUTPUT 2770 -4
TRACE 307 BF16_OUTPUT 2770 be1c
TRACE 307 A8_OUTPUT 2771 7
TRACE 307 BF16_OUTPUT 2771 3e92
TRACE 307 A8_OUTPUT 2772 -3
TRACE 307 BF16_OUTPUT 2772 bdf7
TRACE 307 A8_OUTPUT 2773 -9
TRACE 307 BF16_OUTPUT 2773 beb4
TRACE 307 A8_OUTPUT 2774 -16
TRACE 307 BF16_OUTPUT 2774 bf23
TRACE 307 A8_OUTPUT 2775 4
TRACE 307 BF16_OUTPUT 2775 3e21
TRACE 307 A8_OUTPUT 2776 -6
TRACE 307 BF16_OUTPUT 2776 be7b
TRACE 307 A8_OUTPUT 2777 20
TRACE 307 BF16_OUTPUT 2777 3f4d
TRACE 307 A8_OUTPUT 2778 2
TRACE 307 BF16_OUTPUT 2778 3dc2
TRACE 307 A8_OUTPUT 2779 14
TRACE 307 BF16_OUTPUT 2779 3f16
TRACE 307 A8_OUTPUT 2780 -6
TRACE 307 BF16_OUTPUT 2780 be83
TRACE 307 A8_OUTPUT 2781 8
TRACE 307 BF16_OUTPUT 2781 3ea1
TRACE 307 A8_OUTPUT 2782 -9
TRACE 307 BF16_OUTPUT 2782 beb4
TRACE 307 A8_OUTPUT 2783 7
TRACE 307 BF16_OUTPUT 2783 3e97
TRACE 307 A8_OUTPUT 2784 -6
TRACE 307 BF16_OUTPUT 2784 be73
TRACE 307 A8_OUTPUT 2785 22
TRACE 307 BF16_OUTPUT 2785 3f64
TRACE 307 A8_OUTPUT 2786 -7
TRACE 307 BF16_OUTPUT 2786 be98
TRACE 307 A8_OUTPUT 2787 15
TRACE 307 BF16_OUTPUT 2787 3f17
TRACE 307 A8_OUTPUT 2788 -16
TRACE 307 BF16_OUTPUT 2788 bf27
TRACE 307 A8_OUTPUT 2789 2
TRACE 307 BF16_OUTPUT 2789 3dbc
TRACE 307 A8_OUTPUT 2790 5
TRACE 307 BF16_OUTPUT 2790 3e4f
TRACE 307 A8_OUTPUT 2791 15
TRACE 307 BF16_OUTPUT 2791 3f1e
TRACE 307 A8_OUTPUT 2792 11
TRACE 307 BF16_OUTPUT 2792 3ee4
TRACE 307 A8_OUTPUT 2793 -4
TRACE 307 BF16_OUTPUT 2793 be15
TRACE 307 A8_OUTPUT 2794 -32
TRACE 307 BF16_OUTPUT 2794 bfa8
TRACE 307 A8_OUTPUT 2795 -22
TRACE 307 BF16_OUTPUT 2795 bf64
TRACE 307 A8_OUTPUT 2796 -63
TRACE 307 BF16_OUTPUT 2796 c025
TRACE 307 A8_OUTPUT 2797 -17
TRACE 307 BF16_OUTPUT 2797 bf35
TRACE 307 A8_OUTPUT 2798 3
TRACE 307 BF16_OUTPUT 2798 3e0d
TRACE 307 A8_OUTPUT 2799 -29
TRACE 307 BF16_OUTPUT 2799 bf95
TRACE 307 A8_OUTPUT 2800 3
TRACE 307 BF16_OUTPUT 2800 3e10
TRACE 307 A8_OUTPUT 2801 -17
TRACE 307 BF16_OUTPUT 2801 bf30
TRACE 307 A8_OUTPUT 2802 -23
TRACE 307 BF16_OUTPUT 2802 bf73
TRACE 307 A8_OUTPUT 2803 -87
TRACE 307 BF16_OUTPUT 2803 c062
TRACE 307 A8_OUTPUT 2804 -23
TRACE 307 BF16_OUTPUT 2804 bf74
TRACE 307 A8_OUTPUT 2805 12
TRACE 307 BF16_OUTPUT 2805 3ef9
TRACE 307 A8_OUTPUT 2806 18
TRACE 307 BF16_OUTPUT 2806 3f40
TRACE 307 A8_OUTPUT 2807 7
TRACE 307 BF16_OUTPUT 2807 3e99
TRACE 307 A8_OUTPUT 2808 -4
TRACE 307 BF16_OUTPUT 2808 be2d
TRACE 307 A8_OUTPUT 2809 -12
TRACE 307 BF16_OUTPUT 2809 bf00
TRACE 307 A8_OUTPUT 2810 -17
TRACE 307 BF16_OUTPUT 2810 bf32
TRACE 307 A8_OUTPUT 2811 1
TRACE 307 BF16_OUTPUT 2811 3d1f
TRACE 307 A8_OUTPUT 2812 14
TRACE 307 BF16_OUTPUT 2812 3f12
TRACE 307 A8_OUTPUT 2813 14
TRACE 307 BF16_OUTPUT 2813 3f0d
TRACE 307 A8_OUTPUT 2814 -8
TRACE 307 BF16_OUTPUT 2814 bea7
TRACE 307 A8_OUTPUT 2815 -5
TRACE 307 BF16_OUTPUT 2815 be3c
TRACE 308 INPUT_ACCEPT 44 0
TRACE 309 BF16_GROUP_ISSUE 44 0
TRACE 310 BF16_GROUP_ISSUE 44 1
TRACE 310 BF16_VALUE 2816 3fdc
TRACE 310 BF16_VALUE 2817 3ef3
TRACE 310 BF16_VALUE 2818 3eba
TRACE 310 BF16_VALUE 2819 be31
TRACE 310 BF16_VALUE 2820 bfe0
TRACE 310 BF16_VALUE 2821 bf83
TRACE 310 BF16_VALUE 2822 bf8e
TRACE 310 BF16_VALUE 2823 bf90
TRACE 310 BF16_VALUE 2824 3f0b
TRACE 310 BF16_VALUE 2825 3ea9
TRACE 310 BF16_VALUE 2826 3ee2
TRACE 310 BF16_VALUE 2827 bfb5
TRACE 310 BF16_VALUE 2828 bd7c
TRACE 310 BF16_VALUE 2829 3fa9
TRACE 310 BF16_VALUE 2830 be34
TRACE 310 BF16_VALUE 2831 3e6c
TRACE 311 BF16_GROUP_ISSUE 44 2
TRACE 311 BF16_VALUE 2832 bcae
TRACE 311 BF16_VALUE 2833 3e9e
TRACE 311 BF16_VALUE 2834 3dfa
TRACE 311 BF16_VALUE 2835 3e84
TRACE 311 BF16_VALUE 2836 3f1e
TRACE 311 BF16_VALUE 2837 be33
TRACE 311 BF16_VALUE 2838 bd13
TRACE 311 BF16_VALUE 2839 3e33
TRACE 311 BF16_VALUE 2840 bf50
TRACE 311 BF16_VALUE 2841 bdaf
TRACE 311 BF16_VALUE 2842 bf03
TRACE 311 BF16_VALUE 2843 3e9c
TRACE 311 BF16_VALUE 2844 bf3a
TRACE 311 BF16_VALUE 2845 3dbb
TRACE 311 BF16_VALUE 2846 3edd
TRACE 311 BF16_VALUE 2847 3c38
TRACE 312 BF16_GROUP_ISSUE 44 3
TRACE 312 BF16_VALUE 2848 3ebb
TRACE 312 BF16_VALUE 2849 be9f
TRACE 312 BF16_VALUE 2850 3ec4
TRACE 312 BF16_VALUE 2851 3eb3
TRACE 312 BF16_VALUE 2852 bef1
TRACE 312 BF16_VALUE 2853 bdf6
TRACE 312 BF16_VALUE 2854 3f3a
TRACE 312 BF16_VALUE 2855 bf19
TRACE 312 BF16_VALUE 2856 3f2c
TRACE 312 BF16_VALUE 2857 bd7d
TRACE 312 BF16_VALUE 2858 3f58
TRACE 312 BF16_VALUE 2859 3f92
TRACE 312 BF16_VALUE 2860 bf8b
TRACE 312 BF16_VALUE 2861 bf9e
TRACE 312 BF16_VALUE 2862 bf6b
TRACE 312 BF16_VALUE 2863 bf30
TRACE 313 BF16_VALUE 2864 be5b
TRACE 313 BF16_VALUE 2865 3fa3
TRACE 313 BF16_VALUE 2866 3e59
TRACE 313 BF16_VALUE 2867 3f60
TRACE 313 BF16_VALUE 2868 3e84
TRACE 313 BF16_VALUE 2869 bfa4
TRACE 313 BF16_VALUE 2870 3f3f
TRACE 313 BF16_VALUE 2871 bdfa
TRACE 313 BF16_VALUE 2872 3fbc
TRACE 313 BF16_VALUE 2873 3d84
TRACE 313 BF16_VALUE 2874 3f12
TRACE 313 BF16_VALUE 2875 3df0
TRACE 313 BF16_VALUE 2876 3e92
TRACE 313 BF16_VALUE 2877 3f4b
TRACE 313 BF16_VALUE 2878 bf36
TRACE 313 BF16_VALUE 2879 bd61
TRACE 314 A8_OUTPUT 2816 42
TRACE 314 BF16_OUTPUT 2816 3fdc
TRACE 314 A8_OUTPUT 2817 12
TRACE 314 BF16_OUTPUT 2817 3ef3
TRACE 314 A8_OUTPUT 2818 9
TRACE 314 BF16_OUTPUT 2818 3eba
TRACE 314 A8_OUTPUT 2819 -4
TRACE 314 BF16_OUTPUT 2819 be31
TRACE 314 A8_OUTPUT 2820 -43
TRACE 314 BF16_OUTPUT 2820 bfe0
TRACE 314 A8_OUTPUT 2821 -25
TRACE 314 BF16_OUTPUT 2821 bf83
TRACE 314 A8_OUTPUT 2822 -27
TRACE 314 BF16_OUTPUT 2822 bf8e
TRACE 314 A8_OUTPUT 2823 -28
TRACE 314 BF16_OUTPUT 2823 bf90
TRACE 314 A8_OUTPUT 2824 13
TRACE 314 BF16_OUTPUT 2824 3f0b
TRACE 314 A8_OUTPUT 2825 8
TRACE 314 BF16_OUTPUT 2825 3ea9
TRACE 314 A8_OUTPUT 2826 11
TRACE 314 BF16_OUTPUT 2826 3ee2
TRACE 314 A8_OUTPUT 2827 -35
TRACE 314 BF16_OUTPUT 2827 bfb5
TRACE 314 A8_OUTPUT 2828 -2
TRACE 314 BF16_OUTPUT 2828 bd7c
TRACE 314 A8_OUTPUT 2829 33
TRACE 314 BF16_OUTPUT 2829 3fa9
TRACE 314 A8_OUTPUT 2830 -4
TRACE 314 BF16_OUTPUT 2830 be34
TRACE 314 A8_OUTPUT 2831 6
TRACE 314 BF16_OUTPUT 2831 3e6c
TRACE 314 A8_OUTPUT 2832 -1
TRACE 314 BF16_OUTPUT 2832 bcae
TRACE 314 A8_OUTPUT 2833 8
TRACE 314 BF16_OUTPUT 2833 3e9e
TRACE 314 A8_OUTPUT 2834 3
TRACE 314 BF16_OUTPUT 2834 3dfa
TRACE 314 A8_OUTPUT 2835 6
TRACE 314 BF16_OUTPUT 2835 3e84
TRACE 314 A8_OUTPUT 2836 15
TRACE 314 BF16_OUTPUT 2836 3f1e
TRACE 314 A8_OUTPUT 2837 -4
TRACE 314 BF16_OUTPUT 2837 be33
TRACE 314 A8_OUTPUT 2838 -1
TRACE 314 BF16_OUTPUT 2838 bd13
TRACE 314 A8_OUTPUT 2839 4
TRACE 314 BF16_OUTPUT 2839 3e33
TRACE 314 A8_OUTPUT 2840 -20
TRACE 314 BF16_OUTPUT 2840 bf50
TRACE 314 A8_OUTPUT 2841 -2
TRACE 314 BF16_OUTPUT 2841 bdaf
TRACE 314 A8_OUTPUT 2842 -13
TRACE 314 BF16_OUTPUT 2842 bf03
TRACE 314 A8_OUTPUT 2843 8
TRACE 314 BF16_OUTPUT 2843 3e9c
TRACE 314 A8_OUTPUT 2844 -18
TRACE 314 BF16_OUTPUT 2844 bf3a
TRACE 314 A8_OUTPUT 2845 2
TRACE 314 BF16_OUTPUT 2845 3dbb
TRACE 314 A8_OUTPUT 2846 11
TRACE 314 BF16_OUTPUT 2846 3edd
TRACE 314 A8_OUTPUT 2847 0
TRACE 314 BF16_OUTPUT 2847 3c38
TRACE 314 A8_OUTPUT 2848 9
TRACE 314 BF16_OUTPUT 2848 3ebb
TRACE 314 A8_OUTPUT 2849 -8
TRACE 314 BF16_OUTPUT 2849 be9f
TRACE 314 A8_OUTPUT 2850 9
TRACE 314 BF16_OUTPUT 2850 3ec4
TRACE 314 A8_OUTPUT 2851 9
TRACE 314 BF16_OUTPUT 2851 3eb3
TRACE 314 A8_OUTPUT 2852 -12
TRACE 314 BF16_OUTPUT 2852 bef1
TRACE 314 A8_OUTPUT 2853 -3
TRACE 314 BF16_OUTPUT 2853 bdf6
TRACE 314 A8_OUTPUT 2854 18
TRACE 314 BF16_OUTPUT 2854 3f3a
TRACE 314 A8_OUTPUT 2855 -15
TRACE 314 BF16_OUTPUT 2855 bf19
TRACE 314 A8_OUTPUT 2856 17
TRACE 314 BF16_OUTPUT 2856 3f2c
TRACE 314 A8_OUTPUT 2857 -2
TRACE 314 BF16_OUTPUT 2857 bd7d
TRACE 314 A8_OUTPUT 2858 21
TRACE 314 BF16_OUTPUT 2858 3f58
TRACE 314 A8_OUTPUT 2859 28
TRACE 314 BF16_OUTPUT 2859 3f92
TRACE 314 A8_OUTPUT 2860 -27
TRACE 314 BF16_OUTPUT 2860 bf8b
TRACE 314 A8_OUTPUT 2861 -30
TRACE 314 BF16_OUTPUT 2861 bf9e
TRACE 314 A8_OUTPUT 2862 -23
TRACE 314 BF16_OUTPUT 2862 bf6b
TRACE 314 A8_OUTPUT 2863 -17
TRACE 314 BF16_OUTPUT 2863 bf30
TRACE 314 A8_OUTPUT 2864 -5
TRACE 314 BF16_OUTPUT 2864 be5b
TRACE 314 A8_OUTPUT 2865 31
TRACE 314 BF16_OUTPUT 2865 3fa3
TRACE 314 A8_OUTPUT 2866 5
TRACE 314 BF16_OUTPUT 2866 3e59
TRACE 314 A8_OUTPUT 2867 22
TRACE 314 BF16_OUTPUT 2867 3f60
TRACE 314 A8_OUTPUT 2868 6
TRACE 314 BF16_OUTPUT 2868 3e84
TRACE 314 A8_OUTPUT 2869 -32
TRACE 314 BF16_OUTPUT 2869 bfa4
TRACE 314 A8_OUTPUT 2870 18
TRACE 314 BF16_OUTPUT 2870 3f3f
TRACE 314 A8_OUTPUT 2871 -3
TRACE 314 BF16_OUTPUT 2871 bdfa
TRACE 314 A8_OUTPUT 2872 36
TRACE 314 BF16_OUTPUT 2872 3fbc
TRACE 314 A8_OUTPUT 2873 2
TRACE 314 BF16_OUTPUT 2873 3d84
TRACE 314 A8_OUTPUT 2874 14
TRACE 314 BF16_OUTPUT 2874 3f12
TRACE 314 A8_OUTPUT 2875 3
TRACE 314 BF16_OUTPUT 2875 3df0
TRACE 314 A8_OUTPUT 2876 7
TRACE 314 BF16_OUTPUT 2876 3e92
TRACE 314 A8_OUTPUT 2877 20
TRACE 314 BF16_OUTPUT 2877 3f4b
TRACE 314 A8_OUTPUT 2878 -18
TRACE 314 BF16_OUTPUT 2878 bf36
TRACE 314 A8_OUTPUT 2879 -1
TRACE 314 BF16_OUTPUT 2879 bd61
TRACE 315 INPUT_ACCEPT 45 0
TRACE 316 BF16_GROUP_ISSUE 45 0
TRACE 317 BF16_GROUP_ISSUE 45 1
TRACE 317 BF16_VALUE 2880 bdcf
TRACE 317 BF16_VALUE 2881 3fc8
TRACE 317 BF16_VALUE 2882 3fd1
TRACE 317 BF16_VALUE 2883 bf98
TRACE 317 BF16_VALUE 2884 3f22
TRACE 317 BF16_VALUE 2885 3f8c
TRACE 317 BF16_VALUE 2886 3e84
TRACE 317 BF16_VALUE 2887 3eda
TRACE 317 BF16_VALUE 2888 3f4c
TRACE 317 BF16_VALUE 2889 3fa5
TRACE 317 BF16_VALUE 2890 bdd3
TRACE 317 BF16_VALUE 2891 3e26
TRACE 317 BF16_VALUE 2892 3de4
TRACE 317 BF16_VALUE 2893 be71
TRACE 317 BF16_VALUE 2894 bf56
TRACE 317 BF16_VALUE 2895 bec7
TRACE 318 BF16_GROUP_ISSUE 45 2
TRACE 318 BF16_VALUE 2896 3f46
TRACE 318 BF16_VALUE 2897 3ef2
TRACE 318 BF16_VALUE 2898 bc96
TRACE 318 BF16_VALUE 2899 becb
TRACE 318 BF16_VALUE 2900 3ee1
TRACE 318 BF16_VALUE 2901 3e63
TRACE 318 BF16_VALUE 2902 bed9
TRACE 318 BF16_VALUE 2903 bd2c
TRACE 318 BF16_VALUE 2904 3e84
TRACE 318 BF16_VALUE 2905 be5f
TRACE 318 BF16_VALUE 2906 bec0
TRACE 318 BF16_VALUE 2907 3e95
TRACE 318 BF16_VALUE 2908 3ec3
TRACE 318 BF16_VALUE 2909 3ec6
TRACE 318 BF16_VALUE 2910 3eb4
TRACE 318 BF16_VALUE 2911 3e0b
TRACE 319 BF16_GROUP_ISSUE 45 3
TRACE 319 BF16_VALUE 2912 bdab
TRACE 319 BF16_VALUE 2913 beca
TRACE 319 BF16_VALUE 2914 3ec2
TRACE 319 BF16_VALUE 2915 3e96
TRACE 319 BF16_VALUE 2916 bf0c
TRACE 319 BF16_VALUE 2917 bf53
TRACE 319 BF16_VALUE 2918 3eb6
TRACE 319 BF16_VALUE 2919 bef3
TRACE 319 BF16_VALUE 2920 3e72
TRACE 319 BF16_VALUE 2921 bfa1
TRACE 319 BF16_VALUE 2922 bf74
TRACE 319 BF16_VALUE 2923 3f44
TRACE 319 BF16_VALUE 2924 3f16
TRACE 319 BF16_VALUE 2925 be68
TRACE 319 BF16_VALUE 2926 3f0f
TRACE 319 BF16_VALUE 2927 3f9f
TRACE 320 BF16_VALUE 2928 3f50
TRACE 320 BF16_VALUE 2929 3e9e
TRACE 320 BF16_VALUE 2930 bfa2
TRACE 320 BF16_VALUE 2931 3f2e
TRACE 320 BF16_VALUE 2932 3dfe
TRACE 320 BF16_VALUE 2933 be3c
TRACE 320 BF16_VALUE 2934 bf60
TRACE 320 BF16_VALUE 2935 3d44
TRACE 320 BF16_VALUE 2936 3f0a
TRACE 320 BF16_VALUE 2937 be46
TRACE 320 BF16_VALUE 2938 3e01
TRACE 320 BF16_VALUE 2939 bdcd
TRACE 320 BF16_VALUE 2940 3d2f
TRACE 320 BF16_VALUE 2941 bf35
TRACE 320 BF16_VALUE 2942 bf27
TRACE 320 BF16_VALUE 2943 3d02
TRACE 321 A8_OUTPUT 2880 -2
TRACE 321 BF16_OUTPUT 2880 bdcf
TRACE 321 A8_OUTPUT 2881 39
TRACE 321 BF16_OUTPUT 2881 3fc8
TRACE 321 A8_OUTPUT 2882 40
TRACE 321 BF16_OUTPUT 2882 3fd1
TRACE 321 A8_OUTPUT 2883 -29
TRACE 321 BF16_OUTPUT 2883 bf98
TRACE 321 A8_OUTPUT 2884 16
TRACE 321 BF16_OUTPUT 2884 3f22
TRACE 321 A8_OUTPUT 2885 27
TRACE 321 BF16_OUTPUT 2885 3f8c
TRACE 321 A8_OUTPUT 2886 6
TRACE 321 BF16_OUTPUT 2886 3e84
TRACE 321 A8_OUTPUT 2887 10
TRACE 321 BF16_OUTPUT 2887 3eda
TRACE 321 A8_OUTPUT 2888 20
TRACE 321 BF16_OUTPUT 2888 3f4c
TRACE 321 A8_OUTPUT 2889 32
TRACE 321 BF16_OUTPUT 2889 3fa5
TRACE 321 A8_OUTPUT 2890 -3
TRACE 321 BF16_OUTPUT 2890 bdd3
TRACE 321 A8_OUTPUT 2891 4
TRACE 321 BF16_OUTPUT 2891 3e26
TRACE 321 A8_OUTPUT 2892 3
TRACE 321 BF16_OUTPUT 2892 3de4
TRACE 321 A8_OUTPUT 2893 -6
TRACE 321 BF16_OUTPUT 2893 be71
TRACE 321 A8_OUTPUT 2894 -21
TRACE 321 BF16_OUTPUT 2894 bf56
TRACE 321 A8_OUTPUT 2895 -10
TRACE 321 BF16_OUTPUT 2895 bec7
TRACE 321 A8_OUTPUT 2896 19
TRACE 321 BF16_OUTPUT 2896 3f46
TRACE 321 A8_OUTPUT 2897 12
TRACE 321 BF16_OUTPUT 2897 3ef2
TRACE 321 A8_OUTPUT 2898 0
TRACE 321 BF16_OUTPUT 2898 bc96
TRACE 321 A8_OUTPUT 2899 -10
TRACE 321 BF16_OUTPUT 2899 becb
TRACE 321 A8_OUTPUT 2900 11
TRACE 321 BF16_OUTPUT 2900 3ee1
TRACE 321 A8_OUTPUT 2901 5
TRACE 321 BF16_OUTPUT 2901 3e63
TRACE 321 A8_OUTPUT 2902 -10
TRACE 321 BF16_OUTPUT 2902 bed9
TRACE 321 A8_OUTPUT 2903 -1
TRACE 321 BF16_OUTPUT 2903 bd2c
TRACE 321 A8_OUTPUT 2904 6
TRACE 321 BF16_OUTPUT 2904 3e84
TRACE 321 A8_OUTPUT 2905 -5
TRACE 321 BF16_OUTPUT 2905 be5f
TRACE 321 A8_OUTPUT 2906 -9
TRACE 321 BF16_OUTPUT 2906 bec0
TRACE 321 A8_OUTPUT 2907 7
TRACE 321 BF16_OUTPUT 2907 3e95
TRACE 321 A8_OUTPUT 2908 9
TRACE 321 BF16_OUTPUT 2908 3ec3
TRACE 321 A8_OUTPUT 2909 10
TRACE 321 BF16_OUTPUT 2909 3ec6
TRACE 321 A8_OUTPUT 2910 9
TRACE 321 BF16_OUTPUT 2910 3eb4
TRACE 321 A8_OUTPUT 2911 3
TRACE 321 BF16_OUTPUT 2911 3e0b
TRACE 321 A8_OUTPUT 2912 -2
TRACE 321 BF16_OUTPUT 2912 bdab
TRACE 321 A8_OUTPUT 2913 -10
TRACE 321 BF16_OUTPUT 2913 beca
TRACE 321 A8_OUTPUT 2914 9
TRACE 321 BF16_OUTPUT 2914 3ec2
TRACE 321 A8_OUTPUT 2915 7
TRACE 321 BF16_OUTPUT 2915 3e96
TRACE 321 A8_OUTPUT 2916 -13
TRACE 321 BF16_OUTPUT 2916 bf0c
TRACE 321 A8_OUTPUT 2917 -20
TRACE 321 BF16_OUTPUT 2917 bf53
TRACE 321 A8_OUTPUT 2918 9
TRACE 321 BF16_OUTPUT 2918 3eb6
TRACE 321 A8_OUTPUT 2919 -12
TRACE 321 BF16_OUTPUT 2919 bef3
TRACE 321 A8_OUTPUT 2920 6
TRACE 321 BF16_OUTPUT 2920 3e72
TRACE 321 A8_OUTPUT 2921 -31
TRACE 321 BF16_OUTPUT 2921 bfa1
TRACE 321 A8_OUTPUT 2922 -24
TRACE 321 BF16_OUTPUT 2922 bf74
TRACE 321 A8_OUTPUT 2923 19
TRACE 321 BF16_OUTPUT 2923 3f44
TRACE 321 A8_OUTPUT 2924 14
TRACE 321 BF16_OUTPUT 2924 3f16
TRACE 321 A8_OUTPUT 2925 -6
TRACE 321 BF16_OUTPUT 2925 be68
TRACE 321 A8_OUTPUT 2926 14
TRACE 321 BF16_OUTPUT 2926 3f0f
TRACE 321 A8_OUTPUT 2927 31
TRACE 321 BF16_OUTPUT 2927 3f9f
TRACE 321 A8_OUTPUT 2928 20
TRACE 321 BF16_OUTPUT 2928 3f50
TRACE 321 A8_OUTPUT 2929 8
TRACE 321 BF16_OUTPUT 2929 3e9e
TRACE 321 A8_OUTPUT 2930 -31
TRACE 321 BF16_OUTPUT 2930 bfa2
TRACE 321 A8_OUTPUT 2931 17
TRACE 321 BF16_OUTPUT 2931 3f2e
TRACE 321 A8_OUTPUT 2932 3
TRACE 321 BF16_OUTPUT 2932 3dfe
TRACE 321 A8_OUTPUT 2933 -5
TRACE 321 BF16_OUTPUT 2933 be3c
TRACE 321 A8_OUTPUT 2934 -22
TRACE 321 BF16_OUTPUT 2934 bf60
TRACE 321 A8_OUTPUT 2935 1
TRACE 321 BF16_OUTPUT 2935 3d44
TRACE 321 A8_OUTPUT 2936 13
TRACE 321 BF16_OUTPUT 2936 3f0a
TRACE 321 A8_OUTPUT 2937 -5
TRACE 321 BF16_OUTPUT 2937 be46
TRACE 321 A8_OUTPUT 2938 3
TRACE 321 BF16_OUTPUT 2938 3e01
TRACE 321 A8_OUTPUT 2939 -2
TRACE 321 BF16_OUTPUT 2939 bdcd
TRACE 321 A8_OUTPUT 2940 1
TRACE 321 BF16_OUTPUT 2940 3d2f
TRACE 321 A8_OUTPUT 2941 -17
TRACE 321 BF16_OUTPUT 2941 bf35
TRACE 321 A8_OUTPUT 2942 -16
TRACE 321 BF16_OUTPUT 2942 bf27
TRACE 321 A8_OUTPUT 2943 1
TRACE 321 BF16_OUTPUT 2943 3d02
TRACE 322 INPUT_ACCEPT 46 0
TRACE 323 BF16_GROUP_ISSUE 46 0
TRACE 324 BF16_GROUP_ISSUE 46 1
TRACE 324 BF16_VALUE 2944 3d99
TRACE 324 BF16_VALUE 2945 bd1c
TRACE 324 BF16_VALUE 2946 3f20
TRACE 324 BF16_VALUE 2947 3d8c
TRACE 324 BF16_VALUE 2948 beb8
TRACE 324 BF16_VALUE 2949 bee1
TRACE 324 BF16_VALUE 2950 3edf
TRACE 324 BF16_VALUE 2951 3f10
TRACE 324 BF16_VALUE 2952 3f11
TRACE 324 BF16_VALUE 2953 3f2a
TRACE 324 BF16_VALUE 2954 beea
TRACE 324 BF16_VALUE 2955 3e91
TRACE 324 BF16_VALUE 2956 3e3b
TRACE 324 BF16_VALUE 2957 bf27
TRACE 324 BF16_VALUE 2958 3ecf
TRACE 324 BF16_VALUE 2959 be57
TRACE 325 BF16_GROUP_ISSUE 46 2
TRACE 325 BF16_VALUE 2960 beb9
TRACE 325 BF16_VALUE 2961 3e75
TRACE 325 BF16_VALUE 2962 bf76
TRACE 325 BF16_VALUE 2963 bfa5
TRACE 325 BF16_VALUE 2964 3f0e
TRACE 325 BF16_VALUE 2965 3f09
TRACE 325 BF16_VALUE 2966 3eef
TRACE 325 BF16_VALUE 2967 bcf8
TRACE 325 BF16_VALUE 2968 bf2c
TRACE 325 BF16_VALUE 2969 3e1d
TRACE 325 BF16_VALUE 2970 be5b
TRACE 325 BF16_VALUE 2971 3aff
TRACE 325 BF16_VALUE 2972 be8c
TRACE 325 BF16_VALUE 2973 bd9a
TRACE 325 BF16_VALUE 2974 bf0b
TRACE 325 BF16_VALUE 2975 be97
TRACE 326 BF16_GROUP_ISSUE 46 3
TRACE 326 BF16_VALUE 2976 3dfa
TRACE 326 BF16_VALUE 2977 3e89
TRACE 326 BF16_VALUE 2978 bed5
TRACE 326 BF16_VALUE 2979 bdce
TRACE 326 BF16_VALUE 2980 bea4
TRACE 326 BF16_VALUE 2981 c014
TRACE 326 BF16_VALUE 2982 bed6
TRACE 326 BF16_VALUE 2983 bf4f
TRACE 326 BF16_VALUE 2984 bf43
TRACE 326 BF16_VALUE 2985 3d8c
TRACE 326 BF16_VALUE 2986 bee3
TRACE 326 BF16_VALUE 2987 3e95
TRACE 326 BF16_VALUE 2988 3f44
TRACE 326 BF16_VALUE 2989 3fc9
TRACE 326 BF16_VALUE 2990 bdbb
TRACE 326 BF16_VALUE 2991 bf12
TRACE 327 BF16_VALUE 2992 3eea
TRACE 327 BF16_VALUE 2993 3e52
TRACE 327 BF16_VALUE 2994 3db8
TRACE 327 BF16_VALUE 2995 4067
TRACE 327 BF16_VALUE 2996 bf87
TRACE 327 BF16_VALUE 2997 bdb4
TRACE 327 BF16_VALUE 2998 be13
TRACE 327 BF16_VALUE 2999 3f17
TRACE 327 BF16_VALUE 3000 bf14
TRACE 327 BF16_VALUE 3001 bdb6
TRACE 327 BF16_VALUE 3002 3e18
TRACE 327 BF16_VALUE 3003 3f9c
TRACE 327 BF16_VALUE 3004 3e8c
TRACE 327 BF16_VALUE 3005 be07
TRACE 327 BF16_VALUE 3006 3eb8
TRACE 327 BF16_VALUE 3007 bf34
TRACE 328 A8_OUTPUT 2944 2
TRACE 328 BF16_OUTPUT 2944 3d99
TRACE 328 A8_OUTPUT 2945 -1
TRACE 328 BF16_OUTPUT 2945 bd1c
TRACE 328 A8_OUTPUT 2946 15
TRACE 328 BF16_OUTPUT 2946 3f20
TRACE 328 A8_OUTPUT 2947 2
TRACE 328 BF16_OUTPUT 2947 3d8c
TRACE 328 A8_OUTPUT 2948 -9
TRACE 328 BF16_OUTPUT 2948 beb8
TRACE 328 A8_OUTPUT 2949 -11
TRACE 328 BF16_OUTPUT 2949 bee1
TRACE 328 A8_OUTPUT 2950 11
TRACE 328 BF16_OUTPUT 2950 3edf
TRACE 328 A8_OUTPUT 2951 14
TRACE 328 BF16_OUTPUT 2951 3f10
TRACE 328 A8_OUTPUT 2952 14
TRACE 328 BF16_OUTPUT 2952 3f11
TRACE 328 A8_OUTPUT 2953 16
TRACE 328 BF16_OUTPUT 2953 3f2a
TRACE 328 A8_OUTPUT 2954 -11
TRACE 328 BF16_OUTPUT 2954 beea
TRACE 328 A8_OUTPUT 2955 7
TRACE 328 BF16_OUTPUT 2955 3e91
TRACE 328 A8_OUTPUT 2956 4
TRACE 328 BF16_OUTPUT 2956 3e3b
TRACE 328 A8_OUTPUT 2957 -16
TRACE 328 BF16_OUTPUT 2957 bf27
TRACE 328 A8_OUTPUT 2958 10
TRACE 328 BF16_OUTPUT 2958 3ecf
TRACE 328 A8_OUTPUT 2959 -5
TRACE 328 BF16_OUTPUT 2959 be57
TRACE 328 A8_OUTPUT 2960 -9
TRACE 328 BF16_OUTPUT 2960 beb9
TRACE 328 A8_OUTPUT 2961 6
TRACE 328 BF16_OUTPUT 2961 3e75
TRACE 328 A8_OUTPUT 2962 -24
TRACE 328 BF16_OUTPUT 2962 bf76
TRACE 328 A8_OUTPUT 2963 -32
TRACE 328 BF16_OUTPUT 2963 bfa5
TRACE 328 A8_OUTPUT 2964 14
TRACE 328 BF16_OUTPUT 2964 3f0e
TRACE 328 A8_OUTPUT 2965 13
TRACE 328 BF16_OUTPUT 2965 3f09
TRACE 328 A8_OUTPUT 2966 12
TRACE 328 BF16_OUTPUT 2966 3eef
TRACE 328 A8_OUTPUT 2967 -1
TRACE 328 BF16_OUTPUT 2967 bcf8
TRACE 328 A8_OUTPUT 2968 -17
TRACE 328 BF16_OUTPUT 2968 bf2c
TRACE 328 A8_OUTPUT 2969 4
TRACE 328 BF16_OUTPUT 2969 3e1d
TRACE 328 A8_OUTPUT 2970 -5
TRACE 328 BF16_OUTPUT 2970 be5b
TRACE 328 A8_OUTPUT 2971 0
TRACE 328 BF16_OUTPUT 2971 3aff
TRACE 328 A8_OUTPUT 2972 -7
TRACE 328 BF16_OUTPUT 2972 be8c
TRACE 328 A8_OUTPUT 2973 -2
TRACE 328 BF16_OUTPUT 2973 bd9a
TRACE 328 A8_OUTPUT 2974 -13
TRACE 328 BF16_OUTPUT 2974 bf0b
TRACE 328 A8_OUTPUT 2975 -7
TRACE 328 BF16_OUTPUT 2975 be97
TRACE 328 A8_OUTPUT 2976 3
TRACE 328 BF16_OUTPUT 2976 3dfa
TRACE 328 A8_OUTPUT 2977 7
TRACE 328 BF16_OUTPUT 2977 3e89
TRACE 328 A8_OUTPUT 2978 -10
TRACE 328 BF16_OUTPUT 2978 bed5
TRACE 328 A8_OUTPUT 2979 -2
TRACE 328 BF16_OUTPUT 2979 bdce
TRACE 328 A8_OUTPUT 2980 -8
TRACE 328 BF16_OUTPUT 2980 bea4
TRACE 328 A8_OUTPUT 2981 -57
TRACE 328 BF16_OUTPUT 2981 c014
TRACE 328 A8_OUTPUT 2982 -10
TRACE 328 BF16_OUTPUT 2982 bed6
TRACE 328 A8_OUTPUT 2983 -20
TRACE 328 BF16_OUTPUT 2983 bf4f
TRACE 328 A8_OUTPUT 2984 -19
TRACE 328 BF16_OUTPUT 2984 bf43
TRACE 328 A8_OUTPUT 2985 2
TRACE 328 BF16_OUTPUT 2985 3d8c
TRACE 328 A8_OUTPUT 2986 -11
TRACE 328 BF16_OUTPUT 2986 bee3
TRACE 328 A8_OUTPUT 2987 7
TRACE 328 BF16_OUTPUT 2987 3e95
TRACE 328 A8_OUTPUT 2988 19
TRACE 328 BF16_OUTPUT 2988 3f44
TRACE 328 A8_OUTPUT 2989 39
TRACE 328 BF16_OUTPUT 2989 3fc9
TRACE 328 A8_OUTPUT 2990 -2
TRACE 328 BF16_OUTPUT 2990 bdbb
TRACE 328 A8_OUTPUT 2991 -14
TRACE 328 BF16_OUTPUT 2991 bf12
TRACE 328 A8_OUTPUT 2992 11
TRACE 328 BF16_OUTPUT 2992 3eea
TRACE 328 A8_OUTPUT 2993 5
TRACE 328 BF16_OUTPUT 2993 3e52
TRACE 328 A8_OUTPUT 2994 2
TRACE 328 BF16_OUTPUT 2994 3db8
TRACE 328 A8_OUTPUT 2995 89
TRACE 328 BF16_OUTPUT 2995 4067
TRACE 328 A8_OUTPUT 2996 -26
TRACE 328 BF16_OUTPUT 2996 bf87
TRACE 328 A8_OUTPUT 2997 -2
TRACE 328 BF16_OUTPUT 2997 bdb4
TRACE 328 A8_OUTPUT 2998 -4
TRACE 328 BF16_OUTPUT 2998 be13
TRACE 328 A8_OUTPUT 2999 15
TRACE 328 BF16_OUTPUT 2999 3f17
TRACE 328 A8_OUTPUT 3000 -14
TRACE 328 BF16_OUTPUT 3000 bf14
TRACE 328 A8_OUTPUT 3001 -2
TRACE 328 BF16_OUTPUT 3001 bdb6
TRACE 328 A8_OUTPUT 3002 4
TRACE 328 BF16_OUTPUT 3002 3e18
TRACE 328 A8_OUTPUT 3003 30
TRACE 328 BF16_OUTPUT 3003 3f9c
TRACE 328 A8_OUTPUT 3004 7
TRACE 328 BF16_OUTPUT 3004 3e8c
TRACE 328 A8_OUTPUT 3005 -3
TRACE 328 BF16_OUTPUT 3005 be07
TRACE 328 A8_OUTPUT 3006 9
TRACE 328 BF16_OUTPUT 3006 3eb8
TRACE 328 A8_OUTPUT 3007 -17
TRACE 328 BF16_OUTPUT 3007 bf34
TRACE 329 INPUT_ACCEPT 47 0
TRACE 330 BF16_GROUP_ISSUE 47 0
TRACE 331 BF16_GROUP_ISSUE 47 1
TRACE 331 BF16_VALUE 3008 bec5
TRACE 331 BF16_VALUE 3009 3ee5
TRACE 331 BF16_VALUE 3010 bf1d
TRACE 331 BF16_VALUE 3011 bf64
TRACE 331 BF16_VALUE 3012 3d6e
TRACE 331 BF16_VALUE 3013 bf34
TRACE 331 BF16_VALUE 3014 3f21
TRACE 331 BF16_VALUE 3015 3fd6
TRACE 331 BF16_VALUE 3016 bda3
TRACE 331 BF16_VALUE 3017 bda3
TRACE 331 BF16_VALUE 3018 3ed8
TRACE 331 BF16_VALUE 3019 3e98
TRACE 331 BF16_VALUE 3020 3e46
TRACE 331 BF16_VALUE 3021 3f26
TRACE 331 BF16_VALUE 3022 be7b
TRACE 331 BF16_VALUE 3023 3d2a
TRACE 332 BF16_GROUP_ISSUE 47 2
TRACE 332 BF16_VALUE 3024 3d82
TRACE 332 BF16_VALUE 3025 3e09
TRACE 332 BF16_VALUE 3026 3d01
TRACE 332 BF16_VALUE 3027 3ef3
TRACE 332 BF16_VALUE 3028 bf02
TRACE 332 BF16_VALUE 3029 be6b
TRACE 332 BF16_VALUE 3030 bb8d
TRACE 332 BF16_VALUE 3031 3c42
TRACE 332 BF16_VALUE 3032 be05
TRACE 332 BF16_VALUE 3033 bec1
TRACE 332 BF16_VALUE 3034 bfdb
TRACE 332 BF16_VALUE 3035 3f1a
TRACE 332 BF16_VALUE 3036 3ec2
TRACE 332 BF16_VALUE 3037 bf76
TRACE 332 BF16_VALUE 3038 bebd
TRACE 332 BF16_VALUE 3039 bf87
TRACE 333 BF16_GROUP_ISSUE 47 3
TRACE 333 BF16_VALUE 3040 3f89
TRACE 333 BF16_VALUE 3041 3fa2
TRACE 333 BF16_VALUE 3042 3e97
TRACE 333 BF16_VALUE 3043 3f59
TRACE 333 BF16_VALUE 3044 3ecd
TRACE 333 BF16_VALUE 3045 3df4
TRACE 333 BF16_VALUE 3046 3f37
TRACE 333 BF16_VALUE 3047 3ef5
TRACE 333 BF16_VALUE 3048 bef3
TRACE 333 BF16_VALUE 3049 bf22
TRACE 333 BF16_VALUE 3050 bf99
TRACE 333 BF16_VALUE 3051 c023
TRACE 333 BF16_VALUE 3052 c003
TRACE 333 BF16_VALUE 3053 bf99
TRACE 333 BF16_VALUE 3054 3ff4
TRACE 333 BF16_VALUE 3055 4035
TRACE 334 BF16_VALUE 3056 c087
TRACE 334 BF16_VALUE 3057 bb8d
TRACE 334 BF16_VALUE 3058 bf8c
TRACE 334 BF16_VALUE 3059 3f99
TRACE 334 BF16_VALUE 3060 becc
TRACE 334 BF16_VALUE 3061 3e02
TRACE 334 BF16_VALUE 3062 bc90
TRACE 334 BF16_VALUE 3063 3f9c
TRACE 334 BF16_VALUE 3064 bf8d
TRACE 334 BF16_VALUE 3065 bc79
TRACE 334 BF16_VALUE 3066 3dde
TRACE 334 BF16_VALUE 3067 bff6
TRACE 334 BF16_VALUE 3068 3e75
TRACE 334 BF16_VALUE 3069 3e1f
TRACE 334 BF16_VALUE 3070 be57
TRACE 334 BF16_VALUE 3071 bec8
TRACE 335 A8_OUTPUT 3008 -10
TRACE 335 BF16_OUTPUT 3008 bec5
TRACE 335 A8_OUTPUT 3009 11
TRACE 335 BF16_OUTPUT 3009 3ee5
TRACE 335 A8_OUTPUT 3010 -15
TRACE 335 BF16_OUTPUT 3010 bf1d
TRACE 335 A8_OUTPUT 3011 -22
TRACE 335 BF16_OUTPUT 3011 bf64
TRACE 335 A8_OUTPUT 3012 1
TRACE 335 BF16_OUTPUT 3012 3d6e
TRACE 335 A8_OUTPUT 3013 -17
TRACE 335 BF16_OUTPUT 3013 bf34
TRACE 335 A8_OUTPUT 3014 16
TRACE 335 BF16_OUTPUT 3014 3f21
TRACE 335 A8_OUTPUT 3015 41
TRACE 335 BF16_OUTPUT 3015 3fd6
TRACE 335 A8_OUTPUT 3016 -2
TRACE 335 BF16_OUTPUT 3016 bda3
TRACE 335 A8_OUTPUT 3017 -2
TRACE 335 BF16_OUTPUT 3017 bda3
TRACE 335 A8_OUTPUT 3018 10
TRACE 335 BF16_OUTPUT 3018 3ed8
TRACE 335 A8_OUTPUT 3019 7
TRACE 335 BF16_OUTPUT 3019 3e98
TRACE 335 A8_OUTPUT 3020 5
TRACE 335 BF16_OUTPUT 3020 3e46
TRACE 335 A8_OUTPUT 3021 16
TRACE 335 BF16_OUTPUT 3021 3f26
TRACE 335 A8_OUTPUT 3022 -6
TRACE 335 BF16_OUTPUT 3022 be7b
TRACE 335 A8_OUTPUT 3023 1
TRACE 335 BF16_OUTPUT 3023 3d2a
TRACE 335 A8_OUTPUT 3024 2
TRACE 335 BF16_OUTPUT 3024 3d82
TRACE 335 A8_OUTPUT 3025 3
TRACE 335 BF16_OUTPUT 3025 3e09
TRACE 335 A8_OUTPUT 3026 1
TRACE 335 BF16_OUTPUT 3026 3d01
TRACE 335 A8_OUTPUT 3027 12
TRACE 335 BF16_OUTPUT 3027 3ef3
TRACE 335 A8_OUTPUT 3028 -13
TRACE 335 BF16_OUTPUT 3028 bf02
TRACE 335 A8_OUTPUT 3029 -6
TRACE 335 BF16_OUTPUT 3029 be6b
TRACE 335 A8_OUTPUT 3030 0
TRACE 335 BF16_OUTPUT 3030 bb8d
TRACE 335 A8_OUTPUT 3031 0
TRACE 335 BF16_OUTPUT 3031 3c42
TRACE 335 A8_OUTPUT 3032 -3
TRACE 335 BF16_OUTPUT 3032 be05
TRACE 335 A8_OUTPUT 3033 -9
TRACE 335 BF16_OUTPUT 3033 bec1
TRACE 335 A8_OUTPUT 3034 -42
TRACE 335 BF16_OUTPUT 3034 bfdb
TRACE 335 A8_OUTPUT 3035 15
TRACE 335 BF16_OUTPUT 3035 3f1a
TRACE 335 A8_OUTPUT 3036 9
TRACE 335 BF16_OUTPUT 3036 3ec2
TRACE 335 A8_OUTPUT 3037 -24
TRACE 335 BF16_OUTPUT 3037 bf76
TRACE 335 A8_OUTPUT 3038 -9
TRACE 335 BF16_OUTPUT 3038 bebd
TRACE 335 A8_OUTPUT 3039 -26
TRACE 335 BF16_OUTPUT 3039 bf87
TRACE 335 A8_OUTPUT 3040 26
TRACE 335 BF16_OUTPUT 3040 3f89
TRACE 335 A8_OUTPUT 3041 31
TRACE 335 BF16_OUTPUT 3041 3fa2
TRACE 335 A8_OUTPUT 3042 7
TRACE 335 BF16_OUTPUT 3042 3e97
TRACE 335 A8_OUTPUT 3043 21
TRACE 335 BF16_OUTPUT 3043 3f59
TRACE 335 A8_OUTPUT 3044 10
TRACE 335 BF16_OUTPUT 3044 3ecd
TRACE 335 A8_OUTPUT 3045 3
TRACE 335 BF16_OUTPUT 3045 3df4
TRACE 335 A8_OUTPUT 3046 18
TRACE 335 BF16_OUTPUT 3046 3f37
TRACE 335 A8_OUTPUT 3047 12
TRACE 335 BF16_OUTPUT 3047 3ef5
TRACE 335 A8_OUTPUT 3048 -12
TRACE 335 BF16_OUTPUT 3048 bef3
TRACE 335 A8_OUTPUT 3049 -16
TRACE 335 BF16_OUTPUT 3049 bf22
TRACE 335 A8_OUTPUT 3050 -29
TRACE 335 BF16_OUTPUT 3050 bf99
TRACE 335 A8_OUTPUT 3051 -63
TRACE 335 BF16_OUTPUT 3051 c023
TRACE 335 A8_OUTPUT 3052 -51
TRACE 335 BF16_OUTPUT 3052 c003
TRACE 335 A8_OUTPUT 3053 -29
TRACE 335 BF16_OUTPUT 3053 bf99
TRACE 335 A8_OUTPUT 3054 47
TRACE 335 BF16_OUTPUT 3054 3ff4
TRACE 335 A8_OUTPUT 3055 70
TRACE 335 BF16_OUTPUT 3055 4035
TRACE 335 A8_OUTPUT 3056 -104
TRACE 335 BF16_OUTPUT 3056 c087
TRACE 335 A8_OUTPUT 3057 0
TRACE 335 BF16_OUTPUT 3057 bb8d
TRACE 335 A8_OUTPUT 3058 -27
TRACE 335 BF16_OUTPUT 3058 bf8c
TRACE 335 A8_OUTPUT 3059 29
TRACE 335 BF16_OUTPUT 3059 3f99
TRACE 335 A8_OUTPUT 3060 -10
TRACE 335 BF16_OUTPUT 3060 becc
TRACE 335 A8_OUTPUT 3061 3
TRACE 335 BF16_OUTPUT 3061 3e02
TRACE 335 A8_OUTPUT 3062 0
TRACE 335 BF16_OUTPUT 3062 bc90
TRACE 335 A8_OUTPUT 3063 30
TRACE 335 BF16_OUTPUT 3063 3f9c
TRACE 335 A8_OUTPUT 3064 -27
TRACE 335 BF16_OUTPUT 3064 bf8d
TRACE 335 A8_OUTPUT 3065 0
TRACE 335 BF16_OUTPUT 3065 bc79
TRACE 335 A8_OUTPUT 3066 3
TRACE 335 BF16_OUTPUT 3066 3dde
TRACE 335 A8_OUTPUT 3067 -47
TRACE 335 BF16_OUTPUT 3067 bff6
TRACE 335 A8_OUTPUT 3068 6
TRACE 335 BF16_OUTPUT 3068 3e75
TRACE 335 A8_OUTPUT 3069 4
TRACE 335 BF16_OUTPUT 3069 3e1f
TRACE 335 A8_OUTPUT 3070 -5
TRACE 335 BF16_OUTPUT 3070 be57
TRACE 335 A8_OUTPUT 3071 -10
TRACE 335 BF16_OUTPUT 3071 bec8
TRACE 336 INPUT_ACCEPT 48 0
TRACE 337 BF16_GROUP_ISSUE 48 0
TRACE 338 BF16_GROUP_ISSUE 48 1
TRACE 338 BF16_VALUE 3072 be66
TRACE 338 BF16_VALUE 3073 3f29
TRACE 338 BF16_VALUE 3074 bf3b
TRACE 338 BF16_VALUE 3075 3ef2
TRACE 338 BF16_VALUE 3076 3f65
TRACE 338 BF16_VALUE 3077 be0e
TRACE 338 BF16_VALUE 3078 3f08
TRACE 338 BF16_VALUE 3079 3e90
TRACE 338 BF16_VALUE 3080 3f19
TRACE 338 BF16_VALUE 3081 bea3
TRACE 338 BF16_VALUE 3082 3ded
TRACE 338 BF16_VALUE 3083 be8b
TRACE 338 BF16_VALUE 3084 3e1f
TRACE 338 BF16_VALUE 3085 3eb0
TRACE 338 BF16_VALUE 3086 3f9f
TRACE 338 BF16_VALUE 3087 3d70
TRACE 339 BF16_GROUP_ISSUE 48 2
TRACE 339 BF16_VALUE 3088 3e08
TRACE 339 BF16_VALUE 3089 bee4
TRACE 339 BF16_VALUE 3090 bf73
TRACE 339 BF16_VALUE 3091 3f59
TRACE 339 BF16_VALUE 3092 3f4f
TRACE 339 BF16_VALUE 3093 3f22
TRACE 339 BF16_VALUE 3094 3eed
TRACE 339 BF16_VALUE 3095 bfb1
TRACE 339 BF16_VALUE 3096 3f43
TRACE 339 BF16_VALUE 3097 bdb9
TRACE 339 BF16_VALUE 3098 bf40
TRACE 339 BF16_VALUE 3099 bf0e
TRACE 339 BF16_VALUE 3100 bed9
TRACE 339 BF16_VALUE 3101 3f85
TRACE 339 BF16_VALUE 3102 bf36
TRACE 339 BF16_VALUE 3103 3e5a
TRACE 340 BF16_GROUP_ISSUE 48 3
TRACE 340 BF16_VALUE 3104 3e2b
TRACE 340 BF16_VALUE 3105 3e5e
TRACE 340 BF16_VALUE 3106 3f44
TRACE 340 BF16_VALUE 3107 beed
TRACE 340 BF16_VALUE 3108 3f5c
TRACE 340 BF16_VALUE 3109 be5d
TRACE 340 BF16_VALUE 3110 bf0d
TRACE 340 BF16_VALUE 3111 3ed3
TRACE 340 BF16_VALUE 3112 bef1
TRACE 340 BF16_VALUE 3113 3e0e
TRACE 340 BF16_VALUE 3114 3f1f
TRACE 340 BF16_VALUE 3115 bf90
TRACE 340 BF16_VALUE 3116 3ffe
TRACE 340 BF16_VALUE 3117 3fd8
TRACE 340 BF16_VALUE 3118 3fa3
TRACE 340 BF16_VALUE 3119 3f10
TRACE 341 BF16_VALUE 3120 3f71
TRACE 341 BF16_VALUE 3121 bf14
TRACE 341 BF16_VALUE 3122 3f76
TRACE 341 BF16_VALUE 3123 3f32
TRACE 341 BF16_VALUE 3124 3f79
TRACE 341 BF16_VALUE 3125 3fa3
TRACE 341 BF16_VALUE 3126 bf85
TRACE 341 BF16_VALUE 3127 bdfb
TRACE 341 BF16_VALUE 3128 3ec5
TRACE 341 BF16_VALUE 3129 bca8
TRACE 341 BF16_VALUE 3130 3dd7
TRACE 341 BF16_VALUE 3131 bf14
TRACE 341 BF16_VALUE 3132 3e67
TRACE 341 BF16_VALUE 3133 bee3
TRACE 341 BF16_VALUE 3134 bdc5
TRACE 341 BF16_VALUE 3135 bf50
TRACE 342 A8_OUTPUT 3072 -6
TRACE 342 BF16_OUTPUT 3072 be66
TRACE 342 A8_OUTPUT 3073 16
TRACE 342 BF16_OUTPUT 3073 3f29
TRACE 342 A8_OUTPUT 3074 -18
TRACE 342 BF16_OUTPUT 3074 bf3b
TRACE 342 A8_OUTPUT 3075 12
TRACE 342 BF16_OUTPUT 3075 3ef2
TRACE 342 A8_OUTPUT 3076 22
TRACE 342 BF16_OUTPUT 3076 3f65
TRACE 342 A8_OUTPUT 3077 -3
TRACE 342 BF16_OUTPUT 3077 be0e
TRACE 342 A8_OUTPUT 3078 13
TRACE 342 BF16_OUTPUT 3078 3f08
TRACE 342 A8_OUTPUT 3079 7
TRACE 342 BF16_OUTPUT 3079 3e90
TRACE 342 A8_OUTPUT 3080 15
TRACE 342 BF16_OUTPUT 3080 3f19
TRACE 342 A8_OUTPUT 3081 -8
TRACE 342 BF16_OUTPUT 3081 bea3
TRACE 342 A8_OUTPUT 3082 3
TRACE 342 BF16_OUTPUT 3082 3ded
TRACE 342 A8_OUTPUT 3083 -7
TRACE 342 BF16_OUTPUT 3083 be8b
TRACE 342 A8_OUTPUT 3084 4
TRACE 342 BF16_OUTPUT 3084 3e1f
TRACE 342 A8_OUTPUT 3085 8
TRACE 342 BF16_OUTPUT 3085 3eb0
TRACE 342 A8_OUTPUT 3086 31
TRACE 342 BF16_OUTPUT 3086 3f9f
TRACE 342 A8_OUTPUT 3087 1
TRACE 342 BF16_OUTPUT 3087 3d70
TRACE 342 A8_OUTPUT 3088 3
TRACE 342 BF16_OUTPUT 3088 3e08
TRACE 342 A8_OUTPUT 3089 -11
TRACE 342 BF16_OUTPUT 3089 bee4
TRACE 342 A8_OUTPUT 3090 -23
TRACE 342 BF16_OUTPUT 3090 bf73
TRACE 342 A8_OUTPUT 3091 21
TRACE 342 BF16_OUTPUT 3091 3f59
TRACE 342 A8_OUTPUT 3092 20
TRACE 342 BF16_OUTPUT 3092 3f4f
TRACE 342 A8_OUTPUT 3093 16
TRACE 342 BF16_OUTPUT 3093 3f22
TRACE 342 A8_OUTPUT 3094 11
TRACE 342 BF16_OUTPUT 3094 3eed
TRACE 342 A8_OUTPUT 3095 -34
TRACE 342 BF16_OUTPUT 3095 bfb1
TRACE 342 A8_OUTPUT 3096 19
TRACE 342 BF16_OUTPUT 3096 3f43
TRACE 342 A8_OUTPUT 3097 -2
TRACE 342 BF16_OUTPUT 3097 bdb9
TRACE 342 A8_OUTPUT 3098 -19
TRACE 342 BF16_OUTPUT 3098 bf40
TRACE 342 A8_OUTPUT 3099 -14
TRACE 342 BF16_OUTPUT 3099 bf0e
TRACE 342 A8_OUTPUT 3100 -10
TRACE 342 BF16_OUTPUT 3100 bed9
TRACE 342 A8_OUTPUT 3101 26
TRACE 342 BF16_OUTPUT 3101 3f85
TRACE 342 A8_OUTPUT 3102 -18
TRACE 342 BF16_OUTPUT 3102 bf36
TRACE 342 A8_OUTPUT 3103 5
TRACE 342 BF16_OUTPUT 3103 3e5a
TRACE 342 A8_OUTPUT 3104 4
TRACE 342 BF16_OUTPUT 3104 3e2b
TRACE 342 A8_OUTPUT 3105 5
TRACE 342 BF16_OUTPUT 3105 3e5e
TRACE 342 A8_OUTPUT 3106 19
TRACE 342 BF16_OUTPUT 3106 3f44
TRACE 342 A8_OUTPUT 3107 -11
TRACE 342 BF16_OUTPUT 3107 beed
TRACE 342 A8_OUTPUT 3108 21
TRACE 342 BF16_OUTPUT 3108 3f5c
TRACE 342 A8_OUTPUT 3109 -5
TRACE 342 BF16_OUTPUT 3109 be5d
TRACE 342 A8_OUTPUT 3110 -14
TRACE 342 BF16_OUTPUT 3110 bf0d
TRACE 342 A8_OUTPUT 3111 10
TRACE 342 BF16_OUTPUT 3111 3ed3
TRACE 342 A8_OUTPUT 3112 -12
TRACE 342 BF16_OUTPUT 3112 bef1
TRACE 342 A8_OUTPUT 3113 3
TRACE 342 BF16_OUTPUT 3113 3e0e
TRACE 342 A8_OUTPUT 3114 15
TRACE 342 BF16_OUTPUT 3114 3f1f
TRACE 342 A8_OUTPUT 3115 -28
TRACE 342 BF16_OUTPUT 3115 bf90
TRACE 342 A8_OUTPUT 3116 49
TRACE 342 BF16_OUTPUT 3116 3ffe
TRACE 342 A8_OUTPUT 3117 42
TRACE 342 BF16_OUTPUT 3117 3fd8
TRACE 342 A8_OUTPUT 3118 31
TRACE 342 BF16_OUTPUT 3118 3fa3
TRACE 342 A8_OUTPUT 3119 14
TRACE 342 BF16_OUTPUT 3119 3f10
TRACE 342 A8_OUTPUT 3120 23
TRACE 342 BF16_OUTPUT 3120 3f71
TRACE 342 A8_OUTPUT 3121 -14
TRACE 342 BF16_OUTPUT 3121 bf14
TRACE 342 A8_OUTPUT 3122 24
TRACE 342 BF16_OUTPUT 3122 3f76
TRACE 342 A8_OUTPUT 3123 17
TRACE 342 BF16_OUTPUT 3123 3f32
TRACE 342 A8_OUTPUT 3124 24
TRACE 342 BF16_OUTPUT 3124 3f79
TRACE 342 A8_OUTPUT 3125 31
TRACE 342 BF16_OUTPUT 3125 3fa3
TRACE 342 A8_OUTPUT 3126 -26
TRACE 342 BF16_OUTPUT 3126 bf85
TRACE 342 A8_OUTPUT 3127 -3
TRACE 342 BF16_OUTPUT 3127 bdfb
TRACE 342 A8_OUTPUT 3128 9
TRACE 342 BF16_OUTPUT 3128 3ec5
TRACE 342 A8_OUTPUT 3129 -1
TRACE 342 BF16_OUTPUT 3129 bca8
TRACE 342 A8_OUTPUT 3130 3
TRACE 342 BF16_OUTPUT 3130 3dd7
TRACE 342 A8_OUTPUT 3131 -14
TRACE 342 BF16_OUTPUT 3131 bf14
TRACE 342 A8_OUTPUT 3132 6
TRACE 342 BF16_OUTPUT 3132 3e67
TRACE 342 A8_OUTPUT 3133 -11
TRACE 342 BF16_OUTPUT 3133 bee3
TRACE 342 A8_OUTPUT 3134 -2
TRACE 342 BF16_OUTPUT 3134 bdc5
TRACE 342 A8_OUTPUT 3135 -20
TRACE 342 BF16_OUTPUT 3135 bf50
TRACE 343 INPUT_ACCEPT 49 0
TRACE 344 BF16_GROUP_ISSUE 49 0
TRACE 345 BF16_GROUP_ISSUE 49 1
TRACE 345 BF16_VALUE 3136 3d26
TRACE 345 BF16_VALUE 3137 3e00
TRACE 345 BF16_VALUE 3138 3ee4
TRACE 345 BF16_VALUE 3139 3f24
TRACE 345 BF16_VALUE 3140 3eaf
TRACE 345 BF16_VALUE 3141 bdd1
TRACE 345 BF16_VALUE 3142 3f86
TRACE 345 BF16_VALUE 3143 3eee
TRACE 345 BF16_VALUE 3144 3d05
TRACE 345 BF16_VALUE 3145 bf75
TRACE 345 BF16_VALUE 3146 bea8
TRACE 345 BF16_VALUE 3147 be4e
TRACE 345 BF16_VALUE 3148 bdba
TRACE 345 BF16_VALUE 3149 3eec
TRACE 345 BF16_VALUE 3150 bf37
TRACE 345 BF16_VALUE 3151 bf39
TRACE 346 BF16_GROUP_ISSUE 49 2
TRACE 346 BF16_VALUE 3152 3f11
TRACE 346 BF16_VALUE 3153 3ef8
TRACE 346 BF16_VALUE 3154 3c51
TRACE 346 BF16_VALUE 3155 bc80
TRACE 346 BF16_VALUE 3156 bf0d
TRACE 346 BF16_VALUE 3157 bf4b
TRACE 346 BF16_VALUE 3158 bf58
TRACE 346 BF16_VALUE 3159 3de3
TRACE 346 BF16_VALUE 3160 3f31
TRACE 346 BF16_VALUE 3161 3f4b
TRACE 346 BF16_VALUE 3162 3f09
TRACE 346 BF16_VALUE 3163 beb9
TRACE 346 BF16_VALUE 3164 3ea8
TRACE 346 BF16_VALUE 3165 3fb0
TRACE 346 BF16_VALUE 3166 3e08
TRACE 346 BF16_VALUE 3167 3eee
TRACE 347 BF16_GROUP_ISSUE 49 3
TRACE 347 BF16_VALUE 3168 3cbd
TRACE 347 BF16_VALUE 3169 3ef7
TRACE 347 BF16_VALUE 3170 bf8b
TRACE 347 BF16_VALUE 3171 3fd0
TRACE 347 BF16_VALUE 3172 bda7
TRACE 347 BF16_VALUE 3173 bfc1
TRACE 347 BF16_VALUE 3174 bf9d
TRACE 347 BF16_VALUE 3175 3eae
TRACE 347 BF16_VALUE 3176 bd10
TRACE 347 BF16_VALUE 3177 bf8d
TRACE 347 BF16_VALUE 3178 3e79
TRACE 347 BF16_VALUE 3179 be47
TRACE 347 BF16_VALUE 3180 3db7
TRACE 347 BF16_VALUE 3181 bd86
TRACE 347 BF16_VALUE 3182 3fbe
TRACE 347 BF16_VALUE 3183 3f97
TRACE 348 BF16_VALUE 3184 c043
TRACE 348 BF16_VALUE 3185 3f3c
TRACE 348 BF16_VALUE 3186 c047
TRACE 348 BF16_VALUE 3187 bfaf
TRACE 348 BF16_VALUE 3188 3f96
TRACE 348 BF16_VALUE 3189 c028
TRACE 348 BF16_VALUE 3190 bf47
TRACE 348 BF16_VALUE 3191 3ec6
TRACE 348 BF16_VALUE 3192 3f12
TRACE 348 BF16_VALUE 3193 bf3c
TRACE 348 BF16_VALUE 3194 bee0
TRACE 348 BF16_VALUE 3195 bde4
TRACE 348 BF16_VALUE 3196 3df9
TRACE 348 BF16_VALUE 3197 3f48
TRACE 348 BF16_VALUE 3198 bf42
TRACE 348 BF16_VALUE 3199 3f3a
TRACE 349 A8_OUTPUT 3136 1
TRACE 349 BF16_OUTPUT 3136 3d26
TRACE 349 A8_OUTPUT 3137 3
TRACE 349 BF16_OUTPUT 3137 3e00
TRACE 349 A8_OUTPUT 3138 11
TRACE 349 BF16_OUTPUT 3138 3ee4
TRACE 349 A8_OUTPUT 3139 16
TRACE 349 BF16_OUTPUT 3139 3f24
TRACE 349 A8_OUTPUT 3140 8
TRACE 349 BF16_OUTPUT 3140 3eaf
TRACE 349 A8_OUTPUT 3141 -3
TRACE 349 BF16_OUTPUT 3141 bdd1
TRACE 349 A8_OUTPUT 3142 26
TRACE 349 BF16_OUTPUT 3142 3f86
TRACE 349 A8_OUTPUT 3143 11
TRACE 349 BF16_OUTPUT 3143 3eee
TRACE 349 A8_OUTPUT 3144 1
TRACE 349 BF16_OUTPUT 3144 3d05
TRACE 349 A8_OUTPUT 3145 -24
TRACE 349 BF16_OUTPUT 3145 bf75
TRACE 349 A8_OUTPUT 3146 -8
TRACE 349 BF16_OUTPUT 3146 bea8
TRACE 349 A8_OUTPUT 3147 -5
TRACE 349 BF16_OUTPUT 3147 be4e
TRACE 349 A8_OUTPUT 3148 -2
TRACE 349 BF16_OUTPUT 3148 bdba
TRACE 349 A8_OUTPUT 3149 11
TRACE 349 BF16_OUTPUT 3149 3eec
TRACE 349 A8_OUTPUT 3150 -18
TRACE 349 BF16_OUTPUT 3150 bf37
TRACE 349 A8_OUTPUT 3151 -18
TRACE 349 BF16_OUTPUT 3151 bf39
TRACE 349 A8_OUTPUT 3152 14
TRACE 349 BF16_OUTPUT 3152 3f11
TRACE 349 A8_OUTPUT 3153 12
TRACE 349 BF16_OUTPUT 3153 3ef8
TRACE 349 A8_OUTPUT 3154 0
TRACE 349 BF16_OUTPUT 3154 3c51
TRACE 349 A8_OUTPUT 3155 0
TRACE 349 BF16_OUTPUT 3155 bc80
TRACE 349 A8_OUTPUT 3156 -14
TRACE 349 BF16_OUTPUT 3156 bf0d
TRACE 349 A8_OUTPUT 3157 -20
TRACE 349 BF16_OUTPUT 3157 bf4b
TRACE 349 A8_OUTPUT 3158 -21
TRACE 349 BF16_OUTPUT 3158 bf58
TRACE 349 A8_OUTPUT 3159 3
TRACE 349 BF16_OUTPUT 3159 3de3
TRACE 349 A8_OUTPUT 3160 17
TRACE 349 BF16_OUTPUT 3160 3f31
TRACE 349 A8_OUTPUT 3161 20
TRACE 349 BF16_OUTPUT 3161 3f4b
TRACE 349 A8_OUTPUT 3162 13
TRACE 349 BF16_OUTPUT 3162 3f09
TRACE 349 A8_OUTPUT 3163 -9
TRACE 349 BF16_OUTPUT 3163 beb9
TRACE 349 A8_OUTPUT 3164 8
TRACE 349 BF16_OUTPUT 3164 3ea8
TRACE 349 A8_OUTPUT 3165 34
TRACE 349 BF16_OUTPUT 3165 3fb0
TRACE 349 A8_OUTPUT 3166 3
TRACE 349 BF16_OUTPUT 3166 3e08
TRACE 349 A8_OUTPUT 3167 11
TRACE 349 BF16_OUTPUT 3167 3eee
TRACE 349 A8_OUTPUT 3168 1
TRACE 349 BF16_OUTPUT 3168 3cbd
TRACE 349 A8_OUTPUT 3169 12
TRACE 349 BF16_OUTPUT 3169 3ef7
TRACE 349 A8_OUTPUT 3170 -27
TRACE 349 BF16_OUTPUT 3170 bf8b
TRACE 349 A8_OUTPUT 3171 40
TRACE 349 BF16_OUTPUT 3171 3fd0
TRACE 349 A8_OUTPUT 3172 -2
TRACE 349 BF16_OUTPUT 3172 bda7
TRACE 349 A8_OUTPUT 3173 -37
TRACE 349 BF16_OUTPUT 3173 bfc1
TRACE 349 A8_OUTPUT 3174 -30
TRACE 349 BF16_OUTPUT 3174 bf9d
TRACE 349 A8_OUTPUT 3175 8
TRACE 349 BF16_OUTPUT 3175 3eae
TRACE 349 A8_OUTPUT 3176 -1
TRACE 349 BF16_OUTPUT 3176 bd10
TRACE 349 A8_OUTPUT 3177 -27
TRACE 349 BF16_OUTPUT 3177 bf8d
TRACE 349 A8_OUTPUT 3178 6
TRACE 349 BF16_OUTPUT 3178 3e79
TRACE 349 A8_OUTPUT 3179 -5
TRACE 349 BF16_OUTPUT 3179 be47
TRACE 349 A8_OUTPUT 3180 2
TRACE 349 BF16_OUTPUT 3180 3db7
TRACE 349 A8_OUTPUT 3181 -2
TRACE 349 BF16_OUTPUT 3181 bd86
TRACE 349 A8_OUTPUT 3182 37
TRACE 349 BF16_OUTPUT 3182 3fbe
TRACE 349 A8_OUTPUT 3183 29
TRACE 349 BF16_OUTPUT 3183 3f97
TRACE 349 A8_OUTPUT 3184 -75
TRACE 349 BF16_OUTPUT 3184 c043
TRACE 349 A8_OUTPUT 3185 18
TRACE 349 BF16_OUTPUT 3185 3f3c
TRACE 349 A8_OUTPUT 3186 -77
TRACE 349 BF16_OUTPUT 3186 c047
TRACE 349 A8_OUTPUT 3187 -34
TRACE 349 BF16_OUTPUT 3187 bfaf
TRACE 349 A8_OUTPUT 3188 29
TRACE 349 BF16_OUTPUT 3188 3f96
TRACE 349 A8_OUTPUT 3189 -65
TRACE 349 BF16_OUTPUT 3189 c028
TRACE 349 A8_OUTPUT 3190 -19
TRACE 349 BF16_OUTPUT 3190 bf47
TRACE 349 A8_OUTPUT 3191 10
TRACE 349 BF16_OUTPUT 3191 3ec6
TRACE 349 A8_OUTPUT 3192 14
TRACE 349 BF16_OUTPUT 3192 3f12
TRACE 349 A8_OUTPUT 3193 -18
TRACE 349 BF16_OUTPUT 3193 bf3c
TRACE 349 A8_OUTPUT 3194 -11
TRACE 349 BF16_OUTPUT 3194 bee0
TRACE 349 A8_OUTPUT 3195 -3
TRACE 349 BF16_OUTPUT 3195 bde4
TRACE 349 A8_OUTPUT 3196 3
TRACE 349 BF16_OUTPUT 3196 3df9
TRACE 349 A8_OUTPUT 3197 19
TRACE 349 BF16_OUTPUT 3197 3f48
TRACE 349 A8_OUTPUT 3198 -19
TRACE 349 BF16_OUTPUT 3198 bf42
TRACE 349 A8_OUTPUT 3199 18
TRACE 349 BF16_OUTPUT 3199 3f3a
TRACE 350 INPUT_ACCEPT 50 0
TRACE 351 BF16_GROUP_ISSUE 50 0
TRACE 352 BF16_GROUP_ISSUE 50 1
TRACE 352 BF16_VALUE 3200 3f74
TRACE 352 BF16_VALUE 3201 3e0a
TRACE 352 BF16_VALUE 3202 beb5
TRACE 352 BF16_VALUE 3203 3e86
TRACE 352 BF16_VALUE 3204 bf01
TRACE 352 BF16_VALUE 3205 bcda
TRACE 352 BF16_VALUE 3206 3d45
TRACE 352 BF16_VALUE 3207 bd92
TRACE 352 BF16_VALUE 3208 3f93
TRACE 352 BF16_VALUE 3209 3ebe
TRACE 352 BF16_VALUE 3210 3dfe
TRACE 352 BF16_VALUE 3211 be99
TRACE 352 BF16_VALUE 3212 3cc0
TRACE 352 BF16_VALUE 3213 bf88
TRACE 352 BF16_VALUE 3214 3f86
TRACE 352 BF16_VALUE 3215 3eca
TRACE 353 BF16_GROUP_ISSUE 50 2
TRACE 353 BF16_VALUE 3216 bf8a
TRACE 353 BF16_VALUE 3217 3fac
TRACE 353 BF16_VALUE 3218 bf47
TRACE 353 BF16_VALUE 3219 bfb0
TRACE 353 BF16_VALUE 3220 bf2d
TRACE 353 BF16_VALUE 3221 bfab
TRACE 353 BF16_VALUE 3222 3fbc
TRACE 353 BF16_VALUE 3223 400d
TRACE 353 BF16_VALUE 3224 3fe1
TRACE 353 BF16_VALUE 3225 be81
TRACE 353 BF16_VALUE 3226 3f27
TRACE 353 BF16_VALUE 3227 be85
TRACE 353 BF16_VALUE 3228 3bbb
TRACE 353 BF16_VALUE 3229 bdf8
TRACE 353 BF16_VALUE 3230 3f10
TRACE 353 BF16_VALUE 3231 bfb4
TRACE 354 BF16_GROUP_ISSUE 50 3
TRACE 354 BF16_VALUE 3232 3fa6
TRACE 354 BF16_VALUE 3233 3fa4
TRACE 354 BF16_VALUE 3234 bfbf
TRACE 354 BF16_VALUE 3235 bfd9
TRACE 354 BF16_VALUE 3236 3f35
TRACE 354 BF16_VALUE 3237 3ec8
TRACE 354 BF16_VALUE 3238 3fb3
TRACE 354 BF16_VALUE 3239 bc66
TRACE 354 BF16_VALUE 3240 be90
TRACE 354 BF16_VALUE 3241 3fb7
TRACE 354 BF16_VALUE 3242 bea2
TRACE 354 BF16_VALUE 3243 4032
TRACE 354 BF16_VALUE 3244 3ff5
TRACE 354 BF16_VALUE 3245 be94
TRACE 354 BF16_VALUE 3246 c08e
TRACE 354 BF16_VALUE 3247 c07e
TRACE 355 BF16_VALUE 3248 3fc6
TRACE 355 BF16_VALUE 3249 3f9e
TRACE 355 BF16_VALUE 3250 3e1c
TRACE 355 BF16_VALUE 3251 bfba
TRACE 355 BF16_VALUE 3252 bf34
TRACE 355 BF16_VALUE 3253 3f2c
TRACE 355 BF16_VALUE 3254 3fe6
TRACE 355 BF16_VALUE 3255 bfa4
TRACE 355 BF16_VALUE 3256 3f60
TRACE 355 BF16_VALUE 3257 3ef3
TRACE 355 BF16_VALUE 3258 bf10
TRACE 355 BF16_VALUE 3259 3eb8
TRACE 355 BF16_VALUE 3260 3fd0
TRACE 355 BF16_VALUE 3261 be85
TRACE 355 BF16_VALUE 3262 be3b
TRACE 355 BF16_VALUE 3263 3f17
TRACE 356 A8_OUTPUT 3200 23
TRACE 356 BF16_OUTPUT 3200 3f74
TRACE 356 A8_OUTPUT 3201 3
TRACE 356 BF16_OUTPUT 3201 3e0a
TRACE 356 A8_OUTPUT 3202 -9
TRACE 356 BF16_OUTPUT 3202 beb5
TRACE 356 A8_OUTPUT 3203 6
TRACE 356 BF16_OUTPUT 3203 3e86
TRACE 356 A8_OUTPUT 3204 -12
TRACE 356 BF16_OUTPUT 3204 bf01
TRACE 356 A8_OUTPUT 3205 -1
TRACE 356 BF16_OUTPUT 3205 bcda
TRACE 356 A8_OUTPUT 3206 1
TRACE 356 BF16_OUTPUT 3206 3d45
TRACE 356 A8_OUTPUT 3207 -2
TRACE 356 BF16_OUTPUT 3207 bd92
TRACE 356 A8_OUTPUT 3208 28
TRACE 356 BF16_OUTPUT 3208 3f93
TRACE 356 A8_OUTPUT 3209 9
TRACE 356 BF16_OUTPUT 3209 3ebe
TRACE 356 A8_OUTPUT 3210 3
TRACE 356 BF16_OUTPUT 3210 3dfe
TRACE 356 A8_OUTPUT 3211 -7
TRACE 356 BF16_OUTPUT 3211 be99
TRACE 356 A8_OUTPUT 3212 1
TRACE 356 BF16_OUTPUT 3212 3cc0
TRACE 356 A8_OUTPUT 3213 -26
TRACE 356 BF16_OUTPUT 3213 bf88
TRACE 356 A8_OUTPUT 3214 26
TRACE 356 BF16_OUTPUT 3214 3f86
TRACE 356 A8_OUTPUT 3215 10
TRACE 356 BF16_OUTPUT 3215 3eca
TRACE 356 A8_OUTPUT 3216 -27
TRACE 356 BF16_OUTPUT 3216 bf8a
TRACE 356 A8_OUTPUT 3217 33
TRACE 356 BF16_OUTPUT 3217 3fac
TRACE 356 A8_OUTPUT 3218 -19
TRACE 356 BF16_OUTPUT 3218 bf47
TRACE 356 A8_OUTPUT 3219 -34
TRACE 356 BF16_OUTPUT 3219 bfb0
TRACE 356 A8_OUTPUT 3220 -17
TRACE 356 BF16_OUTPUT 3220 bf2d
TRACE 356 A8_OUTPUT 3221 -33
TRACE 356 BF16_OUTPUT 3221 bfab
TRACE 356 A8_OUTPUT 3222 36
TRACE 356 BF16_OUTPUT 3222 3fbc
TRACE 356 A8_OUTPUT 3223 54
TRACE 356 BF16_OUTPUT 3223 400d
TRACE 356 A8_OUTPUT 3224 43
TRACE 356 BF16_OUTPUT 3224 3fe1
TRACE 356 A8_OUTPUT 3225 -6
TRACE 356 BF16_OUTPUT 3225 be81
TRACE 356 A8_OUTPUT 3226 16
TRACE 356 BF16_OUTPUT 3226 3f27
TRACE 356 A8_OUTPUT 3227 -6
TRACE 356 BF16_OUTPUT 3227 be85
TRACE 356 A8_OUTPUT 3228 0
TRACE 356 BF16_OUTPUT 3228 3bbb
TRACE 356 A8_OUTPUT 3229 -3
TRACE 356 BF16_OUTPUT 3229 bdf8
TRACE 356 A8_OUTPUT 3230 14
TRACE 356 BF16_OUTPUT 3230 3f10
TRACE 356 A8_OUTPUT 3231 -35
TRACE 356 BF16_OUTPUT 3231 bfb4
TRACE 356 A8_OUTPUT 3232 32
TRACE 356 BF16_OUTPUT 3232 3fa6
TRACE 356 A8_OUTPUT 3233 32
TRACE 356 BF16_OUTPUT 3233 3fa4
TRACE 356 A8_OUTPUT 3234 -37
TRACE 356 BF16_OUTPUT 3234 bfbf
TRACE 356 A8_OUTPUT 3235 -42
TRACE 356 BF16_OUTPUT 3235 bfd9
TRACE 356 A8_OUTPUT 3236 17
TRACE 356 BF16_OUTPUT 3236 3f35
TRACE 356 A8_OUTPUT 3237 10
TRACE 356 BF16_OUTPUT 3237 3ec8
TRACE 356 A8_OUTPUT 3238 35
TRACE 356 BF16_OUTPUT 3238 3fb3
TRACE 356 A8_OUTPUT 3239 0
TRACE 356 BF16_OUTPUT 3239 bc66
TRACE 356 A8_OUTPUT 3240 -7
TRACE 356 BF16_OUTPUT 3240 be90
TRACE 356 A8_OUTPUT 3241 35
TRACE 356 BF16_OUTPUT 3241 3fb7
TRACE 356 A8_OUTPUT 3242 -8
TRACE 356 BF16_OUTPUT 3242 bea2
TRACE 356 A8_OUTPUT 3243 68
TRACE 356 BF16_OUTPUT 3243 4032
TRACE 356 A8_OUTPUT 3244 47
TRACE 356 BF16_OUTPUT 3244 3ff5
TRACE 356 A8_OUTPUT 3245 -7
TRACE 356 BF16_OUTPUT 3245 be94
TRACE 356 A8_OUTPUT 3246 -110
TRACE 356 BF16_OUTPUT 3246 c08e
TRACE 356 A8_OUTPUT 3247 -98
TRACE 356 BF16_OUTPUT 3247 c07e
TRACE 356 A8_OUTPUT 3248 38
TRACE 356 BF16_OUTPUT 3248 3fc6
TRACE 356 A8_OUTPUT 3249 30
TRACE 356 BF16_OUTPUT 3249 3f9e
TRACE 356 A8_OUTPUT 3250 4
TRACE 356 BF16_OUTPUT 3250 3e1c
TRACE 356 A8_OUTPUT 3251 -36
TRACE 356 BF16_OUTPUT 3251 bfba
TRACE 356 A8_OUTPUT 3252 -17
TRACE 356 BF16_OUTPUT 3252 bf34
TRACE 356 A8_OUTPUT 3253 17
TRACE 356 BF16_OUTPUT 3253 3f2c
TRACE 356 A8_OUTPUT 3254 44
TRACE 356 BF16_OUTPUT 3254 3fe6
TRACE 356 A8_OUTPUT 3255 -32
TRACE 356 BF16_OUTPUT 3255 bfa4
TRACE 356 A8_OUTPUT 3256 22
TRACE 356 BF16_OUTPUT 3256 3f60
TRACE 356 A8_OUTPUT 3257 12
TRACE 356 BF16_OUTPUT 3257 3ef3
TRACE 356 A8_OUTPUT 3258 -14
TRACE 356 BF16_OUTPUT 3258 bf10
TRACE 356 A8_OUTPUT 3259 9
TRACE 356 BF16_OUTPUT 3259 3eb8
TRACE 356 A8_OUTPUT 3260 40
TRACE 356 BF16_OUTPUT 3260 3fd0
TRACE 356 A8_OUTPUT 3261 -6
TRACE 356 BF16_OUTPUT 3261 be85
TRACE 356 A8_OUTPUT 3262 -4
TRACE 356 BF16_OUTPUT 3262 be3b
TRACE 356 A8_OUTPUT 3263 15
TRACE 356 BF16_OUTPUT 3263 3f17
TRACE 357 INPUT_ACCEPT 51 0
TRACE 358 BF16_GROUP_ISSUE 51 0
TRACE 359 BF16_GROUP_ISSUE 51 1
TRACE 359 BF16_VALUE 3264 bf23
TRACE 359 BF16_VALUE 3265 3c18
TRACE 359 BF16_VALUE 3266 be52
TRACE 359 BF16_VALUE 3267 bcaf
TRACE 359 BF16_VALUE 3268 3c8b
TRACE 359 BF16_VALUE 3269 3eff
TRACE 359 BF16_VALUE 3270 be15
TRACE 359 BF16_VALUE 3271 3e1b
TRACE 359 BF16_VALUE 3272 bf89
TRACE 359 BF16_VALUE 3273 3ec1
TRACE 359 BF16_VALUE 3274 3f4a
TRACE 359 BF16_VALUE 3275 3f53
TRACE 359 BF16_VALUE 3276 bf03
TRACE 359 BF16_VALUE 3277 3fb9
TRACE 359 BF16_VALUE 3278 bf8e
TRACE 359 BF16_VALUE 3279 3eb9
TRACE 360 BF16_GROUP_ISSUE 51 2
TRACE 360 BF16_VALUE 3280 bf1d
TRACE 360 BF16_VALUE 3281 3fb0
TRACE 360 BF16_VALUE 3282 3f81
TRACE 360 BF16_VALUE 3283 bf3c
TRACE 360 BF16_VALUE 3284 bf20
TRACE 360 BF16_VALUE 3285 3ec5
TRACE 360 BF16_VALUE 3286 3e89
TRACE 360 BF16_VALUE 3287 bf96
TRACE 360 BF16_VALUE 3288 3f82
TRACE 360 BF16_VALUE 3289 3faf
TRACE 360 BF16_VALUE 3290 3f9f
TRACE 360 BF16_VALUE 3291 400a
TRACE 360 BF16_VALUE 3292 3e6f
TRACE 360 BF16_VALUE 3293 bfbc
TRACE 360 BF16_VALUE 3294 be0d
TRACE 360 BF16_VALUE 3295 bfd6
TRACE 361 BF16_GROUP_ISSUE 51 3
TRACE 361 BF16_VALUE 3296 bf24
TRACE 361 BF16_VALUE 3297 3f52
TRACE 361 BF16_VALUE 3298 bec3
TRACE 361 BF16_VALUE 3299 3f32
TRACE 361 BF16_VALUE 3300 bfd5
TRACE 361 BF16_VALUE 3301 be8e
TRACE 361 BF16_VALUE 3302 bf0e
TRACE 361 BF16_VALUE 3303 be7a
TRACE 361 BF16_VALUE 3304 3f40
TRACE 361 BF16_VALUE 3305 bf77
TRACE 361 BF16_VALUE 3306 3f18
TRACE 361 BF16_VALUE 3307 bf90
TRACE 361 BF16_VALUE 3308 bf60
TRACE 361 BF16_VALUE 3309 c08a
TRACE 361 BF16_VALUE 3310 3dc2
TRACE 361 BF16_VALUE 3311 bdd6
TRACE 362 BF16_VALUE 3312 c018
TRACE 362 BF16_VALUE 3313 be19
TRACE 362 BF16_VALUE 3314 3f8d
TRACE 362 BF16_VALUE 3315 be61
TRACE 362 BF16_VALUE 3316 c002
TRACE 362 BF16_VALUE 3317 bfa1
TRACE 362 BF16_VALUE 3318 becd
TRACE 362 BF16_VALUE 3319 bf3e
TRACE 362 BF16_VALUE 3320 bddf
TRACE 362 BF16_VALUE 3321 3d2b
TRACE 362 BF16_VALUE 3322 3fac
TRACE 362 BF16_VALUE 3323 bf8f
TRACE 362 BF16_VALUE 3324 3f89
TRACE 362 BF16_VALUE 3325 3f82
TRACE 362 BF16_VALUE 3326 3f42
TRACE 362 BF16_VALUE 3327 3e3e
TRACE 363 A8_OUTPUT 3264 -16
TRACE 363 BF16_OUTPUT 3264 bf23
TRACE 363 A8_OUTPUT 3265 0
TRACE 363 BF16_OUTPUT 3265 3c18
TRACE 363 A8_OUTPUT 3266 -5
TRACE 363 BF16_OUTPUT 3266 be52
TRACE 363 A8_OUTPUT 3267 -1
TRACE 363 BF16_OUTPUT 3267 bcaf
TRACE 363 A8_OUTPUT 3268 0
TRACE 363 BF16_OUTPUT 3268 3c8b
TRACE 363 A8_OUTPUT 3269 12
TRACE 363 BF16_OUTPUT 3269 3eff
TRACE 363 A8_OUTPUT 3270 -4
TRACE 363 BF16_OUTPUT 3270 be15
TRACE 363 A8_OUTPUT 3271 4
TRACE 363 BF16_OUTPUT 3271 3e1b
TRACE 363 A8_OUTPUT 3272 -26
TRACE 363 BF16_OUTPUT 3272 bf89
TRACE 363 A8_OUTPUT 3273 9
TRACE 363 BF16_OUTPUT 3273 3ec1
TRACE 363 A8_OUTPUT 3274 19
TRACE 363 BF16_OUTPUT 3274 3f4a
TRACE 363 A8_OUTPUT 3275 20
TRACE 363 BF16_OUTPUT 3275 3f53
TRACE 363 A8_OUTPUT 3276 -13
TRACE 363 BF16_OUTPUT 3276 bf03
TRACE 363 A8_OUTPUT 3277 36
TRACE 363 BF16_OUTPUT 3277 3fb9
TRACE 363 A8_OUTPUT 3278 -27
TRACE 363 BF16_OUTPUT 3278 bf8e
TRACE 363 A8_OUTPUT 3279 9
TRACE 363 BF16_OUTPUT 3279 3eb9
TRACE 363 A8_OUTPUT 3280 -15
TRACE 363 BF16_OUTPUT 3280 bf1d
TRACE 363 A8_OUTPUT 3281 34
TRACE 363 BF16_OUTPUT 3281 3fb0
TRACE 363 A8_OUTPUT 3282 25
TRACE 363 BF16_OUTPUT 3282 3f81
TRACE 363 A8_OUTPUT 3283 -18
TRACE 363 BF16_OUTPUT 3283 bf3c
TRACE 363 A8_OUTPUT 3284 -15
TRACE 363 BF16_OUTPUT 3284 bf20
TRACE 363 A8_OUTPUT 3285 9
TRACE 363 BF16_OUTPUT 3285 3ec5
TRACE 363 A8_OUTPUT 3286 7
TRACE 363 BF16_OUTPUT 3286 3e89
TRACE 363 A8_OUTPUT 3287 -29
TRACE 363 BF16_OUTPUT 3287 bf96
TRACE 363 A8_OUTPUT 3288 25
TRACE 363 BF16_OUTPUT 3288 3f82
TRACE 363 A8_OUTPUT 3289 34
TRACE 363 BF16_OUTPUT 3289 3faf
TRACE 363 A8_OUTPUT 3290 31
TRACE 363 BF16_OUTPUT 3290 3f9f
TRACE 363 A8_OUTPUT 3291 53
TRACE 363 BF16_OUTPUT 3291 400a
TRACE 363 A8_OUTPUT 3292 6
TRACE 363 BF16_OUTPUT 3292 3e6f
TRACE 363 A8_OUTPUT 3293 -36
TRACE 363 BF16_OUTPUT 3293 bfbc
TRACE 363 A8_OUTPUT 3294 -3
TRACE 363 BF16_OUTPUT 3294 be0d
TRACE 363 A8_OUTPUT 3295 -41
TRACE 363 BF16_OUTPUT 3295 bfd6
TRACE 363 A8_OUTPUT 3296 -16
TRACE 363 BF16_OUTPUT 3296 bf24
TRACE 363 A8_OUTPUT 3297 20
TRACE 363 BF16_OUTPUT 3297 3f52
TRACE 363 A8_OUTPUT 3298 -9
TRACE 363 BF16_OUTPUT 3298 bec3
TRACE 363 A8_OUTPUT 3299 17
TRACE 363 BF16_OUTPUT 3299 3f32
TRACE 363 A8_OUTPUT 3300 -41
TRACE 363 BF16_OUTPUT 3300 bfd5
TRACE 363 A8_OUTPUT 3301 -7
TRACE 363 BF16_OUTPUT 3301 be8e
TRACE 363 A8_OUTPUT 3302 -14
TRACE 363 BF16_OUTPUT 3302 bf0e
TRACE 363 A8_OUTPUT 3303 -6
TRACE 363 BF16_OUTPUT 3303 be7a
TRACE 363 A8_OUTPUT 3304 19
TRACE 363 BF16_OUTPUT 3304 3f40
TRACE 363 A8_OUTPUT 3305 -24
TRACE 363 BF16_OUTPUT 3305 bf77
TRACE 363 A8_OUTPUT 3306 15
TRACE 363 BF16_OUTPUT 3306 3f18
TRACE 363 A8_OUTPUT 3307 -28
TRACE 363 BF16_OUTPUT 3307 bf90
TRACE 363 A8_OUTPUT 3308 -22
TRACE 363 BF16_OUTPUT 3308 bf60
TRACE 363 A8_OUTPUT 3309 -106
TRACE 363 BF16_OUTPUT 3309 c08a
TRACE 363 A8_OUTPUT 3310 2
TRACE 363 BF16_OUTPUT 3310 3dc2
TRACE 363 A8_OUTPUT 3311 -3
TRACE 363 BF16_OUTPUT 3311 bdd6
TRACE 363 A8_OUTPUT 3312 -58
TRACE 363 BF16_OUTPUT 3312 c018
TRACE 363 A8_OUTPUT 3313 -4
TRACE 363 BF16_OUTPUT 3313 be19
TRACE 363 A8_OUTPUT 3314 27
TRACE 363 BF16_OUTPUT 3314 3f8d
TRACE 363 A8_OUTPUT 3315 -5
TRACE 363 BF16_OUTPUT 3315 be61
TRACE 363 A8_OUTPUT 3316 -50
TRACE 363 BF16_OUTPUT 3316 c002
TRACE 363 A8_OUTPUT 3317 -31
TRACE 363 BF16_OUTPUT 3317 bfa1
TRACE 363 A8_OUTPUT 3318 -10
TRACE 363 BF16_OUTPUT 3318 becd
TRACE 363 A8_OUTPUT 3319 -18
TRACE 363 BF16_OUTPUT 3319 bf3e
TRACE 363 A8_OUTPUT 3320 -3
TRACE 363 BF16_OUTPUT 3320 bddf
TRACE 363 A8_OUTPUT 3321 1
TRACE 363 BF16_OUTPUT 3321 3d2b
TRACE 363 A8_OUTPUT 3322 33
TRACE 363 BF16_OUTPUT 3322 3fac
TRACE 363 A8_OUTPUT 3323 -28
TRACE 363 BF16_OUTPUT 3323 bf8f
TRACE 363 A8_OUTPUT 3324 26
TRACE 363 BF16_OUTPUT 3324 3f89
TRACE 363 A8_OUTPUT 3325 25
TRACE 363 BF16_OUTPUT 3325 3f82
TRACE 363 A8_OUTPUT 3326 19
TRACE 363 BF16_OUTPUT 3326 3f42
TRACE 363 A8_OUTPUT 3327 5
TRACE 363 BF16_OUTPUT 3327 3e3e
TRACE 364 INPUT_ACCEPT 52 0
TRACE 365 BF16_GROUP_ISSUE 52 0
TRACE 366 BF16_GROUP_ISSUE 52 1
TRACE 366 BF16_VALUE 3328 be89
TRACE 366 BF16_VALUE 3329 bf61
TRACE 366 BF16_VALUE 3330 be2d
TRACE 366 BF16_VALUE 3331 bf39
TRACE 366 BF16_VALUE 3332 bce8
TRACE 366 BF16_VALUE 3333 bf8c
TRACE 366 BF16_VALUE 3334 3ede
TRACE 366 BF16_VALUE 3335 be87
TRACE 366 BF16_VALUE 3336 3f03
TRACE 366 BF16_VALUE 3337 3f37
TRACE 366 BF16_VALUE 3338 bea6
TRACE 366 BF16_VALUE 3339 3fa6
TRACE 366 BF16_VALUE 3340 bef7
TRACE 366 BF16_VALUE 3341 3edd
TRACE 366 BF16_VALUE 3342 3fe5
TRACE 366 BF16_VALUE 3343 be3d
TRACE 367 BF16_GROUP_ISSUE 52 2
TRACE 367 BF16_VALUE 3344 bfb3
TRACE 367 BF16_VALUE 3345 bfd7
TRACE 367 BF16_VALUE 3346 3f99
TRACE 367 BF16_VALUE 3347 3e9d
TRACE 367 BF16_VALUE 3348 bfaf
TRACE 367 BF16_VALUE 3349 bf2d
TRACE 367 BF16_VALUE 3350 3e71
TRACE 367 BF16_VALUE 3351 3f54
TRACE 367 BF16_VALUE 3352 3f8a
TRACE 367 BF16_VALUE 3353 3ea6
TRACE 367 BF16_VALUE 3354 bee4
TRACE 367 BF16_VALUE 3355 bfc2
TRACE 367 BF16_VALUE 3356 3fa6
TRACE 367 BF16_VALUE 3357 bf40
TRACE 367 BF16_VALUE 3358 bfbf
TRACE 367 BF16_VALUE 3359 3ece
TRACE 368 BF16_GROUP_ISSUE 52 3
TRACE 368 BF16_VALUE 3360 3fba
TRACE 368 BF16_VALUE 3361 bcdd
TRACE 368 BF16_VALUE 3362 bfb1
TRACE 368 BF16_VALUE 3363 3e42
TRACE 368 BF16_VALUE 3364 bf04
TRACE 368 BF16_VALUE 3365 3fc0
TRACE 368 BF16_VALUE 3366 3fab
TRACE 368 BF16_VALUE 3367 bf95
TRACE 368 BF16_VALUE 3368 bfbb
TRACE 368 BF16_VALUE 3369 3f17
TRACE 368 BF16_VALUE 3370 3fd9
TRACE 368 BF16_VALUE 3371 3fca
TRACE 368 BF16_VALUE 3372 3edc
TRACE 368 BF16_VALUE 3373 3e16
TRACE 368 BF16_VALUE 3374 3fe1
TRACE 368 BF16_VALUE 3375 bf76
TRACE 369 BF16_VALUE 3376 bd85
TRACE 369 BF16_VALUE 3377 bdac
TRACE 369 BF16_VALUE 3378 3f37
TRACE 369 BF16_VALUE 3379 bfb7
TRACE 369 BF16_VALUE 3380 bf7c
TRACE 369 BF16_VALUE 3381 3eea
TRACE 369 BF16_VALUE 3382 bd14
TRACE 369 BF16_VALUE 3383 bf3a
TRACE 369 BF16_VALUE 3384 3f18
TRACE 369 BF16_VALUE 3385 bf4d
TRACE 369 BF16_VALUE 3386 3f0b
TRACE 369 BF16_VALUE 3387 be14
TRACE 369 BF16_VALUE 3388 bfac
TRACE 369 BF16_VALUE 3389 3f05
TRACE 369 BF16_VALUE 3390 3ddd
TRACE 369 BF16_VALUE 3391 3f3b
TRACE 370 A8_OUTPUT 3328 -7
TRACE 370 BF16_OUTPUT 3328 be89
TRACE 370 A8_OUTPUT 3329 -22
TRACE 370 BF16_OUTPUT 3329 bf61
TRACE 370 A8_OUTPUT 3330 -4
TRACE 370 BF16_OUTPUT 3330 be2d
TRACE 370 A8_OUTPUT 3331 -18
TRACE 370 BF16_OUTPUT 3331 bf39
TRACE 370 A8_OUTPUT 3332 -1
TRACE 370 BF16_OUTPUT 3332 bce8
TRACE 370 A8_OUTPUT 3333 -27
TRACE 370 BF16_OUTPUT 3333 bf8c
TRACE 370 A8_OUTPUT 3334 11
TRACE 370 BF16_OUTPUT 3334 3ede
TRACE 370 A8_OUTPUT 3335 -6
TRACE 370 BF16_OUTPUT 3335 be87
TRACE 370 A8_OUTPUT 3336 13
TRACE 370 BF16_OUTPUT 3336 3f03
TRACE 370 A8_OUTPUT 3337 18
TRACE 370 BF16_OUTPUT 3337 3f37
TRACE 370 A8_OUTPUT 3338 -8
TRACE 370 BF16_OUTPUT 3338 bea6
TRACE 370 A8_OUTPUT 3339 32
TRACE 370 BF16_OUTPUT 3339 3fa6
TRACE 370 A8_OUTPUT 3340 -12
TRACE 370 BF16_OUTPUT 3340 bef7
TRACE 370 A8_OUTPUT 3341 11
TRACE 370 BF16_OUTPUT 3341 3edd
TRACE 370 A8_OUTPUT 3342 44
TRACE 370 BF16_OUTPUT 3342 3fe5
TRACE 370 A8_OUTPUT 3343 -5
TRACE 370 BF16_OUTPUT 3343 be3d
TRACE 370 A8_OUTPUT 3344 -34
TRACE 370 BF16_OUTPUT 3344 bfb3
TRACE 370 A8_OUTPUT 3345 -41
TRACE 370 BF16_OUTPUT 3345 bfd7
TRACE 370 A8_OUTPUT 3346 29
TRACE 370 BF16_OUTPUT 3346 3f99
TRACE 370 A8_OUTPUT 3347 8
TRACE 370 BF16_OUTPUT 3347 3e9d
TRACE 370 A8_OUTPUT 3348 -34
TRACE 370 BF16_OUTPUT 3348 bfaf
TRACE 370 A8_OUTPUT 3349 -17
TRACE 370 BF16_OUTPUT 3349 bf2d
TRACE 370 A8_OUTPUT 3350 6
TRACE 370 BF16_OUTPUT 3350 3e71
TRACE 370 A8_OUTPUT 3351 20
TRACE 370 BF16_OUTPUT 3351 3f54
TRACE 370 A8_OUTPUT 3352 27
TRACE 370 BF16_OUTPUT 3352 3f8a
TRACE 370 A8_OUTPUT 3353 8
TRACE 370 BF16_OUTPUT 3353 3ea6
TRACE 370 A8_OUTPUT 3354 -11
TRACE 370 BF16_OUTPUT 3354 bee4
TRACE 370 A8_OUTPUT 3355 -37
TRACE 370 BF16_OUTPUT 3355 bfc2
TRACE 370 A8_OUTPUT 3356 32
TRACE 370 BF16_OUTPUT 3356 3fa6
TRACE 370 A8_OUTPUT 3357 -19
TRACE 370 BF16_OUTPUT 3357 bf40
TRACE 370 A8_OUTPUT 3358 -37
TRACE 370 BF16_OUTPUT 3358 bfbf
TRACE 370 A8_OUTPUT 3359 10
TRACE 370 BF16_OUTPUT 3359 3ece
TRACE 370 A8_OUTPUT 3360 36
TRACE 370 BF16_OUTPUT 3360 3fba
TRACE 370 A8_OUTPUT 3361 -1
TRACE 370 BF16_OUTPUT 3361 bcdd
TRACE 370 A8_OUTPUT 3362 -34
TRACE 370 BF16_OUTPUT 3362 bfb1
TRACE 370 A8_OUTPUT 3363 5
TRACE 370 BF16_OUTPUT 3363 3e42
TRACE 370 A8_OUTPUT 3364 -13
TRACE 370 BF16_OUTPUT 3364 bf04
TRACE 370 A8_OUTPUT 3365 37
TRACE 370 BF16_OUTPUT 3365 3fc0
TRACE 370 A8_OUTPUT 3366 33
TRACE 370 BF16_OUTPUT 3366 3fab
TRACE 370 A8_OUTPUT 3367 -29
TRACE 370 BF16_OUTPUT 3367 bf95
TRACE 370 A8_OUTPUT 3368 -36
TRACE 370 BF16_OUTPUT 3368 bfbb
TRACE 370 A8_OUTPUT 3369 15
TRACE 370 BF16_OUTPUT 3369 3f17
TRACE 370 A8_OUTPUT 3370 42
TRACE 370 BF16_OUTPUT 3370 3fd9
TRACE 370 A8_OUTPUT 3371 39
TRACE 370 BF16_OUTPUT 3371 3fca
TRACE 370 A8_OUTPUT 3372 11
TRACE 370 BF16_OUTPUT 3372 3edc
TRACE 370 A8_OUTPUT 3373 4
TRACE 370 BF16_OUTPUT 3373 3e16
TRACE 370 A8_OUTPUT 3374 43
TRACE 370 BF16_OUTPUT 3374 3fe1
TRACE 370 A8_OUTPUT 3375 -24
TRACE 370 BF16_OUTPUT 3375 bf76
TRACE 370 A8_OUTPUT 3376 -2
TRACE 370 BF16_OUTPUT 3376 bd85
TRACE 370 A8_OUTPUT 3377 -2
TRACE 370 BF16_OUTPUT 3377 bdac
TRACE 370 A8_OUTPUT 3378 18
TRACE 370 BF16_OUTPUT 3378 3f37
TRACE 370 A8_OUTPUT 3379 -35
TRACE 370 BF16_OUTPUT 3379 bfb7
TRACE 370 A8_OUTPUT 3380 -24
TRACE 370 BF16_OUTPUT 3380 bf7c
TRACE 370 A8_OUTPUT 3381 11
TRACE 370 BF16_OUTPUT 3381 3eea
TRACE 370 A8_OUTPUT 3382 -1
TRACE 370 BF16_OUTPUT 3382 bd14
TRACE 370 A8_OUTPUT 3383 -18
TRACE 370 BF16_OUTPUT 3383 bf3a
TRACE 370 A8_OUTPUT 3384 15
TRACE 370 BF16_OUTPUT 3384 3f18
TRACE 370 A8_OUTPUT 3385 -20
TRACE 370 BF16_OUTPUT 3385 bf4d
TRACE 370 A8_OUTPUT 3386 13
TRACE 370 BF16_OUTPUT 3386 3f0b
TRACE 370 A8_OUTPUT 3387 -4
TRACE 370 BF16_OUTPUT 3387 be14
TRACE 370 A8_OUTPUT 3388 -33
TRACE 370 BF16_OUTPUT 3388 bfac
TRACE 370 A8_OUTPUT 3389 13
TRACE 370 BF16_OUTPUT 3389 3f05
TRACE 370 A8_OUTPUT 3390 3
TRACE 370 BF16_OUTPUT 3390 3ddd
TRACE 370 A8_OUTPUT 3391 18
TRACE 370 BF16_OUTPUT 3391 3f3b
TRACE 371 INPUT_ACCEPT 53 0
TRACE 372 BF16_GROUP_ISSUE 53 0
TRACE 373 BF16_GROUP_ISSUE 53 1
TRACE 373 BF16_VALUE 3392 bc00
TRACE 373 BF16_VALUE 3393 bf79
TRACE 373 BF16_VALUE 3394 bf1d
TRACE 373 BF16_VALUE 3395 bf77
TRACE 373 BF16_VALUE 3396 3ea1
TRACE 373 BF16_VALUE 3397 bfd1
TRACE 373 BF16_VALUE 3398 bddb
TRACE 373 BF16_VALUE 3399 3f03
TRACE 373 BF16_VALUE 3400 bf23
TRACE 373 BF16_VALUE 3401 beae
TRACE 373 BF16_VALUE 3402 bf24
TRACE 373 BF16_VALUE 3403 3c56
TRACE 373 BF16_VALUE 3404 4001
TRACE 373 BF16_VALUE 3405 3fd9
TRACE 373 BF16_VALUE 3406 bc8b
TRACE 373 BF16_VALUE 3407 3d35
TRACE 374 BF16_GROUP_ISSUE 53 2
TRACE 374 BF16_VALUE 3408 bf1a
TRACE 374 BF16_VALUE 3409 3e7a
TRACE 374 BF16_VALUE 3410 bf77
TRACE 374 BF16_VALUE 3411 bf0c
TRACE 374 BF16_VALUE 3412 3f1d
TRACE 374 BF16_VALUE 3413 be99
TRACE 374 BF16_VALUE 3414 bfe6
TRACE 374 BF16_VALUE 3415 bf1d
TRACE 374 BF16_VALUE 3416 3f6a
TRACE 374 BF16_VALUE 3417 bfa2
TRACE 374 BF16_VALUE 3418 3f7a
TRACE 374 BF16_VALUE 3419 beba
TRACE 374 BF16_VALUE 3420 3f01
TRACE 374 BF16_VALUE 3421 3f17
TRACE 374 BF16_VALUE 3422 bf77
TRACE 374 BF16_VALUE 3423 3f98
TRACE 375 BF16_GROUP_ISSUE 53 3
TRACE 375 BF16_VALUE 3424 bf98
TRACE 375 BF16_VALUE 3425 3f2e
TRACE 375 BF16_VALUE 3426 bdaa
TRACE 375 BF16_VALUE 3427 bf9f
TRACE 375 BF16_VALUE 3428 beb9
TRACE 375 BF16_VALUE 3429 bf91
TRACE 375 BF16_VALUE 3430 bf29
TRACE 375 BF16_VALUE 3431 3ef1
TRACE 375 BF16_VALUE 3432 bf3d
TRACE 375 BF16_VALUE 3433 bfa3
TRACE 375 BF16_VALUE 3434 3f73
TRACE 375 BF16_VALUE 3435 3fd8
TRACE 375 BF16_VALUE 3436 4028
TRACE 375 BF16_VALUE 3437 3fda
TRACE 375 BF16_VALUE 3438 3eae
TRACE 375 BF16_VALUE 3439 3d0f
TRACE 376 BF16_VALUE 3440 3d25
TRACE 376 BF16_VALUE 3441 3f93
TRACE 376 BF16_VALUE 3442 bdce
TRACE 376 BF16_VALUE 3443 3d8c
TRACE 376 BF16_VALUE 3444 3c0f
TRACE 376 BF16_VALUE 3445 bf9a
TRACE 376 BF16_VALUE 3446 bed1
TRACE 376 BF16_VALUE 3447 3d08
TRACE 376 BF16_VALUE 3448 bf9a
TRACE 376 BF16_VALUE 3449 bec6
TRACE 376 BF16_VALUE 3450 3d3a
TRACE 376 BF16_VALUE 3451 3eec
TRACE 376 BF16_VALUE 3452 3e8b
TRACE 376 BF16_VALUE 3453 3fb1
TRACE 376 BF16_VALUE 3454 3e92
TRACE 376 BF16_VALUE 3455 bbb4
TRACE 377 A8_OUTPUT 3392 0
TRACE 377 BF16_OUTPUT 3392 bc00
TRACE 377 A8_OUTPUT 3393 -24
TRACE 377 BF16_OUTPUT 3393 bf79
TRACE 377 A8_OUTPUT 3394 -15
TRACE 377 BF16_OUTPUT 3394 bf1d
TRACE 377 A8_OUTPUT 3395 -24
TRACE 377 BF16_OUTPUT 3395 bf77
TRACE 377 A8_OUTPUT 3396 8
TRACE 377 BF16_OUTPUT 3396 3ea1
TRACE 377 A8_OUTPUT 3397 -40
TRACE 377 BF16_OUTPUT 3397 bfd1
TRACE 377 A8_OUTPUT 3398 -3
TRACE 377 BF16_OUTPUT 3398 bddb
TRACE 377 A8_OUTPUT 3399 13
TRACE 377 BF16_OUTPUT 3399 3f03
TRACE 377 A8_OUTPUT 3400 -16
TRACE 377 BF16_OUTPUT 3400 bf23
TRACE 377 A8_OUTPUT 3401 -8
TRACE 377 BF16_OUTPUT 3401 beae
TRACE 377 A8_OUTPUT 3402 -16
TRACE 377 BF16_OUTPUT 3402 bf24
TRACE 377 A8_OUTPUT 3403 0
TRACE 377 BF16_OUTPUT 3403 3c56
TRACE 377 A8_OUTPUT 3404 50
TRACE 377 BF16_OUTPUT 3404 4001
TRACE 377 A8_OUTPUT 3405 42
TRACE 377 BF16_OUTPUT 3405 3fd9
TRACE 377 A8_OUTPUT 3406 0
TRACE 377 BF16_OUTPUT 3406 bc8b
TRACE 377 A8_OUTPUT 3407 1
TRACE 377 BF16_OUTPUT 3407 3d35
TRACE 377 A8_OUTPUT 3408 -15
TRACE 377 BF16_OUTPUT 3408 bf1a
TRACE 377 A8_OUTPUT 3409 6
TRACE 377 BF16_OUTPUT 3409 3e7a
TRACE 377 A8_OUTPUT 3410 -24
TRACE 377 BF16_OUTPUT 3410 bf77
TRACE 377 A8_OUTPUT 3411 -13
TRACE 377 BF16_OUTPUT 3411 bf0c
TRACE 377 A8_OUTPUT 3412 15
TRACE 377 BF16_OUTPUT 3412 3f1d
TRACE 377 A8_OUTPUT 3413 -7
TRACE 377 BF16_OUTPUT 3413 be99
TRACE 377 A8_OUTPUT 3414 -44
TRACE 377 BF16_OUTPUT 3414 bfe6
TRACE 377 A8_OUTPUT 3415 -15
TRACE 377 BF16_OUTPUT 3415 bf1d
TRACE 377 A8_OUTPUT 3416 23
TRACE 377 BF16_OUTPUT 3416 3f6a
TRACE 377 A8_OUTPUT 3417 -31
TRACE 377 BF16_OUTPUT 3417 bfa2
TRACE 377 A8_OUTPUT 3418 24
TRACE 377 BF16_OUTPUT 3418 3f7a
TRACE 377 A8_OUTPUT 3419 -9
TRACE 377 BF16_OUTPUT 3419 beba
TRACE 377 A8_OUTPUT 3420 12
TRACE 377 BF16_OUTPUT 3420 3f01
TRACE 377 A8_OUTPUT 3421 15
TRACE 377 BF16_OUTPUT 3421 3f17
TRACE 377 A8_OUTPUT 3422 -24
TRACE 377 BF16_OUTPUT 3422 bf77
TRACE 377 A8_OUTPUT 3423 29
TRACE 377 BF16_OUTPUT 3423 3f98
TRACE 377 A8_OUTPUT 3424 -29
TRACE 377 BF16_OUTPUT 3424 bf98
TRACE 377 A8_OUTPUT 3425 17
TRACE 377 BF16_OUTPUT 3425 3f2e
TRACE 377 A8_OUTPUT 3426 -2
TRACE 377 BF16_OUTPUT 3426 bdaa
TRACE 377 A8_OUTPUT 3427 -31
TRACE 377 BF16_OUTPUT 3427 bf9f
TRACE 377 A8_OUTPUT 3428 -9
TRACE 377 BF16_OUTPUT 3428 beb9
TRACE 377 A8_OUTPUT 3429 -28
TRACE 377 BF16_OUTPUT 3429 bf91
TRACE 377 A8_OUTPUT 3430 -16
TRACE 377 BF16_OUTPUT 3430 bf29
TRACE 377 A8_OUTPUT 3431 12
TRACE 377 BF16_OUTPUT 3431 3ef1
TRACE 377 A8_OUTPUT 3432 -18
TRACE 377 BF16_OUTPUT 3432 bf3d
TRACE 377 A8_OUTPUT 3433 -31
TRACE 377 BF16_OUTPUT 3433 bfa3
TRACE 377 A8_OUTPUT 3434 23
TRACE 377 BF16_OUTPUT 3434 3f73
TRACE 377 A8_OUTPUT 3435 42
TRACE 377 BF16_OUTPUT 3435 3fd8
TRACE 377 A8_OUTPUT 3436 65
TRACE 377 BF16_OUTPUT 3436 4028
TRACE 377 A8_OUTPUT 3437 42
TRACE 377 BF16_OUTPUT 3437 3fda
TRACE 377 A8_OUTPUT 3438 8
TRACE 377 BF16_OUTPUT 3438 3eae
TRACE 377 A8_OUTPUT 3439 1
TRACE 377 BF16_OUTPUT 3439 3d0f
TRACE 377 A8_OUTPUT 3440 1
TRACE 377 BF16_OUTPUT 3440 3d25
TRACE 377 A8_OUTPUT 3441 28
TRACE 377 BF16_OUTPUT 3441 3f93
TRACE 377 A8_OUTPUT 3442 -2
TRACE 377 BF16_OUTPUT 3442 bdce
TRACE 377 A8_OUTPUT 3443 2
TRACE 377 BF16_OUTPUT 3443 3d8c
TRACE 377 A8_OUTPUT 3444 0
TRACE 377 BF16_OUTPUT 3444 3c0f
TRACE 377 A8_OUTPUT 3445 -30
TRACE 377 BF16_OUTPUT 3445 bf9a
TRACE 377 A8_OUTPUT 3446 -10
TRACE 377 BF16_OUTPUT 3446 bed1
TRACE 377 A8_OUTPUT 3447 1
TRACE 377 BF16_OUTPUT 3447 3d08
TRACE 377 A8_OUTPUT 3448 -30
TRACE 377 BF16_OUTPUT 3448 bf9a
TRACE 377 A8_OUTPUT 3449 -10
TRACE 377 BF16_OUTPUT 3449 bec6
TRACE 377 A8_OUTPUT 3450 1
TRACE 377 BF16_OUTPUT 3450 3d3a
TRACE 377 A8_OUTPUT 3451 11
TRACE 377 BF16_OUTPUT 3451 3eec
TRACE 377 A8_OUTPUT 3452 7
TRACE 377 BF16_OUTPUT 3452 3e8b
TRACE 377 A8_OUTPUT 3453 34
TRACE 377 BF16_OUTPUT 3453 3fb1
TRACE 377 A8_OUTPUT 3454 7
TRACE 377 BF16_OUTPUT 3454 3e92
TRACE 377 A8_OUTPUT 3455 0
TRACE 377 BF16_OUTPUT 3455 bbb4
TRACE 378 INPUT_ACCEPT 54 0
TRACE 379 BF16_GROUP_ISSUE 54 0
TRACE 380 BF16_GROUP_ISSUE 54 1
TRACE 380 BF16_VALUE 3456 3fc6
TRACE 380 BF16_VALUE 3457 be95
TRACE 380 BF16_VALUE 3458 3f3a
TRACE 380 BF16_VALUE 3459 bf28
TRACE 380 BF16_VALUE 3460 3e97
TRACE 380 BF16_VALUE 3461 bdb7
TRACE 380 BF16_VALUE 3462 bdd7
TRACE 380 BF16_VALUE 3463 3f07
TRACE 380 BF16_VALUE 3464 bfc1
TRACE 380 BF16_VALUE 3465 bf3c
TRACE 380 BF16_VALUE 3466 403d
TRACE 380 BF16_VALUE 3467 3ef0
TRACE 380 BF16_VALUE 3468 be79
TRACE 380 BF16_VALUE 3469 be6e
TRACE 380 BF16_VALUE 3470 bf49
TRACE 380 BF16_VALUE 3471 3c80
TRACE 381 BF16_GROUP_ISSUE 54 2
TRACE 381 BF16_VALUE 3472 3f8a
TRACE 381 BF16_VALUE 3473 3fc0
TRACE 381 BF16_VALUE 3474 bfc5
TRACE 381 BF16_VALUE 3475 bfb1
TRACE 381 BF16_VALUE 3476 3f8d
TRACE 381 BF16_VALUE 3477 3ffa
TRACE 381 BF16_VALUE 3478 bfbb
TRACE 381 BF16_VALUE 3479 bee5
TRACE 381 BF16_VALUE 3480 bf9e
TRACE 381 BF16_VALUE 3481 bf90
TRACE 381 BF16_VALUE 3482 3def
TRACE 381 BF16_VALUE 3483 3e94
TRACE 381 BF16_VALUE 3484 3f86
TRACE 381 BF16_VALUE 3485 3ef1
TRACE 381 BF16_VALUE 3486 3e88
TRACE 381 BF16_VALUE 3487 bffc
TRACE 382 BF16_GROUP_ISSUE 54 3
TRACE 382 BF16_VALUE 3488 beb9
TRACE 382 BF16_VALUE 3489 bfbb
TRACE 382 BF16_VALUE 3490 3f85
TRACE 382 BF16_VALUE 3491 bfee
TRACE 382 BF16_VALUE 3492 4008
TRACE 382 BF16_VALUE 3493 3d2f
TRACE 382 BF16_VALUE 3494 c00e
TRACE 382 BF16_VALUE 3495 3f67
TRACE 382 BF16_VALUE 3496 3f88
TRACE 382 BF16_VALUE 3497 3ef1
TRACE 382 BF16_VALUE 3498 3e9d
TRACE 382 BF16_VALUE 3499 c025
TRACE 382 BF16_VALUE 3500 bf3a
TRACE 382 BF16_VALUE 3501 3e27
TRACE 382 BF16_VALUE 3502 4016
TRACE 382 BF16_VALUE 3503 c034
TRACE 383 BF16_VALUE 3504 3f23
TRACE 383 BF16_VALUE 3505 bdc0
TRACE 383 BF16_VALUE 3506 3de5
TRACE 383 BF16_VALUE 3507 3f57
TRACE 383 BF16_VALUE 3508 3d2e
TRACE 383 BF16_VALUE 3509 3f97
TRACE 383 BF16_VALUE 3510 be1d
TRACE 383 BF16_VALUE 3511 3e8c
TRACE 383 BF16_VALUE 3512 3eea
TRACE 383 BF16_VALUE 3513 befd
TRACE 383 BF16_VALUE 3514 3efa
TRACE 383 BF16_VALUE 3515 3e53
TRACE 383 BF16_VALUE 3516 3e21
TRACE 383 BF16_VALUE 3517 3f8b
TRACE 383 BF16_VALUE 3518 3e5e
TRACE 383 BF16_VALUE 3519 bf95
TRACE 384 A8_OUTPUT 3456 38
TRACE 384 BF16_OUTPUT 3456 3fc6
TRACE 384 A8_OUTPUT 3457 -7
TRACE 384 BF16_OUTPUT 3457 be95
TRACE 384 A8_OUTPUT 3458 18
TRACE 384 BF16_OUTPUT 3458 3f3a
TRACE 384 A8_OUTPUT 3459 -16
TRACE 384 BF16_OUTPUT 3459 bf28
TRACE 384 A8_OUTPUT 3460 7
TRACE 384 BF16_OUTPUT 3460 3e97
TRACE 384 A8_OUTPUT 3461 -2
TRACE 384 BF16_OUTPUT 3461 bdb7
TRACE 384 A8_OUTPUT 3462 -3
TRACE 384 BF16_OUTPUT 3462 bdd7
TRACE 384 A8_OUTPUT 3463 13
TRACE 384 BF16_OUTPUT 3463 3f07
TRACE 384 A8_OUTPUT 3464 -37
TRACE 384 BF16_OUTPUT 3464 bfc1
TRACE 384 A8_OUTPUT 3465 -18
TRACE 384 BF16_OUTPUT 3465 bf3c
TRACE 384 A8_OUTPUT 3466 73
TRACE 384 BF16_OUTPUT 3466 403d
TRACE 384 A8_OUTPUT 3467 12
TRACE 384 BF16_OUTPUT 3467 3ef0
TRACE 384 A8_OUTPUT 3468 -6
TRACE 384 BF16_OUTPUT 3468 be79
TRACE 384 A8_OUTPUT 3469 -6
TRACE 384 BF16_OUTPUT 3469 be6e
TRACE 384 A8_OUTPUT 3470 -19
TRACE 384 BF16_OUTPUT 3470 bf49
TRACE 384 A8_OUTPUT 3471 0
TRACE 384 BF16_OUTPUT 3471 3c80
TRACE 384 A8_OUTPUT 3472 27
TRACE 384 BF16_OUTPUT 3472 3f8a
TRACE 384 A8_OUTPUT 3473 37
TRACE 384 BF16_OUTPUT 3473 3fc0
TRACE 384 A8_OUTPUT 3474 -38
TRACE 384 BF16_OUTPUT 3474 bfc5
TRACE 384 A8_OUTPUT 3475 -34
TRACE 384 BF16_OUTPUT 3475 bfb1
TRACE 384 A8_OUTPUT 3476 27
TRACE 384 BF16_OUTPUT 3476 3f8d
TRACE 384 A8_OUTPUT 3477 48
TRACE 384 BF16_OUTPUT 3477 3ffa
TRACE 384 A8_OUTPUT 3478 -36
TRACE 384 BF16_OUTPUT 3478 bfbb
TRACE 384 A8_OUTPUT 3479 -11
TRACE 384 BF16_OUTPUT 3479 bee5
TRACE 384 A8_OUTPUT 3480 -31
TRACE 384 BF16_OUTPUT 3480 bf9e
TRACE 384 A8_OUTPUT 3481 -28
TRACE 384 BF16_OUTPUT 3481 bf90
TRACE 384 A8_OUTPUT 3482 3
TRACE 384 BF16_OUTPUT 3482 3def
TRACE 384 A8_OUTPUT 3483 7
TRACE 384 BF16_OUTPUT 3483 3e94
TRACE 384 A8_OUTPUT 3484 26
TRACE 384 BF16_OUTPUT 3484 3f86
TRACE 384 A8_OUTPUT 3485 12
TRACE 384 BF16_OUTPUT 3485 3ef1
TRACE 384 A8_OUTPUT 3486 7
TRACE 384 BF16_OUTPUT 3486 3e88
TRACE 384 A8_OUTPUT 3487 -49
TRACE 384 BF16_OUTPUT 3487 bffc
TRACE 384 A8_OUTPUT 3488 -9
TRACE 384 BF16_OUTPUT 3488 beb9
TRACE 384 A8_OUTPUT 3489 -36
TRACE 384 BF16_OUTPUT 3489 bfbb
TRACE 384 A8_OUTPUT 3490 26
TRACE 384 BF16_OUTPUT 3490 3f85
TRACE 384 A8_OUTPUT 3491 -46
TRACE 384 BF16_OUTPUT 3491 bfee
TRACE 384 A8_OUTPUT 3492 53
TRACE 384 BF16_OUTPUT 3492 4008
TRACE 384 A8_OUTPUT 3493 1
TRACE 384 BF16_OUTPUT 3493 3d2f
TRACE 384 A8_OUTPUT 3494 -55
TRACE 384 BF16_OUTPUT 3494 c00e
TRACE 384 A8_OUTPUT 3495 22
TRACE 384 BF16_OUTPUT 3495 3f67
TRACE 384 A8_OUTPUT 3496 26
TRACE 384 BF16_OUTPUT 3496 3f88
TRACE 384 A8_OUTPUT 3497 12
TRACE 384 BF16_OUTPUT 3497 3ef1
TRACE 384 A8_OUTPUT 3498 8
TRACE 384 BF16_OUTPUT 3498 3e9d
TRACE 384 A8_OUTPUT 3499 -64
TRACE 384 BF16_OUTPUT 3499 c025
TRACE 384 A8_OUTPUT 3500 -18
TRACE 384 BF16_OUTPUT 3500 bf3a
TRACE 384 A8_OUTPUT 3501 4
TRACE 384 BF16_OUTPUT 3501 3e27
TRACE 384 A8_OUTPUT 3502 58
TRACE 384 BF16_OUTPUT 3502 4016
TRACE 384 A8_OUTPUT 3503 -69
TRACE 384 BF16_OUTPUT 3503 c034
TRACE 384 A8_OUTPUT 3504 16
TRACE 384 BF16_OUTPUT 3504 3f23
TRACE 384 A8_OUTPUT 3505 -2
TRACE 384 BF16_OUTPUT 3505 bdc0
TRACE 384 A8_OUTPUT 3506 3
TRACE 384 BF16_OUTPUT 3506 3de5
TRACE 384 A8_OUTPUT 3507 21
TRACE 384 BF16_OUTPUT 3507 3f57
TRACE 384 A8_OUTPUT 3508 1
TRACE 384 BF16_OUTPUT 3508 3d2e
TRACE 384 A8_OUTPUT 3509 29
TRACE 384 BF16_OUTPUT 3509 3f97
TRACE 384 A8_OUTPUT 3510 -4
TRACE 384 BF16_OUTPUT 3510 be1d
TRACE 384 A8_OUTPUT 3511 7
TRACE 384 BF16_OUTPUT 3511 3e8c
TRACE 384 A8_OUTPUT 3512 11
TRACE 384 BF16_OUTPUT 3512 3eea
TRACE 384 A8_OUTPUT 3513 -12
TRACE 384 BF16_OUTPUT 3513 befd
TRACE 384 A8_OUTPUT 3514 12
TRACE 384 BF16_OUTPUT 3514 3efa
TRACE 384 A8_OUTPUT 3515 5
TRACE 384 BF16_OUTPUT 3515 3e53
TRACE 384 A8_OUTPUT 3516 4
TRACE 384 BF16_OUTPUT 3516 3e21
TRACE 384 A8_OUTPUT 3517 27
TRACE 384 BF16_OUTPUT 3517 3f8b
TRACE 384 A8_OUTPUT 3518 5
TRACE 384 BF16_OUTPUT 3518 3e5e
TRACE 384 A8_OUTPUT 3519 -29
TRACE 384 BF16_OUTPUT 3519 bf95
TRACE 385 INPUT_ACCEPT 55 0
TRACE 386 BF16_GROUP_ISSUE 55 0
TRACE 387 BF16_GROUP_ISSUE 55 1
TRACE 387 BF16_VALUE 3520 3f9d
TRACE 387 BF16_VALUE 3521 3f17
TRACE 387 BF16_VALUE 3522 3ebe
TRACE 387 BF16_VALUE 3523 3f74
TRACE 387 BF16_VALUE 3524 3ee8
TRACE 387 BF16_VALUE 3525 c020
TRACE 387 BF16_VALUE 3526 3ee1
TRACE 387 BF16_VALUE 3527 bdb2
TRACE 387 BF16_VALUE 3528 3fae
TRACE 387 BF16_VALUE 3529 bf33
TRACE 387 BF16_VALUE 3530 3df6
TRACE 387 BF16_VALUE 3531 3f99
TRACE 387 BF16_VALUE 3532 bf67
TRACE 387 BF16_VALUE 3533 3f2f
TRACE 387 BF16_VALUE 3534 4004
TRACE 387 BF16_VALUE 3535 3fae
TRACE 388 BF16_GROUP_ISSUE 55 2
TRACE 388 BF16_VALUE 3536 bf93
TRACE 388 BF16_VALUE 3537 3e96
TRACE 388 BF16_VALUE 3538 bfae
TRACE 388 BF16_VALUE 3539 3ed7
TRACE 388 BF16_VALUE 3540 3fbe
TRACE 388 BF16_VALUE 3541 3eaa
TRACE 388 BF16_VALUE 3542 3fe3
TRACE 388 BF16_VALUE 3543 bfa6
TRACE 388 BF16_VALUE 3544 4001
TRACE 388 BF16_VALUE 3545 bffa
TRACE 388 BF16_VALUE 3546 3f38
TRACE 388 BF16_VALUE 3547 bf8c
TRACE 388 BF16_VALUE 3548 400f
TRACE 388 BF16_VALUE 3549 3fc5
TRACE 388 BF16_VALUE 3550 bf99
TRACE 388 BF16_VALUE 3551 3fa7
TRACE 389 BF16_GROUP_ISSUE 55 3
TRACE 389 BF16_VALUE 3552 3fc1
TRACE 389 BF16_VALUE 3553 3f85
TRACE 389 BF16_VALUE 3554 bf5b
TRACE 389 BF16_VALUE 3555 3fdd
TRACE 389 BF16_VALUE 3556 be96
TRACE 389 BF16_VALUE 3557 bf44
TRACE 389 BF16_VALUE 3558 3ebb
TRACE 389 BF16_VALUE 3559 3fa0
TRACE 389 BF16_VALUE 3560 bdf5
TRACE 389 BF16_VALUE 3561 3ec2
TRACE 389 BF16_VALUE 3562 bec5
TRACE 389 BF16_VALUE 3563 bf37
TRACE 389 BF16_VALUE 3564 c045
TRACE 389 BF16_VALUE 3565 c009
TRACE 389 BF16_VALUE 3566 bf8e
TRACE 389 BF16_VALUE 3567 3e05
TRACE 390 BF16_VALUE 3568 bfc6
TRACE 390 BF16_VALUE 3569 c035
TRACE 390 BF16_VALUE 3570 bf2b
TRACE 390 BF16_VALUE 3571 bf93
TRACE 390 BF16_VALUE 3572 bf6a
TRACE 390 BF16_VALUE 3573 3f03
TRACE 390 BF16_VALUE 3574 bee2
TRACE 390 BF16_VALUE 3575 bf37
TRACE 390 BF16_VALUE 3576 bfb2
TRACE 390 BF16_VALUE 3577 bed2
TRACE 390 BF16_VALUE 3578 bdf8
TRACE 390 BF16_VALUE 3579 bf12
TRACE 390 BF16_VALUE 3580 3ed5
TRACE 390 BF16_VALUE 3581 3e72
TRACE 390 BF16_VALUE 3582 3f81
TRACE 390 BF16_VALUE 3583 bf24
TRACE 391 A8_OUTPUT 3520 30
TRACE 391 BF16_OUTPUT 3520 3f9d
TRACE 391 A8_OUTPUT 3521 15
TRACE 391 BF16_OUTPUT 3521 3f17
TRACE 391 A8_OUTPUT 3522 9
TRACE 391 BF16_OUTPUT 3522 3ebe
TRACE 391 A8_OUTPUT 3523 23
TRACE 391 BF16_OUTPUT 3523 3f74
TRACE 391 A8_OUTPUT 3524 11
TRACE 391 BF16_OUTPUT 3524 3ee8
TRACE 391 A8_OUTPUT 3525 -62
TRACE 391 BF16_OUTPUT 3525 c020
TRACE 391 A8_OUTPUT 3526 11
TRACE 391 BF16_OUTPUT 3526 3ee1
TRACE 391 A8_OUTPUT 3527 -2
TRACE 391 BF16_OUTPUT 3527 bdb2
TRACE 391 A8_OUTPUT 3528 33
TRACE 391 BF16_OUTPUT 3528 3fae
TRACE 391 A8_OUTPUT 3529 -17
TRACE 391 BF16_OUTPUT 3529 bf33
TRACE 391 A8_OUTPUT 3530 3
TRACE 391 BF16_OUTPUT 3530 3df6
TRACE 391 A8_OUTPUT 3531 29
TRACE 391 BF16_OUTPUT 3531 3f99
TRACE 391 A8_OUTPUT 3532 -22
TRACE 391 BF16_OUTPUT 3532 bf67
TRACE 391 A8_OUTPUT 3533 17
TRACE 391 BF16_OUTPUT 3533 3f2f
TRACE 391 A8_OUTPUT 3534 51
TRACE 391 BF16_OUTPUT 3534 4004
TRACE 391 A8_OUTPUT 3535 34
TRACE 391 BF16_OUTPUT 3535 3fae
TRACE 391 A8_OUTPUT 3536 -28
TRACE 391 BF16_OUTPUT 3536 bf93
TRACE 391 A8_OUTPUT 3537 7
TRACE 391 BF16_OUTPUT 3537 3e96
TRACE 391 A8_OUTPUT 3538 -33
TRACE 391 BF16_OUTPUT 3538 bfae
TRACE 391 A8_OUTPUT 3539 10
TRACE 391 BF16_OUTPUT 3539 3ed7
TRACE 391 A8_OUTPUT 3540 37
TRACE 391 BF16_OUTPUT 3540 3fbe
TRACE 391 A8_OUTPUT 3541 8
TRACE 391 BF16_OUTPUT 3541 3eaa
TRACE 391 A8_OUTPUT 3542 44
TRACE 391 BF16_OUTPUT 3542 3fe3
TRACE 391 A8_OUTPUT 3543 -32
TRACE 391 BF16_OUTPUT 3543 bfa6
TRACE 391 A8_OUTPUT 3544 50
TRACE 391 BF16_OUTPUT 3544 4001
TRACE 391 A8_OUTPUT 3545 -48
TRACE 391 BF16_OUTPUT 3545 bffa
TRACE 391 A8_OUTPUT 3546 18
TRACE 391 BF16_OUTPUT 3546 3f38
TRACE 391 A8_OUTPUT 3547 -27
TRACE 391 BF16_OUTPUT 3547 bf8c
TRACE 391 A8_OUTPUT 3548 55
TRACE 391 BF16_OUTPUT 3548 400f
TRACE 391 A8_OUTPUT 3549 38
TRACE 391 BF16_OUTPUT 3549 3fc5
TRACE 391 A8_OUTPUT 3550 -29
TRACE 391 BF16_OUTPUT 3550 bf99
TRACE 391 A8_OUTPUT 3551 32
TRACE 391 BF16_OUTPUT 3551 3fa7
TRACE 391 A8_OUTPUT 3552 37
TRACE 391 BF16_OUTPUT 3552 3fc1
TRACE 391 A8_OUTPUT 3553 26
TRACE 391 BF16_OUTPUT 3553 3f85
TRACE 391 A8_OUTPUT 3554 -21
TRACE 391 BF16_OUTPUT 3554 bf5b
TRACE 391 A8_OUTPUT 3555 43
TRACE 391 BF16_OUTPUT 3555 3fdd
TRACE 391 A8_OUTPUT 3556 -7
TRACE 391 BF16_OUTPUT 3556 be96
TRACE 391 A8_OUTPUT 3557 -19
TRACE 391 BF16_OUTPUT 3557 bf44
TRACE 391 A8_OUTPUT 3558 9
TRACE 391 BF16_OUTPUT 3558 3ebb
TRACE 391 A8_OUTPUT 3559 31
TRACE 391 BF16_OUTPUT 3559 3fa0
TRACE 391 A8_OUTPUT 3560 -3
TRACE 391 BF16_OUTPUT 3560 bdf5
TRACE 391 A8_OUTPUT 3561 9
TRACE 391 BF16_OUTPUT 3561 3ec2
TRACE 391 A8_OUTPUT 3562 -9
TRACE 391 BF16_OUTPUT 3562 bec5
TRACE 391 A8_OUTPUT 3563 -18
TRACE 391 BF16_OUTPUT 3563 bf37
TRACE 391 A8_OUTPUT 3564 -76
TRACE 391 BF16_OUTPUT 3564 c045
TRACE 391 A8_OUTPUT 3565 -53
TRACE 391 BF16_OUTPUT 3565 c009
TRACE 391 A8_OUTPUT 3566 -27
TRACE 391 BF16_OUTPUT 3566 bf8e
TRACE 391 A8_OUTPUT 3567 3
TRACE 391 BF16_OUTPUT 3567 3e05
TRACE 391 A8_OUTPUT 3568 -38
TRACE 391 BF16_OUTPUT 3568 bfc6
TRACE 391 A8_OUTPUT 3569 -70
TRACE 391 BF16_OUTPUT 3569 c035
TRACE 391 A8_OUTPUT 3570 -16
TRACE 391 BF16_OUTPUT 3570 bf2b
TRACE 391 A8_OUTPUT 3571 -28
TRACE 391 BF16_OUTPUT 3571 bf93
TRACE 391 A8_OUTPUT 3572 -23
TRACE 391 BF16_OUTPUT 3572 bf6a
TRACE 391 A8_OUTPUT 3573 13
TRACE 391 BF16_OUTPUT 3573 3f03
TRACE 391 A8_OUTPUT 3574 -11
TRACE 391 BF16_OUTPUT 3574 bee2
TRACE 391 A8_OUTPUT 3575 -18
TRACE 391 BF16_OUTPUT 3575 bf37
TRACE 391 A8_OUTPUT 3576 -34
TRACE 391 BF16_OUTPUT 3576 bfb2
TRACE 391 A8_OUTPUT 3577 -10
TRACE 391 BF16_OUTPUT 3577 bed2
TRACE 391 A8_OUTPUT 3578 -3
TRACE 391 BF16_OUTPUT 3578 bdf8
TRACE 391 A8_OUTPUT 3579 -14
TRACE 391 BF16_OUTPUT 3579 bf12
TRACE 391 A8_OUTPUT 3580 10
TRACE 391 BF16_OUTPUT 3580 3ed5
TRACE 391 A8_OUTPUT 3581 6
TRACE 391 BF16_OUTPUT 3581 3e72
TRACE 391 A8_OUTPUT 3582 25
TRACE 391 BF16_OUTPUT 3582 3f81
TRACE 391 A8_OUTPUT 3583 -16
TRACE 391 BF16_OUTPUT 3583 bf24
TRACE 392 INPUT_ACCEPT 56 0
TRACE 393 BF16_GROUP_ISSUE 56 0
TRACE 394 BF16_GROUP_ISSUE 56 1
TRACE 394 BF16_VALUE 3584 3f1e
TRACE 394 BF16_VALUE 3585 c00d
TRACE 394 BF16_VALUE 3586 bf74
TRACE 394 BF16_VALUE 3587 3deb
TRACE 394 BF16_VALUE 3588 bf3f
TRACE 394 BF16_VALUE 3589 3f67
TRACE 394 BF16_VALUE 3590 bfe2
TRACE 394 BF16_VALUE 3591 3f0d
TRACE 394 BF16_VALUE 3592 3e88
TRACE 394 BF16_VALUE 3593 3e28
TRACE 394 BF16_VALUE 3594 bf0f
TRACE 394 BF16_VALUE 3595 3fb0
TRACE 394 BF16_VALUE 3596 3e48
TRACE 394 BF16_VALUE 3597 c00f
TRACE 394 BF16_VALUE 3598 bef7
TRACE 394 BF16_VALUE 3599 bf28
TRACE 395 BF16_GROUP_ISSUE 56 2
TRACE 395 BF16_VALUE 3600 3f0e
TRACE 395 BF16_VALUE 3601 bec3
TRACE 395 BF16_VALUE 3602 3fc9
TRACE 395 BF16_VALUE 3603 be5c
TRACE 395 BF16_VALUE 3604 3e5b
TRACE 395 BF16_VALUE 3605 be58
TRACE 395 BF16_VALUE 3606 be0c
TRACE 395 BF16_VALUE 3607 bf25
TRACE 395 BF16_VALUE 3608 3dcd
TRACE 395 BF16_VALUE 3609 bebc
TRACE 395 BF16_VALUE 3610 3ddf
TRACE 395 BF16_VALUE 3611 3ea8
TRACE 395 BF16_VALUE 3612 3f56
TRACE 395 BF16_VALUE 3613 3fac
TRACE 395 BF16_VALUE 3614 bf15
TRACE 395 BF16_VALUE 3615 3f8a
TRACE 396 BF16_GROUP_ISSUE 56 3
TRACE 396 BF16_VALUE 3616 3ea3
TRACE 396 BF16_VALUE 3617 be81
TRACE 396 BF16_VALUE 3618 3f4b
TRACE 396 BF16_VALUE 3619 be65
TRACE 396 BF16_VALUE 3620 bdc5
TRACE 396 BF16_VALUE 3621 bfa4
TRACE 396 BF16_VALUE 3622 bebc
TRACE 396 BF16_VALUE 3623 3f62
TRACE 396 BF16_VALUE 3624 3f0f
TRACE 396 BF16_VALUE 3625 be86
TRACE 396 BF16_VALUE 3626 bcaf
TRACE 396 BF16_VALUE 3627 bfa9
TRACE 396 BF16_VALUE 3628 bf45
TRACE 396 BF16_VALUE 3629 3ea5
TRACE 396 BF16_VALUE 3630 3fd5
TRACE 396 BF16_VALUE 3631 3dcd
TRACE 397 BF16_VALUE 3632 3f96
TRACE 397 BF16_VALUE 3633 bfb6
TRACE 397 BF16_VALUE 3634 3e28
TRACE 397 BF16_VALUE 3635 3ea6
TRACE 397 BF16_VALUE 3636 bf2c
TRACE 397 BF16_VALUE 3637 be81
TRACE 397 BF16_VALUE 3638 3e0a
TRACE 397 BF16_VALUE 3639 3e63
TRACE 397 BF16_VALUE 3640 3f68
TRACE 397 BF16_VALUE 3641 3f37
TRACE 397 BF16_VALUE 3642 3f18
TRACE 397 BF16_VALUE 3643 bf4e
TRACE 397 BF16_VALUE 3644 bfa8
TRACE 397 BF16_VALUE 3645 bec1
TRACE 397 BF16_VALUE 3646 bf52
TRACE 397 BF16_VALUE 3647 3db1
TRACE 398 A8_OUTPUT 3584 15
TRACE 398 BF16_OUTPUT 3584 3f1e
TRACE 398 A8_OUTPUT 3585 -54
TRACE 398 BF16_OUTPUT 3585 c00d
TRACE 398 A8_OUTPUT 3586 -23
TRACE 398 BF16_OUTPUT 3586 bf74
TRACE 398 A8_OUTPUT 3587 3
TRACE 398 BF16_OUTPUT 3587 3deb
TRACE 398 A8_OUTPUT 3588 -18
TRACE 398 BF16_OUTPUT 3588 bf3f
TRACE 398 A8_OUTPUT 3589 22
TRACE 398 BF16_OUTPUT 3589 3f67
TRACE 398 A8_OUTPUT 3590 -44
TRACE 398 BF16_OUTPUT 3590 bfe2
TRACE 398 A8_OUTPUT 3591 14
TRACE 398 BF16_OUTPUT 3591 3f0d
TRACE 398 A8_OUTPUT 3592 7
TRACE 398 BF16_OUTPUT 3592 3e88
TRACE 398 A8_OUTPUT 3593 4
TRACE 398 BF16_OUTPUT 3593 3e28
TRACE 398 A8_OUTPUT 3594 -14
TRACE 398 BF16_OUTPUT 3594 bf0f
TRACE 398 A8_OUTPUT 3595 34
TRACE 398 BF16_OUTPUT 3595 3fb0
TRACE 398 A8_OUTPUT 3596 5
TRACE 398 BF16_OUTPUT 3596 3e48
TRACE 398 A8_OUTPUT 3597 -55
TRACE 398 BF16_OUTPUT 3597 c00f
TRACE 398 A8_OUTPUT 3598 -12
TRACE 398 BF16_OUTPUT 3598 bef7
TRACE 398 A8_OUTPUT 3599 -16
TRACE 398 BF16_OUTPUT 3599 bf28
TRACE 398 A8_OUTPUT 3600 14
TRACE 398 BF16_OUTPUT 3600 3f0e
TRACE 398 A8_OUTPUT 3601 -9
TRACE 398 BF16_OUTPUT 3601 bec3
TRACE 398 A8_OUTPUT 3602 39
TRACE 398 BF16_OUTPUT 3602 3fc9
TRACE 398 A8_OUTPUT 3603 -5
TRACE 398 BF16_OUTPUT 3603 be5c
TRACE 398 A8_OUTPUT 3604 5
TRACE 398 BF16_OUTPUT 3604 3e5b
TRACE 398 A8_OUTPUT 3605 -5
TRACE 398 BF16_OUTPUT 3605 be58
TRACE 398 A8_OUTPUT 3606 -3
TRACE 398 BF16_OUTPUT 3606 be0c
TRACE 398 A8_OUTPUT 3607 -16
TRACE 398 BF16_OUTPUT 3607 bf25
TRACE 398 A8_OUTPUT 3608 2
TRACE 398 BF16_OUTPUT 3608 3dcd
TRACE 398 A8_OUTPUT 3609 -9
TRACE 398 BF16_OUTPUT 3609 bebc
TRACE 398 A8_OUTPUT 3610 3
TRACE 398 BF16_OUTPUT 3610 3ddf
TRACE 398 A8_OUTPUT 3611 8
TRACE 398 BF16_OUTPUT 3611 3ea8
TRACE 398 A8_OUTPUT 3612 21
TRACE 398 BF16_OUTPUT 3612 3f56
TRACE 398 A8_OUTPUT 3613 33
TRACE 398 BF16_OUTPUT 3613 3fac
TRACE 398 A8_OUTPUT 3614 -14
TRACE 398 BF16_OUTPUT 3614 bf15
TRACE 398 A8_OUTPUT 3615 27
TRACE 398 BF16_OUTPUT 3615 3f8a
TRACE 398 A8_OUTPUT 3616 8
TRACE 398 BF16_OUTPUT 3616 3ea3
TRACE 398 A8_OUTPUT 3617 -6
TRACE 398 BF16_OUTPUT 3617 be81
TRACE 398 A8_OUTPUT 3618 20
TRACE 398 BF16_OUTPUT 3618 3f4b
TRACE 398 A8_OUTPUT 3619 -6
TRACE 398 BF16_OUTPUT 3619 be65
TRACE 398 A8_OUTPUT 3620 -2
TRACE 398 BF16_OUTPUT 3620 bdc5
TRACE 398 A8_OUTPUT 3621 -32
TRACE 398 BF16_OUTPUT 3621 bfa4
TRACE 398 A8_OUTPUT 3622 -9
TRACE 398 BF16_OUTPUT 3622 bebc
TRACE 398 A8_OUTPUT 3623 22
TRACE 398 BF16_OUTPUT 3623 3f62
TRACE 398 A8_OUTPUT 3624 14
TRACE 398 BF16_OUTPUT 3624 3f0f
TRACE 398 A8_OUTPUT 3625 -6
TRACE 398 BF16_OUTPUT 3625 be86
TRACE 398 A8_OUTPUT 3626 -1
TRACE 398 BF16_OUTPUT 3626 bcaf
TRACE 398 A8_OUTPUT 3627 -33
TRACE 398 BF16_OUTPUT 3627 bfa9
TRACE 398 A8_OUTPUT 3628 -19
TRACE 398 BF16_OUTPUT 3628 bf45
TRACE 398 A8_OUTPUT 3629 8
TRACE 398 BF16_OUTPUT 3629 3ea5
TRACE 398 A8_OUTPUT 3630 41
TRACE 398 BF16_OUTPUT 3630 3fd5
TRACE 398 A8_OUTPUT 3631 2
TRACE 398 BF16_OUTPUT 3631 3dcd
TRACE 398 A8_OUTPUT 3632 29
TRACE 398 BF16_OUTPUT 3632 3f96
TRACE 398 A8_OUTPUT 3633 -35
TRACE 398 BF16_OUTPUT 3633 bfb6
TRACE 398 A8_OUTPUT 3634 4
TRACE 398 BF16_OUTPUT 3634 3e28
TRACE 398 A8_OUTPUT 3635 8
TRACE 398 BF16_OUTPUT 3635 3ea6
TRACE 398 A8_OUTPUT 3636 -17
TRACE 398 BF16_OUTPUT 3636 bf2c
TRACE 398 A8_OUTPUT 3637 -6
TRACE 398 BF16_OUTPUT 3637 be81
TRACE 398 A8_OUTPUT 3638 3
TRACE 398 BF16_OUTPUT 3638 3e0a
TRACE 398 A8_OUTPUT 3639 5
TRACE 398 BF16_OUTPUT 3639 3e63
TRACE 398 A8_OUTPUT 3640 22
TRACE 398 BF16_OUTPUT 3640 3f68
TRACE 398 A8_OUTPUT 3641 18
TRACE 398 BF16_OUTPUT 3641 3f37
TRACE 398 A8_OUTPUT 3642 15
TRACE 398 BF16_OUTPUT 3642 3f18
TRACE 398 A8_OUTPUT 3643 -20
TRACE 398 BF16_OUTPUT 3643 bf4e
TRACE 398 A8_OUTPUT 3644 -32
TRACE 398 BF16_OUTPUT 3644 bfa8
TRACE 398 A8_OUTPUT 3645 -9
TRACE 398 BF16_OUTPUT 3645 bec1
TRACE 398 A8_OUTPUT 3646 -20
TRACE 398 BF16_OUTPUT 3646 bf52
TRACE 398 A8_OUTPUT 3647 2
TRACE 398 BF16_OUTPUT 3647 3db1
TRACE 399 INPUT_ACCEPT 57 0
TRACE 400 BF16_GROUP_ISSUE 57 0
TRACE 401 BF16_GROUP_ISSUE 57 1
TRACE 401 BF16_VALUE 3648 becc
TRACE 401 BF16_VALUE 3649 3eea
TRACE 401 BF16_VALUE 3650 bfdd
TRACE 401 BF16_VALUE 3651 bc8b
TRACE 401 BF16_VALUE 3652 c008
TRACE 401 BF16_VALUE 3653 bf11
TRACE 401 BF16_VALUE 3654 bfef
TRACE 401 BF16_VALUE 3655 bf30
TRACE 401 BF16_VALUE 3656 3fe9
TRACE 401 BF16_VALUE 3657 be52
TRACE 401 BF16_VALUE 3658 3f0e
TRACE 401 BF16_VALUE 3659 bb03
TRACE 401 BF16_VALUE 3660 be09
TRACE 401 BF16_VALUE 3661 3f4a
TRACE 401 BF16_VALUE 3662 bf08
TRACE 401 BF16_VALUE 3663 be1a
TRACE 402 BF16_GROUP_ISSUE 57 2
TRACE 402 BF16_VALUE 3664 3db4
TRACE 402 BF16_VALUE 3665 bef7
TRACE 402 BF16_VALUE 3666 bf6d
TRACE 402 BF16_VALUE 3667 bd27
TRACE 402 BF16_VALUE 3668 4000
TRACE 402 BF16_VALUE 3669 bf64
TRACE 402 BF16_VALUE 3670 bf2b
TRACE 402 BF16_VALUE 3671 3fc4
TRACE 402 BF16_VALUE 3672 bf67
TRACE 402 BF16_VALUE 3673 be95
TRACE 402 BF16_VALUE 3674 bf32
TRACE 402 BF16_VALUE 3675 bce5
TRACE 402 BF16_VALUE 3676 3faa
TRACE 402 BF16_VALUE 3677 3dfc
TRACE 402 BF16_VALUE 3678 3f35
TRACE 402 BF16_VALUE 3679 3f81
TRACE 403 BF16_GROUP_ISSUE 57 3
TRACE 403 BF16_VALUE 3680 3f8a
TRACE 403 BF16_VALUE 3681 bf43
TRACE 403 BF16_VALUE 3682 3e98
TRACE 403 BF16_VALUE 3683 bf3d
TRACE 403 BF16_VALUE 3684 3ea2
TRACE 403 BF16_VALUE 3685 3f6f
TRACE 403 BF16_VALUE 3686 bf8a
TRACE 403 BF16_VALUE 3687 be71
TRACE 403 BF16_VALUE 3688 3fae
TRACE 403 BF16_VALUE 3689 bfad
TRACE 403 BF16_VALUE 3690 3e30
TRACE 403 BF16_VALUE 3691 bfcf
TRACE 403 BF16_VALUE 3692 bf7b
TRACE 403 BF16_VALUE 3693 bfcc
TRACE 403 BF16_VALUE 3694 3e0b
TRACE 403 BF16_VALUE 3695 3fcd
TRACE 404 BF16_VALUE 3696 3eb4
TRACE 404 BF16_VALUE 3697 bf16
TRACE 404 BF16_VALUE 3698 bea2
TRACE 404 BF16_VALUE 3699 bfdf
TRACE 404 BF16_VALUE 3700 beb2
TRACE 404 BF16_VALUE 3701 be6e
TRACE 404 BF16_VALUE 3702 bf61
TRACE 404 BF16_VALUE 3703 3fb2
TRACE 404 BF16_VALUE 3704 3ed5
TRACE 404 BF16_VALUE 3705 3eba
TRACE 404 BF16_VALUE 3706 3dc3
TRACE 404 BF16_VALUE 3707 bea0
TRACE 404 BF16_VALUE 3708 bda0
TRACE 404 BF16_VALUE 3709 3f4b
TRACE 404 BF16_VALUE 3710 3ece
TRACE 404 BF16_VALUE 3711 be17
TRACE 405 A8_OUTPUT 3648 -10
TRACE 405 BF16_OUTPUT 3648 becc
TRACE 405 A8_OUTPUT 3649 11
TRACE 405 BF16_OUTPUT 3649 3eea
TRACE 405 A8_OUTPUT 3650 -43
TRACE 405 BF16_OUTPUT 3650 bfdd
TRACE 405 A8_OUTPUT 3651 0
TRACE 405 BF16_OUTPUT 3651 bc8b
TRACE 405 A8_OUTPUT 3652 -53
TRACE 405 BF16_OUTPUT 3652 c008
TRACE 405 A8_OUTPUT 3653 -14
TRACE 405 BF16_OUTPUT 3653 bf11
TRACE 405 A8_OUTPUT 3654 -46
TRACE 405 BF16_OUTPUT 3654 bfef
TRACE 405 A8_OUTPUT 3655 -17
TRACE 405 BF16_OUTPUT 3655 bf30
TRACE 405 A8_OUTPUT 3656 45
TRACE 405 BF16_OUTPUT 3656 3fe9
TRACE 405 A8_OUTPUT 3657 -5
TRACE 405 BF16_OUTPUT 3657 be52
TRACE 405 A8_OUTPUT 3658 14
TRACE 405 BF16_OUTPUT 3658 3f0e
TRACE 405 A8_OUTPUT 3659 0
TRACE 405 BF16_OUTPUT 3659 bb03
TRACE 405 A8_OUTPUT 3660 -3
TRACE 405 BF16_OUTPUT 3660 be09
TRACE 405 A8_OUTPUT 3661 19
TRACE 405 BF16_OUTPUT 3661 3f4a
TRACE 405 A8_OUTPUT 3662 -13
TRACE 405 BF16_OUTPUT 3662 bf08
TRACE 405 A8_OUTPUT 3663 -4
TRACE 405 BF16_OUTPUT 3663 be1a
TRACE 405 A8_OUTPUT 3664 2
TRACE 405 BF16_OUTPUT 3664 3db4
TRACE 405 A8_OUTPUT 3665 -12
TRACE 405 BF16_OUTPUT 3665 bef7
TRACE 405 A8_OUTPUT 3666 -23
TRACE 405 BF16_OUTPUT 3666 bf6d
TRACE 405 A8_OUTPUT 3667 -1
TRACE 405 BF16_OUTPUT 3667 bd27
TRACE 405 A8_OUTPUT 3668 49
TRACE 405 BF16_OUTPUT 3668 4000
TRACE 405 A8_OUTPUT 3669 -22
TRACE 405 BF16_OUTPUT 3669 bf64
TRACE 405 A8_OUTPUT 3670 -16
TRACE 405 BF16_OUTPUT 3670 bf2b
TRACE 405 A8_OUTPUT 3671 38
TRACE 405 BF16_OUTPUT 3671 3fc4
TRACE 405 A8_OUTPUT 3672 -22
TRACE 405 BF16_OUTPUT 3672 bf67
TRACE 405 A8_OUTPUT 3673 -7
TRACE 405 BF16_OUTPUT 3673 be95
TRACE 405 A8_OUTPUT 3674 -17
TRACE 405 BF16_OUTPUT 3674 bf32
TRACE 405 A8_OUTPUT 3675 -1
TRACE 405 BF16_OUTPUT 3675 bce5
TRACE 405 A8_OUTPUT 3676 33
TRACE 405 BF16_OUTPUT 3676 3faa
TRACE 405 A8_OUTPUT 3677 3
TRACE 405 BF16_OUTPUT 3677 3dfc
TRACE 405 A8_OUTPUT 3678 17
TRACE 405 BF16_OUTPUT 3678 3f35
TRACE 405 A8_OUTPUT 3679 25
TRACE 405 BF16_OUTPUT 3679 3f81
TRACE 405 A8_OUTPUT 3680 27
TRACE 405 BF16_OUTPUT 3680 3f8a
TRACE 405 A8_OUTPUT 3681 -19
TRACE 405 BF16_OUTPUT 3681 bf43
TRACE 405 A8_OUTPUT 3682 7
TRACE 405 BF16_OUTPUT 3682 3e98
TRACE 405 A8_OUTPUT 3683 -18
TRACE 405 BF16_OUTPUT 3683 bf3d
TRACE 405 A8_OUTPUT 3684 8
TRACE 405 BF16_OUTPUT 3684 3ea2
TRACE 405 A8_OUTPUT 3685 23
TRACE 405 BF16_OUTPUT 3685 3f6f
TRACE 405 A8_OUTPUT 3686 -27
TRACE 405 BF16_OUTPUT 3686 bf8a
TRACE 405 A8_OUTPUT 3687 -6
TRACE 405 BF16_OUTPUT 3687 be71
TRACE 405 A8_OUTPUT 3688 34
TRACE 405 BF16_OUTPUT 3688 3fae
TRACE 405 A8_OUTPUT 3689 -33
TRACE 405 BF16_OUTPUT 3689 bfad
TRACE 405 A8_OUTPUT 3690 4
TRACE 405 BF16_OUTPUT 3690 3e30
TRACE 405 A8_OUTPUT 3691 -40
TRACE 405 BF16_OUTPUT 3691 bfcf
TRACE 405 A8_OUTPUT 3692 -24
TRACE 405 BF16_OUTPUT 3692 bf7b
TRACE 405 A8_OUTPUT 3693 -39
TRACE 405 BF16_OUTPUT 3693 bfcc
TRACE 405 A8_OUTPUT 3694 3
TRACE 405 BF16_OUTPUT 3694 3e0b
TRACE 405 A8_OUTPUT 3695 39
TRACE 405 BF16_OUTPUT 3695 3fcd
TRACE 405 A8_OUTPUT 3696 9
TRACE 405 BF16_OUTPUT 3696 3eb4
TRACE 405 A8_OUTPUT 3697 -14
TRACE 405 BF16_OUTPUT 3697 bf16
TRACE 405 A8_OUTPUT 3698 -8
TRACE 405 BF16_OUTPUT 3698 bea2
TRACE 405 A8_OUTPUT 3699 -43
TRACE 405 BF16_OUTPUT 3699 bfdf
TRACE 405 A8_OUTPUT 3700 -9
TRACE 405 BF16_OUTPUT 3700 beb2
TRACE 405 A8_OUTPUT 3701 -6
TRACE 405 BF16_OUTPUT 3701 be6e
TRACE 405 A8_OUTPUT 3702 -22
TRACE 405 BF16_OUTPUT 3702 bf61
TRACE 405 A8_OUTPUT 3703 34
TRACE 405 BF16_OUTPUT 3703 3fb2
TRACE 405 A8_OUTPUT 3704 10
TRACE 405 BF16_OUTPUT 3704 3ed5
TRACE 405 A8_OUTPUT 3705 9
TRACE 405 BF16_OUTPUT 3705 3eba
TRACE 405 A8_OUTPUT 3706 2
TRACE 405 BF16_OUTPUT 3706 3dc3
TRACE 405 A8_OUTPUT 3707 -8
TRACE 405 BF16_OUTPUT 3707 bea0
TRACE 405 A8_OUTPUT 3708 -2
TRACE 405 BF16_OUTPUT 3708 bda0
TRACE 405 A8_OUTPUT 3709 20
TRACE 405 BF16_OUTPUT 3709 3f4b
TRACE 405 A8_OUTPUT 3710 10
TRACE 405 BF16_OUTPUT 3710 3ece
TRACE 405 A8_OUTPUT 3711 -4
TRACE 405 BF16_OUTPUT 3711 be17
TRACE 406 INPUT_ACCEPT 58 0
TRACE 407 BF16_GROUP_ISSUE 58 0
TRACE 408 BF16_GROUP_ISSUE 58 1
TRACE 408 BF16_VALUE 3712 bdc0
TRACE 408 BF16_VALUE 3713 3f2f
TRACE 408 BF16_VALUE 3714 3f05
TRACE 408 BF16_VALUE 3715 3f3d
TRACE 408 BF16_VALUE 3716 3f04
TRACE 408 BF16_VALUE 3717 3f68
TRACE 408 BF16_VALUE 3718 3f0e
TRACE 408 BF16_VALUE 3719 3f47
TRACE 408 BF16_VALUE 3720 3f24
TRACE 408 BF16_VALUE 3721 3ef6
TRACE 408 BF16_VALUE 3722 bf30
TRACE 408 BF16_VALUE 3723 3f41
TRACE 408 BF16_VALUE 3724 3f04
TRACE 408 BF16_VALUE 3725 3f61
TRACE 408 BF16_VALUE 3726 bf2a
TRACE 408 BF16_VALUE 3727 bf32
TRACE 409 BF16_GROUP_ISSUE 58 2
TRACE 409 BF16_VALUE 3728 3eda
TRACE 409 BF16_VALUE 3729 3e07
TRACE 409 BF16_VALUE 3730 beea
TRACE 409 BF16_VALUE 3731 3f00
TRACE 409 BF16_VALUE 3732 bdf8
TRACE 409 BF16_VALUE 3733 3f5c
TRACE 409 BF16_VALUE 3734 3e45
TRACE 409 BF16_VALUE 3735 3f0f
TRACE 409 BF16_VALUE 3736 bd8f
TRACE 409 BF16_VALUE 3737 bec5
TRACE 409 BF16_VALUE 3738 bf8e
TRACE 409 BF16_VALUE 3739 3e9a
TRACE 409 BF16_VALUE 3740 3fbf
TRACE 409 BF16_VALUE 3741 bc06
TRACE 409 BF16_VALUE 3742 bed3
TRACE 409 BF16_VALUE 3743 bf8b
TRACE 410 BF16_GROUP_ISSUE 58 3
TRACE 410 BF16_VALUE 3744 3f1f
TRACE 410 BF16_VALUE 3745 3f1d
TRACE 410 BF16_VALUE 3746 bef8
TRACE 410 BF16_VALUE 3747 bed0
TRACE 410 BF16_VALUE 3748 3f49
TRACE 410 BF16_VALUE 3749 bf21
TRACE 410 BF16_VALUE 3750 bf07
TRACE 410 BF16_VALUE 3751 bea7
TRACE 410 BF16_VALUE 3752 be15
TRACE 410 BF16_VALUE 3753 3fe5
TRACE 410 BF16_VALUE 3754 3f0c
TRACE 410 BF16_VALUE 3755 3ebc
TRACE 410 BF16_VALUE 3756 bf03
TRACE 410 BF16_VALUE 3757 3fc3
TRACE 410 BF16_VALUE 3758 3e7a
TRACE 410 BF16_VALUE 3759 404e
TRACE 411 BF16_VALUE 3760 3f1d
TRACE 411 BF16_VALUE 3761 3e20
TRACE 411 BF16_VALUE 3762 3e0a
TRACE 411 BF16_VALUE 3763 bf58
TRACE 411 BF16_VALUE 3764 3eab
TRACE 411 BF16_VALUE 3765 bfab
TRACE 411 BF16_VALUE 3766 be17
TRACE 411 BF16_VALUE 3767 bf59
TRACE 411 BF16_VALUE 3768 3cd5
TRACE 411 BF16_VALUE 3769 3f4f
TRACE 411 BF16_VALUE 3770 3dc6
TRACE 411 BF16_VALUE 3771 bcce
TRACE 411 BF16_VALUE 3772 3e8e
TRACE 411 BF16_VALUE 3773 3d67
TRACE 411 BF16_VALUE 3774 bf2c
TRACE 411 BF16_VALUE 3775 bfbf
TRACE 412 A8_OUTPUT 3712 -2
TRACE 412 BF16_OUTPUT 3712 bdc0
TRACE 412 A8_OUTPUT 3713 17
TRACE 412 BF16_OUTPUT 3713 3f2f
TRACE 412 A8_OUTPUT 3714 13
TRACE 412 BF16_OUTPUT 3714 3f05
TRACE 412 A8_OUTPUT 3715 18
TRACE 412 BF16_OUTPUT 3715 3f3d
TRACE 412 A8_OUTPUT 3716 13
TRACE 412 BF16_OUTPUT 3716 3f04
TRACE 412 A8_OUTPUT 3717 22
TRACE 412 BF16_OUTPUT 3717 3f68
TRACE 412 A8_OUTPUT 3718 14
TRACE 412 BF16_OUTPUT 3718 3f0e
TRACE 412 A8_OUTPUT 3719 19
TRACE 412 BF16_OUTPUT 3719 3f47
TRACE 412 A8_OUTPUT 3720 16
TRACE 412 BF16_OUTPUT 3720 3f24
TRACE 412 A8_OUTPUT 3721 12
TRACE 412 BF16_OUTPUT 3721 3ef6
TRACE 412 A8_OUTPUT 3722 -17
TRACE 412 BF16_OUTPUT 3722 bf30
TRACE 412 A8_OUTPUT 3723 19
TRACE 412 BF16_OUTPUT 3723 3f41
TRACE 412 A8_OUTPUT 3724 13
TRACE 412 BF16_OUTPUT 3724 3f04
TRACE 412 A8_OUTPUT 3725 22
TRACE 412 BF16_OUTPUT 3725 3f61
TRACE 412 A8_OUTPUT 3726 -16
TRACE 412 BF16_OUTPUT 3726 bf2a
TRACE 412 A8_OUTPUT 3727 -17
TRACE 412 BF16_OUTPUT 3727 bf32
TRACE 412 A8_OUTPUT 3728 11
TRACE 412 BF16_OUTPUT 3728 3eda
TRACE 412 A8_OUTPUT 3729 3
TRACE 412 BF16_OUTPUT 3729 3e07
TRACE 412 A8_OUTPUT 3730 -11
TRACE 412 BF16_OUTPUT 3730 beea
TRACE 412 A8_OUTPUT 3731 12
TRACE 412 BF16_OUTPUT 3731 3f00
TRACE 412 A8_OUTPUT 3732 -3
TRACE 412 BF16_OUTPUT 3732 bdf8
TRACE 412 A8_OUTPUT 3733 21
TRACE 412 BF16_OUTPUT 3733 3f5c
TRACE 412 A8_OUTPUT 3734 5
TRACE 412 BF16_OUTPUT 3734 3e45
TRACE 412 A8_OUTPUT 3735 14
TRACE 412 BF16_OUTPUT 3735 3f0f
TRACE 412 A8_OUTPUT 3736 -2
TRACE 412 BF16_OUTPUT 3736 bd8f
TRACE 412 A8_OUTPUT 3737 -9
TRACE 412 BF16_OUTPUT 3737 bec5
TRACE 412 A8_OUTPUT 3738 -27
TRACE 412 BF16_OUTPUT 3738 bf8e
TRACE 412 A8_OUTPUT 3739 7
TRACE 412 BF16_OUTPUT 3739 3e9a
TRACE 412 A8_OUTPUT 3740 37
TRACE 412 BF16_OUTPUT 3740 3fbf
TRACE 412 A8_OUTPUT 3741 0
TRACE 412 BF16_OUTPUT 3741 bc06
TRACE 412 A8_OUTPUT 3742 -10
TRACE 412 BF16_OUTPUT 3742 bed3
TRACE 412 A8_OUTPUT 3743 -27
TRACE 412 BF16_OUTPUT 3743 bf8b
TRACE 412 A8_OUTPUT 3744 15
TRACE 412 BF16_OUTPUT 3744 3f1f
TRACE 412 A8_OUTPUT 3745 15
TRACE 412 BF16_OUTPUT 3745 3f1d
TRACE 412 A8_OUTPUT 3746 -12
TRACE 412 BF16_OUTPUT 3746 bef8
TRACE 412 A8_OUTPUT 3747 -10
TRACE 412 BF16_OUTPUT 3747 bed0
TRACE 412 A8_OUTPUT 3748 19
TRACE 412 BF16_OUTPUT 3748 3f49
TRACE 412 A8_OUTPUT 3749 -15
TRACE 412 BF16_OUTPUT 3749 bf21
TRACE 412 A8_OUTPUT 3750 -13
TRACE 412 BF16_OUTPUT 3750 bf07
TRACE 412 A8_OUTPUT 3751 -8
TRACE 412 BF16_OUTPUT 3751 bea7
TRACE 412 A8_OUTPUT 3752 -4
TRACE 412 BF16_OUTPUT 3752 be15
TRACE 412 A8_OUTPUT 3753 44
TRACE 412 BF16_OUTPUT 3753 3fe5
TRACE 412 A8_OUTPUT 3754 13
TRACE 412 BF16_OUTPUT 3754 3f0c
TRACE 412 A8_OUTPUT 3755 9
TRACE 412 BF16_OUTPUT 3755 3ebc
TRACE 412 A8_OUTPUT 3756 -13
TRACE 412 BF16_OUTPUT 3756 bf03
TRACE 412 A8_OUTPUT 3757 38
TRACE 412 BF16_OUTPUT 3757 3fc3
TRACE 412 A8_OUTPUT 3758 6
TRACE 412 BF16_OUTPUT 3758 3e7a
TRACE 412 A8_OUTPUT 3759 80
TRACE 412 BF16_OUTPUT 3759 404e
TRACE 412 A8_OUTPUT 3760 15
TRACE 412 BF16_OUTPUT 3760 3f1d
TRACE 412 A8_OUTPUT 3761 4
TRACE 412 BF16_OUTPUT 3761 3e20
TRACE 412 A8_OUTPUT 3762 3
TRACE 412 BF16_OUTPUT 3762 3e0a
TRACE 412 A8_OUTPUT 3763 -21
TRACE 412 BF16_OUTPUT 3763 bf58
TRACE 412 A8_OUTPUT 3764 8
TRACE 412 BF16_OUTPUT 3764 3eab
TRACE 412 A8_OUTPUT 3765 -33
TRACE 412 BF16_OUTPUT 3765 bfab
TRACE 412 A8_OUTPUT 3766 -4
TRACE 412 BF16_OUTPUT 3766 be17
TRACE 412 A8_OUTPUT 3767 -21
TRACE 412 BF16_OUTPUT 3767 bf59
TRACE 412 A8_OUTPUT 3768 1
TRACE 412 BF16_OUTPUT 3768 3cd5
TRACE 412 A8_OUTPUT 3769 20
TRACE 412 BF16_OUTPUT 3769 3f4f
TRACE 412 A8_OUTPUT 3770 2
TRACE 412 BF16_OUTPUT 3770 3dc6
TRACE 412 A8_OUTPUT 3771 -1
TRACE 412 BF16_OUTPUT 3771 bcce
TRACE 412 A8_OUTPUT 3772 7
TRACE 412 BF16_OUTPUT 3772 3e8e
TRACE 412 A8_OUTPUT 3773 1
TRACE 412 BF16_OUTPUT 3773 3d67
TRACE 412 A8_OUTPUT 3774 -17
TRACE 412 BF16_OUTPUT 3774 bf2c
TRACE 412 A8_OUTPUT 3775 -37
TRACE 412 BF16_OUTPUT 3775 bfbf
TRACE 413 INPUT_ACCEPT 59 0
TRACE 414 BF16_GROUP_ISSUE 59 0
TRACE 415 BF16_GROUP_ISSUE 59 1
TRACE 415 BF16_VALUE 3776 bec5
TRACE 415 BF16_VALUE 3777 beb3
TRACE 415 BF16_VALUE 3778 bf51
TRACE 415 BF16_VALUE 3779 3f7a
TRACE 415 BF16_VALUE 3780 be25
TRACE 415 BF16_VALUE 3781 bda1
TRACE 415 BF16_VALUE 3782 bf8d
TRACE 415 BF16_VALUE 3783 3f4e
TRACE 415 BF16_VALUE 3784 3f81
TRACE 415 BF16_VALUE 3785 bdcc
TRACE 415 BF16_VALUE 3786 bf5b
TRACE 415 BF16_VALUE 3787 bf0c
TRACE 415 BF16_VALUE 3788 bec2
TRACE 415 BF16_VALUE 3789 3e61
TRACE 415 BF16_VALUE 3790 bf0d
TRACE 415 BF16_VALUE 3791 3eea
TRACE 416 BF16_GROUP_ISSUE 59 2
TRACE 416 BF16_VALUE 3792 3eac
TRACE 416 BF16_VALUE 3793 bf3a
TRACE 416 BF16_VALUE 3794 3f1e
TRACE 416 BF16_VALUE 3795 be97
TRACE 416 BF16_VALUE 3796 3e04
TRACE 416 BF16_VALUE 3797 3f5c
TRACE 416 BF16_VALUE 3798 3e6e
TRACE 416 BF16_VALUE 3799 bdc2
TRACE 416 BF16_VALUE 3800 bf66
TRACE 416 BF16_VALUE 3801 3f07
TRACE 416 BF16_VALUE 3802 3f14
TRACE 416 BF16_VALUE 3803 3f39
TRACE 416 BF16_VALUE 3804 be5b
TRACE 416 BF16_VALUE 3805 3e6e
TRACE 416 BF16_VALUE 3806 bee3
TRACE 416 BF16_VALUE 3807 3d04
TRACE 417 BF16_GROUP_ISSUE 59 3
TRACE 417 BF16_VALUE 3808 be82
TRACE 417 BF16_VALUE 3809 3f91
TRACE 417 BF16_VALUE 3810 beb9
TRACE 417 BF16_VALUE 3811 bf00
TRACE 417 BF16_VALUE 3812 3f16
TRACE 417 BF16_VALUE 3813 bf69
TRACE 417 BF16_VALUE 3814 bebd
TRACE 417 BF16_VALUE 3815 be24
TRACE 417 BF16_VALUE 3816 bf23
TRACE 417 BF16_VALUE 3817 3fa9
TRACE 417 BF16_VALUE 3818 3e95
TRACE 417 BF16_VALUE 3819 3f0d
TRACE 417 BF16_VALUE 3820 3e74
TRACE 417 BF16_VALUE 3821 bf7f
TRACE 417 BF16_VALUE 3822 c038
TRACE 417 BF16_VALUE 3823 3f05
TRACE 418 BF16_VALUE 3824 c069
TRACE 418 BF16_VALUE 3825 3fa5
TRACE 418 BF16_VALUE 3826 bfef
TRACE 418 BF16_VALUE 3827 3f2b
TRACE 418 BF16_VALUE 3828 bbaa
TRACE 418 BF16_VALUE 3829 bd9d
TRACE 418 BF16_VALUE 3830 3fad
TRACE 418 BF16_VALUE 3831 3f20
TRACE 418 BF16_VALUE 3832 3f77
TRACE 418 BF16_VALUE 3833 3fab
TRACE 418 BF16_VALUE 3834 3f4c
TRACE 418 BF16_VALUE 3835 bf87
TRACE 418 BF16_VALUE 3836 3dd3
TRACE 418 BF16_VALUE 3837 bc93
TRACE 418 BF16_VALUE 3838 bf11
TRACE 418 BF16_VALUE 3839 3ed0
TRACE 419 A8_OUTPUT 3776 -9
TRACE 419 BF16_OUTPUT 3776 bec5
TRACE 419 A8_OUTPUT 3777 -9
TRACE 419 BF16_OUTPUT 3777 beb3
TRACE 419 A8_OUTPUT 3778 -20
TRACE 419 BF16_OUTPUT 3778 bf51
TRACE 419 A8_OUTPUT 3779 24
TRACE 419 BF16_OUTPUT 3779 3f7a
TRACE 419 A8_OUTPUT 3780 -4
TRACE 419 BF16_OUTPUT 3780 be25
TRACE 419 A8_OUTPUT 3781 -2
TRACE 419 BF16_OUTPUT 3781 bda1
TRACE 419 A8_OUTPUT 3782 -27
TRACE 419 BF16_OUTPUT 3782 bf8d
TRACE 419 A8_OUTPUT 3783 20
TRACE 419 BF16_OUTPUT 3783 3f4e
TRACE 419 A8_OUTPUT 3784 25
TRACE 419 BF16_OUTPUT 3784 3f81
TRACE 419 A8_OUTPUT 3785 -2
TRACE 419 BF16_OUTPUT 3785 bdcc
TRACE 419 A8_OUTPUT 3786 -21
TRACE 419 BF16_OUTPUT 3786 bf5b
TRACE 419 A8_OUTPUT 3787 -13
TRACE 419 BF16_OUTPUT 3787 bf0c
TRACE 419 A8_OUTPUT 3788 -9
TRACE 419 BF16_OUTPUT 3788 bec2
TRACE 419 A8_OUTPUT 3789 5
TRACE 419 BF16_OUTPUT 3789 3e61
TRACE 419 A8_OUTPUT 3790 -14
TRACE 419 BF16_OUTPUT 3790 bf0d
TRACE 419 A8_OUTPUT 3791 11
TRACE 419 BF16_OUTPUT 3791 3eea
TRACE 419 A8_OUTPUT 3792 8
TRACE 419 BF16_OUTPUT 3792 3eac
TRACE 419 A8_OUTPUT 3793 -18
TRACE 419 BF16_OUTPUT 3793 bf3a
TRACE 419 A8_OUTPUT 3794 15
TRACE 419 BF16_OUTPUT 3794 3f1e
TRACE 419 A8_OUTPUT 3795 -7
TRACE 419 BF16_OUTPUT 3795 be97
TRACE 419 A8_OUTPUT 3796 3
TRACE 419 BF16_OUTPUT 3796 3e04
TRACE 419 A8_OUTPUT 3797 21
TRACE 419 BF16_OUTPUT 3797 3f5c
TRACE 419 A8_OUTPUT 3798 6
TRACE 419 BF16_OUTPUT 3798 3e6e
TRACE 419 A8_OUTPUT 3799 -2
TRACE 419 BF16_OUTPUT 3799 bdc2
TRACE 419 A8_OUTPUT 3800 -22
TRACE 419 BF16_OUTPUT 3800 bf66
TRACE 419 A8_OUTPUT 3801 13
TRACE 419 BF16_OUTPUT 3801 3f07
TRACE 419 A8_OUTPUT 3802 14
TRACE 419 BF16_OUTPUT 3802 3f14
TRACE 419 A8_OUTPUT 3803 18
TRACE 419 BF16_OUTPUT 3803 3f39
TRACE 419 A8_OUTPUT 3804 -5
TRACE 419 BF16_OUTPUT 3804 be5b
TRACE 419 A8_OUTPUT 3805 6
TRACE 419 BF16_OUTPUT 3805 3e6e
TRACE 419 A8_OUTPUT 3806 -11
TRACE 419 BF16_OUTPUT 3806 bee3
TRACE 419 A8_OUTPUT 3807 1
TRACE 419 BF16_OUTPUT 3807 3d04
TRACE 419 A8_OUTPUT 3808 -6
TRACE 419 BF16_OUTPUT 3808 be82
TRACE 419 A8_OUTPUT 3809 28
TRACE 419 BF16_OUTPUT 3809 3f91
TRACE 419 A8_OUTPUT 3810 -9
TRACE 419 BF16_OUTPUT 3810 beb9
TRACE 419 A8_OUTPUT 3811 -12
TRACE 419 BF16_OUTPUT 3811 bf00
TRACE 419 A8_OUTPUT 3812 14
TRACE 419 BF16_OUTPUT 3812 3f16
TRACE 419 A8_OUTPUT 3813 -22
TRACE 419 BF16_OUTPUT 3813 bf69
TRACE 419 A8_OUTPUT 3814 -9
TRACE 419 BF16_OUTPUT 3814 bebd
TRACE 419 A8_OUTPUT 3815 -4
TRACE 419 BF16_OUTPUT 3815 be24
TRACE 419 A8_OUTPUT 3816 -16
TRACE 419 BF16_OUTPUT 3816 bf23
TRACE 419 A8_OUTPUT 3817 33
TRACE 419 BF16_OUTPUT 3817 3fa9
TRACE 419 A8_OUTPUT 3818 7
TRACE 419 BF16_OUTPUT 3818 3e95
TRACE 419 A8_OUTPUT 3819 14
TRACE 419 BF16_OUTPUT 3819 3f0d
TRACE 419 A8_OUTPUT 3820 6
TRACE 419 BF16_OUTPUT 3820 3e74
TRACE 419 A8_OUTPUT 3821 -25
TRACE 419 BF16_OUTPUT 3821 bf7f
TRACE 419 A8_OUTPUT 3822 -71
TRACE 419 BF16_OUTPUT 3822 c038
TRACE 419 A8_OUTPUT 3823 13
TRACE 419 BF16_OUTPUT 3823 3f05
TRACE 419 A8_OUTPUT 3824 -90
TRACE 419 BF16_OUTPUT 3824 c069
TRACE 419 A8_OUTPUT 3825 32
TRACE 419 BF16_OUTPUT 3825 3fa5
TRACE 419 A8_OUTPUT 3826 -46
TRACE 419 BF16_OUTPUT 3826 bfef
TRACE 419 A8_OUTPUT 3827 16
TRACE 419 BF16_OUTPUT 3827 3f2b
TRACE 419 A8_OUTPUT 3828 0
TRACE 419 BF16_OUTPUT 3828 bbaa
TRACE 419 A8_OUTPUT 3829 -2
TRACE 419 BF16_OUTPUT 3829 bd9d
TRACE 419 A8_OUTPUT 3830 33
TRACE 419 BF16_OUTPUT 3830 3fad
TRACE 419 A8_OUTPUT 3831 15
TRACE 419 BF16_OUTPUT 3831 3f20
TRACE 419 A8_OUTPUT 3832 24
TRACE 419 BF16_OUTPUT 3832 3f77
TRACE 419 A8_OUTPUT 3833 33
TRACE 419 BF16_OUTPUT 3833 3fab
TRACE 419 A8_OUTPUT 3834 20
TRACE 419 BF16_OUTPUT 3834 3f4c
TRACE 419 A8_OUTPUT 3835 -26
TRACE 419 BF16_OUTPUT 3835 bf87
TRACE 419 A8_OUTPUT 3836 3
TRACE 419 BF16_OUTPUT 3836 3dd3
TRACE 419 A8_OUTPUT 3837 0
TRACE 419 BF16_OUTPUT 3837 bc93
TRACE 419 A8_OUTPUT 3838 -14
TRACE 419 BF16_OUTPUT 3838 bf11
TRACE 419 A8_OUTPUT 3839 10
TRACE 419 BF16_OUTPUT 3839 3ed0
TRACE 420 INPUT_ACCEPT 60 0
TRACE 421 BF16_GROUP_ISSUE 60 0
TRACE 422 BF16_GROUP_ISSUE 60 1
TRACE 422 BF16_VALUE 3840 3f40
TRACE 422 BF16_VALUE 3841 3ded
TRACE 422 BF16_VALUE 3842 3f06
TRACE 422 BF16_VALUE 3843 bf4c
TRACE 422 BF16_VALUE 3844 3f37
TRACE 422 BF16_VALUE 3845 bf29
TRACE 422 BF16_VALUE 3846 bf19
TRACE 422 BF16_VALUE 3847 3e2b
TRACE 422 BF16_VALUE 3848 bf18
TRACE 422 BF16_VALUE 3849 3ecb
TRACE 422 BF16_VALUE 3850 bf62
TRACE 422 BF16_VALUE 3851 3f5d
TRACE 422 BF16_VALUE 3852 3ebf
TRACE 422 BF16_VALUE 3853 be93
TRACE 422 BF16_VALUE 3854 3e26
TRACE 422 BF16_VALUE 3855 bf01
TRACE 423 BF16_GROUP_ISSUE 60 2
TRACE 423 BF16_VALUE 3856 3f2b
TRACE 423 BF16_VALUE 3857 3f02
TRACE 423 BF16_VALUE 3858 3f4e
TRACE 423 BF16_VALUE 3859 3e87
TRACE 423 BF16_VALUE 3860 3e8a
TRACE 423 BF16_VALUE 3861 bf16
TRACE 423 BF16_VALUE 3862 3f38
TRACE 423 BF16_VALUE 3863 bf91
TRACE 423 BF16_VALUE 3864 bf3a
TRACE 423 BF16_VALUE 3865 bf05
TRACE 423 BF16_VALUE 3866 bf93
TRACE 423 BF16_VALUE 3867 bdb7
TRACE 423 BF16_VALUE 3868 3ed6
TRACE 423 BF16_VALUE 3869 bea9
TRACE 423 BF16_VALUE 3870 3fa0
TRACE 423 BF16_VALUE 3871 3fa4
TRACE 424 BF16_GROUP_ISSUE 60 3
TRACE 424 BF16_VALUE 3872 3e9f
TRACE 424 BF16_VALUE 3873 3fbd
TRACE 424 BF16_VALUE 3874 3f83
TRACE 424 BF16_VALUE 3875 3f4c
TRACE 424 BF16_VALUE 3876 3de9
TRACE 424 BF16_VALUE 3877 3faa
TRACE 424 BF16_VALUE 3878 bf85
TRACE 424 BF16_VALUE 3879 3f9d
TRACE 424 BF16_VALUE 3880 bfa7
TRACE 424 BF16_VALUE 3881 3f7c
TRACE 424 BF16_VALUE 3882 bf84
TRACE 424 BF16_VALUE 3883 bfe9
TRACE 424 BF16_VALUE 3884 3ecf
TRACE 424 BF16_VALUE 3885 3f6a
TRACE 424 BF16_VALUE 3886 3f14
TRACE 424 BF16_VALUE 3887 3f69
TRACE 425 BF16_VALUE 3888 bf37
TRACE 425 BF16_VALUE 3889 3eab
TRACE 425 BF16_VALUE 3890 bf95
TRACE 425 BF16_VALUE 3891 bf1a
TRACE 425 BF16_VALUE 3892 3f8e
TRACE 425 BF16_VALUE 3893 3e30
TRACE 425 BF16_VALUE 3894 be9a
TRACE 425 BF16_VALUE 3895 3eb8
TRACE 425 BF16_VALUE 3896 3f15
TRACE 425 BF16_VALUE 3897 bf01
TRACE 425 BF16_VALUE 3898 be29
TRACE 425 BF16_VALUE 3899 bed9
TRACE 425 BF16_VALUE 3900 3f0a
TRACE 425 BF16_VALUE 3901 3e94
TRACE 425 BF16_VALUE 3902 bf13
TRACE 425 BF16_VALUE 3903 3f3f
TRACE 426 A8_OUTPUT 3840 18
TRACE 426 BF16_OUTPUT 3840 3f40
TRACE 426 A8_OUTPUT 3841 3
TRACE 426 BF16_OUTPUT 3841 3ded
TRACE 426 A8_OUTPUT 3842 13
TRACE 426 BF16_OUTPUT 3842 3f06
TRACE 426 A8_OUTPUT 3843 -20
TRACE 426 BF16_OUTPUT 3843 bf4c
TRACE 426 A8_OUTPUT 3844 18
TRACE 426 BF16_OUTPUT 3844 3f37
TRACE 426 A8_OUTPUT 3845 -16
TRACE 426 BF16_OUTPUT 3845 bf29
TRACE 426 A8_OUTPUT 3846 -15
TRACE 426 BF16_OUTPUT 3846 bf19
TRACE 426 A8_OUTPUT 3847 4
TRACE 426 BF16_OUTPUT 3847 3e2b
TRACE 426 A8_OUTPUT 3848 -15
TRACE 426 BF16_OUTPUT 3848 bf18
TRACE 426 A8_OUTPUT 3849 10
TRACE 426 BF16_OUTPUT 3849 3ecb
TRACE 426 A8_OUTPUT 3850 -22
TRACE 426 BF16_OUTPUT 3850 bf62
TRACE 426 A8_OUTPUT 3851 21
TRACE 426 BF16_OUTPUT 3851 3f5d
TRACE 426 A8_OUTPUT 3852 9
TRACE 426 BF16_OUTPUT 3852 3ebf
TRACE 426 A8_OUTPUT 3853 -7
TRACE 426 BF16_OUTPUT 3853 be93
TRACE 426 A8_OUTPUT 3854 4
TRACE 426 BF16_OUTPUT 3854 3e26
TRACE 426 A8_OUTPUT 3855 -12
TRACE 426 BF16_OUTPUT 3855 bf01
TRACE 426 A8_OUTPUT 3856 16
TRACE 426 BF16_OUTPUT 3856 3f2b
TRACE 426 A8_OUTPUT 3857 13
TRACE 426 BF16_OUTPUT 3857 3f02
TRACE 426 A8_OUTPUT 3858 20
TRACE 426 BF16_OUTPUT 3858 3f4e
TRACE 426 A8_OUTPUT 3859 7
TRACE 426 BF16_OUTPUT 3859 3e87
TRACE 426 A8_OUTPUT 3860 7
TRACE 426 BF16_OUTPUT 3860 3e8a
TRACE 426 A8_OUTPUT 3861 -14
TRACE 426 BF16_OUTPUT 3861 bf16
TRACE 426 A8_OUTPUT 3862 18
TRACE 426 BF16_OUTPUT 3862 3f38
TRACE 426 A8_OUTPUT 3863 -28
TRACE 426 BF16_OUTPUT 3863 bf91
TRACE 426 A8_OUTPUT 3864 -18
TRACE 426 BF16_OUTPUT 3864 bf3a
TRACE 426 A8_OUTPUT 3865 -13
TRACE 426 BF16_OUTPUT 3865 bf05
TRACE 426 A8_OUTPUT 3866 -28
TRACE 426 BF16_OUTPUT 3866 bf93
TRACE 426 A8_OUTPUT 3867 -2
TRACE 426 BF16_OUTPUT 3867 bdb7
TRACE 426 A8_OUTPUT 3868 10
TRACE 426 BF16_OUTPUT 3868 3ed6
TRACE 426 A8_OUTPUT 3869 -8
TRACE 426 BF16_OUTPUT 3869 bea9
TRACE 426 A8_OUTPUT 3870 31
TRACE 426 BF16_OUTPUT 3870 3fa0
TRACE 426 A8_OUTPUT 3871 32
TRACE 426 BF16_OUTPUT 3871 3fa4
TRACE 426 A8_OUTPUT 3872 8
TRACE 426 BF16_OUTPUT 3872 3e9f
TRACE 426 A8_OUTPUT 3873 36
TRACE 426 BF16_OUTPUT 3873 3fbd
TRACE 426 A8_OUTPUT 3874 25
TRACE 426 BF16_OUTPUT 3874 3f83
TRACE 426 A8_OUTPUT 3875 20
TRACE 426 BF16_OUTPUT 3875 3f4c
TRACE 426 A8_OUTPUT 3876 3
TRACE 426 BF16_OUTPUT 3876 3de9
TRACE 426 A8_OUTPUT 3877 33
TRACE 426 BF16_OUTPUT 3877 3faa
TRACE 426 A8_OUTPUT 3878 -26
TRACE 426 BF16_OUTPUT 3878 bf85
TRACE 426 A8_OUTPUT 3879 30
TRACE 426 BF16_OUTPUT 3879 3f9d
TRACE 426 A8_OUTPUT 3880 -32
TRACE 426 BF16_OUTPUT 3880 bfa7
TRACE 426 A8_OUTPUT 3881 24
TRACE 426 BF16_OUTPUT 3881 3f7c
TRACE 426 A8_OUTPUT 3882 -25
TRACE 426 BF16_OUTPUT 3882 bf84
TRACE 426 A8_OUTPUT 3883 -45
TRACE 426 BF16_OUTPUT 3883 bfe9
TRACE 426 A8_OUTPUT 3884 10
TRACE 426 BF16_OUTPUT 3884 3ecf
TRACE 426 A8_OUTPUT 3885 23
TRACE 426 BF16_OUTPUT 3885 3f6a
TRACE 426 A8_OUTPUT 3886 14
TRACE 426 BF16_OUTPUT 3886 3f14
TRACE 426 A8_OUTPUT 3887 22
TRACE 426 BF16_OUTPUT 3887 3f69
TRACE 426 A8_OUTPUT 3888 -18
TRACE 426 BF16_OUTPUT 3888 bf37
TRACE 426 A8_OUTPUT 3889 8
TRACE 426 BF16_OUTPUT 3889 3eab
TRACE 426 A8_OUTPUT 3890 -29
TRACE 426 BF16_OUTPUT 3890 bf95
TRACE 426 A8_OUTPUT 3891 -15
TRACE 426 BF16_OUTPUT 3891 bf1a
TRACE 426 A8_OUTPUT 3892 27
TRACE 426 BF16_OUTPUT 3892 3f8e
TRACE 426 A8_OUTPUT 3893 4
TRACE 426 BF16_OUTPUT 3893 3e30
TRACE 426 A8_OUTPUT 3894 -7
TRACE 426 BF16_OUTPUT 3894 be9a
TRACE 426 A8_OUTPUT 3895 9
TRACE 426 BF16_OUTPUT 3895 3eb8
TRACE 426 A8_OUTPUT 3896 14
TRACE 426 BF16_OUTPUT 3896 3f15
TRACE 426 A8_OUTPUT 3897 -12
TRACE 426 BF16_OUTPUT 3897 bf01
TRACE 426 A8_OUTPUT 3898 -4
TRACE 426 BF16_OUTPUT 3898 be29
TRACE 426 A8_OUTPUT 3899 -10
TRACE 426 BF16_OUTPUT 3899 bed9
TRACE 426 A8_OUTPUT 3900 13
TRACE 426 BF16_OUTPUT 3900 3f0a
TRACE 426 A8_OUTPUT 3901 7
TRACE 426 BF16_OUTPUT 3901 3e94
TRACE 426 A8_OUTPUT 3902 -14
TRACE 426 BF16_OUTPUT 3902 bf13
TRACE 426 A8_OUTPUT 3903 18
TRACE 426 BF16_OUTPUT 3903 3f3f
TRACE 427 INPUT_ACCEPT 61 0
TRACE 428 BF16_GROUP_ISSUE 61 0
TRACE 429 BF16_GROUP_ISSUE 61 1
TRACE 429 BF16_VALUE 3904 3e4a
TRACE 429 BF16_VALUE 3905 bf5d
TRACE 429 BF16_VALUE 3906 bc2c
TRACE 429 BF16_VALUE 3907 3ec8
TRACE 429 BF16_VALUE 3908 bec6
TRACE 429 BF16_VALUE 3909 3ee7
TRACE 429 BF16_VALUE 3910 3ecd
TRACE 429 BF16_VALUE 3911 be48
TRACE 429 BF16_VALUE 3912 bf53
TRACE 429 BF16_VALUE 3913 3e55
TRACE 429 BF16_VALUE 3914 3ece
TRACE 429 BF16_VALUE 3915 bf35
TRACE 429 BF16_VALUE 3916 bed9
TRACE 429 BF16_VALUE 3917 bf46
TRACE 429 BF16_VALUE 3918 3f61
TRACE 429 BF16_VALUE 3919 bf05
TRACE 430 BF16_GROUP_ISSUE 61 2
TRACE 430 BF16_VALUE 3920 3f3e
TRACE 430 BF16_VALUE 3921 3f4d
TRACE 430 BF16_VALUE 3922 be67
TRACE 430 BF16_VALUE 3923 3f24
TRACE 430 BF16_VALUE 3924 bd8f
TRACE 430 BF16_VALUE 3925 3d6f
TRACE 430 BF16_VALUE 3926 3f5e
TRACE 430 BF16_VALUE 3927 bedf
TRACE 430 BF16_VALUE 3928 3f75
TRACE 430 BF16_VALUE 3929 3f85
TRACE 430 BF16_VALUE 3930 3f1d
TRACE 430 BF16_VALUE 3931 bfa4
TRACE 430 BF16_VALUE 3932 bdb2
TRACE 430 BF16_VALUE 3933 3f8d
TRACE 430 BF16_VALUE 3934 3f1c
TRACE 430 BF16_VALUE 3935 3e01
TRACE 431 BF16_GROUP_ISSUE 61 3
TRACE 431 BF16_VALUE 3936 3e58
TRACE 431 BF16_VALUE 3937 bed5
TRACE 431 BF16_VALUE 3938 bc36
TRACE 431 BF16_VALUE 3939 3f56
TRACE 431 BF16_VALUE 3940 bf08
TRACE 431 BF16_VALUE 3941 3fb2
TRACE 431 BF16_VALUE 3942 3cd2
TRACE 431 BF16_VALUE 3943 3ec4
TRACE 431 BF16_VALUE 3944 bfaf
TRACE 431 BF16_VALUE 3945 bf8d
TRACE 431 BF16_VALUE 3946 bf4c
TRACE 431 BF16_VALUE 3947 bf4a
TRACE 431 BF16_VALUE 3948 3f9d
TRACE 431 BF16_VALUE 3949 3e8d
TRACE 431 BF16_VALUE 3950 bf8e
TRACE 431 BF16_VALUE 3951 3ecf
TRACE 432 BF16_VALUE 3952 3ed8
TRACE 432 BF16_VALUE 3953 bf9d
TRACE 432 BF16_VALUE 3954 bedc
TRACE 432 BF16_VALUE 3955 3f7d
TRACE 432 BF16_VALUE 3956 be57
TRACE 432 BF16_VALUE 3957 bf92
TRACE 432 BF16_VALUE 3958 3e97
TRACE 432 BF16_VALUE 3959 bef6
TRACE 432 BF16_VALUE 3960 bf0a
TRACE 432 BF16_VALUE 3961 3f0f
TRACE 432 BF16_VALUE 3962 3f09
TRACE 432 BF16_VALUE 3963 bd72
TRACE 432 BF16_VALUE 3964 3f3c
TRACE 432 BF16_VALUE 3965 be97
TRACE 432 BF16_VALUE 3966 3f89
TRACE 432 BF16_VALUE 3967 3ea3
TRACE 433 A8_OUTPUT 3904 5
TRACE 433 BF16_OUTPUT 3904 3e4a
TRACE 433 A8_OUTPUT 3905 -21
TRACE 433 BF16_OUTPUT 3905 bf5d
TRACE 433 A8_OUTPUT 3906 0
TRACE 433 BF16_OUTPUT 3906 bc2c
TRACE 433 A8_OUTPUT 3907 10
TRACE 433 BF16_OUTPUT 3907 3ec8
TRACE 433 A8_OUTPUT 3908 -10
TRACE 433 BF16_OUTPUT 3908 bec6
TRACE 433 A8_OUTPUT 3909 11
TRACE 433 BF16_OUTPUT 3909 3ee7
TRACE 433 A8_OUTPUT 3910 10
TRACE 433 BF16_OUTPUT 3910 3ecd
TRACE 433 A8_OUTPUT 3911 -5
TRACE 433 BF16_OUTPUT 3911 be48
TRACE 433 A8_OUTPUT 3912 -20
TRACE 433 BF16_OUTPUT 3912 bf53
TRACE 433 A8_OUTPUT 3913 5
TRACE 433 BF16_OUTPUT 3913 3e55
TRACE 433 A8_OUTPUT 3914 10
TRACE 433 BF16_OUTPUT 3914 3ece
TRACE 433 A8_OUTPUT 3915 -17
TRACE 433 BF16_OUTPUT 3915 bf35
TRACE 433 A8_OUTPUT 3916 -10
TRACE 433 BF16_OUTPUT 3916 bed9
TRACE 433 A8_OUTPUT 3917 -19
TRACE 433 BF16_OUTPUT 3917 bf46
TRACE 433 A8_OUTPUT 3918 22
TRACE 433 BF16_OUTPUT 3918 3f61
TRACE 433 A8_OUTPUT 3919 -13
TRACE 433 BF16_OUTPUT 3919 bf05
TRACE 433 A8_OUTPUT 3920 18
TRACE 433 BF16_OUTPUT 3920 3f3e
TRACE 433 A8_OUTPUT 3921 20
TRACE 433 BF16_OUTPUT 3921 3f4d
TRACE 433 A8_OUTPUT 3922 -6
TRACE 433 BF16_OUTPUT 3922 be67
TRACE 433 A8_OUTPUT 3923 16
TRACE 433 BF16_OUTPUT 3923 3f24
TRACE 433 A8_OUTPUT 3924 -2
TRACE 433 BF16_OUTPUT 3924 bd8f
TRACE 433 A8_OUTPUT 3925 1
TRACE 433 BF16_OUTPUT 3925 3d6f
TRACE 433 A8_OUTPUT 3926 21
TRACE 433 BF16_OUTPUT 3926 3f5e
TRACE 433 A8_OUTPUT 3927 -11
TRACE 433 BF16_OUTPUT 3927 bedf
TRACE 433 A8_OUTPUT 3928 24
TRACE 433 BF16_OUTPUT 3928 3f75
TRACE 433 A8_OUTPUT 3929 26
TRACE 433 BF16_OUTPUT 3929 3f85
TRACE 433 A8_OUTPUT 3930 15
TRACE 433 BF16_OUTPUT 3930 3f1d
TRACE 433 A8_OUTPUT 3931 -32
TRACE 433 BF16_OUTPUT 3931 bfa4
TRACE 433 A8_OUTPUT 3932 -2
TRACE 433 BF16_OUTPUT 3932 bdb2
TRACE 433 A8_OUTPUT 3933 27
TRACE 433 BF16_OUTPUT 3933 3f8d
TRACE 433 A8_OUTPUT 3934 15
TRACE 433 BF16_OUTPUT 3934 3f1c
TRACE 433 A8_OUTPUT 3935 3
TRACE 433 BF16_OUTPUT 3935 3e01
TRACE 433 A8_OUTPUT 3936 5
TRACE 433 BF16_OUTPUT 3936 3e58
TRACE 433 A8_OUTPUT 3937 -10
TRACE 433 BF16_OUTPUT 3937 bed5
TRACE 433 A8_OUTPUT 3938 0
TRACE 433 BF16_OUTPUT 3938 bc36
TRACE 433 A8_OUTPUT 3939 21
TRACE 433 BF16_OUTPUT 3939 3f56
TRACE 433 A8_OUTPUT 3940 -13
TRACE 433 BF16_OUTPUT 3940 bf08
TRACE 433 A8_OUTPUT 3941 34
TRACE 433 BF16_OUTPUT 3941 3fb2
TRACE 433 A8_OUTPUT 3942 1
TRACE 433 BF16_OUTPUT 3942 3cd2
TRACE 433 A8_OUTPUT 3943 9
TRACE 433 BF16_OUTPUT 3943 3ec4
TRACE 433 A8_OUTPUT 3944 -34
TRACE 433 BF16_OUTPUT 3944 bfaf
TRACE 433 A8_OUTPUT 3945 -27
TRACE 433 BF16_OUTPUT 3945 bf8d
TRACE 433 A8_OUTPUT 3946 -20
TRACE 433 BF16_OUTPUT 3946 bf4c
TRACE 433 A8_OUTPUT 3947 -19
TRACE 433 BF16_OUTPUT 3947 bf4a
TRACE 433 A8_OUTPUT 3948 30
TRACE 433 BF16_OUTPUT 3948 3f9d
TRACE 433 A8_OUTPUT 3949 7
TRACE 433 BF16_OUTPUT 3949 3e8d
TRACE 433 A8_OUTPUT 3950 -27
TRACE 433 BF16_OUTPUT 3950 bf8e
TRACE 433 A8_OUTPUT 3951 10
TRACE 433 BF16_OUTPUT 3951 3ecf
TRACE 433 A8_OUTPUT 3952 10
TRACE 433 BF16_OUTPUT 3952 3ed8
TRACE 433 A8_OUTPUT 3953 -30
TRACE 433 BF16_OUTPUT 3953 bf9d
TRACE 433 A8_OUTPUT 3954 -11
TRACE 433 BF16_OUTPUT 3954 bedc
TRACE 433 A8_OUTPUT 3955 24
TRACE 433 BF16_OUTPUT 3955 3f7d
TRACE 433 A8_OUTPUT 3956 -5
TRACE 433 BF16_OUTPUT 3956 be57
TRACE 433 A8_OUTPUT 3957 -28
TRACE 433 BF16_OUTPUT 3957 bf92
TRACE 433 A8_OUTPUT 3958 7
TRACE 433 BF16_OUTPUT 3958 3e97
TRACE 433 A8_OUTPUT 3959 -12
TRACE 433 BF16_OUTPUT 3959 bef6
TRACE 433 A8_OUTPUT 3960 -13
TRACE 433 BF16_OUTPUT 3960 bf0a
TRACE 433 A8_OUTPUT 3961 14
TRACE 433 BF16_OUTPUT 3961 3f0f
TRACE 433 A8_OUTPUT 3962 13
TRACE 433 BF16_OUTPUT 3962 3f09
TRACE 433 A8_OUTPUT 3963 -1
TRACE 433 BF16_OUTPUT 3963 bd72
TRACE 433 A8_OUTPUT 3964 18
TRACE 433 BF16_OUTPUT 3964 3f3c
TRACE 433 A8_OUTPUT 3965 -7
TRACE 433 BF16_OUTPUT 3965 be97
TRACE 433 A8_OUTPUT 3966 26
TRACE 433 BF16_OUTPUT 3966 3f89
TRACE 433 A8_OUTPUT 3967 8
TRACE 433 BF16_OUTPUT 3967 3ea3
TRACE 434 INPUT_ACCEPT 62 0
TRACE 435 BF16_GROUP_ISSUE 62 0
TRACE 436 BF16_GROUP_ISSUE 62 1
TRACE 436 BF16_VALUE 3968 3f45
TRACE 436 BF16_VALUE 3969 3eb9
TRACE 436 BF16_VALUE 3970 be5d
TRACE 436 BF16_VALUE 3971 bed2
TRACE 436 BF16_VALUE 3972 bf9a
TRACE 436 BF16_VALUE 3973 c019
TRACE 436 BF16_VALUE 3974 3fe5
TRACE 436 BF16_VALUE 3975 bfa9
TRACE 436 BF16_VALUE 3976 bd91
TRACE 436 BF16_VALUE 3977 3fa4
TRACE 436 BF16_VALUE 3978 3fc3
TRACE 436 BF16_VALUE 3979 bf5d
TRACE 436 BF16_VALUE 3980 3f91
TRACE 436 BF16_VALUE 3981 c006
TRACE 436 BF16_VALUE 3982 bf8b
TRACE 436 BF16_VALUE 3983 3fa4
TRACE 437 BF16_GROUP_ISSUE 62 2
TRACE 437 BF16_VALUE 3984 3f4a
TRACE 437 BF16_VALUE 3985 bfe0
TRACE 437 BF16_VALUE 3986 3fb1
TRACE 437 BF16_VALUE 3987 3fce
TRACE 437 BF16_VALUE 3988 c002
TRACE 437 BF16_VALUE 3989 bf56
TRACE 437 BF16_VALUE 3990 bfda
TRACE 437 BF16_VALUE 3991 bfc9
TRACE 437 BF16_VALUE 3992 bf9e
TRACE 437 BF16_VALUE 3993 3f00
TRACE 437 BF16_VALUE 3994 bf2e
TRACE 437 BF16_VALUE 3995 bf74
TRACE 437 BF16_VALUE 3996 bf99
TRACE 437 BF16_VALUE 3997 bf68
TRACE 437 BF16_VALUE 3998 bfa7
TRACE 437 BF16_VALUE 3999 bf78
TRACE 438 BF16_GROUP_ISSUE 62 3
TRACE 438 BF16_VALUE 4000 bfc4
TRACE 438 BF16_VALUE 4001 bf91
TRACE 438 BF16_VALUE 4002 3e68
TRACE 438 BF16_VALUE 4003 3f64
TRACE 438 BF16_VALUE 4004 3f15
TRACE 438 BF16_VALUE 4005 3e9b
TRACE 438 BF16_VALUE 4006 3ed8
TRACE 438 BF16_VALUE 4007 3f19
TRACE 438 BF16_VALUE 4008 bd60
TRACE 438 BF16_VALUE 4009 3f8f
TRACE 438 BF16_VALUE 4010 be32
TRACE 438 BF16_VALUE 4011 bfa1
TRACE 438 BF16_VALUE 4012 bea8
TRACE 438 BF16_VALUE 4013 3f8b
TRACE 438 BF16_VALUE 4014 bf6a
TRACE 438 BF16_VALUE 4015 3f97
TRACE 439 BF16_VALUE 4016 3f8d
TRACE 439 BF16_VALUE 4017 3f71
TRACE 439 BF16_VALUE 4018 3f97
TRACE 439 BF16_VALUE 4019 bee1
TRACE 439 BF16_VALUE 4020 be6b
TRACE 439 BF16_VALUE 4021 3f8c
TRACE 439 BF16_VALUE 4022 3d79
TRACE 439 BF16_VALUE 4023 3f55
TRACE 439 BF16_VALUE 4024 bf78
TRACE 439 BF16_VALUE 4025 3f2f
TRACE 439 BF16_VALUE 4026 3ef9
TRACE 439 BF16_VALUE 4027 bdb2
TRACE 439 BF16_VALUE 4028 becf
TRACE 439 BF16_VALUE 4029 3f08
TRACE 439 BF16_VALUE 4030 3ef5
TRACE 439 BF16_VALUE 4031 3f02
TRACE 440 A8_OUTPUT 3968 19
TRACE 440 BF16_OUTPUT 3968 3f45
TRACE 440 A8_OUTPUT 3969 9
TRACE 440 BF16_OUTPUT 3969 3eb9
TRACE 440 A8_OUTPUT 3970 -5
TRACE 440 BF16_OUTPUT 3970 be5d
TRACE 440 A8_OUTPUT 3971 -10
TRACE 440 BF16_OUTPUT 3971 bed2
TRACE 440 A8_OUTPUT 3972 -30
TRACE 440 BF16_OUTPUT 3972 bf9a
TRACE 440 A8_OUTPUT 3973 -59
TRACE 440 BF16_OUTPUT 3973 c019
TRACE 440 A8_OUTPUT 3974 44
TRACE 440 BF16_OUTPUT 3974 3fe5
TRACE 440 A8_OUTPUT 3975 -33
TRACE 440 BF16_OUTPUT 3975 bfa9
TRACE 440 A8_OUTPUT 3976 -2
TRACE 440 BF16_OUTPUT 3976 bd91
TRACE 440 A8_OUTPUT 3977 32
TRACE 440 BF16_OUTPUT 3977 3fa4
TRACE 440 A8_OUTPUT 3978 38
TRACE 440 BF16_OUTPUT 3978 3fc3
TRACE 440 A8_OUTPUT 3979 -21
TRACE 440 BF16_OUTPUT 3979 bf5d
TRACE 440 A8_OUTPUT 3980 28
TRACE 440 BF16_OUTPUT 3980 3f91
TRACE 440 A8_OUTPUT 3981 -52
TRACE 440 BF16_OUTPUT 3981 c006
TRACE 440 A8_OUTPUT 3982 -27
TRACE 440 BF16_OUTPUT 3982 bf8b
TRACE 440 A8_OUTPUT 3983 32
TRACE 440 BF16_OUTPUT 3983 3fa4
TRACE 440 A8_OUTPUT 3984 19
TRACE 440 BF16_OUTPUT 3984 3f4a
TRACE 440 A8_OUTPUT 3985 -43
TRACE 440 BF16_OUTPUT 3985 bfe0
TRACE 440 A8_OUTPUT 3986 34
TRACE 440 BF16_OUTPUT 3986 3fb1
TRACE 440 A8_OUTPUT 3987 40
TRACE 440 BF16_OUTPUT 3987 3fce
TRACE 440 A8_OUTPUT 3988 -50
TRACE 440 BF16_OUTPUT 3988 c002
TRACE 440 A8_OUTPUT 3989 -21
TRACE 440 BF16_OUTPUT 3989 bf56
TRACE 440 A8_OUTPUT 3990 -42
TRACE 440 BF16_OUTPUT 3990 bfda
TRACE 440 A8_OUTPUT 3991 -39
TRACE 440 BF16_OUTPUT 3991 bfc9
TRACE 440 A8_OUTPUT 3992 -30
TRACE 440 BF16_OUTPUT 3992 bf9e
TRACE 440 A8_OUTPUT 3993 12
TRACE 440 BF16_OUTPUT 3993 3f00
TRACE 440 A8_OUTPUT 3994 -17
TRACE 440 BF16_OUTPUT 3994 bf2e
TRACE 440 A8_OUTPUT 3995 -23
TRACE 440 BF16_OUTPUT 3995 bf74
TRACE 440 A8_OUTPUT 3996 -29
TRACE 440 BF16_OUTPUT 3996 bf99
TRACE 440 A8_OUTPUT 3997 -22
TRACE 440 BF16_OUTPUT 3997 bf68
TRACE 440 A8_OUTPUT 3998 -32
TRACE 440 BF16_OUTPUT 3998 bfa7
TRACE 440 A8_OUTPUT 3999 -24
TRACE 440 BF16_OUTPUT 3999 bf78
TRACE 440 A8_OUTPUT 4000 -38
TRACE 440 BF16_OUTPUT 4000 bfc4
TRACE 440 A8_OUTPUT 4001 -28
TRACE 440 BF16_OUTPUT 4001 bf91
TRACE 440 A8_OUTPUT 4002 6
TRACE 440 BF16_OUTPUT 4002 3e68
TRACE 440 A8_OUTPUT 4003 22
TRACE 440 BF16_OUTPUT 4003 3f64
TRACE 440 A8_OUTPUT 4004 14
TRACE 440 BF16_OUTPUT 4004 3f15
TRACE 440 A8_OUTPUT 4005 7
TRACE 440 BF16_OUTPUT 4005 3e9b
TRACE 440 A8_OUTPUT 4006 10
TRACE 440 BF16_OUTPUT 4006 3ed8
TRACE 440 A8_OUTPUT 4007 15
TRACE 440 BF16_OUTPUT 4007 3f19
TRACE 440 A8_OUTPUT 4008 -1
TRACE 440 BF16_OUTPUT 4008 bd60
TRACE 440 A8_OUTPUT 4009 27
TRACE 440 BF16_OUTPUT 4009 3f8f
TRACE 440 A8_OUTPUT 4010 -4
TRACE 440 BF16_OUTPUT 4010 be32
TRACE 440 A8_OUTPUT 4011 -31
TRACE 440 BF16_OUTPUT 4011 bfa1
TRACE 440 A8_OUTPUT 4012 -8
TRACE 440 BF16_OUTPUT 4012 bea8
TRACE 440 A8_OUTPUT 4013 27
TRACE 440 BF16_OUTPUT 4013 3f8b
TRACE 440 A8_OUTPUT 4014 -23
TRACE 440 BF16_OUTPUT 4014 bf6a
TRACE 440 A8_OUTPUT 4015 29
TRACE 440 BF16_OUTPUT 4015 3f97
TRACE 440 A8_OUTPUT 4016 27
TRACE 440 BF16_OUTPUT 4016 3f8d
TRACE 440 A8_OUTPUT 4017 23
TRACE 440 BF16_OUTPUT 4017 3f71
TRACE 440 A8_OUTPUT 4018 29
TRACE 440 BF16_OUTPUT 4018 3f97
TRACE 440 A8_OUTPUT 4019 -11
TRACE 440 BF16_OUTPUT 4019 bee1
TRACE 440 A8_OUTPUT 4020 -6
TRACE 440 BF16_OUTPUT 4020 be6b
TRACE 440 A8_OUTPUT 4021 27
TRACE 440 BF16_OUTPUT 4021 3f8c
TRACE 440 A8_OUTPUT 4022 1
TRACE 440 BF16_OUTPUT 4022 3d79
TRACE 440 A8_OUTPUT 4023 21
TRACE 440 BF16_OUTPUT 4023 3f55
TRACE 440 A8_OUTPUT 4024 -24
TRACE 440 BF16_OUTPUT 4024 bf78
TRACE 440 A8_OUTPUT 4025 17
TRACE 440 BF16_OUTPUT 4025 3f2f
TRACE 440 A8_OUTPUT 4026 12
TRACE 440 BF16_OUTPUT 4026 3ef9
TRACE 440 A8_OUTPUT 4027 -2
TRACE 440 BF16_OUTPUT 4027 bdb2
TRACE 440 A8_OUTPUT 4028 -10
TRACE 440 BF16_OUTPUT 4028 becf
TRACE 440 A8_OUTPUT 4029 13
TRACE 440 BF16_OUTPUT 4029 3f08
TRACE 440 A8_OUTPUT 4030 12
TRACE 440 BF16_OUTPUT 4030 3ef5
TRACE 440 A8_OUTPUT 4031 13
TRACE 440 BF16_OUTPUT 4031 3f02
TRACE 441 INPUT_ACCEPT 63 0
TRACE 442 BF16_GROUP_ISSUE 63 0
TRACE 443 BF16_GROUP_ISSUE 63 1
TRACE 443 BF16_VALUE 4032 bf3a
TRACE 443 BF16_VALUE 4033 3f60
TRACE 443 BF16_VALUE 4034 4017
TRACE 443 BF16_VALUE 4035 bfbb
TRACE 443 BF16_VALUE 4036 bf52
TRACE 443 BF16_VALUE 4037 3ea0
TRACE 443 BF16_VALUE 4038 bfaf
TRACE 443 BF16_VALUE 4039 3e4c
TRACE 443 BF16_VALUE 4040 3fe1
TRACE 443 BF16_VALUE 4041 4016
TRACE 443 BF16_VALUE 4042 beb1
TRACE 443 BF16_VALUE 4043 c02a
TRACE 443 BF16_VALUE 4044 c001
TRACE 443 BF16_VALUE 4045 3fa2
TRACE 443 BF16_VALUE 4046 4001
TRACE 443 BF16_VALUE 4047 bf66
TRACE 444 BF16_GROUP_ISSUE 63 2
TRACE 444 BF16_VALUE 4048 3e67
TRACE 444 BF16_VALUE 4049 bfee
TRACE 444 BF16_VALUE 4050 bfd8
TRACE 444 BF16_VALUE 4051 bf8f
TRACE 444 BF16_VALUE 4052 bf72
TRACE 444 BF16_VALUE 4053 bf82
TRACE 444 BF16_VALUE 4054 bf04
TRACE 444 BF16_VALUE 4055 3f7f
TRACE 444 BF16_VALUE 4056 bfb5
TRACE 444 BF16_VALUE 4057 bf83
TRACE 444 BF16_VALUE 4058 3fa9
TRACE 444 BF16_VALUE 4059 3fa1
TRACE 444 BF16_VALUE 4060 3d2a
TRACE 444 BF16_VALUE 4061 bf9d
TRACE 444 BF16_VALUE 4062 bf9e
TRACE 444 BF16_VALUE 4063 bf8c
TRACE 445 BF16_GROUP_ISSUE 63 3
TRACE 445 BF16_VALUE 4064 3f59
TRACE 445 BF16_VALUE 4065 3e9f
TRACE 445 BF16_VALUE 4066 3fa4
TRACE 445 BF16_VALUE 4067 bf98
TRACE 445 BF16_VALUE 4068 bfa4
TRACE 445 BF16_VALUE 4069 bf50
TRACE 445 BF16_VALUE 4070 3f92
TRACE 445 BF16_VALUE 4071 bfc5
TRACE 445 BF16_VALUE 4072 bf84
TRACE 445 BF16_VALUE 4073 3f8e
TRACE 445 BF16_VALUE 4074 3f9d
TRACE 445 BF16_VALUE 4075 3f81
TRACE 445 BF16_VALUE 4076 bfaa
TRACE 445 BF16_VALUE 4077 3dea
TRACE 445 BF16_VALUE 4078 bf9b
TRACE 445 BF16_VALUE 4079 bf10
TRACE 446 BF16_VALUE 4080 bea4
TRACE 446 BF16_VALUE 4081 3f11
TRACE 446 BF16_VALUE 4082 bf73
TRACE 446 BF16_VALUE 4083 3f4b
TRACE 446 BF16_VALUE 4084 bf16
TRACE 446 BF16_VALUE 4085 bf14
TRACE 446 BF16_VALUE 4086 3d2d
TRACE 446 BF16_VALUE 4087 bec6
TRACE 446 BF16_VALUE 4088 3f10
TRACE 446 BF16_VALUE 4089 3f37
TRACE 446 BF16_VALUE 4090 3f25
TRACE 446 BF16_VALUE 4091 3f48
TRACE 446 BF16_VALUE 4092 bf03
TRACE 446 BF16_VALUE 4093 3f3b
TRACE 446 BF16_VALUE 4094 3f5d
TRACE 446 BF16_VALUE 4095 bcff
TRACE 447 A8_OUTPUT 4032 -18
TRACE 447 BF16_OUTPUT 4032 bf3a
TRACE 447 A8_OUTPUT 4033 22
TRACE 447 BF16_OUTPUT 4033 3f60
TRACE 447 A8_OUTPUT 4034 58
TRACE 447 BF16_OUTPUT 4034 4017
TRACE 447 A8_OUTPUT 4035 -36
TRACE 447 BF16_OUTPUT 4035 bfbb
TRACE 447 A8_OUTPUT 4036 -20
TRACE 447 BF16_OUTPUT 4036 bf52
TRACE 447 A8_OUTPUT 4037 8
TRACE 447 BF16_OUTPUT 4037 3ea0
TRACE 447 A8_OUTPUT 4038 -34
TRACE 447 BF16_OUTPUT 4038 bfaf
TRACE 447 A8_OUTPUT 4039 5
TRACE 447 BF16_OUTPUT 4039 3e4c
TRACE 447 A8_OUTPUT 4040 43
TRACE 447 BF16_OUTPUT 4040 3fe1
TRACE 447 A8_OUTPUT 4041 58
TRACE 447 BF16_OUTPUT 4041 4016
TRACE 447 A8_OUTPUT 4042 -9
TRACE 447 BF16_OUTPUT 4042 beb1
TRACE 447 A8_OUTPUT 4043 -66
TRACE 447 BF16_OUTPUT 4043 c02a
TRACE 447 A8_OUTPUT 4044 -50
TRACE 447 BF16_OUTPUT 4044 c001
TRACE 447 A8_OUTPUT 4045 31
TRACE 447 BF16_OUTPUT 4045 3fa2
TRACE 447 A8_OUTPUT 4046 50
TRACE 447 BF16_OUTPUT 4046 4001
TRACE 447 A8_OUTPUT 4047 -22
TRACE 447 BF16_OUTPUT 4047 bf66
TRACE 447 A8_OUTPUT 4048 6
TRACE 447 BF16_OUTPUT 4048 3e67
TRACE 447 A8_OUTPUT 4049 -46
TRACE 447 BF16_OUTPUT 4049 bfee
TRACE 447 A8_OUTPUT 4050 -42
TRACE 447 BF16_OUTPUT 4050 bfd8
TRACE 447 A8_OUTPUT 4051 -28
TRACE 447 BF16_OUTPUT 4051 bf8f
TRACE 447 A8_OUTPUT 4052 -23
TRACE 447 BF16_OUTPUT 4052 bf72
TRACE 447 A8_OUTPUT 4053 -25
TRACE 447 BF16_OUTPUT 4053 bf82
TRACE 447 A8_OUTPUT 4054 -13
TRACE 447 BF16_OUTPUT 4054 bf04
TRACE 447 A8_OUTPUT 4055 25
TRACE 447 BF16_OUTPUT 4055 3f7f
TRACE 447 A8_OUTPUT 4056 -35
TRACE 447 BF16_OUTPUT 4056 bfb5
TRACE 447 A8_OUTPUT 4057 -25
TRACE 447 BF16_OUTPUT 4057 bf83
TRACE 447 A8_OUTPUT 4058 32
TRACE 447 BF16_OUTPUT 4058 3fa9
TRACE 447 A8_OUTPUT 4059 31
TRACE 447 BF16_OUTPUT 4059 3fa1
TRACE 447 A8_OUTPUT 4060 1
TRACE 447 BF16_OUTPUT 4060 3d2a
TRACE 447 A8_OUTPUT 4061 -30
TRACE 447 BF16_OUTPUT 4061 bf9d
TRACE 447 A8_OUTPUT 4062 -30
TRACE 447 BF16_OUTPUT 4062 bf9e
TRACE 447 A8_OUTPUT 4063 -27
TRACE 447 BF16_OUTPUT 4063 bf8c
TRACE 447 A8_OUTPUT 4064 21
TRACE 447 BF16_OUTPUT 4064 3f59
TRACE 447 A8_OUTPUT 4065 8
TRACE 447 BF16_OUTPUT 4065 3e9f
TRACE 447 A8_OUTPUT 4066 32
TRACE 447 BF16_OUTPUT 4066 3fa4
TRACE 447 A8_OUTPUT 4067 -29
TRACE 447 BF16_OUTPUT 4067 bf98
TRACE 447 A8_OUTPUT 4068 -32
TRACE 447 BF16_OUTPUT 4068 bfa4
TRACE 447 A8_OUTPUT 4069 -20
TRACE 447 BF16_OUTPUT 4069 bf50
TRACE 447 A8_OUTPUT 4070 28
TRACE 447 BF16_OUTPUT 4070 3f92
TRACE 447 A8_OUTPUT 4071 -38
TRACE 447 BF16_OUTPUT 4071 bfc5
TRACE 447 A8_OUTPUT 4072 -25
TRACE 447 BF16_OUTPUT 4072 bf84
TRACE 447 A8_OUTPUT 4073 27
TRACE 447 BF16_OUTPUT 4073 3f8e
TRACE 447 A8_OUTPUT 4074 30
TRACE 447 BF16_OUTPUT 4074 3f9d
TRACE 447 A8_OUTPUT 4075 25
TRACE 447 BF16_OUTPUT 4075 3f81
TRACE 447 A8_OUTPUT 4076 -33
TRACE 447 BF16_OUTPUT 4076 bfaa
TRACE 447 A8_OUTPUT 4077 3
TRACE 447 BF16_OUTPUT 4077 3dea
TRACE 447 A8_OUTPUT 4078 -30
TRACE 447 BF16_OUTPUT 4078 bf9b
TRACE 447 A8_OUTPUT 4079 -14
TRACE 447 BF16_OUTPUT 4079 bf10
TRACE 447 A8_OUTPUT 4080 -8
TRACE 447 BF16_OUTPUT 4080 bea4
TRACE 447 A8_OUTPUT 4081 14
TRACE 447 BF16_OUTPUT 4081 3f11
TRACE 447 A8_OUTPUT 4082 -23
TRACE 447 BF16_OUTPUT 4082 bf73
TRACE 447 A8_OUTPUT 4083 20
TRACE 447 BF16_OUTPUT 4083 3f4b
TRACE 447 A8_OUTPUT 4084 -14
TRACE 447 BF16_OUTPUT 4084 bf16
TRACE 447 A8_OUTPUT 4085 -14
TRACE 447 BF16_OUTPUT 4085 bf14
TRACE 447 A8_OUTPUT 4086 1
TRACE 447 BF16_OUTPUT 4086 3d2d
TRACE 447 A8_OUTPUT 4087 -10
TRACE 447 BF16_OUTPUT 4087 bec6
TRACE 447 A8_OUTPUT 4088 14
TRACE 447 BF16_OUTPUT 4088 3f10
TRACE 447 A8_OUTPUT 4089 18
TRACE 447 BF16_OUTPUT 4089 3f37
TRACE 447 A8_OUTPUT 4090 16
TRACE 447 BF16_OUTPUT 4090 3f25
TRACE 447 A8_OUTPUT 4091 19
TRACE 447 BF16_OUTPUT 4091 3f48
TRACE 447 A8_OUTPUT 4092 -13
TRACE 447 BF16_OUTPUT 4092 bf03
TRACE 447 A8_OUTPUT 4093 18
TRACE 447 BF16_OUTPUT 4093 3f3b
TRACE 447 A8_OUTPUT 4094 21
TRACE 447 BF16_OUTPUT 4094 3f5d
TRACE 447 A8_OUTPUT 4095 -1
TRACE 447 BF16_OUTPUT 4095 bcff
SUMMARY 448 64 4096 256 4096 64 378 0
architecture_simulator/rtl/vertical_slice/tb_gtsu_dense64_dual_output_trace.sv:102: $finish called at 4506 (1s)
