
 /----------------------------------------------------------------------------\
 |                                                                            |
 |  yosys -- Yosys Open SYnthesis Suite                                       |
 |                                                                            |
 |  Copyright (C) 2012 - 2019  Clifford Wolf <clifford@clifford.at>           |
 |                                                                            |
 |  Permission to use, copy, modify, and/or distribute this software for any  |
 |  purpose with or without fee is hereby granted, provided that the above    |
 |  copyright notice and this permission notice appear in all copies.         |
 |                                                                            |
 |  THE SOFTWARE IS PROVIDED "AS IS" AND THE AUTHOR DISCLAIMS ALL WARRANTIES  |
 |  WITH REGARD TO THIS SOFTWARE INCLUDING ALL IMPLIED WARRANTIES OF          |
 |  MERCHANTABILITY AND FITNESS. IN NO EVENT SHALL THE AUTHOR BE LIABLE FOR   |
 |  ANY SPECIAL, DIRECT, INDIRECT, OR CONSEQUENTIAL DAMAGES OR ANY DAMAGES    |
 |  WHATSOEVER RESULTING FROM LOSS OF USE, DATA OR PROFITS, WHETHER IN AN     |
 |  ACTION OF CONTRACT, NEGLIGENCE OR OTHER TORTIOUS ACTION, ARISING OUT OF   |
 |  OR IN CONNECTION WITH THE USE OR PERFORMANCE OF THIS SOFTWARE.            |
 |                                                                            |
 \----------------------------------------------------------------------------/

 Yosys 0.9 (git sha1 1979e0b)


-- Running command `read_verilog -sv architecture_simulator/rtl/vertical_slice/gtsu_fused_fps_knn_controller.sv; chparam -set POINTS 16 -set CENTERS 5 -set K 4 -set LANES 4 -set DIST_WIDTH 18 gtsu_fused_fps_knn_controller; hierarchy -check -top gtsu_fused_fps_knn_controller; proc; memory; opt; check -assert; stat' --

1. Executing Verilog-2005 frontend: architecture_simulator/rtl/vertical_slice/gtsu_fused_fps_knn_controller.sv
Parsing SystemVerilog input from `architecture_simulator/rtl/vertical_slice/gtsu_fused_fps_knn_controller.sv' to AST representation.
Generating RTLIL representation for module `\gtsu_fused_fps_knn_controller'.
Warning: Replacing memory \min_state with list of registers. See architecture_simulator/rtl/vertical_slice/gtsu_fused_fps_knn_controller.sv:218
Warning: Replacing memory \top_index with list of registers. See architecture_simulator/rtl/vertical_slice/gtsu_fused_fps_knn_controller.sv:197
Warning: Replacing memory \top_distance with list of registers. See architecture_simulator/rtl/vertical_slice/gtsu_fused_fps_knn_controller.sv:196
Warning: Replacing memory \merged_index with list of registers. See architecture_simulator/rtl/vertical_slice/gtsu_fused_fps_knn_controller.sv:163
Warning: Replacing memory \merged_distance with list of registers. See architecture_simulator/rtl/vertical_slice/gtsu_fused_fps_knn_controller.sv:162
Warning: Replacing memory \local_index with list of registers. See architecture_simulator/rtl/vertical_slice/gtsu_fused_fps_knn_controller.sv:146, architecture_simulator/rtl/vertical_slice/gtsu_fused_fps_knn_controller.sv:134
Warning: Replacing memory \local_distance with list of registers. See architecture_simulator/rtl/vertical_slice/gtsu_fused_fps_knn_controller.sv:144, architecture_simulator/rtl/vertical_slice/gtsu_fused_fps_knn_controller.sv:133
Warning: Replacing memory \updated_min with list of registers. See architecture_simulator/rtl/vertical_slice/gtsu_fused_fps_knn_controller.sv:123, architecture_simulator/rtl/vertical_slice/gtsu_fused_fps_knn_controller.sv:120
Warning: Replacing memory \global_index with list of registers. See architecture_simulator/rtl/vertical_slice/gtsu_fused_fps_knn_controller.sv:161, architecture_simulator/rtl/vertical_slice/gtsu_fused_fps_knn_controller.sv:109
Warning: Replacing memory \global_distance with list of registers. See architecture_simulator/rtl/vertical_slice/gtsu_fused_fps_knn_controller.sv:159, architecture_simulator/rtl/vertical_slice/gtsu_fused_fps_knn_controller.sv:108
Successfully finished Verilog frontend.

2. Executing AST frontend in derive mode using pre-parsed AST for module `\gtsu_fused_fps_knn_controller'.
Parameter \POINTS = 16
Parameter \CENTERS = 5
Parameter \K = 4
Parameter \LANES = 4
Parameter \DIST_WIDTH = 18
Generating RTLIL representation for module `$paramod\gtsu_fused_fps_knn_controller\POINTS=16\CENTERS=5\K=4\LANES=4\DIST_WIDTH=18'.
Warning: Replacing memory \min_state with list of registers. See architecture_simulator/rtl/vertical_slice/gtsu_fused_fps_knn_controller.sv:218
Warning: Replacing memory \top_index with list of registers. See architecture_simulator/rtl/vertical_slice/gtsu_fused_fps_knn_controller.sv:197
Warning: Replacing memory \top_distance with list of registers. See architecture_simulator/rtl/vertical_slice/gtsu_fused_fps_knn_controller.sv:196
Warning: Replacing memory \merged_index with list of registers. See architecture_simulator/rtl/vertical_slice/gtsu_fused_fps_knn_controller.sv:163
Warning: Replacing memory \merged_distance with list of registers. See architecture_simulator/rtl/vertical_slice/gtsu_fused_fps_knn_controller.sv:162
Warning: Replacing memory \local_index with list of registers. See architecture_simulator/rtl/vertical_slice/gtsu_fused_fps_knn_controller.sv:146, architecture_simulator/rtl/vertical_slice/gtsu_fused_fps_knn_controller.sv:134
Warning: Replacing memory \local_distance with list of registers. See architecture_simulator/rtl/vertical_slice/gtsu_fused_fps_knn_controller.sv:144, architecture_simulator/rtl/vertical_slice/gtsu_fused_fps_knn_controller.sv:133
Warning: Replacing memory \updated_min with list of registers. See architecture_simulator/rtl/vertical_slice/gtsu_fused_fps_knn_controller.sv:123, architecture_simulator/rtl/vertical_slice/gtsu_fused_fps_knn_controller.sv:120
Warning: Replacing memory \global_index with list of registers. See architecture_simulator/rtl/vertical_slice/gtsu_fused_fps_knn_controller.sv:161, architecture_simulator/rtl/vertical_slice/gtsu_fused_fps_knn_controller.sv:109
Warning: Replacing memory \global_distance with list of registers. See architecture_simulator/rtl/vertical_slice/gtsu_fused_fps_knn_controller.sv:159, architecture_simulator/rtl/vertical_slice/gtsu_fused_fps_knn_controller.sv:108

3. Executing HIERARCHY pass (managing design hierarchy).

3.1. Analyzing design hierarchy..
Top module:  \gtsu_fused_fps_knn_controller

3.2. Analyzing design hierarchy..
Top module:  \gtsu_fused_fps_knn_controller
Removed 0 unused modules.

4. Executing PROC pass (convert processes to netlists).

4.1. Executing PROC_CLEAN pass (remove empty switches from decision trees).
Found and cleaned up 4 empty switches in `\gtsu_fused_fps_knn_controller.$proc$architecture_simulator/rtl/vertical_slice/gtsu_fused_fps_knn_controller.sv:104$1132'.
Found and cleaned up 3 empty switches in `\gtsu_fused_fps_knn_controller.$proc$architecture_simulator/rtl/vertical_slice/gtsu_fused_fps_knn_controller.sv:241$1902'.
Removing empty process `gtsu_fused_fps_knn_controller.$proc$architecture_simulator/rtl/vertical_slice/gtsu_fused_fps_knn_controller.sv:241$1902'.
Cleaned up 7 empty switches.

4.2. Executing PROC_RMDEAD pass (remove dead branches from decision trees).
Marked 13 switch rules as full_case in process $proc$architecture_simulator/rtl/vertical_slice/gtsu_fused_fps_knn_controller.sv:182$1856 in module gtsu_fused_fps_knn_controller.
Removed 12 dead cases from process $proc$architecture_simulator/rtl/vertical_slice/gtsu_fused_fps_knn_controller.sv:104$1132 in module gtsu_fused_fps_knn_controller.
Marked 128 switch rules as full_case in process $proc$architecture_simulator/rtl/vertical_slice/gtsu_fused_fps_knn_controller.sv:104$1132 in module gtsu_fused_fps_knn_controller.
Removed a total of 12 dead cases.

4.3. Executing PROC_INIT pass (extract init attributes).

4.4. Executing PROC_ARST pass (detect async resets in processes).
Found async reset \rst_n in `\gtsu_fused_fps_knn_controller.$proc$architecture_simulator/rtl/vertical_slice/gtsu_fused_fps_knn_controller.sv:182$1856'.

4.5. Executing PROC_MUX pass (convert decision trees to multiplexers).
Creating decoders for process `\gtsu_fused_fps_knn_controller.$proc$architecture_simulator/rtl/vertical_slice/gtsu_fused_fps_knn_controller.sv:182$1856'.
     1/84: $4\slot[31:0]
     2/84: $0\out_distances_reg[71:0] [71:54]
     3/84: $0\out_distances_reg[71:0] [53:36]
     4/84: $0\out_indices_reg[15:0] [11:8]
     5/84: $0\out_distances_reg[71:0] [35:18]
     6/84: $0\out_indices_reg[15:0] [7:4]
     7/84: $0\out_distances_reg[71:0] [17:0]
     8/84: $0\out_indices_reg[15:0] [3:0]
     9/84: $3$mem2reg_wr$\min_state$architecture_simulator/rtl/vertical_slice/gtsu_fused_fps_knn_controller.sv:218$1131_DATA[17:0]$1897
    10/84: $3$mem2reg_wr$\min_state$architecture_simulator/rtl/vertical_slice/gtsu_fused_fps_knn_controller.sv:218$1130_ADDR[3:0]$1893
    11/84: $3$mem2reg_wr$\min_state$architecture_simulator/rtl/vertical_slice/gtsu_fused_fps_knn_controller.sv:218$1130_DATA[17:0]$1894
    12/84: $3$mem2reg_wr$\min_state$architecture_simulator/rtl/vertical_slice/gtsu_fused_fps_knn_controller.sv:218$1129_ADDR[3:0]$1890
    13/84: $3$mem2reg_wr$\min_state$architecture_simulator/rtl/vertical_slice/gtsu_fused_fps_knn_controller.sv:218$1129_DATA[17:0]$1891
    14/84: $3$mem2reg_wr$\min_state$architecture_simulator/rtl/vertical_slice/gtsu_fused_fps_knn_controller.sv:218$1128_ADDR[3:0]$1887
    15/84: $3$mem2reg_wr$\min_state$architecture_simulator/rtl/vertical_slice/gtsu_fused_fps_knn_controller.sv:218$1128_DATA[17:0]$1888
    16/84: $3\slot[31:0]
    17/84: $3\lane[31:0]
    18/84: $2$mem2reg_wr$\min_state$architecture_simulator/rtl/vertical_slice/gtsu_fused_fps_knn_controller.sv:218$1131_DATA[17:0]$1886
    19/84: $2$mem2reg_wr$\min_state$architecture_simulator/rtl/vertical_slice/gtsu_fused_fps_knn_controller.sv:218$1131_ADDR[3:0]$1885
    20/84: $2$mem2reg_wr$\min_state$architecture_simulator/rtl/vertical_slice/gtsu_fused_fps_knn_controller.sv:218$1130_DATA[17:0]$1884
    21/84: $2$mem2reg_wr$\min_state$architecture_simulator/rtl/vertical_slice/gtsu_fused_fps_knn_controller.sv:218$1130_ADDR[3:0]$1883
    22/84: $2$mem2reg_wr$\min_state$architecture_simulator/rtl/vertical_slice/gtsu_fused_fps_knn_controller.sv:218$1129_DATA[17:0]$1882
    23/84: $2$mem2reg_wr$\min_state$architecture_simulator/rtl/vertical_slice/gtsu_fused_fps_knn_controller.sv:218$1129_ADDR[3:0]$1881
    24/84: $2$mem2reg_wr$\min_state$architecture_simulator/rtl/vertical_slice/gtsu_fused_fps_knn_controller.sv:218$1128_DATA[17:0]$1880
    25/84: $2$mem2reg_wr$\min_state$architecture_simulator/rtl/vertical_slice/gtsu_fused_fps_knn_controller.sv:218$1128_ADDR[3:0]$1879
    26/84: $3\reset_slot[31:0]
    27/84: $2\reset_slot[31:0]
    28/84: $1$mem2reg_wr$\min_state$architecture_simulator/rtl/vertical_slice/gtsu_fused_fps_knn_controller.sv:218$1131_DATA[17:0]$1873
    29/84: $1$mem2reg_wr$\min_state$architecture_simulator/rtl/vertical_slice/gtsu_fused_fps_knn_controller.sv:218$1131_ADDR[3:0]$1872
    30/84: $1$mem2reg_wr$\min_state$architecture_simulator/rtl/vertical_slice/gtsu_fused_fps_knn_controller.sv:218$1130_DATA[17:0]$1871
    31/84: $1$mem2reg_wr$\min_state$architecture_simulator/rtl/vertical_slice/gtsu_fused_fps_knn_controller.sv:218$1130_ADDR[3:0]$1870
    32/84: $1$mem2reg_wr$\min_state$architecture_simulator/rtl/vertical_slice/gtsu_fused_fps_knn_controller.sv:218$1129_DATA[17:0]$1869
    33/84: $1$mem2reg_wr$\min_state$architecture_simulator/rtl/vertical_slice/gtsu_fused_fps_knn_controller.sv:218$1129_ADDR[3:0]$1868
    34/84: $1$mem2reg_wr$\min_state$architecture_simulator/rtl/vertical_slice/gtsu_fused_fps_knn_controller.sv:218$1128_DATA[17:0]$1867
    35/84: $1$mem2reg_wr$\min_state$architecture_simulator/rtl/vertical_slice/gtsu_fused_fps_knn_controller.sv:218$1128_ADDR[3:0]$1866
    36/84: $2\slot[31:0]
    37/84: $2\lane[31:0]
    38/84: $1\reset_slot[31:0]
    39/84: $0$mem2reg_wr$\min_state$architecture_simulator/rtl/vertical_slice/gtsu_fused_fps_knn_controller.sv:218$1131_DATA[17:0]$1864
    40/84: $0$mem2reg_wr$\min_state$architecture_simulator/rtl/vertical_slice/gtsu_fused_fps_knn_controller.sv:218$1131_ADDR[3:0]$1863
    41/84: $0$mem2reg_wr$\min_state$architecture_simulator/rtl/vertical_slice/gtsu_fused_fps_knn_controller.sv:218$1130_DATA[17:0]$1862
    42/84: $0$mem2reg_wr$\min_state$architecture_simulator/rtl/vertical_slice/gtsu_fused_fps_knn_controller.sv:218$1130_ADDR[3:0]$1861
    43/84: $0$mem2reg_wr$\min_state$architecture_simulator/rtl/vertical_slice/gtsu_fused_fps_knn_controller.sv:218$1129_DATA[17:0]$1860
    44/84: $0$mem2reg_wr$\min_state$architecture_simulator/rtl/vertical_slice/gtsu_fused_fps_knn_controller.sv:218$1129_ADDR[3:0]$1859
    45/84: $0$mem2reg_wr$\min_state$architecture_simulator/rtl/vertical_slice/gtsu_fused_fps_knn_controller.sv:218$1128_DATA[17:0]$1858
    46/84: $0$mem2reg_wr$\min_state$architecture_simulator/rtl/vertical_slice/gtsu_fused_fps_knn_controller.sv:218$1128_ADDR[3:0]$1857
    47/84: $0\reset_slot[31:0]
    48/84: $1\slot[31:0]
    49/84: $1\lane[31:0]
    50/84: $0\min_state[15][17:0]
    51/84: $0\min_state[14][17:0]
    52/84: $0\min_state[13][17:0]
    53/84: $0\min_state[12][17:0]
    54/84: $0\min_state[11][17:0]
    55/84: $0\min_state[10][17:0]
    56/84: $0\min_state[9][17:0]
    57/84: $0\min_state[8][17:0]
    58/84: $0\min_state[7][17:0]
    59/84: $0\min_state[6][17:0]
    60/84: $0\min_state[5][17:0]
    61/84: $0\min_state[4][17:0]
    62/84: $0\min_state[3][17:0]
    63/84: $0\min_state[2][17:0]
    64/84: $0\min_state[1][17:0]
    65/84: $0\min_state[0][17:0]
    66/84: $0\top_index[3][3:0]
    67/84: $0\top_index[2][3:0]
    68/84: $0\top_index[1][3:0]
    69/84: $0\top_index[0][3:0]
    70/84: $0\top_distance[3][17:0]
    71/84: $0\top_distance[2][17:0]
    72/84: $0\top_distance[1][17:0]
    73/84: $0\top_distance[0][17:0]
    74/84: $0\out_indices_reg[15:0] [15:12]
    75/84: $3$mem2reg_wr$\min_state$architecture_simulator/rtl/vertical_slice/gtsu_fused_fps_knn_controller.sv:218$1131_ADDR[3:0]$1896
    76/84: $0\out_next_center_reg[3:0]
    77/84: $0\out_center_reg[3:0]
    78/84: $0\done_reg[0:0]
    79/84: $0\out_valid_reg[0:0]
    80/84: $0\round_index[2:0]
    81/84: $0\tile_index[1:0]
    82/84: $0\current_center[3:0]
    83/84: $0\max_index[3:0]
    84/84: $0\max_distance[17:0]
Creating decoders for process `\gtsu_fused_fps_knn_controller.$proc$architecture_simulator/rtl/vertical_slice/gtsu_fused_fps_knn_controller.sv:104$1132'.
     1/710: $2$mem2reg_rd$\global_index$architecture_simulator/rtl/vertical_slice/gtsu_fused_fps_knn_controller.sv:167$1127_DATA[3:0]$1851
     2/710: $2$mem2reg_rd$\global_distance$architecture_simulator/rtl/vertical_slice/gtsu_fused_fps_knn_controller.sv:166$1126_DATA[17:0]$1850
     3/710: $2$mem2reg_rd$\local_index$architecture_simulator/rtl/vertical_slice/gtsu_fused_fps_knn_controller.sv:163$1125_DATA[3:0]$1848
     4/710: $2$mem2reg_rd$\local_distance$architecture_simulator/rtl/vertical_slice/gtsu_fused_fps_knn_controller.sv:162$1124_DATA[17:0]$1847
     5/710: $4\local_pointer[31:0]
     6/710: $1\merged_index[3][3:0]
     7/710: $1$mem2reg_rd$\local_index$architecture_simulator/rtl/vertical_slice/gtsu_fused_fps_knn_controller.sv:163$1125_DATA[3:0]$1842
     8/710: $1$mem2reg_rd$\local_index$architecture_simulator/rtl/vertical_slice/gtsu_fused_fps_knn_controller.sv:163$1125_ADDR[2:0]$1841
     9/710: $1\merged_distance[3][17:0]
    10/710: $1$mem2reg_rd$\local_distance$architecture_simulator/rtl/vertical_slice/gtsu_fused_fps_knn_controller.sv:162$1124_DATA[17:0]$1840
    11/710: $1$mem2reg_rd$\local_distance$architecture_simulator/rtl/vertical_slice/gtsu_fused_fps_knn_controller.sv:162$1124_ADDR[2:0]$1839
    12/710: $1$mem2reg_rd$\global_index$architecture_simulator/rtl/vertical_slice/gtsu_fused_fps_knn_controller.sv:167$1127_DATA[3:0]$1846
    13/710: $1$mem2reg_rd$\global_index$architecture_simulator/rtl/vertical_slice/gtsu_fused_fps_knn_controller.sv:167$1127_ADDR[2:0]$1845
    14/710: $1$mem2reg_rd$\global_distance$architecture_simulator/rtl/vertical_slice/gtsu_fused_fps_knn_controller.sv:166$1126_DATA[17:0]$1844
    15/710: $1$mem2reg_rd$\global_distance$architecture_simulator/rtl/vertical_slice/gtsu_fused_fps_knn_controller.sv:166$1126_ADDR[2:0]$1843
    16/710: $4\global_pointer[31:0]
    17/710: $1$mem2reg_rd$\global_index$architecture_simulator/rtl/vertical_slice/gtsu_fused_fps_knn_controller.sv:161$1123_DATA[3:0]$1834
    18/710: $1$mem2reg_rd$\local_index$architecture_simulator/rtl/vertical_slice/gtsu_fused_fps_knn_controller.sv:161$1122_DATA[3:0]$1833
    19/710: $1$mem2reg_rd$\global_distance$architecture_simulator/rtl/vertical_slice/gtsu_fused_fps_knn_controller.sv:160$1121_DATA[17:0]$1832
    20/710: $1$mem2reg_rd$\local_distance$architecture_simulator/rtl/vertical_slice/gtsu_fused_fps_knn_controller.sv:160$1120_DATA[17:0]$1831
    21/710: $1$func$\distance_key$architecture_simulator/rtl/vertical_slice/gtsu_fused_fps_knn_controller.sv:92$1055$\distance_key[17:0]$1829
    22/710: $1$func$\distance_key$architecture_simulator/rtl/vertical_slice/gtsu_fused_fps_knn_controller.sv:92$1054$\distance_key[17:0]$1828
    23/710: $1$mem2reg_rd$\global_distance$architecture_simulator/rtl/vertical_slice/gtsu_fused_fps_knn_controller.sv:159$1119_DATA[17:0]$1827
    24/710: $1$mem2reg_rd$\local_distance$architecture_simulator/rtl/vertical_slice/gtsu_fused_fps_knn_controller.sv:159$1118_DATA[17:0]$1826
    25/710: $2$mem2reg_rd$\global_index$architecture_simulator/rtl/vertical_slice/gtsu_fused_fps_knn_controller.sv:167$1117_DATA[3:0]$1824
    26/710: $2$mem2reg_rd$\global_distance$architecture_simulator/rtl/vertical_slice/gtsu_fused_fps_knn_controller.sv:166$1116_DATA[17:0]$1823
    27/710: $2$mem2reg_rd$\local_index$architecture_simulator/rtl/vertical_slice/gtsu_fused_fps_knn_controller.sv:163$1115_DATA[3:0]$1821
    28/710: $2$mem2reg_rd$\local_distance$architecture_simulator/rtl/vertical_slice/gtsu_fused_fps_knn_controller.sv:162$1114_DATA[17:0]$1820
    29/710: $3\local_pointer[31:0]
    30/710: $1\merged_index[2][3:0]
    31/710: $1$mem2reg_rd$\local_index$architecture_simulator/rtl/vertical_slice/gtsu_fused_fps_knn_controller.sv:163$1115_DATA[3:0]$1815
    32/710: $1$mem2reg_rd$\local_index$architecture_simulator/rtl/vertical_slice/gtsu_fused_fps_knn_controller.sv:163$1115_ADDR[2:0]$1814
    33/710: $1\merged_distance[2][17:0]
    34/710: $1$mem2reg_rd$\local_distance$architecture_simulator/rtl/vertical_slice/gtsu_fused_fps_knn_controller.sv:162$1114_DATA[17:0]$1813
    35/710: $1$mem2reg_rd$\local_distance$architecture_simulator/rtl/vertical_slice/gtsu_fused_fps_knn_controller.sv:162$1114_ADDR[2:0]$1812
    36/710: $1$mem2reg_rd$\global_index$architecture_simulator/rtl/vertical_slice/gtsu_fused_fps_knn_controller.sv:167$1117_DATA[3:0]$1819
    37/710: $1$mem2reg_rd$\global_index$architecture_simulator/rtl/vertical_slice/gtsu_fused_fps_knn_controller.sv:167$1117_ADDR[2:0]$1818
    38/710: $1$mem2reg_rd$\global_distance$architecture_simulator/rtl/vertical_slice/gtsu_fused_fps_knn_controller.sv:166$1116_DATA[17:0]$1817
    39/710: $1$mem2reg_rd$\global_distance$architecture_simulator/rtl/vertical_slice/gtsu_fused_fps_knn_controller.sv:166$1116_ADDR[2:0]$1816
    40/710: $3\global_pointer[31:0]
    41/710: $1$mem2reg_rd$\global_index$architecture_simulator/rtl/vertical_slice/gtsu_fused_fps_knn_controller.sv:161$1113_DATA[3:0]$1807
    42/710: $1$mem2reg_rd$\local_index$architecture_simulator/rtl/vertical_slice/gtsu_fused_fps_knn_controller.sv:161$1112_DATA[3:0]$1806
    43/710: $1$mem2reg_rd$\global_distance$architecture_simulator/rtl/vertical_slice/gtsu_fused_fps_knn_controller.sv:160$1111_DATA[17:0]$1805
    44/710: $1$mem2reg_rd$\local_distance$architecture_simulator/rtl/vertical_slice/gtsu_fused_fps_knn_controller.sv:160$1110_DATA[17:0]$1804
    45/710: $1$func$\distance_key$architecture_simulator/rtl/vertical_slice/gtsu_fused_fps_knn_controller.sv:92$1052$\distance_key[17:0]$1802
    46/710: $1$func$\distance_key$architecture_simulator/rtl/vertical_slice/gtsu_fused_fps_knn_controller.sv:92$1051$\distance_key[17:0]$1801
    47/710: $1$mem2reg_rd$\global_distance$architecture_simulator/rtl/vertical_slice/gtsu_fused_fps_knn_controller.sv:159$1109_DATA[17:0]$1800
    48/710: $1$mem2reg_rd$\local_distance$architecture_simulator/rtl/vertical_slice/gtsu_fused_fps_knn_controller.sv:159$1108_DATA[17:0]$1799
    49/710: $2$mem2reg_rd$\global_index$architecture_simulator/rtl/vertical_slice/gtsu_fused_fps_knn_controller.sv:167$1107_DATA[3:0]$1797
    50/710: $2$mem2reg_rd$\global_distance$architecture_simulator/rtl/vertical_slice/gtsu_fused_fps_knn_controller.sv:166$1106_DATA[17:0]$1796
    51/710: $2$mem2reg_rd$\local_index$architecture_simulator/rtl/vertical_slice/gtsu_fused_fps_knn_controller.sv:163$1105_DATA[3:0]$1794
    52/710: $2$mem2reg_rd$\local_distance$architecture_simulator/rtl/vertical_slice/gtsu_fused_fps_knn_controller.sv:162$1104_DATA[17:0]$1793
    53/710: $2\local_pointer[31:0]
    54/710: $1\merged_index[1][3:0]
    55/710: $1$mem2reg_rd$\local_index$architecture_simulator/rtl/vertical_slice/gtsu_fused_fps_knn_controller.sv:163$1105_DATA[3:0]$1788
    56/710: $1$mem2reg_rd$\local_index$architecture_simulator/rtl/vertical_slice/gtsu_fused_fps_knn_controller.sv:163$1105_ADDR[2:0]$1787
    57/710: $1\merged_distance[1][17:0]
    58/710: $1$mem2reg_rd$\local_distance$architecture_simulator/rtl/vertical_slice/gtsu_fused_fps_knn_controller.sv:162$1104_DATA[17:0]$1786
    59/710: $1$mem2reg_rd$\local_distance$architecture_simulator/rtl/vertical_slice/gtsu_fused_fps_knn_controller.sv:162$1104_ADDR[2:0]$1785
    60/710: $1$mem2reg_rd$\global_index$architecture_simulator/rtl/vertical_slice/gtsu_fused_fps_knn_controller.sv:167$1107_DATA[3:0]$1792
    61/710: $1$mem2reg_rd$\global_index$architecture_simulator/rtl/vertical_slice/gtsu_fused_fps_knn_controller.sv:167$1107_ADDR[2:0]$1791
    62/710: $1$mem2reg_rd$\global_distance$architecture_simulator/rtl/vertical_slice/gtsu_fused_fps_knn_controller.sv:166$1106_DATA[17:0]$1790
    63/710: $1$mem2reg_rd$\global_distance$architecture_simulator/rtl/vertical_slice/gtsu_fused_fps_knn_controller.sv:166$1106_ADDR[2:0]$1789
    64/710: $2\global_pointer[31:0]
    65/710: $1$mem2reg_rd$\global_index$architecture_simulator/rtl/vertical_slice/gtsu_fused_fps_knn_controller.sv:161$1103_DATA[3:0]$1780
    66/710: $1$mem2reg_rd$\local_index$architecture_simulator/rtl/vertical_slice/gtsu_fused_fps_knn_controller.sv:161$1102_DATA[3:0]$1779
    67/710: $1$mem2reg_rd$\global_distance$architecture_simulator/rtl/vertical_slice/gtsu_fused_fps_knn_controller.sv:160$1101_DATA[17:0]$1778
    68/710: $1$mem2reg_rd$\local_distance$architecture_simulator/rtl/vertical_slice/gtsu_fused_fps_knn_controller.sv:160$1100_DATA[17:0]$1777
    69/710: $1$func$\distance_key$architecture_simulator/rtl/vertical_slice/gtsu_fused_fps_knn_controller.sv:92$1049$\distance_key[17:0]$1775
    70/710: $1$func$\distance_key$architecture_simulator/rtl/vertical_slice/gtsu_fused_fps_knn_controller.sv:92$1048$\distance_key[17:0]$1774
    71/710: $1$mem2reg_rd$\global_distance$architecture_simulator/rtl/vertical_slice/gtsu_fused_fps_knn_controller.sv:159$1099_DATA[17:0]$1773
    72/710: $1$mem2reg_rd$\local_distance$architecture_simulator/rtl/vertical_slice/gtsu_fused_fps_knn_controller.sv:159$1098_DATA[17:0]$1772
    73/710: $2$mem2reg_rd$\global_index$architecture_simulator/rtl/vertical_slice/gtsu_fused_fps_knn_controller.sv:167$1097_DATA[3:0]$1770
    74/710: $2$mem2reg_rd$\global_distance$architecture_simulator/rtl/vertical_slice/gtsu_fused_fps_knn_controller.sv:166$1096_DATA[17:0]$1769
    75/710: $2$mem2reg_rd$\local_index$architecture_simulator/rtl/vertical_slice/gtsu_fused_fps_knn_controller.sv:163$1095_DATA[3:0]$1767
    76/710: $2$mem2reg_rd$\local_distance$architecture_simulator/rtl/vertical_slice/gtsu_fused_fps_knn_controller.sv:162$1094_DATA[17:0]$1766
    77/710: $1\local_pointer[31:0]
    78/710: $1\merged_index[0][3:0]
    79/710: $1$mem2reg_rd$\local_index$architecture_simulator/rtl/vertical_slice/gtsu_fused_fps_knn_controller.sv:163$1095_DATA[3:0]$1761
    80/710: $1$mem2reg_rd$\local_index$architecture_simulator/rtl/vertical_slice/gtsu_fused_fps_knn_controller.sv:163$1095_ADDR[2:0]$1760
    81/710: $1\merged_distance[0][17:0]
    82/710: $1$mem2reg_rd$\local_distance$architecture_simulator/rtl/vertical_slice/gtsu_fused_fps_knn_controller.sv:162$1094_DATA[17:0]$1759
    83/710: $1$mem2reg_rd$\local_distance$architecture_simulator/rtl/vertical_slice/gtsu_fused_fps_knn_controller.sv:162$1094_ADDR[2:0]$1758
    84/710: $1$mem2reg_rd$\global_index$architecture_simulator/rtl/vertical_slice/gtsu_fused_fps_knn_controller.sv:167$1097_DATA[3:0]$1765
    85/710: $1$mem2reg_rd$\global_index$architecture_simulator/rtl/vertical_slice/gtsu_fused_fps_knn_controller.sv:167$1097_ADDR[2:0]$1764
    86/710: $1$mem2reg_rd$\global_distance$architecture_simulator/rtl/vertical_slice/gtsu_fused_fps_knn_controller.sv:166$1096_DATA[17:0]$1763
    87/710: $1$mem2reg_rd$\global_distance$architecture_simulator/rtl/vertical_slice/gtsu_fused_fps_knn_controller.sv:166$1096_ADDR[2:0]$1762
    88/710: $1\global_pointer[31:0]
    89/710: $1$mem2reg_rd$\global_index$architecture_simulator/rtl/vertical_slice/gtsu_fused_fps_knn_controller.sv:161$1093_DATA[3:0]$1753
    90/710: $1$mem2reg_rd$\local_index$architecture_simulator/rtl/vertical_slice/gtsu_fused_fps_knn_controller.sv:161$1092_DATA[3:0]$1752
    91/710: $1$mem2reg_rd$\global_distance$architecture_simulator/rtl/vertical_slice/gtsu_fused_fps_knn_controller.sv:160$1091_DATA[17:0]$1751
    92/710: $1$mem2reg_rd$\local_distance$architecture_simulator/rtl/vertical_slice/gtsu_fused_fps_knn_controller.sv:160$1090_DATA[17:0]$1750
    93/710: $1$func$\distance_key$architecture_simulator/rtl/vertical_slice/gtsu_fused_fps_knn_controller.sv:92$1046$\distance_key[17:0]$1748
    94/710: $1$func$\distance_key$architecture_simulator/rtl/vertical_slice/gtsu_fused_fps_knn_controller.sv:92$1045$\distance_key[17:0]$1747
    95/710: $1$mem2reg_rd$\global_distance$architecture_simulator/rtl/vertical_slice/gtsu_fused_fps_knn_controller.sv:159$1089_DATA[17:0]$1746
    96/710: $1$mem2reg_rd$\local_distance$architecture_simulator/rtl/vertical_slice/gtsu_fused_fps_knn_controller.sv:159$1088_DATA[17:0]$1745
    97/710: $5\local_index[3][3:0]
    98/710: $5\local_distance[3][17:0]
    99/710: $9\local_index[2][3:0]
   100/710: $9\local_distance[2][17:0]
   101/710: $12\swap_index[3:0]
   102/710: $12\swap_distance[17:0]
   103/710: $1$func$\distance_key$architecture_simulator/rtl/vertical_slice/gtsu_fused_fps_knn_controller.sv:100$1039$\distance_key[17:0]$1739
   104/710: $1$func$\distance_key$architecture_simulator/rtl/vertical_slice/gtsu_fused_fps_knn_controller.sv:100$1038$\distance_key[17:0]$1738
   105/710: $8\local_index[2][3:0]
   106/710: $8\local_distance[2][17:0]
   107/710: $9\local_index[1][3:0]
   108/710: $9\local_distance[1][17:0]
   109/710: $11\swap_index[3:0]
   110/710: $11\swap_distance[17:0]
   111/710: $1$func$\distance_key$architecture_simulator/rtl/vertical_slice/gtsu_fused_fps_knn_controller.sv:100$1036$\distance_key[17:0]$1732
   112/710: $1$func$\distance_key$architecture_simulator/rtl/vertical_slice/gtsu_fused_fps_knn_controller.sv:100$1035$\distance_key[17:0]$1731
   113/710: $8\local_index[1][3:0]
   114/710: $8\local_distance[1][17:0]
   115/710: $5\local_index[0][3:0]
   116/710: $5\local_distance[0][17:0]
   117/710: $10\swap_index[3:0]
   118/710: $10\swap_distance[17:0]
   119/710: $1$func$\distance_key$architecture_simulator/rtl/vertical_slice/gtsu_fused_fps_knn_controller.sv:100$1033$\distance_key[17:0]$1725
   120/710: $1$func$\distance_key$architecture_simulator/rtl/vertical_slice/gtsu_fused_fps_knn_controller.sv:100$1032$\distance_key[17:0]$1724
   121/710: $4\local_index[3][3:0]
   122/710: $4\local_distance[3][17:0]
   123/710: $7\local_index[2][3:0]
   124/710: $7\local_distance[2][17:0]
   125/710: $9\swap_index[3:0]
   126/710: $9\swap_distance[17:0]
   127/710: $1$func$\distance_key$architecture_simulator/rtl/vertical_slice/gtsu_fused_fps_knn_controller.sv:100$1027$\distance_key[17:0]$1718
   128/710: $1$func$\distance_key$architecture_simulator/rtl/vertical_slice/gtsu_fused_fps_knn_controller.sv:100$1026$\distance_key[17:0]$1717
   129/710: $6\local_index[2][3:0]
   130/710: $6\local_distance[2][17:0]
   131/710: $7\local_index[1][3:0]
   132/710: $7\local_distance[1][17:0]
   133/710: $8\swap_index[3:0]
   134/710: $8\swap_distance[17:0]
   135/710: $1$func$\distance_key$architecture_simulator/rtl/vertical_slice/gtsu_fused_fps_knn_controller.sv:100$1024$\distance_key[17:0]$1711
   136/710: $1$func$\distance_key$architecture_simulator/rtl/vertical_slice/gtsu_fused_fps_knn_controller.sv:100$1023$\distance_key[17:0]$1710
   137/710: $6\local_index[1][3:0]
   138/710: $6\local_distance[1][17:0]
   139/710: $4\local_index[0][3:0]
   140/710: $4\local_distance[0][17:0]
   141/710: $7\swap_index[3:0]
   142/710: $7\swap_distance[17:0]
   143/710: $1$func$\distance_key$architecture_simulator/rtl/vertical_slice/gtsu_fused_fps_knn_controller.sv:100$1021$\distance_key[17:0]$1704
   144/710: $1$func$\distance_key$architecture_simulator/rtl/vertical_slice/gtsu_fused_fps_knn_controller.sv:100$1020$\distance_key[17:0]$1703
   145/710: $3\local_index[3][3:0]
   146/710: $3\local_distance[3][17:0]
   147/710: $5\local_index[2][3:0]
   148/710: $5\local_distance[2][17:0]
   149/710: $6\swap_index[3:0]
   150/710: $6\swap_distance[17:0]
   151/710: $1$func$\distance_key$architecture_simulator/rtl/vertical_slice/gtsu_fused_fps_knn_controller.sv:100$1015$\distance_key[17:0]$1697
   152/710: $1$func$\distance_key$architecture_simulator/rtl/vertical_slice/gtsu_fused_fps_knn_controller.sv:100$1014$\distance_key[17:0]$1696
   153/710: $4\local_index[2][3:0]
   154/710: $4\local_distance[2][17:0]
   155/710: $5\local_index[1][3:0]
   156/710: $5\local_distance[1][17:0]
   157/710: $5\swap_index[3:0]
   158/710: $5\swap_distance[17:0]
   159/710: $1$func$\distance_key$architecture_simulator/rtl/vertical_slice/gtsu_fused_fps_knn_controller.sv:100$1012$\distance_key[17:0]$1690
   160/710: $1$func$\distance_key$architecture_simulator/rtl/vertical_slice/gtsu_fused_fps_knn_controller.sv:100$1011$\distance_key[17:0]$1689
   161/710: $4\local_index[1][3:0]
   162/710: $4\local_distance[1][17:0]
   163/710: $3\local_index[0][3:0]
   164/710: $3\local_distance[0][17:0]
   165/710: $4\swap_index[3:0]
   166/710: $4\swap_distance[17:0]
   167/710: $1$func$\distance_key$architecture_simulator/rtl/vertical_slice/gtsu_fused_fps_knn_controller.sv:100$1009$\distance_key[17:0]$1683
   168/710: $1$func$\distance_key$architecture_simulator/rtl/vertical_slice/gtsu_fused_fps_knn_controller.sv:100$1008$\distance_key[17:0]$1682
   169/710: $2\local_index[3][3:0]
   170/710: $2\local_distance[3][17:0]
   171/710: $3\local_index[2][3:0]
   172/710: $3\local_distance[2][17:0]
   173/710: $3\swap_index[3:0]
   174/710: $3\swap_distance[17:0]
   175/710: $1$func$\distance_key$architecture_simulator/rtl/vertical_slice/gtsu_fused_fps_knn_controller.sv:100$1003$\distance_key[17:0]$1676
   176/710: $1$func$\distance_key$architecture_simulator/rtl/vertical_slice/gtsu_fused_fps_knn_controller.sv:100$1002$\distance_key[17:0]$1675
   177/710: $2\local_index[2][3:0]
   178/710: $2\local_distance[2][17:0]
   179/710: $3\local_index[1][3:0]
   180/710: $3\local_distance[1][17:0]
   181/710: $2\swap_index[3:0]
   182/710: $2\swap_distance[17:0]
   183/710: $1$func$\distance_key$architecture_simulator/rtl/vertical_slice/gtsu_fused_fps_knn_controller.sv:100$1000$\distance_key[17:0]$1669
   184/710: $1$func$\distance_key$architecture_simulator/rtl/vertical_slice/gtsu_fused_fps_knn_controller.sv:100$999$\distance_key[17:0]$1668
   185/710: $2\local_index[1][3:0]
   186/710: $2\local_distance[1][17:0]
   187/710: $2\local_index[0][3:0]
   188/710: $2\local_distance[0][17:0]
   189/710: $1\swap_index[3:0]
   190/710: $1\swap_distance[17:0]
   191/710: $1$func$\distance_key$architecture_simulator/rtl/vertical_slice/gtsu_fused_fps_knn_controller.sv:100$997$\distance_key[17:0]$1662
   192/710: $1$func$\distance_key$architecture_simulator/rtl/vertical_slice/gtsu_fused_fps_knn_controller.sv:100$996$\distance_key[17:0]$1661
   193/710: $1\local_index[3][3:0]
   194/710: $1\local_distance[3][17:0]
   195/710: $2$mem2reg_rd$\min_state$architecture_simulator/rtl/vertical_slice/gtsu_fused_fps_knn_controller.sv:130$1087_DATA[17:0]$1660
   196/710: $8\max_index_next[3:0]
   197/710: $8\max_distance_next[17:0]
   198/710: $2$func$\distance_key$architecture_simulator/rtl/vertical_slice/gtsu_fused_fps_knn_controller.sv:100$987$\distance_key[17:0]$1645
   199/710: $2$func$\distance_key$architecture_simulator/rtl/vertical_slice/gtsu_fused_fps_knn_controller.sv:100$986$\distance_key[17:0]$1644
   200/710: $3$mem2reg_rd$\min_state$architecture_simulator/rtl/vertical_slice/gtsu_fused_fps_knn_controller.sv:122$1086_DATA[17:0]$1643
   201/710: $2\updated_min[3][17:0]
   202/710: $2$mem2reg_rd$\min_state$architecture_simulator/rtl/vertical_slice/gtsu_fused_fps_knn_controller.sv:122$1086_DATA[17:0]$1641
   203/710: $2$mem2reg_rd$\min_state$architecture_simulator/rtl/vertical_slice/gtsu_fused_fps_knn_controller.sv:122$1086_ADDR[3:0]$1640
   204/710: $2$func$\distance_key$architecture_simulator/rtl/vertical_slice/gtsu_fused_fps_knn_controller.sv:92$983$\distance_key[17:0]$1636
   205/710: $2$func$\distance_key$architecture_simulator/rtl/vertical_slice/gtsu_fused_fps_knn_controller.sv:92$982$\distance_key[17:0]$1635
   206/710: $2$mem2reg_rd$\min_state$architecture_simulator/rtl/vertical_slice/gtsu_fused_fps_knn_controller.sv:119$1085_DATA[17:0]$1634
   207/710: $7\max_index_next[3:0]
   208/710: $7\max_distance_next[17:0]
   209/710: $1$func$\fps_tie_better$architecture_simulator/rtl/vertical_slice/gtsu_fused_fps_knn_controller.sv:125$985$\fps_tie_better[0:0]$1616
   210/710: $1$func$\fps_tie_better$architecture_simulator/rtl/vertical_slice/gtsu_fused_fps_knn_controller.sv:125$985$\current_row[31:0]$1622
   211/710: $1$func$\fps_tie_better$architecture_simulator/rtl/vertical_slice/gtsu_fused_fps_knn_controller.sv:125$985$\candidate_row[31:0]$1621
   212/710: $1$func$\fps_tie_better$architecture_simulator/rtl/vertical_slice/gtsu_fused_fps_knn_controller.sv:125$985$\current_lane[31:0]$1620
   213/710: $1$func$\fps_tie_better$architecture_simulator/rtl/vertical_slice/gtsu_fused_fps_knn_controller.sv:125$985$\candidate_lane[31:0]$1619
   214/710: $1$func$\fps_tie_better$architecture_simulator/rtl/vertical_slice/gtsu_fused_fps_knn_controller.sv:125$985$\current[3:0]$1618
   215/710: $1$func$\fps_tie_better$architecture_simulator/rtl/vertical_slice/gtsu_fused_fps_knn_controller.sv:125$985$\candidate[3:0]$1617
   216/710: $1$func$\distance_greater$architecture_simulator/rtl/vertical_slice/gtsu_fused_fps_knn_controller.sv:123$984$\distance_greater[0:0]$1613
   217/710: $1$func$\distance_key$architecture_simulator/rtl/vertical_slice/gtsu_fused_fps_knn_controller.sv:100$987$\distance_key[17:0]$1625
   218/710: $1$func$\distance_key$architecture_simulator/rtl/vertical_slice/gtsu_fused_fps_knn_controller.sv:100$987$\distance[17:0]$1626
   219/710: $1$func$\distance_key$architecture_simulator/rtl/vertical_slice/gtsu_fused_fps_knn_controller.sv:100$986$\distance_key[17:0]$1623
   220/710: $1$func$\distance_key$architecture_simulator/rtl/vertical_slice/gtsu_fused_fps_knn_controller.sv:100$986$\distance[17:0]$1624
   221/710: $1$func$\distance_greater$architecture_simulator/rtl/vertical_slice/gtsu_fused_fps_knn_controller.sv:123$984$\right[17:0]$1615
   222/710: $1$func$\distance_greater$architecture_simulator/rtl/vertical_slice/gtsu_fused_fps_knn_controller.sv:123$984$\left[17:0]$1614
   223/710: $1$mem2reg_rd$\min_state$architecture_simulator/rtl/vertical_slice/gtsu_fused_fps_knn_controller.sv:122$1086_DATA[17:0]$1630
   224/710: $1$mem2reg_rd$\min_state$architecture_simulator/rtl/vertical_slice/gtsu_fused_fps_knn_controller.sv:122$1086_ADDR[3:0]$1629
   225/710: $1\updated_min[3][17:0]
   226/710: $1$func$\distance_less$architecture_simulator/rtl/vertical_slice/gtsu_fused_fps_knn_controller.sv:117$981$\distance_less[0:0]$1606
   227/710: $1$func$\distance_key$architecture_simulator/rtl/vertical_slice/gtsu_fused_fps_knn_controller.sv:92$983$\distance_key[17:0]$1611
   228/710: $1$func$\distance_key$architecture_simulator/rtl/vertical_slice/gtsu_fused_fps_knn_controller.sv:92$983$\distance[17:0]$1612
   229/710: $1$func$\distance_key$architecture_simulator/rtl/vertical_slice/gtsu_fused_fps_knn_controller.sv:92$982$\distance_key[17:0]$1609
   230/710: $1$func$\distance_key$architecture_simulator/rtl/vertical_slice/gtsu_fused_fps_knn_controller.sv:92$982$\distance[17:0]$1610
   231/710: $1$func$\distance_less$architecture_simulator/rtl/vertical_slice/gtsu_fused_fps_knn_controller.sv:117$981$\right[17:0]$1608
   232/710: $1$mem2reg_rd$\min_state$architecture_simulator/rtl/vertical_slice/gtsu_fused_fps_knn_controller.sv:119$1085_DATA[17:0]$1628
   233/710: $1$mem2reg_rd$\min_state$architecture_simulator/rtl/vertical_slice/gtsu_fused_fps_knn_controller.sv:119$1085_ADDR[3:0]$1627
   234/710: $1$func$\distance_less$architecture_simulator/rtl/vertical_slice/gtsu_fused_fps_knn_controller.sv:117$981$\left[17:0]$1607
   235/710: $1$mem2reg_rd$\min_state$architecture_simulator/rtl/vertical_slice/gtsu_fused_fps_knn_controller.sv:130$1087_DATA[17:0]$1632
   236/710: $1$mem2reg_rd$\min_state$architecture_simulator/rtl/vertical_slice/gtsu_fused_fps_knn_controller.sv:130$1087_ADDR[3:0]$1631
   237/710: $1\local_index[2][3:0]
   238/710: $1\local_distance[2][17:0]
   239/710: $2$mem2reg_rd$\min_state$architecture_simulator/rtl/vertical_slice/gtsu_fused_fps_knn_controller.sv:130$1084_DATA[17:0]$1603
   240/710: $6\max_index_next[3:0]
   241/710: $6\max_distance_next[17:0]
   242/710: $2$func$\distance_key$architecture_simulator/rtl/vertical_slice/gtsu_fused_fps_knn_controller.sv:100$980$\distance_key[17:0]$1588
   243/710: $2$func$\distance_key$architecture_simulator/rtl/vertical_slice/gtsu_fused_fps_knn_controller.sv:100$979$\distance_key[17:0]$1587
   244/710: $3$mem2reg_rd$\min_state$architecture_simulator/rtl/vertical_slice/gtsu_fused_fps_knn_controller.sv:122$1083_DATA[17:0]$1586
   245/710: $2\updated_min[2][17:0]
   246/710: $2$mem2reg_rd$\min_state$architecture_simulator/rtl/vertical_slice/gtsu_fused_fps_knn_controller.sv:122$1083_DATA[17:0]$1584
   247/710: $2$mem2reg_rd$\min_state$architecture_simulator/rtl/vertical_slice/gtsu_fused_fps_knn_controller.sv:122$1083_ADDR[3:0]$1583
   248/710: $2$func$\distance_key$architecture_simulator/rtl/vertical_slice/gtsu_fused_fps_knn_controller.sv:92$976$\distance_key[17:0]$1579
   249/710: $2$func$\distance_key$architecture_simulator/rtl/vertical_slice/gtsu_fused_fps_knn_controller.sv:92$975$\distance_key[17:0]$1578
   250/710: $2$mem2reg_rd$\min_state$architecture_simulator/rtl/vertical_slice/gtsu_fused_fps_knn_controller.sv:119$1082_DATA[17:0]$1577
   251/710: $5\max_index_next[3:0]
   252/710: $5\max_distance_next[17:0]
   253/710: $1$func$\fps_tie_better$architecture_simulator/rtl/vertical_slice/gtsu_fused_fps_knn_controller.sv:125$978$\fps_tie_better[0:0]$1559
   254/710: $1$func$\fps_tie_better$architecture_simulator/rtl/vertical_slice/gtsu_fused_fps_knn_controller.sv:125$978$\current_row[31:0]$1565
   255/710: $1$func$\fps_tie_better$architecture_simulator/rtl/vertical_slice/gtsu_fused_fps_knn_controller.sv:125$978$\candidate_row[31:0]$1564
   256/710: $1$func$\fps_tie_better$architecture_simulator/rtl/vertical_slice/gtsu_fused_fps_knn_controller.sv:125$978$\current_lane[31:0]$1563
   257/710: $1$func$\fps_tie_better$architecture_simulator/rtl/vertical_slice/gtsu_fused_fps_knn_controller.sv:125$978$\candidate_lane[31:0]$1562
   258/710: $1$func$\fps_tie_better$architecture_simulator/rtl/vertical_slice/gtsu_fused_fps_knn_controller.sv:125$978$\current[3:0]$1561
   259/710: $1$func$\fps_tie_better$architecture_simulator/rtl/vertical_slice/gtsu_fused_fps_knn_controller.sv:125$978$\candidate[3:0]$1560
   260/710: $1$func$\distance_greater$architecture_simulator/rtl/vertical_slice/gtsu_fused_fps_knn_controller.sv:123$977$\distance_greater[0:0]$1556
   261/710: $1$func$\distance_key$architecture_simulator/rtl/vertical_slice/gtsu_fused_fps_knn_controller.sv:100$980$\distance_key[17:0]$1568
   262/710: $1$func$\distance_key$architecture_simulator/rtl/vertical_slice/gtsu_fused_fps_knn_controller.sv:100$980$\distance[17:0]$1569
   263/710: $1$func$\distance_key$architecture_simulator/rtl/vertical_slice/gtsu_fused_fps_knn_controller.sv:100$979$\distance_key[17:0]$1566
   264/710: $1$func$\distance_key$architecture_simulator/rtl/vertical_slice/gtsu_fused_fps_knn_controller.sv:100$979$\distance[17:0]$1567
   265/710: $1$func$\distance_greater$architecture_simulator/rtl/vertical_slice/gtsu_fused_fps_knn_controller.sv:123$977$\right[17:0]$1558
   266/710: $1$func$\distance_greater$architecture_simulator/rtl/vertical_slice/gtsu_fused_fps_knn_controller.sv:123$977$\left[17:0]$1557
   267/710: $1$mem2reg_rd$\min_state$architecture_simulator/rtl/vertical_slice/gtsu_fused_fps_knn_controller.sv:122$1083_DATA[17:0]$1573
   268/710: $1$mem2reg_rd$\min_state$architecture_simulator/rtl/vertical_slice/gtsu_fused_fps_knn_controller.sv:122$1083_ADDR[3:0]$1572
   269/710: $1\updated_min[2][17:0]
   270/710: $1$func$\distance_less$architecture_simulator/rtl/vertical_slice/gtsu_fused_fps_knn_controller.sv:117$974$\distance_less[0:0]$1549
   271/710: $1$func$\distance_key$architecture_simulator/rtl/vertical_slice/gtsu_fused_fps_knn_controller.sv:92$976$\distance_key[17:0]$1554
   272/710: $1$func$\distance_key$architecture_simulator/rtl/vertical_slice/gtsu_fused_fps_knn_controller.sv:92$976$\distance[17:0]$1555
   273/710: $1$func$\distance_key$architecture_simulator/rtl/vertical_slice/gtsu_fused_fps_knn_controller.sv:92$975$\distance_key[17:0]$1552
   274/710: $1$func$\distance_key$architecture_simulator/rtl/vertical_slice/gtsu_fused_fps_knn_controller.sv:92$975$\distance[17:0]$1553
   275/710: $1$func$\distance_less$architecture_simulator/rtl/vertical_slice/gtsu_fused_fps_knn_controller.sv:117$974$\right[17:0]$1551
   276/710: $1$mem2reg_rd$\min_state$architecture_simulator/rtl/vertical_slice/gtsu_fused_fps_knn_controller.sv:119$1082_DATA[17:0]$1571
   277/710: $1$mem2reg_rd$\min_state$architecture_simulator/rtl/vertical_slice/gtsu_fused_fps_knn_controller.sv:119$1082_ADDR[3:0]$1570
   278/710: $1$func$\distance_less$architecture_simulator/rtl/vertical_slice/gtsu_fused_fps_knn_controller.sv:117$974$\left[17:0]$1550
   279/710: $1$mem2reg_rd$\min_state$architecture_simulator/rtl/vertical_slice/gtsu_fused_fps_knn_controller.sv:130$1084_DATA[17:0]$1575
   280/710: $1$mem2reg_rd$\min_state$architecture_simulator/rtl/vertical_slice/gtsu_fused_fps_knn_controller.sv:130$1084_ADDR[3:0]$1574
   281/710: $1\local_index[1][3:0]
   282/710: $1\local_distance[1][17:0]
   283/710: $2$mem2reg_rd$\min_state$architecture_simulator/rtl/vertical_slice/gtsu_fused_fps_knn_controller.sv:130$1081_DATA[17:0]$1546
   284/710: $4\max_index_next[3:0]
   285/710: $4\max_distance_next[17:0]
   286/710: $2$func$\distance_key$architecture_simulator/rtl/vertical_slice/gtsu_fused_fps_knn_controller.sv:100$973$\distance_key[17:0]$1531
   287/710: $2$func$\distance_key$architecture_simulator/rtl/vertical_slice/gtsu_fused_fps_knn_controller.sv:100$972$\distance_key[17:0]$1530
   288/710: $3$mem2reg_rd$\min_state$architecture_simulator/rtl/vertical_slice/gtsu_fused_fps_knn_controller.sv:122$1080_DATA[17:0]$1529
   289/710: $2\updated_min[1][17:0]
   290/710: $2$mem2reg_rd$\min_state$architecture_simulator/rtl/vertical_slice/gtsu_fused_fps_knn_controller.sv:122$1080_DATA[17:0]$1527
   291/710: $2$mem2reg_rd$\min_state$architecture_simulator/rtl/vertical_slice/gtsu_fused_fps_knn_controller.sv:122$1080_ADDR[3:0]$1526
   292/710: $2$func$\distance_key$architecture_simulator/rtl/vertical_slice/gtsu_fused_fps_knn_controller.sv:92$969$\distance_key[17:0]$1522
   293/710: $2$func$\distance_key$architecture_simulator/rtl/vertical_slice/gtsu_fused_fps_knn_controller.sv:92$968$\distance_key[17:0]$1521
   294/710: $2$mem2reg_rd$\min_state$architecture_simulator/rtl/vertical_slice/gtsu_fused_fps_knn_controller.sv:119$1079_DATA[17:0]$1520
   295/710: $3\max_index_next[3:0]
   296/710: $3\max_distance_next[17:0]
   297/710: $1$func$\fps_tie_better$architecture_simulator/rtl/vertical_slice/gtsu_fused_fps_knn_controller.sv:125$971$\fps_tie_better[0:0]$1502
   298/710: $1$func$\fps_tie_better$architecture_simulator/rtl/vertical_slice/gtsu_fused_fps_knn_controller.sv:125$971$\current_row[31:0]$1508
   299/710: $1$func$\fps_tie_better$architecture_simulator/rtl/vertical_slice/gtsu_fused_fps_knn_controller.sv:125$971$\candidate_row[31:0]$1507
   300/710: $1$func$\fps_tie_better$architecture_simulator/rtl/vertical_slice/gtsu_fused_fps_knn_controller.sv:125$971$\current_lane[31:0]$1506
   301/710: $1$func$\fps_tie_better$architecture_simulator/rtl/vertical_slice/gtsu_fused_fps_knn_controller.sv:125$971$\candidate_lane[31:0]$1505
   302/710: $1$func$\fps_tie_better$architecture_simulator/rtl/vertical_slice/gtsu_fused_fps_knn_controller.sv:125$971$\current[3:0]$1504
   303/710: $1$func$\fps_tie_better$architecture_simulator/rtl/vertical_slice/gtsu_fused_fps_knn_controller.sv:125$971$\candidate[3:0]$1503
   304/710: $1$func$\distance_greater$architecture_simulator/rtl/vertical_slice/gtsu_fused_fps_knn_controller.sv:123$970$\distance_greater[0:0]$1499
   305/710: $1$func$\distance_key$architecture_simulator/rtl/vertical_slice/gtsu_fused_fps_knn_controller.sv:100$973$\distance_key[17:0]$1511
   306/710: $1$func$\distance_key$architecture_simulator/rtl/vertical_slice/gtsu_fused_fps_knn_controller.sv:100$973$\distance[17:0]$1512
   307/710: $1$func$\distance_key$architecture_simulator/rtl/vertical_slice/gtsu_fused_fps_knn_controller.sv:100$972$\distance_key[17:0]$1509
   308/710: $1$func$\distance_key$architecture_simulator/rtl/vertical_slice/gtsu_fused_fps_knn_controller.sv:100$972$\distance[17:0]$1510
   309/710: $1$func$\distance_greater$architecture_simulator/rtl/vertical_slice/gtsu_fused_fps_knn_controller.sv:123$970$\right[17:0]$1501
   310/710: $1$func$\distance_greater$architecture_simulator/rtl/vertical_slice/gtsu_fused_fps_knn_controller.sv:123$970$\left[17:0]$1500
   311/710: $1$mem2reg_rd$\min_state$architecture_simulator/rtl/vertical_slice/gtsu_fused_fps_knn_controller.sv:122$1080_DATA[17:0]$1516
   312/710: $1$mem2reg_rd$\min_state$architecture_simulator/rtl/vertical_slice/gtsu_fused_fps_knn_controller.sv:122$1080_ADDR[3:0]$1515
   313/710: $1\updated_min[1][17:0]
   314/710: $1$func$\distance_less$architecture_simulator/rtl/vertical_slice/gtsu_fused_fps_knn_controller.sv:117$967$\distance_less[0:0]$1492
   315/710: $1$func$\distance_key$architecture_simulator/rtl/vertical_slice/gtsu_fused_fps_knn_controller.sv:92$969$\distance_key[17:0]$1497
   316/710: $1$func$\distance_key$architecture_simulator/rtl/vertical_slice/gtsu_fused_fps_knn_controller.sv:92$969$\distance[17:0]$1498
   317/710: $1$func$\distance_key$architecture_simulator/rtl/vertical_slice/gtsu_fused_fps_knn_controller.sv:92$968$\distance_key[17:0]$1495
   318/710: $1$func$\distance_key$architecture_simulator/rtl/vertical_slice/gtsu_fused_fps_knn_controller.sv:92$968$\distance[17:0]$1496
   319/710: $1$func$\distance_less$architecture_simulator/rtl/vertical_slice/gtsu_fused_fps_knn_controller.sv:117$967$\right[17:0]$1494
   320/710: $1$mem2reg_rd$\min_state$architecture_simulator/rtl/vertical_slice/gtsu_fused_fps_knn_controller.sv:119$1079_DATA[17:0]$1514
   321/710: $1$mem2reg_rd$\min_state$architecture_simulator/rtl/vertical_slice/gtsu_fused_fps_knn_controller.sv:119$1079_ADDR[3:0]$1513
   322/710: $1$func$\distance_less$architecture_simulator/rtl/vertical_slice/gtsu_fused_fps_knn_controller.sv:117$967$\left[17:0]$1493
   323/710: $1$mem2reg_rd$\min_state$architecture_simulator/rtl/vertical_slice/gtsu_fused_fps_knn_controller.sv:130$1081_DATA[17:0]$1518
   324/710: $1$mem2reg_rd$\min_state$architecture_simulator/rtl/vertical_slice/gtsu_fused_fps_knn_controller.sv:130$1081_ADDR[3:0]$1517
   325/710: $1\local_index[0][3:0]
   326/710: $1\local_distance[0][17:0]
   327/710: $2$mem2reg_rd$\min_state$architecture_simulator/rtl/vertical_slice/gtsu_fused_fps_knn_controller.sv:130$1078_DATA[17:0]$1489
   328/710: $2\max_index_next[3:0]
   329/710: $2\max_distance_next[17:0]
   330/710: $2$func$\distance_key$architecture_simulator/rtl/vertical_slice/gtsu_fused_fps_knn_controller.sv:100$966$\distance_key[17:0]$1474
   331/710: $2$func$\distance_key$architecture_simulator/rtl/vertical_slice/gtsu_fused_fps_knn_controller.sv:100$965$\distance_key[17:0]$1473
   332/710: $3$mem2reg_rd$\min_state$architecture_simulator/rtl/vertical_slice/gtsu_fused_fps_knn_controller.sv:122$1077_DATA[17:0]$1472
   333/710: $2\updated_min[0][17:0]
   334/710: $2$mem2reg_rd$\min_state$architecture_simulator/rtl/vertical_slice/gtsu_fused_fps_knn_controller.sv:122$1077_DATA[17:0]$1470
   335/710: $2$mem2reg_rd$\min_state$architecture_simulator/rtl/vertical_slice/gtsu_fused_fps_knn_controller.sv:122$1077_ADDR[3:0]$1469
   336/710: $2$func$\distance_key$architecture_simulator/rtl/vertical_slice/gtsu_fused_fps_knn_controller.sv:92$962$\distance_key[17:0]$1465
   337/710: $2$func$\distance_key$architecture_simulator/rtl/vertical_slice/gtsu_fused_fps_knn_controller.sv:92$961$\distance_key[17:0]$1464
   338/710: $2$mem2reg_rd$\min_state$architecture_simulator/rtl/vertical_slice/gtsu_fused_fps_knn_controller.sv:119$1076_DATA[17:0]$1463
   339/710: $1\max_index_next[3:0]
   340/710: $1\max_distance_next[17:0]
   341/710: $1$func$\fps_tie_better$architecture_simulator/rtl/vertical_slice/gtsu_fused_fps_knn_controller.sv:125$964$\fps_tie_better[0:0]$1445
   342/710: $1$func$\fps_tie_better$architecture_simulator/rtl/vertical_slice/gtsu_fused_fps_knn_controller.sv:125$964$\current_row[31:0]$1451
   343/710: $1$func$\fps_tie_better$architecture_simulator/rtl/vertical_slice/gtsu_fused_fps_knn_controller.sv:125$964$\candidate_row[31:0]$1450
   344/710: $1$func$\fps_tie_better$architecture_simulator/rtl/vertical_slice/gtsu_fused_fps_knn_controller.sv:125$964$\current_lane[31:0]$1449
   345/710: $1$func$\fps_tie_better$architecture_simulator/rtl/vertical_slice/gtsu_fused_fps_knn_controller.sv:125$964$\candidate_lane[31:0]$1448
   346/710: $1$func$\fps_tie_better$architecture_simulator/rtl/vertical_slice/gtsu_fused_fps_knn_controller.sv:125$964$\current[3:0]$1447
   347/710: $1$func$\fps_tie_better$architecture_simulator/rtl/vertical_slice/gtsu_fused_fps_knn_controller.sv:125$964$\candidate[3:0]$1446
   348/710: $1$func$\distance_greater$architecture_simulator/rtl/vertical_slice/gtsu_fused_fps_knn_controller.sv:123$963$\distance_greater[0:0]$1439
   349/710: $1$func$\distance_key$architecture_simulator/rtl/vertical_slice/gtsu_fused_fps_knn_controller.sv:100$966$\distance_key[17:0]$1454
   350/710: $1$func$\distance_key$architecture_simulator/rtl/vertical_slice/gtsu_fused_fps_knn_controller.sv:100$966$\distance[17:0]$1455
   351/710: $1$func$\distance_key$architecture_simulator/rtl/vertical_slice/gtsu_fused_fps_knn_controller.sv:100$965$\distance_key[17:0]$1452
   352/710: $1$func$\distance_key$architecture_simulator/rtl/vertical_slice/gtsu_fused_fps_knn_controller.sv:100$965$\distance[17:0]$1453
   353/710: $1$func$\distance_greater$architecture_simulator/rtl/vertical_slice/gtsu_fused_fps_knn_controller.sv:123$963$\right[17:0]$1444
   354/710: $1$func$\distance_greater$architecture_simulator/rtl/vertical_slice/gtsu_fused_fps_knn_controller.sv:123$963$\left[17:0]$1440
   355/710: $1$mem2reg_rd$\min_state$architecture_simulator/rtl/vertical_slice/gtsu_fused_fps_knn_controller.sv:122$1077_DATA[17:0]$1459
   356/710: $1$mem2reg_rd$\min_state$architecture_simulator/rtl/vertical_slice/gtsu_fused_fps_knn_controller.sv:122$1077_ADDR[3:0]$1458
   357/710: $1\updated_min[0][17:0]
   358/710: $1$func$\distance_less$architecture_simulator/rtl/vertical_slice/gtsu_fused_fps_knn_controller.sv:117$960$\distance_less[0:0]$1441
   359/710: $1$func$\distance_key$architecture_simulator/rtl/vertical_slice/gtsu_fused_fps_knn_controller.sv:92$962$\distance_key[17:0]$1437
   360/710: $1$func$\distance_key$architecture_simulator/rtl/vertical_slice/gtsu_fused_fps_knn_controller.sv:92$962$\distance[17:0]$1438
   361/710: $1$func$\distance_key$architecture_simulator/rtl/vertical_slice/gtsu_fused_fps_knn_controller.sv:92$961$\distance_key[17:0]$1436
   362/710: $1$func$\distance_key$architecture_simulator/rtl/vertical_slice/gtsu_fused_fps_knn_controller.sv:92$961$\distance[17:0]$1435
   363/710: $1$func$\distance_less$architecture_simulator/rtl/vertical_slice/gtsu_fused_fps_knn_controller.sv:117$960$\right[17:0]$1442
   364/710: $1$mem2reg_rd$\min_state$architecture_simulator/rtl/vertical_slice/gtsu_fused_fps_knn_controller.sv:119$1076_DATA[17:0]$1457
   365/710: $1$mem2reg_rd$\min_state$architecture_simulator/rtl/vertical_slice/gtsu_fused_fps_knn_controller.sv:119$1076_ADDR[3:0]$1456
   366/710: $1$func$\distance_less$architecture_simulator/rtl/vertical_slice/gtsu_fused_fps_knn_controller.sv:117$960$\left[17:0]$1443
   367/710: $1$mem2reg_rd$\min_state$architecture_simulator/rtl/vertical_slice/gtsu_fused_fps_knn_controller.sv:130$1078_DATA[17:0]$1461
   368/710: $1$mem2reg_rd$\min_state$architecture_simulator/rtl/vertical_slice/gtsu_fused_fps_knn_controller.sv:130$1078_ADDR[3:0]$1460
   369/710: $0\slot[31:0]
   370/710: $0$mem2reg_rd$\global_index$architecture_simulator/rtl/vertical_slice/gtsu_fused_fps_knn_controller.sv:167$1127_DATA[3:0]$1432
   371/710: $0$mem2reg_rd$\global_index$architecture_simulator/rtl/vertical_slice/gtsu_fused_fps_knn_controller.sv:167$1127_ADDR[2:0]$1431
   372/710: $0$mem2reg_rd$\global_distance$architecture_simulator/rtl/vertical_slice/gtsu_fused_fps_knn_controller.sv:166$1126_DATA[17:0]$1430
   373/710: $0$mem2reg_rd$\global_distance$architecture_simulator/rtl/vertical_slice/gtsu_fused_fps_knn_controller.sv:166$1126_ADDR[2:0]$1429
   374/710: $0$mem2reg_rd$\local_index$architecture_simulator/rtl/vertical_slice/gtsu_fused_fps_knn_controller.sv:163$1125_DATA[3:0]$1428
   375/710: $0$mem2reg_rd$\local_index$architecture_simulator/rtl/vertical_slice/gtsu_fused_fps_knn_controller.sv:163$1125_ADDR[2:0]$1427
   376/710: $0$mem2reg_rd$\local_distance$architecture_simulator/rtl/vertical_slice/gtsu_fused_fps_knn_controller.sv:162$1124_DATA[17:0]$1426
   377/710: $0$mem2reg_rd$\local_distance$architecture_simulator/rtl/vertical_slice/gtsu_fused_fps_knn_controller.sv:162$1124_ADDR[2:0]$1425
   378/710: $0\merged_index[3][3:0]
   379/710: $0\merged_distance[3][17:0]
   380/710: $0\global_pointer[31:0]
   381/710: $0\local_pointer[31:0]
   382/710: $0$mem2reg_rd$\global_index$architecture_simulator/rtl/vertical_slice/gtsu_fused_fps_knn_controller.sv:161$1123_DATA[3:0]$1424
   383/710: $0$mem2reg_rd$\global_index$architecture_simulator/rtl/vertical_slice/gtsu_fused_fps_knn_controller.sv:161$1123_ADDR[2:0]$1423
   384/710: $0$mem2reg_rd$\local_index$architecture_simulator/rtl/vertical_slice/gtsu_fused_fps_knn_controller.sv:161$1122_DATA[3:0]$1422
   385/710: $0$mem2reg_rd$\local_index$architecture_simulator/rtl/vertical_slice/gtsu_fused_fps_knn_controller.sv:161$1122_ADDR[2:0]$1421
   386/710: $0$mem2reg_rd$\global_distance$architecture_simulator/rtl/vertical_slice/gtsu_fused_fps_knn_controller.sv:160$1121_DATA[17:0]$1420
   387/710: $0$mem2reg_rd$\global_distance$architecture_simulator/rtl/vertical_slice/gtsu_fused_fps_knn_controller.sv:160$1121_ADDR[2:0]$1419
   388/710: $0$mem2reg_rd$\local_distance$architecture_simulator/rtl/vertical_slice/gtsu_fused_fps_knn_controller.sv:160$1120_DATA[17:0]$1418
   389/710: $0$mem2reg_rd$\local_distance$architecture_simulator/rtl/vertical_slice/gtsu_fused_fps_knn_controller.sv:160$1120_ADDR[2:0]$1417
   390/710: $0$func$\distance_less$architecture_simulator/rtl/vertical_slice/gtsu_fused_fps_knn_controller.sv:159$1053$\distance_less[0:0]$1322
   391/710: $0$func$\distance_key$architecture_simulator/rtl/vertical_slice/gtsu_fused_fps_knn_controller.sv:92$1055$\distance_key[17:0]$1327
   392/710: $0$func$\distance_key$architecture_simulator/rtl/vertical_slice/gtsu_fused_fps_knn_controller.sv:92$1055$\distance[17:0]$1328
   393/710: $0$func$\distance_key$architecture_simulator/rtl/vertical_slice/gtsu_fused_fps_knn_controller.sv:92$1054$\distance_key[17:0]$1325
   394/710: $0$func$\distance_key$architecture_simulator/rtl/vertical_slice/gtsu_fused_fps_knn_controller.sv:92$1054$\distance[17:0]$1326
   395/710: $0$func$\distance_less$architecture_simulator/rtl/vertical_slice/gtsu_fused_fps_knn_controller.sv:159$1053$\right[17:0]$1324
   396/710: $0$mem2reg_rd$\global_distance$architecture_simulator/rtl/vertical_slice/gtsu_fused_fps_knn_controller.sv:159$1119_DATA[17:0]$1416
   397/710: $0$mem2reg_rd$\global_distance$architecture_simulator/rtl/vertical_slice/gtsu_fused_fps_knn_controller.sv:159$1119_ADDR[2:0]$1415
   398/710: $0$func$\distance_less$architecture_simulator/rtl/vertical_slice/gtsu_fused_fps_knn_controller.sv:159$1053$\left[17:0]$1323
   399/710: $0$mem2reg_rd$\local_distance$architecture_simulator/rtl/vertical_slice/gtsu_fused_fps_knn_controller.sv:159$1118_DATA[17:0]$1414
   400/710: $0$mem2reg_rd$\local_distance$architecture_simulator/rtl/vertical_slice/gtsu_fused_fps_knn_controller.sv:159$1118_ADDR[2:0]$1413
   401/710: $0$mem2reg_rd$\global_index$architecture_simulator/rtl/vertical_slice/gtsu_fused_fps_knn_controller.sv:167$1117_DATA[3:0]$1412
   402/710: $0$mem2reg_rd$\global_index$architecture_simulator/rtl/vertical_slice/gtsu_fused_fps_knn_controller.sv:167$1117_ADDR[2:0]$1411
   403/710: $0$mem2reg_rd$\global_distance$architecture_simulator/rtl/vertical_slice/gtsu_fused_fps_knn_controller.sv:166$1116_DATA[17:0]$1410
   404/710: $0$mem2reg_rd$\global_distance$architecture_simulator/rtl/vertical_slice/gtsu_fused_fps_knn_controller.sv:166$1116_ADDR[2:0]$1409
   405/710: $0$mem2reg_rd$\local_index$architecture_simulator/rtl/vertical_slice/gtsu_fused_fps_knn_controller.sv:163$1115_DATA[3:0]$1408
   406/710: $0$mem2reg_rd$\local_index$architecture_simulator/rtl/vertical_slice/gtsu_fused_fps_knn_controller.sv:163$1115_ADDR[2:0]$1407
   407/710: $0$mem2reg_rd$\local_distance$architecture_simulator/rtl/vertical_slice/gtsu_fused_fps_knn_controller.sv:162$1114_DATA[17:0]$1406
   408/710: $0$mem2reg_rd$\local_distance$architecture_simulator/rtl/vertical_slice/gtsu_fused_fps_knn_controller.sv:162$1114_ADDR[2:0]$1405
   409/710: $0\merged_index[2][3:0]
   410/710: $0\merged_distance[2][17:0]
   411/710: $0$mem2reg_rd$\global_index$architecture_simulator/rtl/vertical_slice/gtsu_fused_fps_knn_controller.sv:161$1113_DATA[3:0]$1404
   412/710: $0$mem2reg_rd$\global_index$architecture_simulator/rtl/vertical_slice/gtsu_fused_fps_knn_controller.sv:161$1113_ADDR[2:0]$1403
   413/710: $0$mem2reg_rd$\local_index$architecture_simulator/rtl/vertical_slice/gtsu_fused_fps_knn_controller.sv:161$1112_DATA[3:0]$1402
   414/710: $0$mem2reg_rd$\local_index$architecture_simulator/rtl/vertical_slice/gtsu_fused_fps_knn_controller.sv:161$1112_ADDR[2:0]$1401
   415/710: $0$mem2reg_rd$\global_distance$architecture_simulator/rtl/vertical_slice/gtsu_fused_fps_knn_controller.sv:160$1111_DATA[17:0]$1400
   416/710: $0$mem2reg_rd$\global_distance$architecture_simulator/rtl/vertical_slice/gtsu_fused_fps_knn_controller.sv:160$1111_ADDR[2:0]$1399
   417/710: $0$mem2reg_rd$\local_distance$architecture_simulator/rtl/vertical_slice/gtsu_fused_fps_knn_controller.sv:160$1110_DATA[17:0]$1398
   418/710: $0$mem2reg_rd$\local_distance$architecture_simulator/rtl/vertical_slice/gtsu_fused_fps_knn_controller.sv:160$1110_ADDR[2:0]$1397
   419/710: $0$func$\distance_less$architecture_simulator/rtl/vertical_slice/gtsu_fused_fps_knn_controller.sv:159$1050$\distance_less[0:0]$1315
   420/710: $0$func$\distance_key$architecture_simulator/rtl/vertical_slice/gtsu_fused_fps_knn_controller.sv:92$1052$\distance_key[17:0]$1320
   421/710: $0$func$\distance_key$architecture_simulator/rtl/vertical_slice/gtsu_fused_fps_knn_controller.sv:92$1052$\distance[17:0]$1321
   422/710: $0$func$\distance_key$architecture_simulator/rtl/vertical_slice/gtsu_fused_fps_knn_controller.sv:92$1051$\distance_key[17:0]$1318
   423/710: $0$func$\distance_key$architecture_simulator/rtl/vertical_slice/gtsu_fused_fps_knn_controller.sv:92$1051$\distance[17:0]$1319
   424/710: $0$func$\distance_less$architecture_simulator/rtl/vertical_slice/gtsu_fused_fps_knn_controller.sv:159$1050$\right[17:0]$1317
   425/710: $0$mem2reg_rd$\global_distance$architecture_simulator/rtl/vertical_slice/gtsu_fused_fps_knn_controller.sv:159$1109_DATA[17:0]$1396
   426/710: $0$mem2reg_rd$\global_distance$architecture_simulator/rtl/vertical_slice/gtsu_fused_fps_knn_controller.sv:159$1109_ADDR[2:0]$1395
   427/710: $0$func$\distance_less$architecture_simulator/rtl/vertical_slice/gtsu_fused_fps_knn_controller.sv:159$1050$\left[17:0]$1316
   428/710: $0$mem2reg_rd$\local_distance$architecture_simulator/rtl/vertical_slice/gtsu_fused_fps_knn_controller.sv:159$1108_DATA[17:0]$1394
   429/710: $0$mem2reg_rd$\local_distance$architecture_simulator/rtl/vertical_slice/gtsu_fused_fps_knn_controller.sv:159$1108_ADDR[2:0]$1393
   430/710: $0$mem2reg_rd$\global_index$architecture_simulator/rtl/vertical_slice/gtsu_fused_fps_knn_controller.sv:167$1107_DATA[3:0]$1392
   431/710: $0$mem2reg_rd$\global_index$architecture_simulator/rtl/vertical_slice/gtsu_fused_fps_knn_controller.sv:167$1107_ADDR[2:0]$1391
   432/710: $0$mem2reg_rd$\global_distance$architecture_simulator/rtl/vertical_slice/gtsu_fused_fps_knn_controller.sv:166$1106_DATA[17:0]$1390
   433/710: $0$mem2reg_rd$\global_distance$architecture_simulator/rtl/vertical_slice/gtsu_fused_fps_knn_controller.sv:166$1106_ADDR[2:0]$1389
   434/710: $0$mem2reg_rd$\local_index$architecture_simulator/rtl/vertical_slice/gtsu_fused_fps_knn_controller.sv:163$1105_DATA[3:0]$1388
   435/710: $0$mem2reg_rd$\local_index$architecture_simulator/rtl/vertical_slice/gtsu_fused_fps_knn_controller.sv:163$1105_ADDR[2:0]$1387
   436/710: $0$mem2reg_rd$\local_distance$architecture_simulator/rtl/vertical_slice/gtsu_fused_fps_knn_controller.sv:162$1104_DATA[17:0]$1386
   437/710: $0$mem2reg_rd$\local_distance$architecture_simulator/rtl/vertical_slice/gtsu_fused_fps_knn_controller.sv:162$1104_ADDR[2:0]$1385
   438/710: $0\merged_index[1][3:0]
   439/710: $0\merged_distance[1][17:0]
   440/710: $0$mem2reg_rd$\global_index$architecture_simulator/rtl/vertical_slice/gtsu_fused_fps_knn_controller.sv:161$1103_DATA[3:0]$1384
   441/710: $0$mem2reg_rd$\global_index$architecture_simulator/rtl/vertical_slice/gtsu_fused_fps_knn_controller.sv:161$1103_ADDR[2:0]$1383
   442/710: $0$mem2reg_rd$\local_index$architecture_simulator/rtl/vertical_slice/gtsu_fused_fps_knn_controller.sv:161$1102_DATA[3:0]$1382
   443/710: $0$mem2reg_rd$\local_index$architecture_simulator/rtl/vertical_slice/gtsu_fused_fps_knn_controller.sv:161$1102_ADDR[2:0]$1381
   444/710: $0$mem2reg_rd$\global_distance$architecture_simulator/rtl/vertical_slice/gtsu_fused_fps_knn_controller.sv:160$1101_DATA[17:0]$1380
   445/710: $0$mem2reg_rd$\global_distance$architecture_simulator/rtl/vertical_slice/gtsu_fused_fps_knn_controller.sv:160$1101_ADDR[2:0]$1379
   446/710: $0$mem2reg_rd$\local_distance$architecture_simulator/rtl/vertical_slice/gtsu_fused_fps_knn_controller.sv:160$1100_DATA[17:0]$1378
   447/710: $0$mem2reg_rd$\local_distance$architecture_simulator/rtl/vertical_slice/gtsu_fused_fps_knn_controller.sv:160$1100_ADDR[2:0]$1377
   448/710: $0$func$\distance_less$architecture_simulator/rtl/vertical_slice/gtsu_fused_fps_knn_controller.sv:159$1047$\distance_less[0:0]$1308
   449/710: $0$func$\distance_key$architecture_simulator/rtl/vertical_slice/gtsu_fused_fps_knn_controller.sv:92$1049$\distance_key[17:0]$1313
   450/710: $0$func$\distance_key$architecture_simulator/rtl/vertical_slice/gtsu_fused_fps_knn_controller.sv:92$1049$\distance[17:0]$1314
   451/710: $0$func$\distance_key$architecture_simulator/rtl/vertical_slice/gtsu_fused_fps_knn_controller.sv:92$1048$\distance_key[17:0]$1311
   452/710: $0$func$\distance_key$architecture_simulator/rtl/vertical_slice/gtsu_fused_fps_knn_controller.sv:92$1048$\distance[17:0]$1312
   453/710: $0$func$\distance_less$architecture_simulator/rtl/vertical_slice/gtsu_fused_fps_knn_controller.sv:159$1047$\right[17:0]$1310
   454/710: $0$mem2reg_rd$\global_distance$architecture_simulator/rtl/vertical_slice/gtsu_fused_fps_knn_controller.sv:159$1099_DATA[17:0]$1376
   455/710: $0$mem2reg_rd$\global_distance$architecture_simulator/rtl/vertical_slice/gtsu_fused_fps_knn_controller.sv:159$1099_ADDR[2:0]$1375
   456/710: $0$func$\distance_less$architecture_simulator/rtl/vertical_slice/gtsu_fused_fps_knn_controller.sv:159$1047$\left[17:0]$1309
   457/710: $0$mem2reg_rd$\local_distance$architecture_simulator/rtl/vertical_slice/gtsu_fused_fps_knn_controller.sv:159$1098_DATA[17:0]$1374
   458/710: $0$mem2reg_rd$\local_distance$architecture_simulator/rtl/vertical_slice/gtsu_fused_fps_knn_controller.sv:159$1098_ADDR[2:0]$1373
   459/710: $0$mem2reg_rd$\global_index$architecture_simulator/rtl/vertical_slice/gtsu_fused_fps_knn_controller.sv:167$1097_DATA[3:0]$1372
   460/710: $0$mem2reg_rd$\global_index$architecture_simulator/rtl/vertical_slice/gtsu_fused_fps_knn_controller.sv:167$1097_ADDR[2:0]$1371
   461/710: $0$mem2reg_rd$\global_distance$architecture_simulator/rtl/vertical_slice/gtsu_fused_fps_knn_controller.sv:166$1096_DATA[17:0]$1370
   462/710: $0$mem2reg_rd$\global_distance$architecture_simulator/rtl/vertical_slice/gtsu_fused_fps_knn_controller.sv:166$1096_ADDR[2:0]$1369
   463/710: $0$mem2reg_rd$\local_index$architecture_simulator/rtl/vertical_slice/gtsu_fused_fps_knn_controller.sv:163$1095_DATA[3:0]$1368
   464/710: $0$mem2reg_rd$\local_index$architecture_simulator/rtl/vertical_slice/gtsu_fused_fps_knn_controller.sv:163$1095_ADDR[2:0]$1367
   465/710: $0$mem2reg_rd$\local_distance$architecture_simulator/rtl/vertical_slice/gtsu_fused_fps_knn_controller.sv:162$1094_DATA[17:0]$1366
   466/710: $0$mem2reg_rd$\local_distance$architecture_simulator/rtl/vertical_slice/gtsu_fused_fps_knn_controller.sv:162$1094_ADDR[2:0]$1365
   467/710: $0\merged_index[0][3:0]
   468/710: $0\merged_distance[0][17:0]
   469/710: $0$mem2reg_rd$\global_index$architecture_simulator/rtl/vertical_slice/gtsu_fused_fps_knn_controller.sv:161$1093_DATA[3:0]$1364
   470/710: $0$mem2reg_rd$\global_index$architecture_simulator/rtl/vertical_slice/gtsu_fused_fps_knn_controller.sv:161$1093_ADDR[2:0]$1363
   471/710: $0$mem2reg_rd$\local_index$architecture_simulator/rtl/vertical_slice/gtsu_fused_fps_knn_controller.sv:161$1092_DATA[3:0]$1362
   472/710: $0$mem2reg_rd$\local_index$architecture_simulator/rtl/vertical_slice/gtsu_fused_fps_knn_controller.sv:161$1092_ADDR[2:0]$1361
   473/710: $0$mem2reg_rd$\global_distance$architecture_simulator/rtl/vertical_slice/gtsu_fused_fps_knn_controller.sv:160$1091_DATA[17:0]$1360
   474/710: $0$mem2reg_rd$\global_distance$architecture_simulator/rtl/vertical_slice/gtsu_fused_fps_knn_controller.sv:160$1091_ADDR[2:0]$1359
   475/710: $0$mem2reg_rd$\local_distance$architecture_simulator/rtl/vertical_slice/gtsu_fused_fps_knn_controller.sv:160$1090_DATA[17:0]$1358
   476/710: $0$mem2reg_rd$\local_distance$architecture_simulator/rtl/vertical_slice/gtsu_fused_fps_knn_controller.sv:160$1090_ADDR[2:0]$1357
   477/710: $0$func$\distance_less$architecture_simulator/rtl/vertical_slice/gtsu_fused_fps_knn_controller.sv:159$1044$\distance_less[0:0]$1301
   478/710: $0$func$\distance_key$architecture_simulator/rtl/vertical_slice/gtsu_fused_fps_knn_controller.sv:92$1046$\distance_key[17:0]$1306
   479/710: $0$func$\distance_key$architecture_simulator/rtl/vertical_slice/gtsu_fused_fps_knn_controller.sv:92$1046$\distance[17:0]$1307
   480/710: $0$func$\distance_key$architecture_simulator/rtl/vertical_slice/gtsu_fused_fps_knn_controller.sv:92$1045$\distance_key[17:0]$1304
   481/710: $0$func$\distance_key$architecture_simulator/rtl/vertical_slice/gtsu_fused_fps_knn_controller.sv:92$1045$\distance[17:0]$1305
   482/710: $0$func$\distance_less$architecture_simulator/rtl/vertical_slice/gtsu_fused_fps_knn_controller.sv:159$1044$\right[17:0]$1303
   483/710: $0$mem2reg_rd$\global_distance$architecture_simulator/rtl/vertical_slice/gtsu_fused_fps_knn_controller.sv:159$1089_DATA[17:0]$1356
   484/710: $0$mem2reg_rd$\global_distance$architecture_simulator/rtl/vertical_slice/gtsu_fused_fps_knn_controller.sv:159$1089_ADDR[2:0]$1355
   485/710: $0$func$\distance_less$architecture_simulator/rtl/vertical_slice/gtsu_fused_fps_knn_controller.sv:159$1044$\left[17:0]$1302
   486/710: $0$mem2reg_rd$\local_distance$architecture_simulator/rtl/vertical_slice/gtsu_fused_fps_knn_controller.sv:159$1088_DATA[17:0]$1354
   487/710: $0$mem2reg_rd$\local_distance$architecture_simulator/rtl/vertical_slice/gtsu_fused_fps_knn_controller.sv:159$1088_ADDR[2:0]$1353
   488/710: $0\pass[31:0]
   489/710: $0\local_index[3][3:0]
   490/710: $0\local_index[2][3:0]
   491/710: $0\local_distance[3][17:0]
   492/710: $0\local_distance[2][17:0]
   493/710: $0\swap_index[3:0]
   494/710: $0\swap_distance[17:0]
   495/710: $0$func$\distance_greater$architecture_simulator/rtl/vertical_slice/gtsu_fused_fps_knn_controller.sv:144$1037$\distance_greater[0:0]$1294
   496/710: $0$func$\distance_key$architecture_simulator/rtl/vertical_slice/gtsu_fused_fps_knn_controller.sv:100$1039$\distance_key[17:0]$1299
   497/710: $0$func$\distance_key$architecture_simulator/rtl/vertical_slice/gtsu_fused_fps_knn_controller.sv:100$1039$\distance[17:0]$1300
   498/710: $0$func$\distance_key$architecture_simulator/rtl/vertical_slice/gtsu_fused_fps_knn_controller.sv:100$1038$\distance_key[17:0]$1297
   499/710: $0$func$\distance_key$architecture_simulator/rtl/vertical_slice/gtsu_fused_fps_knn_controller.sv:100$1038$\distance[17:0]$1298
   500/710: $0$func$\distance_greater$architecture_simulator/rtl/vertical_slice/gtsu_fused_fps_knn_controller.sv:144$1037$\right[17:0]$1296
   501/710: $0$func$\distance_greater$architecture_simulator/rtl/vertical_slice/gtsu_fused_fps_knn_controller.sv:144$1037$\left[17:0]$1295
   502/710: $0\local_index[1][3:0]
   503/710: $0\local_distance[1][17:0]
   504/710: $0$func$\distance_greater$architecture_simulator/rtl/vertical_slice/gtsu_fused_fps_knn_controller.sv:144$1034$\distance_greater[0:0]$1287
   505/710: $0$func$\distance_key$architecture_simulator/rtl/vertical_slice/gtsu_fused_fps_knn_controller.sv:100$1036$\distance_key[17:0]$1292
   506/710: $0$func$\distance_key$architecture_simulator/rtl/vertical_slice/gtsu_fused_fps_knn_controller.sv:100$1036$\distance[17:0]$1293
   507/710: $0$func$\distance_key$architecture_simulator/rtl/vertical_slice/gtsu_fused_fps_knn_controller.sv:100$1035$\distance_key[17:0]$1290
   508/710: $0$func$\distance_key$architecture_simulator/rtl/vertical_slice/gtsu_fused_fps_knn_controller.sv:100$1035$\distance[17:0]$1291
   509/710: $0$func$\distance_greater$architecture_simulator/rtl/vertical_slice/gtsu_fused_fps_knn_controller.sv:144$1034$\right[17:0]$1289
   510/710: $0$func$\distance_greater$architecture_simulator/rtl/vertical_slice/gtsu_fused_fps_knn_controller.sv:144$1034$\left[17:0]$1288
   511/710: $0\local_index[0][3:0]
   512/710: $0\local_distance[0][17:0]
   513/710: $0$func$\distance_greater$architecture_simulator/rtl/vertical_slice/gtsu_fused_fps_knn_controller.sv:144$1031$\distance_greater[0:0]$1280
   514/710: $0$func$\distance_key$architecture_simulator/rtl/vertical_slice/gtsu_fused_fps_knn_controller.sv:100$1033$\distance_key[17:0]$1285
   515/710: $0$func$\distance_key$architecture_simulator/rtl/vertical_slice/gtsu_fused_fps_knn_controller.sv:100$1033$\distance[17:0]$1286
   516/710: $0$func$\distance_key$architecture_simulator/rtl/vertical_slice/gtsu_fused_fps_knn_controller.sv:100$1032$\distance_key[17:0]$1283
   517/710: $0$func$\distance_key$architecture_simulator/rtl/vertical_slice/gtsu_fused_fps_knn_controller.sv:100$1032$\distance[17:0]$1284
   518/710: $0$func$\distance_greater$architecture_simulator/rtl/vertical_slice/gtsu_fused_fps_knn_controller.sv:144$1031$\right[17:0]$1282
   519/710: $0$func$\distance_greater$architecture_simulator/rtl/vertical_slice/gtsu_fused_fps_knn_controller.sv:144$1031$\left[17:0]$1281
   520/710: $0$func$\distance_greater$architecture_simulator/rtl/vertical_slice/gtsu_fused_fps_knn_controller.sv:144$1025$\distance_greater[0:0]$1273
   521/710: $0$func$\distance_key$architecture_simulator/rtl/vertical_slice/gtsu_fused_fps_knn_controller.sv:100$1027$\distance_key[17:0]$1278
   522/710: $0$func$\distance_key$architecture_simulator/rtl/vertical_slice/gtsu_fused_fps_knn_controller.sv:100$1027$\distance[17:0]$1279
   523/710: $0$func$\distance_key$architecture_simulator/rtl/vertical_slice/gtsu_fused_fps_knn_controller.sv:100$1026$\distance_key[17:0]$1276
   524/710: $0$func$\distance_key$architecture_simulator/rtl/vertical_slice/gtsu_fused_fps_knn_controller.sv:100$1026$\distance[17:0]$1277
   525/710: $0$func$\distance_greater$architecture_simulator/rtl/vertical_slice/gtsu_fused_fps_knn_controller.sv:144$1025$\right[17:0]$1275
   526/710: $0$func$\distance_greater$architecture_simulator/rtl/vertical_slice/gtsu_fused_fps_knn_controller.sv:144$1025$\left[17:0]$1274
   527/710: $0$func$\distance_greater$architecture_simulator/rtl/vertical_slice/gtsu_fused_fps_knn_controller.sv:144$1022$\distance_greater[0:0]$1266
   528/710: $0$func$\distance_key$architecture_simulator/rtl/vertical_slice/gtsu_fused_fps_knn_controller.sv:100$1024$\distance_key[17:0]$1271
   529/710: $0$func$\distance_key$architecture_simulator/rtl/vertical_slice/gtsu_fused_fps_knn_controller.sv:100$1024$\distance[17:0]$1272
   530/710: $0$func$\distance_key$architecture_simulator/rtl/vertical_slice/gtsu_fused_fps_knn_controller.sv:100$1023$\distance_key[17:0]$1269
   531/710: $0$func$\distance_key$architecture_simulator/rtl/vertical_slice/gtsu_fused_fps_knn_controller.sv:100$1023$\distance[17:0]$1270
   532/710: $0$func$\distance_greater$architecture_simulator/rtl/vertical_slice/gtsu_fused_fps_knn_controller.sv:144$1022$\right[17:0]$1268
   533/710: $0$func$\distance_greater$architecture_simulator/rtl/vertical_slice/gtsu_fused_fps_knn_controller.sv:144$1022$\left[17:0]$1267
   534/710: $0$func$\distance_greater$architecture_simulator/rtl/vertical_slice/gtsu_fused_fps_knn_controller.sv:144$1019$\distance_greater[0:0]$1259
   535/710: $0$func$\distance_key$architecture_simulator/rtl/vertical_slice/gtsu_fused_fps_knn_controller.sv:100$1021$\distance_key[17:0]$1264
   536/710: $0$func$\distance_key$architecture_simulator/rtl/vertical_slice/gtsu_fused_fps_knn_controller.sv:100$1021$\distance[17:0]$1265
   537/710: $0$func$\distance_key$architecture_simulator/rtl/vertical_slice/gtsu_fused_fps_knn_controller.sv:100$1020$\distance_key[17:0]$1262
   538/710: $0$func$\distance_key$architecture_simulator/rtl/vertical_slice/gtsu_fused_fps_knn_controller.sv:100$1020$\distance[17:0]$1263
   539/710: $0$func$\distance_greater$architecture_simulator/rtl/vertical_slice/gtsu_fused_fps_knn_controller.sv:144$1019$\right[17:0]$1261
   540/710: $0$func$\distance_greater$architecture_simulator/rtl/vertical_slice/gtsu_fused_fps_knn_controller.sv:144$1019$\left[17:0]$1260
   541/710: $0$func$\distance_greater$architecture_simulator/rtl/vertical_slice/gtsu_fused_fps_knn_controller.sv:144$1013$\distance_greater[0:0]$1252
   542/710: $0$func$\distance_key$architecture_simulator/rtl/vertical_slice/gtsu_fused_fps_knn_controller.sv:100$1015$\distance_key[17:0]$1257
   543/710: $0$func$\distance_key$architecture_simulator/rtl/vertical_slice/gtsu_fused_fps_knn_controller.sv:100$1015$\distance[17:0]$1258
   544/710: $0$func$\distance_key$architecture_simulator/rtl/vertical_slice/gtsu_fused_fps_knn_controller.sv:100$1014$\distance_key[17:0]$1255
   545/710: $0$func$\distance_key$architecture_simulator/rtl/vertical_slice/gtsu_fused_fps_knn_controller.sv:100$1014$\distance[17:0]$1256
   546/710: $0$func$\distance_greater$architecture_simulator/rtl/vertical_slice/gtsu_fused_fps_knn_controller.sv:144$1013$\right[17:0]$1254
   547/710: $0$func$\distance_greater$architecture_simulator/rtl/vertical_slice/gtsu_fused_fps_knn_controller.sv:144$1013$\left[17:0]$1253
   548/710: $0$func$\distance_greater$architecture_simulator/rtl/vertical_slice/gtsu_fused_fps_knn_controller.sv:144$1010$\distance_greater[0:0]$1245
   549/710: $0$func$\distance_key$architecture_simulator/rtl/vertical_slice/gtsu_fused_fps_knn_controller.sv:100$1012$\distance_key[17:0]$1250
   550/710: $0$func$\distance_key$architecture_simulator/rtl/vertical_slice/gtsu_fused_fps_knn_controller.sv:100$1012$\distance[17:0]$1251
   551/710: $0$func$\distance_key$architecture_simulator/rtl/vertical_slice/gtsu_fused_fps_knn_controller.sv:100$1011$\distance_key[17:0]$1248
   552/710: $0$func$\distance_key$architecture_simulator/rtl/vertical_slice/gtsu_fused_fps_knn_controller.sv:100$1011$\distance[17:0]$1249
   553/710: $0$func$\distance_greater$architecture_simulator/rtl/vertical_slice/gtsu_fused_fps_knn_controller.sv:144$1010$\right[17:0]$1247
   554/710: $0$func$\distance_greater$architecture_simulator/rtl/vertical_slice/gtsu_fused_fps_knn_controller.sv:144$1010$\left[17:0]$1246
   555/710: $0$func$\distance_greater$architecture_simulator/rtl/vertical_slice/gtsu_fused_fps_knn_controller.sv:144$1007$\distance_greater[0:0]$1238
   556/710: $0$func$\distance_key$architecture_simulator/rtl/vertical_slice/gtsu_fused_fps_knn_controller.sv:100$1009$\distance_key[17:0]$1243
   557/710: $0$func$\distance_key$architecture_simulator/rtl/vertical_slice/gtsu_fused_fps_knn_controller.sv:100$1009$\distance[17:0]$1244
   558/710: $0$func$\distance_key$architecture_simulator/rtl/vertical_slice/gtsu_fused_fps_knn_controller.sv:100$1008$\distance_key[17:0]$1241
   559/710: $0$func$\distance_key$architecture_simulator/rtl/vertical_slice/gtsu_fused_fps_knn_controller.sv:100$1008$\distance[17:0]$1242
   560/710: $0$func$\distance_greater$architecture_simulator/rtl/vertical_slice/gtsu_fused_fps_knn_controller.sv:144$1007$\right[17:0]$1240
   561/710: $0$func$\distance_greater$architecture_simulator/rtl/vertical_slice/gtsu_fused_fps_knn_controller.sv:144$1007$\left[17:0]$1239
   562/710: $0$func$\distance_greater$architecture_simulator/rtl/vertical_slice/gtsu_fused_fps_knn_controller.sv:144$1001$\distance_greater[0:0]$1231
   563/710: $0$func$\distance_key$architecture_simulator/rtl/vertical_slice/gtsu_fused_fps_knn_controller.sv:100$1003$\distance_key[17:0]$1236
   564/710: $0$func$\distance_key$architecture_simulator/rtl/vertical_slice/gtsu_fused_fps_knn_controller.sv:100$1003$\distance[17:0]$1237
   565/710: $0$func$\distance_key$architecture_simulator/rtl/vertical_slice/gtsu_fused_fps_knn_controller.sv:100$1002$\distance_key[17:0]$1234
   566/710: $0$func$\distance_key$architecture_simulator/rtl/vertical_slice/gtsu_fused_fps_knn_controller.sv:100$1002$\distance[17:0]$1235
   567/710: $0$func$\distance_greater$architecture_simulator/rtl/vertical_slice/gtsu_fused_fps_knn_controller.sv:144$1001$\right[17:0]$1233
   568/710: $0$func$\distance_greater$architecture_simulator/rtl/vertical_slice/gtsu_fused_fps_knn_controller.sv:144$1001$\left[17:0]$1232
   569/710: $0$func$\distance_greater$architecture_simulator/rtl/vertical_slice/gtsu_fused_fps_knn_controller.sv:144$998$\distance_greater[0:0]$1224
   570/710: $0$func$\distance_key$architecture_simulator/rtl/vertical_slice/gtsu_fused_fps_knn_controller.sv:100$1000$\distance_key[17:0]$1229
   571/710: $0$func$\distance_key$architecture_simulator/rtl/vertical_slice/gtsu_fused_fps_knn_controller.sv:100$1000$\distance[17:0]$1230
   572/710: $0$func$\distance_key$architecture_simulator/rtl/vertical_slice/gtsu_fused_fps_knn_controller.sv:100$999$\distance_key[17:0]$1227
   573/710: $0$func$\distance_key$architecture_simulator/rtl/vertical_slice/gtsu_fused_fps_knn_controller.sv:100$999$\distance[17:0]$1228
   574/710: $0$func$\distance_greater$architecture_simulator/rtl/vertical_slice/gtsu_fused_fps_knn_controller.sv:144$998$\right[17:0]$1226
   575/710: $0$func$\distance_greater$architecture_simulator/rtl/vertical_slice/gtsu_fused_fps_knn_controller.sv:144$998$\left[17:0]$1225
   576/710: $0$func$\distance_greater$architecture_simulator/rtl/vertical_slice/gtsu_fused_fps_knn_controller.sv:144$995$\distance_greater[0:0]$1217
   577/710: $0$func$\distance_key$architecture_simulator/rtl/vertical_slice/gtsu_fused_fps_knn_controller.sv:100$997$\distance_key[17:0]$1222
   578/710: $0$func$\distance_key$architecture_simulator/rtl/vertical_slice/gtsu_fused_fps_knn_controller.sv:100$997$\distance[17:0]$1223
   579/710: $0$func$\distance_key$architecture_simulator/rtl/vertical_slice/gtsu_fused_fps_knn_controller.sv:100$996$\distance_key[17:0]$1220
   580/710: $0$func$\distance_key$architecture_simulator/rtl/vertical_slice/gtsu_fused_fps_knn_controller.sv:100$996$\distance[17:0]$1221
   581/710: $0$func$\distance_greater$architecture_simulator/rtl/vertical_slice/gtsu_fused_fps_knn_controller.sv:144$995$\right[17:0]$1219
   582/710: $0$func$\distance_greater$architecture_simulator/rtl/vertical_slice/gtsu_fused_fps_knn_controller.sv:144$995$\left[17:0]$1218
   583/710: $0\local_index[4][3:0]
   584/710: $0\local_distance[4][17:0]
   585/710: $0\lane[31:0]
   586/710: $0$mem2reg_rd$\min_state$architecture_simulator/rtl/vertical_slice/gtsu_fused_fps_knn_controller.sv:130$1087_DATA[17:0]$1352
   587/710: $0$mem2reg_rd$\min_state$architecture_simulator/rtl/vertical_slice/gtsu_fused_fps_knn_controller.sv:130$1087_ADDR[3:0]$1351
   588/710: $0$mem2reg_rd$\min_state$architecture_simulator/rtl/vertical_slice/gtsu_fused_fps_knn_controller.sv:122$1086_DATA[17:0]$1350
   589/710: $0$mem2reg_rd$\min_state$architecture_simulator/rtl/vertical_slice/gtsu_fused_fps_knn_controller.sv:122$1086_ADDR[3:0]$1349
   590/710: $0$mem2reg_rd$\min_state$architecture_simulator/rtl/vertical_slice/gtsu_fused_fps_knn_controller.sv:119$1085_DATA[17:0]$1348
   591/710: $0$mem2reg_rd$\min_state$architecture_simulator/rtl/vertical_slice/gtsu_fused_fps_knn_controller.sv:119$1085_ADDR[3:0]$1347
   592/710: $0$func$\distance_key$architecture_simulator/rtl/vertical_slice/gtsu_fused_fps_knn_controller.sv:100$987$\distance[17:0]$1216
   593/710: $0$func$\distance_key$architecture_simulator/rtl/vertical_slice/gtsu_fused_fps_knn_controller.sv:100$987$\distance_key[17:0]$1215
   594/710: $0$func$\distance_key$architecture_simulator/rtl/vertical_slice/gtsu_fused_fps_knn_controller.sv:100$986$\distance[17:0]$1214
   595/710: $0$func$\distance_key$architecture_simulator/rtl/vertical_slice/gtsu_fused_fps_knn_controller.sv:100$986$\distance_key[17:0]$1213
   596/710: $0$func$\fps_tie_better$architecture_simulator/rtl/vertical_slice/gtsu_fused_fps_knn_controller.sv:125$985$\current_row[31:0]$1212
   597/710: $0$func$\fps_tie_better$architecture_simulator/rtl/vertical_slice/gtsu_fused_fps_knn_controller.sv:125$985$\candidate_row[31:0]$1211
   598/710: $0$func$\fps_tie_better$architecture_simulator/rtl/vertical_slice/gtsu_fused_fps_knn_controller.sv:125$985$\current_lane[31:0]$1210
   599/710: $0$func$\fps_tie_better$architecture_simulator/rtl/vertical_slice/gtsu_fused_fps_knn_controller.sv:125$985$\candidate_lane[31:0]$1209
   600/710: $0$func$\fps_tie_better$architecture_simulator/rtl/vertical_slice/gtsu_fused_fps_knn_controller.sv:125$985$\current[3:0]$1208
   601/710: $0$func$\fps_tie_better$architecture_simulator/rtl/vertical_slice/gtsu_fused_fps_knn_controller.sv:125$985$\candidate[3:0]$1207
   602/710: $0$func$\fps_tie_better$architecture_simulator/rtl/vertical_slice/gtsu_fused_fps_knn_controller.sv:125$985$\fps_tie_better[0:0]$1206
   603/710: $0$func$\distance_greater$architecture_simulator/rtl/vertical_slice/gtsu_fused_fps_knn_controller.sv:123$984$\right[17:0]$1205
   604/710: $0$func$\distance_greater$architecture_simulator/rtl/vertical_slice/gtsu_fused_fps_knn_controller.sv:123$984$\left[17:0]$1204
   605/710: $0$func$\distance_greater$architecture_simulator/rtl/vertical_slice/gtsu_fused_fps_knn_controller.sv:123$984$\distance_greater[0:0]$1203
   606/710: $0$func$\distance_key$architecture_simulator/rtl/vertical_slice/gtsu_fused_fps_knn_controller.sv:92$983$\distance[17:0]$1202
   607/710: $0$func$\distance_key$architecture_simulator/rtl/vertical_slice/gtsu_fused_fps_knn_controller.sv:92$983$\distance_key[17:0]$1201
   608/710: $0$func$\distance_key$architecture_simulator/rtl/vertical_slice/gtsu_fused_fps_knn_controller.sv:92$982$\distance[17:0]$1200
   609/710: $0$func$\distance_key$architecture_simulator/rtl/vertical_slice/gtsu_fused_fps_knn_controller.sv:92$982$\distance_key[17:0]$1199
   610/710: $0$func$\distance_less$architecture_simulator/rtl/vertical_slice/gtsu_fused_fps_knn_controller.sv:117$981$\right[17:0]$1198
   611/710: $0$func$\distance_less$architecture_simulator/rtl/vertical_slice/gtsu_fused_fps_knn_controller.sv:117$981$\left[17:0]$1197
   612/710: $0$func$\distance_less$architecture_simulator/rtl/vertical_slice/gtsu_fused_fps_knn_controller.sv:117$981$\distance_less[0:0]$1196
   613/710: $0\updated_min[3][17:0]
   614/710: $0\max_index_next[3:0]
   615/710: $0\max_distance_next[17:0]
   616/710: $0\point_number[31:0]
   617/710: $0$mem2reg_rd$\min_state$architecture_simulator/rtl/vertical_slice/gtsu_fused_fps_knn_controller.sv:130$1084_DATA[17:0]$1346
   618/710: $0$mem2reg_rd$\min_state$architecture_simulator/rtl/vertical_slice/gtsu_fused_fps_knn_controller.sv:130$1084_ADDR[3:0]$1345
   619/710: $0$mem2reg_rd$\min_state$architecture_simulator/rtl/vertical_slice/gtsu_fused_fps_knn_controller.sv:122$1083_DATA[17:0]$1344
   620/710: $0$mem2reg_rd$\min_state$architecture_simulator/rtl/vertical_slice/gtsu_fused_fps_knn_controller.sv:122$1083_ADDR[3:0]$1343
   621/710: $0$mem2reg_rd$\min_state$architecture_simulator/rtl/vertical_slice/gtsu_fused_fps_knn_controller.sv:119$1082_DATA[17:0]$1342
   622/710: $0$mem2reg_rd$\min_state$architecture_simulator/rtl/vertical_slice/gtsu_fused_fps_knn_controller.sv:119$1082_ADDR[3:0]$1341
   623/710: $0$func$\distance_key$architecture_simulator/rtl/vertical_slice/gtsu_fused_fps_knn_controller.sv:100$980$\distance[17:0]$1195
   624/710: $0$func$\distance_key$architecture_simulator/rtl/vertical_slice/gtsu_fused_fps_knn_controller.sv:100$980$\distance_key[17:0]$1194
   625/710: $0$func$\distance_key$architecture_simulator/rtl/vertical_slice/gtsu_fused_fps_knn_controller.sv:100$979$\distance[17:0]$1193
   626/710: $0$func$\distance_key$architecture_simulator/rtl/vertical_slice/gtsu_fused_fps_knn_controller.sv:100$979$\distance_key[17:0]$1192
   627/710: $0$func$\fps_tie_better$architecture_simulator/rtl/vertical_slice/gtsu_fused_fps_knn_controller.sv:125$978$\current_row[31:0]$1191
   628/710: $0$func$\fps_tie_better$architecture_simulator/rtl/vertical_slice/gtsu_fused_fps_knn_controller.sv:125$978$\candidate_row[31:0]$1190
   629/710: $0$func$\fps_tie_better$architecture_simulator/rtl/vertical_slice/gtsu_fused_fps_knn_controller.sv:125$978$\current_lane[31:0]$1189
   630/710: $0$func$\fps_tie_better$architecture_simulator/rtl/vertical_slice/gtsu_fused_fps_knn_controller.sv:125$978$\candidate_lane[31:0]$1188
   631/710: $0$func$\fps_tie_better$architecture_simulator/rtl/vertical_slice/gtsu_fused_fps_knn_controller.sv:125$978$\current[3:0]$1187
   632/710: $0$func$\fps_tie_better$architecture_simulator/rtl/vertical_slice/gtsu_fused_fps_knn_controller.sv:125$978$\candidate[3:0]$1186
   633/710: $0$func$\fps_tie_better$architecture_simulator/rtl/vertical_slice/gtsu_fused_fps_knn_controller.sv:125$978$\fps_tie_better[0:0]$1185
   634/710: $0$func$\distance_greater$architecture_simulator/rtl/vertical_slice/gtsu_fused_fps_knn_controller.sv:123$977$\right[17:0]$1184
   635/710: $0$func$\distance_greater$architecture_simulator/rtl/vertical_slice/gtsu_fused_fps_knn_controller.sv:123$977$\left[17:0]$1183
   636/710: $0$func$\distance_greater$architecture_simulator/rtl/vertical_slice/gtsu_fused_fps_knn_controller.sv:123$977$\distance_greater[0:0]$1182
   637/710: $0$func$\distance_key$architecture_simulator/rtl/vertical_slice/gtsu_fused_fps_knn_controller.sv:92$976$\distance[17:0]$1181
   638/710: $0$func$\distance_key$architecture_simulator/rtl/vertical_slice/gtsu_fused_fps_knn_controller.sv:92$976$\distance_key[17:0]$1180
   639/710: $0$func$\distance_key$architecture_simulator/rtl/vertical_slice/gtsu_fused_fps_knn_controller.sv:92$975$\distance[17:0]$1179
   640/710: $0$func$\distance_key$architecture_simulator/rtl/vertical_slice/gtsu_fused_fps_knn_controller.sv:92$975$\distance_key[17:0]$1178
   641/710: $0$func$\distance_less$architecture_simulator/rtl/vertical_slice/gtsu_fused_fps_knn_controller.sv:117$974$\right[17:0]$1177
   642/710: $0$func$\distance_less$architecture_simulator/rtl/vertical_slice/gtsu_fused_fps_knn_controller.sv:117$974$\left[17:0]$1176
   643/710: $0$func$\distance_less$architecture_simulator/rtl/vertical_slice/gtsu_fused_fps_knn_controller.sv:117$974$\distance_less[0:0]$1175
   644/710: $0\updated_min[2][17:0]
   645/710: $0$mem2reg_rd$\min_state$architecture_simulator/rtl/vertical_slice/gtsu_fused_fps_knn_controller.sv:130$1081_DATA[17:0]$1340
   646/710: $0$mem2reg_rd$\min_state$architecture_simulator/rtl/vertical_slice/gtsu_fused_fps_knn_controller.sv:130$1081_ADDR[3:0]$1339
   647/710: $0$mem2reg_rd$\min_state$architecture_simulator/rtl/vertical_slice/gtsu_fused_fps_knn_controller.sv:122$1080_DATA[17:0]$1338
   648/710: $0$mem2reg_rd$\min_state$architecture_simulator/rtl/vertical_slice/gtsu_fused_fps_knn_controller.sv:122$1080_ADDR[3:0]$1337
   649/710: $0$mem2reg_rd$\min_state$architecture_simulator/rtl/vertical_slice/gtsu_fused_fps_knn_controller.sv:119$1079_DATA[17:0]$1336
   650/710: $0$mem2reg_rd$\min_state$architecture_simulator/rtl/vertical_slice/gtsu_fused_fps_knn_controller.sv:119$1079_ADDR[3:0]$1335
   651/710: $0$func$\distance_key$architecture_simulator/rtl/vertical_slice/gtsu_fused_fps_knn_controller.sv:100$973$\distance[17:0]$1174
   652/710: $0$func$\distance_key$architecture_simulator/rtl/vertical_slice/gtsu_fused_fps_knn_controller.sv:100$973$\distance_key[17:0]$1173
   653/710: $0$func$\distance_key$architecture_simulator/rtl/vertical_slice/gtsu_fused_fps_knn_controller.sv:100$972$\distance[17:0]$1172
   654/710: $0$func$\distance_key$architecture_simulator/rtl/vertical_slice/gtsu_fused_fps_knn_controller.sv:100$972$\distance_key[17:0]$1171
   655/710: $0$func$\fps_tie_better$architecture_simulator/rtl/vertical_slice/gtsu_fused_fps_knn_controller.sv:125$971$\current_row[31:0]$1170
   656/710: $0$func$\fps_tie_better$architecture_simulator/rtl/vertical_slice/gtsu_fused_fps_knn_controller.sv:125$971$\candidate_row[31:0]$1169
   657/710: $0$func$\fps_tie_better$architecture_simulator/rtl/vertical_slice/gtsu_fused_fps_knn_controller.sv:125$971$\current_lane[31:0]$1168
   658/710: $0$func$\fps_tie_better$architecture_simulator/rtl/vertical_slice/gtsu_fused_fps_knn_controller.sv:125$971$\candidate_lane[31:0]$1167
   659/710: $0$func$\fps_tie_better$architecture_simulator/rtl/vertical_slice/gtsu_fused_fps_knn_controller.sv:125$971$\current[3:0]$1166
   660/710: $0$func$\fps_tie_better$architecture_simulator/rtl/vertical_slice/gtsu_fused_fps_knn_controller.sv:125$971$\candidate[3:0]$1165
   661/710: $0$func$\fps_tie_better$architecture_simulator/rtl/vertical_slice/gtsu_fused_fps_knn_controller.sv:125$971$\fps_tie_better[0:0]$1164
   662/710: $0$func$\distance_greater$architecture_simulator/rtl/vertical_slice/gtsu_fused_fps_knn_controller.sv:123$970$\right[17:0]$1163
   663/710: $0$func$\distance_greater$architecture_simulator/rtl/vertical_slice/gtsu_fused_fps_knn_controller.sv:123$970$\left[17:0]$1162
   664/710: $0$func$\distance_greater$architecture_simulator/rtl/vertical_slice/gtsu_fused_fps_knn_controller.sv:123$970$\distance_greater[0:0]$1161
   665/710: $0$func$\distance_key$architecture_simulator/rtl/vertical_slice/gtsu_fused_fps_knn_controller.sv:92$969$\distance[17:0]$1160
   666/710: $0$func$\distance_key$architecture_simulator/rtl/vertical_slice/gtsu_fused_fps_knn_controller.sv:92$969$\distance_key[17:0]$1159
   667/710: $0$func$\distance_key$architecture_simulator/rtl/vertical_slice/gtsu_fused_fps_knn_controller.sv:92$968$\distance[17:0]$1158
   668/710: $0$func$\distance_key$architecture_simulator/rtl/vertical_slice/gtsu_fused_fps_knn_controller.sv:92$968$\distance_key[17:0]$1157
   669/710: $0$func$\distance_less$architecture_simulator/rtl/vertical_slice/gtsu_fused_fps_knn_controller.sv:117$967$\right[17:0]$1156
   670/710: $0$func$\distance_less$architecture_simulator/rtl/vertical_slice/gtsu_fused_fps_knn_controller.sv:117$967$\left[17:0]$1155
   671/710: $0$func$\distance_less$architecture_simulator/rtl/vertical_slice/gtsu_fused_fps_knn_controller.sv:117$967$\distance_less[0:0]$1154
   672/710: $0\updated_min[1][17:0]
   673/710: $0$mem2reg_rd$\min_state$architecture_simulator/rtl/vertical_slice/gtsu_fused_fps_knn_controller.sv:130$1078_DATA[17:0]$1334
   674/710: $0$mem2reg_rd$\min_state$architecture_simulator/rtl/vertical_slice/gtsu_fused_fps_knn_controller.sv:130$1078_ADDR[3:0]$1333
   675/710: $0$mem2reg_rd$\min_state$architecture_simulator/rtl/vertical_slice/gtsu_fused_fps_knn_controller.sv:122$1077_DATA[17:0]$1332
   676/710: $0$mem2reg_rd$\min_state$architecture_simulator/rtl/vertical_slice/gtsu_fused_fps_knn_controller.sv:122$1077_ADDR[3:0]$1331
   677/710: $0$mem2reg_rd$\min_state$architecture_simulator/rtl/vertical_slice/gtsu_fused_fps_knn_controller.sv:119$1076_DATA[17:0]$1330
   678/710: $0$mem2reg_rd$\min_state$architecture_simulator/rtl/vertical_slice/gtsu_fused_fps_knn_controller.sv:119$1076_ADDR[3:0]$1329
   679/710: $0$func$\distance_key$architecture_simulator/rtl/vertical_slice/gtsu_fused_fps_knn_controller.sv:100$966$\distance[17:0]$1153
   680/710: $0$func$\distance_key$architecture_simulator/rtl/vertical_slice/gtsu_fused_fps_knn_controller.sv:100$966$\distance_key[17:0]$1152
   681/710: $0$func$\distance_key$architecture_simulator/rtl/vertical_slice/gtsu_fused_fps_knn_controller.sv:100$965$\distance[17:0]$1151
   682/710: $0$func$\distance_key$architecture_simulator/rtl/vertical_slice/gtsu_fused_fps_knn_controller.sv:100$965$\distance_key[17:0]$1150
   683/710: $0$func$\fps_tie_better$architecture_simulator/rtl/vertical_slice/gtsu_fused_fps_knn_controller.sv:125$964$\current_row[31:0]$1149
   684/710: $0$func$\fps_tie_better$architecture_simulator/rtl/vertical_slice/gtsu_fused_fps_knn_controller.sv:125$964$\candidate_row[31:0]$1148
   685/710: $0$func$\fps_tie_better$architecture_simulator/rtl/vertical_slice/gtsu_fused_fps_knn_controller.sv:125$964$\current_lane[31:0]$1147
   686/710: $0$func$\fps_tie_better$architecture_simulator/rtl/vertical_slice/gtsu_fused_fps_knn_controller.sv:125$964$\candidate_lane[31:0]$1146
   687/710: $0$func$\fps_tie_better$architecture_simulator/rtl/vertical_slice/gtsu_fused_fps_knn_controller.sv:125$964$\current[3:0]$1145
   688/710: $0$func$\fps_tie_better$architecture_simulator/rtl/vertical_slice/gtsu_fused_fps_knn_controller.sv:125$964$\candidate[3:0]$1144
   689/710: $0$func$\fps_tie_better$architecture_simulator/rtl/vertical_slice/gtsu_fused_fps_knn_controller.sv:125$964$\fps_tie_better[0:0]$1143
   690/710: $0$func$\distance_greater$architecture_simulator/rtl/vertical_slice/gtsu_fused_fps_knn_controller.sv:123$963$\right[17:0]$1142
   691/710: $0$func$\distance_less$architecture_simulator/rtl/vertical_slice/gtsu_fused_fps_knn_controller.sv:117$960$\left[17:0]$1141
   692/710: $0$func$\distance_less$architecture_simulator/rtl/vertical_slice/gtsu_fused_fps_knn_controller.sv:117$960$\right[17:0]$1140
   693/710: $0$func$\distance_less$architecture_simulator/rtl/vertical_slice/gtsu_fused_fps_knn_controller.sv:117$960$\distance_less[0:0]$1139
   694/710: $0$func$\distance_greater$architecture_simulator/rtl/vertical_slice/gtsu_fused_fps_knn_controller.sv:123$963$\left[17:0]$1138
   695/710: $0$func$\distance_greater$architecture_simulator/rtl/vertical_slice/gtsu_fused_fps_knn_controller.sv:123$963$\distance_greater[0:0]$1137
   696/710: $0$func$\distance_key$architecture_simulator/rtl/vertical_slice/gtsu_fused_fps_knn_controller.sv:92$962$\distance[17:0]$1136
   697/710: $0$func$\distance_key$architecture_simulator/rtl/vertical_slice/gtsu_fused_fps_knn_controller.sv:92$962$\distance_key[17:0]$1135
   698/710: $0$func$\distance_key$architecture_simulator/rtl/vertical_slice/gtsu_fused_fps_knn_controller.sv:92$961$\distance_key[17:0]$1134
   699/710: $0$func$\distance_key$architecture_simulator/rtl/vertical_slice/gtsu_fused_fps_knn_controller.sv:92$961$\distance[17:0]$1133
   700/710: $0\updated_min[0][17:0]
   701/710: $0\global_index[4][3:0]
   702/710: $0\global_distance[4][17:0]
   703/710: $0\global_index[3][3:0]
   704/710: $0\global_distance[3][17:0]
   705/710: $0\global_index[2][3:0]
   706/710: $0\global_distance[2][17:0]
   707/710: $0\global_index[1][3:0]
   708/710: $0\global_distance[1][17:0]
   709/710: $0\global_index[0][3:0]
   710/710: $0\global_distance[0][17:0]

4.6. Executing PROC_DLATCH pass (convert process syncs to latches).
No latch inferred for signal `\gtsu_fused_fps_knn_controller.\max_distance_next' from process `\gtsu_fused_fps_knn_controller.$proc$architecture_simulator/rtl/vertical_slice/gtsu_fused_fps_knn_controller.sv:104$1132'.
No latch inferred for signal `\gtsu_fused_fps_knn_controller.\max_index_next' from process `\gtsu_fused_fps_knn_controller.$proc$architecture_simulator/rtl/vertical_slice/gtsu_fused_fps_knn_controller.sv:104$1132'.
No latch inferred for signal `\gtsu_fused_fps_knn_controller.\lane' from process `\gtsu_fused_fps_knn_controller.$proc$architecture_simulator/rtl/vertical_slice/gtsu_fused_fps_knn_controller.sv:104$1132'.
No latch inferred for signal `\gtsu_fused_fps_knn_controller.\slot' from process `\gtsu_fused_fps_knn_controller.$proc$architecture_simulator/rtl/vertical_slice/gtsu_fused_fps_knn_controller.sv:104$1132'.
No latch inferred for signal `\gtsu_fused_fps_knn_controller.\pass' from process `\gtsu_fused_fps_knn_controller.$proc$architecture_simulator/rtl/vertical_slice/gtsu_fused_fps_knn_controller.sv:104$1132'.
No latch inferred for signal `\gtsu_fused_fps_knn_controller.\local_pointer' from process `\gtsu_fused_fps_knn_controller.$proc$architecture_simulator/rtl/vertical_slice/gtsu_fused_fps_knn_controller.sv:104$1132'.
No latch inferred for signal `\gtsu_fused_fps_knn_controller.\global_pointer' from process `\gtsu_fused_fps_knn_controller.$proc$architecture_simulator/rtl/vertical_slice/gtsu_fused_fps_knn_controller.sv:104$1132'.
No latch inferred for signal `\gtsu_fused_fps_knn_controller.\point_number' from process `\gtsu_fused_fps_knn_controller.$proc$architecture_simulator/rtl/vertical_slice/gtsu_fused_fps_knn_controller.sv:104$1132'.
No latch inferred for signal `\gtsu_fused_fps_knn_controller.\global_distance[0]' from process `\gtsu_fused_fps_knn_controller.$proc$architecture_simulator/rtl/vertical_slice/gtsu_fused_fps_knn_controller.sv:104$1132'.
No latch inferred for signal `\gtsu_fused_fps_knn_controller.\global_distance[1]' from process `\gtsu_fused_fps_knn_controller.$proc$architecture_simulator/rtl/vertical_slice/gtsu_fused_fps_knn_controller.sv:104$1132'.
No latch inferred for signal `\gtsu_fused_fps_knn_controller.\global_distance[2]' from process `\gtsu_fused_fps_knn_controller.$proc$architecture_simulator/rtl/vertical_slice/gtsu_fused_fps_knn_controller.sv:104$1132'.
No latch inferred for signal `\gtsu_fused_fps_knn_controller.\global_distance[3]' from process `\gtsu_fused_fps_knn_controller.$proc$architecture_simulator/rtl/vertical_slice/gtsu_fused_fps_knn_controller.sv:104$1132'.
No latch inferred for signal `\gtsu_fused_fps_knn_controller.\global_distance[4]' from process `\gtsu_fused_fps_knn_controller.$proc$architecture_simulator/rtl/vertical_slice/gtsu_fused_fps_knn_controller.sv:104$1132'.
No latch inferred for signal `\gtsu_fused_fps_knn_controller.\global_index[0]' from process `\gtsu_fused_fps_knn_controller.$proc$architecture_simulator/rtl/vertical_slice/gtsu_fused_fps_knn_controller.sv:104$1132'.
No latch inferred for signal `\gtsu_fused_fps_knn_controller.\global_index[1]' from process `\gtsu_fused_fps_knn_controller.$proc$architecture_simulator/rtl/vertical_slice/gtsu_fused_fps_knn_controller.sv:104$1132'.
No latch inferred for signal `\gtsu_fused_fps_knn_controller.\global_index[2]' from process `\gtsu_fused_fps_knn_controller.$proc$architecture_simulator/rtl/vertical_slice/gtsu_fused_fps_knn_controller.sv:104$1132'.
No latch inferred for signal `\gtsu_fused_fps_knn_controller.\global_index[3]' from process `\gtsu_fused_fps_knn_controller.$proc$architecture_simulator/rtl/vertical_slice/gtsu_fused_fps_knn_controller.sv:104$1132'.
No latch inferred for signal `\gtsu_fused_fps_knn_controller.\global_index[4]' from process `\gtsu_fused_fps_knn_controller.$proc$architecture_simulator/rtl/vertical_slice/gtsu_fused_fps_knn_controller.sv:104$1132'.
No latch inferred for signal `\gtsu_fused_fps_knn_controller.\updated_min[0]' from process `\gtsu_fused_fps_knn_controller.$proc$architecture_simulator/rtl/vertical_slice/gtsu_fused_fps_knn_controller.sv:104$1132'.
No latch inferred for signal `\gtsu_fused_fps_knn_controller.\updated_min[1]' from process `\gtsu_fused_fps_knn_controller.$proc$architecture_simulator/rtl/vertical_slice/gtsu_fused_fps_knn_controller.sv:104$1132'.
No latch inferred for signal `\gtsu_fused_fps_knn_controller.\updated_min[2]' from process `\gtsu_fused_fps_knn_controller.$proc$architecture_simulator/rtl/vertical_slice/gtsu_fused_fps_knn_controller.sv:104$1132'.
No latch inferred for signal `\gtsu_fused_fps_knn_controller.\updated_min[3]' from process `\gtsu_fused_fps_knn_controller.$proc$architecture_simulator/rtl/vertical_slice/gtsu_fused_fps_knn_controller.sv:104$1132'.
No latch inferred for signal `\gtsu_fused_fps_knn_controller.\local_distance[0]' from process `\gtsu_fused_fps_knn_controller.$proc$architecture_simulator/rtl/vertical_slice/gtsu_fused_fps_knn_controller.sv:104$1132'.
No latch inferred for signal `\gtsu_fused_fps_knn_controller.\local_distance[1]' from process `\gtsu_fused_fps_knn_controller.$proc$architecture_simulator/rtl/vertical_slice/gtsu_fused_fps_knn_controller.sv:104$1132'.
No latch inferred for signal `\gtsu_fused_fps_knn_controller.\local_distance[2]' from process `\gtsu_fused_fps_knn_controller.$proc$architecture_simulator/rtl/vertical_slice/gtsu_fused_fps_knn_controller.sv:104$1132'.
No latch inferred for signal `\gtsu_fused_fps_knn_controller.\local_distance[3]' from process `\gtsu_fused_fps_knn_controller.$proc$architecture_simulator/rtl/vertical_slice/gtsu_fused_fps_knn_controller.sv:104$1132'.
No latch inferred for signal `\gtsu_fused_fps_knn_controller.\local_distance[4]' from process `\gtsu_fused_fps_knn_controller.$proc$architecture_simulator/rtl/vertical_slice/gtsu_fused_fps_knn_controller.sv:104$1132'.
No latch inferred for signal `\gtsu_fused_fps_knn_controller.\local_index[0]' from process `\gtsu_fused_fps_knn_controller.$proc$architecture_simulator/rtl/vertical_slice/gtsu_fused_fps_knn_controller.sv:104$1132'.
No latch inferred for signal `\gtsu_fused_fps_knn_controller.\local_index[1]' from process `\gtsu_fused_fps_knn_controller.$proc$architecture_simulator/rtl/vertical_slice/gtsu_fused_fps_knn_controller.sv:104$1132'.
No latch inferred for signal `\gtsu_fused_fps_knn_controller.\local_index[2]' from process `\gtsu_fused_fps_knn_controller.$proc$architecture_simulator/rtl/vertical_slice/gtsu_fused_fps_knn_controller.sv:104$1132'.
No latch inferred for signal `\gtsu_fused_fps_knn_controller.\local_index[3]' from process `\gtsu_fused_fps_knn_controller.$proc$architecture_simulator/rtl/vertical_slice/gtsu_fused_fps_knn_controller.sv:104$1132'.
No latch inferred for signal `\gtsu_fused_fps_knn_controller.\local_index[4]' from process `\gtsu_fused_fps_knn_controller.$proc$architecture_simulator/rtl/vertical_slice/gtsu_fused_fps_knn_controller.sv:104$1132'.
No latch inferred for signal `\gtsu_fused_fps_knn_controller.\merged_distance[0]' from process `\gtsu_fused_fps_knn_controller.$proc$architecture_simulator/rtl/vertical_slice/gtsu_fused_fps_knn_controller.sv:104$1132'.
No latch inferred for signal `\gtsu_fused_fps_knn_controller.\merged_distance[1]' from process `\gtsu_fused_fps_knn_controller.$proc$architecture_simulator/rtl/vertical_slice/gtsu_fused_fps_knn_controller.sv:104$1132'.
No latch inferred for signal `\gtsu_fused_fps_knn_controller.\merged_distance[2]' from process `\gtsu_fused_fps_knn_controller.$proc$architecture_simulator/rtl/vertical_slice/gtsu_fused_fps_knn_controller.sv:104$1132'.
No latch inferred for signal `\gtsu_fused_fps_knn_controller.\merged_distance[3]' from process `\gtsu_fused_fps_knn_controller.$proc$architecture_simulator/rtl/vertical_slice/gtsu_fused_fps_knn_controller.sv:104$1132'.
No latch inferred for signal `\gtsu_fused_fps_knn_controller.\merged_index[0]' from process `\gtsu_fused_fps_knn_controller.$proc$architecture_simulator/rtl/vertical_slice/gtsu_fused_fps_knn_controller.sv:104$1132'.
No latch inferred for signal `\gtsu_fused_fps_knn_controller.\merged_index[1]' from process `\gtsu_fused_fps_knn_controller.$proc$architecture_simulator/rtl/vertical_slice/gtsu_fused_fps_knn_controller.sv:104$1132'.
No latch inferred for signal `\gtsu_fused_fps_knn_controller.\merged_index[2]' from process `\gtsu_fused_fps_knn_controller.$proc$architecture_simulator/rtl/vertical_slice/gtsu_fused_fps_knn_controller.sv:104$1132'.
No latch inferred for signal `\gtsu_fused_fps_knn_controller.\merged_index[3]' from process `\gtsu_fused_fps_knn_controller.$proc$architecture_simulator/rtl/vertical_slice/gtsu_fused_fps_knn_controller.sv:104$1132'.
No latch inferred for signal `\gtsu_fused_fps_knn_controller.$func$\distance_key$architecture_simulator/rtl/vertical_slice/gtsu_fused_fps_knn_controller.sv:92$961$\distance' from process `\gtsu_fused_fps_knn_controller.$proc$architecture_simulator/rtl/vertical_slice/gtsu_fused_fps_knn_controller.sv:104$1132'.
No latch inferred for signal `\gtsu_fused_fps_knn_controller.$func$\distance_key$architecture_simulator/rtl/vertical_slice/gtsu_fused_fps_knn_controller.sv:92$961$\distance_key' from process `\gtsu_fused_fps_knn_controller.$proc$architecture_simulator/rtl/vertical_slice/gtsu_fused_fps_knn_controller.sv:104$1132'.
No latch inferred for signal `\gtsu_fused_fps_knn_controller.$func$\distance_key$architecture_simulator/rtl/vertical_slice/gtsu_fused_fps_knn_controller.sv:92$962$\distance_key' from process `\gtsu_fused_fps_knn_controller.$proc$architecture_simulator/rtl/vertical_slice/gtsu_fused_fps_knn_controller.sv:104$1132'.
No latch inferred for signal `\gtsu_fused_fps_knn_controller.$func$\distance_key$architecture_simulator/rtl/vertical_slice/gtsu_fused_fps_knn_controller.sv:92$962$\distance' from process `\gtsu_fused_fps_knn_controller.$proc$architecture_simulator/rtl/vertical_slice/gtsu_fused_fps_knn_controller.sv:104$1132'.
No latch inferred for signal `\gtsu_fused_fps_knn_controller.$func$\distance_greater$architecture_simulator/rtl/vertical_slice/gtsu_fused_fps_knn_controller.sv:123$963$\distance_greater' from process `\gtsu_fused_fps_knn_controller.$proc$architecture_simulator/rtl/vertical_slice/gtsu_fused_fps_knn_controller.sv:104$1132'.
No latch inferred for signal `\gtsu_fused_fps_knn_controller.$func$\distance_greater$architecture_simulator/rtl/vertical_slice/gtsu_fused_fps_knn_controller.sv:123$963$\left' from process `\gtsu_fused_fps_knn_controller.$proc$architecture_simulator/rtl/vertical_slice/gtsu_fused_fps_knn_controller.sv:104$1132'.
No latch inferred for signal `\gtsu_fused_fps_knn_controller.$func$\distance_less$architecture_simulator/rtl/vertical_slice/gtsu_fused_fps_knn_controller.sv:117$960$\distance_less' from process `\gtsu_fused_fps_knn_controller.$proc$architecture_simulator/rtl/vertical_slice/gtsu_fused_fps_knn_controller.sv:104$1132'.
No latch inferred for signal `\gtsu_fused_fps_knn_controller.$func$\distance_less$architecture_simulator/rtl/vertical_slice/gtsu_fused_fps_knn_controller.sv:117$960$\right' from process `\gtsu_fused_fps_knn_controller.$proc$architecture_simulator/rtl/vertical_slice/gtsu_fused_fps_knn_controller.sv:104$1132'.
No latch inferred for signal `\gtsu_fused_fps_knn_controller.$func$\distance_less$architecture_simulator/rtl/vertical_slice/gtsu_fused_fps_knn_controller.sv:117$960$\left' from process `\gtsu_fused_fps_knn_controller.$proc$architecture_simulator/rtl/vertical_slice/gtsu_fused_fps_knn_controller.sv:104$1132'.
No latch inferred for signal `\gtsu_fused_fps_knn_controller.$func$\distance_greater$architecture_simulator/rtl/vertical_slice/gtsu_fused_fps_knn_controller.sv:123$963$\right' from process `\gtsu_fused_fps_knn_controller.$proc$architecture_simulator/rtl/vertical_slice/gtsu_fused_fps_knn_controller.sv:104$1132'.
No latch inferred for signal `\gtsu_fused_fps_knn_controller.$func$\fps_tie_better$architecture_simulator/rtl/vertical_slice/gtsu_fused_fps_knn_controller.sv:125$964$\fps_tie_better' from process `\gtsu_fused_fps_knn_controller.$proc$architecture_simulator/rtl/vertical_slice/gtsu_fused_fps_knn_controller.sv:104$1132'.
No latch inferred for signal `\gtsu_fused_fps_knn_controller.$func$\fps_tie_better$architecture_simulator/rtl/vertical_slice/gtsu_fused_fps_knn_controller.sv:125$964$\candidate' from process `\gtsu_fused_fps_knn_controller.$proc$architecture_simulator/rtl/vertical_slice/gtsu_fused_fps_knn_controller.sv:104$1132'.
No latch inferred for signal `\gtsu_fused_fps_knn_controller.$func$\fps_tie_better$architecture_simulator/rtl/vertical_slice/gtsu_fused_fps_knn_controller.sv:125$964$\current' from process `\gtsu_fused_fps_knn_controller.$proc$architecture_simulator/rtl/vertical_slice/gtsu_fused_fps_knn_controller.sv:104$1132'.
No latch inferred for signal `\gtsu_fused_fps_knn_controller.$func$\fps_tie_better$architecture_simulator/rtl/vertical_slice/gtsu_fused_fps_knn_controller.sv:125$964$\candidate_lane' from process `\gtsu_fused_fps_knn_controller.$proc$architecture_simulator/rtl/vertical_slice/gtsu_fused_fps_knn_controller.sv:104$1132'.
No latch inferred for signal `\gtsu_fused_fps_knn_controller.$func$\fps_tie_better$architecture_simulator/rtl/vertical_slice/gtsu_fused_fps_knn_controller.sv:125$964$\current_lane' from process `\gtsu_fused_fps_knn_controller.$proc$architecture_simulator/rtl/vertical_slice/gtsu_fused_fps_knn_controller.sv:104$1132'.
No latch inferred for signal `\gtsu_fused_fps_knn_controller.$func$\fps_tie_better$architecture_simulator/rtl/vertical_slice/gtsu_fused_fps_knn_controller.sv:125$964$\candidate_row' from process `\gtsu_fused_fps_knn_controller.$proc$architecture_simulator/rtl/vertical_slice/gtsu_fused_fps_knn_controller.sv:104$1132'.
No latch inferred for signal `\gtsu_fused_fps_knn_controller.$func$\fps_tie_better$architecture_simulator/rtl/vertical_slice/gtsu_fused_fps_knn_controller.sv:125$964$\current_row' from process `\gtsu_fused_fps_knn_controller.$proc$architecture_simulator/rtl/vertical_slice/gtsu_fused_fps_knn_controller.sv:104$1132'.
No latch inferred for signal `\gtsu_fused_fps_knn_controller.$func$\distance_key$architecture_simulator/rtl/vertical_slice/gtsu_fused_fps_knn_controller.sv:100$965$\distance_key' from process `\gtsu_fused_fps_knn_controller.$proc$architecture_simulator/rtl/vertical_slice/gtsu_fused_fps_knn_controller.sv:104$1132'.
No latch inferred for signal `\gtsu_fused_fps_knn_controller.$func$\distance_key$architecture_simulator/rtl/vertical_slice/gtsu_fused_fps_knn_controller.sv:100$965$\distance' from process `\gtsu_fused_fps_knn_controller.$proc$architecture_simulator/rtl/vertical_slice/gtsu_fused_fps_knn_controller.sv:104$1132'.
No latch inferred for signal `\gtsu_fused_fps_knn_controller.$func$\distance_key$architecture_simulator/rtl/vertical_slice/gtsu_fused_fps_knn_controller.sv:100$966$\distance_key' from process `\gtsu_fused_fps_knn_controller.$proc$architecture_simulator/rtl/vertical_slice/gtsu_fused_fps_knn_controller.sv:104$1132'.
No latch inferred for signal `\gtsu_fused_fps_knn_controller.$func$\distance_key$architecture_simulator/rtl/vertical_slice/gtsu_fused_fps_knn_controller.sv:100$966$\distance' from process `\gtsu_fused_fps_knn_controller.$proc$architecture_simulator/rtl/vertical_slice/gtsu_fused_fps_knn_controller.sv:104$1132'.
No latch inferred for signal `\gtsu_fused_fps_knn_controller.$func$\distance_less$architecture_simulator/rtl/vertical_slice/gtsu_fused_fps_knn_controller.sv:117$967$\distance_less' from process `\gtsu_fused_fps_knn_controller.$proc$architecture_simulator/rtl/vertical_slice/gtsu_fused_fps_knn_controller.sv:104$1132'.
No latch inferred for signal `\gtsu_fused_fps_knn_controller.$func$\distance_less$architecture_simulator/rtl/vertical_slice/gtsu_fused_fps_knn_controller.sv:117$967$\left' from process `\gtsu_fused_fps_knn_controller.$proc$architecture_simulator/rtl/vertical_slice/gtsu_fused_fps_knn_controller.sv:104$1132'.
No latch inferred for signal `\gtsu_fused_fps_knn_controller.$func$\distance_less$architecture_simulator/rtl/vertical_slice/gtsu_fused_fps_knn_controller.sv:117$967$\right' from process `\gtsu_fused_fps_knn_controller.$proc$architecture_simulator/rtl/vertical_slice/gtsu_fused_fps_knn_controller.sv:104$1132'.
No latch inferred for signal `\gtsu_fused_fps_knn_controller.$func$\distance_key$architecture_simulator/rtl/vertical_slice/gtsu_fused_fps_knn_controller.sv:92$968$\distance_key' from process `\gtsu_fused_fps_knn_controller.$proc$architecture_simulator/rtl/vertical_slice/gtsu_fused_fps_knn_controller.sv:104$1132'.
No latch inferred for signal `\gtsu_fused_fps_knn_controller.$func$\distance_key$architecture_simulator/rtl/vertical_slice/gtsu_fused_fps_knn_controller.sv:92$968$\distance' from process `\gtsu_fused_fps_knn_controller.$proc$architecture_simulator/rtl/vertical_slice/gtsu_fused_fps_knn_controller.sv:104$1132'.
No latch inferred for signal `\gtsu_fused_fps_knn_controller.$func$\distance_key$architecture_simulator/rtl/vertical_slice/gtsu_fused_fps_knn_controller.sv:92$969$\distance_key' from process `\gtsu_fused_fps_knn_controller.$proc$architecture_simulator/rtl/vertical_slice/gtsu_fused_fps_knn_controller.sv:104$1132'.
No latch inferred for signal `\gtsu_fused_fps_knn_controller.$func$\distance_key$architecture_simulator/rtl/vertical_slice/gtsu_fused_fps_knn_controller.sv:92$969$\distance' from process `\gtsu_fused_fps_knn_controller.$proc$architecture_simulator/rtl/vertical_slice/gtsu_fused_fps_knn_controller.sv:104$1132'.
No latch inferred for signal `\gtsu_fused_fps_knn_controller.$func$\distance_greater$architecture_simulator/rtl/vertical_slice/gtsu_fused_fps_knn_controller.sv:123$970$\distance_greater' from process `\gtsu_fused_fps_knn_controller.$proc$architecture_simulator/rtl/vertical_slice/gtsu_fused_fps_knn_controller.sv:104$1132'.
No latch inferred for signal `\gtsu_fused_fps_knn_controller.$func$\distance_greater$architecture_simulator/rtl/vertical_slice/gtsu_fused_fps_knn_controller.sv:123$970$\left' from process `\gtsu_fused_fps_knn_controller.$proc$architecture_simulator/rtl/vertical_slice/gtsu_fused_fps_knn_controller.sv:104$1132'.
No latch inferred for signal `\gtsu_fused_fps_knn_controller.$func$\distance_greater$architecture_simulator/rtl/vertical_slice/gtsu_fused_fps_knn_controller.sv:123$970$\right' from process `\gtsu_fused_fps_knn_controller.$proc$architecture_simulator/rtl/vertical_slice/gtsu_fused_fps_knn_controller.sv:104$1132'.
No latch inferred for signal `\gtsu_fused_fps_knn_controller.$func$\fps_tie_better$architecture_simulator/rtl/vertical_slice/gtsu_fused_fps_knn_controller.sv:125$971$\fps_tie_better' from process `\gtsu_fused_fps_knn_controller.$proc$architecture_simulator/rtl/vertical_slice/gtsu_fused_fps_knn_controller.sv:104$1132'.
No latch inferred for signal `\gtsu_fused_fps_knn_controller.$func$\fps_tie_better$architecture_simulator/rtl/vertical_slice/gtsu_fused_fps_knn_controller.sv:125$971$\candidate' from process `\gtsu_fused_fps_knn_controller.$proc$architecture_simulator/rtl/vertical_slice/gtsu_fused_fps_knn_controller.sv:104$1132'.
No latch inferred for signal `\gtsu_fused_fps_knn_controller.$func$\fps_tie_better$architecture_simulator/rtl/vertical_slice/gtsu_fused_fps_knn_controller.sv:125$971$\current' from process `\gtsu_fused_fps_knn_controller.$proc$architecture_simulator/rtl/vertical_slice/gtsu_fused_fps_knn_controller.sv:104$1132'.
No latch inferred for signal `\gtsu_fused_fps_knn_controller.$func$\fps_tie_better$architecture_simulator/rtl/vertical_slice/gtsu_fused_fps_knn_controller.sv:125$971$\candidate_lane' from process `\gtsu_fused_fps_knn_controller.$proc$architecture_simulator/rtl/vertical_slice/gtsu_fused_fps_knn_controller.sv:104$1132'.
No latch inferred for signal `\gtsu_fused_fps_knn_controller.$func$\fps_tie_better$architecture_simulator/rtl/vertical_slice/gtsu_fused_fps_knn_controller.sv:125$971$\current_lane' from process `\gtsu_fused_fps_knn_controller.$proc$architecture_simulator/rtl/vertical_slice/gtsu_fused_fps_knn_controller.sv:104$1132'.
No latch inferred for signal `\gtsu_fused_fps_knn_controller.$func$\fps_tie_better$architecture_simulator/rtl/vertical_slice/gtsu_fused_fps_knn_controller.sv:125$971$\candidate_row' from process `\gtsu_fused_fps_knn_controller.$proc$architecture_simulator/rtl/vertical_slice/gtsu_fused_fps_knn_controller.sv:104$1132'.
No latch inferred for signal `\gtsu_fused_fps_knn_controller.$func$\fps_tie_better$architecture_simulator/rtl/vertical_slice/gtsu_fused_fps_knn_controller.sv:125$971$\current_row' from process `\gtsu_fused_fps_knn_controller.$proc$architecture_simulator/rtl/vertical_slice/gtsu_fused_fps_knn_controller.sv:104$1132'.
No latch inferred for signal `\gtsu_fused_fps_knn_controller.$func$\distance_key$architecture_simulator/rtl/vertical_slice/gtsu_fused_fps_knn_controller.sv:100$972$\distance_key' from process `\gtsu_fused_fps_knn_controller.$proc$architecture_simulator/rtl/vertical_slice/gtsu_fused_fps_knn_controller.sv:104$1132'.
No latch inferred for signal `\gtsu_fused_fps_knn_controller.$func$\distance_key$architecture_simulator/rtl/vertical_slice/gtsu_fused_fps_knn_controller.sv:100$972$\distance' from process `\gtsu_fused_fps_knn_controller.$proc$architecture_simulator/rtl/vertical_slice/gtsu_fused_fps_knn_controller.sv:104$1132'.
No latch inferred for signal `\gtsu_fused_fps_knn_controller.$func$\distance_key$architecture_simulator/rtl/vertical_slice/gtsu_fused_fps_knn_controller.sv:100$973$\distance_key' from process `\gtsu_fused_fps_knn_controller.$proc$architecture_simulator/rtl/vertical_slice/gtsu_fused_fps_knn_controller.sv:104$1132'.
No latch inferred for signal `\gtsu_fused_fps_knn_controller.$func$\distance_key$architecture_simulator/rtl/vertical_slice/gtsu_fused_fps_knn_controller.sv:100$973$\distance' from process `\gtsu_fused_fps_knn_controller.$proc$architecture_simulator/rtl/vertical_slice/gtsu_fused_fps_knn_controller.sv:104$1132'.
No latch inferred for signal `\gtsu_fused_fps_knn_controller.$func$\distance_less$architecture_simulator/rtl/vertical_slice/gtsu_fused_fps_knn_controller.sv:117$974$\distance_less' from process `\gtsu_fused_fps_knn_controller.$proc$architecture_simulator/rtl/vertical_slice/gtsu_fused_fps_knn_controller.sv:104$1132'.
No latch inferred for signal `\gtsu_fused_fps_knn_controller.$func$\distance_less$architecture_simulator/rtl/vertical_slice/gtsu_fused_fps_knn_controller.sv:117$974$\left' from process `\gtsu_fused_fps_knn_controller.$proc$architecture_simulator/rtl/vertical_slice/gtsu_fused_fps_knn_controller.sv:104$1132'.
No latch inferred for signal `\gtsu_fused_fps_knn_controller.$func$\distance_less$architecture_simulator/rtl/vertical_slice/gtsu_fused_fps_knn_controller.sv:117$974$\right' from process `\gtsu_fused_fps_knn_controller.$proc$architecture_simulator/rtl/vertical_slice/gtsu_fused_fps_knn_controller.sv:104$1132'.
No latch inferred for signal `\gtsu_fused_fps_knn_controller.$func$\distance_key$architecture_simulator/rtl/vertical_slice/gtsu_fused_fps_knn_controller.sv:92$975$\distance_key' from process `\gtsu_fused_fps_knn_controller.$proc$architecture_simulator/rtl/vertical_slice/gtsu_fused_fps_knn_controller.sv:104$1132'.
No latch inferred for signal `\gtsu_fused_fps_knn_controller.$func$\distance_key$architecture_simulator/rtl/vertical_slice/gtsu_fused_fps_knn_controller.sv:92$975$\distance' from process `\gtsu_fused_fps_knn_controller.$proc$architecture_simulator/rtl/vertical_slice/gtsu_fused_fps_knn_controller.sv:104$1132'.
No latch inferred for signal `\gtsu_fused_fps_knn_controller.$func$\distance_key$architecture_simulator/rtl/vertical_slice/gtsu_fused_fps_knn_controller.sv:92$976$\distance_key' from process `\gtsu_fused_fps_knn_controller.$proc$architecture_simulator/rtl/vertical_slice/gtsu_fused_fps_knn_controller.sv:104$1132'.
No latch inferred for signal `\gtsu_fused_fps_knn_controller.$func$\distance_key$architecture_simulator/rtl/vertical_slice/gtsu_fused_fps_knn_controller.sv:92$976$\distance' from process `\gtsu_fused_fps_knn_controller.$proc$architecture_simulator/rtl/vertical_slice/gtsu_fused_fps_knn_controller.sv:104$1132'.
No latch inferred for signal `\gtsu_fused_fps_knn_controller.$func$\distance_greater$architecture_simulator/rtl/vertical_slice/gtsu_fused_fps_knn_controller.sv:123$977$\distance_greater' from process `\gtsu_fused_fps_knn_controller.$proc$architecture_simulator/rtl/vertical_slice/gtsu_fused_fps_knn_controller.sv:104$1132'.
No latch inferred for signal `\gtsu_fused_fps_knn_controller.$func$\distance_greater$architecture_simulator/rtl/vertical_slice/gtsu_fused_fps_knn_controller.sv:123$977$\left' from process `\gtsu_fused_fps_knn_controller.$proc$architecture_simulator/rtl/vertical_slice/gtsu_fused_fps_knn_controller.sv:104$1132'.
No latch inferred for signal `\gtsu_fused_fps_knn_controller.$func$\distance_greater$architecture_simulator/rtl/vertical_slice/gtsu_fused_fps_knn_controller.sv:123$977$\right' from process `\gtsu_fused_fps_knn_controller.$proc$architecture_simulator/rtl/vertical_slice/gtsu_fused_fps_knn_controller.sv:104$1132'.
No latch inferred for signal `\gtsu_fused_fps_knn_controller.$func$\fps_tie_better$architecture_simulator/rtl/vertical_slice/gtsu_fused_fps_knn_controller.sv:125$978$\fps_tie_better' from process `\gtsu_fused_fps_knn_controller.$proc$architecture_simulator/rtl/vertical_slice/gtsu_fused_fps_knn_controller.sv:104$1132'.
No latch inferred for signal `\gtsu_fused_fps_knn_controller.$func$\fps_tie_better$architecture_simulator/rtl/vertical_slice/gtsu_fused_fps_knn_controller.sv:125$978$\candidate' from process `\gtsu_fused_fps_knn_controller.$proc$architecture_simulator/rtl/vertical_slice/gtsu_fused_fps_knn_controller.sv:104$1132'.
No latch inferred for signal `\gtsu_fused_fps_knn_controller.$func$\fps_tie_better$architecture_simulator/rtl/vertical_slice/gtsu_fused_fps_knn_controller.sv:125$978$\current' from process `\gtsu_fused_fps_knn_controller.$proc$architecture_simulator/rtl/vertical_slice/gtsu_fused_fps_knn_controller.sv:104$1132'.
No latch inferred for signal `\gtsu_fused_fps_knn_controller.$func$\fps_tie_better$architecture_simulator/rtl/vertical_slice/gtsu_fused_fps_knn_controller.sv:125$978$\candidate_lane' from process `\gtsu_fused_fps_knn_controller.$proc$architecture_simulator/rtl/vertical_slice/gtsu_fused_fps_knn_controller.sv:104$1132'.
No latch inferred for signal `\gtsu_fused_fps_knn_controller.$func$\fps_tie_better$architecture_simulator/rtl/vertical_slice/gtsu_fused_fps_knn_controller.sv:125$978$\current_lane' from process `\gtsu_fused_fps_knn_controller.$proc$architecture_simulator/rtl/vertical_slice/gtsu_fused_fps_knn_controller.sv:104$1132'.
No latch inferred for signal `\gtsu_fused_fps_knn_controller.$func$\fps_tie_better$architecture_simulator/rtl/vertical_slice/gtsu_fused_fps_knn_controller.sv:125$978$\candidate_row' from process `\gtsu_fused_fps_knn_controller.$proc$architecture_simulator/rtl/vertical_slice/gtsu_fused_fps_knn_controller.sv:104$1132'.
No latch inferred for signal `\gtsu_fused_fps_knn_controller.$func$\fps_tie_better$architecture_simulator/rtl/vertical_slice/gtsu_fused_fps_knn_controller.sv:125$978$\current_row' from process `\gtsu_fused_fps_knn_controller.$proc$architecture_simulator/rtl/vertical_slice/gtsu_fused_fps_knn_controller.sv:104$1132'.
No latch inferred for signal `\gtsu_fused_fps_knn_controller.$func$\distance_key$architecture_simulator/rtl/vertical_slice/gtsu_fused_fps_knn_controller.sv:100$979$\distance_key' from process `\gtsu_fused_fps_knn_controller.$proc$architecture_simulator/rtl/vertical_slice/gtsu_fused_fps_knn_controller.sv:104$1132'.
No latch inferred for signal `\gtsu_fused_fps_knn_controller.$func$\distance_key$architecture_simulator/rtl/vertical_slice/gtsu_fused_fps_knn_controller.sv:100$979$\distance' from process `\gtsu_fused_fps_knn_controller.$proc$architecture_simulator/rtl/vertical_slice/gtsu_fused_fps_knn_controller.sv:104$1132'.
No latch inferred for signal `\gtsu_fused_fps_knn_controller.$func$\distance_key$architecture_simulator/rtl/vertical_slice/gtsu_fused_fps_knn_controller.sv:100$980$\distance_key' from process `\gtsu_fused_fps_knn_controller.$proc$architecture_simulator/rtl/vertical_slice/gtsu_fused_fps_knn_controller.sv:104$1132'.
No latch inferred for signal `\gtsu_fused_fps_knn_controller.$func$\distance_key$architecture_simulator/rtl/vertical_slice/gtsu_fused_fps_knn_controller.sv:100$980$\distance' from process `\gtsu_fused_fps_knn_controller.$proc$architecture_simulator/rtl/vertical_slice/gtsu_fused_fps_knn_controller.sv:104$1132'.
No latch inferred for signal `\gtsu_fused_fps_knn_controller.$func$\distance_less$architecture_simulator/rtl/vertical_slice/gtsu_fused_fps_knn_controller.sv:117$981$\distance_less' from process `\gtsu_fused_fps_knn_controller.$proc$architecture_simulator/rtl/vertical_slice/gtsu_fused_fps_knn_controller.sv:104$1132'.
No latch inferred for signal `\gtsu_fused_fps_knn_controller.$func$\distance_less$architecture_simulator/rtl/vertical_slice/gtsu_fused_fps_knn_controller.sv:117$981$\left' from process `\gtsu_fused_fps_knn_controller.$proc$architecture_simulator/rtl/vertical_slice/gtsu_fused_fps_knn_controller.sv:104$1132'.
No latch inferred for signal `\gtsu_fused_fps_knn_controller.$func$\distance_less$architecture_simulator/rtl/vertical_slice/gtsu_fused_fps_knn_controller.sv:117$981$\right' from process `\gtsu_fused_fps_knn_controller.$proc$architecture_simulator/rtl/vertical_slice/gtsu_fused_fps_knn_controller.sv:104$1132'.
No latch inferred for signal `\gtsu_fused_fps_knn_controller.$func$\distance_key$architecture_simulator/rtl/vertical_slice/gtsu_fused_fps_knn_controller.sv:92$982$\distance_key' from process `\gtsu_fused_fps_knn_controller.$proc$architecture_simulator/rtl/vertical_slice/gtsu_fused_fps_knn_controller.sv:104$1132'.
No latch inferred for signal `\gtsu_fused_fps_knn_controller.$func$\distance_key$architecture_simulator/rtl/vertical_slice/gtsu_fused_fps_knn_controller.sv:92$982$\distance' from process `\gtsu_fused_fps_knn_controller.$proc$architecture_simulator/rtl/vertical_slice/gtsu_fused_fps_knn_controller.sv:104$1132'.
No latch inferred for signal `\gtsu_fused_fps_knn_controller.$func$\distance_key$architecture_simulator/rtl/vertical_slice/gtsu_fused_fps_knn_controller.sv:92$983$\distance_key' from process `\gtsu_fused_fps_knn_controller.$proc$architecture_simulator/rtl/vertical_slice/gtsu_fused_fps_knn_controller.sv:104$1132'.
No latch inferred for signal `\gtsu_fused_fps_knn_controller.$func$\distance_key$architecture_simulator/rtl/vertical_slice/gtsu_fused_fps_knn_controller.sv:92$983$\distance' from process `\gtsu_fused_fps_knn_controller.$proc$architecture_simulator/rtl/vertical_slice/gtsu_fused_fps_knn_controller.sv:104$1132'.
No latch inferred for signal `\gtsu_fused_fps_knn_controller.$func$\distance_greater$architecture_simulator/rtl/vertical_slice/gtsu_fused_fps_knn_controller.sv:123$984$\distance_greater' from process `\gtsu_fused_fps_knn_controller.$proc$architecture_simulator/rtl/vertical_slice/gtsu_fused_fps_knn_controller.sv:104$1132'.
No latch inferred for signal `\gtsu_fused_fps_knn_controller.$func$\distance_greater$architecture_simulator/rtl/vertical_slice/gtsu_fused_fps_knn_controller.sv:123$984$\left' from process `\gtsu_fused_fps_knn_controller.$proc$architecture_simulator/rtl/vertical_slice/gtsu_fused_fps_knn_controller.sv:104$1132'.
No latch inferred for signal `\gtsu_fused_fps_knn_controller.$func$\distance_greater$architecture_simulator/rtl/vertical_slice/gtsu_fused_fps_knn_controller.sv:123$984$\right' from process `\gtsu_fused_fps_knn_controller.$proc$architecture_simulator/rtl/vertical_slice/gtsu_fused_fps_knn_controller.sv:104$1132'.
No latch inferred for signal `\gtsu_fused_fps_knn_controller.$func$\fps_tie_better$architecture_simulator/rtl/vertical_slice/gtsu_fused_fps_knn_controller.sv:125$985$\fps_tie_better' from process `\gtsu_fused_fps_knn_controller.$proc$architecture_simulator/rtl/vertical_slice/gtsu_fused_fps_knn_controller.sv:104$1132'.
No latch inferred for signal `\gtsu_fused_fps_knn_controller.$func$\fps_tie_better$architecture_simulator/rtl/vertical_slice/gtsu_fused_fps_knn_controller.sv:125$985$\candidate' from process `\gtsu_fused_fps_knn_controller.$proc$architecture_simulator/rtl/vertical_slice/gtsu_fused_fps_knn_controller.sv:104$1132'.
No latch inferred for signal `\gtsu_fused_fps_knn_controller.$func$\fps_tie_better$architecture_simulator/rtl/vertical_slice/gtsu_fused_fps_knn_controller.sv:125$985$\current' from process `\gtsu_fused_fps_knn_controller.$proc$architecture_simulator/rtl/vertical_slice/gtsu_fused_fps_knn_controller.sv:104$1132'.
No latch inferred for signal `\gtsu_fused_fps_knn_controller.$func$\fps_tie_better$architecture_simulator/rtl/vertical_slice/gtsu_fused_fps_knn_controller.sv:125$985$\candidate_lane' from process `\gtsu_fused_fps_knn_controller.$proc$architecture_simulator/rtl/vertical_slice/gtsu_fused_fps_knn_controller.sv:104$1132'.
No latch inferred for signal `\gtsu_fused_fps_knn_controller.$func$\fps_tie_better$architecture_simulator/rtl/vertical_slice/gtsu_fused_fps_knn_controller.sv:125$985$\current_lane' from process `\gtsu_fused_fps_knn_controller.$proc$architecture_simulator/rtl/vertical_slice/gtsu_fused_fps_knn_controller.sv:104$1132'.
No latch inferred for signal `\gtsu_fused_fps_knn_controller.$func$\fps_tie_better$architecture_simulator/rtl/vertical_slice/gtsu_fused_fps_knn_controller.sv:125$985$\candidate_row' from process `\gtsu_fused_fps_knn_controller.$proc$architecture_simulator/rtl/vertical_slice/gtsu_fused_fps_knn_controller.sv:104$1132'.
No latch inferred for signal `\gtsu_fused_fps_knn_controller.$func$\fps_tie_better$architecture_simulator/rtl/vertical_slice/gtsu_fused_fps_knn_controller.sv:125$985$\current_row' from process `\gtsu_fused_fps_knn_controller.$proc$architecture_simulator/rtl/vertical_slice/gtsu_fused_fps_knn_controller.sv:104$1132'.
No latch inferred for signal `\gtsu_fused_fps_knn_controller.$func$\distance_key$architecture_simulator/rtl/vertical_slice/gtsu_fused_fps_knn_controller.sv:100$986$\distance_key' from process `\gtsu_fused_fps_knn_controller.$proc$architecture_simulator/rtl/vertical_slice/gtsu_fused_fps_knn_controller.sv:104$1132'.
No latch inferred for signal `\gtsu_fused_fps_knn_controller.$func$\distance_key$architecture_simulator/rtl/vertical_slice/gtsu_fused_fps_knn_controller.sv:100$986$\distance' from process `\gtsu_fused_fps_knn_controller.$proc$architecture_simulator/rtl/vertical_slice/gtsu_fused_fps_knn_controller.sv:104$1132'.
No latch inferred for signal `\gtsu_fused_fps_knn_controller.$func$\distance_key$architecture_simulator/rtl/vertical_slice/gtsu_fused_fps_knn_controller.sv:100$987$\distance_key' from process `\gtsu_fused_fps_knn_controller.$proc$architecture_simulator/rtl/vertical_slice/gtsu_fused_fps_knn_controller.sv:104$1132'.
No latch inferred for signal `\gtsu_fused_fps_knn_controller.$func$\distance_key$architecture_simulator/rtl/vertical_slice/gtsu_fused_fps_knn_controller.sv:100$987$\distance' from process `\gtsu_fused_fps_knn_controller.$proc$architecture_simulator/rtl/vertical_slice/gtsu_fused_fps_knn_controller.sv:104$1132'.
No latch inferred for signal `\gtsu_fused_fps_knn_controller.$func$\distance_greater$architecture_simulator/rtl/vertical_slice/gtsu_fused_fps_knn_controller.sv:144$995$\distance_greater' from process `\gtsu_fused_fps_knn_controller.$proc$architecture_simulator/rtl/vertical_slice/gtsu_fused_fps_knn_controller.sv:104$1132'.
No latch inferred for signal `\gtsu_fused_fps_knn_controller.$func$\distance_greater$architecture_simulator/rtl/vertical_slice/gtsu_fused_fps_knn_controller.sv:144$995$\left' from process `\gtsu_fused_fps_knn_controller.$proc$architecture_simulator/rtl/vertical_slice/gtsu_fused_fps_knn_controller.sv:104$1132'.
No latch inferred for signal `\gtsu_fused_fps_knn_controller.$func$\distance_greater$architecture_simulator/rtl/vertical_slice/gtsu_fused_fps_knn_controller.sv:144$995$\right' from process `\gtsu_fused_fps_knn_controller.$proc$architecture_simulator/rtl/vertical_slice/gtsu_fused_fps_knn_controller.sv:104$1132'.
No latch inferred for signal `\gtsu_fused_fps_knn_controller.$func$\distance_key$architecture_simulator/rtl/vertical_slice/gtsu_fused_fps_knn_controller.sv:100$996$\distance_key' from process `\gtsu_fused_fps_knn_controller.$proc$architecture_simulator/rtl/vertical_slice/gtsu_fused_fps_knn_controller.sv:104$1132'.
No latch inferred for signal `\gtsu_fused_fps_knn_controller.$func$\distance_key$architecture_simulator/rtl/vertical_slice/gtsu_fused_fps_knn_controller.sv:100$996$\distance' from process `\gtsu_fused_fps_knn_controller.$proc$architecture_simulator/rtl/vertical_slice/gtsu_fused_fps_knn_controller.sv:104$1132'.
No latch inferred for signal `\gtsu_fused_fps_knn_controller.$func$\distance_key$architecture_simulator/rtl/vertical_slice/gtsu_fused_fps_knn_controller.sv:100$997$\distance_key' from process `\gtsu_fused_fps_knn_controller.$proc$architecture_simulator/rtl/vertical_slice/gtsu_fused_fps_knn_controller.sv:104$1132'.
No latch inferred for signal `\gtsu_fused_fps_knn_controller.$func$\distance_key$architecture_simulator/rtl/vertical_slice/gtsu_fused_fps_knn_controller.sv:100$997$\distance' from process `\gtsu_fused_fps_knn_controller.$proc$architecture_simulator/rtl/vertical_slice/gtsu_fused_fps_knn_controller.sv:104$1132'.
No latch inferred for signal `\gtsu_fused_fps_knn_controller.$func$\distance_greater$architecture_simulator/rtl/vertical_slice/gtsu_fused_fps_knn_controller.sv:144$998$\distance_greater' from process `\gtsu_fused_fps_knn_controller.$proc$architecture_simulator/rtl/vertical_slice/gtsu_fused_fps_knn_controller.sv:104$1132'.
No latch inferred for signal `\gtsu_fused_fps_knn_controller.$func$\distance_greater$architecture_simulator/rtl/vertical_slice/gtsu_fused_fps_knn_controller.sv:144$998$\left' from process `\gtsu_fused_fps_knn_controller.$proc$architecture_simulator/rtl/vertical_slice/gtsu_fused_fps_knn_controller.sv:104$1132'.
No latch inferred for signal `\gtsu_fused_fps_knn_controller.$func$\distance_greater$architecture_simulator/rtl/vertical_slice/gtsu_fused_fps_knn_controller.sv:144$998$\right' from process `\gtsu_fused_fps_knn_controller.$proc$architecture_simulator/rtl/vertical_slice/gtsu_fused_fps_knn_controller.sv:104$1132'.
No latch inferred for signal `\gtsu_fused_fps_knn_controller.$func$\distance_key$architecture_simulator/rtl/vertical_slice/gtsu_fused_fps_knn_controller.sv:100$999$\distance_key' from process `\gtsu_fused_fps_knn_controller.$proc$architecture_simulator/rtl/vertical_slice/gtsu_fused_fps_knn_controller.sv:104$1132'.
No latch inferred for signal `\gtsu_fused_fps_knn_controller.$func$\distance_key$architecture_simulator/rtl/vertical_slice/gtsu_fused_fps_knn_controller.sv:100$999$\distance' from process `\gtsu_fused_fps_knn_controller.$proc$architecture_simulator/rtl/vertical_slice/gtsu_fused_fps_knn_controller.sv:104$1132'.
No latch inferred for signal `\gtsu_fused_fps_knn_controller.$func$\distance_key$architecture_simulator/rtl/vertical_slice/gtsu_fused_fps_knn_controller.sv:100$1000$\distance_key' from process `\gtsu_fused_fps_knn_controller.$proc$architecture_simulator/rtl/vertical_slice/gtsu_fused_fps_knn_controller.sv:104$1132'.
No latch inferred for signal `\gtsu_fused_fps_knn_controller.$func$\distance_key$architecture_simulator/rtl/vertical_slice/gtsu_fused_fps_knn_controller.sv:100$1000$\distance' from process `\gtsu_fused_fps_knn_controller.$proc$architecture_simulator/rtl/vertical_slice/gtsu_fused_fps_knn_controller.sv:104$1132'.
No latch inferred for signal `\gtsu_fused_fps_knn_controller.$func$\distance_greater$architecture_simulator/rtl/vertical_slice/gtsu_fused_fps_knn_controller.sv:144$1001$\distance_greater' from process `\gtsu_fused_fps_knn_controller.$proc$architecture_simulator/rtl/vertical_slice/gtsu_fused_fps_knn_controller.sv:104$1132'.
No latch inferred for signal `\gtsu_fused_fps_knn_controller.$func$\distance_greater$architecture_simulator/rtl/vertical_slice/gtsu_fused_fps_knn_controller.sv:144$1001$\left' from process `\gtsu_fused_fps_knn_controller.$proc$architecture_simulator/rtl/vertical_slice/gtsu_fused_fps_knn_controller.sv:104$1132'.
No latch inferred for signal `\gtsu_fused_fps_knn_controller.$func$\distance_greater$architecture_simulator/rtl/vertical_slice/gtsu_fused_fps_knn_controller.sv:144$1001$\right' from process `\gtsu_fused_fps_knn_controller.$proc$architecture_simulator/rtl/vertical_slice/gtsu_fused_fps_knn_controller.sv:104$1132'.
No latch inferred for signal `\gtsu_fused_fps_knn_controller.$func$\distance_key$architecture_simulator/rtl/vertical_slice/gtsu_fused_fps_knn_controller.sv:100$1002$\distance_key' from process `\gtsu_fused_fps_knn_controller.$proc$architecture_simulator/rtl/vertical_slice/gtsu_fused_fps_knn_controller.sv:104$1132'.
No latch inferred for signal `\gtsu_fused_fps_knn_controller.$func$\distance_key$architecture_simulator/rtl/vertical_slice/gtsu_fused_fps_knn_controller.sv:100$1002$\distance' from process `\gtsu_fused_fps_knn_controller.$proc$architecture_simulator/rtl/vertical_slice/gtsu_fused_fps_knn_controller.sv:104$1132'.
No latch inferred for signal `\gtsu_fused_fps_knn_controller.$func$\distance_key$architecture_simulator/rtl/vertical_slice/gtsu_fused_fps_knn_controller.sv:100$1003$\distance_key' from process `\gtsu_fused_fps_knn_controller.$proc$architecture_simulator/rtl/vertical_slice/gtsu_fused_fps_knn_controller.sv:104$1132'.
No latch inferred for signal `\gtsu_fused_fps_knn_controller.$func$\distance_key$architecture_simulator/rtl/vertical_slice/gtsu_fused_fps_knn_controller.sv:100$1003$\distance' from process `\gtsu_fused_fps_knn_controller.$proc$architecture_simulator/rtl/vertical_slice/gtsu_fused_fps_knn_controller.sv:104$1132'.
No latch inferred for signal `\gtsu_fused_fps_knn_controller.$func$\distance_greater$architecture_simulator/rtl/vertical_slice/gtsu_fused_fps_knn_controller.sv:144$1007$\distance_greater' from process `\gtsu_fused_fps_knn_controller.$proc$architecture_simulator/rtl/vertical_slice/gtsu_fused_fps_knn_controller.sv:104$1132'.
No latch inferred for signal `\gtsu_fused_fps_knn_controller.$func$\distance_greater$architecture_simulator/rtl/vertical_slice/gtsu_fused_fps_knn_controller.sv:144$1007$\left' from process `\gtsu_fused_fps_knn_controller.$proc$architecture_simulator/rtl/vertical_slice/gtsu_fused_fps_knn_controller.sv:104$1132'.
No latch inferred for signal `\gtsu_fused_fps_knn_controller.$func$\distance_greater$architecture_simulator/rtl/vertical_slice/gtsu_fused_fps_knn_controller.sv:144$1007$\right' from process `\gtsu_fused_fps_knn_controller.$proc$architecture_simulator/rtl/vertical_slice/gtsu_fused_fps_knn_controller.sv:104$1132'.
No latch inferred for signal `\gtsu_fused_fps_knn_controller.$func$\distance_key$architecture_simulator/rtl/vertical_slice/gtsu_fused_fps_knn_controller.sv:100$1008$\distance_key' from process `\gtsu_fused_fps_knn_controller.$proc$architecture_simulator/rtl/vertical_slice/gtsu_fused_fps_knn_controller.sv:104$1132'.
No latch inferred for signal `\gtsu_fused_fps_knn_controller.$func$\distance_key$architecture_simulator/rtl/vertical_slice/gtsu_fused_fps_knn_controller.sv:100$1008$\distance' from process `\gtsu_fused_fps_knn_controller.$proc$architecture_simulator/rtl/vertical_slice/gtsu_fused_fps_knn_controller.sv:104$1132'.
No latch inferred for signal `\gtsu_fused_fps_knn_controller.$func$\distance_key$architecture_simulator/rtl/vertical_slice/gtsu_fused_fps_knn_controller.sv:100$1009$\distance_key' from process `\gtsu_fused_fps_knn_controller.$proc$architecture_simulator/rtl/vertical_slice/gtsu_fused_fps_knn_controller.sv:104$1132'.
No latch inferred for signal `\gtsu_fused_fps_knn_controller.$func$\distance_key$architecture_simulator/rtl/vertical_slice/gtsu_fused_fps_knn_controller.sv:100$1009$\distance' from process `\gtsu_fused_fps_knn_controller.$proc$architecture_simulator/rtl/vertical_slice/gtsu_fused_fps_knn_controller.sv:104$1132'.
No latch inferred for signal `\gtsu_fused_fps_knn_controller.$func$\distance_greater$architecture_simulator/rtl/vertical_slice/gtsu_fused_fps_knn_controller.sv:144$1010$\distance_greater' from process `\gtsu_fused_fps_knn_controller.$proc$architecture_simulator/rtl/vertical_slice/gtsu_fused_fps_knn_controller.sv:104$1132'.
No latch inferred for signal `\gtsu_fused_fps_knn_controller.$func$\distance_greater$architecture_simulator/rtl/vertical_slice/gtsu_fused_fps_knn_controller.sv:144$1010$\left' from process `\gtsu_fused_fps_knn_controller.$proc$architecture_simulator/rtl/vertical_slice/gtsu_fused_fps_knn_controller.sv:104$1132'.
No latch inferred for signal `\gtsu_fused_fps_knn_controller.$func$\distance_greater$architecture_simulator/rtl/vertical_slice/gtsu_fused_fps_knn_controller.sv:144$1010$\right' from process `\gtsu_fused_fps_knn_controller.$proc$architecture_simulator/rtl/vertical_slice/gtsu_fused_fps_knn_controller.sv:104$1132'.
No latch inferred for signal `\gtsu_fused_fps_knn_controller.$func$\distance_key$architecture_simulator/rtl/vertical_slice/gtsu_fused_fps_knn_controller.sv:100$1011$\distance_key' from process `\gtsu_fused_fps_knn_controller.$proc$architecture_simulator/rtl/vertical_slice/gtsu_fused_fps_knn_controller.sv:104$1132'.
No latch inferred for signal `\gtsu_fused_fps_knn_controller.$func$\distance_key$architecture_simulator/rtl/vertical_slice/gtsu_fused_fps_knn_controller.sv:100$1011$\distance' from process `\gtsu_fused_fps_knn_controller.$proc$architecture_simulator/rtl/vertical_slice/gtsu_fused_fps_knn_controller.sv:104$1132'.
No latch inferred for signal `\gtsu_fused_fps_knn_controller.$func$\distance_key$architecture_simulator/rtl/vertical_slice/gtsu_fused_fps_knn_controller.sv:100$1012$\distance_key' from process `\gtsu_fused_fps_knn_controller.$proc$architecture_simulator/rtl/vertical_slice/gtsu_fused_fps_knn_controller.sv:104$1132'.
No latch inferred for signal `\gtsu_fused_fps_knn_controller.$func$\distance_key$architecture_simulator/rtl/vertical_slice/gtsu_fused_fps_knn_controller.sv:100$1012$\distance' from process `\gtsu_fused_fps_knn_controller.$proc$architecture_simulator/rtl/vertical_slice/gtsu_fused_fps_knn_controller.sv:104$1132'.
No latch inferred for signal `\gtsu_fused_fps_knn_controller.$func$\distance_greater$architecture_simulator/rtl/vertical_slice/gtsu_fused_fps_knn_controller.sv:144$1013$\distance_greater' from process `\gtsu_fused_fps_knn_controller.$proc$architecture_simulator/rtl/vertical_slice/gtsu_fused_fps_knn_controller.sv:104$1132'.
No latch inferred for signal `\gtsu_fused_fps_knn_controller.$func$\distance_greater$architecture_simulator/rtl/vertical_slice/gtsu_fused_fps_knn_controller.sv:144$1013$\left' from process `\gtsu_fused_fps_knn_controller.$proc$architecture_simulator/rtl/vertical_slice/gtsu_fused_fps_knn_controller.sv:104$1132'.
No latch inferred for signal `\gtsu_fused_fps_knn_controller.$func$\distance_greater$architecture_simulator/rtl/vertical_slice/gtsu_fused_fps_knn_controller.sv:144$1013$\right' from process `\gtsu_fused_fps_knn_controller.$proc$architecture_simulator/rtl/vertical_slice/gtsu_fused_fps_knn_controller.sv:104$1132'.
No latch inferred for signal `\gtsu_fused_fps_knn_controller.$func$\distance_key$architecture_simulator/rtl/vertical_slice/gtsu_fused_fps_knn_controller.sv:100$1014$\distance_key' from process `\gtsu_fused_fps_knn_controller.$proc$architecture_simulator/rtl/vertical_slice/gtsu_fused_fps_knn_controller.sv:104$1132'.
No latch inferred for signal `\gtsu_fused_fps_knn_controller.$func$\distance_key$architecture_simulator/rtl/vertical_slice/gtsu_fused_fps_knn_controller.sv:100$1014$\distance' from process `\gtsu_fused_fps_knn_controller.$proc$architecture_simulator/rtl/vertical_slice/gtsu_fused_fps_knn_controller.sv:104$1132'.
No latch inferred for signal `\gtsu_fused_fps_knn_controller.$func$\distance_key$architecture_simulator/rtl/vertical_slice/gtsu_fused_fps_knn_controller.sv:100$1015$\distance_key' from process `\gtsu_fused_fps_knn_controller.$proc$architecture_simulator/rtl/vertical_slice/gtsu_fused_fps_knn_controller.sv:104$1132'.
No latch inferred for signal `\gtsu_fused_fps_knn_controller.$func$\distance_key$architecture_simulator/rtl/vertical_slice/gtsu_fused_fps_knn_controller.sv:100$1015$\distance' from process `\gtsu_fused_fps_knn_controller.$proc$architecture_simulator/rtl/vertical_slice/gtsu_fused_fps_knn_controller.sv:104$1132'.
No latch inferred for signal `\gtsu_fused_fps_knn_controller.$func$\distance_greater$architecture_simulator/rtl/vertical_slice/gtsu_fused_fps_knn_controller.sv:144$1019$\distance_greater' from process `\gtsu_fused_fps_knn_controller.$proc$architecture_simulator/rtl/vertical_slice/gtsu_fused_fps_knn_controller.sv:104$1132'.
No latch inferred for signal `\gtsu_fused_fps_knn_controller.$func$\distance_greater$architecture_simulator/rtl/vertical_slice/gtsu_fused_fps_knn_controller.sv:144$1019$\left' from process `\gtsu_fused_fps_knn_controller.$proc$architecture_simulator/rtl/vertical_slice/gtsu_fused_fps_knn_controller.sv:104$1132'.
No latch inferred for signal `\gtsu_fused_fps_knn_controller.$func$\distance_greater$architecture_simulator/rtl/vertical_slice/gtsu_fused_fps_knn_controller.sv:144$1019$\right' from process `\gtsu_fused_fps_knn_controller.$proc$architecture_simulator/rtl/vertical_slice/gtsu_fused_fps_knn_controller.sv:104$1132'.
No latch inferred for signal `\gtsu_fused_fps_knn_controller.$func$\distance_key$architecture_simulator/rtl/vertical_slice/gtsu_fused_fps_knn_controller.sv:100$1020$\distance_key' from process `\gtsu_fused_fps_knn_controller.$proc$architecture_simulator/rtl/vertical_slice/gtsu_fused_fps_knn_controller.sv:104$1132'.
No latch inferred for signal `\gtsu_fused_fps_knn_controller.$func$\distance_key$architecture_simulator/rtl/vertical_slice/gtsu_fused_fps_knn_controller.sv:100$1020$\distance' from process `\gtsu_fused_fps_knn_controller.$proc$architecture_simulator/rtl/vertical_slice/gtsu_fused_fps_knn_controller.sv:104$1132'.
No latch inferred for signal `\gtsu_fused_fps_knn_controller.$func$\distance_key$architecture_simulator/rtl/vertical_slice/gtsu_fused_fps_knn_controller.sv:100$1021$\distance_key' from process `\gtsu_fused_fps_knn_controller.$proc$architecture_simulator/rtl/vertical_slice/gtsu_fused_fps_knn_controller.sv:104$1132'.
No latch inferred for signal `\gtsu_fused_fps_knn_controller.$func$\distance_key$architecture_simulator/rtl/vertical_slice/gtsu_fused_fps_knn_controller.sv:100$1021$\distance' from process `\gtsu_fused_fps_knn_controller.$proc$architecture_simulator/rtl/vertical_slice/gtsu_fused_fps_knn_controller.sv:104$1132'.
No latch inferred for signal `\gtsu_fused_fps_knn_controller.$func$\distance_greater$architecture_simulator/rtl/vertical_slice/gtsu_fused_fps_knn_controller.sv:144$1022$\distance_greater' from process `\gtsu_fused_fps_knn_controller.$proc$architecture_simulator/rtl/vertical_slice/gtsu_fused_fps_knn_controller.sv:104$1132'.
No latch inferred for signal `\gtsu_fused_fps_knn_controller.$func$\distance_greater$architecture_simulator/rtl/vertical_slice/gtsu_fused_fps_knn_controller.sv:144$1022$\left' from process `\gtsu_fused_fps_knn_controller.$proc$architecture_simulator/rtl/vertical_slice/gtsu_fused_fps_knn_controller.sv:104$1132'.
No latch inferred for signal `\gtsu_fused_fps_knn_controller.$func$\distance_greater$architecture_simulator/rtl/vertical_slice/gtsu_fused_fps_knn_controller.sv:144$1022$\right' from process `\gtsu_fused_fps_knn_controller.$proc$architecture_simulator/rtl/vertical_slice/gtsu_fused_fps_knn_controller.sv:104$1132'.
No latch inferred for signal `\gtsu_fused_fps_knn_controller.$func$\distance_key$architecture_simulator/rtl/vertical_slice/gtsu_fused_fps_knn_controller.sv:100$1023$\distance_key' from process `\gtsu_fused_fps_knn_controller.$proc$architecture_simulator/rtl/vertical_slice/gtsu_fused_fps_knn_controller.sv:104$1132'.
No latch inferred for signal `\gtsu_fused_fps_knn_controller.$func$\distance_key$architecture_simulator/rtl/vertical_slice/gtsu_fused_fps_knn_controller.sv:100$1023$\distance' from process `\gtsu_fused_fps_knn_controller.$proc$architecture_simulator/rtl/vertical_slice/gtsu_fused_fps_knn_controller.sv:104$1132'.
No latch inferred for signal `\gtsu_fused_fps_knn_controller.$func$\distance_key$architecture_simulator/rtl/vertical_slice/gtsu_fused_fps_knn_controller.sv:100$1024$\distance_key' from process `\gtsu_fused_fps_knn_controller.$proc$architecture_simulator/rtl/vertical_slice/gtsu_fused_fps_knn_controller.sv:104$1132'.
No latch inferred for signal `\gtsu_fused_fps_knn_controller.$func$\distance_key$architecture_simulator/rtl/vertical_slice/gtsu_fused_fps_knn_controller.sv:100$1024$\distance' from process `\gtsu_fused_fps_knn_controller.$proc$architecture_simulator/rtl/vertical_slice/gtsu_fused_fps_knn_controller.sv:104$1132'.
No latch inferred for signal `\gtsu_fused_fps_knn_controller.$func$\distance_greater$architecture_simulator/rtl/vertical_slice/gtsu_fused_fps_knn_controller.sv:144$1025$\distance_greater' from process `\gtsu_fused_fps_knn_controller.$proc$architecture_simulator/rtl/vertical_slice/gtsu_fused_fps_knn_controller.sv:104$1132'.
No latch inferred for signal `\gtsu_fused_fps_knn_controller.$func$\distance_greater$architecture_simulator/rtl/vertical_slice/gtsu_fused_fps_knn_controller.sv:144$1025$\left' from process `\gtsu_fused_fps_knn_controller.$proc$architecture_simulator/rtl/vertical_slice/gtsu_fused_fps_knn_controller.sv:104$1132'.
No latch inferred for signal `\gtsu_fused_fps_knn_controller.$func$\distance_greater$architecture_simulator/rtl/vertical_slice/gtsu_fused_fps_knn_controller.sv:144$1025$\right' from process `\gtsu_fused_fps_knn_controller.$proc$architecture_simulator/rtl/vertical_slice/gtsu_fused_fps_knn_controller.sv:104$1132'.
No latch inferred for signal `\gtsu_fused_fps_knn_controller.$func$\distance_key$architecture_simulator/rtl/vertical_slice/gtsu_fused_fps_knn_controller.sv:100$1026$\distance_key' from process `\gtsu_fused_fps_knn_controller.$proc$architecture_simulator/rtl/vertical_slice/gtsu_fused_fps_knn_controller.sv:104$1132'.
No latch inferred for signal `\gtsu_fused_fps_knn_controller.$func$\distance_key$architecture_simulator/rtl/vertical_slice/gtsu_fused_fps_knn_controller.sv:100$1026$\distance' from process `\gtsu_fused_fps_knn_controller.$proc$architecture_simulator/rtl/vertical_slice/gtsu_fused_fps_knn_controller.sv:104$1132'.
No latch inferred for signal `\gtsu_fused_fps_knn_controller.$func$\distance_key$architecture_simulator/rtl/vertical_slice/gtsu_fused_fps_knn_controller.sv:100$1027$\distance_key' from process `\gtsu_fused_fps_knn_controller.$proc$architecture_simulator/rtl/vertical_slice/gtsu_fused_fps_knn_controller.sv:104$1132'.
No latch inferred for signal `\gtsu_fused_fps_knn_controller.$func$\distance_key$architecture_simulator/rtl/vertical_slice/gtsu_fused_fps_knn_controller.sv:100$1027$\distance' from process `\gtsu_fused_fps_knn_controller.$proc$architecture_simulator/rtl/vertical_slice/gtsu_fused_fps_knn_controller.sv:104$1132'.
No latch inferred for signal `\gtsu_fused_fps_knn_controller.$func$\distance_greater$architecture_simulator/rtl/vertical_slice/gtsu_fused_fps_knn_controller.sv:144$1031$\distance_greater' from process `\gtsu_fused_fps_knn_controller.$proc$architecture_simulator/rtl/vertical_slice/gtsu_fused_fps_knn_controller.sv:104$1132'.
No latch inferred for signal `\gtsu_fused_fps_knn_controller.$func$\distance_greater$architecture_simulator/rtl/vertical_slice/gtsu_fused_fps_knn_controller.sv:144$1031$\left' from process `\gtsu_fused_fps_knn_controller.$proc$architecture_simulator/rtl/vertical_slice/gtsu_fused_fps_knn_controller.sv:104$1132'.
No latch inferred for signal `\gtsu_fused_fps_knn_controller.$func$\distance_greater$architecture_simulator/rtl/vertical_slice/gtsu_fused_fps_knn_controller.sv:144$1031$\right' from process `\gtsu_fused_fps_knn_controller.$proc$architecture_simulator/rtl/vertical_slice/gtsu_fused_fps_knn_controller.sv:104$1132'.
No latch inferred for signal `\gtsu_fused_fps_knn_controller.$func$\distance_key$architecture_simulator/rtl/vertical_slice/gtsu_fused_fps_knn_controller.sv:100$1032$\distance_key' from process `\gtsu_fused_fps_knn_controller.$proc$architecture_simulator/rtl/vertical_slice/gtsu_fused_fps_knn_controller.sv:104$1132'.
No latch inferred for signal `\gtsu_fused_fps_knn_controller.$func$\distance_key$architecture_simulator/rtl/vertical_slice/gtsu_fused_fps_knn_controller.sv:100$1032$\distance' from process `\gtsu_fused_fps_knn_controller.$proc$architecture_simulator/rtl/vertical_slice/gtsu_fused_fps_knn_controller.sv:104$1132'.
No latch inferred for signal `\gtsu_fused_fps_knn_controller.$func$\distance_key$architecture_simulator/rtl/vertical_slice/gtsu_fused_fps_knn_controller.sv:100$1033$\distance_key' from process `\gtsu_fused_fps_knn_controller.$proc$architecture_simulator/rtl/vertical_slice/gtsu_fused_fps_knn_controller.sv:104$1132'.
No latch inferred for signal `\gtsu_fused_fps_knn_controller.$func$\distance_key$architecture_simulator/rtl/vertical_slice/gtsu_fused_fps_knn_controller.sv:100$1033$\distance' from process `\gtsu_fused_fps_knn_controller.$proc$architecture_simulator/rtl/vertical_slice/gtsu_fused_fps_knn_controller.sv:104$1132'.
No latch inferred for signal `\gtsu_fused_fps_knn_controller.$func$\distance_greater$architecture_simulator/rtl/vertical_slice/gtsu_fused_fps_knn_controller.sv:144$1034$\distance_greater' from process `\gtsu_fused_fps_knn_controller.$proc$architecture_simulator/rtl/vertical_slice/gtsu_fused_fps_knn_controller.sv:104$1132'.
No latch inferred for signal `\gtsu_fused_fps_knn_controller.$func$\distance_greater$architecture_simulator/rtl/vertical_slice/gtsu_fused_fps_knn_controller.sv:144$1034$\left' from process `\gtsu_fused_fps_knn_controller.$proc$architecture_simulator/rtl/vertical_slice/gtsu_fused_fps_knn_controller.sv:104$1132'.
No latch inferred for signal `\gtsu_fused_fps_knn_controller.$func$\distance_greater$architecture_simulator/rtl/vertical_slice/gtsu_fused_fps_knn_controller.sv:144$1034$\right' from process `\gtsu_fused_fps_knn_controller.$proc$architecture_simulator/rtl/vertical_slice/gtsu_fused_fps_knn_controller.sv:104$1132'.
No latch inferred for signal `\gtsu_fused_fps_knn_controller.$func$\distance_key$architecture_simulator/rtl/vertical_slice/gtsu_fused_fps_knn_controller.sv:100$1035$\distance_key' from process `\gtsu_fused_fps_knn_controller.$proc$architecture_simulator/rtl/vertical_slice/gtsu_fused_fps_knn_controller.sv:104$1132'.
No latch inferred for signal `\gtsu_fused_fps_knn_controller.$func$\distance_key$architecture_simulator/rtl/vertical_slice/gtsu_fused_fps_knn_controller.sv:100$1035$\distance' from process `\gtsu_fused_fps_knn_controller.$proc$architecture_simulator/rtl/vertical_slice/gtsu_fused_fps_knn_controller.sv:104$1132'.
No latch inferred for signal `\gtsu_fused_fps_knn_controller.$func$\distance_key$architecture_simulator/rtl/vertical_slice/gtsu_fused_fps_knn_controller.sv:100$1036$\distance_key' from process `\gtsu_fused_fps_knn_controller.$proc$architecture_simulator/rtl/vertical_slice/gtsu_fused_fps_knn_controller.sv:104$1132'.
No latch inferred for signal `\gtsu_fused_fps_knn_controller.$func$\distance_key$architecture_simulator/rtl/vertical_slice/gtsu_fused_fps_knn_controller.sv:100$1036$\distance' from process `\gtsu_fused_fps_knn_controller.$proc$architecture_simulator/rtl/vertical_slice/gtsu_fused_fps_knn_controller.sv:104$1132'.
No latch inferred for signal `\gtsu_fused_fps_knn_controller.$func$\distance_greater$architecture_simulator/rtl/vertical_slice/gtsu_fused_fps_knn_controller.sv:144$1037$\distance_greater' from process `\gtsu_fused_fps_knn_controller.$proc$architecture_simulator/rtl/vertical_slice/gtsu_fused_fps_knn_controller.sv:104$1132'.
No latch inferred for signal `\gtsu_fused_fps_knn_controller.$func$\distance_greater$architecture_simulator/rtl/vertical_slice/gtsu_fused_fps_knn_controller.sv:144$1037$\left' from process `\gtsu_fused_fps_knn_controller.$proc$architecture_simulator/rtl/vertical_slice/gtsu_fused_fps_knn_controller.sv:104$1132'.
No latch inferred for signal `\gtsu_fused_fps_knn_controller.$func$\distance_greater$architecture_simulator/rtl/vertical_slice/gtsu_fused_fps_knn_controller.sv:144$1037$\right' from process `\gtsu_fused_fps_knn_controller.$proc$architecture_simulator/rtl/vertical_slice/gtsu_fused_fps_knn_controller.sv:104$1132'.
No latch inferred for signal `\gtsu_fused_fps_knn_controller.$func$\distance_key$architecture_simulator/rtl/vertical_slice/gtsu_fused_fps_knn_controller.sv:100$1038$\distance_key' from process `\gtsu_fused_fps_knn_controller.$proc$architecture_simulator/rtl/vertical_slice/gtsu_fused_fps_knn_controller.sv:104$1132'.
No latch inferred for signal `\gtsu_fused_fps_knn_controller.$func$\distance_key$architecture_simulator/rtl/vertical_slice/gtsu_fused_fps_knn_controller.sv:100$1038$\distance' from process `\gtsu_fused_fps_knn_controller.$proc$architecture_simulator/rtl/vertical_slice/gtsu_fused_fps_knn_controller.sv:104$1132'.
No latch inferred for signal `\gtsu_fused_fps_knn_controller.$func$\distance_key$architecture_simulator/rtl/vertical_slice/gtsu_fused_fps_knn_controller.sv:100$1039$\distance_key' from process `\gtsu_fused_fps_knn_controller.$proc$architecture_simulator/rtl/vertical_slice/gtsu_fused_fps_knn_controller.sv:104$1132'.
No latch inferred for signal `\gtsu_fused_fps_knn_controller.$func$\distance_key$architecture_simulator/rtl/vertical_slice/gtsu_fused_fps_knn_controller.sv:100$1039$\distance' from process `\gtsu_fused_fps_knn_controller.$proc$architecture_simulator/rtl/vertical_slice/gtsu_fused_fps_knn_controller.sv:104$1132'.
No latch inferred for signal `\gtsu_fused_fps_knn_controller.$func$\distance_less$architecture_simulator/rtl/vertical_slice/gtsu_fused_fps_knn_controller.sv:159$1044$\distance_less' from process `\gtsu_fused_fps_knn_controller.$proc$architecture_simulator/rtl/vertical_slice/gtsu_fused_fps_knn_controller.sv:104$1132'.
No latch inferred for signal `\gtsu_fused_fps_knn_controller.$func$\distance_less$architecture_simulator/rtl/vertical_slice/gtsu_fused_fps_knn_controller.sv:159$1044$\left' from process `\gtsu_fused_fps_knn_controller.$proc$architecture_simulator/rtl/vertical_slice/gtsu_fused_fps_knn_controller.sv:104$1132'.
No latch inferred for signal `\gtsu_fused_fps_knn_controller.$func$\distance_less$architecture_simulator/rtl/vertical_slice/gtsu_fused_fps_knn_controller.sv:159$1044$\right' from process `\gtsu_fused_fps_knn_controller.$proc$architecture_simulator/rtl/vertical_slice/gtsu_fused_fps_knn_controller.sv:104$1132'.
No latch inferred for signal `\gtsu_fused_fps_knn_controller.$func$\distance_key$architecture_simulator/rtl/vertical_slice/gtsu_fused_fps_knn_controller.sv:92$1045$\distance_key' from process `\gtsu_fused_fps_knn_controller.$proc$architecture_simulator/rtl/vertical_slice/gtsu_fused_fps_knn_controller.sv:104$1132'.
No latch inferred for signal `\gtsu_fused_fps_knn_controller.$func$\distance_key$architecture_simulator/rtl/vertical_slice/gtsu_fused_fps_knn_controller.sv:92$1045$\distance' from process `\gtsu_fused_fps_knn_controller.$proc$architecture_simulator/rtl/vertical_slice/gtsu_fused_fps_knn_controller.sv:104$1132'.
No latch inferred for signal `\gtsu_fused_fps_knn_controller.$func$\distance_key$architecture_simulator/rtl/vertical_slice/gtsu_fused_fps_knn_controller.sv:92$1046$\distance_key' from process `\gtsu_fused_fps_knn_controller.$proc$architecture_simulator/rtl/vertical_slice/gtsu_fused_fps_knn_controller.sv:104$1132'.
No latch inferred for signal `\gtsu_fused_fps_knn_controller.$func$\distance_key$architecture_simulator/rtl/vertical_slice/gtsu_fused_fps_knn_controller.sv:92$1046$\distance' from process `\gtsu_fused_fps_knn_controller.$proc$architecture_simulator/rtl/vertical_slice/gtsu_fused_fps_knn_controller.sv:104$1132'.
No latch inferred for signal `\gtsu_fused_fps_knn_controller.$func$\distance_less$architecture_simulator/rtl/vertical_slice/gtsu_fused_fps_knn_controller.sv:159$1047$\distance_less' from process `\gtsu_fused_fps_knn_controller.$proc$architecture_simulator/rtl/vertical_slice/gtsu_fused_fps_knn_controller.sv:104$1132'.
No latch inferred for signal `\gtsu_fused_fps_knn_controller.$func$\distance_less$architecture_simulator/rtl/vertical_slice/gtsu_fused_fps_knn_controller.sv:159$1047$\left' from process `\gtsu_fused_fps_knn_controller.$proc$architecture_simulator/rtl/vertical_slice/gtsu_fused_fps_knn_controller.sv:104$1132'.
No latch inferred for signal `\gtsu_fused_fps_knn_controller.$func$\distance_less$architecture_simulator/rtl/vertical_slice/gtsu_fused_fps_knn_controller.sv:159$1047$\right' from process `\gtsu_fused_fps_knn_controller.$proc$architecture_simulator/rtl/vertical_slice/gtsu_fused_fps_knn_controller.sv:104$1132'.
No latch inferred for signal `\gtsu_fused_fps_knn_controller.$func$\distance_key$architecture_simulator/rtl/vertical_slice/gtsu_fused_fps_knn_controller.sv:92$1048$\distance_key' from process `\gtsu_fused_fps_knn_controller.$proc$architecture_simulator/rtl/vertical_slice/gtsu_fused_fps_knn_controller.sv:104$1132'.
No latch inferred for signal `\gtsu_fused_fps_knn_controller.$func$\distance_key$architecture_simulator/rtl/vertical_slice/gtsu_fused_fps_knn_controller.sv:92$1048$\distance' from process `\gtsu_fused_fps_knn_controller.$proc$architecture_simulator/rtl/vertical_slice/gtsu_fused_fps_knn_controller.sv:104$1132'.
No latch inferred for signal `\gtsu_fused_fps_knn_controller.$func$\distance_key$architecture_simulator/rtl/vertical_slice/gtsu_fused_fps_knn_controller.sv:92$1049$\distance_key' from process `\gtsu_fused_fps_knn_controller.$proc$architecture_simulator/rtl/vertical_slice/gtsu_fused_fps_knn_controller.sv:104$1132'.
No latch inferred for signal `\gtsu_fused_fps_knn_controller.$func$\distance_key$architecture_simulator/rtl/vertical_slice/gtsu_fused_fps_knn_controller.sv:92$1049$\distance' from process `\gtsu_fused_fps_knn_controller.$proc$architecture_simulator/rtl/vertical_slice/gtsu_fused_fps_knn_controller.sv:104$1132'.
No latch inferred for signal `\gtsu_fused_fps_knn_controller.$func$\distance_less$architecture_simulator/rtl/vertical_slice/gtsu_fused_fps_knn_controller.sv:159$1050$\distance_less' from process `\gtsu_fused_fps_knn_controller.$proc$architecture_simulator/rtl/vertical_slice/gtsu_fused_fps_knn_controller.sv:104$1132'.
No latch inferred for signal `\gtsu_fused_fps_knn_controller.$func$\distance_less$architecture_simulator/rtl/vertical_slice/gtsu_fused_fps_knn_controller.sv:159$1050$\left' from process `\gtsu_fused_fps_knn_controller.$proc$architecture_simulator/rtl/vertical_slice/gtsu_fused_fps_knn_controller.sv:104$1132'.
No latch inferred for signal `\gtsu_fused_fps_knn_controller.$func$\distance_less$architecture_simulator/rtl/vertical_slice/gtsu_fused_fps_knn_controller.sv:159$1050$\right' from process `\gtsu_fused_fps_knn_controller.$proc$architecture_simulator/rtl/vertical_slice/gtsu_fused_fps_knn_controller.sv:104$1132'.
No latch inferred for signal `\gtsu_fused_fps_knn_controller.$func$\distance_key$architecture_simulator/rtl/vertical_slice/gtsu_fused_fps_knn_controller.sv:92$1051$\distance_key' from process `\gtsu_fused_fps_knn_controller.$proc$architecture_simulator/rtl/vertical_slice/gtsu_fused_fps_knn_controller.sv:104$1132'.
No latch inferred for signal `\gtsu_fused_fps_knn_controller.$func$\distance_key$architecture_simulator/rtl/vertical_slice/gtsu_fused_fps_knn_controller.sv:92$1051$\distance' from process `\gtsu_fused_fps_knn_controller.$proc$architecture_simulator/rtl/vertical_slice/gtsu_fused_fps_knn_controller.sv:104$1132'.
No latch inferred for signal `\gtsu_fused_fps_knn_controller.$func$\distance_key$architecture_simulator/rtl/vertical_slice/gtsu_fused_fps_knn_controller.sv:92$1052$\distance_key' from process `\gtsu_fused_fps_knn_controller.$proc$architecture_simulator/rtl/vertical_slice/gtsu_fused_fps_knn_controller.sv:104$1132'.
No latch inferred for signal `\gtsu_fused_fps_knn_controller.$func$\distance_key$architecture_simulator/rtl/vertical_slice/gtsu_fused_fps_knn_controller.sv:92$1052$\distance' from process `\gtsu_fused_fps_knn_controller.$proc$architecture_simulator/rtl/vertical_slice/gtsu_fused_fps_knn_controller.sv:104$1132'.
No latch inferred for signal `\gtsu_fused_fps_knn_controller.$func$\distance_less$architecture_simulator/rtl/vertical_slice/gtsu_fused_fps_knn_controller.sv:159$1053$\distance_less' from process `\gtsu_fused_fps_knn_controller.$proc$architecture_simulator/rtl/vertical_slice/gtsu_fused_fps_knn_controller.sv:104$1132'.
No latch inferred for signal `\gtsu_fused_fps_knn_controller.$func$\distance_less$architecture_simulator/rtl/vertical_slice/gtsu_fused_fps_knn_controller.sv:159$1053$\left' from process `\gtsu_fused_fps_knn_controller.$proc$architecture_simulator/rtl/vertical_slice/gtsu_fused_fps_knn_controller.sv:104$1132'.
No latch inferred for signal `\gtsu_fused_fps_knn_controller.$func$\distance_less$architecture_simulator/rtl/vertical_slice/gtsu_fused_fps_knn_controller.sv:159$1053$\right' from process `\gtsu_fused_fps_knn_controller.$proc$architecture_simulator/rtl/vertical_slice/gtsu_fused_fps_knn_controller.sv:104$1132'.
No latch inferred for signal `\gtsu_fused_fps_knn_controller.$func$\distance_key$architecture_simulator/rtl/vertical_slice/gtsu_fused_fps_knn_controller.sv:92$1054$\distance_key' from process `\gtsu_fused_fps_knn_controller.$proc$architecture_simulator/rtl/vertical_slice/gtsu_fused_fps_knn_controller.sv:104$1132'.
No latch inferred for signal `\gtsu_fused_fps_knn_controller.$func$\distance_key$architecture_simulator/rtl/vertical_slice/gtsu_fused_fps_knn_controller.sv:92$1054$\distance' from process `\gtsu_fused_fps_knn_controller.$proc$architecture_simulator/rtl/vertical_slice/gtsu_fused_fps_knn_controller.sv:104$1132'.
No latch inferred for signal `\gtsu_fused_fps_knn_controller.$func$\distance_key$architecture_simulator/rtl/vertical_slice/gtsu_fused_fps_knn_controller.sv:92$1055$\distance_key' from process `\gtsu_fused_fps_knn_controller.$proc$architecture_simulator/rtl/vertical_slice/gtsu_fused_fps_knn_controller.sv:104$1132'.
No latch inferred for signal `\gtsu_fused_fps_knn_controller.$func$\distance_key$architecture_simulator/rtl/vertical_slice/gtsu_fused_fps_knn_controller.sv:92$1055$\distance' from process `\gtsu_fused_fps_knn_controller.$proc$architecture_simulator/rtl/vertical_slice/gtsu_fused_fps_knn_controller.sv:104$1132'.
No latch inferred for signal `\gtsu_fused_fps_knn_controller.$mem2reg_rd$\min_state$architecture_simulator/rtl/vertical_slice/gtsu_fused_fps_knn_controller.sv:119$1076_ADDR' from process `\gtsu_fused_fps_knn_controller.$proc$architecture_simulator/rtl/vertical_slice/gtsu_fused_fps_knn_controller.sv:104$1132'.
No latch inferred for signal `\gtsu_fused_fps_knn_controller.$mem2reg_rd$\min_state$architecture_simulator/rtl/vertical_slice/gtsu_fused_fps_knn_controller.sv:119$1076_DATA' from process `\gtsu_fused_fps_knn_controller.$proc$architecture_simulator/rtl/vertical_slice/gtsu_fused_fps_knn_controller.sv:104$1132'.
No latch inferred for signal `\gtsu_fused_fps_knn_controller.$mem2reg_rd$\min_state$architecture_simulator/rtl/vertical_slice/gtsu_fused_fps_knn_controller.sv:122$1077_ADDR' from process `\gtsu_fused_fps_knn_controller.$proc$architecture_simulator/rtl/vertical_slice/gtsu_fused_fps_knn_controller.sv:104$1132'.
No latch inferred for signal `\gtsu_fused_fps_knn_controller.$mem2reg_rd$\min_state$architecture_simulator/rtl/vertical_slice/gtsu_fused_fps_knn_controller.sv:122$1077_DATA' from process `\gtsu_fused_fps_knn_controller.$proc$architecture_simulator/rtl/vertical_slice/gtsu_fused_fps_knn_controller.sv:104$1132'.
No latch inferred for signal `\gtsu_fused_fps_knn_controller.$mem2reg_rd$\min_state$architecture_simulator/rtl/vertical_slice/gtsu_fused_fps_knn_controller.sv:130$1078_ADDR' from process `\gtsu_fused_fps_knn_controller.$proc$architecture_simulator/rtl/vertical_slice/gtsu_fused_fps_knn_controller.sv:104$1132'.
No latch inferred for signal `\gtsu_fused_fps_knn_controller.$mem2reg_rd$\min_state$architecture_simulator/rtl/vertical_slice/gtsu_fused_fps_knn_controller.sv:130$1078_DATA' from process `\gtsu_fused_fps_knn_controller.$proc$architecture_simulator/rtl/vertical_slice/gtsu_fused_fps_knn_controller.sv:104$1132'.
No latch inferred for signal `\gtsu_fused_fps_knn_controller.$mem2reg_rd$\min_state$architecture_simulator/rtl/vertical_slice/gtsu_fused_fps_knn_controller.sv:119$1079_ADDR' from process `\gtsu_fused_fps_knn_controller.$proc$architecture_simulator/rtl/vertical_slice/gtsu_fused_fps_knn_controller.sv:104$1132'.
No latch inferred for signal `\gtsu_fused_fps_knn_controller.$mem2reg_rd$\min_state$architecture_simulator/rtl/vertical_slice/gtsu_fused_fps_knn_controller.sv:119$1079_DATA' from process `\gtsu_fused_fps_knn_controller.$proc$architecture_simulator/rtl/vertical_slice/gtsu_fused_fps_knn_controller.sv:104$1132'.
No latch inferred for signal `\gtsu_fused_fps_knn_controller.$mem2reg_rd$\min_state$architecture_simulator/rtl/vertical_slice/gtsu_fused_fps_knn_controller.sv:122$1080_ADDR' from process `\gtsu_fused_fps_knn_controller.$proc$architecture_simulator/rtl/vertical_slice/gtsu_fused_fps_knn_controller.sv:104$1132'.
No latch inferred for signal `\gtsu_fused_fps_knn_controller.$mem2reg_rd$\min_state$architecture_simulator/rtl/vertical_slice/gtsu_fused_fps_knn_controller.sv:122$1080_DATA' from process `\gtsu_fused_fps_knn_controller.$proc$architecture_simulator/rtl/vertical_slice/gtsu_fused_fps_knn_controller.sv:104$1132'.
No latch inferred for signal `\gtsu_fused_fps_knn_controller.$mem2reg_rd$\min_state$architecture_simulator/rtl/vertical_slice/gtsu_fused_fps_knn_controller.sv:130$1081_ADDR' from process `\gtsu_fused_fps_knn_controller.$proc$architecture_simulator/rtl/vertical_slice/gtsu_fused_fps_knn_controller.sv:104$1132'.
No latch inferred for signal `\gtsu_fused_fps_knn_controller.$mem2reg_rd$\min_state$architecture_simulator/rtl/vertical_slice/gtsu_fused_fps_knn_controller.sv:130$1081_DATA' from process `\gtsu_fused_fps_knn_controller.$proc$architecture_simulator/rtl/vertical_slice/gtsu_fused_fps_knn_controller.sv:104$1132'.
No latch inferred for signal `\gtsu_fused_fps_knn_controller.$mem2reg_rd$\min_state$architecture_simulator/rtl/vertical_slice/gtsu_fused_fps_knn_controller.sv:119$1082_ADDR' from process `\gtsu_fused_fps_knn_controller.$proc$architecture_simulator/rtl/vertical_slice/gtsu_fused_fps_knn_controller.sv:104$1132'.
No latch inferred for signal `\gtsu_fused_fps_knn_controller.$mem2reg_rd$\min_state$architecture_simulator/rtl/vertical_slice/gtsu_fused_fps_knn_controller.sv:119$1082_DATA' from process `\gtsu_fused_fps_knn_controller.$proc$architecture_simulator/rtl/vertical_slice/gtsu_fused_fps_knn_controller.sv:104$1132'.
No latch inferred for signal `\gtsu_fused_fps_knn_controller.$mem2reg_rd$\min_state$architecture_simulator/rtl/vertical_slice/gtsu_fused_fps_knn_controller.sv:122$1083_ADDR' from process `\gtsu_fused_fps_knn_controller.$proc$architecture_simulator/rtl/vertical_slice/gtsu_fused_fps_knn_controller.sv:104$1132'.
No latch inferred for signal `\gtsu_fused_fps_knn_controller.$mem2reg_rd$\min_state$architecture_simulator/rtl/vertical_slice/gtsu_fused_fps_knn_controller.sv:122$1083_DATA' from process `\gtsu_fused_fps_knn_controller.$proc$architecture_simulator/rtl/vertical_slice/gtsu_fused_fps_knn_controller.sv:104$1132'.
No latch inferred for signal `\gtsu_fused_fps_knn_controller.$mem2reg_rd$\min_state$architecture_simulator/rtl/vertical_slice/gtsu_fused_fps_knn_controller.sv:130$1084_ADDR' from process `\gtsu_fused_fps_knn_controller.$proc$architecture_simulator/rtl/vertical_slice/gtsu_fused_fps_knn_controller.sv:104$1132'.
No latch inferred for signal `\gtsu_fused_fps_knn_controller.$mem2reg_rd$\min_state$architecture_simulator/rtl/vertical_slice/gtsu_fused_fps_knn_controller.sv:130$1084_DATA' from process `\gtsu_fused_fps_knn_controller.$proc$architecture_simulator/rtl/vertical_slice/gtsu_fused_fps_knn_controller.sv:104$1132'.
No latch inferred for signal `\gtsu_fused_fps_knn_controller.$mem2reg_rd$\min_state$architecture_simulator/rtl/vertical_slice/gtsu_fused_fps_knn_controller.sv:119$1085_ADDR' from process `\gtsu_fused_fps_knn_controller.$proc$architecture_simulator/rtl/vertical_slice/gtsu_fused_fps_knn_controller.sv:104$1132'.
No latch inferred for signal `\gtsu_fused_fps_knn_controller.$mem2reg_rd$\min_state$architecture_simulator/rtl/vertical_slice/gtsu_fused_fps_knn_controller.sv:119$1085_DATA' from process `\gtsu_fused_fps_knn_controller.$proc$architecture_simulator/rtl/vertical_slice/gtsu_fused_fps_knn_controller.sv:104$1132'.
No latch inferred for signal `\gtsu_fused_fps_knn_controller.$mem2reg_rd$\min_state$architecture_simulator/rtl/vertical_slice/gtsu_fused_fps_knn_controller.sv:122$1086_ADDR' from process `\gtsu_fused_fps_knn_controller.$proc$architecture_simulator/rtl/vertical_slice/gtsu_fused_fps_knn_controller.sv:104$1132'.
No latch inferred for signal `\gtsu_fused_fps_knn_controller.$mem2reg_rd$\min_state$architecture_simulator/rtl/vertical_slice/gtsu_fused_fps_knn_controller.sv:122$1086_DATA' from process `\gtsu_fused_fps_knn_controller.$proc$architecture_simulator/rtl/vertical_slice/gtsu_fused_fps_knn_controller.sv:104$1132'.
No latch inferred for signal `\gtsu_fused_fps_knn_controller.$mem2reg_rd$\min_state$architecture_simulator/rtl/vertical_slice/gtsu_fused_fps_knn_controller.sv:130$1087_ADDR' from process `\gtsu_fused_fps_knn_controller.$proc$architecture_simulator/rtl/vertical_slice/gtsu_fused_fps_knn_controller.sv:104$1132'.
No latch inferred for signal `\gtsu_fused_fps_knn_controller.$mem2reg_rd$\min_state$architecture_simulator/rtl/vertical_slice/gtsu_fused_fps_knn_controller.sv:130$1087_DATA' from process `\gtsu_fused_fps_knn_controller.$proc$architecture_simulator/rtl/vertical_slice/gtsu_fused_fps_knn_controller.sv:104$1132'.
No latch inferred for signal `\gtsu_fused_fps_knn_controller.$mem2reg_rd$\local_distance$architecture_simulator/rtl/vertical_slice/gtsu_fused_fps_knn_controller.sv:159$1088_ADDR' from process `\gtsu_fused_fps_knn_controller.$proc$architecture_simulator/rtl/vertical_slice/gtsu_fused_fps_knn_controller.sv:104$1132'.
No latch inferred for signal `\gtsu_fused_fps_knn_controller.$mem2reg_rd$\local_distance$architecture_simulator/rtl/vertical_slice/gtsu_fused_fps_knn_controller.sv:159$1088_DATA' from process `\gtsu_fused_fps_knn_controller.$proc$architecture_simulator/rtl/vertical_slice/gtsu_fused_fps_knn_controller.sv:104$1132'.
No latch inferred for signal `\gtsu_fused_fps_knn_controller.$mem2reg_rd$\global_distance$architecture_simulator/rtl/vertical_slice/gtsu_fused_fps_knn_controller.sv:159$1089_ADDR' from process `\gtsu_fused_fps_knn_controller.$proc$architecture_simulator/rtl/vertical_slice/gtsu_fused_fps_knn_controller.sv:104$1132'.
No latch inferred for signal `\gtsu_fused_fps_knn_controller.$mem2reg_rd$\global_distance$architecture_simulator/rtl/vertical_slice/gtsu_fused_fps_knn_controller.sv:159$1089_DATA' from process `\gtsu_fused_fps_knn_controller.$proc$architecture_simulator/rtl/vertical_slice/gtsu_fused_fps_knn_controller.sv:104$1132'.
No latch inferred for signal `\gtsu_fused_fps_knn_controller.$mem2reg_rd$\local_distance$architecture_simulator/rtl/vertical_slice/gtsu_fused_fps_knn_controller.sv:160$1090_ADDR' from process `\gtsu_fused_fps_knn_controller.$proc$architecture_simulator/rtl/vertical_slice/gtsu_fused_fps_knn_controller.sv:104$1132'.
No latch inferred for signal `\gtsu_fused_fps_knn_controller.$mem2reg_rd$\local_distance$architecture_simulator/rtl/vertical_slice/gtsu_fused_fps_knn_controller.sv:160$1090_DATA' from process `\gtsu_fused_fps_knn_controller.$proc$architecture_simulator/rtl/vertical_slice/gtsu_fused_fps_knn_controller.sv:104$1132'.
No latch inferred for signal `\gtsu_fused_fps_knn_controller.$mem2reg_rd$\global_distance$architecture_simulator/rtl/vertical_slice/gtsu_fused_fps_knn_controller.sv:160$1091_ADDR' from process `\gtsu_fused_fps_knn_controller.$proc$architecture_simulator/rtl/vertical_slice/gtsu_fused_fps_knn_controller.sv:104$1132'.
No latch inferred for signal `\gtsu_fused_fps_knn_controller.$mem2reg_rd$\global_distance$architecture_simulator/rtl/vertical_slice/gtsu_fused_fps_knn_controller.sv:160$1091_DATA' from process `\gtsu_fused_fps_knn_controller.$proc$architecture_simulator/rtl/vertical_slice/gtsu_fused_fps_knn_controller.sv:104$1132'.
No latch inferred for signal `\gtsu_fused_fps_knn_controller.$mem2reg_rd$\local_index$architecture_simulator/rtl/vertical_slice/gtsu_fused_fps_knn_controller.sv:161$1092_ADDR' from process `\gtsu_fused_fps_knn_controller.$proc$architecture_simulator/rtl/vertical_slice/gtsu_fused_fps_knn_controller.sv:104$1132'.
No latch inferred for signal `\gtsu_fused_fps_knn_controller.$mem2reg_rd$\local_index$architecture_simulator/rtl/vertical_slice/gtsu_fused_fps_knn_controller.sv:161$1092_DATA' from process `\gtsu_fused_fps_knn_controller.$proc$architecture_simulator/rtl/vertical_slice/gtsu_fused_fps_knn_controller.sv:104$1132'.
No latch inferred for signal `\gtsu_fused_fps_knn_controller.$mem2reg_rd$\global_index$architecture_simulator/rtl/vertical_slice/gtsu_fused_fps_knn_controller.sv:161$1093_ADDR' from process `\gtsu_fused_fps_knn_controller.$proc$architecture_simulator/rtl/vertical_slice/gtsu_fused_fps_knn_controller.sv:104$1132'.
No latch inferred for signal `\gtsu_fused_fps_knn_controller.$mem2reg_rd$\global_index$architecture_simulator/rtl/vertical_slice/gtsu_fused_fps_knn_controller.sv:161$1093_DATA' from process `\gtsu_fused_fps_knn_controller.$proc$architecture_simulator/rtl/vertical_slice/gtsu_fused_fps_knn_controller.sv:104$1132'.
No latch inferred for signal `\gtsu_fused_fps_knn_controller.$mem2reg_rd$\local_distance$architecture_simulator/rtl/vertical_slice/gtsu_fused_fps_knn_controller.sv:162$1094_ADDR' from process `\gtsu_fused_fps_knn_controller.$proc$architecture_simulator/rtl/vertical_slice/gtsu_fused_fps_knn_controller.sv:104$1132'.
No latch inferred for signal `\gtsu_fused_fps_knn_controller.$mem2reg_rd$\local_distance$architecture_simulator/rtl/vertical_slice/gtsu_fused_fps_knn_controller.sv:162$1094_DATA' from process `\gtsu_fused_fps_knn_controller.$proc$architecture_simulator/rtl/vertical_slice/gtsu_fused_fps_knn_controller.sv:104$1132'.
No latch inferred for signal `\gtsu_fused_fps_knn_controller.$mem2reg_rd$\local_index$architecture_simulator/rtl/vertical_slice/gtsu_fused_fps_knn_controller.sv:163$1095_ADDR' from process `\gtsu_fused_fps_knn_controller.$proc$architecture_simulator/rtl/vertical_slice/gtsu_fused_fps_knn_controller.sv:104$1132'.
No latch inferred for signal `\gtsu_fused_fps_knn_controller.$mem2reg_rd$\local_index$architecture_simulator/rtl/vertical_slice/gtsu_fused_fps_knn_controller.sv:163$1095_DATA' from process `\gtsu_fused_fps_knn_controller.$proc$architecture_simulator/rtl/vertical_slice/gtsu_fused_fps_knn_controller.sv:104$1132'.
No latch inferred for signal `\gtsu_fused_fps_knn_controller.$mem2reg_rd$\global_distance$architecture_simulator/rtl/vertical_slice/gtsu_fused_fps_knn_controller.sv:166$1096_ADDR' from process `\gtsu_fused_fps_knn_controller.$proc$architecture_simulator/rtl/vertical_slice/gtsu_fused_fps_knn_controller.sv:104$1132'.
No latch inferred for signal `\gtsu_fused_fps_knn_controller.$mem2reg_rd$\global_distance$architecture_simulator/rtl/vertical_slice/gtsu_fused_fps_knn_controller.sv:166$1096_DATA' from process `\gtsu_fused_fps_knn_controller.$proc$architecture_simulator/rtl/vertical_slice/gtsu_fused_fps_knn_controller.sv:104$1132'.
No latch inferred for signal `\gtsu_fused_fps_knn_controller.$mem2reg_rd$\global_index$architecture_simulator/rtl/vertical_slice/gtsu_fused_fps_knn_controller.sv:167$1097_ADDR' from process `\gtsu_fused_fps_knn_controller.$proc$architecture_simulator/rtl/vertical_slice/gtsu_fused_fps_knn_controller.sv:104$1132'.
No latch inferred for signal `\gtsu_fused_fps_knn_controller.$mem2reg_rd$\global_index$architecture_simulator/rtl/vertical_slice/gtsu_fused_fps_knn_controller.sv:167$1097_DATA' from process `\gtsu_fused_fps_knn_controller.$proc$architecture_simulator/rtl/vertical_slice/gtsu_fused_fps_knn_controller.sv:104$1132'.
No latch inferred for signal `\gtsu_fused_fps_knn_controller.$mem2reg_rd$\local_distance$architecture_simulator/rtl/vertical_slice/gtsu_fused_fps_knn_controller.sv:159$1098_ADDR' from process `\gtsu_fused_fps_knn_controller.$proc$architecture_simulator/rtl/vertical_slice/gtsu_fused_fps_knn_controller.sv:104$1132'.
No latch inferred for signal `\gtsu_fused_fps_knn_controller.$mem2reg_rd$\local_distance$architecture_simulator/rtl/vertical_slice/gtsu_fused_fps_knn_controller.sv:159$1098_DATA' from process `\gtsu_fused_fps_knn_controller.$proc$architecture_simulator/rtl/vertical_slice/gtsu_fused_fps_knn_controller.sv:104$1132'.
No latch inferred for signal `\gtsu_fused_fps_knn_controller.$mem2reg_rd$\global_distance$architecture_simulator/rtl/vertical_slice/gtsu_fused_fps_knn_controller.sv:159$1099_ADDR' from process `\gtsu_fused_fps_knn_controller.$proc$architecture_simulator/rtl/vertical_slice/gtsu_fused_fps_knn_controller.sv:104$1132'.
No latch inferred for signal `\gtsu_fused_fps_knn_controller.$mem2reg_rd$\global_distance$architecture_simulator/rtl/vertical_slice/gtsu_fused_fps_knn_controller.sv:159$1099_DATA' from process `\gtsu_fused_fps_knn_controller.$proc$architecture_simulator/rtl/vertical_slice/gtsu_fused_fps_knn_controller.sv:104$1132'.
No latch inferred for signal `\gtsu_fused_fps_knn_controller.$mem2reg_rd$\local_distance$architecture_simulator/rtl/vertical_slice/gtsu_fused_fps_knn_controller.sv:160$1100_ADDR' from process `\gtsu_fused_fps_knn_controller.$proc$architecture_simulator/rtl/vertical_slice/gtsu_fused_fps_knn_controller.sv:104$1132'.
No latch inferred for signal `\gtsu_fused_fps_knn_controller.$mem2reg_rd$\local_distance$architecture_simulator/rtl/vertical_slice/gtsu_fused_fps_knn_controller.sv:160$1100_DATA' from process `\gtsu_fused_fps_knn_controller.$proc$architecture_simulator/rtl/vertical_slice/gtsu_fused_fps_knn_controller.sv:104$1132'.
No latch inferred for signal `\gtsu_fused_fps_knn_controller.$mem2reg_rd$\global_distance$architecture_simulator/rtl/vertical_slice/gtsu_fused_fps_knn_controller.sv:160$1101_ADDR' from process `\gtsu_fused_fps_knn_controller.$proc$architecture_simulator/rtl/vertical_slice/gtsu_fused_fps_knn_controller.sv:104$1132'.
No latch inferred for signal `\gtsu_fused_fps_knn_controller.$mem2reg_rd$\global_distance$architecture_simulator/rtl/vertical_slice/gtsu_fused_fps_knn_controller.sv:160$1101_DATA' from process `\gtsu_fused_fps_knn_controller.$proc$architecture_simulator/rtl/vertical_slice/gtsu_fused_fps_knn_controller.sv:104$1132'.
No latch inferred for signal `\gtsu_fused_fps_knn_controller.$mem2reg_rd$\local_index$architecture_simulator/rtl/vertical_slice/gtsu_fused_fps_knn_controller.sv:161$1102_ADDR' from process `\gtsu_fused_fps_knn_controller.$proc$architecture_simulator/rtl/vertical_slice/gtsu_fused_fps_knn_controller.sv:104$1132'.
No latch inferred for signal `\gtsu_fused_fps_knn_controller.$mem2reg_rd$\local_index$architecture_simulator/rtl/vertical_slice/gtsu_fused_fps_knn_controller.sv:161$1102_DATA' from process `\gtsu_fused_fps_knn_controller.$proc$architecture_simulator/rtl/vertical_slice/gtsu_fused_fps_knn_controller.sv:104$1132'.
No latch inferred for signal `\gtsu_fused_fps_knn_controller.$mem2reg_rd$\global_index$architecture_simulator/rtl/vertical_slice/gtsu_fused_fps_knn_controller.sv:161$1103_ADDR' from process `\gtsu_fused_fps_knn_controller.$proc$architecture_simulator/rtl/vertical_slice/gtsu_fused_fps_knn_controller.sv:104$1132'.
No latch inferred for signal `\gtsu_fused_fps_knn_controller.$mem2reg_rd$\global_index$architecture_simulator/rtl/vertical_slice/gtsu_fused_fps_knn_controller.sv:161$1103_DATA' from process `\gtsu_fused_fps_knn_controller.$proc$architecture_simulator/rtl/vertical_slice/gtsu_fused_fps_knn_controller.sv:104$1132'.
No latch inferred for signal `\gtsu_fused_fps_knn_controller.$mem2reg_rd$\local_distance$architecture_simulator/rtl/vertical_slice/gtsu_fused_fps_knn_controller.sv:162$1104_ADDR' from process `\gtsu_fused_fps_knn_controller.$proc$architecture_simulator/rtl/vertical_slice/gtsu_fused_fps_knn_controller.sv:104$1132'.
No latch inferred for signal `\gtsu_fused_fps_knn_controller.$mem2reg_rd$\local_distance$architecture_simulator/rtl/vertical_slice/gtsu_fused_fps_knn_controller.sv:162$1104_DATA' from process `\gtsu_fused_fps_knn_controller.$proc$architecture_simulator/rtl/vertical_slice/gtsu_fused_fps_knn_controller.sv:104$1132'.
No latch inferred for signal `\gtsu_fused_fps_knn_controller.$mem2reg_rd$\local_index$architecture_simulator/rtl/vertical_slice/gtsu_fused_fps_knn_controller.sv:163$1105_ADDR' from process `\gtsu_fused_fps_knn_controller.$proc$architecture_simulator/rtl/vertical_slice/gtsu_fused_fps_knn_controller.sv:104$1132'.
No latch inferred for signal `\gtsu_fused_fps_knn_controller.$mem2reg_rd$\local_index$architecture_simulator/rtl/vertical_slice/gtsu_fused_fps_knn_controller.sv:163$1105_DATA' from process `\gtsu_fused_fps_knn_controller.$proc$architecture_simulator/rtl/vertical_slice/gtsu_fused_fps_knn_controller.sv:104$1132'.
No latch inferred for signal `\gtsu_fused_fps_knn_controller.$mem2reg_rd$\global_distance$architecture_simulator/rtl/vertical_slice/gtsu_fused_fps_knn_controller.sv:166$1106_ADDR' from process `\gtsu_fused_fps_knn_controller.$proc$architecture_simulator/rtl/vertical_slice/gtsu_fused_fps_knn_controller.sv:104$1132'.
No latch inferred for signal `\gtsu_fused_fps_knn_controller.$mem2reg_rd$\global_distance$architecture_simulator/rtl/vertical_slice/gtsu_fused_fps_knn_controller.sv:166$1106_DATA' from process `\gtsu_fused_fps_knn_controller.$proc$architecture_simulator/rtl/vertical_slice/gtsu_fused_fps_knn_controller.sv:104$1132'.
No latch inferred for signal `\gtsu_fused_fps_knn_controller.$mem2reg_rd$\global_index$architecture_simulator/rtl/vertical_slice/gtsu_fused_fps_knn_controller.sv:167$1107_ADDR' from process `\gtsu_fused_fps_knn_controller.$proc$architecture_simulator/rtl/vertical_slice/gtsu_fused_fps_knn_controller.sv:104$1132'.
No latch inferred for signal `\gtsu_fused_fps_knn_controller.$mem2reg_rd$\global_index$architecture_simulator/rtl/vertical_slice/gtsu_fused_fps_knn_controller.sv:167$1107_DATA' from process `\gtsu_fused_fps_knn_controller.$proc$architecture_simulator/rtl/vertical_slice/gtsu_fused_fps_knn_controller.sv:104$1132'.
No latch inferred for signal `\gtsu_fused_fps_knn_controller.$mem2reg_rd$\local_distance$architecture_simulator/rtl/vertical_slice/gtsu_fused_fps_knn_controller.sv:159$1108_ADDR' from process `\gtsu_fused_fps_knn_controller.$proc$architecture_simulator/rtl/vertical_slice/gtsu_fused_fps_knn_controller.sv:104$1132'.
No latch inferred for signal `\gtsu_fused_fps_knn_controller.$mem2reg_rd$\local_distance$architecture_simulator/rtl/vertical_slice/gtsu_fused_fps_knn_controller.sv:159$1108_DATA' from process `\gtsu_fused_fps_knn_controller.$proc$architecture_simulator/rtl/vertical_slice/gtsu_fused_fps_knn_controller.sv:104$1132'.
No latch inferred for signal `\gtsu_fused_fps_knn_controller.$mem2reg_rd$\global_distance$architecture_simulator/rtl/vertical_slice/gtsu_fused_fps_knn_controller.sv:159$1109_ADDR' from process `\gtsu_fused_fps_knn_controller.$proc$architecture_simulator/rtl/vertical_slice/gtsu_fused_fps_knn_controller.sv:104$1132'.
No latch inferred for signal `\gtsu_fused_fps_knn_controller.$mem2reg_rd$\global_distance$architecture_simulator/rtl/vertical_slice/gtsu_fused_fps_knn_controller.sv:159$1109_DATA' from process `\gtsu_fused_fps_knn_controller.$proc$architecture_simulator/rtl/vertical_slice/gtsu_fused_fps_knn_controller.sv:104$1132'.
No latch inferred for signal `\gtsu_fused_fps_knn_controller.$mem2reg_rd$\local_distance$architecture_simulator/rtl/vertical_slice/gtsu_fused_fps_knn_controller.sv:160$1110_ADDR' from process `\gtsu_fused_fps_knn_controller.$proc$architecture_simulator/rtl/vertical_slice/gtsu_fused_fps_knn_controller.sv:104$1132'.
No latch inferred for signal `\gtsu_fused_fps_knn_controller.$mem2reg_rd$\local_distance$architecture_simulator/rtl/vertical_slice/gtsu_fused_fps_knn_controller.sv:160$1110_DATA' from process `\gtsu_fused_fps_knn_controller.$proc$architecture_simulator/rtl/vertical_slice/gtsu_fused_fps_knn_controller.sv:104$1132'.
No latch inferred for signal `\gtsu_fused_fps_knn_controller.$mem2reg_rd$\global_distance$architecture_simulator/rtl/vertical_slice/gtsu_fused_fps_knn_controller.sv:160$1111_ADDR' from process `\gtsu_fused_fps_knn_controller.$proc$architecture_simulator/rtl/vertical_slice/gtsu_fused_fps_knn_controller.sv:104$1132'.
No latch inferred for signal `\gtsu_fused_fps_knn_controller.$mem2reg_rd$\global_distance$architecture_simulator/rtl/vertical_slice/gtsu_fused_fps_knn_controller.sv:160$1111_DATA' from process `\gtsu_fused_fps_knn_controller.$proc$architecture_simulator/rtl/vertical_slice/gtsu_fused_fps_knn_controller.sv:104$1132'.
No latch inferred for signal `\gtsu_fused_fps_knn_controller.$mem2reg_rd$\local_index$architecture_simulator/rtl/vertical_slice/gtsu_fused_fps_knn_controller.sv:161$1112_ADDR' from process `\gtsu_fused_fps_knn_controller.$proc$architecture_simulator/rtl/vertical_slice/gtsu_fused_fps_knn_controller.sv:104$1132'.
No latch inferred for signal `\gtsu_fused_fps_knn_controller.$mem2reg_rd$\local_index$architecture_simulator/rtl/vertical_slice/gtsu_fused_fps_knn_controller.sv:161$1112_DATA' from process `\gtsu_fused_fps_knn_controller.$proc$architecture_simulator/rtl/vertical_slice/gtsu_fused_fps_knn_controller.sv:104$1132'.
No latch inferred for signal `\gtsu_fused_fps_knn_controller.$mem2reg_rd$\global_index$architecture_simulator/rtl/vertical_slice/gtsu_fused_fps_knn_controller.sv:161$1113_ADDR' from process `\gtsu_fused_fps_knn_controller.$proc$architecture_simulator/rtl/vertical_slice/gtsu_fused_fps_knn_controller.sv:104$1132'.
No latch inferred for signal `\gtsu_fused_fps_knn_controller.$mem2reg_rd$\global_index$architecture_simulator/rtl/vertical_slice/gtsu_fused_fps_knn_controller.sv:161$1113_DATA' from process `\gtsu_fused_fps_knn_controller.$proc$architecture_simulator/rtl/vertical_slice/gtsu_fused_fps_knn_controller.sv:104$1132'.
No latch inferred for signal `\gtsu_fused_fps_knn_controller.$mem2reg_rd$\local_distance$architecture_simulator/rtl/vertical_slice/gtsu_fused_fps_knn_controller.sv:162$1114_ADDR' from process `\gtsu_fused_fps_knn_controller.$proc$architecture_simulator/rtl/vertical_slice/gtsu_fused_fps_knn_controller.sv:104$1132'.
No latch inferred for signal `\gtsu_fused_fps_knn_controller.$mem2reg_rd$\local_distance$architecture_simulator/rtl/vertical_slice/gtsu_fused_fps_knn_controller.sv:162$1114_DATA' from process `\gtsu_fused_fps_knn_controller.$proc$architecture_simulator/rtl/vertical_slice/gtsu_fused_fps_knn_controller.sv:104$1132'.
No latch inferred for signal `\gtsu_fused_fps_knn_controller.$mem2reg_rd$\local_index$architecture_simulator/rtl/vertical_slice/gtsu_fused_fps_knn_controller.sv:163$1115_ADDR' from process `\gtsu_fused_fps_knn_controller.$proc$architecture_simulator/rtl/vertical_slice/gtsu_fused_fps_knn_controller.sv:104$1132'.
No latch inferred for signal `\gtsu_fused_fps_knn_controller.$mem2reg_rd$\local_index$architecture_simulator/rtl/vertical_slice/gtsu_fused_fps_knn_controller.sv:163$1115_DATA' from process `\gtsu_fused_fps_knn_controller.$proc$architecture_simulator/rtl/vertical_slice/gtsu_fused_fps_knn_controller.sv:104$1132'.
No latch inferred for signal `\gtsu_fused_fps_knn_controller.$mem2reg_rd$\global_distance$architecture_simulator/rtl/vertical_slice/gtsu_fused_fps_knn_controller.sv:166$1116_ADDR' from process `\gtsu_fused_fps_knn_controller.$proc$architecture_simulator/rtl/vertical_slice/gtsu_fused_fps_knn_controller.sv:104$1132'.
No latch inferred for signal `\gtsu_fused_fps_knn_controller.$mem2reg_rd$\global_distance$architecture_simulator/rtl/vertical_slice/gtsu_fused_fps_knn_controller.sv:166$1116_DATA' from process `\gtsu_fused_fps_knn_controller.$proc$architecture_simulator/rtl/vertical_slice/gtsu_fused_fps_knn_controller.sv:104$1132'.
No latch inferred for signal `\gtsu_fused_fps_knn_controller.$mem2reg_rd$\global_index$architecture_simulator/rtl/vertical_slice/gtsu_fused_fps_knn_controller.sv:167$1117_ADDR' from process `\gtsu_fused_fps_knn_controller.$proc$architecture_simulator/rtl/vertical_slice/gtsu_fused_fps_knn_controller.sv:104$1132'.
No latch inferred for signal `\gtsu_fused_fps_knn_controller.$mem2reg_rd$\global_index$architecture_simulator/rtl/vertical_slice/gtsu_fused_fps_knn_controller.sv:167$1117_DATA' from process `\gtsu_fused_fps_knn_controller.$proc$architecture_simulator/rtl/vertical_slice/gtsu_fused_fps_knn_controller.sv:104$1132'.
No latch inferred for signal `\gtsu_fused_fps_knn_controller.$mem2reg_rd$\local_distance$architecture_simulator/rtl/vertical_slice/gtsu_fused_fps_knn_controller.sv:159$1118_ADDR' from process `\gtsu_fused_fps_knn_controller.$proc$architecture_simulator/rtl/vertical_slice/gtsu_fused_fps_knn_controller.sv:104$1132'.
No latch inferred for signal `\gtsu_fused_fps_knn_controller.$mem2reg_rd$\local_distance$architecture_simulator/rtl/vertical_slice/gtsu_fused_fps_knn_controller.sv:159$1118_DATA' from process `\gtsu_fused_fps_knn_controller.$proc$architecture_simulator/rtl/vertical_slice/gtsu_fused_fps_knn_controller.sv:104$1132'.
No latch inferred for signal `\gtsu_fused_fps_knn_controller.$mem2reg_rd$\global_distance$architecture_simulator/rtl/vertical_slice/gtsu_fused_fps_knn_controller.sv:159$1119_ADDR' from process `\gtsu_fused_fps_knn_controller.$proc$architecture_simulator/rtl/vertical_slice/gtsu_fused_fps_knn_controller.sv:104$1132'.
No latch inferred for signal `\gtsu_fused_fps_knn_controller.$mem2reg_rd$\global_distance$architecture_simulator/rtl/vertical_slice/gtsu_fused_fps_knn_controller.sv:159$1119_DATA' from process `\gtsu_fused_fps_knn_controller.$proc$architecture_simulator/rtl/vertical_slice/gtsu_fused_fps_knn_controller.sv:104$1132'.
No latch inferred for signal `\gtsu_fused_fps_knn_controller.$mem2reg_rd$\local_distance$architecture_simulator/rtl/vertical_slice/gtsu_fused_fps_knn_controller.sv:160$1120_ADDR' from process `\gtsu_fused_fps_knn_controller.$proc$architecture_simulator/rtl/vertical_slice/gtsu_fused_fps_knn_controller.sv:104$1132'.
No latch inferred for signal `\gtsu_fused_fps_knn_controller.$mem2reg_rd$\local_distance$architecture_simulator/rtl/vertical_slice/gtsu_fused_fps_knn_controller.sv:160$1120_DATA' from process `\gtsu_fused_fps_knn_controller.$proc$architecture_simulator/rtl/vertical_slice/gtsu_fused_fps_knn_controller.sv:104$1132'.
No latch inferred for signal `\gtsu_fused_fps_knn_controller.$mem2reg_rd$\global_distance$architecture_simulator/rtl/vertical_slice/gtsu_fused_fps_knn_controller.sv:160$1121_ADDR' from process `\gtsu_fused_fps_knn_controller.$proc$architecture_simulator/rtl/vertical_slice/gtsu_fused_fps_knn_controller.sv:104$1132'.
No latch inferred for signal `\gtsu_fused_fps_knn_controller.$mem2reg_rd$\global_distance$architecture_simulator/rtl/vertical_slice/gtsu_fused_fps_knn_controller.sv:160$1121_DATA' from process `\gtsu_fused_fps_knn_controller.$proc$architecture_simulator/rtl/vertical_slice/gtsu_fused_fps_knn_controller.sv:104$1132'.
No latch inferred for signal `\gtsu_fused_fps_knn_controller.$mem2reg_rd$\local_index$architecture_simulator/rtl/vertical_slice/gtsu_fused_fps_knn_controller.sv:161$1122_ADDR' from process `\gtsu_fused_fps_knn_controller.$proc$architecture_simulator/rtl/vertical_slice/gtsu_fused_fps_knn_controller.sv:104$1132'.
No latch inferred for signal `\gtsu_fused_fps_knn_controller.$mem2reg_rd$\local_index$architecture_simulator/rtl/vertical_slice/gtsu_fused_fps_knn_controller.sv:161$1122_DATA' from process `\gtsu_fused_fps_knn_controller.$proc$architecture_simulator/rtl/vertical_slice/gtsu_fused_fps_knn_controller.sv:104$1132'.
No latch inferred for signal `\gtsu_fused_fps_knn_controller.$mem2reg_rd$\global_index$architecture_simulator/rtl/vertical_slice/gtsu_fused_fps_knn_controller.sv:161$1123_ADDR' from process `\gtsu_fused_fps_knn_controller.$proc$architecture_simulator/rtl/vertical_slice/gtsu_fused_fps_knn_controller.sv:104$1132'.
No latch inferred for signal `\gtsu_fused_fps_knn_controller.$mem2reg_rd$\global_index$architecture_simulator/rtl/vertical_slice/gtsu_fused_fps_knn_controller.sv:161$1123_DATA' from process `\gtsu_fused_fps_knn_controller.$proc$architecture_simulator/rtl/vertical_slice/gtsu_fused_fps_knn_controller.sv:104$1132'.
No latch inferred for signal `\gtsu_fused_fps_knn_controller.$mem2reg_rd$\local_distance$architecture_simulator/rtl/vertical_slice/gtsu_fused_fps_knn_controller.sv:162$1124_ADDR' from process `\gtsu_fused_fps_knn_controller.$proc$architecture_simulator/rtl/vertical_slice/gtsu_fused_fps_knn_controller.sv:104$1132'.
No latch inferred for signal `\gtsu_fused_fps_knn_controller.$mem2reg_rd$\local_distance$architecture_simulator/rtl/vertical_slice/gtsu_fused_fps_knn_controller.sv:162$1124_DATA' from process `\gtsu_fused_fps_knn_controller.$proc$architecture_simulator/rtl/vertical_slice/gtsu_fused_fps_knn_controller.sv:104$1132'.
No latch inferred for signal `\gtsu_fused_fps_knn_controller.$mem2reg_rd$\local_index$architecture_simulator/rtl/vertical_slice/gtsu_fused_fps_knn_controller.sv:163$1125_ADDR' from process `\gtsu_fused_fps_knn_controller.$proc$architecture_simulator/rtl/vertical_slice/gtsu_fused_fps_knn_controller.sv:104$1132'.
No latch inferred for signal `\gtsu_fused_fps_knn_controller.$mem2reg_rd$\local_index$architecture_simulator/rtl/vertical_slice/gtsu_fused_fps_knn_controller.sv:163$1125_DATA' from process `\gtsu_fused_fps_knn_controller.$proc$architecture_simulator/rtl/vertical_slice/gtsu_fused_fps_knn_controller.sv:104$1132'.
No latch inferred for signal `\gtsu_fused_fps_knn_controller.$mem2reg_rd$\global_distance$architecture_simulator/rtl/vertical_slice/gtsu_fused_fps_knn_controller.sv:166$1126_ADDR' from process `\gtsu_fused_fps_knn_controller.$proc$architecture_simulator/rtl/vertical_slice/gtsu_fused_fps_knn_controller.sv:104$1132'.
No latch inferred for signal `\gtsu_fused_fps_knn_controller.$mem2reg_rd$\global_distance$architecture_simulator/rtl/vertical_slice/gtsu_fused_fps_knn_controller.sv:166$1126_DATA' from process `\gtsu_fused_fps_knn_controller.$proc$architecture_simulator/rtl/vertical_slice/gtsu_fused_fps_knn_controller.sv:104$1132'.
No latch inferred for signal `\gtsu_fused_fps_knn_controller.$mem2reg_rd$\global_index$architecture_simulator/rtl/vertical_slice/gtsu_fused_fps_knn_controller.sv:167$1127_ADDR' from process `\gtsu_fused_fps_knn_controller.$proc$architecture_simulator/rtl/vertical_slice/gtsu_fused_fps_knn_controller.sv:104$1132'.
No latch inferred for signal `\gtsu_fused_fps_knn_controller.$mem2reg_rd$\global_index$architecture_simulator/rtl/vertical_slice/gtsu_fused_fps_knn_controller.sv:167$1127_DATA' from process `\gtsu_fused_fps_knn_controller.$proc$architecture_simulator/rtl/vertical_slice/gtsu_fused_fps_knn_controller.sv:104$1132'.
Latch inferred for signal `\gtsu_fused_fps_knn_controller.\swap_distance' from process `\gtsu_fused_fps_knn_controller.$proc$architecture_simulator/rtl/vertical_slice/gtsu_fused_fps_knn_controller.sv:104$1132': $auto$proc_dlatch.cc:409:proc_dlatch$4600
Latch inferred for signal `\gtsu_fused_fps_knn_controller.\swap_index' from process `\gtsu_fused_fps_knn_controller.$proc$architecture_simulator/rtl/vertical_slice/gtsu_fused_fps_knn_controller.sv:104$1132': $auto$proc_dlatch.cc:409:proc_dlatch$4603

4.7. Executing PROC_DFF pass (convert process syncs to FFs).
Creating register for signal `\gtsu_fused_fps_knn_controller.\max_distance' using process `\gtsu_fused_fps_knn_controller.$proc$architecture_simulator/rtl/vertical_slice/gtsu_fused_fps_knn_controller.sv:182$1856'.
  created $adff cell `$procdff$4604' with positive edge clock and negative level reset.
Creating register for signal `\gtsu_fused_fps_knn_controller.\max_index' using process `\gtsu_fused_fps_knn_controller.$proc$architecture_simulator/rtl/vertical_slice/gtsu_fused_fps_knn_controller.sv:182$1856'.
  created $adff cell `$procdff$4605' with positive edge clock and negative level reset.
Creating register for signal `\gtsu_fused_fps_knn_controller.\current_center' using process `\gtsu_fused_fps_knn_controller.$proc$architecture_simulator/rtl/vertical_slice/gtsu_fused_fps_knn_controller.sv:182$1856'.
  created $adff cell `$procdff$4606' with positive edge clock and negative level reset.
Creating register for signal `\gtsu_fused_fps_knn_controller.\tile_index' using process `\gtsu_fused_fps_knn_controller.$proc$architecture_simulator/rtl/vertical_slice/gtsu_fused_fps_knn_controller.sv:182$1856'.
  created $adff cell `$procdff$4607' with positive edge clock and negative level reset.
Creating register for signal `\gtsu_fused_fps_knn_controller.\round_index' using process `\gtsu_fused_fps_knn_controller.$proc$architecture_simulator/rtl/vertical_slice/gtsu_fused_fps_knn_controller.sv:182$1856'.
  created $adff cell `$procdff$4608' with positive edge clock and negative level reset.
Creating register for signal `\gtsu_fused_fps_knn_controller.\out_valid_reg' using process `\gtsu_fused_fps_knn_controller.$proc$architecture_simulator/rtl/vertical_slice/gtsu_fused_fps_knn_controller.sv:182$1856'.
  created $adff cell `$procdff$4609' with positive edge clock and negative level reset.
Creating register for signal `\gtsu_fused_fps_knn_controller.\done_reg' using process `\gtsu_fused_fps_knn_controller.$proc$architecture_simulator/rtl/vertical_slice/gtsu_fused_fps_knn_controller.sv:182$1856'.
  created $adff cell `$procdff$4610' with positive edge clock and negative level reset.
Creating register for signal `\gtsu_fused_fps_knn_controller.\out_center_reg' using process `\gtsu_fused_fps_knn_controller.$proc$architecture_simulator/rtl/vertical_slice/gtsu_fused_fps_knn_controller.sv:182$1856'.
  created $adff cell `$procdff$4611' with positive edge clock and negative level reset.
Creating register for signal `\gtsu_fused_fps_knn_controller.\out_next_center_reg' using process `\gtsu_fused_fps_knn_controller.$proc$architecture_simulator/rtl/vertical_slice/gtsu_fused_fps_knn_controller.sv:182$1856'.
  created $adff cell `$procdff$4612' with positive edge clock and negative level reset.
Creating register for signal `\gtsu_fused_fps_knn_controller.\out_indices_reg' using process `\gtsu_fused_fps_knn_controller.$proc$architecture_simulator/rtl/vertical_slice/gtsu_fused_fps_knn_controller.sv:182$1856'.
  created $adff cell `$procdff$4613' with positive edge clock and negative level reset.
Creating register for signal `\gtsu_fused_fps_knn_controller.\out_distances_reg' using process `\gtsu_fused_fps_knn_controller.$proc$architecture_simulator/rtl/vertical_slice/gtsu_fused_fps_knn_controller.sv:182$1856'.
  created $adff cell `$procdff$4614' with positive edge clock and negative level reset.
Creating register for signal `\gtsu_fused_fps_knn_controller.\lane' using process `\gtsu_fused_fps_knn_controller.$proc$architecture_simulator/rtl/vertical_slice/gtsu_fused_fps_knn_controller.sv:182$1856'.
  created $dff cell `$procdff$4615' with positive edge clock.
Creating register for signal `\gtsu_fused_fps_knn_controller.\slot' using process `\gtsu_fused_fps_knn_controller.$proc$architecture_simulator/rtl/vertical_slice/gtsu_fused_fps_knn_controller.sv:182$1856'.
  created $dff cell `$procdff$4616' with positive edge clock.
Creating register for signal `\gtsu_fused_fps_knn_controller.\reset_slot' using process `\gtsu_fused_fps_knn_controller.$proc$architecture_simulator/rtl/vertical_slice/gtsu_fused_fps_knn_controller.sv:182$1856'.
  created $adff cell `$procdff$4617' with positive edge clock and negative level reset.
Creating register for signal `\gtsu_fused_fps_knn_controller.\top_distance[0]' using process `\gtsu_fused_fps_knn_controller.$proc$architecture_simulator/rtl/vertical_slice/gtsu_fused_fps_knn_controller.sv:182$1856'.
  created $adff cell `$procdff$4618' with positive edge clock and negative level reset.
Creating register for signal `\gtsu_fused_fps_knn_controller.\top_distance[1]' using process `\gtsu_fused_fps_knn_controller.$proc$architecture_simulator/rtl/vertical_slice/gtsu_fused_fps_knn_controller.sv:182$1856'.
  created $adff cell `$procdff$4619' with positive edge clock and negative level reset.
Creating register for signal `\gtsu_fused_fps_knn_controller.\top_distance[2]' using process `\gtsu_fused_fps_knn_controller.$proc$architecture_simulator/rtl/vertical_slice/gtsu_fused_fps_knn_controller.sv:182$1856'.
  created $adff cell `$procdff$4620' with positive edge clock and negative level reset.
Creating register for signal `\gtsu_fused_fps_knn_controller.\top_distance[3]' using process `\gtsu_fused_fps_knn_controller.$proc$architecture_simulator/rtl/vertical_slice/gtsu_fused_fps_knn_controller.sv:182$1856'.
  created $adff cell `$procdff$4621' with positive edge clock and negative level reset.
Creating register for signal `\gtsu_fused_fps_knn_controller.\top_index[0]' using process `\gtsu_fused_fps_knn_controller.$proc$architecture_simulator/rtl/vertical_slice/gtsu_fused_fps_knn_controller.sv:182$1856'.
  created $adff cell `$procdff$4622' with positive edge clock and negative level reset.
Creating register for signal `\gtsu_fused_fps_knn_controller.\top_index[1]' using process `\gtsu_fused_fps_knn_controller.$proc$architecture_simulator/rtl/vertical_slice/gtsu_fused_fps_knn_controller.sv:182$1856'.
  created $adff cell `$procdff$4623' with positive edge clock and negative level reset.
Creating register for signal `\gtsu_fused_fps_knn_controller.\top_index[2]' using process `\gtsu_fused_fps_knn_controller.$proc$architecture_simulator/rtl/vertical_slice/gtsu_fused_fps_knn_controller.sv:182$1856'.
  created $adff cell `$procdff$4624' with positive edge clock and negative level reset.
Creating register for signal `\gtsu_fused_fps_knn_controller.\top_index[3]' using process `\gtsu_fused_fps_knn_controller.$proc$architecture_simulator/rtl/vertical_slice/gtsu_fused_fps_knn_controller.sv:182$1856'.
  created $adff cell `$procdff$4625' with positive edge clock and negative level reset.
Creating register for signal `\gtsu_fused_fps_knn_controller.\min_state[0]' using process `\gtsu_fused_fps_knn_controller.$proc$architecture_simulator/rtl/vertical_slice/gtsu_fused_fps_knn_controller.sv:182$1856'.
  created $dff cell `$procdff$4626' with positive edge clock.
Creating register for signal `\gtsu_fused_fps_knn_controller.\min_state[1]' using process `\gtsu_fused_fps_knn_controller.$proc$architecture_simulator/rtl/vertical_slice/gtsu_fused_fps_knn_controller.sv:182$1856'.
  created $dff cell `$procdff$4627' with positive edge clock.
Creating register for signal `\gtsu_fused_fps_knn_controller.\min_state[2]' using process `\gtsu_fused_fps_knn_controller.$proc$architecture_simulator/rtl/vertical_slice/gtsu_fused_fps_knn_controller.sv:182$1856'.
  created $dff cell `$procdff$4628' with positive edge clock.
Creating register for signal `\gtsu_fused_fps_knn_controller.\min_state[3]' using process `\gtsu_fused_fps_knn_controller.$proc$architecture_simulator/rtl/vertical_slice/gtsu_fused_fps_knn_controller.sv:182$1856'.
  created $dff cell `$procdff$4629' with positive edge clock.
Creating register for signal `\gtsu_fused_fps_knn_controller.\min_state[4]' using process `\gtsu_fused_fps_knn_controller.$proc$architecture_simulator/rtl/vertical_slice/gtsu_fused_fps_knn_controller.sv:182$1856'.
  created $dff cell `$procdff$4630' with positive edge clock.
Creating register for signal `\gtsu_fused_fps_knn_controller.\min_state[5]' using process `\gtsu_fused_fps_knn_controller.$proc$architecture_simulator/rtl/vertical_slice/gtsu_fused_fps_knn_controller.sv:182$1856'.
  created $dff cell `$procdff$4631' with positive edge clock.
Creating register for signal `\gtsu_fused_fps_knn_controller.\min_state[6]' using process `\gtsu_fused_fps_knn_controller.$proc$architecture_simulator/rtl/vertical_slice/gtsu_fused_fps_knn_controller.sv:182$1856'.
  created $dff cell `$procdff$4632' with positive edge clock.
Creating register for signal `\gtsu_fused_fps_knn_controller.\min_state[7]' using process `\gtsu_fused_fps_knn_controller.$proc$architecture_simulator/rtl/vertical_slice/gtsu_fused_fps_knn_controller.sv:182$1856'.
  created $dff cell `$procdff$4633' with positive edge clock.
Creating register for signal `\gtsu_fused_fps_knn_controller.\min_state[8]' using process `\gtsu_fused_fps_knn_controller.$proc$architecture_simulator/rtl/vertical_slice/gtsu_fused_fps_knn_controller.sv:182$1856'.
  created $dff cell `$procdff$4634' with positive edge clock.
Creating register for signal `\gtsu_fused_fps_knn_controller.\min_state[9]' using process `\gtsu_fused_fps_knn_controller.$proc$architecture_simulator/rtl/vertical_slice/gtsu_fused_fps_knn_controller.sv:182$1856'.
  created $dff cell `$procdff$4635' with positive edge clock.
Creating register for signal `\gtsu_fused_fps_knn_controller.\min_state[10]' using process `\gtsu_fused_fps_knn_controller.$proc$architecture_simulator/rtl/vertical_slice/gtsu_fused_fps_knn_controller.sv:182$1856'.
  created $dff cell `$procdff$4636' with positive edge clock.
Creating register for signal `\gtsu_fused_fps_knn_controller.\min_state[11]' using process `\gtsu_fused_fps_knn_controller.$proc$architecture_simulator/rtl/vertical_slice/gtsu_fused_fps_knn_controller.sv:182$1856'.
  created $dff cell `$procdff$4637' with positive edge clock.
Creating register for signal `\gtsu_fused_fps_knn_controller.\min_state[12]' using process `\gtsu_fused_fps_knn_controller.$proc$architecture_simulator/rtl/vertical_slice/gtsu_fused_fps_knn_controller.sv:182$1856'.
  created $dff cell `$procdff$4638' with positive edge clock.
Creating register for signal `\gtsu_fused_fps_knn_controller.\min_state[13]' using process `\gtsu_fused_fps_knn_controller.$proc$architecture_simulator/rtl/vertical_slice/gtsu_fused_fps_knn_controller.sv:182$1856'.
  created $dff cell `$procdff$4639' with positive edge clock.
Creating register for signal `\gtsu_fused_fps_knn_controller.\min_state[14]' using process `\gtsu_fused_fps_knn_controller.$proc$architecture_simulator/rtl/vertical_slice/gtsu_fused_fps_knn_controller.sv:182$1856'.
  created $dff cell `$procdff$4640' with positive edge clock.
Creating register for signal `\gtsu_fused_fps_knn_controller.\min_state[15]' using process `\gtsu_fused_fps_knn_controller.$proc$architecture_simulator/rtl/vertical_slice/gtsu_fused_fps_knn_controller.sv:182$1856'.
  created $dff cell `$procdff$4641' with positive edge clock.
Creating register for signal `\gtsu_fused_fps_knn_controller.$mem2reg_wr$\min_state$architecture_simulator/rtl/vertical_slice/gtsu_fused_fps_knn_controller.sv:218$1128_ADDR' using process `\gtsu_fused_fps_knn_controller.$proc$architecture_simulator/rtl/vertical_slice/gtsu_fused_fps_knn_controller.sv:182$1856'.
  created $adff cell `$procdff$4642' with positive edge clock and negative level reset.
Creating register for signal `\gtsu_fused_fps_knn_controller.$mem2reg_wr$\min_state$architecture_simulator/rtl/vertical_slice/gtsu_fused_fps_knn_controller.sv:218$1128_DATA' using process `\gtsu_fused_fps_knn_controller.$proc$architecture_simulator/rtl/vertical_slice/gtsu_fused_fps_knn_controller.sv:182$1856'.
  created $adff cell `$procdff$4643' with positive edge clock and negative level reset.
Creating register for signal `\gtsu_fused_fps_knn_controller.$mem2reg_wr$\min_state$architecture_simulator/rtl/vertical_slice/gtsu_fused_fps_knn_controller.sv:218$1129_ADDR' using process `\gtsu_fused_fps_knn_controller.$proc$architecture_simulator/rtl/vertical_slice/gtsu_fused_fps_knn_controller.sv:182$1856'.
  created $adff cell `$procdff$4644' with positive edge clock and negative level reset.
Creating register for signal `\gtsu_fused_fps_knn_controller.$mem2reg_wr$\min_state$architecture_simulator/rtl/vertical_slice/gtsu_fused_fps_knn_controller.sv:218$1129_DATA' using process `\gtsu_fused_fps_knn_controller.$proc$architecture_simulator/rtl/vertical_slice/gtsu_fused_fps_knn_controller.sv:182$1856'.
  created $adff cell `$procdff$4645' with positive edge clock and negative level reset.
Creating register for signal `\gtsu_fused_fps_knn_controller.$mem2reg_wr$\min_state$architecture_simulator/rtl/vertical_slice/gtsu_fused_fps_knn_controller.sv:218$1130_ADDR' using process `\gtsu_fused_fps_knn_controller.$proc$architecture_simulator/rtl/vertical_slice/gtsu_fused_fps_knn_controller.sv:182$1856'.
  created $adff cell `$procdff$4646' with positive edge clock and negative level reset.
Creating register for signal `\gtsu_fused_fps_knn_controller.$mem2reg_wr$\min_state$architecture_simulator/rtl/vertical_slice/gtsu_fused_fps_knn_controller.sv:218$1130_DATA' using process `\gtsu_fused_fps_knn_controller.$proc$architecture_simulator/rtl/vertical_slice/gtsu_fused_fps_knn_controller.sv:182$1856'.
  created $adff cell `$procdff$4647' with positive edge clock and negative level reset.
Creating register for signal `\gtsu_fused_fps_knn_controller.$mem2reg_wr$\min_state$architecture_simulator/rtl/vertical_slice/gtsu_fused_fps_knn_controller.sv:218$1131_ADDR' using process `\gtsu_fused_fps_knn_controller.$proc$architecture_simulator/rtl/vertical_slice/gtsu_fused_fps_knn_controller.sv:182$1856'.
  created $adff cell `$procdff$4648' with positive edge clock and negative level reset.
Creating register for signal `\gtsu_fused_fps_knn_controller.$mem2reg_wr$\min_state$architecture_simulator/rtl/vertical_slice/gtsu_fused_fps_knn_controller.sv:218$1131_DATA' using process `\gtsu_fused_fps_knn_controller.$proc$architecture_simulator/rtl/vertical_slice/gtsu_fused_fps_knn_controller.sv:182$1856'.
  created $adff cell `$procdff$4649' with positive edge clock and negative level reset.

4.8. Executing PROC_CLEAN pass (remove empty switches from decision trees).
Found and cleaned up 12 empty switches in `\gtsu_fused_fps_knn_controller.$proc$architecture_simulator/rtl/vertical_slice/gtsu_fused_fps_knn_controller.sv:182$1856'.
Removing empty process `gtsu_fused_fps_knn_controller.$proc$architecture_simulator/rtl/vertical_slice/gtsu_fused_fps_knn_controller.sv:182$1856'.
Found and cleaned up 128 empty switches in `\gtsu_fused_fps_knn_controller.$proc$architecture_simulator/rtl/vertical_slice/gtsu_fused_fps_knn_controller.sv:104$1132'.
Removing empty process `gtsu_fused_fps_knn_controller.$proc$architecture_simulator/rtl/vertical_slice/gtsu_fused_fps_knn_controller.sv:104$1132'.
Cleaned up 140 empty switches.

5. Executing MEMORY pass.

5.1. Executing MEMORY_DFF pass (merging $dff cells to $memrd and $memwr).

5.2. Executing OPT_CLEAN pass (remove unused cells and wires).
Finding unused cells or wires in module \gtsu_fused_fps_knn_controller..
Removed 278 unused cells and 1897 unused wires.
<suppressed ~284 debug messages>

5.3. Executing MEMORY_SHARE pass (consolidating $memrd/$memwr cells).

5.4. Executing OPT_CLEAN pass (remove unused cells and wires).
Finding unused cells or wires in module \gtsu_fused_fps_knn_controller..

5.5. Executing MEMORY_COLLECT pass (generating $mem cells).

5.6. Executing MEMORY_MAP pass (converting $mem cells to logic and flip-flops).

6. Executing OPT pass (performing simple optimizations).

6.1. Executing OPT_EXPR pass (perform const folding).
Optimizing module gtsu_fused_fps_knn_controller.
<suppressed ~103 debug messages>

6.2. Executing OPT_MERGE pass (detect identical cells).
Finding identical cells in module `\gtsu_fused_fps_knn_controller'.
<suppressed ~981 debug messages>
Removed a total of 327 cells.

6.3. Executing OPT_MUXTREE pass (detect dead branches in mux trees).
Running muxtree optimizer on module \gtsu_fused_fps_knn_controller..
  Creating internal representation of mux trees.
  Evaluating internal representation of mux trees.
  Analyzing evaluation results.
    dead port 1/2 on $mux $procmux$3034.
    dead port 1/2 on $mux $procmux$3044.
    dead port 2/2 on $mux $procmux$3054.
    dead port 2/2 on $mux $procmux$3064.
    dead port 1/2 on $mux $procmux$3154.
    dead port 1/2 on $mux $procmux$3164.
    dead port 2/2 on $mux $procmux$3174.
    dead port 2/2 on $mux $procmux$3184.
    dead port 1/2 on $mux $procmux$3274.
    dead port 1/2 on $mux $procmux$3284.
    dead port 2/2 on $mux $procmux$3294.
    dead port 2/2 on $mux $procmux$3304.
    dead port 1/2 on $mux $procmux$3387.
    dead port 1/2 on $mux $procmux$3390.
    dead port 2/2 on $mux $procmux$3393.
    dead port 2/2 on $mux $procmux$3396.
    dead port 1/17 on $pmux $procmux$3688.
    dead port 2/17 on $pmux $procmux$3688.
    dead port 3/17 on $pmux $procmux$3688.
    dead port 4/17 on $pmux $procmux$3688.
    dead port 5/17 on $pmux $procmux$3688.
    dead port 6/17 on $pmux $procmux$3688.
    dead port 7/17 on $pmux $procmux$3688.
    dead port 8/17 on $pmux $procmux$3688.
    dead port 9/17 on $pmux $procmux$3688.
    dead port 10/17 on $pmux $procmux$3688.
    dead port 11/17 on $pmux $procmux$3688.
    dead port 12/17 on $pmux $procmux$3688.
    dead port 13/17 on $pmux $procmux$3688.
    dead port 14/17 on $pmux $procmux$3688.
    dead port 15/17 on $pmux $procmux$3688.
    dead port 16/17 on $pmux $procmux$3688.
    dead port 17/17 on $pmux $procmux$3688.
    dead port 1/2 on $mux $procmux$3706.
    dead port 2/2 on $mux $procmux$3706.
    dead port 2/2 on $mux $procmux$3712.
    dead port 2/2 on $mux $procmux$3718.
    dead port 1/2 on $mux $procmux$3747.
    dead port 2/2 on $mux $procmux$3749.
    dead port 2/2 on $mux $procmux$3795.
    dead port 2/2 on $mux $procmux$3852.
    dead port 1/17 on $pmux $procmux$3893.
    dead port 2/17 on $pmux $procmux$3893.
    dead port 3/17 on $pmux $procmux$3893.
    dead port 4/17 on $pmux $procmux$3893.
    dead port 5/17 on $pmux $procmux$3893.
    dead port 6/17 on $pmux $procmux$3893.
    dead port 7/17 on $pmux $procmux$3893.
    dead port 8/17 on $pmux $procmux$3893.
    dead port 9/17 on $pmux $procmux$3893.
    dead port 10/17 on $pmux $procmux$3893.
    dead port 11/17 on $pmux $procmux$3893.
    dead port 12/17 on $pmux $procmux$3893.
    dead port 13/17 on $pmux $procmux$3893.
    dead port 14/17 on $pmux $procmux$3893.
    dead port 15/17 on $pmux $procmux$3893.
    dead port 16/17 on $pmux $procmux$3893.
    dead port 17/17 on $pmux $procmux$3893.
    dead port 1/2 on $mux $procmux$3911.
    dead port 2/2 on $mux $procmux$3911.
    dead port 2/2 on $mux $procmux$3917.
    dead port 2/2 on $mux $procmux$3923.
    dead port 1/2 on $mux $procmux$3952.
    dead port 2/2 on $mux $procmux$3954.
    dead port 2/2 on $mux $procmux$4000.
    dead port 2/2 on $mux $procmux$4057.
    dead port 1/17 on $pmux $procmux$4098.
    dead port 2/17 on $pmux $procmux$4098.
    dead port 3/17 on $pmux $procmux$4098.
    dead port 4/17 on $pmux $procmux$4098.
    dead port 5/17 on $pmux $procmux$4098.
    dead port 6/17 on $pmux $procmux$4098.
    dead port 7/17 on $pmux $procmux$4098.
    dead port 8/17 on $pmux $procmux$4098.
    dead port 9/17 on $pmux $procmux$4098.
    dead port 10/17 on $pmux $procmux$4098.
    dead port 11/17 on $pmux $procmux$4098.
    dead port 12/17 on $pmux $procmux$4098.
    dead port 13/17 on $pmux $procmux$4098.
    dead port 14/17 on $pmux $procmux$4098.
    dead port 15/17 on $pmux $procmux$4098.
    dead port 16/17 on $pmux $procmux$4098.
    dead port 17/17 on $pmux $procmux$4098.
    dead port 1/2 on $mux $procmux$4116.
    dead port 2/2 on $mux $procmux$4116.
    dead port 2/2 on $mux $procmux$4122.
    dead port 2/2 on $mux $procmux$4128.
    dead port 1/2 on $mux $procmux$4157.
    dead port 2/2 on $mux $procmux$4159.
    dead port 2/2 on $mux $procmux$4205.
    dead port 2/2 on $mux $procmux$4262.
    dead port 1/2 on $mux $procmux$4321.
    dead port 2/2 on $mux $procmux$4327.
    dead port 2/2 on $mux $procmux$4333.
    dead port 1/2 on $mux $procmux$4362.
    dead port 2/2 on $mux $procmux$4364.
    dead port 2/2 on $mux $procmux$4410.
Removed 97 multiplexer ports.
<suppressed ~210 debug messages>

6.4. Executing OPT_REDUCE pass (consolidate $*mux and $reduce_* inputs).
  Optimizing cells in module \gtsu_fused_fps_knn_controller.
Performed a total of 0 changes.

6.5. Executing OPT_MERGE pass (detect identical cells).
Finding identical cells in module `\gtsu_fused_fps_knn_controller'.
<suppressed ~69 debug messages>
Removed a total of 23 cells.

6.6. Executing OPT_RMDFF pass (remove dff with constant values).

6.7. Executing OPT_CLEAN pass (remove unused cells and wires).
Finding unused cells or wires in module \gtsu_fused_fps_knn_controller..
Removed 4 unused cells and 428 unused wires.
<suppressed ~7 debug messages>

6.8. Executing OPT_EXPR pass (perform const folding).
Optimizing module gtsu_fused_fps_knn_controller.
<suppressed ~36 debug messages>

6.9. Rerunning OPT passes. (Maybe there is more to do..)

6.10. Executing OPT_MUXTREE pass (detect dead branches in mux trees).
Running muxtree optimizer on module \gtsu_fused_fps_knn_controller..
  Creating internal representation of mux trees.
  Evaluating internal representation of mux trees.
  Analyzing evaluation results.
    dead port 1/17 on $pmux $procmux$4303.
    dead port 2/17 on $pmux $procmux$4303.
    dead port 3/17 on $pmux $procmux$4303.
    dead port 4/17 on $pmux $procmux$4303.
    dead port 5/17 on $pmux $procmux$4303.
    dead port 6/17 on $pmux $procmux$4303.
    dead port 7/17 on $pmux $procmux$4303.
    dead port 8/17 on $pmux $procmux$4303.
    dead port 9/17 on $pmux $procmux$4303.
    dead port 10/17 on $pmux $procmux$4303.
    dead port 11/17 on $pmux $procmux$4303.
    dead port 12/17 on $pmux $procmux$4303.
Removed 12 multiplexer ports.
<suppressed ~193 debug messages>

6.11. Executing OPT_REDUCE pass (consolidate $*mux and $reduce_* inputs).
  Optimizing cells in module \gtsu_fused_fps_knn_controller.
Performed a total of 0 changes.

6.12. Executing OPT_MERGE pass (detect identical cells).
Finding identical cells in module `\gtsu_fused_fps_knn_controller'.
Removed a total of 0 cells.

6.13. Executing OPT_RMDFF pass (remove dff with constant values).

6.14. Executing OPT_CLEAN pass (remove unused cells and wires).
Finding unused cells or wires in module \gtsu_fused_fps_knn_controller..
Removed 0 unused cells and 36 unused wires.
<suppressed ~1 debug messages>

6.15. Executing OPT_EXPR pass (perform const folding).
Optimizing module gtsu_fused_fps_knn_controller.

6.16. Rerunning OPT passes. (Maybe there is more to do..)

6.17. Executing OPT_MUXTREE pass (detect dead branches in mux trees).
Running muxtree optimizer on module \gtsu_fused_fps_knn_controller..
  Creating internal representation of mux trees.
  Evaluating internal representation of mux trees.
  Analyzing evaluation results.
Removed 0 multiplexer ports.
<suppressed ~193 debug messages>

6.18. Executing OPT_REDUCE pass (consolidate $*mux and $reduce_* inputs).
  Optimizing cells in module \gtsu_fused_fps_knn_controller.
Performed a total of 0 changes.

6.19. Executing OPT_MERGE pass (detect identical cells).
Finding identical cells in module `\gtsu_fused_fps_knn_controller'.
Removed a total of 0 cells.

6.20. Executing OPT_RMDFF pass (remove dff with constant values).

6.21. Executing OPT_CLEAN pass (remove unused cells and wires).
Finding unused cells or wires in module \gtsu_fused_fps_knn_controller..

6.22. Executing OPT_EXPR pass (perform const folding).
Optimizing module gtsu_fused_fps_knn_controller.

6.23. Finished OPT passes. (There is nothing left to do.)

7. Executing CHECK pass (checking for obvious problems).
checking module gtsu_fused_fps_knn_controller..
found and reported 0 problems.

8. Printing statistics.

=== gtsu_fused_fps_knn_controller ===

   Number of wires:                592
   Number of wire bits:           6279
   Number of public wires:          88
   Number of public wire bits:    1290
   Number of memories:               0
   Number of memory bits:            0
   Number of processes:              0
   Number of cells:                563
     $add                           14
     $adff                          19
     $and                            8
     $dff                           16
     $eq                            94
     $gt                            28
     $logic_and                     23
     $logic_not                     13
     $logic_or                      24
     $lt                            16
     $mux                          292
     $pmux                          16

Warnings: 10 unique messages, 20 total
End of script. Logfile hash: d12e092bc9
CPU: user 1.93s system 0.02s, MEM: 33.01 MB total, 26.64 MB resident
Yosys 0.9 (git sha1 1979e0b)
Time spent: 18% 5x opt_clean (0 sec), 14% 1x proc_mux (0 sec), ...
