TRACE 1029 OUTPUT_ACCEPT 0 -2048
TRACE 1029 OUTPUT_ACCEPT 1 827392
TRACE 1029 OUTPUT_ACCEPT 2 268288
TRACE 1029 OUTPUT_ACCEPT 3 417792
TRACE 1029 OUTPUT_ACCEPT 4 227328
TRACE 1029 OUTPUT_ACCEPT 5 -303104
TRACE 1029 OUTPUT_ACCEPT 6 -124928
TRACE 1029 OUTPUT_ACCEPT 7 -286720
TRACE 1029 OUTPUT_ACCEPT 8 -788480
TRACE 1029 OUTPUT_ACCEPT 9 466944
TRACE 1029 OUTPUT_ACCEPT 10 333824
TRACE 1029 OUTPUT_ACCEPT 11 -139264
TRACE 1029 OUTPUT_ACCEPT 12 96256
TRACE 1029 OUTPUT_ACCEPT 13 -8192
TRACE 1029 OUTPUT_ACCEPT 14 -452608
TRACE 1029 OUTPUT_ACCEPT 15 -188416
TRACE 1029 OUTPUT_ACCEPT 16 -264192
TRACE 1029 OUTPUT_ACCEPT 17 368640
TRACE 1029 OUTPUT_ACCEPT 18 661504
TRACE 1029 OUTPUT_ACCEPT 19 -434176
TRACE 1029 OUTPUT_ACCEPT 20 227328
TRACE 1029 OUTPUT_ACCEPT 21 548864
TRACE 1029 OUTPUT_ACCEPT 22 -518144
TRACE 1029 OUTPUT_ACCEPT 23 172032
TRACE 1029 OUTPUT_ACCEPT 24 522240
TRACE 1029 OUTPUT_ACCEPT 25 -516096
TRACE 1029 OUTPUT_ACCEPT 26 202752
TRACE 1029 OUTPUT_ACCEPT 27 -466944
TRACE 1029 OUTPUT_ACCEPT 28 -428032
TRACE 1029 OUTPUT_ACCEPT 29 319488
TRACE 1029 OUTPUT_ACCEPT 30 -321536
TRACE 1029 OUTPUT_ACCEPT 31 -253952
TRACE 1029 OUTPUT_ACCEPT 32 522240
TRACE 1029 OUTPUT_ACCEPT 33 -90112
TRACE 1029 OUTPUT_ACCEPT 34 6144
TRACE 1029 OUTPUT_ACCEPT 35 -237568
TRACE 1029 OUTPUT_ACCEPT 36 -821248
TRACE 1029 OUTPUT_ACCEPT 37 352256
TRACE 1029 OUTPUT_ACCEPT 38 137216
TRACE 1029 OUTPUT_ACCEPT 39 -417792
TRACE 1029 OUTPUT_ACCEPT 40 784384
TRACE 1029 OUTPUT_ACCEPT 41 598016
TRACE 1029 OUTPUT_ACCEPT 42 71680
TRACE 1029 OUTPUT_ACCEPT 43 253952
TRACE 1029 OUTPUT_ACCEPT 44 96256
TRACE 1029 OUTPUT_ACCEPT 45 -401408
TRACE 1029 OUTPUT_ACCEPT 46 -190464
TRACE 1029 OUTPUT_ACCEPT 47 -319488
TRACE 1029 OUTPUT_ACCEPT 48 260096
TRACE 1029 OUTPUT_ACCEPT 49 499712
TRACE 1029 OUTPUT_ACCEPT 50 -649216
TRACE 1029 OUTPUT_ACCEPT 51 -40960
TRACE 1029 OUTPUT_ACCEPT 52 227328
TRACE 1029 OUTPUT_ACCEPT 53 -892928
TRACE 1029 OUTPUT_ACCEPT 54 -256000
TRACE 1029 OUTPUT_ACCEPT 55 40960
TRACE 1029 OUTPUT_ACCEPT 56 -2048
TRACE 1029 OUTPUT_ACCEPT 57 663552
TRACE 1029 OUTPUT_ACCEPT 58 -59392
TRACE 1029 OUTPUT_ACCEPT 59 -73728
TRACE 1029 OUTPUT_ACCEPT 60 620544
TRACE 1029 OUTPUT_ACCEPT 61 -73728
TRACE 1029 OUTPUT_ACCEPT 62 -59392
TRACE 1029 OUTPUT_ACCEPT 63 663552
TRACE 2053 OUTPUT_ACCEPT 64 -2048
TRACE 2053 OUTPUT_ACCEPT 65 40960
TRACE 2053 OUTPUT_ACCEPT 66 -256000
TRACE 2053 OUTPUT_ACCEPT 67 -892928
TRACE 2053 OUTPUT_ACCEPT 68 227328
TRACE 2053 OUTPUT_ACCEPT 69 -40960
TRACE 2053 OUTPUT_ACCEPT 70 -649216
TRACE 2053 OUTPUT_ACCEPT 71 499712
TRACE 2053 OUTPUT_ACCEPT 72 260096
TRACE 2053 OUTPUT_ACCEPT 73 -319488
TRACE 2053 OUTPUT_ACCEPT 74 -190464
TRACE 2053 OUTPUT_ACCEPT 75 -401408
TRACE 2053 OUTPUT_ACCEPT 76 96256
TRACE 2053 OUTPUT_ACCEPT 77 253952
TRACE 2053 OUTPUT_ACCEPT 78 71680
TRACE 2053 OUTPUT_ACCEPT 79 598016
TRACE 2053 OUTPUT_ACCEPT 80 784384
TRACE 2053 OUTPUT_ACCEPT 81 -417792
TRACE 2053 OUTPUT_ACCEPT 82 137216
TRACE 2053 OUTPUT_ACCEPT 83 352256
TRACE 2053 OUTPUT_ACCEPT 84 -821248
TRACE 2053 OUTPUT_ACCEPT 85 -237568
TRACE 2053 OUTPUT_ACCEPT 86 6144
TRACE 2053 OUTPUT_ACCEPT 87 -90112
TRACE 2053 OUTPUT_ACCEPT 88 522240
TRACE 2053 OUTPUT_ACCEPT 89 -253952
TRACE 2053 OUTPUT_ACCEPT 90 -321536
TRACE 2053 OUTPUT_ACCEPT 91 319488
TRACE 2053 OUTPUT_ACCEPT 92 -428032
TRACE 2053 OUTPUT_ACCEPT 93 -466944
TRACE 2053 OUTPUT_ACCEPT 94 202752
TRACE 2053 OUTPUT_ACCEPT 95 -516096
TRACE 2053 OUTPUT_ACCEPT 96 522240
TRACE 2053 OUTPUT_ACCEPT 97 172032
TRACE 2053 OUTPUT_ACCEPT 98 -518144
TRACE 2053 OUTPUT_ACCEPT 99 548864
TRACE 2053 OUTPUT_ACCEPT 100 227328
TRACE 2053 OUTPUT_ACCEPT 101 -434176
TRACE 2053 OUTPUT_ACCEPT 102 661504
TRACE 2053 OUTPUT_ACCEPT 103 368640
TRACE 2053 OUTPUT_ACCEPT 104 -264192
TRACE 2053 OUTPUT_ACCEPT 105 -188416
TRACE 2053 OUTPUT_ACCEPT 106 -452608
TRACE 2053 OUTPUT_ACCEPT 107 -8192
TRACE 2053 OUTPUT_ACCEPT 108 96256
TRACE 2053 OUTPUT_ACCEPT 109 -139264
TRACE 2053 OUTPUT_ACCEPT 110 333824
TRACE 2053 OUTPUT_ACCEPT 111 466944
TRACE 2053 OUTPUT_ACCEPT 112 -788480
TRACE 2053 OUTPUT_ACCEPT 113 -286720
TRACE 2053 OUTPUT_ACCEPT 114 -124928
TRACE 2053 OUTPUT_ACCEPT 115 -303104
TRACE 2053 OUTPUT_ACCEPT 116 227328
TRACE 2053 OUTPUT_ACCEPT 117 417792
TRACE 2053 OUTPUT_ACCEPT 118 268288
TRACE 2053 OUTPUT_ACCEPT 119 827392
TRACE 2053 OUTPUT_ACCEPT 120 -2048
TRACE 2053 OUTPUT_ACCEPT 121 -122880
TRACE 2053 OUTPUT_ACCEPT 122 464896
TRACE 2053 OUTPUT_ACCEPT 123 -335872
TRACE 2053 OUTPUT_ACCEPT 124 -428032
TRACE 2053 OUTPUT_ACCEPT 125 188416
TRACE 2053 OUTPUT_ACCEPT 126 -583680
TRACE 2053 OUTPUT_ACCEPT 127 401408
TRACE 3077 OUTPUT_ACCEPT 128 -2048
TRACE 3077 OUTPUT_ACCEPT 129 -745472
TRACE 3077 OUTPUT_ACCEPT 130 268288
TRACE 3077 OUTPUT_ACCEPT 131 -106496
TRACE 3077 OUTPUT_ACCEPT 132 -821248
TRACE 3077 OUTPUT_ACCEPT 133 221184
TRACE 3077 OUTPUT_ACCEPT 134 -124928
TRACE 3077 OUTPUT_ACCEPT 135 237568
TRACE 3077 OUTPUT_ACCEPT 136 260096
TRACE 3077 OUTPUT_ACCEPT 137 -57344
TRACE 3077 OUTPUT_ACCEPT 138 333824
TRACE 3077 OUTPUT_ACCEPT 139 385024
TRACE 3077 OUTPUT_ACCEPT 140 96256
TRACE 3077 OUTPUT_ACCEPT 141 516096
TRACE 3077 OUTPUT_ACCEPT 142 595968
TRACE 3077 OUTPUT_ACCEPT 143 -712704
TRACE 3077 OUTPUT_ACCEPT 144 -264192
TRACE 3077 OUTPUT_ACCEPT 145 -155648
TRACE 3077 OUTPUT_ACCEPT 146 -387072
TRACE 3077 OUTPUT_ACCEPT 147 90112
TRACE 3077 OUTPUT_ACCEPT 148 227328
TRACE 3077 OUTPUT_ACCEPT 149 24576
TRACE 3077 OUTPUT_ACCEPT 150 530432
TRACE 3077 OUTPUT_ACCEPT 151 -352256
TRACE 3077 OUTPUT_ACCEPT 152 -526336
TRACE 3077 OUTPUT_ACCEPT 153 8192
TRACE 3077 OUTPUT_ACCEPT 154 -845824
TRACE 3077 OUTPUT_ACCEPT 155 57344
TRACE 3077 OUTPUT_ACCEPT 156 620544
TRACE 3077 OUTPUT_ACCEPT 157 -204800
TRACE 3077 OUTPUT_ACCEPT 158 727040
TRACE 3077 OUTPUT_ACCEPT 159 270336
TRACE 3077 OUTPUT_ACCEPT 160 -526336
TRACE 3077 OUTPUT_ACCEPT 161 434176
TRACE 3077 OUTPUT_ACCEPT 162 6144
TRACE 3077 OUTPUT_ACCEPT 163 -761856
TRACE 3077 OUTPUT_ACCEPT 164 227328
TRACE 3077 OUTPUT_ACCEPT 165 -172032
TRACE 3077 OUTPUT_ACCEPT 166 137216
TRACE 3077 OUTPUT_ACCEPT 167 106496
TRACE 3077 OUTPUT_ACCEPT 168 -264192
TRACE 3077 OUTPUT_ACCEPT 169 73728
TRACE 3077 OUTPUT_ACCEPT 170 71680
TRACE 3077 OUTPUT_ACCEPT 171 -270336
TRACE 3077 OUTPUT_ACCEPT 172 96256
TRACE 3077 OUTPUT_ACCEPT 173 122880
TRACE 3077 OUTPUT_ACCEPT 174 -190464
TRACE 3077 OUTPUT_ACCEPT 175 204800
TRACE 3077 OUTPUT_ACCEPT 176 260096
TRACE 3077 OUTPUT_ACCEPT 177 -24576
TRACE 3077 OUTPUT_ACCEPT 178 399360
TRACE 3077 OUTPUT_ACCEPT 179 483328
TRACE 3077 OUTPUT_ACCEPT 180 227328
TRACE 3077 OUTPUT_ACCEPT 181 679936
TRACE 3077 OUTPUT_ACCEPT 182 -256000
TRACE 3077 OUTPUT_ACCEPT 183 -483328
TRACE 3077 OUTPUT_ACCEPT 184 -2048
TRACE 3077 OUTPUT_ACCEPT 185 -909312
TRACE 3077 OUTPUT_ACCEPT 186 -59392
TRACE 3077 OUTPUT_ACCEPT 187 450560
TRACE 3077 OUTPUT_ACCEPT 188 -428032
TRACE 3077 OUTPUT_ACCEPT 189 450560
TRACE 3077 OUTPUT_ACCEPT 190 -59392
TRACE 3077 OUTPUT_ACCEPT 191 -909312
TRACE 4101 OUTPUT_ACCEPT 192 -2048
TRACE 4101 OUTPUT_ACCEPT 193 -483328
TRACE 4101 OUTPUT_ACCEPT 194 -256000
TRACE 4101 OUTPUT_ACCEPT 195 679936
TRACE 4101 OUTPUT_ACCEPT 196 227328
TRACE 4101 OUTPUT_ACCEPT 197 483328
TRACE 4101 OUTPUT_ACCEPT 198 399360
TRACE 4101 OUTPUT_ACCEPT 199 -24576
TRACE 4101 OUTPUT_ACCEPT 200 260096
TRACE 4101 OUTPUT_ACCEPT 201 204800
TRACE 4101 OUTPUT_ACCEPT 202 -190464
TRACE 4101 OUTPUT_ACCEPT 203 122880
TRACE 4101 OUTPUT_ACCEPT 204 96256
TRACE 4101 OUTPUT_ACCEPT 205 -270336
TRACE 4101 OUTPUT_ACCEPT 206 71680
TRACE 4101 OUTPUT_ACCEPT 207 73728
TRACE 4101 OUTPUT_ACCEPT 208 -264192
TRACE 4101 OUTPUT_ACCEPT 209 106496
TRACE 4101 OUTPUT_ACCEPT 210 137216
TRACE 4101 OUTPUT_ACCEPT 211 -172032
TRACE 4101 OUTPUT_ACCEPT 212 227328
TRACE 4101 OUTPUT_ACCEPT 213 -761856
TRACE 4101 OUTPUT_ACCEPT 214 6144
TRACE 4101 OUTPUT_ACCEPT 215 434176
TRACE 4101 OUTPUT_ACCEPT 216 -526336
TRACE 4101 OUTPUT_ACCEPT 217 270336
TRACE 4101 OUTPUT_ACCEPT 218 727040
TRACE 4101 OUTPUT_ACCEPT 219 -204800
TRACE 4101 OUTPUT_ACCEPT 220 620544
TRACE 4101 OUTPUT_ACCEPT 221 57344
TRACE 4101 OUTPUT_ACCEPT 222 -845824
TRACE 4101 OUTPUT_ACCEPT 223 8192
TRACE 4101 OUTPUT_ACCEPT 224 -526336
TRACE 4101 OUTPUT_ACCEPT 225 -352256
TRACE 4101 OUTPUT_ACCEPT 226 530432
TRACE 4101 OUTPUT_ACCEPT 227 24576
TRACE 4101 OUTPUT_ACCEPT 228 227328
TRACE 4101 OUTPUT_ACCEPT 229 90112
TRACE 4101 OUTPUT_ACCEPT 230 -387072
TRACE 4101 OUTPUT_ACCEPT 231 -155648
TRACE 4101 OUTPUT_ACCEPT 232 -264192
TRACE 4101 OUTPUT_ACCEPT 233 -712704
TRACE 4101 OUTPUT_ACCEPT 234 595968
TRACE 4101 OUTPUT_ACCEPT 235 516096
TRACE 4101 OUTPUT_ACCEPT 236 96256
TRACE 4101 OUTPUT_ACCEPT 237 385024
TRACE 4101 OUTPUT_ACCEPT 238 333824
TRACE 4101 OUTPUT_ACCEPT 239 -57344
TRACE 4101 OUTPUT_ACCEPT 240 260096
TRACE 4101 OUTPUT_ACCEPT 241 237568
TRACE 4101 OUTPUT_ACCEPT 242 -124928
TRACE 4101 OUTPUT_ACCEPT 243 221184
TRACE 4101 OUTPUT_ACCEPT 244 -821248
TRACE 4101 OUTPUT_ACCEPT 245 -106496
TRACE 4101 OUTPUT_ACCEPT 246 268288
TRACE 4101 OUTPUT_ACCEPT 247 -745472
TRACE 4101 OUTPUT_ACCEPT 248 -2048
TRACE 4101 OUTPUT_ACCEPT 249 401408
TRACE 4101 OUTPUT_ACCEPT 250 -583680
TRACE 4101 OUTPUT_ACCEPT 251 188416
TRACE 4101 OUTPUT_ACCEPT 252 -428032
TRACE 4101 OUTPUT_ACCEPT 253 -335872
TRACE 4101 OUTPUT_ACCEPT 254 464896
TRACE 4101 OUTPUT_ACCEPT 255 -122880
TRACE 5125 OUTPUT_ACCEPT 256 -2048
TRACE 5125 OUTPUT_ACCEPT 257 827392
TRACE 5125 OUTPUT_ACCEPT 258 268288
TRACE 5125 OUTPUT_ACCEPT 259 417792
TRACE 5125 OUTPUT_ACCEPT 260 227328
TRACE 5125 OUTPUT_ACCEPT 261 -303104
TRACE 5125 OUTPUT_ACCEPT 262 -124928
TRACE 5125 OUTPUT_ACCEPT 263 -286720
TRACE 5125 OUTPUT_ACCEPT 264 -788480
TRACE 5125 OUTPUT_ACCEPT 265 466944
TRACE 5125 OUTPUT_ACCEPT 266 333824
TRACE 5125 OUTPUT_ACCEPT 267 -139264
TRACE 5125 OUTPUT_ACCEPT 268 96256
TRACE 5125 OUTPUT_ACCEPT 269 -8192
TRACE 5125 OUTPUT_ACCEPT 270 -452608
TRACE 5125 OUTPUT_ACCEPT 271 -188416
TRACE 5125 OUTPUT_ACCEPT 272 -264192
TRACE 5125 OUTPUT_ACCEPT 273 368640
TRACE 5125 OUTPUT_ACCEPT 274 661504
TRACE 5125 OUTPUT_ACCEPT 275 -434176
TRACE 5125 OUTPUT_ACCEPT 276 227328
TRACE 5125 OUTPUT_ACCEPT 277 548864
TRACE 5125 OUTPUT_ACCEPT 278 -518144
TRACE 5125 OUTPUT_ACCEPT 279 172032
TRACE 5125 OUTPUT_ACCEPT 280 522240
TRACE 5125 OUTPUT_ACCEPT 281 -516096
TRACE 5125 OUTPUT_ACCEPT 282 202752
TRACE 5125 OUTPUT_ACCEPT 283 -466944
TRACE 5125 OUTPUT_ACCEPT 284 -428032
TRACE 5125 OUTPUT_ACCEPT 285 319488
TRACE 5125 OUTPUT_ACCEPT 286 -321536
TRACE 5125 OUTPUT_ACCEPT 287 -253952
TRACE 5125 OUTPUT_ACCEPT 288 522240
TRACE 5125 OUTPUT_ACCEPT 289 -90112
TRACE 5125 OUTPUT_ACCEPT 290 6144
TRACE 5125 OUTPUT_ACCEPT 291 -237568
TRACE 5125 OUTPUT_ACCEPT 292 -821248
TRACE 5125 OUTPUT_ACCEPT 293 352256
TRACE 5125 OUTPUT_ACCEPT 294 137216
TRACE 5125 OUTPUT_ACCEPT 295 -417792
TRACE 5125 OUTPUT_ACCEPT 296 784384
TRACE 5125 OUTPUT_ACCEPT 297 598016
TRACE 5125 OUTPUT_ACCEPT 298 71680
TRACE 5125 OUTPUT_ACCEPT 299 253952
TRACE 5125 OUTPUT_ACCEPT 300 96256
TRACE 5125 OUTPUT_ACCEPT 301 -401408
TRACE 5125 OUTPUT_ACCEPT 302 -190464
TRACE 5125 OUTPUT_ACCEPT 303 -319488
TRACE 5125 OUTPUT_ACCEPT 304 260096
TRACE 5125 OUTPUT_ACCEPT 305 499712
TRACE 5125 OUTPUT_ACCEPT 306 -649216
TRACE 5125 OUTPUT_ACCEPT 307 -40960
TRACE 5125 OUTPUT_ACCEPT 308 227328
TRACE 5125 OUTPUT_ACCEPT 309 -892928
TRACE 5125 OUTPUT_ACCEPT 310 -256000
TRACE 5125 OUTPUT_ACCEPT 311 40960
TRACE 5125 OUTPUT_ACCEPT 312 -2048
TRACE 5125 OUTPUT_ACCEPT 313 663552
TRACE 5125 OUTPUT_ACCEPT 314 -59392
TRACE 5125 OUTPUT_ACCEPT 315 -73728
TRACE 5125 OUTPUT_ACCEPT 316 620544
TRACE 5125 OUTPUT_ACCEPT 317 -73728
TRACE 5125 OUTPUT_ACCEPT 318 -59392
TRACE 5125 OUTPUT_ACCEPT 319 663552
TRACE 6149 OUTPUT_ACCEPT 320 -2048
TRACE 6149 OUTPUT_ACCEPT 321 40960
TRACE 6149 OUTPUT_ACCEPT 322 -256000
TRACE 6149 OUTPUT_ACCEPT 323 -892928
TRACE 6149 OUTPUT_ACCEPT 324 227328
TRACE 6149 OUTPUT_ACCEPT 325 -40960
TRACE 6149 OUTPUT_ACCEPT 326 -649216
TRACE 6149 OUTPUT_ACCEPT 327 499712
TRACE 6149 OUTPUT_ACCEPT 328 260096
TRACE 6149 OUTPUT_ACCEPT 329 -319488
TRACE 6149 OUTPUT_ACCEPT 330 -190464
TRACE 6149 OUTPUT_ACCEPT 331 -401408
TRACE 6149 OUTPUT_ACCEPT 332 96256
TRACE 6149 OUTPUT_ACCEPT 333 253952
TRACE 6149 OUTPUT_ACCEPT 334 71680
TRACE 6149 OUTPUT_ACCEPT 335 598016
TRACE 6149 OUTPUT_ACCEPT 336 784384
TRACE 6149 OUTPUT_ACCEPT 337 -417792
TRACE 6149 OUTPUT_ACCEPT 338 137216
TRACE 6149 OUTPUT_ACCEPT 339 352256
TRACE 6149 OUTPUT_ACCEPT 340 -821248
TRACE 6149 OUTPUT_ACCEPT 341 -237568
TRACE 6149 OUTPUT_ACCEPT 342 6144
TRACE 6149 OUTPUT_ACCEPT 343 -90112
TRACE 6149 OUTPUT_ACCEPT 344 522240
TRACE 6149 OUTPUT_ACCEPT 345 -253952
TRACE 6149 OUTPUT_ACCEPT 346 -321536
TRACE 6149 OUTPUT_ACCEPT 347 319488
TRACE 6149 OUTPUT_ACCEPT 348 -428032
TRACE 6149 OUTPUT_ACCEPT 349 -466944
TRACE 6149 OUTPUT_ACCEPT 350 202752
TRACE 6149 OUTPUT_ACCEPT 351 -516096
TRACE 6149 OUTPUT_ACCEPT 352 522240
TRACE 6149 OUTPUT_ACCEPT 353 172032
TRACE 6149 OUTPUT_ACCEPT 354 -518144
TRACE 6149 OUTPUT_ACCEPT 355 548864
TRACE 6149 OUTPUT_ACCEPT 356 227328
TRACE 6149 OUTPUT_ACCEPT 357 -434176
TRACE 6149 OUTPUT_ACCEPT 358 661504
TRACE 6149 OUTPUT_ACCEPT 359 368640
TRACE 6149 OUTPUT_ACCEPT 360 -264192
TRACE 6149 OUTPUT_ACCEPT 361 -188416
TRACE 6149 OUTPUT_ACCEPT 362 -452608
TRACE 6149 OUTPUT_ACCEPT 363 -8192
TRACE 6149 OUTPUT_ACCEPT 364 96256
TRACE 6149 OUTPUT_ACCEPT 365 -139264
TRACE 6149 OUTPUT_ACCEPT 366 333824
TRACE 6149 OUTPUT_ACCEPT 367 466944
TRACE 6149 OUTPUT_ACCEPT 368 -788480
TRACE 6149 OUTPUT_ACCEPT 369 -286720
TRACE 6149 OUTPUT_ACCEPT 370 -124928
TRACE 6149 OUTPUT_ACCEPT 371 -303104
TRACE 6149 OUTPUT_ACCEPT 372 227328
TRACE 6149 OUTPUT_ACCEPT 373 417792
TRACE 6149 OUTPUT_ACCEPT 374 268288
TRACE 6149 OUTPUT_ACCEPT 375 827392
TRACE 6149 OUTPUT_ACCEPT 376 -2048
TRACE 6149 OUTPUT_ACCEPT 377 -122880
TRACE 6149 OUTPUT_ACCEPT 378 464896
TRACE 6149 OUTPUT_ACCEPT 379 -335872
TRACE 6149 OUTPUT_ACCEPT 380 -428032
TRACE 6149 OUTPUT_ACCEPT 381 188416
TRACE 6149 OUTPUT_ACCEPT 382 -583680
TRACE 6149 OUTPUT_ACCEPT 383 401408
TRACE 7173 OUTPUT_ACCEPT 384 -2048
TRACE 7173 OUTPUT_ACCEPT 385 -745472
TRACE 7173 OUTPUT_ACCEPT 386 268288
TRACE 7173 OUTPUT_ACCEPT 387 -106496
TRACE 7173 OUTPUT_ACCEPT 388 -821248
TRACE 7173 OUTPUT_ACCEPT 389 221184
TRACE 7173 OUTPUT_ACCEPT 390 -124928
TRACE 7173 OUTPUT_ACCEPT 391 237568
TRACE 7173 OUTPUT_ACCEPT 392 260096
TRACE 7173 OUTPUT_ACCEPT 393 -57344
TRACE 7173 OUTPUT_ACCEPT 394 333824
TRACE 7173 OUTPUT_ACCEPT 395 385024
TRACE 7173 OUTPUT_ACCEPT 396 96256
TRACE 7173 OUTPUT_ACCEPT 397 516096
TRACE 7173 OUTPUT_ACCEPT 398 595968
TRACE 7173 OUTPUT_ACCEPT 399 -712704
TRACE 7173 OUTPUT_ACCEPT 400 -264192
TRACE 7173 OUTPUT_ACCEPT 401 -155648
TRACE 7173 OUTPUT_ACCEPT 402 -387072
TRACE 7173 OUTPUT_ACCEPT 403 90112
TRACE 7173 OUTPUT_ACCEPT 404 227328
TRACE 7173 OUTPUT_ACCEPT 405 24576
TRACE 7173 OUTPUT_ACCEPT 406 530432
TRACE 7173 OUTPUT_ACCEPT 407 -352256
TRACE 7173 OUTPUT_ACCEPT 408 -526336
TRACE 7173 OUTPUT_ACCEPT 409 8192
TRACE 7173 OUTPUT_ACCEPT 410 -845824
TRACE 7173 OUTPUT_ACCEPT 411 57344
TRACE 7173 OUTPUT_ACCEPT 412 620544
TRACE 7173 OUTPUT_ACCEPT 413 -204800
TRACE 7173 OUTPUT_ACCEPT 414 727040
TRACE 7173 OUTPUT_ACCEPT 415 270336
TRACE 7173 OUTPUT_ACCEPT 416 -526336
TRACE 7173 OUTPUT_ACCEPT 417 434176
TRACE 7173 OUTPUT_ACCEPT 418 6144
TRACE 7173 OUTPUT_ACCEPT 419 -761856
TRACE 7173 OUTPUT_ACCEPT 420 227328
TRACE 7173 OUTPUT_ACCEPT 421 -172032
TRACE 7173 OUTPUT_ACCEPT 422 137216
TRACE 7173 OUTPUT_ACCEPT 423 106496
TRACE 7173 OUTPUT_ACCEPT 424 -264192
TRACE 7173 OUTPUT_ACCEPT 425 73728
TRACE 7173 OUTPUT_ACCEPT 426 71680
TRACE 7173 OUTPUT_ACCEPT 427 -270336
TRACE 7173 OUTPUT_ACCEPT 428 96256
TRACE 7173 OUTPUT_ACCEPT 429 122880
TRACE 7173 OUTPUT_ACCEPT 430 -190464
TRACE 7173 OUTPUT_ACCEPT 431 204800
TRACE 7173 OUTPUT_ACCEPT 432 260096
TRACE 7173 OUTPUT_ACCEPT 433 -24576
TRACE 7173 OUTPUT_ACCEPT 434 399360
TRACE 7173 OUTPUT_ACCEPT 435 483328
TRACE 7173 OUTPUT_ACCEPT 436 227328
TRACE 7173 OUTPUT_ACCEPT 437 679936
TRACE 7173 OUTPUT_ACCEPT 438 -256000
TRACE 7173 OUTPUT_ACCEPT 439 -483328
TRACE 7173 OUTPUT_ACCEPT 440 -2048
TRACE 7173 OUTPUT_ACCEPT 441 -909312
TRACE 7173 OUTPUT_ACCEPT 442 -59392
TRACE 7173 OUTPUT_ACCEPT 443 450560
TRACE 7173 OUTPUT_ACCEPT 444 -428032
TRACE 7173 OUTPUT_ACCEPT 445 450560
TRACE 7173 OUTPUT_ACCEPT 446 -59392
TRACE 7173 OUTPUT_ACCEPT 447 -909312
TRACE 8197 OUTPUT_ACCEPT 448 -2048
TRACE 8197 OUTPUT_ACCEPT 449 -483328
TRACE 8197 OUTPUT_ACCEPT 450 -256000
TRACE 8197 OUTPUT_ACCEPT 451 679936
TRACE 8197 OUTPUT_ACCEPT 452 227328
TRACE 8197 OUTPUT_ACCEPT 453 483328
TRACE 8197 OUTPUT_ACCEPT 454 399360
TRACE 8197 OUTPUT_ACCEPT 455 -24576
TRACE 8197 OUTPUT_ACCEPT 456 260096
TRACE 8197 OUTPUT_ACCEPT 457 204800
TRACE 8197 OUTPUT_ACCEPT 458 -190464
TRACE 8197 OUTPUT_ACCEPT 459 122880
TRACE 8197 OUTPUT_ACCEPT 460 96256
TRACE 8197 OUTPUT_ACCEPT 461 -270336
TRACE 8197 OUTPUT_ACCEPT 462 71680
TRACE 8197 OUTPUT_ACCEPT 463 73728
TRACE 8197 OUTPUT_ACCEPT 464 -264192
TRACE 8197 OUTPUT_ACCEPT 465 106496
TRACE 8197 OUTPUT_ACCEPT 466 137216
TRACE 8197 OUTPUT_ACCEPT 467 -172032
TRACE 8197 OUTPUT_ACCEPT 468 227328
TRACE 8197 OUTPUT_ACCEPT 469 -761856
TRACE 8197 OUTPUT_ACCEPT 470 6144
TRACE 8197 OUTPUT_ACCEPT 471 434176
TRACE 8197 OUTPUT_ACCEPT 472 -526336
TRACE 8197 OUTPUT_ACCEPT 473 270336
TRACE 8197 OUTPUT_ACCEPT 474 727040
TRACE 8197 OUTPUT_ACCEPT 475 -204800
TRACE 8197 OUTPUT_ACCEPT 476 620544
TRACE 8197 OUTPUT_ACCEPT 477 57344
TRACE 8197 OUTPUT_ACCEPT 478 -845824
TRACE 8197 OUTPUT_ACCEPT 479 8192
TRACE 8197 OUTPUT_ACCEPT 480 -526336
TRACE 8197 OUTPUT_ACCEPT 481 -352256
TRACE 8197 OUTPUT_ACCEPT 482 530432
TRACE 8197 OUTPUT_ACCEPT 483 24576
TRACE 8197 OUTPUT_ACCEPT 484 227328
TRACE 8197 OUTPUT_ACCEPT 485 90112
TRACE 8197 OUTPUT_ACCEPT 486 -387072
TRACE 8197 OUTPUT_ACCEPT 487 -155648
TRACE 8197 OUTPUT_ACCEPT 488 -264192
TRACE 8197 OUTPUT_ACCEPT 489 -712704
TRACE 8197 OUTPUT_ACCEPT 490 595968
TRACE 8197 OUTPUT_ACCEPT 491 516096
TRACE 8197 OUTPUT_ACCEPT 492 96256
TRACE 8197 OUTPUT_ACCEPT 493 385024
TRACE 8197 OUTPUT_ACCEPT 494 333824
TRACE 8197 OUTPUT_ACCEPT 495 -57344
TRACE 8197 OUTPUT_ACCEPT 496 260096
TRACE 8197 OUTPUT_ACCEPT 497 237568
TRACE 8197 OUTPUT_ACCEPT 498 -124928
TRACE 8197 OUTPUT_ACCEPT 499 221184
TRACE 8197 OUTPUT_ACCEPT 500 -821248
TRACE 8197 OUTPUT_ACCEPT 501 -106496
TRACE 8197 OUTPUT_ACCEPT 502 268288
TRACE 8197 OUTPUT_ACCEPT 503 -745472
TRACE 8197 OUTPUT_ACCEPT 504 -2048
TRACE 8197 OUTPUT_ACCEPT 505 401408
TRACE 8197 OUTPUT_ACCEPT 506 -583680
TRACE 8197 OUTPUT_ACCEPT 507 188416
TRACE 8197 OUTPUT_ACCEPT 508 -428032
TRACE 8197 OUTPUT_ACCEPT 509 -335872
TRACE 8197 OUTPUT_ACCEPT 510 464896
TRACE 8197 OUTPUT_ACCEPT 511 -122880
TRACE 9221 OUTPUT_ACCEPT 512 -2048
TRACE 9221 OUTPUT_ACCEPT 513 827392
TRACE 9221 OUTPUT_ACCEPT 514 268288
TRACE 9221 OUTPUT_ACCEPT 515 417792
TRACE 9221 OUTPUT_ACCEPT 516 227328
TRACE 9221 OUTPUT_ACCEPT 517 -303104
TRACE 9221 OUTPUT_ACCEPT 518 -124928
TRACE 9221 OUTPUT_ACCEPT 519 -286720
TRACE 9221 OUTPUT_ACCEPT 520 -788480
TRACE 9221 OUTPUT_ACCEPT 521 466944
TRACE 9221 OUTPUT_ACCEPT 522 333824
TRACE 9221 OUTPUT_ACCEPT 523 -139264
TRACE 9221 OUTPUT_ACCEPT 524 96256
TRACE 9221 OUTPUT_ACCEPT 525 -8192
TRACE 9221 OUTPUT_ACCEPT 526 -452608
TRACE 9221 OUTPUT_ACCEPT 527 -188416
TRACE 9221 OUTPUT_ACCEPT 528 -264192
TRACE 9221 OUTPUT_ACCEPT 529 368640
TRACE 9221 OUTPUT_ACCEPT 530 661504
TRACE 9221 OUTPUT_ACCEPT 531 -434176
TRACE 9221 OUTPUT_ACCEPT 532 227328
TRACE 9221 OUTPUT_ACCEPT 533 548864
TRACE 9221 OUTPUT_ACCEPT 534 -518144
TRACE 9221 OUTPUT_ACCEPT 535 172032
TRACE 9221 OUTPUT_ACCEPT 536 522240
TRACE 9221 OUTPUT_ACCEPT 537 -516096
TRACE 9221 OUTPUT_ACCEPT 538 202752
TRACE 9221 OUTPUT_ACCEPT 539 -466944
TRACE 9221 OUTPUT_ACCEPT 540 -428032
TRACE 9221 OUTPUT_ACCEPT 541 319488
TRACE 9221 OUTPUT_ACCEPT 542 -321536
TRACE 9221 OUTPUT_ACCEPT 543 -253952
TRACE 9221 OUTPUT_ACCEPT 544 522240
TRACE 9221 OUTPUT_ACCEPT 545 -90112
TRACE 9221 OUTPUT_ACCEPT 546 6144
TRACE 9221 OUTPUT_ACCEPT 547 -237568
TRACE 9221 OUTPUT_ACCEPT 548 -821248
TRACE 9221 OUTPUT_ACCEPT 549 352256
TRACE 9221 OUTPUT_ACCEPT 550 137216
TRACE 9221 OUTPUT_ACCEPT 551 -417792
TRACE 9221 OUTPUT_ACCEPT 552 784384
TRACE 9221 OUTPUT_ACCEPT 553 598016
TRACE 9221 OUTPUT_ACCEPT 554 71680
TRACE 9221 OUTPUT_ACCEPT 555 253952
TRACE 9221 OUTPUT_ACCEPT 556 96256
TRACE 9221 OUTPUT_ACCEPT 557 -401408
TRACE 9221 OUTPUT_ACCEPT 558 -190464
TRACE 9221 OUTPUT_ACCEPT 559 -319488
TRACE 9221 OUTPUT_ACCEPT 560 260096
TRACE 9221 OUTPUT_ACCEPT 561 499712
TRACE 9221 OUTPUT_ACCEPT 562 -649216
TRACE 9221 OUTPUT_ACCEPT 563 -40960
TRACE 9221 OUTPUT_ACCEPT 564 227328
TRACE 9221 OUTPUT_ACCEPT 565 -892928
TRACE 9221 OUTPUT_ACCEPT 566 -256000
TRACE 9221 OUTPUT_ACCEPT 567 40960
TRACE 9221 OUTPUT_ACCEPT 568 -2048
TRACE 9221 OUTPUT_ACCEPT 569 663552
TRACE 9221 OUTPUT_ACCEPT 570 -59392
TRACE 9221 OUTPUT_ACCEPT 571 -73728
TRACE 9221 OUTPUT_ACCEPT 572 620544
TRACE 9221 OUTPUT_ACCEPT 573 -73728
TRACE 9221 OUTPUT_ACCEPT 574 -59392
TRACE 9221 OUTPUT_ACCEPT 575 663552
TRACE 10245 OUTPUT_ACCEPT 576 -2048
TRACE 10245 OUTPUT_ACCEPT 577 40960
TRACE 10245 OUTPUT_ACCEPT 578 -256000
TRACE 10245 OUTPUT_ACCEPT 579 -892928
TRACE 10245 OUTPUT_ACCEPT 580 227328
TRACE 10245 OUTPUT_ACCEPT 581 -40960
TRACE 10245 OUTPUT_ACCEPT 582 -649216
TRACE 10245 OUTPUT_ACCEPT 583 499712
TRACE 10245 OUTPUT_ACCEPT 584 260096
TRACE 10245 OUTPUT_ACCEPT 585 -319488
TRACE 10245 OUTPUT_ACCEPT 586 -190464
TRACE 10245 OUTPUT_ACCEPT 587 -401408
TRACE 10245 OUTPUT_ACCEPT 588 96256
TRACE 10245 OUTPUT_ACCEPT 589 253952
TRACE 10245 OUTPUT_ACCEPT 590 71680
TRACE 10245 OUTPUT_ACCEPT 591 598016
TRACE 10245 OUTPUT_ACCEPT 592 784384
TRACE 10245 OUTPUT_ACCEPT 593 -417792
TRACE 10245 OUTPUT_ACCEPT 594 137216
TRACE 10245 OUTPUT_ACCEPT 595 352256
TRACE 10245 OUTPUT_ACCEPT 596 -821248
TRACE 10245 OUTPUT_ACCEPT 597 -237568
TRACE 10245 OUTPUT_ACCEPT 598 6144
TRACE 10245 OUTPUT_ACCEPT 599 -90112
TRACE 10245 OUTPUT_ACCEPT 600 522240
TRACE 10245 OUTPUT_ACCEPT 601 -253952
TRACE 10245 OUTPUT_ACCEPT 602 -321536
TRACE 10245 OUTPUT_ACCEPT 603 319488
TRACE 10245 OUTPUT_ACCEPT 604 -428032
TRACE 10245 OUTPUT_ACCEPT 605 -466944
TRACE 10245 OUTPUT_ACCEPT 606 202752
TRACE 10245 OUTPUT_ACCEPT 607 -516096
TRACE 10245 OUTPUT_ACCEPT 608 522240
TRACE 10245 OUTPUT_ACCEPT 609 172032
TRACE 10245 OUTPUT_ACCEPT 610 -518144
TRACE 10245 OUTPUT_ACCEPT 611 548864
TRACE 10245 OUTPUT_ACCEPT 612 227328
TRACE 10245 OUTPUT_ACCEPT 613 -434176
TRACE 10245 OUTPUT_ACCEPT 614 661504
TRACE 10245 OUTPUT_ACCEPT 615 368640
TRACE 10245 OUTPUT_ACCEPT 616 -264192
TRACE 10245 OUTPUT_ACCEPT 617 -188416
TRACE 10245 OUTPUT_ACCEPT 618 -452608
TRACE 10245 OUTPUT_ACCEPT 619 -8192
TRACE 10245 OUTPUT_ACCEPT 620 96256
TRACE 10245 OUTPUT_ACCEPT 621 -139264
TRACE 10245 OUTPUT_ACCEPT 622 333824
TRACE 10245 OUTPUT_ACCEPT 623 466944
TRACE 10245 OUTPUT_ACCEPT 624 -788480
TRACE 10245 OUTPUT_ACCEPT 625 -286720
TRACE 10245 OUTPUT_ACCEPT 626 -124928
TRACE 10245 OUTPUT_ACCEPT 627 -303104
TRACE 10245 OUTPUT_ACCEPT 628 227328
TRACE 10245 OUTPUT_ACCEPT 629 417792
TRACE 10245 OUTPUT_ACCEPT 630 268288
TRACE 10245 OUTPUT_ACCEPT 631 827392
TRACE 10245 OUTPUT_ACCEPT 632 -2048
TRACE 10245 OUTPUT_ACCEPT 633 -122880
TRACE 10245 OUTPUT_ACCEPT 634 464896
TRACE 10245 OUTPUT_ACCEPT 635 -335872
TRACE 10245 OUTPUT_ACCEPT 636 -428032
TRACE 10245 OUTPUT_ACCEPT 637 188416
TRACE 10245 OUTPUT_ACCEPT 638 -583680
TRACE 10245 OUTPUT_ACCEPT 639 401408
TRACE 11269 OUTPUT_ACCEPT 640 -2048
TRACE 11269 OUTPUT_ACCEPT 641 -745472
TRACE 11269 OUTPUT_ACCEPT 642 268288
TRACE 11269 OUTPUT_ACCEPT 643 -106496
TRACE 11269 OUTPUT_ACCEPT 644 -821248
TRACE 11269 OUTPUT_ACCEPT 645 221184
TRACE 11269 OUTPUT_ACCEPT 646 -124928
TRACE 11269 OUTPUT_ACCEPT 647 237568
TRACE 11269 OUTPUT_ACCEPT 648 260096
TRACE 11269 OUTPUT_ACCEPT 649 -57344
TRACE 11269 OUTPUT_ACCEPT 650 333824
TRACE 11269 OUTPUT_ACCEPT 651 385024
TRACE 11269 OUTPUT_ACCEPT 652 96256
TRACE 11269 OUTPUT_ACCEPT 653 516096
TRACE 11269 OUTPUT_ACCEPT 654 595968
TRACE 11269 OUTPUT_ACCEPT 655 -712704
TRACE 11269 OUTPUT_ACCEPT 656 -264192
TRACE 11269 OUTPUT_ACCEPT 657 -155648
TRACE 11269 OUTPUT_ACCEPT 658 -387072
TRACE 11269 OUTPUT_ACCEPT 659 90112
TRACE 11269 OUTPUT_ACCEPT 660 227328
TRACE 11269 OUTPUT_ACCEPT 661 24576
TRACE 11269 OUTPUT_ACCEPT 662 530432
TRACE 11269 OUTPUT_ACCEPT 663 -352256
TRACE 11269 OUTPUT_ACCEPT 664 -526336
TRACE 11269 OUTPUT_ACCEPT 665 8192
TRACE 11269 OUTPUT_ACCEPT 666 -845824
TRACE 11269 OUTPUT_ACCEPT 667 57344
TRACE 11269 OUTPUT_ACCEPT 668 620544
TRACE 11269 OUTPUT_ACCEPT 669 -204800
TRACE 11269 OUTPUT_ACCEPT 670 727040
TRACE 11269 OUTPUT_ACCEPT 671 270336
TRACE 11269 OUTPUT_ACCEPT 672 -526336
TRACE 11269 OUTPUT_ACCEPT 673 434176
TRACE 11269 OUTPUT_ACCEPT 674 6144
TRACE 11269 OUTPUT_ACCEPT 675 -761856
TRACE 11269 OUTPUT_ACCEPT 676 227328
TRACE 11269 OUTPUT_ACCEPT 677 -172032
TRACE 11269 OUTPUT_ACCEPT 678 137216
TRACE 11269 OUTPUT_ACCEPT 679 106496
TRACE 11269 OUTPUT_ACCEPT 680 -264192
TRACE 11269 OUTPUT_ACCEPT 681 73728
TRACE 11269 OUTPUT_ACCEPT 682 71680
TRACE 11269 OUTPUT_ACCEPT 683 -270336
TRACE 11269 OUTPUT_ACCEPT 684 96256
TRACE 11269 OUTPUT_ACCEPT 685 122880
TRACE 11269 OUTPUT_ACCEPT 686 -190464
TRACE 11269 OUTPUT_ACCEPT 687 204800
TRACE 11269 OUTPUT_ACCEPT 688 260096
TRACE 11269 OUTPUT_ACCEPT 689 -24576
TRACE 11269 OUTPUT_ACCEPT 690 399360
TRACE 11269 OUTPUT_ACCEPT 691 483328
TRACE 11269 OUTPUT_ACCEPT 692 227328
TRACE 11269 OUTPUT_ACCEPT 693 679936
TRACE 11269 OUTPUT_ACCEPT 694 -256000
TRACE 11269 OUTPUT_ACCEPT 695 -483328
TRACE 11269 OUTPUT_ACCEPT 696 -2048
TRACE 11269 OUTPUT_ACCEPT 697 -909312
TRACE 11269 OUTPUT_ACCEPT 698 -59392
TRACE 11269 OUTPUT_ACCEPT 699 450560
TRACE 11269 OUTPUT_ACCEPT 700 -428032
TRACE 11269 OUTPUT_ACCEPT 701 450560
TRACE 11269 OUTPUT_ACCEPT 702 -59392
TRACE 11269 OUTPUT_ACCEPT 703 -909312
TRACE 12293 OUTPUT_ACCEPT 704 -2048
TRACE 12293 OUTPUT_ACCEPT 705 -483328
TRACE 12293 OUTPUT_ACCEPT 706 -256000
TRACE 12293 OUTPUT_ACCEPT 707 679936
TRACE 12293 OUTPUT_ACCEPT 708 227328
TRACE 12293 OUTPUT_ACCEPT 709 483328
TRACE 12293 OUTPUT_ACCEPT 710 399360
TRACE 12293 OUTPUT_ACCEPT 711 -24576
TRACE 12293 OUTPUT_ACCEPT 712 260096
TRACE 12293 OUTPUT_ACCEPT 713 204800
TRACE 12293 OUTPUT_ACCEPT 714 -190464
TRACE 12293 OUTPUT_ACCEPT 715 122880
TRACE 12293 OUTPUT_ACCEPT 716 96256
TRACE 12293 OUTPUT_ACCEPT 717 -270336
TRACE 12293 OUTPUT_ACCEPT 718 71680
TRACE 12293 OUTPUT_ACCEPT 719 73728
TRACE 12293 OUTPUT_ACCEPT 720 -264192
TRACE 12293 OUTPUT_ACCEPT 721 106496
TRACE 12293 OUTPUT_ACCEPT 722 137216
TRACE 12293 OUTPUT_ACCEPT 723 -172032
TRACE 12293 OUTPUT_ACCEPT 724 227328
TRACE 12293 OUTPUT_ACCEPT 725 -761856
TRACE 12293 OUTPUT_ACCEPT 726 6144
TRACE 12293 OUTPUT_ACCEPT 727 434176
TRACE 12293 OUTPUT_ACCEPT 728 -526336
TRACE 12293 OUTPUT_ACCEPT 729 270336
TRACE 12293 OUTPUT_ACCEPT 730 727040
TRACE 12293 OUTPUT_ACCEPT 731 -204800
TRACE 12293 OUTPUT_ACCEPT 732 620544
TRACE 12293 OUTPUT_ACCEPT 733 57344
TRACE 12293 OUTPUT_ACCEPT 734 -845824
TRACE 12293 OUTPUT_ACCEPT 735 8192
TRACE 12293 OUTPUT_ACCEPT 736 -526336
TRACE 12293 OUTPUT_ACCEPT 737 -352256
TRACE 12293 OUTPUT_ACCEPT 738 530432
TRACE 12293 OUTPUT_ACCEPT 739 24576
TRACE 12293 OUTPUT_ACCEPT 740 227328
TRACE 12293 OUTPUT_ACCEPT 741 90112
TRACE 12293 OUTPUT_ACCEPT 742 -387072
TRACE 12293 OUTPUT_ACCEPT 743 -155648
TRACE 12293 OUTPUT_ACCEPT 744 -264192
TRACE 12293 OUTPUT_ACCEPT 745 -712704
TRACE 12293 OUTPUT_ACCEPT 746 595968
TRACE 12293 OUTPUT_ACCEPT 747 516096
TRACE 12293 OUTPUT_ACCEPT 748 96256
TRACE 12293 OUTPUT_ACCEPT 749 385024
TRACE 12293 OUTPUT_ACCEPT 750 333824
TRACE 12293 OUTPUT_ACCEPT 751 -57344
TRACE 12293 OUTPUT_ACCEPT 752 260096
TRACE 12293 OUTPUT_ACCEPT 753 237568
TRACE 12293 OUTPUT_ACCEPT 754 -124928
TRACE 12293 OUTPUT_ACCEPT 755 221184
TRACE 12293 OUTPUT_ACCEPT 756 -821248
TRACE 12293 OUTPUT_ACCEPT 757 -106496
TRACE 12293 OUTPUT_ACCEPT 758 268288
TRACE 12293 OUTPUT_ACCEPT 759 -745472
TRACE 12293 OUTPUT_ACCEPT 760 -2048
TRACE 12293 OUTPUT_ACCEPT 761 401408
TRACE 12293 OUTPUT_ACCEPT 762 -583680
TRACE 12293 OUTPUT_ACCEPT 763 188416
TRACE 12293 OUTPUT_ACCEPT 764 -428032
TRACE 12293 OUTPUT_ACCEPT 765 -335872
TRACE 12293 OUTPUT_ACCEPT 766 464896
TRACE 12293 OUTPUT_ACCEPT 767 -122880
TRACE 13317 OUTPUT_ACCEPT 768 -2048
TRACE 13317 OUTPUT_ACCEPT 769 827392
TRACE 13317 OUTPUT_ACCEPT 770 268288
TRACE 13317 OUTPUT_ACCEPT 771 417792
TRACE 13317 OUTPUT_ACCEPT 772 227328
TRACE 13317 OUTPUT_ACCEPT 773 -303104
TRACE 13317 OUTPUT_ACCEPT 774 -124928
TRACE 13317 OUTPUT_ACCEPT 775 -286720
TRACE 13317 OUTPUT_ACCEPT 776 -788480
TRACE 13317 OUTPUT_ACCEPT 777 466944
TRACE 13317 OUTPUT_ACCEPT 778 333824
TRACE 13317 OUTPUT_ACCEPT 779 -139264
TRACE 13317 OUTPUT_ACCEPT 780 96256
TRACE 13317 OUTPUT_ACCEPT 781 -8192
TRACE 13317 OUTPUT_ACCEPT 782 -452608
TRACE 13317 OUTPUT_ACCEPT 783 -188416
TRACE 13317 OUTPUT_ACCEPT 784 -264192
TRACE 13317 OUTPUT_ACCEPT 785 368640
TRACE 13317 OUTPUT_ACCEPT 786 661504
TRACE 13317 OUTPUT_ACCEPT 787 -434176
TRACE 13317 OUTPUT_ACCEPT 788 227328
TRACE 13317 OUTPUT_ACCEPT 789 548864
TRACE 13317 OUTPUT_ACCEPT 790 -518144
TRACE 13317 OUTPUT_ACCEPT 791 172032
TRACE 13317 OUTPUT_ACCEPT 792 522240
TRACE 13317 OUTPUT_ACCEPT 793 -516096
TRACE 13317 OUTPUT_ACCEPT 794 202752
TRACE 13317 OUTPUT_ACCEPT 795 -466944
TRACE 13317 OUTPUT_ACCEPT 796 -428032
TRACE 13317 OUTPUT_ACCEPT 797 319488
TRACE 13317 OUTPUT_ACCEPT 798 -321536
TRACE 13317 OUTPUT_ACCEPT 799 -253952
TRACE 13317 OUTPUT_ACCEPT 800 522240
TRACE 13317 OUTPUT_ACCEPT 801 -90112
TRACE 13317 OUTPUT_ACCEPT 802 6144
TRACE 13317 OUTPUT_ACCEPT 803 -237568
TRACE 13317 OUTPUT_ACCEPT 804 -821248
TRACE 13317 OUTPUT_ACCEPT 805 352256
TRACE 13317 OUTPUT_ACCEPT 806 137216
TRACE 13317 OUTPUT_ACCEPT 807 -417792
TRACE 13317 OUTPUT_ACCEPT 808 784384
TRACE 13317 OUTPUT_ACCEPT 809 598016
TRACE 13317 OUTPUT_ACCEPT 810 71680
TRACE 13317 OUTPUT_ACCEPT 811 253952
TRACE 13317 OUTPUT_ACCEPT 812 96256
TRACE 13317 OUTPUT_ACCEPT 813 -401408
TRACE 13317 OUTPUT_ACCEPT 814 -190464
TRACE 13317 OUTPUT_ACCEPT 815 -319488
TRACE 13317 OUTPUT_ACCEPT 816 260096
TRACE 13317 OUTPUT_ACCEPT 817 499712
TRACE 13317 OUTPUT_ACCEPT 818 -649216
TRACE 13317 OUTPUT_ACCEPT 819 -40960
TRACE 13317 OUTPUT_ACCEPT 820 227328
TRACE 13317 OUTPUT_ACCEPT 821 -892928
TRACE 13317 OUTPUT_ACCEPT 822 -256000
TRACE 13317 OUTPUT_ACCEPT 823 40960
TRACE 13317 OUTPUT_ACCEPT 824 -2048
TRACE 13317 OUTPUT_ACCEPT 825 663552
TRACE 13317 OUTPUT_ACCEPT 826 -59392
TRACE 13317 OUTPUT_ACCEPT 827 -73728
TRACE 13317 OUTPUT_ACCEPT 828 620544
TRACE 13317 OUTPUT_ACCEPT 829 -73728
TRACE 13317 OUTPUT_ACCEPT 830 -59392
TRACE 13317 OUTPUT_ACCEPT 831 663552
TRACE 14341 OUTPUT_ACCEPT 832 -2048
TRACE 14341 OUTPUT_ACCEPT 833 40960
TRACE 14341 OUTPUT_ACCEPT 834 -256000
TRACE 14341 OUTPUT_ACCEPT 835 -892928
TRACE 14341 OUTPUT_ACCEPT 836 227328
TRACE 14341 OUTPUT_ACCEPT 837 -40960
TRACE 14341 OUTPUT_ACCEPT 838 -649216
TRACE 14341 OUTPUT_ACCEPT 839 499712
TRACE 14341 OUTPUT_ACCEPT 840 260096
TRACE 14341 OUTPUT_ACCEPT 841 -319488
TRACE 14341 OUTPUT_ACCEPT 842 -190464
TRACE 14341 OUTPUT_ACCEPT 843 -401408
TRACE 14341 OUTPUT_ACCEPT 844 96256
TRACE 14341 OUTPUT_ACCEPT 845 253952
TRACE 14341 OUTPUT_ACCEPT 846 71680
TRACE 14341 OUTPUT_ACCEPT 847 598016
TRACE 14341 OUTPUT_ACCEPT 848 784384
TRACE 14341 OUTPUT_ACCEPT 849 -417792
TRACE 14341 OUTPUT_ACCEPT 850 137216
TRACE 14341 OUTPUT_ACCEPT 851 352256
TRACE 14341 OUTPUT_ACCEPT 852 -821248
TRACE 14341 OUTPUT_ACCEPT 853 -237568
TRACE 14341 OUTPUT_ACCEPT 854 6144
TRACE 14341 OUTPUT_ACCEPT 855 -90112
TRACE 14341 OUTPUT_ACCEPT 856 522240
TRACE 14341 OUTPUT_ACCEPT 857 -253952
TRACE 14341 OUTPUT_ACCEPT 858 -321536
TRACE 14341 OUTPUT_ACCEPT 859 319488
TRACE 14341 OUTPUT_ACCEPT 860 -428032
TRACE 14341 OUTPUT_ACCEPT 861 -466944
TRACE 14341 OUTPUT_ACCEPT 862 202752
TRACE 14341 OUTPUT_ACCEPT 863 -516096
TRACE 14341 OUTPUT_ACCEPT 864 522240
TRACE 14341 OUTPUT_ACCEPT 865 172032
TRACE 14341 OUTPUT_ACCEPT 866 -518144
TRACE 14341 OUTPUT_ACCEPT 867 548864
TRACE 14341 OUTPUT_ACCEPT 868 227328
TRACE 14341 OUTPUT_ACCEPT 869 -434176
TRACE 14341 OUTPUT_ACCEPT 870 661504
TRACE 14341 OUTPUT_ACCEPT 871 368640
TRACE 14341 OUTPUT_ACCEPT 872 -264192
TRACE 14341 OUTPUT_ACCEPT 873 -188416
TRACE 14341 OUTPUT_ACCEPT 874 -452608
TRACE 14341 OUTPUT_ACCEPT 875 -8192
TRACE 14341 OUTPUT_ACCEPT 876 96256
TRACE 14341 OUTPUT_ACCEPT 877 -139264
TRACE 14341 OUTPUT_ACCEPT 878 333824
TRACE 14341 OUTPUT_ACCEPT 879 466944
TRACE 14341 OUTPUT_ACCEPT 880 -788480
TRACE 14341 OUTPUT_ACCEPT 881 -286720
TRACE 14341 OUTPUT_ACCEPT 882 -124928
TRACE 14341 OUTPUT_ACCEPT 883 -303104
TRACE 14341 OUTPUT_ACCEPT 884 227328
TRACE 14341 OUTPUT_ACCEPT 885 417792
TRACE 14341 OUTPUT_ACCEPT 886 268288
TRACE 14341 OUTPUT_ACCEPT 887 827392
TRACE 14341 OUTPUT_ACCEPT 888 -2048
TRACE 14341 OUTPUT_ACCEPT 889 -122880
TRACE 14341 OUTPUT_ACCEPT 890 464896
TRACE 14341 OUTPUT_ACCEPT 891 -335872
TRACE 14341 OUTPUT_ACCEPT 892 -428032
TRACE 14341 OUTPUT_ACCEPT 893 188416
TRACE 14341 OUTPUT_ACCEPT 894 -583680
TRACE 14341 OUTPUT_ACCEPT 895 401408
TRACE 15365 OUTPUT_ACCEPT 896 -2048
TRACE 15365 OUTPUT_ACCEPT 897 -745472
TRACE 15365 OUTPUT_ACCEPT 898 268288
TRACE 15365 OUTPUT_ACCEPT 899 -106496
TRACE 15365 OUTPUT_ACCEPT 900 -821248
TRACE 15365 OUTPUT_ACCEPT 901 221184
TRACE 15365 OUTPUT_ACCEPT 902 -124928
TRACE 15365 OUTPUT_ACCEPT 903 237568
TRACE 15365 OUTPUT_ACCEPT 904 260096
TRACE 15365 OUTPUT_ACCEPT 905 -57344
TRACE 15365 OUTPUT_ACCEPT 906 333824
TRACE 15365 OUTPUT_ACCEPT 907 385024
TRACE 15365 OUTPUT_ACCEPT 908 96256
TRACE 15365 OUTPUT_ACCEPT 909 516096
TRACE 15365 OUTPUT_ACCEPT 910 595968
TRACE 15365 OUTPUT_ACCEPT 911 -712704
TRACE 15365 OUTPUT_ACCEPT 912 -264192
TRACE 15365 OUTPUT_ACCEPT 913 -155648
TRACE 15365 OUTPUT_ACCEPT 914 -387072
TRACE 15365 OUTPUT_ACCEPT 915 90112
TRACE 15365 OUTPUT_ACCEPT 916 227328
TRACE 15365 OUTPUT_ACCEPT 917 24576
TRACE 15365 OUTPUT_ACCEPT 918 530432
TRACE 15365 OUTPUT_ACCEPT 919 -352256
TRACE 15365 OUTPUT_ACCEPT 920 -526336
TRACE 15365 OUTPUT_ACCEPT 921 8192
TRACE 15365 OUTPUT_ACCEPT 922 -845824
TRACE 15365 OUTPUT_ACCEPT 923 57344
TRACE 15365 OUTPUT_ACCEPT 924 620544
TRACE 15365 OUTPUT_ACCEPT 925 -204800
TRACE 15365 OUTPUT_ACCEPT 926 727040
TRACE 15365 OUTPUT_ACCEPT 927 270336
TRACE 15365 OUTPUT_ACCEPT 928 -526336
TRACE 15365 OUTPUT_ACCEPT 929 434176
TRACE 15365 OUTPUT_ACCEPT 930 6144
TRACE 15365 OUTPUT_ACCEPT 931 -761856
TRACE 15365 OUTPUT_ACCEPT 932 227328
TRACE 15365 OUTPUT_ACCEPT 933 -172032
TRACE 15365 OUTPUT_ACCEPT 934 137216
TRACE 15365 OUTPUT_ACCEPT 935 106496
TRACE 15365 OUTPUT_ACCEPT 936 -264192
TRACE 15365 OUTPUT_ACCEPT 937 73728
TRACE 15365 OUTPUT_ACCEPT 938 71680
TRACE 15365 OUTPUT_ACCEPT 939 -270336
TRACE 15365 OUTPUT_ACCEPT 940 96256
TRACE 15365 OUTPUT_ACCEPT 941 122880
TRACE 15365 OUTPUT_ACCEPT 942 -190464
TRACE 15365 OUTPUT_ACCEPT 943 204800
TRACE 15365 OUTPUT_ACCEPT 944 260096
TRACE 15365 OUTPUT_ACCEPT 945 -24576
TRACE 15365 OUTPUT_ACCEPT 946 399360
TRACE 15365 OUTPUT_ACCEPT 947 483328
TRACE 15365 OUTPUT_ACCEPT 948 227328
TRACE 15365 OUTPUT_ACCEPT 949 679936
TRACE 15365 OUTPUT_ACCEPT 950 -256000
TRACE 15365 OUTPUT_ACCEPT 951 -483328
TRACE 15365 OUTPUT_ACCEPT 952 -2048
TRACE 15365 OUTPUT_ACCEPT 953 -909312
TRACE 15365 OUTPUT_ACCEPT 954 -59392
TRACE 15365 OUTPUT_ACCEPT 955 450560
TRACE 15365 OUTPUT_ACCEPT 956 -428032
TRACE 15365 OUTPUT_ACCEPT 957 450560
TRACE 15365 OUTPUT_ACCEPT 958 -59392
TRACE 15365 OUTPUT_ACCEPT 959 -909312
TRACE 16389 OUTPUT_ACCEPT 960 -2048
TRACE 16389 OUTPUT_ACCEPT 961 -483328
TRACE 16389 OUTPUT_ACCEPT 962 -256000
TRACE 16389 OUTPUT_ACCEPT 963 679936
TRACE 16389 OUTPUT_ACCEPT 964 227328
TRACE 16389 OUTPUT_ACCEPT 965 483328
TRACE 16389 OUTPUT_ACCEPT 966 399360
TRACE 16389 OUTPUT_ACCEPT 967 -24576
TRACE 16389 OUTPUT_ACCEPT 968 260096
TRACE 16389 OUTPUT_ACCEPT 969 204800
TRACE 16389 OUTPUT_ACCEPT 970 -190464
TRACE 16389 OUTPUT_ACCEPT 971 122880
TRACE 16389 OUTPUT_ACCEPT 972 96256
TRACE 16389 OUTPUT_ACCEPT 973 -270336
TRACE 16389 OUTPUT_ACCEPT 974 71680
TRACE 16389 OUTPUT_ACCEPT 975 73728
TRACE 16389 OUTPUT_ACCEPT 976 -264192
TRACE 16389 OUTPUT_ACCEPT 977 106496
TRACE 16389 OUTPUT_ACCEPT 978 137216
TRACE 16389 OUTPUT_ACCEPT 979 -172032
TRACE 16389 OUTPUT_ACCEPT 980 227328
TRACE 16389 OUTPUT_ACCEPT 981 -761856
TRACE 16389 OUTPUT_ACCEPT 982 6144
TRACE 16389 OUTPUT_ACCEPT 983 434176
TRACE 16389 OUTPUT_ACCEPT 984 -526336
TRACE 16389 OUTPUT_ACCEPT 985 270336
TRACE 16389 OUTPUT_ACCEPT 986 727040
TRACE 16389 OUTPUT_ACCEPT 987 -204800
TRACE 16389 OUTPUT_ACCEPT 988 620544
TRACE 16389 OUTPUT_ACCEPT 989 57344
TRACE 16389 OUTPUT_ACCEPT 990 -845824
TRACE 16389 OUTPUT_ACCEPT 991 8192
TRACE 16389 OUTPUT_ACCEPT 992 -526336
TRACE 16389 OUTPUT_ACCEPT 993 -352256
TRACE 16389 OUTPUT_ACCEPT 994 530432
TRACE 16389 OUTPUT_ACCEPT 995 24576
TRACE 16389 OUTPUT_ACCEPT 996 227328
TRACE 16389 OUTPUT_ACCEPT 997 90112
TRACE 16389 OUTPUT_ACCEPT 998 -387072
TRACE 16389 OUTPUT_ACCEPT 999 -155648
TRACE 16389 OUTPUT_ACCEPT 1000 -264192
TRACE 16389 OUTPUT_ACCEPT 1001 -712704
TRACE 16389 OUTPUT_ACCEPT 1002 595968
TRACE 16389 OUTPUT_ACCEPT 1003 516096
TRACE 16389 OUTPUT_ACCEPT 1004 96256
TRACE 16389 OUTPUT_ACCEPT 1005 385024
TRACE 16389 OUTPUT_ACCEPT 1006 333824
TRACE 16389 OUTPUT_ACCEPT 1007 -57344
TRACE 16389 OUTPUT_ACCEPT 1008 260096
TRACE 16389 OUTPUT_ACCEPT 1009 237568
TRACE 16389 OUTPUT_ACCEPT 1010 -124928
TRACE 16389 OUTPUT_ACCEPT 1011 221184
TRACE 16389 OUTPUT_ACCEPT 1012 -821248
TRACE 16389 OUTPUT_ACCEPT 1013 -106496
TRACE 16389 OUTPUT_ACCEPT 1014 268288
TRACE 16389 OUTPUT_ACCEPT 1015 -745472
TRACE 16389 OUTPUT_ACCEPT 1016 -2048
TRACE 16389 OUTPUT_ACCEPT 1017 401408
TRACE 16389 OUTPUT_ACCEPT 1018 -583680
TRACE 16389 OUTPUT_ACCEPT 1019 188416
TRACE 16389 OUTPUT_ACCEPT 1020 -428032
TRACE 16389 OUTPUT_ACCEPT 1021 -335872
TRACE 16389 OUTPUT_ACCEPT 1022 464896
TRACE 16389 OUTPUT_ACCEPT 1023 -122880
TRACE 17413 OUTPUT_ACCEPT 1024 -2048
TRACE 17413 OUTPUT_ACCEPT 1025 827392
TRACE 17413 OUTPUT_ACCEPT 1026 268288
TRACE 17413 OUTPUT_ACCEPT 1027 417792
TRACE 17413 OUTPUT_ACCEPT 1028 227328
TRACE 17413 OUTPUT_ACCEPT 1029 -303104
TRACE 17413 OUTPUT_ACCEPT 1030 -124928
TRACE 17413 OUTPUT_ACCEPT 1031 -286720
TRACE 17413 OUTPUT_ACCEPT 1032 -788480
TRACE 17413 OUTPUT_ACCEPT 1033 466944
TRACE 17413 OUTPUT_ACCEPT 1034 333824
TRACE 17413 OUTPUT_ACCEPT 1035 -139264
TRACE 17413 OUTPUT_ACCEPT 1036 96256
TRACE 17413 OUTPUT_ACCEPT 1037 -8192
TRACE 17413 OUTPUT_ACCEPT 1038 -452608
TRACE 17413 OUTPUT_ACCEPT 1039 -188416
TRACE 17413 OUTPUT_ACCEPT 1040 -264192
TRACE 17413 OUTPUT_ACCEPT 1041 368640
TRACE 17413 OUTPUT_ACCEPT 1042 661504
TRACE 17413 OUTPUT_ACCEPT 1043 -434176
TRACE 17413 OUTPUT_ACCEPT 1044 227328
TRACE 17413 OUTPUT_ACCEPT 1045 548864
TRACE 17413 OUTPUT_ACCEPT 1046 -518144
TRACE 17413 OUTPUT_ACCEPT 1047 172032
TRACE 17413 OUTPUT_ACCEPT 1048 522240
TRACE 17413 OUTPUT_ACCEPT 1049 -516096
TRACE 17413 OUTPUT_ACCEPT 1050 202752
TRACE 17413 OUTPUT_ACCEPT 1051 -466944
TRACE 17413 OUTPUT_ACCEPT 1052 -428032
TRACE 17413 OUTPUT_ACCEPT 1053 319488
TRACE 17413 OUTPUT_ACCEPT 1054 -321536
TRACE 17413 OUTPUT_ACCEPT 1055 -253952
TRACE 17413 OUTPUT_ACCEPT 1056 522240
TRACE 17413 OUTPUT_ACCEPT 1057 -90112
TRACE 17413 OUTPUT_ACCEPT 1058 6144
TRACE 17413 OUTPUT_ACCEPT 1059 -237568
TRACE 17413 OUTPUT_ACCEPT 1060 -821248
TRACE 17413 OUTPUT_ACCEPT 1061 352256
TRACE 17413 OUTPUT_ACCEPT 1062 137216
TRACE 17413 OUTPUT_ACCEPT 1063 -417792
TRACE 17413 OUTPUT_ACCEPT 1064 784384
TRACE 17413 OUTPUT_ACCEPT 1065 598016
TRACE 17413 OUTPUT_ACCEPT 1066 71680
TRACE 17413 OUTPUT_ACCEPT 1067 253952
TRACE 17413 OUTPUT_ACCEPT 1068 96256
TRACE 17413 OUTPUT_ACCEPT 1069 -401408
TRACE 17413 OUTPUT_ACCEPT 1070 -190464
TRACE 17413 OUTPUT_ACCEPT 1071 -319488
TRACE 17413 OUTPUT_ACCEPT 1072 260096
TRACE 17413 OUTPUT_ACCEPT 1073 499712
TRACE 17413 OUTPUT_ACCEPT 1074 -649216
TRACE 17413 OUTPUT_ACCEPT 1075 -40960
TRACE 17413 OUTPUT_ACCEPT 1076 227328
TRACE 17413 OUTPUT_ACCEPT 1077 -892928
TRACE 17413 OUTPUT_ACCEPT 1078 -256000
TRACE 17413 OUTPUT_ACCEPT 1079 40960
TRACE 17413 OUTPUT_ACCEPT 1080 -2048
TRACE 17413 OUTPUT_ACCEPT 1081 663552
TRACE 17413 OUTPUT_ACCEPT 1082 -59392
TRACE 17413 OUTPUT_ACCEPT 1083 -73728
TRACE 17413 OUTPUT_ACCEPT 1084 620544
TRACE 17413 OUTPUT_ACCEPT 1085 -73728
TRACE 17413 OUTPUT_ACCEPT 1086 -59392
TRACE 17413 OUTPUT_ACCEPT 1087 663552
TRACE 18437 OUTPUT_ACCEPT 1088 -2048
TRACE 18437 OUTPUT_ACCEPT 1089 40960
TRACE 18437 OUTPUT_ACCEPT 1090 -256000
TRACE 18437 OUTPUT_ACCEPT 1091 -892928
TRACE 18437 OUTPUT_ACCEPT 1092 227328
TRACE 18437 OUTPUT_ACCEPT 1093 -40960
TRACE 18437 OUTPUT_ACCEPT 1094 -649216
TRACE 18437 OUTPUT_ACCEPT 1095 499712
TRACE 18437 OUTPUT_ACCEPT 1096 260096
TRACE 18437 OUTPUT_ACCEPT 1097 -319488
TRACE 18437 OUTPUT_ACCEPT 1098 -190464
TRACE 18437 OUTPUT_ACCEPT 1099 -401408
TRACE 18437 OUTPUT_ACCEPT 1100 96256
TRACE 18437 OUTPUT_ACCEPT 1101 253952
TRACE 18437 OUTPUT_ACCEPT 1102 71680
TRACE 18437 OUTPUT_ACCEPT 1103 598016
TRACE 18437 OUTPUT_ACCEPT 1104 784384
TRACE 18437 OUTPUT_ACCEPT 1105 -417792
TRACE 18437 OUTPUT_ACCEPT 1106 137216
TRACE 18437 OUTPUT_ACCEPT 1107 352256
TRACE 18437 OUTPUT_ACCEPT 1108 -821248
TRACE 18437 OUTPUT_ACCEPT 1109 -237568
TRACE 18437 OUTPUT_ACCEPT 1110 6144
TRACE 18437 OUTPUT_ACCEPT 1111 -90112
TRACE 18437 OUTPUT_ACCEPT 1112 522240
TRACE 18437 OUTPUT_ACCEPT 1113 -253952
TRACE 18437 OUTPUT_ACCEPT 1114 -321536
TRACE 18437 OUTPUT_ACCEPT 1115 319488
TRACE 18437 OUTPUT_ACCEPT 1116 -428032
TRACE 18437 OUTPUT_ACCEPT 1117 -466944
TRACE 18437 OUTPUT_ACCEPT 1118 202752
TRACE 18437 OUTPUT_ACCEPT 1119 -516096
TRACE 18437 OUTPUT_ACCEPT 1120 522240
TRACE 18437 OUTPUT_ACCEPT 1121 172032
TRACE 18437 OUTPUT_ACCEPT 1122 -518144
TRACE 18437 OUTPUT_ACCEPT 1123 548864
TRACE 18437 OUTPUT_ACCEPT 1124 227328
TRACE 18437 OUTPUT_ACCEPT 1125 -434176
TRACE 18437 OUTPUT_ACCEPT 1126 661504
TRACE 18437 OUTPUT_ACCEPT 1127 368640
TRACE 18437 OUTPUT_ACCEPT 1128 -264192
TRACE 18437 OUTPUT_ACCEPT 1129 -188416
TRACE 18437 OUTPUT_ACCEPT 1130 -452608
TRACE 18437 OUTPUT_ACCEPT 1131 -8192
TRACE 18437 OUTPUT_ACCEPT 1132 96256
TRACE 18437 OUTPUT_ACCEPT 1133 -139264
TRACE 18437 OUTPUT_ACCEPT 1134 333824
TRACE 18437 OUTPUT_ACCEPT 1135 466944
TRACE 18437 OUTPUT_ACCEPT 1136 -788480
TRACE 18437 OUTPUT_ACCEPT 1137 -286720
TRACE 18437 OUTPUT_ACCEPT 1138 -124928
TRACE 18437 OUTPUT_ACCEPT 1139 -303104
TRACE 18437 OUTPUT_ACCEPT 1140 227328
TRACE 18437 OUTPUT_ACCEPT 1141 417792
TRACE 18437 OUTPUT_ACCEPT 1142 268288
TRACE 18437 OUTPUT_ACCEPT 1143 827392
TRACE 18437 OUTPUT_ACCEPT 1144 -2048
TRACE 18437 OUTPUT_ACCEPT 1145 -122880
TRACE 18437 OUTPUT_ACCEPT 1146 464896
TRACE 18437 OUTPUT_ACCEPT 1147 -335872
TRACE 18437 OUTPUT_ACCEPT 1148 -428032
TRACE 18437 OUTPUT_ACCEPT 1149 188416
TRACE 18437 OUTPUT_ACCEPT 1150 -583680
TRACE 18437 OUTPUT_ACCEPT 1151 401408
TRACE 19461 OUTPUT_ACCEPT 1152 -2048
TRACE 19461 OUTPUT_ACCEPT 1153 -745472
TRACE 19461 OUTPUT_ACCEPT 1154 268288
TRACE 19461 OUTPUT_ACCEPT 1155 -106496
TRACE 19461 OUTPUT_ACCEPT 1156 -821248
TRACE 19461 OUTPUT_ACCEPT 1157 221184
TRACE 19461 OUTPUT_ACCEPT 1158 -124928
TRACE 19461 OUTPUT_ACCEPT 1159 237568
TRACE 19461 OUTPUT_ACCEPT 1160 260096
TRACE 19461 OUTPUT_ACCEPT 1161 -57344
TRACE 19461 OUTPUT_ACCEPT 1162 333824
TRACE 19461 OUTPUT_ACCEPT 1163 385024
TRACE 19461 OUTPUT_ACCEPT 1164 96256
TRACE 19461 OUTPUT_ACCEPT 1165 516096
TRACE 19461 OUTPUT_ACCEPT 1166 595968
TRACE 19461 OUTPUT_ACCEPT 1167 -712704
TRACE 19461 OUTPUT_ACCEPT 1168 -264192
TRACE 19461 OUTPUT_ACCEPT 1169 -155648
TRACE 19461 OUTPUT_ACCEPT 1170 -387072
TRACE 19461 OUTPUT_ACCEPT 1171 90112
TRACE 19461 OUTPUT_ACCEPT 1172 227328
TRACE 19461 OUTPUT_ACCEPT 1173 24576
TRACE 19461 OUTPUT_ACCEPT 1174 530432
TRACE 19461 OUTPUT_ACCEPT 1175 -352256
TRACE 19461 OUTPUT_ACCEPT 1176 -526336
TRACE 19461 OUTPUT_ACCEPT 1177 8192
TRACE 19461 OUTPUT_ACCEPT 1178 -845824
TRACE 19461 OUTPUT_ACCEPT 1179 57344
TRACE 19461 OUTPUT_ACCEPT 1180 620544
TRACE 19461 OUTPUT_ACCEPT 1181 -204800
TRACE 19461 OUTPUT_ACCEPT 1182 727040
TRACE 19461 OUTPUT_ACCEPT 1183 270336
TRACE 19461 OUTPUT_ACCEPT 1184 -526336
TRACE 19461 OUTPUT_ACCEPT 1185 434176
TRACE 19461 OUTPUT_ACCEPT 1186 6144
TRACE 19461 OUTPUT_ACCEPT 1187 -761856
TRACE 19461 OUTPUT_ACCEPT 1188 227328
TRACE 19461 OUTPUT_ACCEPT 1189 -172032
TRACE 19461 OUTPUT_ACCEPT 1190 137216
TRACE 19461 OUTPUT_ACCEPT 1191 106496
TRACE 19461 OUTPUT_ACCEPT 1192 -264192
TRACE 19461 OUTPUT_ACCEPT 1193 73728
TRACE 19461 OUTPUT_ACCEPT 1194 71680
TRACE 19461 OUTPUT_ACCEPT 1195 -270336
TRACE 19461 OUTPUT_ACCEPT 1196 96256
TRACE 19461 OUTPUT_ACCEPT 1197 122880
TRACE 19461 OUTPUT_ACCEPT 1198 -190464
TRACE 19461 OUTPUT_ACCEPT 1199 204800
TRACE 19461 OUTPUT_ACCEPT 1200 260096
TRACE 19461 OUTPUT_ACCEPT 1201 -24576
TRACE 19461 OUTPUT_ACCEPT 1202 399360
TRACE 19461 OUTPUT_ACCEPT 1203 483328
TRACE 19461 OUTPUT_ACCEPT 1204 227328
TRACE 19461 OUTPUT_ACCEPT 1205 679936
TRACE 19461 OUTPUT_ACCEPT 1206 -256000
TRACE 19461 OUTPUT_ACCEPT 1207 -483328
TRACE 19461 OUTPUT_ACCEPT 1208 -2048
TRACE 19461 OUTPUT_ACCEPT 1209 -909312
TRACE 19461 OUTPUT_ACCEPT 1210 -59392
TRACE 19461 OUTPUT_ACCEPT 1211 450560
TRACE 19461 OUTPUT_ACCEPT 1212 -428032
TRACE 19461 OUTPUT_ACCEPT 1213 450560
TRACE 19461 OUTPUT_ACCEPT 1214 -59392
TRACE 19461 OUTPUT_ACCEPT 1215 -909312
TRACE 20485 OUTPUT_ACCEPT 1216 -2048
TRACE 20485 OUTPUT_ACCEPT 1217 -483328
TRACE 20485 OUTPUT_ACCEPT 1218 -256000
TRACE 20485 OUTPUT_ACCEPT 1219 679936
TRACE 20485 OUTPUT_ACCEPT 1220 227328
TRACE 20485 OUTPUT_ACCEPT 1221 483328
TRACE 20485 OUTPUT_ACCEPT 1222 399360
TRACE 20485 OUTPUT_ACCEPT 1223 -24576
TRACE 20485 OUTPUT_ACCEPT 1224 260096
TRACE 20485 OUTPUT_ACCEPT 1225 204800
TRACE 20485 OUTPUT_ACCEPT 1226 -190464
TRACE 20485 OUTPUT_ACCEPT 1227 122880
TRACE 20485 OUTPUT_ACCEPT 1228 96256
TRACE 20485 OUTPUT_ACCEPT 1229 -270336
TRACE 20485 OUTPUT_ACCEPT 1230 71680
TRACE 20485 OUTPUT_ACCEPT 1231 73728
TRACE 20485 OUTPUT_ACCEPT 1232 -264192
TRACE 20485 OUTPUT_ACCEPT 1233 106496
TRACE 20485 OUTPUT_ACCEPT 1234 137216
TRACE 20485 OUTPUT_ACCEPT 1235 -172032
TRACE 20485 OUTPUT_ACCEPT 1236 227328
TRACE 20485 OUTPUT_ACCEPT 1237 -761856
TRACE 20485 OUTPUT_ACCEPT 1238 6144
TRACE 20485 OUTPUT_ACCEPT 1239 434176
TRACE 20485 OUTPUT_ACCEPT 1240 -526336
TRACE 20485 OUTPUT_ACCEPT 1241 270336
TRACE 20485 OUTPUT_ACCEPT 1242 727040
TRACE 20485 OUTPUT_ACCEPT 1243 -204800
TRACE 20485 OUTPUT_ACCEPT 1244 620544
TRACE 20485 OUTPUT_ACCEPT 1245 57344
TRACE 20485 OUTPUT_ACCEPT 1246 -845824
TRACE 20485 OUTPUT_ACCEPT 1247 8192
TRACE 20485 OUTPUT_ACCEPT 1248 -526336
TRACE 20485 OUTPUT_ACCEPT 1249 -352256
TRACE 20485 OUTPUT_ACCEPT 1250 530432
TRACE 20485 OUTPUT_ACCEPT 1251 24576
TRACE 20485 OUTPUT_ACCEPT 1252 227328
TRACE 20485 OUTPUT_ACCEPT 1253 90112
TRACE 20485 OUTPUT_ACCEPT 1254 -387072
TRACE 20485 OUTPUT_ACCEPT 1255 -155648
TRACE 20485 OUTPUT_ACCEPT 1256 -264192
TRACE 20485 OUTPUT_ACCEPT 1257 -712704
TRACE 20485 OUTPUT_ACCEPT 1258 595968
TRACE 20485 OUTPUT_ACCEPT 1259 516096
TRACE 20485 OUTPUT_ACCEPT 1260 96256
TRACE 20485 OUTPUT_ACCEPT 1261 385024
TRACE 20485 OUTPUT_ACCEPT 1262 333824
TRACE 20485 OUTPUT_ACCEPT 1263 -57344
TRACE 20485 OUTPUT_ACCEPT 1264 260096
TRACE 20485 OUTPUT_ACCEPT 1265 237568
TRACE 20485 OUTPUT_ACCEPT 1266 -124928
TRACE 20485 OUTPUT_ACCEPT 1267 221184
TRACE 20485 OUTPUT_ACCEPT 1268 -821248
TRACE 20485 OUTPUT_ACCEPT 1269 -106496
TRACE 20485 OUTPUT_ACCEPT 1270 268288
TRACE 20485 OUTPUT_ACCEPT 1271 -745472
TRACE 20485 OUTPUT_ACCEPT 1272 -2048
TRACE 20485 OUTPUT_ACCEPT 1273 401408
TRACE 20485 OUTPUT_ACCEPT 1274 -583680
TRACE 20485 OUTPUT_ACCEPT 1275 188416
TRACE 20485 OUTPUT_ACCEPT 1276 -428032
TRACE 20485 OUTPUT_ACCEPT 1277 -335872
TRACE 20485 OUTPUT_ACCEPT 1278 464896
TRACE 20485 OUTPUT_ACCEPT 1279 -122880
TRACE 21509 OUTPUT_ACCEPT 1280 -2048
TRACE 21509 OUTPUT_ACCEPT 1281 827392
TRACE 21509 OUTPUT_ACCEPT 1282 268288
TRACE 21509 OUTPUT_ACCEPT 1283 417792
TRACE 21509 OUTPUT_ACCEPT 1284 227328
TRACE 21509 OUTPUT_ACCEPT 1285 -303104
TRACE 21509 OUTPUT_ACCEPT 1286 -124928
TRACE 21509 OUTPUT_ACCEPT 1287 -286720
TRACE 21509 OUTPUT_ACCEPT 1288 -788480
TRACE 21509 OUTPUT_ACCEPT 1289 466944
TRACE 21509 OUTPUT_ACCEPT 1290 333824
TRACE 21509 OUTPUT_ACCEPT 1291 -139264
TRACE 21509 OUTPUT_ACCEPT 1292 96256
TRACE 21509 OUTPUT_ACCEPT 1293 -8192
TRACE 21509 OUTPUT_ACCEPT 1294 -452608
TRACE 21509 OUTPUT_ACCEPT 1295 -188416
TRACE 21509 OUTPUT_ACCEPT 1296 -264192
TRACE 21509 OUTPUT_ACCEPT 1297 368640
TRACE 21509 OUTPUT_ACCEPT 1298 661504
TRACE 21509 OUTPUT_ACCEPT 1299 -434176
TRACE 21509 OUTPUT_ACCEPT 1300 227328
TRACE 21509 OUTPUT_ACCEPT 1301 548864
TRACE 21509 OUTPUT_ACCEPT 1302 -518144
TRACE 21509 OUTPUT_ACCEPT 1303 172032
TRACE 21509 OUTPUT_ACCEPT 1304 522240
TRACE 21509 OUTPUT_ACCEPT 1305 -516096
TRACE 21509 OUTPUT_ACCEPT 1306 202752
TRACE 21509 OUTPUT_ACCEPT 1307 -466944
TRACE 21509 OUTPUT_ACCEPT 1308 -428032
TRACE 21509 OUTPUT_ACCEPT 1309 319488
TRACE 21509 OUTPUT_ACCEPT 1310 -321536
TRACE 21509 OUTPUT_ACCEPT 1311 -253952
TRACE 21509 OUTPUT_ACCEPT 1312 522240
TRACE 21509 OUTPUT_ACCEPT 1313 -90112
TRACE 21509 OUTPUT_ACCEPT 1314 6144
TRACE 21509 OUTPUT_ACCEPT 1315 -237568
TRACE 21509 OUTPUT_ACCEPT 1316 -821248
TRACE 21509 OUTPUT_ACCEPT 1317 352256
TRACE 21509 OUTPUT_ACCEPT 1318 137216
TRACE 21509 OUTPUT_ACCEPT 1319 -417792
TRACE 21509 OUTPUT_ACCEPT 1320 784384
TRACE 21509 OUTPUT_ACCEPT 1321 598016
TRACE 21509 OUTPUT_ACCEPT 1322 71680
TRACE 21509 OUTPUT_ACCEPT 1323 253952
TRACE 21509 OUTPUT_ACCEPT 1324 96256
TRACE 21509 OUTPUT_ACCEPT 1325 -401408
TRACE 21509 OUTPUT_ACCEPT 1326 -190464
TRACE 21509 OUTPUT_ACCEPT 1327 -319488
TRACE 21509 OUTPUT_ACCEPT 1328 260096
TRACE 21509 OUTPUT_ACCEPT 1329 499712
TRACE 21509 OUTPUT_ACCEPT 1330 -649216
TRACE 21509 OUTPUT_ACCEPT 1331 -40960
TRACE 21509 OUTPUT_ACCEPT 1332 227328
TRACE 21509 OUTPUT_ACCEPT 1333 -892928
TRACE 21509 OUTPUT_ACCEPT 1334 -256000
TRACE 21509 OUTPUT_ACCEPT 1335 40960
TRACE 21509 OUTPUT_ACCEPT 1336 -2048
TRACE 21509 OUTPUT_ACCEPT 1337 663552
TRACE 21509 OUTPUT_ACCEPT 1338 -59392
TRACE 21509 OUTPUT_ACCEPT 1339 -73728
TRACE 21509 OUTPUT_ACCEPT 1340 620544
TRACE 21509 OUTPUT_ACCEPT 1341 -73728
TRACE 21509 OUTPUT_ACCEPT 1342 -59392
TRACE 21509 OUTPUT_ACCEPT 1343 663552
TRACE 22533 OUTPUT_ACCEPT 1344 -2048
TRACE 22533 OUTPUT_ACCEPT 1345 40960
TRACE 22533 OUTPUT_ACCEPT 1346 -256000
TRACE 22533 OUTPUT_ACCEPT 1347 -892928
TRACE 22533 OUTPUT_ACCEPT 1348 227328
TRACE 22533 OUTPUT_ACCEPT 1349 -40960
TRACE 22533 OUTPUT_ACCEPT 1350 -649216
TRACE 22533 OUTPUT_ACCEPT 1351 499712
TRACE 22533 OUTPUT_ACCEPT 1352 260096
TRACE 22533 OUTPUT_ACCEPT 1353 -319488
TRACE 22533 OUTPUT_ACCEPT 1354 -190464
TRACE 22533 OUTPUT_ACCEPT 1355 -401408
TRACE 22533 OUTPUT_ACCEPT 1356 96256
TRACE 22533 OUTPUT_ACCEPT 1357 253952
TRACE 22533 OUTPUT_ACCEPT 1358 71680
TRACE 22533 OUTPUT_ACCEPT 1359 598016
TRACE 22533 OUTPUT_ACCEPT 1360 784384
TRACE 22533 OUTPUT_ACCEPT 1361 -417792
TRACE 22533 OUTPUT_ACCEPT 1362 137216
TRACE 22533 OUTPUT_ACCEPT 1363 352256
TRACE 22533 OUTPUT_ACCEPT 1364 -821248
TRACE 22533 OUTPUT_ACCEPT 1365 -237568
TRACE 22533 OUTPUT_ACCEPT 1366 6144
TRACE 22533 OUTPUT_ACCEPT 1367 -90112
TRACE 22533 OUTPUT_ACCEPT 1368 522240
TRACE 22533 OUTPUT_ACCEPT 1369 -253952
TRACE 22533 OUTPUT_ACCEPT 1370 -321536
TRACE 22533 OUTPUT_ACCEPT 1371 319488
TRACE 22533 OUTPUT_ACCEPT 1372 -428032
TRACE 22533 OUTPUT_ACCEPT 1373 -466944
TRACE 22533 OUTPUT_ACCEPT 1374 202752
TRACE 22533 OUTPUT_ACCEPT 1375 -516096
TRACE 22533 OUTPUT_ACCEPT 1376 522240
TRACE 22533 OUTPUT_ACCEPT 1377 172032
TRACE 22533 OUTPUT_ACCEPT 1378 -518144
TRACE 22533 OUTPUT_ACCEPT 1379 548864
TRACE 22533 OUTPUT_ACCEPT 1380 227328
TRACE 22533 OUTPUT_ACCEPT 1381 -434176
TRACE 22533 OUTPUT_ACCEPT 1382 661504
TRACE 22533 OUTPUT_ACCEPT 1383 368640
TRACE 22533 OUTPUT_ACCEPT 1384 -264192
TRACE 22533 OUTPUT_ACCEPT 1385 -188416
TRACE 22533 OUTPUT_ACCEPT 1386 -452608
TRACE 22533 OUTPUT_ACCEPT 1387 -8192
TRACE 22533 OUTPUT_ACCEPT 1388 96256
TRACE 22533 OUTPUT_ACCEPT 1389 -139264
TRACE 22533 OUTPUT_ACCEPT 1390 333824
TRACE 22533 OUTPUT_ACCEPT 1391 466944
TRACE 22533 OUTPUT_ACCEPT 1392 -788480
TRACE 22533 OUTPUT_ACCEPT 1393 -286720
TRACE 22533 OUTPUT_ACCEPT 1394 -124928
TRACE 22533 OUTPUT_ACCEPT 1395 -303104
TRACE 22533 OUTPUT_ACCEPT 1396 227328
TRACE 22533 OUTPUT_ACCEPT 1397 417792
TRACE 22533 OUTPUT_ACCEPT 1398 268288
TRACE 22533 OUTPUT_ACCEPT 1399 827392
TRACE 22533 OUTPUT_ACCEPT 1400 -2048
TRACE 22533 OUTPUT_ACCEPT 1401 -122880
TRACE 22533 OUTPUT_ACCEPT 1402 464896
TRACE 22533 OUTPUT_ACCEPT 1403 -335872
TRACE 22533 OUTPUT_ACCEPT 1404 -428032
TRACE 22533 OUTPUT_ACCEPT 1405 188416
TRACE 22533 OUTPUT_ACCEPT 1406 -583680
TRACE 22533 OUTPUT_ACCEPT 1407 401408
TRACE 23557 OUTPUT_ACCEPT 1408 -2048
TRACE 23557 OUTPUT_ACCEPT 1409 -745472
TRACE 23557 OUTPUT_ACCEPT 1410 268288
TRACE 23557 OUTPUT_ACCEPT 1411 -106496
TRACE 23557 OUTPUT_ACCEPT 1412 -821248
TRACE 23557 OUTPUT_ACCEPT 1413 221184
TRACE 23557 OUTPUT_ACCEPT 1414 -124928
TRACE 23557 OUTPUT_ACCEPT 1415 237568
TRACE 23557 OUTPUT_ACCEPT 1416 260096
TRACE 23557 OUTPUT_ACCEPT 1417 -57344
TRACE 23557 OUTPUT_ACCEPT 1418 333824
TRACE 23557 OUTPUT_ACCEPT 1419 385024
TRACE 23557 OUTPUT_ACCEPT 1420 96256
TRACE 23557 OUTPUT_ACCEPT 1421 516096
TRACE 23557 OUTPUT_ACCEPT 1422 595968
TRACE 23557 OUTPUT_ACCEPT 1423 -712704
TRACE 23557 OUTPUT_ACCEPT 1424 -264192
TRACE 23557 OUTPUT_ACCEPT 1425 -155648
TRACE 23557 OUTPUT_ACCEPT 1426 -387072
TRACE 23557 OUTPUT_ACCEPT 1427 90112
TRACE 23557 OUTPUT_ACCEPT 1428 227328
TRACE 23557 OUTPUT_ACCEPT 1429 24576
TRACE 23557 OUTPUT_ACCEPT 1430 530432
TRACE 23557 OUTPUT_ACCEPT 1431 -352256
TRACE 23557 OUTPUT_ACCEPT 1432 -526336
TRACE 23557 OUTPUT_ACCEPT 1433 8192
TRACE 23557 OUTPUT_ACCEPT 1434 -845824
TRACE 23557 OUTPUT_ACCEPT 1435 57344
TRACE 23557 OUTPUT_ACCEPT 1436 620544
TRACE 23557 OUTPUT_ACCEPT 1437 -204800
TRACE 23557 OUTPUT_ACCEPT 1438 727040
TRACE 23557 OUTPUT_ACCEPT 1439 270336
TRACE 23557 OUTPUT_ACCEPT 1440 -526336
TRACE 23557 OUTPUT_ACCEPT 1441 434176
TRACE 23557 OUTPUT_ACCEPT 1442 6144
TRACE 23557 OUTPUT_ACCEPT 1443 -761856
TRACE 23557 OUTPUT_ACCEPT 1444 227328
TRACE 23557 OUTPUT_ACCEPT 1445 -172032
TRACE 23557 OUTPUT_ACCEPT 1446 137216
TRACE 23557 OUTPUT_ACCEPT 1447 106496
TRACE 23557 OUTPUT_ACCEPT 1448 -264192
TRACE 23557 OUTPUT_ACCEPT 1449 73728
TRACE 23557 OUTPUT_ACCEPT 1450 71680
TRACE 23557 OUTPUT_ACCEPT 1451 -270336
TRACE 23557 OUTPUT_ACCEPT 1452 96256
TRACE 23557 OUTPUT_ACCEPT 1453 122880
TRACE 23557 OUTPUT_ACCEPT 1454 -190464
TRACE 23557 OUTPUT_ACCEPT 1455 204800
TRACE 23557 OUTPUT_ACCEPT 1456 260096
TRACE 23557 OUTPUT_ACCEPT 1457 -24576
TRACE 23557 OUTPUT_ACCEPT 1458 399360
TRACE 23557 OUTPUT_ACCEPT 1459 483328
TRACE 23557 OUTPUT_ACCEPT 1460 227328
TRACE 23557 OUTPUT_ACCEPT 1461 679936
TRACE 23557 OUTPUT_ACCEPT 1462 -256000
TRACE 23557 OUTPUT_ACCEPT 1463 -483328
TRACE 23557 OUTPUT_ACCEPT 1464 -2048
TRACE 23557 OUTPUT_ACCEPT 1465 -909312
TRACE 23557 OUTPUT_ACCEPT 1466 -59392
TRACE 23557 OUTPUT_ACCEPT 1467 450560
TRACE 23557 OUTPUT_ACCEPT 1468 -428032
TRACE 23557 OUTPUT_ACCEPT 1469 450560
TRACE 23557 OUTPUT_ACCEPT 1470 -59392
TRACE 23557 OUTPUT_ACCEPT 1471 -909312
TRACE 24581 OUTPUT_ACCEPT 1472 -2048
TRACE 24581 OUTPUT_ACCEPT 1473 -483328
TRACE 24581 OUTPUT_ACCEPT 1474 -256000
TRACE 24581 OUTPUT_ACCEPT 1475 679936
TRACE 24581 OUTPUT_ACCEPT 1476 227328
TRACE 24581 OUTPUT_ACCEPT 1477 483328
TRACE 24581 OUTPUT_ACCEPT 1478 399360
TRACE 24581 OUTPUT_ACCEPT 1479 -24576
TRACE 24581 OUTPUT_ACCEPT 1480 260096
TRACE 24581 OUTPUT_ACCEPT 1481 204800
TRACE 24581 OUTPUT_ACCEPT 1482 -190464
TRACE 24581 OUTPUT_ACCEPT 1483 122880
TRACE 24581 OUTPUT_ACCEPT 1484 96256
TRACE 24581 OUTPUT_ACCEPT 1485 -270336
TRACE 24581 OUTPUT_ACCEPT 1486 71680
TRACE 24581 OUTPUT_ACCEPT 1487 73728
TRACE 24581 OUTPUT_ACCEPT 1488 -264192
TRACE 24581 OUTPUT_ACCEPT 1489 106496
TRACE 24581 OUTPUT_ACCEPT 1490 137216
TRACE 24581 OUTPUT_ACCEPT 1491 -172032
TRACE 24581 OUTPUT_ACCEPT 1492 227328
TRACE 24581 OUTPUT_ACCEPT 1493 -761856
TRACE 24581 OUTPUT_ACCEPT 1494 6144
TRACE 24581 OUTPUT_ACCEPT 1495 434176
TRACE 24581 OUTPUT_ACCEPT 1496 -526336
TRACE 24581 OUTPUT_ACCEPT 1497 270336
TRACE 24581 OUTPUT_ACCEPT 1498 727040
TRACE 24581 OUTPUT_ACCEPT 1499 -204800
TRACE 24581 OUTPUT_ACCEPT 1500 620544
TRACE 24581 OUTPUT_ACCEPT 1501 57344
TRACE 24581 OUTPUT_ACCEPT 1502 -845824
TRACE 24581 OUTPUT_ACCEPT 1503 8192
TRACE 24581 OUTPUT_ACCEPT 1504 -526336
TRACE 24581 OUTPUT_ACCEPT 1505 -352256
TRACE 24581 OUTPUT_ACCEPT 1506 530432
TRACE 24581 OUTPUT_ACCEPT 1507 24576
TRACE 24581 OUTPUT_ACCEPT 1508 227328
TRACE 24581 OUTPUT_ACCEPT 1509 90112
TRACE 24581 OUTPUT_ACCEPT 1510 -387072
TRACE 24581 OUTPUT_ACCEPT 1511 -155648
TRACE 24581 OUTPUT_ACCEPT 1512 -264192
TRACE 24581 OUTPUT_ACCEPT 1513 -712704
TRACE 24581 OUTPUT_ACCEPT 1514 595968
TRACE 24581 OUTPUT_ACCEPT 1515 516096
TRACE 24581 OUTPUT_ACCEPT 1516 96256
TRACE 24581 OUTPUT_ACCEPT 1517 385024
TRACE 24581 OUTPUT_ACCEPT 1518 333824
TRACE 24581 OUTPUT_ACCEPT 1519 -57344
TRACE 24581 OUTPUT_ACCEPT 1520 260096
TRACE 24581 OUTPUT_ACCEPT 1521 237568
TRACE 24581 OUTPUT_ACCEPT 1522 -124928
TRACE 24581 OUTPUT_ACCEPT 1523 221184
TRACE 24581 OUTPUT_ACCEPT 1524 -821248
TRACE 24581 OUTPUT_ACCEPT 1525 -106496
TRACE 24581 OUTPUT_ACCEPT 1526 268288
TRACE 24581 OUTPUT_ACCEPT 1527 -745472
TRACE 24581 OUTPUT_ACCEPT 1528 -2048
TRACE 24581 OUTPUT_ACCEPT 1529 401408
TRACE 24581 OUTPUT_ACCEPT 1530 -583680
TRACE 24581 OUTPUT_ACCEPT 1531 188416
TRACE 24581 OUTPUT_ACCEPT 1532 -428032
TRACE 24581 OUTPUT_ACCEPT 1533 -335872
TRACE 24581 OUTPUT_ACCEPT 1534 464896
TRACE 24581 OUTPUT_ACCEPT 1535 -122880
TRACE 25605 OUTPUT_ACCEPT 1536 -2048
TRACE 25605 OUTPUT_ACCEPT 1537 827392
TRACE 25605 OUTPUT_ACCEPT 1538 268288
TRACE 25605 OUTPUT_ACCEPT 1539 417792
TRACE 25605 OUTPUT_ACCEPT 1540 227328
TRACE 25605 OUTPUT_ACCEPT 1541 -303104
TRACE 25605 OUTPUT_ACCEPT 1542 -124928
TRACE 25605 OUTPUT_ACCEPT 1543 -286720
TRACE 25605 OUTPUT_ACCEPT 1544 -788480
TRACE 25605 OUTPUT_ACCEPT 1545 466944
TRACE 25605 OUTPUT_ACCEPT 1546 333824
TRACE 25605 OUTPUT_ACCEPT 1547 -139264
TRACE 25605 OUTPUT_ACCEPT 1548 96256
TRACE 25605 OUTPUT_ACCEPT 1549 -8192
TRACE 25605 OUTPUT_ACCEPT 1550 -452608
TRACE 25605 OUTPUT_ACCEPT 1551 -188416
TRACE 25605 OUTPUT_ACCEPT 1552 -264192
TRACE 25605 OUTPUT_ACCEPT 1553 368640
TRACE 25605 OUTPUT_ACCEPT 1554 661504
TRACE 25605 OUTPUT_ACCEPT 1555 -434176
TRACE 25605 OUTPUT_ACCEPT 1556 227328
TRACE 25605 OUTPUT_ACCEPT 1557 548864
TRACE 25605 OUTPUT_ACCEPT 1558 -518144
TRACE 25605 OUTPUT_ACCEPT 1559 172032
TRACE 25605 OUTPUT_ACCEPT 1560 522240
TRACE 25605 OUTPUT_ACCEPT 1561 -516096
TRACE 25605 OUTPUT_ACCEPT 1562 202752
TRACE 25605 OUTPUT_ACCEPT 1563 -466944
TRACE 25605 OUTPUT_ACCEPT 1564 -428032
TRACE 25605 OUTPUT_ACCEPT 1565 319488
TRACE 25605 OUTPUT_ACCEPT 1566 -321536
TRACE 25605 OUTPUT_ACCEPT 1567 -253952
TRACE 25605 OUTPUT_ACCEPT 1568 522240
TRACE 25605 OUTPUT_ACCEPT 1569 -90112
TRACE 25605 OUTPUT_ACCEPT 1570 6144
TRACE 25605 OUTPUT_ACCEPT 1571 -237568
TRACE 25605 OUTPUT_ACCEPT 1572 -821248
TRACE 25605 OUTPUT_ACCEPT 1573 352256
TRACE 25605 OUTPUT_ACCEPT 1574 137216
TRACE 25605 OUTPUT_ACCEPT 1575 -417792
TRACE 25605 OUTPUT_ACCEPT 1576 784384
TRACE 25605 OUTPUT_ACCEPT 1577 598016
TRACE 25605 OUTPUT_ACCEPT 1578 71680
TRACE 25605 OUTPUT_ACCEPT 1579 253952
TRACE 25605 OUTPUT_ACCEPT 1580 96256
TRACE 25605 OUTPUT_ACCEPT 1581 -401408
TRACE 25605 OUTPUT_ACCEPT 1582 -190464
TRACE 25605 OUTPUT_ACCEPT 1583 -319488
TRACE 25605 OUTPUT_ACCEPT 1584 260096
TRACE 25605 OUTPUT_ACCEPT 1585 499712
TRACE 25605 OUTPUT_ACCEPT 1586 -649216
TRACE 25605 OUTPUT_ACCEPT 1587 -40960
TRACE 25605 OUTPUT_ACCEPT 1588 227328
TRACE 25605 OUTPUT_ACCEPT 1589 -892928
TRACE 25605 OUTPUT_ACCEPT 1590 -256000
TRACE 25605 OUTPUT_ACCEPT 1591 40960
TRACE 25605 OUTPUT_ACCEPT 1592 -2048
TRACE 25605 OUTPUT_ACCEPT 1593 663552
TRACE 25605 OUTPUT_ACCEPT 1594 -59392
TRACE 25605 OUTPUT_ACCEPT 1595 -73728
TRACE 25605 OUTPUT_ACCEPT 1596 620544
TRACE 25605 OUTPUT_ACCEPT 1597 -73728
TRACE 25605 OUTPUT_ACCEPT 1598 -59392
TRACE 25605 OUTPUT_ACCEPT 1599 663552
TRACE 26629 OUTPUT_ACCEPT 1600 -2048
TRACE 26629 OUTPUT_ACCEPT 1601 40960
TRACE 26629 OUTPUT_ACCEPT 1602 -256000
TRACE 26629 OUTPUT_ACCEPT 1603 -892928
TRACE 26629 OUTPUT_ACCEPT 1604 227328
TRACE 26629 OUTPUT_ACCEPT 1605 -40960
TRACE 26629 OUTPUT_ACCEPT 1606 -649216
TRACE 26629 OUTPUT_ACCEPT 1607 499712
TRACE 26629 OUTPUT_ACCEPT 1608 260096
TRACE 26629 OUTPUT_ACCEPT 1609 -319488
TRACE 26629 OUTPUT_ACCEPT 1610 -190464
TRACE 26629 OUTPUT_ACCEPT 1611 -401408
TRACE 26629 OUTPUT_ACCEPT 1612 96256
TRACE 26629 OUTPUT_ACCEPT 1613 253952
TRACE 26629 OUTPUT_ACCEPT 1614 71680
TRACE 26629 OUTPUT_ACCEPT 1615 598016
TRACE 26629 OUTPUT_ACCEPT 1616 784384
TRACE 26629 OUTPUT_ACCEPT 1617 -417792
TRACE 26629 OUTPUT_ACCEPT 1618 137216
TRACE 26629 OUTPUT_ACCEPT 1619 352256
TRACE 26629 OUTPUT_ACCEPT 1620 -821248
TRACE 26629 OUTPUT_ACCEPT 1621 -237568
TRACE 26629 OUTPUT_ACCEPT 1622 6144
TRACE 26629 OUTPUT_ACCEPT 1623 -90112
TRACE 26629 OUTPUT_ACCEPT 1624 522240
TRACE 26629 OUTPUT_ACCEPT 1625 -253952
TRACE 26629 OUTPUT_ACCEPT 1626 -321536
TRACE 26629 OUTPUT_ACCEPT 1627 319488
TRACE 26629 OUTPUT_ACCEPT 1628 -428032
TRACE 26629 OUTPUT_ACCEPT 1629 -466944
TRACE 26629 OUTPUT_ACCEPT 1630 202752
TRACE 26629 OUTPUT_ACCEPT 1631 -516096
TRACE 26629 OUTPUT_ACCEPT 1632 522240
TRACE 26629 OUTPUT_ACCEPT 1633 172032
TRACE 26629 OUTPUT_ACCEPT 1634 -518144
TRACE 26629 OUTPUT_ACCEPT 1635 548864
TRACE 26629 OUTPUT_ACCEPT 1636 227328
TRACE 26629 OUTPUT_ACCEPT 1637 -434176
TRACE 26629 OUTPUT_ACCEPT 1638 661504
TRACE 26629 OUTPUT_ACCEPT 1639 368640
TRACE 26629 OUTPUT_ACCEPT 1640 -264192
TRACE 26629 OUTPUT_ACCEPT 1641 -188416
TRACE 26629 OUTPUT_ACCEPT 1642 -452608
TRACE 26629 OUTPUT_ACCEPT 1643 -8192
TRACE 26629 OUTPUT_ACCEPT 1644 96256
TRACE 26629 OUTPUT_ACCEPT 1645 -139264
TRACE 26629 OUTPUT_ACCEPT 1646 333824
TRACE 26629 OUTPUT_ACCEPT 1647 466944
TRACE 26629 OUTPUT_ACCEPT 1648 -788480
TRACE 26629 OUTPUT_ACCEPT 1649 -286720
TRACE 26629 OUTPUT_ACCEPT 1650 -124928
TRACE 26629 OUTPUT_ACCEPT 1651 -303104
TRACE 26629 OUTPUT_ACCEPT 1652 227328
TRACE 26629 OUTPUT_ACCEPT 1653 417792
TRACE 26629 OUTPUT_ACCEPT 1654 268288
TRACE 26629 OUTPUT_ACCEPT 1655 827392
TRACE 26629 OUTPUT_ACCEPT 1656 -2048
TRACE 26629 OUTPUT_ACCEPT 1657 -122880
TRACE 26629 OUTPUT_ACCEPT 1658 464896
TRACE 26629 OUTPUT_ACCEPT 1659 -335872
TRACE 26629 OUTPUT_ACCEPT 1660 -428032
TRACE 26629 OUTPUT_ACCEPT 1661 188416
TRACE 26629 OUTPUT_ACCEPT 1662 -583680
TRACE 26629 OUTPUT_ACCEPT 1663 401408
TRACE 27653 OUTPUT_ACCEPT 1664 -2048
TRACE 27653 OUTPUT_ACCEPT 1665 -745472
TRACE 27653 OUTPUT_ACCEPT 1666 268288
TRACE 27653 OUTPUT_ACCEPT 1667 -106496
TRACE 27653 OUTPUT_ACCEPT 1668 -821248
TRACE 27653 OUTPUT_ACCEPT 1669 221184
TRACE 27653 OUTPUT_ACCEPT 1670 -124928
TRACE 27653 OUTPUT_ACCEPT 1671 237568
TRACE 27653 OUTPUT_ACCEPT 1672 260096
TRACE 27653 OUTPUT_ACCEPT 1673 -57344
TRACE 27653 OUTPUT_ACCEPT 1674 333824
TRACE 27653 OUTPUT_ACCEPT 1675 385024
TRACE 27653 OUTPUT_ACCEPT 1676 96256
TRACE 27653 OUTPUT_ACCEPT 1677 516096
TRACE 27653 OUTPUT_ACCEPT 1678 595968
TRACE 27653 OUTPUT_ACCEPT 1679 -712704
TRACE 27653 OUTPUT_ACCEPT 1680 -264192
TRACE 27653 OUTPUT_ACCEPT 1681 -155648
TRACE 27653 OUTPUT_ACCEPT 1682 -387072
TRACE 27653 OUTPUT_ACCEPT 1683 90112
TRACE 27653 OUTPUT_ACCEPT 1684 227328
TRACE 27653 OUTPUT_ACCEPT 1685 24576
TRACE 27653 OUTPUT_ACCEPT 1686 530432
TRACE 27653 OUTPUT_ACCEPT 1687 -352256
TRACE 27653 OUTPUT_ACCEPT 1688 -526336
TRACE 27653 OUTPUT_ACCEPT 1689 8192
TRACE 27653 OUTPUT_ACCEPT 1690 -845824
TRACE 27653 OUTPUT_ACCEPT 1691 57344
TRACE 27653 OUTPUT_ACCEPT 1692 620544
TRACE 27653 OUTPUT_ACCEPT 1693 -204800
TRACE 27653 OUTPUT_ACCEPT 1694 727040
TRACE 27653 OUTPUT_ACCEPT 1695 270336
TRACE 27653 OUTPUT_ACCEPT 1696 -526336
TRACE 27653 OUTPUT_ACCEPT 1697 434176
TRACE 27653 OUTPUT_ACCEPT 1698 6144
TRACE 27653 OUTPUT_ACCEPT 1699 -761856
TRACE 27653 OUTPUT_ACCEPT 1700 227328
TRACE 27653 OUTPUT_ACCEPT 1701 -172032
TRACE 27653 OUTPUT_ACCEPT 1702 137216
TRACE 27653 OUTPUT_ACCEPT 1703 106496
TRACE 27653 OUTPUT_ACCEPT 1704 -264192
TRACE 27653 OUTPUT_ACCEPT 1705 73728
TRACE 27653 OUTPUT_ACCEPT 1706 71680
TRACE 27653 OUTPUT_ACCEPT 1707 -270336
TRACE 27653 OUTPUT_ACCEPT 1708 96256
TRACE 27653 OUTPUT_ACCEPT 1709 122880
TRACE 27653 OUTPUT_ACCEPT 1710 -190464
TRACE 27653 OUTPUT_ACCEPT 1711 204800
TRACE 27653 OUTPUT_ACCEPT 1712 260096
TRACE 27653 OUTPUT_ACCEPT 1713 -24576
TRACE 27653 OUTPUT_ACCEPT 1714 399360
TRACE 27653 OUTPUT_ACCEPT 1715 483328
TRACE 27653 OUTPUT_ACCEPT 1716 227328
TRACE 27653 OUTPUT_ACCEPT 1717 679936
TRACE 27653 OUTPUT_ACCEPT 1718 -256000
TRACE 27653 OUTPUT_ACCEPT 1719 -483328
TRACE 27653 OUTPUT_ACCEPT 1720 -2048
TRACE 27653 OUTPUT_ACCEPT 1721 -909312
TRACE 27653 OUTPUT_ACCEPT 1722 -59392
TRACE 27653 OUTPUT_ACCEPT 1723 450560
TRACE 27653 OUTPUT_ACCEPT 1724 -428032
TRACE 27653 OUTPUT_ACCEPT 1725 450560
TRACE 27653 OUTPUT_ACCEPT 1726 -59392
TRACE 27653 OUTPUT_ACCEPT 1727 -909312
TRACE 28677 OUTPUT_ACCEPT 1728 -2048
TRACE 28677 OUTPUT_ACCEPT 1729 -483328
TRACE 28677 OUTPUT_ACCEPT 1730 -256000
TRACE 28677 OUTPUT_ACCEPT 1731 679936
TRACE 28677 OUTPUT_ACCEPT 1732 227328
TRACE 28677 OUTPUT_ACCEPT 1733 483328
TRACE 28677 OUTPUT_ACCEPT 1734 399360
TRACE 28677 OUTPUT_ACCEPT 1735 -24576
TRACE 28677 OUTPUT_ACCEPT 1736 260096
TRACE 28677 OUTPUT_ACCEPT 1737 204800
TRACE 28677 OUTPUT_ACCEPT 1738 -190464
TRACE 28677 OUTPUT_ACCEPT 1739 122880
TRACE 28677 OUTPUT_ACCEPT 1740 96256
TRACE 28677 OUTPUT_ACCEPT 1741 -270336
TRACE 28677 OUTPUT_ACCEPT 1742 71680
TRACE 28677 OUTPUT_ACCEPT 1743 73728
TRACE 28677 OUTPUT_ACCEPT 1744 -264192
TRACE 28677 OUTPUT_ACCEPT 1745 106496
TRACE 28677 OUTPUT_ACCEPT 1746 137216
TRACE 28677 OUTPUT_ACCEPT 1747 -172032
TRACE 28677 OUTPUT_ACCEPT 1748 227328
TRACE 28677 OUTPUT_ACCEPT 1749 -761856
TRACE 28677 OUTPUT_ACCEPT 1750 6144
TRACE 28677 OUTPUT_ACCEPT 1751 434176
TRACE 28677 OUTPUT_ACCEPT 1752 -526336
TRACE 28677 OUTPUT_ACCEPT 1753 270336
TRACE 28677 OUTPUT_ACCEPT 1754 727040
TRACE 28677 OUTPUT_ACCEPT 1755 -204800
TRACE 28677 OUTPUT_ACCEPT 1756 620544
TRACE 28677 OUTPUT_ACCEPT 1757 57344
TRACE 28677 OUTPUT_ACCEPT 1758 -845824
TRACE 28677 OUTPUT_ACCEPT 1759 8192
TRACE 28677 OUTPUT_ACCEPT 1760 -526336
TRACE 28677 OUTPUT_ACCEPT 1761 -352256
TRACE 28677 OUTPUT_ACCEPT 1762 530432
TRACE 28677 OUTPUT_ACCEPT 1763 24576
TRACE 28677 OUTPUT_ACCEPT 1764 227328
TRACE 28677 OUTPUT_ACCEPT 1765 90112
TRACE 28677 OUTPUT_ACCEPT 1766 -387072
TRACE 28677 OUTPUT_ACCEPT 1767 -155648
TRACE 28677 OUTPUT_ACCEPT 1768 -264192
TRACE 28677 OUTPUT_ACCEPT 1769 -712704
TRACE 28677 OUTPUT_ACCEPT 1770 595968
TRACE 28677 OUTPUT_ACCEPT 1771 516096
TRACE 28677 OUTPUT_ACCEPT 1772 96256
TRACE 28677 OUTPUT_ACCEPT 1773 385024
TRACE 28677 OUTPUT_ACCEPT 1774 333824
TRACE 28677 OUTPUT_ACCEPT 1775 -57344
TRACE 28677 OUTPUT_ACCEPT 1776 260096
TRACE 28677 OUTPUT_ACCEPT 1777 237568
TRACE 28677 OUTPUT_ACCEPT 1778 -124928
TRACE 28677 OUTPUT_ACCEPT 1779 221184
TRACE 28677 OUTPUT_ACCEPT 1780 -821248
TRACE 28677 OUTPUT_ACCEPT 1781 -106496
TRACE 28677 OUTPUT_ACCEPT 1782 268288
TRACE 28677 OUTPUT_ACCEPT 1783 -745472
TRACE 28677 OUTPUT_ACCEPT 1784 -2048
TRACE 28677 OUTPUT_ACCEPT 1785 401408
TRACE 28677 OUTPUT_ACCEPT 1786 -583680
TRACE 28677 OUTPUT_ACCEPT 1787 188416
TRACE 28677 OUTPUT_ACCEPT 1788 -428032
TRACE 28677 OUTPUT_ACCEPT 1789 -335872
TRACE 28677 OUTPUT_ACCEPT 1790 464896
TRACE 28677 OUTPUT_ACCEPT 1791 -122880
TRACE 29701 OUTPUT_ACCEPT 1792 -2048
TRACE 29701 OUTPUT_ACCEPT 1793 827392
TRACE 29701 OUTPUT_ACCEPT 1794 268288
TRACE 29701 OUTPUT_ACCEPT 1795 417792
TRACE 29701 OUTPUT_ACCEPT 1796 227328
TRACE 29701 OUTPUT_ACCEPT 1797 -303104
TRACE 29701 OUTPUT_ACCEPT 1798 -124928
TRACE 29701 OUTPUT_ACCEPT 1799 -286720
TRACE 29701 OUTPUT_ACCEPT 1800 -788480
TRACE 29701 OUTPUT_ACCEPT 1801 466944
TRACE 29701 OUTPUT_ACCEPT 1802 333824
TRACE 29701 OUTPUT_ACCEPT 1803 -139264
TRACE 29701 OUTPUT_ACCEPT 1804 96256
TRACE 29701 OUTPUT_ACCEPT 1805 -8192
TRACE 29701 OUTPUT_ACCEPT 1806 -452608
TRACE 29701 OUTPUT_ACCEPT 1807 -188416
TRACE 29701 OUTPUT_ACCEPT 1808 -264192
TRACE 29701 OUTPUT_ACCEPT 1809 368640
TRACE 29701 OUTPUT_ACCEPT 1810 661504
TRACE 29701 OUTPUT_ACCEPT 1811 -434176
TRACE 29701 OUTPUT_ACCEPT 1812 227328
TRACE 29701 OUTPUT_ACCEPT 1813 548864
TRACE 29701 OUTPUT_ACCEPT 1814 -518144
TRACE 29701 OUTPUT_ACCEPT 1815 172032
TRACE 29701 OUTPUT_ACCEPT 1816 522240
TRACE 29701 OUTPUT_ACCEPT 1817 -516096
TRACE 29701 OUTPUT_ACCEPT 1818 202752
TRACE 29701 OUTPUT_ACCEPT 1819 -466944
TRACE 29701 OUTPUT_ACCEPT 1820 -428032
TRACE 29701 OUTPUT_ACCEPT 1821 319488
TRACE 29701 OUTPUT_ACCEPT 1822 -321536
TRACE 29701 OUTPUT_ACCEPT 1823 -253952
TRACE 29701 OUTPUT_ACCEPT 1824 522240
TRACE 29701 OUTPUT_ACCEPT 1825 -90112
TRACE 29701 OUTPUT_ACCEPT 1826 6144
TRACE 29701 OUTPUT_ACCEPT 1827 -237568
TRACE 29701 OUTPUT_ACCEPT 1828 -821248
TRACE 29701 OUTPUT_ACCEPT 1829 352256
TRACE 29701 OUTPUT_ACCEPT 1830 137216
TRACE 29701 OUTPUT_ACCEPT 1831 -417792
TRACE 29701 OUTPUT_ACCEPT 1832 784384
TRACE 29701 OUTPUT_ACCEPT 1833 598016
TRACE 29701 OUTPUT_ACCEPT 1834 71680
TRACE 29701 OUTPUT_ACCEPT 1835 253952
TRACE 29701 OUTPUT_ACCEPT 1836 96256
TRACE 29701 OUTPUT_ACCEPT 1837 -401408
TRACE 29701 OUTPUT_ACCEPT 1838 -190464
TRACE 29701 OUTPUT_ACCEPT 1839 -319488
TRACE 29701 OUTPUT_ACCEPT 1840 260096
TRACE 29701 OUTPUT_ACCEPT 1841 499712
TRACE 29701 OUTPUT_ACCEPT 1842 -649216
TRACE 29701 OUTPUT_ACCEPT 1843 -40960
TRACE 29701 OUTPUT_ACCEPT 1844 227328
TRACE 29701 OUTPUT_ACCEPT 1845 -892928
TRACE 29701 OUTPUT_ACCEPT 1846 -256000
TRACE 29701 OUTPUT_ACCEPT 1847 40960
TRACE 29701 OUTPUT_ACCEPT 1848 -2048
TRACE 29701 OUTPUT_ACCEPT 1849 663552
TRACE 29701 OUTPUT_ACCEPT 1850 -59392
TRACE 29701 OUTPUT_ACCEPT 1851 -73728
TRACE 29701 OUTPUT_ACCEPT 1852 620544
TRACE 29701 OUTPUT_ACCEPT 1853 -73728
TRACE 29701 OUTPUT_ACCEPT 1854 -59392
TRACE 29701 OUTPUT_ACCEPT 1855 663552
TRACE 30725 OUTPUT_ACCEPT 1856 -2048
TRACE 30725 OUTPUT_ACCEPT 1857 40960
TRACE 30725 OUTPUT_ACCEPT 1858 -256000
TRACE 30725 OUTPUT_ACCEPT 1859 -892928
TRACE 30725 OUTPUT_ACCEPT 1860 227328
TRACE 30725 OUTPUT_ACCEPT 1861 -40960
TRACE 30725 OUTPUT_ACCEPT 1862 -649216
TRACE 30725 OUTPUT_ACCEPT 1863 499712
TRACE 30725 OUTPUT_ACCEPT 1864 260096
TRACE 30725 OUTPUT_ACCEPT 1865 -319488
TRACE 30725 OUTPUT_ACCEPT 1866 -190464
TRACE 30725 OUTPUT_ACCEPT 1867 -401408
TRACE 30725 OUTPUT_ACCEPT 1868 96256
TRACE 30725 OUTPUT_ACCEPT 1869 253952
TRACE 30725 OUTPUT_ACCEPT 1870 71680
TRACE 30725 OUTPUT_ACCEPT 1871 598016
TRACE 30725 OUTPUT_ACCEPT 1872 784384
TRACE 30725 OUTPUT_ACCEPT 1873 -417792
TRACE 30725 OUTPUT_ACCEPT 1874 137216
TRACE 30725 OUTPUT_ACCEPT 1875 352256
TRACE 30725 OUTPUT_ACCEPT 1876 -821248
TRACE 30725 OUTPUT_ACCEPT 1877 -237568
TRACE 30725 OUTPUT_ACCEPT 1878 6144
TRACE 30725 OUTPUT_ACCEPT 1879 -90112
TRACE 30725 OUTPUT_ACCEPT 1880 522240
TRACE 30725 OUTPUT_ACCEPT 1881 -253952
TRACE 30725 OUTPUT_ACCEPT 1882 -321536
TRACE 30725 OUTPUT_ACCEPT 1883 319488
TRACE 30725 OUTPUT_ACCEPT 1884 -428032
TRACE 30725 OUTPUT_ACCEPT 1885 -466944
TRACE 30725 OUTPUT_ACCEPT 1886 202752
TRACE 30725 OUTPUT_ACCEPT 1887 -516096
TRACE 30725 OUTPUT_ACCEPT 1888 522240
TRACE 30725 OUTPUT_ACCEPT 1889 172032
TRACE 30725 OUTPUT_ACCEPT 1890 -518144
TRACE 30725 OUTPUT_ACCEPT 1891 548864
TRACE 30725 OUTPUT_ACCEPT 1892 227328
TRACE 30725 OUTPUT_ACCEPT 1893 -434176
TRACE 30725 OUTPUT_ACCEPT 1894 661504
TRACE 30725 OUTPUT_ACCEPT 1895 368640
TRACE 30725 OUTPUT_ACCEPT 1896 -264192
TRACE 30725 OUTPUT_ACCEPT 1897 -188416
TRACE 30725 OUTPUT_ACCEPT 1898 -452608
TRACE 30725 OUTPUT_ACCEPT 1899 -8192
TRACE 30725 OUTPUT_ACCEPT 1900 96256
TRACE 30725 OUTPUT_ACCEPT 1901 -139264
TRACE 30725 OUTPUT_ACCEPT 1902 333824
TRACE 30725 OUTPUT_ACCEPT 1903 466944
TRACE 30725 OUTPUT_ACCEPT 1904 -788480
TRACE 30725 OUTPUT_ACCEPT 1905 -286720
TRACE 30725 OUTPUT_ACCEPT 1906 -124928
TRACE 30725 OUTPUT_ACCEPT 1907 -303104
TRACE 30725 OUTPUT_ACCEPT 1908 227328
TRACE 30725 OUTPUT_ACCEPT 1909 417792
TRACE 30725 OUTPUT_ACCEPT 1910 268288
TRACE 30725 OUTPUT_ACCEPT 1911 827392
TRACE 30725 OUTPUT_ACCEPT 1912 -2048
TRACE 30725 OUTPUT_ACCEPT 1913 -122880
TRACE 30725 OUTPUT_ACCEPT 1914 464896
TRACE 30725 OUTPUT_ACCEPT 1915 -335872
TRACE 30725 OUTPUT_ACCEPT 1916 -428032
TRACE 30725 OUTPUT_ACCEPT 1917 188416
TRACE 30725 OUTPUT_ACCEPT 1918 -583680
TRACE 30725 OUTPUT_ACCEPT 1919 401408
TRACE 31749 OUTPUT_ACCEPT 1920 -2048
TRACE 31749 OUTPUT_ACCEPT 1921 -745472
TRACE 31749 OUTPUT_ACCEPT 1922 268288
TRACE 31749 OUTPUT_ACCEPT 1923 -106496
TRACE 31749 OUTPUT_ACCEPT 1924 -821248
TRACE 31749 OUTPUT_ACCEPT 1925 221184
TRACE 31749 OUTPUT_ACCEPT 1926 -124928
TRACE 31749 OUTPUT_ACCEPT 1927 237568
TRACE 31749 OUTPUT_ACCEPT 1928 260096
TRACE 31749 OUTPUT_ACCEPT 1929 -57344
TRACE 31749 OUTPUT_ACCEPT 1930 333824
TRACE 31749 OUTPUT_ACCEPT 1931 385024
TRACE 31749 OUTPUT_ACCEPT 1932 96256
TRACE 31749 OUTPUT_ACCEPT 1933 516096
TRACE 31749 OUTPUT_ACCEPT 1934 595968
TRACE 31749 OUTPUT_ACCEPT 1935 -712704
TRACE 31749 OUTPUT_ACCEPT 1936 -264192
TRACE 31749 OUTPUT_ACCEPT 1937 -155648
TRACE 31749 OUTPUT_ACCEPT 1938 -387072
TRACE 31749 OUTPUT_ACCEPT 1939 90112
TRACE 31749 OUTPUT_ACCEPT 1940 227328
TRACE 31749 OUTPUT_ACCEPT 1941 24576
TRACE 31749 OUTPUT_ACCEPT 1942 530432
TRACE 31749 OUTPUT_ACCEPT 1943 -352256
TRACE 31749 OUTPUT_ACCEPT 1944 -526336
TRACE 31749 OUTPUT_ACCEPT 1945 8192
TRACE 31749 OUTPUT_ACCEPT 1946 -845824
TRACE 31749 OUTPUT_ACCEPT 1947 57344
TRACE 31749 OUTPUT_ACCEPT 1948 620544
TRACE 31749 OUTPUT_ACCEPT 1949 -204800
TRACE 31749 OUTPUT_ACCEPT 1950 727040
TRACE 31749 OUTPUT_ACCEPT 1951 270336
TRACE 31749 OUTPUT_ACCEPT 1952 -526336
TRACE 31749 OUTPUT_ACCEPT 1953 434176
TRACE 31749 OUTPUT_ACCEPT 1954 6144
TRACE 31749 OUTPUT_ACCEPT 1955 -761856
TRACE 31749 OUTPUT_ACCEPT 1956 227328
TRACE 31749 OUTPUT_ACCEPT 1957 -172032
TRACE 31749 OUTPUT_ACCEPT 1958 137216
TRACE 31749 OUTPUT_ACCEPT 1959 106496
TRACE 31749 OUTPUT_ACCEPT 1960 -264192
TRACE 31749 OUTPUT_ACCEPT 1961 73728
TRACE 31749 OUTPUT_ACCEPT 1962 71680
TRACE 31749 OUTPUT_ACCEPT 1963 -270336
TRACE 31749 OUTPUT_ACCEPT 1964 96256
TRACE 31749 OUTPUT_ACCEPT 1965 122880
TRACE 31749 OUTPUT_ACCEPT 1966 -190464
TRACE 31749 OUTPUT_ACCEPT 1967 204800
TRACE 31749 OUTPUT_ACCEPT 1968 260096
TRACE 31749 OUTPUT_ACCEPT 1969 -24576
TRACE 31749 OUTPUT_ACCEPT 1970 399360
TRACE 31749 OUTPUT_ACCEPT 1971 483328
TRACE 31749 OUTPUT_ACCEPT 1972 227328
TRACE 31749 OUTPUT_ACCEPT 1973 679936
TRACE 31749 OUTPUT_ACCEPT 1974 -256000
TRACE 31749 OUTPUT_ACCEPT 1975 -483328
TRACE 31749 OUTPUT_ACCEPT 1976 -2048
TRACE 31749 OUTPUT_ACCEPT 1977 -909312
TRACE 31749 OUTPUT_ACCEPT 1978 -59392
TRACE 31749 OUTPUT_ACCEPT 1979 450560
TRACE 31749 OUTPUT_ACCEPT 1980 -428032
TRACE 31749 OUTPUT_ACCEPT 1981 450560
TRACE 31749 OUTPUT_ACCEPT 1982 -59392
TRACE 31749 OUTPUT_ACCEPT 1983 -909312
TRACE 32773 OUTPUT_ACCEPT 1984 -2048
TRACE 32773 OUTPUT_ACCEPT 1985 -483328
TRACE 32773 OUTPUT_ACCEPT 1986 -256000
TRACE 32773 OUTPUT_ACCEPT 1987 679936
TRACE 32773 OUTPUT_ACCEPT 1988 227328
TRACE 32773 OUTPUT_ACCEPT 1989 483328
TRACE 32773 OUTPUT_ACCEPT 1990 399360
TRACE 32773 OUTPUT_ACCEPT 1991 -24576
TRACE 32773 OUTPUT_ACCEPT 1992 260096
TRACE 32773 OUTPUT_ACCEPT 1993 204800
TRACE 32773 OUTPUT_ACCEPT 1994 -190464
TRACE 32773 OUTPUT_ACCEPT 1995 122880
TRACE 32773 OUTPUT_ACCEPT 1996 96256
TRACE 32773 OUTPUT_ACCEPT 1997 -270336
TRACE 32773 OUTPUT_ACCEPT 1998 71680
TRACE 32773 OUTPUT_ACCEPT 1999 73728
TRACE 32773 OUTPUT_ACCEPT 2000 -264192
TRACE 32773 OUTPUT_ACCEPT 2001 106496
TRACE 32773 OUTPUT_ACCEPT 2002 137216
TRACE 32773 OUTPUT_ACCEPT 2003 -172032
TRACE 32773 OUTPUT_ACCEPT 2004 227328
TRACE 32773 OUTPUT_ACCEPT 2005 -761856
TRACE 32773 OUTPUT_ACCEPT 2006 6144
TRACE 32773 OUTPUT_ACCEPT 2007 434176
TRACE 32773 OUTPUT_ACCEPT 2008 -526336
TRACE 32773 OUTPUT_ACCEPT 2009 270336
TRACE 32773 OUTPUT_ACCEPT 2010 727040
TRACE 32773 OUTPUT_ACCEPT 2011 -204800
TRACE 32773 OUTPUT_ACCEPT 2012 620544
TRACE 32773 OUTPUT_ACCEPT 2013 57344
TRACE 32773 OUTPUT_ACCEPT 2014 -845824
TRACE 32773 OUTPUT_ACCEPT 2015 8192
TRACE 32773 OUTPUT_ACCEPT 2016 -526336
TRACE 32773 OUTPUT_ACCEPT 2017 -352256
TRACE 32773 OUTPUT_ACCEPT 2018 530432
TRACE 32773 OUTPUT_ACCEPT 2019 24576
TRACE 32773 OUTPUT_ACCEPT 2020 227328
TRACE 32773 OUTPUT_ACCEPT 2021 90112
TRACE 32773 OUTPUT_ACCEPT 2022 -387072
TRACE 32773 OUTPUT_ACCEPT 2023 -155648
TRACE 32773 OUTPUT_ACCEPT 2024 -264192
TRACE 32773 OUTPUT_ACCEPT 2025 -712704
TRACE 32773 OUTPUT_ACCEPT 2026 595968
TRACE 32773 OUTPUT_ACCEPT 2027 516096
TRACE 32773 OUTPUT_ACCEPT 2028 96256
TRACE 32773 OUTPUT_ACCEPT 2029 385024
TRACE 32773 OUTPUT_ACCEPT 2030 333824
TRACE 32773 OUTPUT_ACCEPT 2031 -57344
TRACE 32773 OUTPUT_ACCEPT 2032 260096
TRACE 32773 OUTPUT_ACCEPT 2033 237568
TRACE 32773 OUTPUT_ACCEPT 2034 -124928
TRACE 32773 OUTPUT_ACCEPT 2035 221184
TRACE 32773 OUTPUT_ACCEPT 2036 -821248
TRACE 32773 OUTPUT_ACCEPT 2037 -106496
TRACE 32773 OUTPUT_ACCEPT 2038 268288
TRACE 32773 OUTPUT_ACCEPT 2039 -745472
TRACE 32773 OUTPUT_ACCEPT 2040 -2048
TRACE 32773 OUTPUT_ACCEPT 2041 401408
TRACE 32773 OUTPUT_ACCEPT 2042 -583680
TRACE 32773 OUTPUT_ACCEPT 2043 188416
TRACE 32773 OUTPUT_ACCEPT 2044 -428032
TRACE 32773 OUTPUT_ACCEPT 2045 -335872
TRACE 32773 OUTPUT_ACCEPT 2046 464896
TRACE 32773 OUTPUT_ACCEPT 2047 -122880
TRACE 33797 OUTPUT_ACCEPT 2048 -2048
TRACE 33797 OUTPUT_ACCEPT 2049 827392
TRACE 33797 OUTPUT_ACCEPT 2050 268288
TRACE 33797 OUTPUT_ACCEPT 2051 417792
TRACE 33797 OUTPUT_ACCEPT 2052 227328
TRACE 33797 OUTPUT_ACCEPT 2053 -303104
TRACE 33797 OUTPUT_ACCEPT 2054 -124928
TRACE 33797 OUTPUT_ACCEPT 2055 -286720
TRACE 33797 OUTPUT_ACCEPT 2056 -788480
TRACE 33797 OUTPUT_ACCEPT 2057 466944
TRACE 33797 OUTPUT_ACCEPT 2058 333824
TRACE 33797 OUTPUT_ACCEPT 2059 -139264
TRACE 33797 OUTPUT_ACCEPT 2060 96256
TRACE 33797 OUTPUT_ACCEPT 2061 -8192
TRACE 33797 OUTPUT_ACCEPT 2062 -452608
TRACE 33797 OUTPUT_ACCEPT 2063 -188416
TRACE 33797 OUTPUT_ACCEPT 2064 -264192
TRACE 33797 OUTPUT_ACCEPT 2065 368640
TRACE 33797 OUTPUT_ACCEPT 2066 661504
TRACE 33797 OUTPUT_ACCEPT 2067 -434176
TRACE 33797 OUTPUT_ACCEPT 2068 227328
TRACE 33797 OUTPUT_ACCEPT 2069 548864
TRACE 33797 OUTPUT_ACCEPT 2070 -518144
TRACE 33797 OUTPUT_ACCEPT 2071 172032
TRACE 33797 OUTPUT_ACCEPT 2072 522240
TRACE 33797 OUTPUT_ACCEPT 2073 -516096
TRACE 33797 OUTPUT_ACCEPT 2074 202752
TRACE 33797 OUTPUT_ACCEPT 2075 -466944
TRACE 33797 OUTPUT_ACCEPT 2076 -428032
TRACE 33797 OUTPUT_ACCEPT 2077 319488
TRACE 33797 OUTPUT_ACCEPT 2078 -321536
TRACE 33797 OUTPUT_ACCEPT 2079 -253952
TRACE 33797 OUTPUT_ACCEPT 2080 522240
TRACE 33797 OUTPUT_ACCEPT 2081 -90112
TRACE 33797 OUTPUT_ACCEPT 2082 6144
TRACE 33797 OUTPUT_ACCEPT 2083 -237568
TRACE 33797 OUTPUT_ACCEPT 2084 -821248
TRACE 33797 OUTPUT_ACCEPT 2085 352256
TRACE 33797 OUTPUT_ACCEPT 2086 137216
TRACE 33797 OUTPUT_ACCEPT 2087 -417792
TRACE 33797 OUTPUT_ACCEPT 2088 784384
TRACE 33797 OUTPUT_ACCEPT 2089 598016
TRACE 33797 OUTPUT_ACCEPT 2090 71680
TRACE 33797 OUTPUT_ACCEPT 2091 253952
TRACE 33797 OUTPUT_ACCEPT 2092 96256
TRACE 33797 OUTPUT_ACCEPT 2093 -401408
TRACE 33797 OUTPUT_ACCEPT 2094 -190464
TRACE 33797 OUTPUT_ACCEPT 2095 -319488
TRACE 33797 OUTPUT_ACCEPT 2096 260096
TRACE 33797 OUTPUT_ACCEPT 2097 499712
TRACE 33797 OUTPUT_ACCEPT 2098 -649216
TRACE 33797 OUTPUT_ACCEPT 2099 -40960
TRACE 33797 OUTPUT_ACCEPT 2100 227328
TRACE 33797 OUTPUT_ACCEPT 2101 -892928
TRACE 33797 OUTPUT_ACCEPT 2102 -256000
TRACE 33797 OUTPUT_ACCEPT 2103 40960
TRACE 33797 OUTPUT_ACCEPT 2104 -2048
TRACE 33797 OUTPUT_ACCEPT 2105 663552
TRACE 33797 OUTPUT_ACCEPT 2106 -59392
TRACE 33797 OUTPUT_ACCEPT 2107 -73728
TRACE 33797 OUTPUT_ACCEPT 2108 620544
TRACE 33797 OUTPUT_ACCEPT 2109 -73728
TRACE 33797 OUTPUT_ACCEPT 2110 -59392
TRACE 33797 OUTPUT_ACCEPT 2111 663552
TRACE 34821 OUTPUT_ACCEPT 2112 -2048
TRACE 34821 OUTPUT_ACCEPT 2113 40960
TRACE 34821 OUTPUT_ACCEPT 2114 -256000
TRACE 34821 OUTPUT_ACCEPT 2115 -892928
TRACE 34821 OUTPUT_ACCEPT 2116 227328
TRACE 34821 OUTPUT_ACCEPT 2117 -40960
TRACE 34821 OUTPUT_ACCEPT 2118 -649216
TRACE 34821 OUTPUT_ACCEPT 2119 499712
TRACE 34821 OUTPUT_ACCEPT 2120 260096
TRACE 34821 OUTPUT_ACCEPT 2121 -319488
TRACE 34821 OUTPUT_ACCEPT 2122 -190464
TRACE 34821 OUTPUT_ACCEPT 2123 -401408
TRACE 34821 OUTPUT_ACCEPT 2124 96256
TRACE 34821 OUTPUT_ACCEPT 2125 253952
TRACE 34821 OUTPUT_ACCEPT 2126 71680
TRACE 34821 OUTPUT_ACCEPT 2127 598016
TRACE 34821 OUTPUT_ACCEPT 2128 784384
TRACE 34821 OUTPUT_ACCEPT 2129 -417792
TRACE 34821 OUTPUT_ACCEPT 2130 137216
TRACE 34821 OUTPUT_ACCEPT 2131 352256
TRACE 34821 OUTPUT_ACCEPT 2132 -821248
TRACE 34821 OUTPUT_ACCEPT 2133 -237568
TRACE 34821 OUTPUT_ACCEPT 2134 6144
TRACE 34821 OUTPUT_ACCEPT 2135 -90112
TRACE 34821 OUTPUT_ACCEPT 2136 522240
TRACE 34821 OUTPUT_ACCEPT 2137 -253952
TRACE 34821 OUTPUT_ACCEPT 2138 -321536
TRACE 34821 OUTPUT_ACCEPT 2139 319488
TRACE 34821 OUTPUT_ACCEPT 2140 -428032
TRACE 34821 OUTPUT_ACCEPT 2141 -466944
TRACE 34821 OUTPUT_ACCEPT 2142 202752
TRACE 34821 OUTPUT_ACCEPT 2143 -516096
TRACE 34821 OUTPUT_ACCEPT 2144 522240
TRACE 34821 OUTPUT_ACCEPT 2145 172032
TRACE 34821 OUTPUT_ACCEPT 2146 -518144
TRACE 34821 OUTPUT_ACCEPT 2147 548864
TRACE 34821 OUTPUT_ACCEPT 2148 227328
TRACE 34821 OUTPUT_ACCEPT 2149 -434176
TRACE 34821 OUTPUT_ACCEPT 2150 661504
TRACE 34821 OUTPUT_ACCEPT 2151 368640
TRACE 34821 OUTPUT_ACCEPT 2152 -264192
TRACE 34821 OUTPUT_ACCEPT 2153 -188416
TRACE 34821 OUTPUT_ACCEPT 2154 -452608
TRACE 34821 OUTPUT_ACCEPT 2155 -8192
TRACE 34821 OUTPUT_ACCEPT 2156 96256
TRACE 34821 OUTPUT_ACCEPT 2157 -139264
TRACE 34821 OUTPUT_ACCEPT 2158 333824
TRACE 34821 OUTPUT_ACCEPT 2159 466944
TRACE 34821 OUTPUT_ACCEPT 2160 -788480
TRACE 34821 OUTPUT_ACCEPT 2161 -286720
TRACE 34821 OUTPUT_ACCEPT 2162 -124928
TRACE 34821 OUTPUT_ACCEPT 2163 -303104
TRACE 34821 OUTPUT_ACCEPT 2164 227328
TRACE 34821 OUTPUT_ACCEPT 2165 417792
TRACE 34821 OUTPUT_ACCEPT 2166 268288
TRACE 34821 OUTPUT_ACCEPT 2167 827392
TRACE 34821 OUTPUT_ACCEPT 2168 -2048
TRACE 34821 OUTPUT_ACCEPT 2169 -122880
TRACE 34821 OUTPUT_ACCEPT 2170 464896
TRACE 34821 OUTPUT_ACCEPT 2171 -335872
TRACE 34821 OUTPUT_ACCEPT 2172 -428032
TRACE 34821 OUTPUT_ACCEPT 2173 188416
TRACE 34821 OUTPUT_ACCEPT 2174 -583680
TRACE 34821 OUTPUT_ACCEPT 2175 401408
TRACE 35845 OUTPUT_ACCEPT 2176 -2048
TRACE 35845 OUTPUT_ACCEPT 2177 -745472
TRACE 35845 OUTPUT_ACCEPT 2178 268288
TRACE 35845 OUTPUT_ACCEPT 2179 -106496
TRACE 35845 OUTPUT_ACCEPT 2180 -821248
TRACE 35845 OUTPUT_ACCEPT 2181 221184
TRACE 35845 OUTPUT_ACCEPT 2182 -124928
TRACE 35845 OUTPUT_ACCEPT 2183 237568
TRACE 35845 OUTPUT_ACCEPT 2184 260096
TRACE 35845 OUTPUT_ACCEPT 2185 -57344
TRACE 35845 OUTPUT_ACCEPT 2186 333824
TRACE 35845 OUTPUT_ACCEPT 2187 385024
TRACE 35845 OUTPUT_ACCEPT 2188 96256
TRACE 35845 OUTPUT_ACCEPT 2189 516096
TRACE 35845 OUTPUT_ACCEPT 2190 595968
TRACE 35845 OUTPUT_ACCEPT 2191 -712704
TRACE 35845 OUTPUT_ACCEPT 2192 -264192
TRACE 35845 OUTPUT_ACCEPT 2193 -155648
TRACE 35845 OUTPUT_ACCEPT 2194 -387072
TRACE 35845 OUTPUT_ACCEPT 2195 90112
TRACE 35845 OUTPUT_ACCEPT 2196 227328
TRACE 35845 OUTPUT_ACCEPT 2197 24576
TRACE 35845 OUTPUT_ACCEPT 2198 530432
TRACE 35845 OUTPUT_ACCEPT 2199 -352256
TRACE 35845 OUTPUT_ACCEPT 2200 -526336
TRACE 35845 OUTPUT_ACCEPT 2201 8192
TRACE 35845 OUTPUT_ACCEPT 2202 -845824
TRACE 35845 OUTPUT_ACCEPT 2203 57344
TRACE 35845 OUTPUT_ACCEPT 2204 620544
TRACE 35845 OUTPUT_ACCEPT 2205 -204800
TRACE 35845 OUTPUT_ACCEPT 2206 727040
TRACE 35845 OUTPUT_ACCEPT 2207 270336
TRACE 35845 OUTPUT_ACCEPT 2208 -526336
TRACE 35845 OUTPUT_ACCEPT 2209 434176
TRACE 35845 OUTPUT_ACCEPT 2210 6144
TRACE 35845 OUTPUT_ACCEPT 2211 -761856
TRACE 35845 OUTPUT_ACCEPT 2212 227328
TRACE 35845 OUTPUT_ACCEPT 2213 -172032
TRACE 35845 OUTPUT_ACCEPT 2214 137216
TRACE 35845 OUTPUT_ACCEPT 2215 106496
TRACE 35845 OUTPUT_ACCEPT 2216 -264192
TRACE 35845 OUTPUT_ACCEPT 2217 73728
TRACE 35845 OUTPUT_ACCEPT 2218 71680
TRACE 35845 OUTPUT_ACCEPT 2219 -270336
TRACE 35845 OUTPUT_ACCEPT 2220 96256
TRACE 35845 OUTPUT_ACCEPT 2221 122880
TRACE 35845 OUTPUT_ACCEPT 2222 -190464
TRACE 35845 OUTPUT_ACCEPT 2223 204800
TRACE 35845 OUTPUT_ACCEPT 2224 260096
TRACE 35845 OUTPUT_ACCEPT 2225 -24576
TRACE 35845 OUTPUT_ACCEPT 2226 399360
TRACE 35845 OUTPUT_ACCEPT 2227 483328
TRACE 35845 OUTPUT_ACCEPT 2228 227328
TRACE 35845 OUTPUT_ACCEPT 2229 679936
TRACE 35845 OUTPUT_ACCEPT 2230 -256000
TRACE 35845 OUTPUT_ACCEPT 2231 -483328
TRACE 35845 OUTPUT_ACCEPT 2232 -2048
TRACE 35845 OUTPUT_ACCEPT 2233 -909312
TRACE 35845 OUTPUT_ACCEPT 2234 -59392
TRACE 35845 OUTPUT_ACCEPT 2235 450560
TRACE 35845 OUTPUT_ACCEPT 2236 -428032
TRACE 35845 OUTPUT_ACCEPT 2237 450560
TRACE 35845 OUTPUT_ACCEPT 2238 -59392
TRACE 35845 OUTPUT_ACCEPT 2239 -909312
TRACE 36869 OUTPUT_ACCEPT 2240 -2048
TRACE 36869 OUTPUT_ACCEPT 2241 -483328
TRACE 36869 OUTPUT_ACCEPT 2242 -256000
TRACE 36869 OUTPUT_ACCEPT 2243 679936
TRACE 36869 OUTPUT_ACCEPT 2244 227328
TRACE 36869 OUTPUT_ACCEPT 2245 483328
TRACE 36869 OUTPUT_ACCEPT 2246 399360
TRACE 36869 OUTPUT_ACCEPT 2247 -24576
TRACE 36869 OUTPUT_ACCEPT 2248 260096
TRACE 36869 OUTPUT_ACCEPT 2249 204800
TRACE 36869 OUTPUT_ACCEPT 2250 -190464
TRACE 36869 OUTPUT_ACCEPT 2251 122880
TRACE 36869 OUTPUT_ACCEPT 2252 96256
TRACE 36869 OUTPUT_ACCEPT 2253 -270336
TRACE 36869 OUTPUT_ACCEPT 2254 71680
TRACE 36869 OUTPUT_ACCEPT 2255 73728
TRACE 36869 OUTPUT_ACCEPT 2256 -264192
TRACE 36869 OUTPUT_ACCEPT 2257 106496
TRACE 36869 OUTPUT_ACCEPT 2258 137216
TRACE 36869 OUTPUT_ACCEPT 2259 -172032
TRACE 36869 OUTPUT_ACCEPT 2260 227328
TRACE 36869 OUTPUT_ACCEPT 2261 -761856
TRACE 36869 OUTPUT_ACCEPT 2262 6144
TRACE 36869 OUTPUT_ACCEPT 2263 434176
TRACE 36869 OUTPUT_ACCEPT 2264 -526336
TRACE 36869 OUTPUT_ACCEPT 2265 270336
TRACE 36869 OUTPUT_ACCEPT 2266 727040
TRACE 36869 OUTPUT_ACCEPT 2267 -204800
TRACE 36869 OUTPUT_ACCEPT 2268 620544
TRACE 36869 OUTPUT_ACCEPT 2269 57344
TRACE 36869 OUTPUT_ACCEPT 2270 -845824
TRACE 36869 OUTPUT_ACCEPT 2271 8192
TRACE 36869 OUTPUT_ACCEPT 2272 -526336
TRACE 36869 OUTPUT_ACCEPT 2273 -352256
TRACE 36869 OUTPUT_ACCEPT 2274 530432
TRACE 36869 OUTPUT_ACCEPT 2275 24576
TRACE 36869 OUTPUT_ACCEPT 2276 227328
TRACE 36869 OUTPUT_ACCEPT 2277 90112
TRACE 36869 OUTPUT_ACCEPT 2278 -387072
TRACE 36869 OUTPUT_ACCEPT 2279 -155648
TRACE 36869 OUTPUT_ACCEPT 2280 -264192
TRACE 36869 OUTPUT_ACCEPT 2281 -712704
TRACE 36869 OUTPUT_ACCEPT 2282 595968
TRACE 36869 OUTPUT_ACCEPT 2283 516096
TRACE 36869 OUTPUT_ACCEPT 2284 96256
TRACE 36869 OUTPUT_ACCEPT 2285 385024
TRACE 36869 OUTPUT_ACCEPT 2286 333824
TRACE 36869 OUTPUT_ACCEPT 2287 -57344
TRACE 36869 OUTPUT_ACCEPT 2288 260096
TRACE 36869 OUTPUT_ACCEPT 2289 237568
TRACE 36869 OUTPUT_ACCEPT 2290 -124928
TRACE 36869 OUTPUT_ACCEPT 2291 221184
TRACE 36869 OUTPUT_ACCEPT 2292 -821248
TRACE 36869 OUTPUT_ACCEPT 2293 -106496
TRACE 36869 OUTPUT_ACCEPT 2294 268288
TRACE 36869 OUTPUT_ACCEPT 2295 -745472
TRACE 36869 OUTPUT_ACCEPT 2296 -2048
TRACE 36869 OUTPUT_ACCEPT 2297 401408
TRACE 36869 OUTPUT_ACCEPT 2298 -583680
TRACE 36869 OUTPUT_ACCEPT 2299 188416
TRACE 36869 OUTPUT_ACCEPT 2300 -428032
TRACE 36869 OUTPUT_ACCEPT 2301 -335872
TRACE 36869 OUTPUT_ACCEPT 2302 464896
TRACE 36869 OUTPUT_ACCEPT 2303 -122880
TRACE 37893 OUTPUT_ACCEPT 2304 -2048
TRACE 37893 OUTPUT_ACCEPT 2305 827392
TRACE 37893 OUTPUT_ACCEPT 2306 268288
TRACE 37893 OUTPUT_ACCEPT 2307 417792
TRACE 37893 OUTPUT_ACCEPT 2308 227328
TRACE 37893 OUTPUT_ACCEPT 2309 -303104
TRACE 37893 OUTPUT_ACCEPT 2310 -124928
TRACE 37893 OUTPUT_ACCEPT 2311 -286720
TRACE 37893 OUTPUT_ACCEPT 2312 -788480
TRACE 37893 OUTPUT_ACCEPT 2313 466944
TRACE 37893 OUTPUT_ACCEPT 2314 333824
TRACE 37893 OUTPUT_ACCEPT 2315 -139264
TRACE 37893 OUTPUT_ACCEPT 2316 96256
TRACE 37893 OUTPUT_ACCEPT 2317 -8192
TRACE 37893 OUTPUT_ACCEPT 2318 -452608
TRACE 37893 OUTPUT_ACCEPT 2319 -188416
TRACE 37893 OUTPUT_ACCEPT 2320 -264192
TRACE 37893 OUTPUT_ACCEPT 2321 368640
TRACE 37893 OUTPUT_ACCEPT 2322 661504
TRACE 37893 OUTPUT_ACCEPT 2323 -434176
TRACE 37893 OUTPUT_ACCEPT 2324 227328
TRACE 37893 OUTPUT_ACCEPT 2325 548864
TRACE 37893 OUTPUT_ACCEPT 2326 -518144
TRACE 37893 OUTPUT_ACCEPT 2327 172032
TRACE 37893 OUTPUT_ACCEPT 2328 522240
TRACE 37893 OUTPUT_ACCEPT 2329 -516096
TRACE 37893 OUTPUT_ACCEPT 2330 202752
TRACE 37893 OUTPUT_ACCEPT 2331 -466944
TRACE 37893 OUTPUT_ACCEPT 2332 -428032
TRACE 37893 OUTPUT_ACCEPT 2333 319488
TRACE 37893 OUTPUT_ACCEPT 2334 -321536
TRACE 37893 OUTPUT_ACCEPT 2335 -253952
TRACE 37893 OUTPUT_ACCEPT 2336 522240
TRACE 37893 OUTPUT_ACCEPT 2337 -90112
TRACE 37893 OUTPUT_ACCEPT 2338 6144
TRACE 37893 OUTPUT_ACCEPT 2339 -237568
TRACE 37893 OUTPUT_ACCEPT 2340 -821248
TRACE 37893 OUTPUT_ACCEPT 2341 352256
TRACE 37893 OUTPUT_ACCEPT 2342 137216
TRACE 37893 OUTPUT_ACCEPT 2343 -417792
TRACE 37893 OUTPUT_ACCEPT 2344 784384
TRACE 37893 OUTPUT_ACCEPT 2345 598016
TRACE 37893 OUTPUT_ACCEPT 2346 71680
TRACE 37893 OUTPUT_ACCEPT 2347 253952
TRACE 37893 OUTPUT_ACCEPT 2348 96256
TRACE 37893 OUTPUT_ACCEPT 2349 -401408
TRACE 37893 OUTPUT_ACCEPT 2350 -190464
TRACE 37893 OUTPUT_ACCEPT 2351 -319488
TRACE 37893 OUTPUT_ACCEPT 2352 260096
TRACE 37893 OUTPUT_ACCEPT 2353 499712
TRACE 37893 OUTPUT_ACCEPT 2354 -649216
TRACE 37893 OUTPUT_ACCEPT 2355 -40960
TRACE 37893 OUTPUT_ACCEPT 2356 227328
TRACE 37893 OUTPUT_ACCEPT 2357 -892928
TRACE 37893 OUTPUT_ACCEPT 2358 -256000
TRACE 37893 OUTPUT_ACCEPT 2359 40960
TRACE 37893 OUTPUT_ACCEPT 2360 -2048
TRACE 37893 OUTPUT_ACCEPT 2361 663552
TRACE 37893 OUTPUT_ACCEPT 2362 -59392
TRACE 37893 OUTPUT_ACCEPT 2363 -73728
TRACE 37893 OUTPUT_ACCEPT 2364 620544
TRACE 37893 OUTPUT_ACCEPT 2365 -73728
TRACE 37893 OUTPUT_ACCEPT 2366 -59392
TRACE 37893 OUTPUT_ACCEPT 2367 663552
TRACE 38917 OUTPUT_ACCEPT 2368 -2048
TRACE 38917 OUTPUT_ACCEPT 2369 40960
TRACE 38917 OUTPUT_ACCEPT 2370 -256000
TRACE 38917 OUTPUT_ACCEPT 2371 -892928
TRACE 38917 OUTPUT_ACCEPT 2372 227328
TRACE 38917 OUTPUT_ACCEPT 2373 -40960
TRACE 38917 OUTPUT_ACCEPT 2374 -649216
TRACE 38917 OUTPUT_ACCEPT 2375 499712
TRACE 38917 OUTPUT_ACCEPT 2376 260096
TRACE 38917 OUTPUT_ACCEPT 2377 -319488
TRACE 38917 OUTPUT_ACCEPT 2378 -190464
TRACE 38917 OUTPUT_ACCEPT 2379 -401408
TRACE 38917 OUTPUT_ACCEPT 2380 96256
TRACE 38917 OUTPUT_ACCEPT 2381 253952
TRACE 38917 OUTPUT_ACCEPT 2382 71680
TRACE 38917 OUTPUT_ACCEPT 2383 598016
TRACE 38917 OUTPUT_ACCEPT 2384 784384
TRACE 38917 OUTPUT_ACCEPT 2385 -417792
TRACE 38917 OUTPUT_ACCEPT 2386 137216
TRACE 38917 OUTPUT_ACCEPT 2387 352256
TRACE 38917 OUTPUT_ACCEPT 2388 -821248
TRACE 38917 OUTPUT_ACCEPT 2389 -237568
TRACE 38917 OUTPUT_ACCEPT 2390 6144
TRACE 38917 OUTPUT_ACCEPT 2391 -90112
TRACE 38917 OUTPUT_ACCEPT 2392 522240
TRACE 38917 OUTPUT_ACCEPT 2393 -253952
TRACE 38917 OUTPUT_ACCEPT 2394 -321536
TRACE 38917 OUTPUT_ACCEPT 2395 319488
TRACE 38917 OUTPUT_ACCEPT 2396 -428032
TRACE 38917 OUTPUT_ACCEPT 2397 -466944
TRACE 38917 OUTPUT_ACCEPT 2398 202752
TRACE 38917 OUTPUT_ACCEPT 2399 -516096
TRACE 38917 OUTPUT_ACCEPT 2400 522240
TRACE 38917 OUTPUT_ACCEPT 2401 172032
TRACE 38917 OUTPUT_ACCEPT 2402 -518144
TRACE 38917 OUTPUT_ACCEPT 2403 548864
TRACE 38917 OUTPUT_ACCEPT 2404 227328
TRACE 38917 OUTPUT_ACCEPT 2405 -434176
TRACE 38917 OUTPUT_ACCEPT 2406 661504
TRACE 38917 OUTPUT_ACCEPT 2407 368640
TRACE 38917 OUTPUT_ACCEPT 2408 -264192
TRACE 38917 OUTPUT_ACCEPT 2409 -188416
TRACE 38917 OUTPUT_ACCEPT 2410 -452608
TRACE 38917 OUTPUT_ACCEPT 2411 -8192
TRACE 38917 OUTPUT_ACCEPT 2412 96256
TRACE 38917 OUTPUT_ACCEPT 2413 -139264
TRACE 38917 OUTPUT_ACCEPT 2414 333824
TRACE 38917 OUTPUT_ACCEPT 2415 466944
TRACE 38917 OUTPUT_ACCEPT 2416 -788480
TRACE 38917 OUTPUT_ACCEPT 2417 -286720
TRACE 38917 OUTPUT_ACCEPT 2418 -124928
TRACE 38917 OUTPUT_ACCEPT 2419 -303104
TRACE 38917 OUTPUT_ACCEPT 2420 227328
TRACE 38917 OUTPUT_ACCEPT 2421 417792
TRACE 38917 OUTPUT_ACCEPT 2422 268288
TRACE 38917 OUTPUT_ACCEPT 2423 827392
TRACE 38917 OUTPUT_ACCEPT 2424 -2048
TRACE 38917 OUTPUT_ACCEPT 2425 -122880
TRACE 38917 OUTPUT_ACCEPT 2426 464896
TRACE 38917 OUTPUT_ACCEPT 2427 -335872
TRACE 38917 OUTPUT_ACCEPT 2428 -428032
TRACE 38917 OUTPUT_ACCEPT 2429 188416
TRACE 38917 OUTPUT_ACCEPT 2430 -583680
TRACE 38917 OUTPUT_ACCEPT 2431 401408
TRACE 39941 OUTPUT_ACCEPT 2432 -2048
TRACE 39941 OUTPUT_ACCEPT 2433 -745472
TRACE 39941 OUTPUT_ACCEPT 2434 268288
TRACE 39941 OUTPUT_ACCEPT 2435 -106496
TRACE 39941 OUTPUT_ACCEPT 2436 -821248
TRACE 39941 OUTPUT_ACCEPT 2437 221184
TRACE 39941 OUTPUT_ACCEPT 2438 -124928
TRACE 39941 OUTPUT_ACCEPT 2439 237568
TRACE 39941 OUTPUT_ACCEPT 2440 260096
TRACE 39941 OUTPUT_ACCEPT 2441 -57344
TRACE 39941 OUTPUT_ACCEPT 2442 333824
TRACE 39941 OUTPUT_ACCEPT 2443 385024
TRACE 39941 OUTPUT_ACCEPT 2444 96256
TRACE 39941 OUTPUT_ACCEPT 2445 516096
TRACE 39941 OUTPUT_ACCEPT 2446 595968
TRACE 39941 OUTPUT_ACCEPT 2447 -712704
TRACE 39941 OUTPUT_ACCEPT 2448 -264192
TRACE 39941 OUTPUT_ACCEPT 2449 -155648
TRACE 39941 OUTPUT_ACCEPT 2450 -387072
TRACE 39941 OUTPUT_ACCEPT 2451 90112
TRACE 39941 OUTPUT_ACCEPT 2452 227328
TRACE 39941 OUTPUT_ACCEPT 2453 24576
TRACE 39941 OUTPUT_ACCEPT 2454 530432
TRACE 39941 OUTPUT_ACCEPT 2455 -352256
TRACE 39941 OUTPUT_ACCEPT 2456 -526336
TRACE 39941 OUTPUT_ACCEPT 2457 8192
TRACE 39941 OUTPUT_ACCEPT 2458 -845824
TRACE 39941 OUTPUT_ACCEPT 2459 57344
TRACE 39941 OUTPUT_ACCEPT 2460 620544
TRACE 39941 OUTPUT_ACCEPT 2461 -204800
TRACE 39941 OUTPUT_ACCEPT 2462 727040
TRACE 39941 OUTPUT_ACCEPT 2463 270336
TRACE 39941 OUTPUT_ACCEPT 2464 -526336
TRACE 39941 OUTPUT_ACCEPT 2465 434176
TRACE 39941 OUTPUT_ACCEPT 2466 6144
TRACE 39941 OUTPUT_ACCEPT 2467 -761856
TRACE 39941 OUTPUT_ACCEPT 2468 227328
TRACE 39941 OUTPUT_ACCEPT 2469 -172032
TRACE 39941 OUTPUT_ACCEPT 2470 137216
TRACE 39941 OUTPUT_ACCEPT 2471 106496
TRACE 39941 OUTPUT_ACCEPT 2472 -264192
TRACE 39941 OUTPUT_ACCEPT 2473 73728
TRACE 39941 OUTPUT_ACCEPT 2474 71680
TRACE 39941 OUTPUT_ACCEPT 2475 -270336
TRACE 39941 OUTPUT_ACCEPT 2476 96256
TRACE 39941 OUTPUT_ACCEPT 2477 122880
TRACE 39941 OUTPUT_ACCEPT 2478 -190464
TRACE 39941 OUTPUT_ACCEPT 2479 204800
TRACE 39941 OUTPUT_ACCEPT 2480 260096
TRACE 39941 OUTPUT_ACCEPT 2481 -24576
TRACE 39941 OUTPUT_ACCEPT 2482 399360
TRACE 39941 OUTPUT_ACCEPT 2483 483328
TRACE 39941 OUTPUT_ACCEPT 2484 227328
TRACE 39941 OUTPUT_ACCEPT 2485 679936
TRACE 39941 OUTPUT_ACCEPT 2486 -256000
TRACE 39941 OUTPUT_ACCEPT 2487 -483328
TRACE 39941 OUTPUT_ACCEPT 2488 -2048
TRACE 39941 OUTPUT_ACCEPT 2489 -909312
TRACE 39941 OUTPUT_ACCEPT 2490 -59392
TRACE 39941 OUTPUT_ACCEPT 2491 450560
TRACE 39941 OUTPUT_ACCEPT 2492 -428032
TRACE 39941 OUTPUT_ACCEPT 2493 450560
TRACE 39941 OUTPUT_ACCEPT 2494 -59392
TRACE 39941 OUTPUT_ACCEPT 2495 -909312
TRACE 40965 OUTPUT_ACCEPT 2496 -2048
TRACE 40965 OUTPUT_ACCEPT 2497 -483328
TRACE 40965 OUTPUT_ACCEPT 2498 -256000
TRACE 40965 OUTPUT_ACCEPT 2499 679936
TRACE 40965 OUTPUT_ACCEPT 2500 227328
TRACE 40965 OUTPUT_ACCEPT 2501 483328
TRACE 40965 OUTPUT_ACCEPT 2502 399360
TRACE 40965 OUTPUT_ACCEPT 2503 -24576
TRACE 40965 OUTPUT_ACCEPT 2504 260096
TRACE 40965 OUTPUT_ACCEPT 2505 204800
TRACE 40965 OUTPUT_ACCEPT 2506 -190464
TRACE 40965 OUTPUT_ACCEPT 2507 122880
TRACE 40965 OUTPUT_ACCEPT 2508 96256
TRACE 40965 OUTPUT_ACCEPT 2509 -270336
TRACE 40965 OUTPUT_ACCEPT 2510 71680
TRACE 40965 OUTPUT_ACCEPT 2511 73728
TRACE 40965 OUTPUT_ACCEPT 2512 -264192
TRACE 40965 OUTPUT_ACCEPT 2513 106496
TRACE 40965 OUTPUT_ACCEPT 2514 137216
TRACE 40965 OUTPUT_ACCEPT 2515 -172032
TRACE 40965 OUTPUT_ACCEPT 2516 227328
TRACE 40965 OUTPUT_ACCEPT 2517 -761856
TRACE 40965 OUTPUT_ACCEPT 2518 6144
TRACE 40965 OUTPUT_ACCEPT 2519 434176
TRACE 40965 OUTPUT_ACCEPT 2520 -526336
TRACE 40965 OUTPUT_ACCEPT 2521 270336
TRACE 40965 OUTPUT_ACCEPT 2522 727040
TRACE 40965 OUTPUT_ACCEPT 2523 -204800
TRACE 40965 OUTPUT_ACCEPT 2524 620544
TRACE 40965 OUTPUT_ACCEPT 2525 57344
TRACE 40965 OUTPUT_ACCEPT 2526 -845824
TRACE 40965 OUTPUT_ACCEPT 2527 8192
TRACE 40965 OUTPUT_ACCEPT 2528 -526336
TRACE 40965 OUTPUT_ACCEPT 2529 -352256
TRACE 40965 OUTPUT_ACCEPT 2530 530432
TRACE 40965 OUTPUT_ACCEPT 2531 24576
TRACE 40965 OUTPUT_ACCEPT 2532 227328
TRACE 40965 OUTPUT_ACCEPT 2533 90112
TRACE 40965 OUTPUT_ACCEPT 2534 -387072
TRACE 40965 OUTPUT_ACCEPT 2535 -155648
TRACE 40965 OUTPUT_ACCEPT 2536 -264192
TRACE 40965 OUTPUT_ACCEPT 2537 -712704
TRACE 40965 OUTPUT_ACCEPT 2538 595968
TRACE 40965 OUTPUT_ACCEPT 2539 516096
TRACE 40965 OUTPUT_ACCEPT 2540 96256
TRACE 40965 OUTPUT_ACCEPT 2541 385024
TRACE 40965 OUTPUT_ACCEPT 2542 333824
TRACE 40965 OUTPUT_ACCEPT 2543 -57344
TRACE 40965 OUTPUT_ACCEPT 2544 260096
TRACE 40965 OUTPUT_ACCEPT 2545 237568
TRACE 40965 OUTPUT_ACCEPT 2546 -124928
TRACE 40965 OUTPUT_ACCEPT 2547 221184
TRACE 40965 OUTPUT_ACCEPT 2548 -821248
TRACE 40965 OUTPUT_ACCEPT 2549 -106496
TRACE 40965 OUTPUT_ACCEPT 2550 268288
TRACE 40965 OUTPUT_ACCEPT 2551 -745472
TRACE 40965 OUTPUT_ACCEPT 2552 -2048
TRACE 40965 OUTPUT_ACCEPT 2553 401408
TRACE 40965 OUTPUT_ACCEPT 2554 -583680
TRACE 40965 OUTPUT_ACCEPT 2555 188416
TRACE 40965 OUTPUT_ACCEPT 2556 -428032
TRACE 40965 OUTPUT_ACCEPT 2557 -335872
TRACE 40965 OUTPUT_ACCEPT 2558 464896
TRACE 40965 OUTPUT_ACCEPT 2559 -122880
TRACE 41989 OUTPUT_ACCEPT 2560 -2048
TRACE 41989 OUTPUT_ACCEPT 2561 827392
TRACE 41989 OUTPUT_ACCEPT 2562 268288
TRACE 41989 OUTPUT_ACCEPT 2563 417792
TRACE 41989 OUTPUT_ACCEPT 2564 227328
TRACE 41989 OUTPUT_ACCEPT 2565 -303104
TRACE 41989 OUTPUT_ACCEPT 2566 -124928
TRACE 41989 OUTPUT_ACCEPT 2567 -286720
TRACE 41989 OUTPUT_ACCEPT 2568 -788480
TRACE 41989 OUTPUT_ACCEPT 2569 466944
TRACE 41989 OUTPUT_ACCEPT 2570 333824
TRACE 41989 OUTPUT_ACCEPT 2571 -139264
TRACE 41989 OUTPUT_ACCEPT 2572 96256
TRACE 41989 OUTPUT_ACCEPT 2573 -8192
TRACE 41989 OUTPUT_ACCEPT 2574 -452608
TRACE 41989 OUTPUT_ACCEPT 2575 -188416
TRACE 41989 OUTPUT_ACCEPT 2576 -264192
TRACE 41989 OUTPUT_ACCEPT 2577 368640
TRACE 41989 OUTPUT_ACCEPT 2578 661504
TRACE 41989 OUTPUT_ACCEPT 2579 -434176
TRACE 41989 OUTPUT_ACCEPT 2580 227328
TRACE 41989 OUTPUT_ACCEPT 2581 548864
TRACE 41989 OUTPUT_ACCEPT 2582 -518144
TRACE 41989 OUTPUT_ACCEPT 2583 172032
TRACE 41989 OUTPUT_ACCEPT 2584 522240
TRACE 41989 OUTPUT_ACCEPT 2585 -516096
TRACE 41989 OUTPUT_ACCEPT 2586 202752
TRACE 41989 OUTPUT_ACCEPT 2587 -466944
TRACE 41989 OUTPUT_ACCEPT 2588 -428032
TRACE 41989 OUTPUT_ACCEPT 2589 319488
TRACE 41989 OUTPUT_ACCEPT 2590 -321536
TRACE 41989 OUTPUT_ACCEPT 2591 -253952
TRACE 41989 OUTPUT_ACCEPT 2592 522240
TRACE 41989 OUTPUT_ACCEPT 2593 -90112
TRACE 41989 OUTPUT_ACCEPT 2594 6144
TRACE 41989 OUTPUT_ACCEPT 2595 -237568
TRACE 41989 OUTPUT_ACCEPT 2596 -821248
TRACE 41989 OUTPUT_ACCEPT 2597 352256
TRACE 41989 OUTPUT_ACCEPT 2598 137216
TRACE 41989 OUTPUT_ACCEPT 2599 -417792
TRACE 41989 OUTPUT_ACCEPT 2600 784384
TRACE 41989 OUTPUT_ACCEPT 2601 598016
TRACE 41989 OUTPUT_ACCEPT 2602 71680
TRACE 41989 OUTPUT_ACCEPT 2603 253952
TRACE 41989 OUTPUT_ACCEPT 2604 96256
TRACE 41989 OUTPUT_ACCEPT 2605 -401408
TRACE 41989 OUTPUT_ACCEPT 2606 -190464
TRACE 41989 OUTPUT_ACCEPT 2607 -319488
TRACE 41989 OUTPUT_ACCEPT 2608 260096
TRACE 41989 OUTPUT_ACCEPT 2609 499712
TRACE 41989 OUTPUT_ACCEPT 2610 -649216
TRACE 41989 OUTPUT_ACCEPT 2611 -40960
TRACE 41989 OUTPUT_ACCEPT 2612 227328
TRACE 41989 OUTPUT_ACCEPT 2613 -892928
TRACE 41989 OUTPUT_ACCEPT 2614 -256000
TRACE 41989 OUTPUT_ACCEPT 2615 40960
TRACE 41989 OUTPUT_ACCEPT 2616 -2048
TRACE 41989 OUTPUT_ACCEPT 2617 663552
TRACE 41989 OUTPUT_ACCEPT 2618 -59392
TRACE 41989 OUTPUT_ACCEPT 2619 -73728
TRACE 41989 OUTPUT_ACCEPT 2620 620544
TRACE 41989 OUTPUT_ACCEPT 2621 -73728
TRACE 41989 OUTPUT_ACCEPT 2622 -59392
TRACE 41989 OUTPUT_ACCEPT 2623 663552
TRACE 43013 OUTPUT_ACCEPT 2624 -2048
TRACE 43013 OUTPUT_ACCEPT 2625 40960
TRACE 43013 OUTPUT_ACCEPT 2626 -256000
TRACE 43013 OUTPUT_ACCEPT 2627 -892928
TRACE 43013 OUTPUT_ACCEPT 2628 227328
TRACE 43013 OUTPUT_ACCEPT 2629 -40960
TRACE 43013 OUTPUT_ACCEPT 2630 -649216
TRACE 43013 OUTPUT_ACCEPT 2631 499712
TRACE 43013 OUTPUT_ACCEPT 2632 260096
TRACE 43013 OUTPUT_ACCEPT 2633 -319488
TRACE 43013 OUTPUT_ACCEPT 2634 -190464
TRACE 43013 OUTPUT_ACCEPT 2635 -401408
TRACE 43013 OUTPUT_ACCEPT 2636 96256
TRACE 43013 OUTPUT_ACCEPT 2637 253952
TRACE 43013 OUTPUT_ACCEPT 2638 71680
TRACE 43013 OUTPUT_ACCEPT 2639 598016
TRACE 43013 OUTPUT_ACCEPT 2640 784384
TRACE 43013 OUTPUT_ACCEPT 2641 -417792
TRACE 43013 OUTPUT_ACCEPT 2642 137216
TRACE 43013 OUTPUT_ACCEPT 2643 352256
TRACE 43013 OUTPUT_ACCEPT 2644 -821248
TRACE 43013 OUTPUT_ACCEPT 2645 -237568
TRACE 43013 OUTPUT_ACCEPT 2646 6144
TRACE 43013 OUTPUT_ACCEPT 2647 -90112
TRACE 43013 OUTPUT_ACCEPT 2648 522240
TRACE 43013 OUTPUT_ACCEPT 2649 -253952
TRACE 43013 OUTPUT_ACCEPT 2650 -321536
TRACE 43013 OUTPUT_ACCEPT 2651 319488
TRACE 43013 OUTPUT_ACCEPT 2652 -428032
TRACE 43013 OUTPUT_ACCEPT 2653 -466944
TRACE 43013 OUTPUT_ACCEPT 2654 202752
TRACE 43013 OUTPUT_ACCEPT 2655 -516096
TRACE 43013 OUTPUT_ACCEPT 2656 522240
TRACE 43013 OUTPUT_ACCEPT 2657 172032
TRACE 43013 OUTPUT_ACCEPT 2658 -518144
TRACE 43013 OUTPUT_ACCEPT 2659 548864
TRACE 43013 OUTPUT_ACCEPT 2660 227328
TRACE 43013 OUTPUT_ACCEPT 2661 -434176
TRACE 43013 OUTPUT_ACCEPT 2662 661504
TRACE 43013 OUTPUT_ACCEPT 2663 368640
TRACE 43013 OUTPUT_ACCEPT 2664 -264192
TRACE 43013 OUTPUT_ACCEPT 2665 -188416
TRACE 43013 OUTPUT_ACCEPT 2666 -452608
TRACE 43013 OUTPUT_ACCEPT 2667 -8192
TRACE 43013 OUTPUT_ACCEPT 2668 96256
TRACE 43013 OUTPUT_ACCEPT 2669 -139264
TRACE 43013 OUTPUT_ACCEPT 2670 333824
TRACE 43013 OUTPUT_ACCEPT 2671 466944
TRACE 43013 OUTPUT_ACCEPT 2672 -788480
TRACE 43013 OUTPUT_ACCEPT 2673 -286720
TRACE 43013 OUTPUT_ACCEPT 2674 -124928
TRACE 43013 OUTPUT_ACCEPT 2675 -303104
TRACE 43013 OUTPUT_ACCEPT 2676 227328
TRACE 43013 OUTPUT_ACCEPT 2677 417792
TRACE 43013 OUTPUT_ACCEPT 2678 268288
TRACE 43013 OUTPUT_ACCEPT 2679 827392
TRACE 43013 OUTPUT_ACCEPT 2680 -2048
TRACE 43013 OUTPUT_ACCEPT 2681 -122880
TRACE 43013 OUTPUT_ACCEPT 2682 464896
TRACE 43013 OUTPUT_ACCEPT 2683 -335872
TRACE 43013 OUTPUT_ACCEPT 2684 -428032
TRACE 43013 OUTPUT_ACCEPT 2685 188416
TRACE 43013 OUTPUT_ACCEPT 2686 -583680
TRACE 43013 OUTPUT_ACCEPT 2687 401408
TRACE 44037 OUTPUT_ACCEPT 2688 -2048
TRACE 44037 OUTPUT_ACCEPT 2689 -745472
TRACE 44037 OUTPUT_ACCEPT 2690 268288
TRACE 44037 OUTPUT_ACCEPT 2691 -106496
TRACE 44037 OUTPUT_ACCEPT 2692 -821248
TRACE 44037 OUTPUT_ACCEPT 2693 221184
TRACE 44037 OUTPUT_ACCEPT 2694 -124928
TRACE 44037 OUTPUT_ACCEPT 2695 237568
TRACE 44037 OUTPUT_ACCEPT 2696 260096
TRACE 44037 OUTPUT_ACCEPT 2697 -57344
TRACE 44037 OUTPUT_ACCEPT 2698 333824
TRACE 44037 OUTPUT_ACCEPT 2699 385024
TRACE 44037 OUTPUT_ACCEPT 2700 96256
TRACE 44037 OUTPUT_ACCEPT 2701 516096
TRACE 44037 OUTPUT_ACCEPT 2702 595968
TRACE 44037 OUTPUT_ACCEPT 2703 -712704
TRACE 44037 OUTPUT_ACCEPT 2704 -264192
TRACE 44037 OUTPUT_ACCEPT 2705 -155648
TRACE 44037 OUTPUT_ACCEPT 2706 -387072
TRACE 44037 OUTPUT_ACCEPT 2707 90112
TRACE 44037 OUTPUT_ACCEPT 2708 227328
TRACE 44037 OUTPUT_ACCEPT 2709 24576
TRACE 44037 OUTPUT_ACCEPT 2710 530432
TRACE 44037 OUTPUT_ACCEPT 2711 -352256
TRACE 44037 OUTPUT_ACCEPT 2712 -526336
TRACE 44037 OUTPUT_ACCEPT 2713 8192
TRACE 44037 OUTPUT_ACCEPT 2714 -845824
TRACE 44037 OUTPUT_ACCEPT 2715 57344
TRACE 44037 OUTPUT_ACCEPT 2716 620544
TRACE 44037 OUTPUT_ACCEPT 2717 -204800
TRACE 44037 OUTPUT_ACCEPT 2718 727040
TRACE 44037 OUTPUT_ACCEPT 2719 270336
TRACE 44037 OUTPUT_ACCEPT 2720 -526336
TRACE 44037 OUTPUT_ACCEPT 2721 434176
TRACE 44037 OUTPUT_ACCEPT 2722 6144
TRACE 44037 OUTPUT_ACCEPT 2723 -761856
TRACE 44037 OUTPUT_ACCEPT 2724 227328
TRACE 44037 OUTPUT_ACCEPT 2725 -172032
TRACE 44037 OUTPUT_ACCEPT 2726 137216
TRACE 44037 OUTPUT_ACCEPT 2727 106496
TRACE 44037 OUTPUT_ACCEPT 2728 -264192
TRACE 44037 OUTPUT_ACCEPT 2729 73728
TRACE 44037 OUTPUT_ACCEPT 2730 71680
TRACE 44037 OUTPUT_ACCEPT 2731 -270336
TRACE 44037 OUTPUT_ACCEPT 2732 96256
TRACE 44037 OUTPUT_ACCEPT 2733 122880
TRACE 44037 OUTPUT_ACCEPT 2734 -190464
TRACE 44037 OUTPUT_ACCEPT 2735 204800
TRACE 44037 OUTPUT_ACCEPT 2736 260096
TRACE 44037 OUTPUT_ACCEPT 2737 -24576
TRACE 44037 OUTPUT_ACCEPT 2738 399360
TRACE 44037 OUTPUT_ACCEPT 2739 483328
TRACE 44037 OUTPUT_ACCEPT 2740 227328
TRACE 44037 OUTPUT_ACCEPT 2741 679936
TRACE 44037 OUTPUT_ACCEPT 2742 -256000
TRACE 44037 OUTPUT_ACCEPT 2743 -483328
TRACE 44037 OUTPUT_ACCEPT 2744 -2048
TRACE 44037 OUTPUT_ACCEPT 2745 -909312
TRACE 44037 OUTPUT_ACCEPT 2746 -59392
TRACE 44037 OUTPUT_ACCEPT 2747 450560
TRACE 44037 OUTPUT_ACCEPT 2748 -428032
TRACE 44037 OUTPUT_ACCEPT 2749 450560
TRACE 44037 OUTPUT_ACCEPT 2750 -59392
TRACE 44037 OUTPUT_ACCEPT 2751 -909312
TRACE 45061 OUTPUT_ACCEPT 2752 -2048
TRACE 45061 OUTPUT_ACCEPT 2753 -483328
TRACE 45061 OUTPUT_ACCEPT 2754 -256000
TRACE 45061 OUTPUT_ACCEPT 2755 679936
TRACE 45061 OUTPUT_ACCEPT 2756 227328
TRACE 45061 OUTPUT_ACCEPT 2757 483328
TRACE 45061 OUTPUT_ACCEPT 2758 399360
TRACE 45061 OUTPUT_ACCEPT 2759 -24576
TRACE 45061 OUTPUT_ACCEPT 2760 260096
TRACE 45061 OUTPUT_ACCEPT 2761 204800
TRACE 45061 OUTPUT_ACCEPT 2762 -190464
TRACE 45061 OUTPUT_ACCEPT 2763 122880
TRACE 45061 OUTPUT_ACCEPT 2764 96256
TRACE 45061 OUTPUT_ACCEPT 2765 -270336
TRACE 45061 OUTPUT_ACCEPT 2766 71680
TRACE 45061 OUTPUT_ACCEPT 2767 73728
TRACE 45061 OUTPUT_ACCEPT 2768 -264192
TRACE 45061 OUTPUT_ACCEPT 2769 106496
TRACE 45061 OUTPUT_ACCEPT 2770 137216
TRACE 45061 OUTPUT_ACCEPT 2771 -172032
TRACE 45061 OUTPUT_ACCEPT 2772 227328
TRACE 45061 OUTPUT_ACCEPT 2773 -761856
TRACE 45061 OUTPUT_ACCEPT 2774 6144
TRACE 45061 OUTPUT_ACCEPT 2775 434176
TRACE 45061 OUTPUT_ACCEPT 2776 -526336
TRACE 45061 OUTPUT_ACCEPT 2777 270336
TRACE 45061 OUTPUT_ACCEPT 2778 727040
TRACE 45061 OUTPUT_ACCEPT 2779 -204800
TRACE 45061 OUTPUT_ACCEPT 2780 620544
TRACE 45061 OUTPUT_ACCEPT 2781 57344
TRACE 45061 OUTPUT_ACCEPT 2782 -845824
TRACE 45061 OUTPUT_ACCEPT 2783 8192
TRACE 45061 OUTPUT_ACCEPT 2784 -526336
TRACE 45061 OUTPUT_ACCEPT 2785 -352256
TRACE 45061 OUTPUT_ACCEPT 2786 530432
TRACE 45061 OUTPUT_ACCEPT 2787 24576
TRACE 45061 OUTPUT_ACCEPT 2788 227328
TRACE 45061 OUTPUT_ACCEPT 2789 90112
TRACE 45061 OUTPUT_ACCEPT 2790 -387072
TRACE 45061 OUTPUT_ACCEPT 2791 -155648
TRACE 45061 OUTPUT_ACCEPT 2792 -264192
TRACE 45061 OUTPUT_ACCEPT 2793 -712704
TRACE 45061 OUTPUT_ACCEPT 2794 595968
TRACE 45061 OUTPUT_ACCEPT 2795 516096
TRACE 45061 OUTPUT_ACCEPT 2796 96256
TRACE 45061 OUTPUT_ACCEPT 2797 385024
TRACE 45061 OUTPUT_ACCEPT 2798 333824
TRACE 45061 OUTPUT_ACCEPT 2799 -57344
TRACE 45061 OUTPUT_ACCEPT 2800 260096
TRACE 45061 OUTPUT_ACCEPT 2801 237568
TRACE 45061 OUTPUT_ACCEPT 2802 -124928
TRACE 45061 OUTPUT_ACCEPT 2803 221184
TRACE 45061 OUTPUT_ACCEPT 2804 -821248
TRACE 45061 OUTPUT_ACCEPT 2805 -106496
TRACE 45061 OUTPUT_ACCEPT 2806 268288
TRACE 45061 OUTPUT_ACCEPT 2807 -745472
TRACE 45061 OUTPUT_ACCEPT 2808 -2048
TRACE 45061 OUTPUT_ACCEPT 2809 401408
TRACE 45061 OUTPUT_ACCEPT 2810 -583680
TRACE 45061 OUTPUT_ACCEPT 2811 188416
TRACE 45061 OUTPUT_ACCEPT 2812 -428032
TRACE 45061 OUTPUT_ACCEPT 2813 -335872
TRACE 45061 OUTPUT_ACCEPT 2814 464896
TRACE 45061 OUTPUT_ACCEPT 2815 -122880
TRACE 46085 OUTPUT_ACCEPT 2816 -2048
TRACE 46085 OUTPUT_ACCEPT 2817 827392
TRACE 46085 OUTPUT_ACCEPT 2818 268288
TRACE 46085 OUTPUT_ACCEPT 2819 417792
TRACE 46085 OUTPUT_ACCEPT 2820 227328
TRACE 46085 OUTPUT_ACCEPT 2821 -303104
TRACE 46085 OUTPUT_ACCEPT 2822 -124928
TRACE 46085 OUTPUT_ACCEPT 2823 -286720
TRACE 46085 OUTPUT_ACCEPT 2824 -788480
TRACE 46085 OUTPUT_ACCEPT 2825 466944
TRACE 46085 OUTPUT_ACCEPT 2826 333824
TRACE 46085 OUTPUT_ACCEPT 2827 -139264
TRACE 46085 OUTPUT_ACCEPT 2828 96256
TRACE 46085 OUTPUT_ACCEPT 2829 -8192
TRACE 46085 OUTPUT_ACCEPT 2830 -452608
TRACE 46085 OUTPUT_ACCEPT 2831 -188416
TRACE 46085 OUTPUT_ACCEPT 2832 -264192
TRACE 46085 OUTPUT_ACCEPT 2833 368640
TRACE 46085 OUTPUT_ACCEPT 2834 661504
TRACE 46085 OUTPUT_ACCEPT 2835 -434176
TRACE 46085 OUTPUT_ACCEPT 2836 227328
TRACE 46085 OUTPUT_ACCEPT 2837 548864
TRACE 46085 OUTPUT_ACCEPT 2838 -518144
TRACE 46085 OUTPUT_ACCEPT 2839 172032
TRACE 46085 OUTPUT_ACCEPT 2840 522240
TRACE 46085 OUTPUT_ACCEPT 2841 -516096
TRACE 46085 OUTPUT_ACCEPT 2842 202752
TRACE 46085 OUTPUT_ACCEPT 2843 -466944
TRACE 46085 OUTPUT_ACCEPT 2844 -428032
TRACE 46085 OUTPUT_ACCEPT 2845 319488
TRACE 46085 OUTPUT_ACCEPT 2846 -321536
TRACE 46085 OUTPUT_ACCEPT 2847 -253952
TRACE 46085 OUTPUT_ACCEPT 2848 522240
TRACE 46085 OUTPUT_ACCEPT 2849 -90112
TRACE 46085 OUTPUT_ACCEPT 2850 6144
TRACE 46085 OUTPUT_ACCEPT 2851 -237568
TRACE 46085 OUTPUT_ACCEPT 2852 -821248
TRACE 46085 OUTPUT_ACCEPT 2853 352256
TRACE 46085 OUTPUT_ACCEPT 2854 137216
TRACE 46085 OUTPUT_ACCEPT 2855 -417792
TRACE 46085 OUTPUT_ACCEPT 2856 784384
TRACE 46085 OUTPUT_ACCEPT 2857 598016
TRACE 46085 OUTPUT_ACCEPT 2858 71680
TRACE 46085 OUTPUT_ACCEPT 2859 253952
TRACE 46085 OUTPUT_ACCEPT 2860 96256
TRACE 46085 OUTPUT_ACCEPT 2861 -401408
TRACE 46085 OUTPUT_ACCEPT 2862 -190464
TRACE 46085 OUTPUT_ACCEPT 2863 -319488
TRACE 46085 OUTPUT_ACCEPT 2864 260096
TRACE 46085 OUTPUT_ACCEPT 2865 499712
TRACE 46085 OUTPUT_ACCEPT 2866 -649216
TRACE 46085 OUTPUT_ACCEPT 2867 -40960
TRACE 46085 OUTPUT_ACCEPT 2868 227328
TRACE 46085 OUTPUT_ACCEPT 2869 -892928
TRACE 46085 OUTPUT_ACCEPT 2870 -256000
TRACE 46085 OUTPUT_ACCEPT 2871 40960
TRACE 46085 OUTPUT_ACCEPT 2872 -2048
TRACE 46085 OUTPUT_ACCEPT 2873 663552
TRACE 46085 OUTPUT_ACCEPT 2874 -59392
TRACE 46085 OUTPUT_ACCEPT 2875 -73728
TRACE 46085 OUTPUT_ACCEPT 2876 620544
TRACE 46085 OUTPUT_ACCEPT 2877 -73728
TRACE 46085 OUTPUT_ACCEPT 2878 -59392
TRACE 46085 OUTPUT_ACCEPT 2879 663552
TRACE 47109 OUTPUT_ACCEPT 2880 -2048
TRACE 47109 OUTPUT_ACCEPT 2881 40960
TRACE 47109 OUTPUT_ACCEPT 2882 -256000
TRACE 47109 OUTPUT_ACCEPT 2883 -892928
TRACE 47109 OUTPUT_ACCEPT 2884 227328
TRACE 47109 OUTPUT_ACCEPT 2885 -40960
TRACE 47109 OUTPUT_ACCEPT 2886 -649216
TRACE 47109 OUTPUT_ACCEPT 2887 499712
TRACE 47109 OUTPUT_ACCEPT 2888 260096
TRACE 47109 OUTPUT_ACCEPT 2889 -319488
TRACE 47109 OUTPUT_ACCEPT 2890 -190464
TRACE 47109 OUTPUT_ACCEPT 2891 -401408
TRACE 47109 OUTPUT_ACCEPT 2892 96256
TRACE 47109 OUTPUT_ACCEPT 2893 253952
TRACE 47109 OUTPUT_ACCEPT 2894 71680
TRACE 47109 OUTPUT_ACCEPT 2895 598016
TRACE 47109 OUTPUT_ACCEPT 2896 784384
TRACE 47109 OUTPUT_ACCEPT 2897 -417792
TRACE 47109 OUTPUT_ACCEPT 2898 137216
TRACE 47109 OUTPUT_ACCEPT 2899 352256
TRACE 47109 OUTPUT_ACCEPT 2900 -821248
TRACE 47109 OUTPUT_ACCEPT 2901 -237568
TRACE 47109 OUTPUT_ACCEPT 2902 6144
TRACE 47109 OUTPUT_ACCEPT 2903 -90112
TRACE 47109 OUTPUT_ACCEPT 2904 522240
TRACE 47109 OUTPUT_ACCEPT 2905 -253952
TRACE 47109 OUTPUT_ACCEPT 2906 -321536
TRACE 47109 OUTPUT_ACCEPT 2907 319488
TRACE 47109 OUTPUT_ACCEPT 2908 -428032
TRACE 47109 OUTPUT_ACCEPT 2909 -466944
TRACE 47109 OUTPUT_ACCEPT 2910 202752
TRACE 47109 OUTPUT_ACCEPT 2911 -516096
TRACE 47109 OUTPUT_ACCEPT 2912 522240
TRACE 47109 OUTPUT_ACCEPT 2913 172032
TRACE 47109 OUTPUT_ACCEPT 2914 -518144
TRACE 47109 OUTPUT_ACCEPT 2915 548864
TRACE 47109 OUTPUT_ACCEPT 2916 227328
TRACE 47109 OUTPUT_ACCEPT 2917 -434176
TRACE 47109 OUTPUT_ACCEPT 2918 661504
TRACE 47109 OUTPUT_ACCEPT 2919 368640
TRACE 47109 OUTPUT_ACCEPT 2920 -264192
TRACE 47109 OUTPUT_ACCEPT 2921 -188416
TRACE 47109 OUTPUT_ACCEPT 2922 -452608
TRACE 47109 OUTPUT_ACCEPT 2923 -8192
TRACE 47109 OUTPUT_ACCEPT 2924 96256
TRACE 47109 OUTPUT_ACCEPT 2925 -139264
TRACE 47109 OUTPUT_ACCEPT 2926 333824
TRACE 47109 OUTPUT_ACCEPT 2927 466944
TRACE 47109 OUTPUT_ACCEPT 2928 -788480
TRACE 47109 OUTPUT_ACCEPT 2929 -286720
TRACE 47109 OUTPUT_ACCEPT 2930 -124928
TRACE 47109 OUTPUT_ACCEPT 2931 -303104
TRACE 47109 OUTPUT_ACCEPT 2932 227328
TRACE 47109 OUTPUT_ACCEPT 2933 417792
TRACE 47109 OUTPUT_ACCEPT 2934 268288
TRACE 47109 OUTPUT_ACCEPT 2935 827392
TRACE 47109 OUTPUT_ACCEPT 2936 -2048
TRACE 47109 OUTPUT_ACCEPT 2937 -122880
TRACE 47109 OUTPUT_ACCEPT 2938 464896
TRACE 47109 OUTPUT_ACCEPT 2939 -335872
TRACE 47109 OUTPUT_ACCEPT 2940 -428032
TRACE 47109 OUTPUT_ACCEPT 2941 188416
TRACE 47109 OUTPUT_ACCEPT 2942 -583680
TRACE 47109 OUTPUT_ACCEPT 2943 401408
TRACE 48133 OUTPUT_ACCEPT 2944 -2048
TRACE 48133 OUTPUT_ACCEPT 2945 -745472
TRACE 48133 OUTPUT_ACCEPT 2946 268288
TRACE 48133 OUTPUT_ACCEPT 2947 -106496
TRACE 48133 OUTPUT_ACCEPT 2948 -821248
TRACE 48133 OUTPUT_ACCEPT 2949 221184
TRACE 48133 OUTPUT_ACCEPT 2950 -124928
TRACE 48133 OUTPUT_ACCEPT 2951 237568
TRACE 48133 OUTPUT_ACCEPT 2952 260096
TRACE 48133 OUTPUT_ACCEPT 2953 -57344
TRACE 48133 OUTPUT_ACCEPT 2954 333824
TRACE 48133 OUTPUT_ACCEPT 2955 385024
TRACE 48133 OUTPUT_ACCEPT 2956 96256
TRACE 48133 OUTPUT_ACCEPT 2957 516096
TRACE 48133 OUTPUT_ACCEPT 2958 595968
TRACE 48133 OUTPUT_ACCEPT 2959 -712704
TRACE 48133 OUTPUT_ACCEPT 2960 -264192
TRACE 48133 OUTPUT_ACCEPT 2961 -155648
TRACE 48133 OUTPUT_ACCEPT 2962 -387072
TRACE 48133 OUTPUT_ACCEPT 2963 90112
TRACE 48133 OUTPUT_ACCEPT 2964 227328
TRACE 48133 OUTPUT_ACCEPT 2965 24576
TRACE 48133 OUTPUT_ACCEPT 2966 530432
TRACE 48133 OUTPUT_ACCEPT 2967 -352256
TRACE 48133 OUTPUT_ACCEPT 2968 -526336
TRACE 48133 OUTPUT_ACCEPT 2969 8192
TRACE 48133 OUTPUT_ACCEPT 2970 -845824
TRACE 48133 OUTPUT_ACCEPT 2971 57344
TRACE 48133 OUTPUT_ACCEPT 2972 620544
TRACE 48133 OUTPUT_ACCEPT 2973 -204800
TRACE 48133 OUTPUT_ACCEPT 2974 727040
TRACE 48133 OUTPUT_ACCEPT 2975 270336
TRACE 48133 OUTPUT_ACCEPT 2976 -526336
TRACE 48133 OUTPUT_ACCEPT 2977 434176
TRACE 48133 OUTPUT_ACCEPT 2978 6144
TRACE 48133 OUTPUT_ACCEPT 2979 -761856
TRACE 48133 OUTPUT_ACCEPT 2980 227328
TRACE 48133 OUTPUT_ACCEPT 2981 -172032
TRACE 48133 OUTPUT_ACCEPT 2982 137216
TRACE 48133 OUTPUT_ACCEPT 2983 106496
TRACE 48133 OUTPUT_ACCEPT 2984 -264192
TRACE 48133 OUTPUT_ACCEPT 2985 73728
TRACE 48133 OUTPUT_ACCEPT 2986 71680
TRACE 48133 OUTPUT_ACCEPT 2987 -270336
TRACE 48133 OUTPUT_ACCEPT 2988 96256
TRACE 48133 OUTPUT_ACCEPT 2989 122880
TRACE 48133 OUTPUT_ACCEPT 2990 -190464
TRACE 48133 OUTPUT_ACCEPT 2991 204800
TRACE 48133 OUTPUT_ACCEPT 2992 260096
TRACE 48133 OUTPUT_ACCEPT 2993 -24576
TRACE 48133 OUTPUT_ACCEPT 2994 399360
TRACE 48133 OUTPUT_ACCEPT 2995 483328
TRACE 48133 OUTPUT_ACCEPT 2996 227328
TRACE 48133 OUTPUT_ACCEPT 2997 679936
TRACE 48133 OUTPUT_ACCEPT 2998 -256000
TRACE 48133 OUTPUT_ACCEPT 2999 -483328
TRACE 48133 OUTPUT_ACCEPT 3000 -2048
TRACE 48133 OUTPUT_ACCEPT 3001 -909312
TRACE 48133 OUTPUT_ACCEPT 3002 -59392
TRACE 48133 OUTPUT_ACCEPT 3003 450560
TRACE 48133 OUTPUT_ACCEPT 3004 -428032
TRACE 48133 OUTPUT_ACCEPT 3005 450560
TRACE 48133 OUTPUT_ACCEPT 3006 -59392
TRACE 48133 OUTPUT_ACCEPT 3007 -909312
TRACE 49157 OUTPUT_ACCEPT 3008 -2048
TRACE 49157 OUTPUT_ACCEPT 3009 -483328
TRACE 49157 OUTPUT_ACCEPT 3010 -256000
TRACE 49157 OUTPUT_ACCEPT 3011 679936
TRACE 49157 OUTPUT_ACCEPT 3012 227328
TRACE 49157 OUTPUT_ACCEPT 3013 483328
TRACE 49157 OUTPUT_ACCEPT 3014 399360
TRACE 49157 OUTPUT_ACCEPT 3015 -24576
TRACE 49157 OUTPUT_ACCEPT 3016 260096
TRACE 49157 OUTPUT_ACCEPT 3017 204800
TRACE 49157 OUTPUT_ACCEPT 3018 -190464
TRACE 49157 OUTPUT_ACCEPT 3019 122880
TRACE 49157 OUTPUT_ACCEPT 3020 96256
TRACE 49157 OUTPUT_ACCEPT 3021 -270336
TRACE 49157 OUTPUT_ACCEPT 3022 71680
TRACE 49157 OUTPUT_ACCEPT 3023 73728
TRACE 49157 OUTPUT_ACCEPT 3024 -264192
TRACE 49157 OUTPUT_ACCEPT 3025 106496
TRACE 49157 OUTPUT_ACCEPT 3026 137216
TRACE 49157 OUTPUT_ACCEPT 3027 -172032
TRACE 49157 OUTPUT_ACCEPT 3028 227328
TRACE 49157 OUTPUT_ACCEPT 3029 -761856
TRACE 49157 OUTPUT_ACCEPT 3030 6144
TRACE 49157 OUTPUT_ACCEPT 3031 434176
TRACE 49157 OUTPUT_ACCEPT 3032 -526336
TRACE 49157 OUTPUT_ACCEPT 3033 270336
TRACE 49157 OUTPUT_ACCEPT 3034 727040
TRACE 49157 OUTPUT_ACCEPT 3035 -204800
TRACE 49157 OUTPUT_ACCEPT 3036 620544
TRACE 49157 OUTPUT_ACCEPT 3037 57344
TRACE 49157 OUTPUT_ACCEPT 3038 -845824
TRACE 49157 OUTPUT_ACCEPT 3039 8192
TRACE 49157 OUTPUT_ACCEPT 3040 -526336
TRACE 49157 OUTPUT_ACCEPT 3041 -352256
TRACE 49157 OUTPUT_ACCEPT 3042 530432
TRACE 49157 OUTPUT_ACCEPT 3043 24576
TRACE 49157 OUTPUT_ACCEPT 3044 227328
TRACE 49157 OUTPUT_ACCEPT 3045 90112
TRACE 49157 OUTPUT_ACCEPT 3046 -387072
TRACE 49157 OUTPUT_ACCEPT 3047 -155648
TRACE 49157 OUTPUT_ACCEPT 3048 -264192
TRACE 49157 OUTPUT_ACCEPT 3049 -712704
TRACE 49157 OUTPUT_ACCEPT 3050 595968
TRACE 49157 OUTPUT_ACCEPT 3051 516096
TRACE 49157 OUTPUT_ACCEPT 3052 96256
TRACE 49157 OUTPUT_ACCEPT 3053 385024
TRACE 49157 OUTPUT_ACCEPT 3054 333824
TRACE 49157 OUTPUT_ACCEPT 3055 -57344
TRACE 49157 OUTPUT_ACCEPT 3056 260096
TRACE 49157 OUTPUT_ACCEPT 3057 237568
TRACE 49157 OUTPUT_ACCEPT 3058 -124928
TRACE 49157 OUTPUT_ACCEPT 3059 221184
TRACE 49157 OUTPUT_ACCEPT 3060 -821248
TRACE 49157 OUTPUT_ACCEPT 3061 -106496
TRACE 49157 OUTPUT_ACCEPT 3062 268288
TRACE 49157 OUTPUT_ACCEPT 3063 -745472
TRACE 49157 OUTPUT_ACCEPT 3064 -2048
TRACE 49157 OUTPUT_ACCEPT 3065 401408
TRACE 49157 OUTPUT_ACCEPT 3066 -583680
TRACE 49157 OUTPUT_ACCEPT 3067 188416
TRACE 49157 OUTPUT_ACCEPT 3068 -428032
TRACE 49157 OUTPUT_ACCEPT 3069 -335872
TRACE 49157 OUTPUT_ACCEPT 3070 464896
TRACE 49157 OUTPUT_ACCEPT 3071 -122880
TRACE 50181 OUTPUT_ACCEPT 3072 -2048
TRACE 50181 OUTPUT_ACCEPT 3073 827392
TRACE 50181 OUTPUT_ACCEPT 3074 268288
TRACE 50181 OUTPUT_ACCEPT 3075 417792
TRACE 50181 OUTPUT_ACCEPT 3076 227328
TRACE 50181 OUTPUT_ACCEPT 3077 -303104
TRACE 50181 OUTPUT_ACCEPT 3078 -124928
TRACE 50181 OUTPUT_ACCEPT 3079 -286720
TRACE 50181 OUTPUT_ACCEPT 3080 -788480
TRACE 50181 OUTPUT_ACCEPT 3081 466944
TRACE 50181 OUTPUT_ACCEPT 3082 333824
TRACE 50181 OUTPUT_ACCEPT 3083 -139264
TRACE 50181 OUTPUT_ACCEPT 3084 96256
TRACE 50181 OUTPUT_ACCEPT 3085 -8192
TRACE 50181 OUTPUT_ACCEPT 3086 -452608
TRACE 50181 OUTPUT_ACCEPT 3087 -188416
TRACE 50181 OUTPUT_ACCEPT 3088 -264192
TRACE 50181 OUTPUT_ACCEPT 3089 368640
TRACE 50181 OUTPUT_ACCEPT 3090 661504
TRACE 50181 OUTPUT_ACCEPT 3091 -434176
TRACE 50181 OUTPUT_ACCEPT 3092 227328
TRACE 50181 OUTPUT_ACCEPT 3093 548864
TRACE 50181 OUTPUT_ACCEPT 3094 -518144
TRACE 50181 OUTPUT_ACCEPT 3095 172032
TRACE 50181 OUTPUT_ACCEPT 3096 522240
TRACE 50181 OUTPUT_ACCEPT 3097 -516096
TRACE 50181 OUTPUT_ACCEPT 3098 202752
TRACE 50181 OUTPUT_ACCEPT 3099 -466944
TRACE 50181 OUTPUT_ACCEPT 3100 -428032
TRACE 50181 OUTPUT_ACCEPT 3101 319488
TRACE 50181 OUTPUT_ACCEPT 3102 -321536
TRACE 50181 OUTPUT_ACCEPT 3103 -253952
TRACE 50181 OUTPUT_ACCEPT 3104 522240
TRACE 50181 OUTPUT_ACCEPT 3105 -90112
TRACE 50181 OUTPUT_ACCEPT 3106 6144
TRACE 50181 OUTPUT_ACCEPT 3107 -237568
TRACE 50181 OUTPUT_ACCEPT 3108 -821248
TRACE 50181 OUTPUT_ACCEPT 3109 352256
TRACE 50181 OUTPUT_ACCEPT 3110 137216
TRACE 50181 OUTPUT_ACCEPT 3111 -417792
TRACE 50181 OUTPUT_ACCEPT 3112 784384
TRACE 50181 OUTPUT_ACCEPT 3113 598016
TRACE 50181 OUTPUT_ACCEPT 3114 71680
TRACE 50181 OUTPUT_ACCEPT 3115 253952
TRACE 50181 OUTPUT_ACCEPT 3116 96256
TRACE 50181 OUTPUT_ACCEPT 3117 -401408
TRACE 50181 OUTPUT_ACCEPT 3118 -190464
TRACE 50181 OUTPUT_ACCEPT 3119 -319488
TRACE 50181 OUTPUT_ACCEPT 3120 260096
TRACE 50181 OUTPUT_ACCEPT 3121 499712
TRACE 50181 OUTPUT_ACCEPT 3122 -649216
TRACE 50181 OUTPUT_ACCEPT 3123 -40960
TRACE 50181 OUTPUT_ACCEPT 3124 227328
TRACE 50181 OUTPUT_ACCEPT 3125 -892928
TRACE 50181 OUTPUT_ACCEPT 3126 -256000
TRACE 50181 OUTPUT_ACCEPT 3127 40960
TRACE 50181 OUTPUT_ACCEPT 3128 -2048
TRACE 50181 OUTPUT_ACCEPT 3129 663552
TRACE 50181 OUTPUT_ACCEPT 3130 -59392
TRACE 50181 OUTPUT_ACCEPT 3131 -73728
TRACE 50181 OUTPUT_ACCEPT 3132 620544
TRACE 50181 OUTPUT_ACCEPT 3133 -73728
TRACE 50181 OUTPUT_ACCEPT 3134 -59392
TRACE 50181 OUTPUT_ACCEPT 3135 663552
TRACE 51205 OUTPUT_ACCEPT 3136 -2048
TRACE 51205 OUTPUT_ACCEPT 3137 40960
TRACE 51205 OUTPUT_ACCEPT 3138 -256000
TRACE 51205 OUTPUT_ACCEPT 3139 -892928
TRACE 51205 OUTPUT_ACCEPT 3140 227328
TRACE 51205 OUTPUT_ACCEPT 3141 -40960
TRACE 51205 OUTPUT_ACCEPT 3142 -649216
TRACE 51205 OUTPUT_ACCEPT 3143 499712
TRACE 51205 OUTPUT_ACCEPT 3144 260096
TRACE 51205 OUTPUT_ACCEPT 3145 -319488
TRACE 51205 OUTPUT_ACCEPT 3146 -190464
TRACE 51205 OUTPUT_ACCEPT 3147 -401408
TRACE 51205 OUTPUT_ACCEPT 3148 96256
TRACE 51205 OUTPUT_ACCEPT 3149 253952
TRACE 51205 OUTPUT_ACCEPT 3150 71680
TRACE 51205 OUTPUT_ACCEPT 3151 598016
TRACE 51205 OUTPUT_ACCEPT 3152 784384
TRACE 51205 OUTPUT_ACCEPT 3153 -417792
TRACE 51205 OUTPUT_ACCEPT 3154 137216
TRACE 51205 OUTPUT_ACCEPT 3155 352256
TRACE 51205 OUTPUT_ACCEPT 3156 -821248
TRACE 51205 OUTPUT_ACCEPT 3157 -237568
TRACE 51205 OUTPUT_ACCEPT 3158 6144
TRACE 51205 OUTPUT_ACCEPT 3159 -90112
TRACE 51205 OUTPUT_ACCEPT 3160 522240
TRACE 51205 OUTPUT_ACCEPT 3161 -253952
TRACE 51205 OUTPUT_ACCEPT 3162 -321536
TRACE 51205 OUTPUT_ACCEPT 3163 319488
TRACE 51205 OUTPUT_ACCEPT 3164 -428032
TRACE 51205 OUTPUT_ACCEPT 3165 -466944
TRACE 51205 OUTPUT_ACCEPT 3166 202752
TRACE 51205 OUTPUT_ACCEPT 3167 -516096
TRACE 51205 OUTPUT_ACCEPT 3168 522240
TRACE 51205 OUTPUT_ACCEPT 3169 172032
TRACE 51205 OUTPUT_ACCEPT 3170 -518144
TRACE 51205 OUTPUT_ACCEPT 3171 548864
TRACE 51205 OUTPUT_ACCEPT 3172 227328
TRACE 51205 OUTPUT_ACCEPT 3173 -434176
TRACE 51205 OUTPUT_ACCEPT 3174 661504
TRACE 51205 OUTPUT_ACCEPT 3175 368640
TRACE 51205 OUTPUT_ACCEPT 3176 -264192
TRACE 51205 OUTPUT_ACCEPT 3177 -188416
TRACE 51205 OUTPUT_ACCEPT 3178 -452608
TRACE 51205 OUTPUT_ACCEPT 3179 -8192
TRACE 51205 OUTPUT_ACCEPT 3180 96256
TRACE 51205 OUTPUT_ACCEPT 3181 -139264
TRACE 51205 OUTPUT_ACCEPT 3182 333824
TRACE 51205 OUTPUT_ACCEPT 3183 466944
TRACE 51205 OUTPUT_ACCEPT 3184 -788480
TRACE 51205 OUTPUT_ACCEPT 3185 -286720
TRACE 51205 OUTPUT_ACCEPT 3186 -124928
TRACE 51205 OUTPUT_ACCEPT 3187 -303104
TRACE 51205 OUTPUT_ACCEPT 3188 227328
TRACE 51205 OUTPUT_ACCEPT 3189 417792
TRACE 51205 OUTPUT_ACCEPT 3190 268288
TRACE 51205 OUTPUT_ACCEPT 3191 827392
TRACE 51205 OUTPUT_ACCEPT 3192 -2048
TRACE 51205 OUTPUT_ACCEPT 3193 -122880
TRACE 51205 OUTPUT_ACCEPT 3194 464896
TRACE 51205 OUTPUT_ACCEPT 3195 -335872
TRACE 51205 OUTPUT_ACCEPT 3196 -428032
TRACE 51205 OUTPUT_ACCEPT 3197 188416
TRACE 51205 OUTPUT_ACCEPT 3198 -583680
TRACE 51205 OUTPUT_ACCEPT 3199 401408
TRACE 52229 OUTPUT_ACCEPT 3200 -2048
TRACE 52229 OUTPUT_ACCEPT 3201 -745472
TRACE 52229 OUTPUT_ACCEPT 3202 268288
TRACE 52229 OUTPUT_ACCEPT 3203 -106496
TRACE 52229 OUTPUT_ACCEPT 3204 -821248
TRACE 52229 OUTPUT_ACCEPT 3205 221184
TRACE 52229 OUTPUT_ACCEPT 3206 -124928
TRACE 52229 OUTPUT_ACCEPT 3207 237568
TRACE 52229 OUTPUT_ACCEPT 3208 260096
TRACE 52229 OUTPUT_ACCEPT 3209 -57344
TRACE 52229 OUTPUT_ACCEPT 3210 333824
TRACE 52229 OUTPUT_ACCEPT 3211 385024
TRACE 52229 OUTPUT_ACCEPT 3212 96256
TRACE 52229 OUTPUT_ACCEPT 3213 516096
TRACE 52229 OUTPUT_ACCEPT 3214 595968
TRACE 52229 OUTPUT_ACCEPT 3215 -712704
TRACE 52229 OUTPUT_ACCEPT 3216 -264192
TRACE 52229 OUTPUT_ACCEPT 3217 -155648
TRACE 52229 OUTPUT_ACCEPT 3218 -387072
TRACE 52229 OUTPUT_ACCEPT 3219 90112
TRACE 52229 OUTPUT_ACCEPT 3220 227328
TRACE 52229 OUTPUT_ACCEPT 3221 24576
TRACE 52229 OUTPUT_ACCEPT 3222 530432
TRACE 52229 OUTPUT_ACCEPT 3223 -352256
TRACE 52229 OUTPUT_ACCEPT 3224 -526336
TRACE 52229 OUTPUT_ACCEPT 3225 8192
TRACE 52229 OUTPUT_ACCEPT 3226 -845824
TRACE 52229 OUTPUT_ACCEPT 3227 57344
TRACE 52229 OUTPUT_ACCEPT 3228 620544
TRACE 52229 OUTPUT_ACCEPT 3229 -204800
TRACE 52229 OUTPUT_ACCEPT 3230 727040
TRACE 52229 OUTPUT_ACCEPT 3231 270336
TRACE 52229 OUTPUT_ACCEPT 3232 -526336
TRACE 52229 OUTPUT_ACCEPT 3233 434176
TRACE 52229 OUTPUT_ACCEPT 3234 6144
TRACE 52229 OUTPUT_ACCEPT 3235 -761856
TRACE 52229 OUTPUT_ACCEPT 3236 227328
TRACE 52229 OUTPUT_ACCEPT 3237 -172032
TRACE 52229 OUTPUT_ACCEPT 3238 137216
TRACE 52229 OUTPUT_ACCEPT 3239 106496
TRACE 52229 OUTPUT_ACCEPT 3240 -264192
TRACE 52229 OUTPUT_ACCEPT 3241 73728
TRACE 52229 OUTPUT_ACCEPT 3242 71680
TRACE 52229 OUTPUT_ACCEPT 3243 -270336
TRACE 52229 OUTPUT_ACCEPT 3244 96256
TRACE 52229 OUTPUT_ACCEPT 3245 122880
TRACE 52229 OUTPUT_ACCEPT 3246 -190464
TRACE 52229 OUTPUT_ACCEPT 3247 204800
TRACE 52229 OUTPUT_ACCEPT 3248 260096
TRACE 52229 OUTPUT_ACCEPT 3249 -24576
TRACE 52229 OUTPUT_ACCEPT 3250 399360
TRACE 52229 OUTPUT_ACCEPT 3251 483328
TRACE 52229 OUTPUT_ACCEPT 3252 227328
TRACE 52229 OUTPUT_ACCEPT 3253 679936
TRACE 52229 OUTPUT_ACCEPT 3254 -256000
TRACE 52229 OUTPUT_ACCEPT 3255 -483328
TRACE 52229 OUTPUT_ACCEPT 3256 -2048
TRACE 52229 OUTPUT_ACCEPT 3257 -909312
TRACE 52229 OUTPUT_ACCEPT 3258 -59392
TRACE 52229 OUTPUT_ACCEPT 3259 450560
TRACE 52229 OUTPUT_ACCEPT 3260 -428032
TRACE 52229 OUTPUT_ACCEPT 3261 450560
TRACE 52229 OUTPUT_ACCEPT 3262 -59392
TRACE 52229 OUTPUT_ACCEPT 3263 -909312
TRACE 53253 OUTPUT_ACCEPT 3264 -2048
TRACE 53253 OUTPUT_ACCEPT 3265 -483328
TRACE 53253 OUTPUT_ACCEPT 3266 -256000
TRACE 53253 OUTPUT_ACCEPT 3267 679936
TRACE 53253 OUTPUT_ACCEPT 3268 227328
TRACE 53253 OUTPUT_ACCEPT 3269 483328
TRACE 53253 OUTPUT_ACCEPT 3270 399360
TRACE 53253 OUTPUT_ACCEPT 3271 -24576
TRACE 53253 OUTPUT_ACCEPT 3272 260096
TRACE 53253 OUTPUT_ACCEPT 3273 204800
TRACE 53253 OUTPUT_ACCEPT 3274 -190464
TRACE 53253 OUTPUT_ACCEPT 3275 122880
TRACE 53253 OUTPUT_ACCEPT 3276 96256
TRACE 53253 OUTPUT_ACCEPT 3277 -270336
TRACE 53253 OUTPUT_ACCEPT 3278 71680
TRACE 53253 OUTPUT_ACCEPT 3279 73728
TRACE 53253 OUTPUT_ACCEPT 3280 -264192
TRACE 53253 OUTPUT_ACCEPT 3281 106496
TRACE 53253 OUTPUT_ACCEPT 3282 137216
TRACE 53253 OUTPUT_ACCEPT 3283 -172032
TRACE 53253 OUTPUT_ACCEPT 3284 227328
TRACE 53253 OUTPUT_ACCEPT 3285 -761856
TRACE 53253 OUTPUT_ACCEPT 3286 6144
TRACE 53253 OUTPUT_ACCEPT 3287 434176
TRACE 53253 OUTPUT_ACCEPT 3288 -526336
TRACE 53253 OUTPUT_ACCEPT 3289 270336
TRACE 53253 OUTPUT_ACCEPT 3290 727040
TRACE 53253 OUTPUT_ACCEPT 3291 -204800
TRACE 53253 OUTPUT_ACCEPT 3292 620544
TRACE 53253 OUTPUT_ACCEPT 3293 57344
TRACE 53253 OUTPUT_ACCEPT 3294 -845824
TRACE 53253 OUTPUT_ACCEPT 3295 8192
TRACE 53253 OUTPUT_ACCEPT 3296 -526336
TRACE 53253 OUTPUT_ACCEPT 3297 -352256
TRACE 53253 OUTPUT_ACCEPT 3298 530432
TRACE 53253 OUTPUT_ACCEPT 3299 24576
TRACE 53253 OUTPUT_ACCEPT 3300 227328
TRACE 53253 OUTPUT_ACCEPT 3301 90112
TRACE 53253 OUTPUT_ACCEPT 3302 -387072
TRACE 53253 OUTPUT_ACCEPT 3303 -155648
TRACE 53253 OUTPUT_ACCEPT 3304 -264192
TRACE 53253 OUTPUT_ACCEPT 3305 -712704
TRACE 53253 OUTPUT_ACCEPT 3306 595968
TRACE 53253 OUTPUT_ACCEPT 3307 516096
TRACE 53253 OUTPUT_ACCEPT 3308 96256
TRACE 53253 OUTPUT_ACCEPT 3309 385024
TRACE 53253 OUTPUT_ACCEPT 3310 333824
TRACE 53253 OUTPUT_ACCEPT 3311 -57344
TRACE 53253 OUTPUT_ACCEPT 3312 260096
TRACE 53253 OUTPUT_ACCEPT 3313 237568
TRACE 53253 OUTPUT_ACCEPT 3314 -124928
TRACE 53253 OUTPUT_ACCEPT 3315 221184
TRACE 53253 OUTPUT_ACCEPT 3316 -821248
TRACE 53253 OUTPUT_ACCEPT 3317 -106496
TRACE 53253 OUTPUT_ACCEPT 3318 268288
TRACE 53253 OUTPUT_ACCEPT 3319 -745472
TRACE 53253 OUTPUT_ACCEPT 3320 -2048
TRACE 53253 OUTPUT_ACCEPT 3321 401408
TRACE 53253 OUTPUT_ACCEPT 3322 -583680
TRACE 53253 OUTPUT_ACCEPT 3323 188416
TRACE 53253 OUTPUT_ACCEPT 3324 -428032
TRACE 53253 OUTPUT_ACCEPT 3325 -335872
TRACE 53253 OUTPUT_ACCEPT 3326 464896
TRACE 53253 OUTPUT_ACCEPT 3327 -122880
TRACE 54277 OUTPUT_ACCEPT 3328 -2048
TRACE 54277 OUTPUT_ACCEPT 3329 827392
TRACE 54277 OUTPUT_ACCEPT 3330 268288
TRACE 54277 OUTPUT_ACCEPT 3331 417792
TRACE 54277 OUTPUT_ACCEPT 3332 227328
TRACE 54277 OUTPUT_ACCEPT 3333 -303104
TRACE 54277 OUTPUT_ACCEPT 3334 -124928
TRACE 54277 OUTPUT_ACCEPT 3335 -286720
TRACE 54277 OUTPUT_ACCEPT 3336 -788480
TRACE 54277 OUTPUT_ACCEPT 3337 466944
TRACE 54277 OUTPUT_ACCEPT 3338 333824
TRACE 54277 OUTPUT_ACCEPT 3339 -139264
TRACE 54277 OUTPUT_ACCEPT 3340 96256
TRACE 54277 OUTPUT_ACCEPT 3341 -8192
TRACE 54277 OUTPUT_ACCEPT 3342 -452608
TRACE 54277 OUTPUT_ACCEPT 3343 -188416
TRACE 54277 OUTPUT_ACCEPT 3344 -264192
TRACE 54277 OUTPUT_ACCEPT 3345 368640
TRACE 54277 OUTPUT_ACCEPT 3346 661504
TRACE 54277 OUTPUT_ACCEPT 3347 -434176
TRACE 54277 OUTPUT_ACCEPT 3348 227328
TRACE 54277 OUTPUT_ACCEPT 3349 548864
TRACE 54277 OUTPUT_ACCEPT 3350 -518144
TRACE 54277 OUTPUT_ACCEPT 3351 172032
TRACE 54277 OUTPUT_ACCEPT 3352 522240
TRACE 54277 OUTPUT_ACCEPT 3353 -516096
TRACE 54277 OUTPUT_ACCEPT 3354 202752
TRACE 54277 OUTPUT_ACCEPT 3355 -466944
TRACE 54277 OUTPUT_ACCEPT 3356 -428032
TRACE 54277 OUTPUT_ACCEPT 3357 319488
TRACE 54277 OUTPUT_ACCEPT 3358 -321536
TRACE 54277 OUTPUT_ACCEPT 3359 -253952
TRACE 54277 OUTPUT_ACCEPT 3360 522240
TRACE 54277 OUTPUT_ACCEPT 3361 -90112
TRACE 54277 OUTPUT_ACCEPT 3362 6144
TRACE 54277 OUTPUT_ACCEPT 3363 -237568
TRACE 54277 OUTPUT_ACCEPT 3364 -821248
TRACE 54277 OUTPUT_ACCEPT 3365 352256
TRACE 54277 OUTPUT_ACCEPT 3366 137216
TRACE 54277 OUTPUT_ACCEPT 3367 -417792
TRACE 54277 OUTPUT_ACCEPT 3368 784384
TRACE 54277 OUTPUT_ACCEPT 3369 598016
TRACE 54277 OUTPUT_ACCEPT 3370 71680
TRACE 54277 OUTPUT_ACCEPT 3371 253952
TRACE 54277 OUTPUT_ACCEPT 3372 96256
TRACE 54277 OUTPUT_ACCEPT 3373 -401408
TRACE 54277 OUTPUT_ACCEPT 3374 -190464
TRACE 54277 OUTPUT_ACCEPT 3375 -319488
TRACE 54277 OUTPUT_ACCEPT 3376 260096
TRACE 54277 OUTPUT_ACCEPT 3377 499712
TRACE 54277 OUTPUT_ACCEPT 3378 -649216
TRACE 54277 OUTPUT_ACCEPT 3379 -40960
TRACE 54277 OUTPUT_ACCEPT 3380 227328
TRACE 54277 OUTPUT_ACCEPT 3381 -892928
TRACE 54277 OUTPUT_ACCEPT 3382 -256000
TRACE 54277 OUTPUT_ACCEPT 3383 40960
TRACE 54277 OUTPUT_ACCEPT 3384 -2048
TRACE 54277 OUTPUT_ACCEPT 3385 663552
TRACE 54277 OUTPUT_ACCEPT 3386 -59392
TRACE 54277 OUTPUT_ACCEPT 3387 -73728
TRACE 54277 OUTPUT_ACCEPT 3388 620544
TRACE 54277 OUTPUT_ACCEPT 3389 -73728
TRACE 54277 OUTPUT_ACCEPT 3390 -59392
TRACE 54277 OUTPUT_ACCEPT 3391 663552
TRACE 55301 OUTPUT_ACCEPT 3392 -2048
TRACE 55301 OUTPUT_ACCEPT 3393 40960
TRACE 55301 OUTPUT_ACCEPT 3394 -256000
TRACE 55301 OUTPUT_ACCEPT 3395 -892928
TRACE 55301 OUTPUT_ACCEPT 3396 227328
TRACE 55301 OUTPUT_ACCEPT 3397 -40960
TRACE 55301 OUTPUT_ACCEPT 3398 -649216
TRACE 55301 OUTPUT_ACCEPT 3399 499712
TRACE 55301 OUTPUT_ACCEPT 3400 260096
TRACE 55301 OUTPUT_ACCEPT 3401 -319488
TRACE 55301 OUTPUT_ACCEPT 3402 -190464
TRACE 55301 OUTPUT_ACCEPT 3403 -401408
TRACE 55301 OUTPUT_ACCEPT 3404 96256
TRACE 55301 OUTPUT_ACCEPT 3405 253952
TRACE 55301 OUTPUT_ACCEPT 3406 71680
TRACE 55301 OUTPUT_ACCEPT 3407 598016
TRACE 55301 OUTPUT_ACCEPT 3408 784384
TRACE 55301 OUTPUT_ACCEPT 3409 -417792
TRACE 55301 OUTPUT_ACCEPT 3410 137216
TRACE 55301 OUTPUT_ACCEPT 3411 352256
TRACE 55301 OUTPUT_ACCEPT 3412 -821248
TRACE 55301 OUTPUT_ACCEPT 3413 -237568
TRACE 55301 OUTPUT_ACCEPT 3414 6144
TRACE 55301 OUTPUT_ACCEPT 3415 -90112
TRACE 55301 OUTPUT_ACCEPT 3416 522240
TRACE 55301 OUTPUT_ACCEPT 3417 -253952
TRACE 55301 OUTPUT_ACCEPT 3418 -321536
TRACE 55301 OUTPUT_ACCEPT 3419 319488
TRACE 55301 OUTPUT_ACCEPT 3420 -428032
TRACE 55301 OUTPUT_ACCEPT 3421 -466944
TRACE 55301 OUTPUT_ACCEPT 3422 202752
TRACE 55301 OUTPUT_ACCEPT 3423 -516096
TRACE 55301 OUTPUT_ACCEPT 3424 522240
TRACE 55301 OUTPUT_ACCEPT 3425 172032
TRACE 55301 OUTPUT_ACCEPT 3426 -518144
TRACE 55301 OUTPUT_ACCEPT 3427 548864
TRACE 55301 OUTPUT_ACCEPT 3428 227328
TRACE 55301 OUTPUT_ACCEPT 3429 -434176
TRACE 55301 OUTPUT_ACCEPT 3430 661504
TRACE 55301 OUTPUT_ACCEPT 3431 368640
TRACE 55301 OUTPUT_ACCEPT 3432 -264192
TRACE 55301 OUTPUT_ACCEPT 3433 -188416
TRACE 55301 OUTPUT_ACCEPT 3434 -452608
TRACE 55301 OUTPUT_ACCEPT 3435 -8192
TRACE 55301 OUTPUT_ACCEPT 3436 96256
TRACE 55301 OUTPUT_ACCEPT 3437 -139264
TRACE 55301 OUTPUT_ACCEPT 3438 333824
TRACE 55301 OUTPUT_ACCEPT 3439 466944
TRACE 55301 OUTPUT_ACCEPT 3440 -788480
TRACE 55301 OUTPUT_ACCEPT 3441 -286720
TRACE 55301 OUTPUT_ACCEPT 3442 -124928
TRACE 55301 OUTPUT_ACCEPT 3443 -303104
TRACE 55301 OUTPUT_ACCEPT 3444 227328
TRACE 55301 OUTPUT_ACCEPT 3445 417792
TRACE 55301 OUTPUT_ACCEPT 3446 268288
TRACE 55301 OUTPUT_ACCEPT 3447 827392
TRACE 55301 OUTPUT_ACCEPT 3448 -2048
TRACE 55301 OUTPUT_ACCEPT 3449 -122880
TRACE 55301 OUTPUT_ACCEPT 3450 464896
TRACE 55301 OUTPUT_ACCEPT 3451 -335872
TRACE 55301 OUTPUT_ACCEPT 3452 -428032
TRACE 55301 OUTPUT_ACCEPT 3453 188416
TRACE 55301 OUTPUT_ACCEPT 3454 -583680
TRACE 55301 OUTPUT_ACCEPT 3455 401408
TRACE 56325 OUTPUT_ACCEPT 3456 -2048
TRACE 56325 OUTPUT_ACCEPT 3457 -745472
TRACE 56325 OUTPUT_ACCEPT 3458 268288
TRACE 56325 OUTPUT_ACCEPT 3459 -106496
TRACE 56325 OUTPUT_ACCEPT 3460 -821248
TRACE 56325 OUTPUT_ACCEPT 3461 221184
TRACE 56325 OUTPUT_ACCEPT 3462 -124928
TRACE 56325 OUTPUT_ACCEPT 3463 237568
TRACE 56325 OUTPUT_ACCEPT 3464 260096
TRACE 56325 OUTPUT_ACCEPT 3465 -57344
TRACE 56325 OUTPUT_ACCEPT 3466 333824
TRACE 56325 OUTPUT_ACCEPT 3467 385024
TRACE 56325 OUTPUT_ACCEPT 3468 96256
TRACE 56325 OUTPUT_ACCEPT 3469 516096
TRACE 56325 OUTPUT_ACCEPT 3470 595968
TRACE 56325 OUTPUT_ACCEPT 3471 -712704
TRACE 56325 OUTPUT_ACCEPT 3472 -264192
TRACE 56325 OUTPUT_ACCEPT 3473 -155648
TRACE 56325 OUTPUT_ACCEPT 3474 -387072
TRACE 56325 OUTPUT_ACCEPT 3475 90112
TRACE 56325 OUTPUT_ACCEPT 3476 227328
TRACE 56325 OUTPUT_ACCEPT 3477 24576
TRACE 56325 OUTPUT_ACCEPT 3478 530432
TRACE 56325 OUTPUT_ACCEPT 3479 -352256
TRACE 56325 OUTPUT_ACCEPT 3480 -526336
TRACE 56325 OUTPUT_ACCEPT 3481 8192
TRACE 56325 OUTPUT_ACCEPT 3482 -845824
TRACE 56325 OUTPUT_ACCEPT 3483 57344
TRACE 56325 OUTPUT_ACCEPT 3484 620544
TRACE 56325 OUTPUT_ACCEPT 3485 -204800
TRACE 56325 OUTPUT_ACCEPT 3486 727040
TRACE 56325 OUTPUT_ACCEPT 3487 270336
TRACE 56325 OUTPUT_ACCEPT 3488 -526336
TRACE 56325 OUTPUT_ACCEPT 3489 434176
TRACE 56325 OUTPUT_ACCEPT 3490 6144
TRACE 56325 OUTPUT_ACCEPT 3491 -761856
TRACE 56325 OUTPUT_ACCEPT 3492 227328
TRACE 56325 OUTPUT_ACCEPT 3493 -172032
TRACE 56325 OUTPUT_ACCEPT 3494 137216
TRACE 56325 OUTPUT_ACCEPT 3495 106496
TRACE 56325 OUTPUT_ACCEPT 3496 -264192
TRACE 56325 OUTPUT_ACCEPT 3497 73728
TRACE 56325 OUTPUT_ACCEPT 3498 71680
TRACE 56325 OUTPUT_ACCEPT 3499 -270336
TRACE 56325 OUTPUT_ACCEPT 3500 96256
TRACE 56325 OUTPUT_ACCEPT 3501 122880
TRACE 56325 OUTPUT_ACCEPT 3502 -190464
TRACE 56325 OUTPUT_ACCEPT 3503 204800
TRACE 56325 OUTPUT_ACCEPT 3504 260096
TRACE 56325 OUTPUT_ACCEPT 3505 -24576
TRACE 56325 OUTPUT_ACCEPT 3506 399360
TRACE 56325 OUTPUT_ACCEPT 3507 483328
TRACE 56325 OUTPUT_ACCEPT 3508 227328
TRACE 56325 OUTPUT_ACCEPT 3509 679936
TRACE 56325 OUTPUT_ACCEPT 3510 -256000
TRACE 56325 OUTPUT_ACCEPT 3511 -483328
TRACE 56325 OUTPUT_ACCEPT 3512 -2048
TRACE 56325 OUTPUT_ACCEPT 3513 -909312
TRACE 56325 OUTPUT_ACCEPT 3514 -59392
TRACE 56325 OUTPUT_ACCEPT 3515 450560
TRACE 56325 OUTPUT_ACCEPT 3516 -428032
TRACE 56325 OUTPUT_ACCEPT 3517 450560
TRACE 56325 OUTPUT_ACCEPT 3518 -59392
TRACE 56325 OUTPUT_ACCEPT 3519 -909312
TRACE 57349 OUTPUT_ACCEPT 3520 -2048
TRACE 57349 OUTPUT_ACCEPT 3521 -483328
TRACE 57349 OUTPUT_ACCEPT 3522 -256000
TRACE 57349 OUTPUT_ACCEPT 3523 679936
TRACE 57349 OUTPUT_ACCEPT 3524 227328
TRACE 57349 OUTPUT_ACCEPT 3525 483328
TRACE 57349 OUTPUT_ACCEPT 3526 399360
TRACE 57349 OUTPUT_ACCEPT 3527 -24576
TRACE 57349 OUTPUT_ACCEPT 3528 260096
TRACE 57349 OUTPUT_ACCEPT 3529 204800
TRACE 57349 OUTPUT_ACCEPT 3530 -190464
TRACE 57349 OUTPUT_ACCEPT 3531 122880
TRACE 57349 OUTPUT_ACCEPT 3532 96256
TRACE 57349 OUTPUT_ACCEPT 3533 -270336
TRACE 57349 OUTPUT_ACCEPT 3534 71680
TRACE 57349 OUTPUT_ACCEPT 3535 73728
TRACE 57349 OUTPUT_ACCEPT 3536 -264192
TRACE 57349 OUTPUT_ACCEPT 3537 106496
TRACE 57349 OUTPUT_ACCEPT 3538 137216
TRACE 57349 OUTPUT_ACCEPT 3539 -172032
TRACE 57349 OUTPUT_ACCEPT 3540 227328
TRACE 57349 OUTPUT_ACCEPT 3541 -761856
TRACE 57349 OUTPUT_ACCEPT 3542 6144
TRACE 57349 OUTPUT_ACCEPT 3543 434176
TRACE 57349 OUTPUT_ACCEPT 3544 -526336
TRACE 57349 OUTPUT_ACCEPT 3545 270336
TRACE 57349 OUTPUT_ACCEPT 3546 727040
TRACE 57349 OUTPUT_ACCEPT 3547 -204800
TRACE 57349 OUTPUT_ACCEPT 3548 620544
TRACE 57349 OUTPUT_ACCEPT 3549 57344
TRACE 57349 OUTPUT_ACCEPT 3550 -845824
TRACE 57349 OUTPUT_ACCEPT 3551 8192
TRACE 57349 OUTPUT_ACCEPT 3552 -526336
TRACE 57349 OUTPUT_ACCEPT 3553 -352256
TRACE 57349 OUTPUT_ACCEPT 3554 530432
TRACE 57349 OUTPUT_ACCEPT 3555 24576
TRACE 57349 OUTPUT_ACCEPT 3556 227328
TRACE 57349 OUTPUT_ACCEPT 3557 90112
TRACE 57349 OUTPUT_ACCEPT 3558 -387072
TRACE 57349 OUTPUT_ACCEPT 3559 -155648
TRACE 57349 OUTPUT_ACCEPT 3560 -264192
TRACE 57349 OUTPUT_ACCEPT 3561 -712704
TRACE 57349 OUTPUT_ACCEPT 3562 595968
TRACE 57349 OUTPUT_ACCEPT 3563 516096
TRACE 57349 OUTPUT_ACCEPT 3564 96256
TRACE 57349 OUTPUT_ACCEPT 3565 385024
TRACE 57349 OUTPUT_ACCEPT 3566 333824
TRACE 57349 OUTPUT_ACCEPT 3567 -57344
TRACE 57349 OUTPUT_ACCEPT 3568 260096
TRACE 57349 OUTPUT_ACCEPT 3569 237568
TRACE 57349 OUTPUT_ACCEPT 3570 -124928
TRACE 57349 OUTPUT_ACCEPT 3571 221184
TRACE 57349 OUTPUT_ACCEPT 3572 -821248
TRACE 57349 OUTPUT_ACCEPT 3573 -106496
TRACE 57349 OUTPUT_ACCEPT 3574 268288
TRACE 57349 OUTPUT_ACCEPT 3575 -745472
TRACE 57349 OUTPUT_ACCEPT 3576 -2048
TRACE 57349 OUTPUT_ACCEPT 3577 401408
TRACE 57349 OUTPUT_ACCEPT 3578 -583680
TRACE 57349 OUTPUT_ACCEPT 3579 188416
TRACE 57349 OUTPUT_ACCEPT 3580 -428032
TRACE 57349 OUTPUT_ACCEPT 3581 -335872
TRACE 57349 OUTPUT_ACCEPT 3582 464896
TRACE 57349 OUTPUT_ACCEPT 3583 -122880
TRACE 58373 OUTPUT_ACCEPT 3584 -2048
TRACE 58373 OUTPUT_ACCEPT 3585 827392
TRACE 58373 OUTPUT_ACCEPT 3586 268288
TRACE 58373 OUTPUT_ACCEPT 3587 417792
TRACE 58373 OUTPUT_ACCEPT 3588 227328
TRACE 58373 OUTPUT_ACCEPT 3589 -303104
TRACE 58373 OUTPUT_ACCEPT 3590 -124928
TRACE 58373 OUTPUT_ACCEPT 3591 -286720
TRACE 58373 OUTPUT_ACCEPT 3592 -788480
TRACE 58373 OUTPUT_ACCEPT 3593 466944
TRACE 58373 OUTPUT_ACCEPT 3594 333824
TRACE 58373 OUTPUT_ACCEPT 3595 -139264
TRACE 58373 OUTPUT_ACCEPT 3596 96256
TRACE 58373 OUTPUT_ACCEPT 3597 -8192
TRACE 58373 OUTPUT_ACCEPT 3598 -452608
TRACE 58373 OUTPUT_ACCEPT 3599 -188416
TRACE 58373 OUTPUT_ACCEPT 3600 -264192
TRACE 58373 OUTPUT_ACCEPT 3601 368640
TRACE 58373 OUTPUT_ACCEPT 3602 661504
TRACE 58373 OUTPUT_ACCEPT 3603 -434176
TRACE 58373 OUTPUT_ACCEPT 3604 227328
TRACE 58373 OUTPUT_ACCEPT 3605 548864
TRACE 58373 OUTPUT_ACCEPT 3606 -518144
TRACE 58373 OUTPUT_ACCEPT 3607 172032
TRACE 58373 OUTPUT_ACCEPT 3608 522240
TRACE 58373 OUTPUT_ACCEPT 3609 -516096
TRACE 58373 OUTPUT_ACCEPT 3610 202752
TRACE 58373 OUTPUT_ACCEPT 3611 -466944
TRACE 58373 OUTPUT_ACCEPT 3612 -428032
TRACE 58373 OUTPUT_ACCEPT 3613 319488
TRACE 58373 OUTPUT_ACCEPT 3614 -321536
TRACE 58373 OUTPUT_ACCEPT 3615 -253952
TRACE 58373 OUTPUT_ACCEPT 3616 522240
TRACE 58373 OUTPUT_ACCEPT 3617 -90112
TRACE 58373 OUTPUT_ACCEPT 3618 6144
TRACE 58373 OUTPUT_ACCEPT 3619 -237568
TRACE 58373 OUTPUT_ACCEPT 3620 -821248
TRACE 58373 OUTPUT_ACCEPT 3621 352256
TRACE 58373 OUTPUT_ACCEPT 3622 137216
TRACE 58373 OUTPUT_ACCEPT 3623 -417792
TRACE 58373 OUTPUT_ACCEPT 3624 784384
TRACE 58373 OUTPUT_ACCEPT 3625 598016
TRACE 58373 OUTPUT_ACCEPT 3626 71680
TRACE 58373 OUTPUT_ACCEPT 3627 253952
TRACE 58373 OUTPUT_ACCEPT 3628 96256
TRACE 58373 OUTPUT_ACCEPT 3629 -401408
TRACE 58373 OUTPUT_ACCEPT 3630 -190464
TRACE 58373 OUTPUT_ACCEPT 3631 -319488
TRACE 58373 OUTPUT_ACCEPT 3632 260096
TRACE 58373 OUTPUT_ACCEPT 3633 499712
TRACE 58373 OUTPUT_ACCEPT 3634 -649216
TRACE 58373 OUTPUT_ACCEPT 3635 -40960
TRACE 58373 OUTPUT_ACCEPT 3636 227328
TRACE 58373 OUTPUT_ACCEPT 3637 -892928
TRACE 58373 OUTPUT_ACCEPT 3638 -256000
TRACE 58373 OUTPUT_ACCEPT 3639 40960
TRACE 58373 OUTPUT_ACCEPT 3640 -2048
TRACE 58373 OUTPUT_ACCEPT 3641 663552
TRACE 58373 OUTPUT_ACCEPT 3642 -59392
TRACE 58373 OUTPUT_ACCEPT 3643 -73728
TRACE 58373 OUTPUT_ACCEPT 3644 620544
TRACE 58373 OUTPUT_ACCEPT 3645 -73728
TRACE 58373 OUTPUT_ACCEPT 3646 -59392
TRACE 58373 OUTPUT_ACCEPT 3647 663552
TRACE 59397 OUTPUT_ACCEPT 3648 -2048
TRACE 59397 OUTPUT_ACCEPT 3649 40960
TRACE 59397 OUTPUT_ACCEPT 3650 -256000
TRACE 59397 OUTPUT_ACCEPT 3651 -892928
TRACE 59397 OUTPUT_ACCEPT 3652 227328
TRACE 59397 OUTPUT_ACCEPT 3653 -40960
TRACE 59397 OUTPUT_ACCEPT 3654 -649216
TRACE 59397 OUTPUT_ACCEPT 3655 499712
TRACE 59397 OUTPUT_ACCEPT 3656 260096
TRACE 59397 OUTPUT_ACCEPT 3657 -319488
TRACE 59397 OUTPUT_ACCEPT 3658 -190464
TRACE 59397 OUTPUT_ACCEPT 3659 -401408
TRACE 59397 OUTPUT_ACCEPT 3660 96256
TRACE 59397 OUTPUT_ACCEPT 3661 253952
TRACE 59397 OUTPUT_ACCEPT 3662 71680
TRACE 59397 OUTPUT_ACCEPT 3663 598016
TRACE 59397 OUTPUT_ACCEPT 3664 784384
TRACE 59397 OUTPUT_ACCEPT 3665 -417792
TRACE 59397 OUTPUT_ACCEPT 3666 137216
TRACE 59397 OUTPUT_ACCEPT 3667 352256
TRACE 59397 OUTPUT_ACCEPT 3668 -821248
TRACE 59397 OUTPUT_ACCEPT 3669 -237568
TRACE 59397 OUTPUT_ACCEPT 3670 6144
TRACE 59397 OUTPUT_ACCEPT 3671 -90112
TRACE 59397 OUTPUT_ACCEPT 3672 522240
TRACE 59397 OUTPUT_ACCEPT 3673 -253952
TRACE 59397 OUTPUT_ACCEPT 3674 -321536
TRACE 59397 OUTPUT_ACCEPT 3675 319488
TRACE 59397 OUTPUT_ACCEPT 3676 -428032
TRACE 59397 OUTPUT_ACCEPT 3677 -466944
TRACE 59397 OUTPUT_ACCEPT 3678 202752
TRACE 59397 OUTPUT_ACCEPT 3679 -516096
TRACE 59397 OUTPUT_ACCEPT 3680 522240
TRACE 59397 OUTPUT_ACCEPT 3681 172032
TRACE 59397 OUTPUT_ACCEPT 3682 -518144
TRACE 59397 OUTPUT_ACCEPT 3683 548864
TRACE 59397 OUTPUT_ACCEPT 3684 227328
TRACE 59397 OUTPUT_ACCEPT 3685 -434176
TRACE 59397 OUTPUT_ACCEPT 3686 661504
TRACE 59397 OUTPUT_ACCEPT 3687 368640
TRACE 59397 OUTPUT_ACCEPT 3688 -264192
TRACE 59397 OUTPUT_ACCEPT 3689 -188416
TRACE 59397 OUTPUT_ACCEPT 3690 -452608
TRACE 59397 OUTPUT_ACCEPT 3691 -8192
TRACE 59397 OUTPUT_ACCEPT 3692 96256
TRACE 59397 OUTPUT_ACCEPT 3693 -139264
TRACE 59397 OUTPUT_ACCEPT 3694 333824
TRACE 59397 OUTPUT_ACCEPT 3695 466944
TRACE 59397 OUTPUT_ACCEPT 3696 -788480
TRACE 59397 OUTPUT_ACCEPT 3697 -286720
TRACE 59397 OUTPUT_ACCEPT 3698 -124928
TRACE 59397 OUTPUT_ACCEPT 3699 -303104
TRACE 59397 OUTPUT_ACCEPT 3700 227328
TRACE 59397 OUTPUT_ACCEPT 3701 417792
TRACE 59397 OUTPUT_ACCEPT 3702 268288
TRACE 59397 OUTPUT_ACCEPT 3703 827392
TRACE 59397 OUTPUT_ACCEPT 3704 -2048
TRACE 59397 OUTPUT_ACCEPT 3705 -122880
TRACE 59397 OUTPUT_ACCEPT 3706 464896
TRACE 59397 OUTPUT_ACCEPT 3707 -335872
TRACE 59397 OUTPUT_ACCEPT 3708 -428032
TRACE 59397 OUTPUT_ACCEPT 3709 188416
TRACE 59397 OUTPUT_ACCEPT 3710 -583680
TRACE 59397 OUTPUT_ACCEPT 3711 401408
TRACE 60421 OUTPUT_ACCEPT 3712 -2048
TRACE 60421 OUTPUT_ACCEPT 3713 -745472
TRACE 60421 OUTPUT_ACCEPT 3714 268288
TRACE 60421 OUTPUT_ACCEPT 3715 -106496
TRACE 60421 OUTPUT_ACCEPT 3716 -821248
TRACE 60421 OUTPUT_ACCEPT 3717 221184
TRACE 60421 OUTPUT_ACCEPT 3718 -124928
TRACE 60421 OUTPUT_ACCEPT 3719 237568
TRACE 60421 OUTPUT_ACCEPT 3720 260096
TRACE 60421 OUTPUT_ACCEPT 3721 -57344
TRACE 60421 OUTPUT_ACCEPT 3722 333824
TRACE 60421 OUTPUT_ACCEPT 3723 385024
TRACE 60421 OUTPUT_ACCEPT 3724 96256
TRACE 60421 OUTPUT_ACCEPT 3725 516096
TRACE 60421 OUTPUT_ACCEPT 3726 595968
TRACE 60421 OUTPUT_ACCEPT 3727 -712704
TRACE 60421 OUTPUT_ACCEPT 3728 -264192
TRACE 60421 OUTPUT_ACCEPT 3729 -155648
TRACE 60421 OUTPUT_ACCEPT 3730 -387072
TRACE 60421 OUTPUT_ACCEPT 3731 90112
TRACE 60421 OUTPUT_ACCEPT 3732 227328
TRACE 60421 OUTPUT_ACCEPT 3733 24576
TRACE 60421 OUTPUT_ACCEPT 3734 530432
TRACE 60421 OUTPUT_ACCEPT 3735 -352256
TRACE 60421 OUTPUT_ACCEPT 3736 -526336
TRACE 60421 OUTPUT_ACCEPT 3737 8192
TRACE 60421 OUTPUT_ACCEPT 3738 -845824
TRACE 60421 OUTPUT_ACCEPT 3739 57344
TRACE 60421 OUTPUT_ACCEPT 3740 620544
TRACE 60421 OUTPUT_ACCEPT 3741 -204800
TRACE 60421 OUTPUT_ACCEPT 3742 727040
TRACE 60421 OUTPUT_ACCEPT 3743 270336
TRACE 60421 OUTPUT_ACCEPT 3744 -526336
TRACE 60421 OUTPUT_ACCEPT 3745 434176
TRACE 60421 OUTPUT_ACCEPT 3746 6144
TRACE 60421 OUTPUT_ACCEPT 3747 -761856
TRACE 60421 OUTPUT_ACCEPT 3748 227328
TRACE 60421 OUTPUT_ACCEPT 3749 -172032
TRACE 60421 OUTPUT_ACCEPT 3750 137216
TRACE 60421 OUTPUT_ACCEPT 3751 106496
TRACE 60421 OUTPUT_ACCEPT 3752 -264192
TRACE 60421 OUTPUT_ACCEPT 3753 73728
TRACE 60421 OUTPUT_ACCEPT 3754 71680
TRACE 60421 OUTPUT_ACCEPT 3755 -270336
TRACE 60421 OUTPUT_ACCEPT 3756 96256
TRACE 60421 OUTPUT_ACCEPT 3757 122880
TRACE 60421 OUTPUT_ACCEPT 3758 -190464
TRACE 60421 OUTPUT_ACCEPT 3759 204800
TRACE 60421 OUTPUT_ACCEPT 3760 260096
TRACE 60421 OUTPUT_ACCEPT 3761 -24576
TRACE 60421 OUTPUT_ACCEPT 3762 399360
TRACE 60421 OUTPUT_ACCEPT 3763 483328
TRACE 60421 OUTPUT_ACCEPT 3764 227328
TRACE 60421 OUTPUT_ACCEPT 3765 679936
TRACE 60421 OUTPUT_ACCEPT 3766 -256000
TRACE 60421 OUTPUT_ACCEPT 3767 -483328
TRACE 60421 OUTPUT_ACCEPT 3768 -2048
TRACE 60421 OUTPUT_ACCEPT 3769 -909312
TRACE 60421 OUTPUT_ACCEPT 3770 -59392
TRACE 60421 OUTPUT_ACCEPT 3771 450560
TRACE 60421 OUTPUT_ACCEPT 3772 -428032
TRACE 60421 OUTPUT_ACCEPT 3773 450560
TRACE 60421 OUTPUT_ACCEPT 3774 -59392
TRACE 60421 OUTPUT_ACCEPT 3775 -909312
TRACE 61445 OUTPUT_ACCEPT 3776 -2048
TRACE 61445 OUTPUT_ACCEPT 3777 -483328
TRACE 61445 OUTPUT_ACCEPT 3778 -256000
TRACE 61445 OUTPUT_ACCEPT 3779 679936
TRACE 61445 OUTPUT_ACCEPT 3780 227328
TRACE 61445 OUTPUT_ACCEPT 3781 483328
TRACE 61445 OUTPUT_ACCEPT 3782 399360
TRACE 61445 OUTPUT_ACCEPT 3783 -24576
TRACE 61445 OUTPUT_ACCEPT 3784 260096
TRACE 61445 OUTPUT_ACCEPT 3785 204800
TRACE 61445 OUTPUT_ACCEPT 3786 -190464
TRACE 61445 OUTPUT_ACCEPT 3787 122880
TRACE 61445 OUTPUT_ACCEPT 3788 96256
TRACE 61445 OUTPUT_ACCEPT 3789 -270336
TRACE 61445 OUTPUT_ACCEPT 3790 71680
TRACE 61445 OUTPUT_ACCEPT 3791 73728
TRACE 61445 OUTPUT_ACCEPT 3792 -264192
TRACE 61445 OUTPUT_ACCEPT 3793 106496
TRACE 61445 OUTPUT_ACCEPT 3794 137216
TRACE 61445 OUTPUT_ACCEPT 3795 -172032
TRACE 61445 OUTPUT_ACCEPT 3796 227328
TRACE 61445 OUTPUT_ACCEPT 3797 -761856
TRACE 61445 OUTPUT_ACCEPT 3798 6144
TRACE 61445 OUTPUT_ACCEPT 3799 434176
TRACE 61445 OUTPUT_ACCEPT 3800 -526336
TRACE 61445 OUTPUT_ACCEPT 3801 270336
TRACE 61445 OUTPUT_ACCEPT 3802 727040
TRACE 61445 OUTPUT_ACCEPT 3803 -204800
TRACE 61445 OUTPUT_ACCEPT 3804 620544
TRACE 61445 OUTPUT_ACCEPT 3805 57344
TRACE 61445 OUTPUT_ACCEPT 3806 -845824
TRACE 61445 OUTPUT_ACCEPT 3807 8192
TRACE 61445 OUTPUT_ACCEPT 3808 -526336
TRACE 61445 OUTPUT_ACCEPT 3809 -352256
TRACE 61445 OUTPUT_ACCEPT 3810 530432
TRACE 61445 OUTPUT_ACCEPT 3811 24576
TRACE 61445 OUTPUT_ACCEPT 3812 227328
TRACE 61445 OUTPUT_ACCEPT 3813 90112
TRACE 61445 OUTPUT_ACCEPT 3814 -387072
TRACE 61445 OUTPUT_ACCEPT 3815 -155648
TRACE 61445 OUTPUT_ACCEPT 3816 -264192
TRACE 61445 OUTPUT_ACCEPT 3817 -712704
TRACE 61445 OUTPUT_ACCEPT 3818 595968
TRACE 61445 OUTPUT_ACCEPT 3819 516096
TRACE 61445 OUTPUT_ACCEPT 3820 96256
TRACE 61445 OUTPUT_ACCEPT 3821 385024
TRACE 61445 OUTPUT_ACCEPT 3822 333824
TRACE 61445 OUTPUT_ACCEPT 3823 -57344
TRACE 61445 OUTPUT_ACCEPT 3824 260096
TRACE 61445 OUTPUT_ACCEPT 3825 237568
TRACE 61445 OUTPUT_ACCEPT 3826 -124928
TRACE 61445 OUTPUT_ACCEPT 3827 221184
TRACE 61445 OUTPUT_ACCEPT 3828 -821248
TRACE 61445 OUTPUT_ACCEPT 3829 -106496
TRACE 61445 OUTPUT_ACCEPT 3830 268288
TRACE 61445 OUTPUT_ACCEPT 3831 -745472
TRACE 61445 OUTPUT_ACCEPT 3832 -2048
TRACE 61445 OUTPUT_ACCEPT 3833 401408
TRACE 61445 OUTPUT_ACCEPT 3834 -583680
TRACE 61445 OUTPUT_ACCEPT 3835 188416
TRACE 61445 OUTPUT_ACCEPT 3836 -428032
TRACE 61445 OUTPUT_ACCEPT 3837 -335872
TRACE 61445 OUTPUT_ACCEPT 3838 464896
TRACE 61445 OUTPUT_ACCEPT 3839 -122880
TRACE 62469 OUTPUT_ACCEPT 3840 -2048
TRACE 62469 OUTPUT_ACCEPT 3841 827392
TRACE 62469 OUTPUT_ACCEPT 3842 268288
TRACE 62469 OUTPUT_ACCEPT 3843 417792
TRACE 62469 OUTPUT_ACCEPT 3844 227328
TRACE 62469 OUTPUT_ACCEPT 3845 -303104
TRACE 62469 OUTPUT_ACCEPT 3846 -124928
TRACE 62469 OUTPUT_ACCEPT 3847 -286720
TRACE 62469 OUTPUT_ACCEPT 3848 -788480
TRACE 62469 OUTPUT_ACCEPT 3849 466944
TRACE 62469 OUTPUT_ACCEPT 3850 333824
TRACE 62469 OUTPUT_ACCEPT 3851 -139264
TRACE 62469 OUTPUT_ACCEPT 3852 96256
TRACE 62469 OUTPUT_ACCEPT 3853 -8192
TRACE 62469 OUTPUT_ACCEPT 3854 -452608
TRACE 62469 OUTPUT_ACCEPT 3855 -188416
TRACE 62469 OUTPUT_ACCEPT 3856 -264192
TRACE 62469 OUTPUT_ACCEPT 3857 368640
TRACE 62469 OUTPUT_ACCEPT 3858 661504
TRACE 62469 OUTPUT_ACCEPT 3859 -434176
TRACE 62469 OUTPUT_ACCEPT 3860 227328
TRACE 62469 OUTPUT_ACCEPT 3861 548864
TRACE 62469 OUTPUT_ACCEPT 3862 -518144
TRACE 62469 OUTPUT_ACCEPT 3863 172032
TRACE 62469 OUTPUT_ACCEPT 3864 522240
TRACE 62469 OUTPUT_ACCEPT 3865 -516096
TRACE 62469 OUTPUT_ACCEPT 3866 202752
TRACE 62469 OUTPUT_ACCEPT 3867 -466944
TRACE 62469 OUTPUT_ACCEPT 3868 -428032
TRACE 62469 OUTPUT_ACCEPT 3869 319488
TRACE 62469 OUTPUT_ACCEPT 3870 -321536
TRACE 62469 OUTPUT_ACCEPT 3871 -253952
TRACE 62469 OUTPUT_ACCEPT 3872 522240
TRACE 62469 OUTPUT_ACCEPT 3873 -90112
TRACE 62469 OUTPUT_ACCEPT 3874 6144
TRACE 62469 OUTPUT_ACCEPT 3875 -237568
TRACE 62469 OUTPUT_ACCEPT 3876 -821248
TRACE 62469 OUTPUT_ACCEPT 3877 352256
TRACE 62469 OUTPUT_ACCEPT 3878 137216
TRACE 62469 OUTPUT_ACCEPT 3879 -417792
TRACE 62469 OUTPUT_ACCEPT 3880 784384
TRACE 62469 OUTPUT_ACCEPT 3881 598016
TRACE 62469 OUTPUT_ACCEPT 3882 71680
TRACE 62469 OUTPUT_ACCEPT 3883 253952
TRACE 62469 OUTPUT_ACCEPT 3884 96256
TRACE 62469 OUTPUT_ACCEPT 3885 -401408
TRACE 62469 OUTPUT_ACCEPT 3886 -190464
TRACE 62469 OUTPUT_ACCEPT 3887 -319488
TRACE 62469 OUTPUT_ACCEPT 3888 260096
TRACE 62469 OUTPUT_ACCEPT 3889 499712
TRACE 62469 OUTPUT_ACCEPT 3890 -649216
TRACE 62469 OUTPUT_ACCEPT 3891 -40960
TRACE 62469 OUTPUT_ACCEPT 3892 227328
TRACE 62469 OUTPUT_ACCEPT 3893 -892928
TRACE 62469 OUTPUT_ACCEPT 3894 -256000
TRACE 62469 OUTPUT_ACCEPT 3895 40960
TRACE 62469 OUTPUT_ACCEPT 3896 -2048
TRACE 62469 OUTPUT_ACCEPT 3897 663552
TRACE 62469 OUTPUT_ACCEPT 3898 -59392
TRACE 62469 OUTPUT_ACCEPT 3899 -73728
TRACE 62469 OUTPUT_ACCEPT 3900 620544
TRACE 62469 OUTPUT_ACCEPT 3901 -73728
TRACE 62469 OUTPUT_ACCEPT 3902 -59392
TRACE 62469 OUTPUT_ACCEPT 3903 663552
TRACE 63493 OUTPUT_ACCEPT 3904 -2048
TRACE 63493 OUTPUT_ACCEPT 3905 40960
TRACE 63493 OUTPUT_ACCEPT 3906 -256000
TRACE 63493 OUTPUT_ACCEPT 3907 -892928
TRACE 63493 OUTPUT_ACCEPT 3908 227328
TRACE 63493 OUTPUT_ACCEPT 3909 -40960
TRACE 63493 OUTPUT_ACCEPT 3910 -649216
TRACE 63493 OUTPUT_ACCEPT 3911 499712
TRACE 63493 OUTPUT_ACCEPT 3912 260096
TRACE 63493 OUTPUT_ACCEPT 3913 -319488
TRACE 63493 OUTPUT_ACCEPT 3914 -190464
TRACE 63493 OUTPUT_ACCEPT 3915 -401408
TRACE 63493 OUTPUT_ACCEPT 3916 96256
TRACE 63493 OUTPUT_ACCEPT 3917 253952
TRACE 63493 OUTPUT_ACCEPT 3918 71680
TRACE 63493 OUTPUT_ACCEPT 3919 598016
TRACE 63493 OUTPUT_ACCEPT 3920 784384
TRACE 63493 OUTPUT_ACCEPT 3921 -417792
TRACE 63493 OUTPUT_ACCEPT 3922 137216
TRACE 63493 OUTPUT_ACCEPT 3923 352256
TRACE 63493 OUTPUT_ACCEPT 3924 -821248
TRACE 63493 OUTPUT_ACCEPT 3925 -237568
TRACE 63493 OUTPUT_ACCEPT 3926 6144
TRACE 63493 OUTPUT_ACCEPT 3927 -90112
TRACE 63493 OUTPUT_ACCEPT 3928 522240
TRACE 63493 OUTPUT_ACCEPT 3929 -253952
TRACE 63493 OUTPUT_ACCEPT 3930 -321536
TRACE 63493 OUTPUT_ACCEPT 3931 319488
TRACE 63493 OUTPUT_ACCEPT 3932 -428032
TRACE 63493 OUTPUT_ACCEPT 3933 -466944
TRACE 63493 OUTPUT_ACCEPT 3934 202752
TRACE 63493 OUTPUT_ACCEPT 3935 -516096
TRACE 63493 OUTPUT_ACCEPT 3936 522240
TRACE 63493 OUTPUT_ACCEPT 3937 172032
TRACE 63493 OUTPUT_ACCEPT 3938 -518144
TRACE 63493 OUTPUT_ACCEPT 3939 548864
TRACE 63493 OUTPUT_ACCEPT 3940 227328
TRACE 63493 OUTPUT_ACCEPT 3941 -434176
TRACE 63493 OUTPUT_ACCEPT 3942 661504
TRACE 63493 OUTPUT_ACCEPT 3943 368640
TRACE 63493 OUTPUT_ACCEPT 3944 -264192
TRACE 63493 OUTPUT_ACCEPT 3945 -188416
TRACE 63493 OUTPUT_ACCEPT 3946 -452608
TRACE 63493 OUTPUT_ACCEPT 3947 -8192
TRACE 63493 OUTPUT_ACCEPT 3948 96256
TRACE 63493 OUTPUT_ACCEPT 3949 -139264
TRACE 63493 OUTPUT_ACCEPT 3950 333824
TRACE 63493 OUTPUT_ACCEPT 3951 466944
TRACE 63493 OUTPUT_ACCEPT 3952 -788480
TRACE 63493 OUTPUT_ACCEPT 3953 -286720
TRACE 63493 OUTPUT_ACCEPT 3954 -124928
TRACE 63493 OUTPUT_ACCEPT 3955 -303104
TRACE 63493 OUTPUT_ACCEPT 3956 227328
TRACE 63493 OUTPUT_ACCEPT 3957 417792
TRACE 63493 OUTPUT_ACCEPT 3958 268288
TRACE 63493 OUTPUT_ACCEPT 3959 827392
TRACE 63493 OUTPUT_ACCEPT 3960 -2048
TRACE 63493 OUTPUT_ACCEPT 3961 -122880
TRACE 63493 OUTPUT_ACCEPT 3962 464896
TRACE 63493 OUTPUT_ACCEPT 3963 -335872
TRACE 63493 OUTPUT_ACCEPT 3964 -428032
TRACE 63493 OUTPUT_ACCEPT 3965 188416
TRACE 63493 OUTPUT_ACCEPT 3966 -583680
TRACE 63493 OUTPUT_ACCEPT 3967 401408
TRACE 64517 OUTPUT_ACCEPT 3968 -2048
TRACE 64517 OUTPUT_ACCEPT 3969 -745472
TRACE 64517 OUTPUT_ACCEPT 3970 268288
TRACE 64517 OUTPUT_ACCEPT 3971 -106496
TRACE 64517 OUTPUT_ACCEPT 3972 -821248
TRACE 64517 OUTPUT_ACCEPT 3973 221184
TRACE 64517 OUTPUT_ACCEPT 3974 -124928
TRACE 64517 OUTPUT_ACCEPT 3975 237568
TRACE 64517 OUTPUT_ACCEPT 3976 260096
TRACE 64517 OUTPUT_ACCEPT 3977 -57344
TRACE 64517 OUTPUT_ACCEPT 3978 333824
TRACE 64517 OUTPUT_ACCEPT 3979 385024
TRACE 64517 OUTPUT_ACCEPT 3980 96256
TRACE 64517 OUTPUT_ACCEPT 3981 516096
TRACE 64517 OUTPUT_ACCEPT 3982 595968
TRACE 64517 OUTPUT_ACCEPT 3983 -712704
TRACE 64517 OUTPUT_ACCEPT 3984 -264192
TRACE 64517 OUTPUT_ACCEPT 3985 -155648
TRACE 64517 OUTPUT_ACCEPT 3986 -387072
TRACE 64517 OUTPUT_ACCEPT 3987 90112
TRACE 64517 OUTPUT_ACCEPT 3988 227328
TRACE 64517 OUTPUT_ACCEPT 3989 24576
TRACE 64517 OUTPUT_ACCEPT 3990 530432
TRACE 64517 OUTPUT_ACCEPT 3991 -352256
TRACE 64517 OUTPUT_ACCEPT 3992 -526336
TRACE 64517 OUTPUT_ACCEPT 3993 8192
TRACE 64517 OUTPUT_ACCEPT 3994 -845824
TRACE 64517 OUTPUT_ACCEPT 3995 57344
TRACE 64517 OUTPUT_ACCEPT 3996 620544
TRACE 64517 OUTPUT_ACCEPT 3997 -204800
TRACE 64517 OUTPUT_ACCEPT 3998 727040
TRACE 64517 OUTPUT_ACCEPT 3999 270336
TRACE 64517 OUTPUT_ACCEPT 4000 -526336
TRACE 64517 OUTPUT_ACCEPT 4001 434176
TRACE 64517 OUTPUT_ACCEPT 4002 6144
TRACE 64517 OUTPUT_ACCEPT 4003 -761856
TRACE 64517 OUTPUT_ACCEPT 4004 227328
TRACE 64517 OUTPUT_ACCEPT 4005 -172032
TRACE 64517 OUTPUT_ACCEPT 4006 137216
TRACE 64517 OUTPUT_ACCEPT 4007 106496
TRACE 64517 OUTPUT_ACCEPT 4008 -264192
TRACE 64517 OUTPUT_ACCEPT 4009 73728
TRACE 64517 OUTPUT_ACCEPT 4010 71680
TRACE 64517 OUTPUT_ACCEPT 4011 -270336
TRACE 64517 OUTPUT_ACCEPT 4012 96256
TRACE 64517 OUTPUT_ACCEPT 4013 122880
TRACE 64517 OUTPUT_ACCEPT 4014 -190464
TRACE 64517 OUTPUT_ACCEPT 4015 204800
TRACE 64517 OUTPUT_ACCEPT 4016 260096
TRACE 64517 OUTPUT_ACCEPT 4017 -24576
TRACE 64517 OUTPUT_ACCEPT 4018 399360
TRACE 64517 OUTPUT_ACCEPT 4019 483328
TRACE 64517 OUTPUT_ACCEPT 4020 227328
TRACE 64517 OUTPUT_ACCEPT 4021 679936
TRACE 64517 OUTPUT_ACCEPT 4022 -256000
TRACE 64517 OUTPUT_ACCEPT 4023 -483328
TRACE 64517 OUTPUT_ACCEPT 4024 -2048
TRACE 64517 OUTPUT_ACCEPT 4025 -909312
TRACE 64517 OUTPUT_ACCEPT 4026 -59392
TRACE 64517 OUTPUT_ACCEPT 4027 450560
TRACE 64517 OUTPUT_ACCEPT 4028 -428032
TRACE 64517 OUTPUT_ACCEPT 4029 450560
TRACE 64517 OUTPUT_ACCEPT 4030 -59392
TRACE 64517 OUTPUT_ACCEPT 4031 -909312
TRACE 65541 OUTPUT_ACCEPT 4032 -2048
TRACE 65541 OUTPUT_ACCEPT 4033 -483328
TRACE 65541 OUTPUT_ACCEPT 4034 -256000
TRACE 65541 OUTPUT_ACCEPT 4035 679936
TRACE 65541 OUTPUT_ACCEPT 4036 227328
TRACE 65541 OUTPUT_ACCEPT 4037 483328
TRACE 65541 OUTPUT_ACCEPT 4038 399360
TRACE 65541 OUTPUT_ACCEPT 4039 -24576
TRACE 65541 OUTPUT_ACCEPT 4040 260096
TRACE 65541 OUTPUT_ACCEPT 4041 204800
TRACE 65541 OUTPUT_ACCEPT 4042 -190464
TRACE 65541 OUTPUT_ACCEPT 4043 122880
TRACE 65541 OUTPUT_ACCEPT 4044 96256
TRACE 65541 OUTPUT_ACCEPT 4045 -270336
TRACE 65541 OUTPUT_ACCEPT 4046 71680
TRACE 65541 OUTPUT_ACCEPT 4047 73728
TRACE 65541 OUTPUT_ACCEPT 4048 -264192
TRACE 65541 OUTPUT_ACCEPT 4049 106496
TRACE 65541 OUTPUT_ACCEPT 4050 137216
TRACE 65541 OUTPUT_ACCEPT 4051 -172032
TRACE 65541 OUTPUT_ACCEPT 4052 227328
TRACE 65541 OUTPUT_ACCEPT 4053 -761856
TRACE 65541 OUTPUT_ACCEPT 4054 6144
TRACE 65541 OUTPUT_ACCEPT 4055 434176
TRACE 65541 OUTPUT_ACCEPT 4056 -526336
TRACE 65541 OUTPUT_ACCEPT 4057 270336
TRACE 65541 OUTPUT_ACCEPT 4058 727040
TRACE 65541 OUTPUT_ACCEPT 4059 -204800
TRACE 65541 OUTPUT_ACCEPT 4060 620544
TRACE 65541 OUTPUT_ACCEPT 4061 57344
TRACE 65541 OUTPUT_ACCEPT 4062 -845824
TRACE 65541 OUTPUT_ACCEPT 4063 8192
TRACE 65541 OUTPUT_ACCEPT 4064 -526336
TRACE 65541 OUTPUT_ACCEPT 4065 -352256
TRACE 65541 OUTPUT_ACCEPT 4066 530432
TRACE 65541 OUTPUT_ACCEPT 4067 24576
TRACE 65541 OUTPUT_ACCEPT 4068 227328
TRACE 65541 OUTPUT_ACCEPT 4069 90112
TRACE 65541 OUTPUT_ACCEPT 4070 -387072
TRACE 65541 OUTPUT_ACCEPT 4071 -155648
TRACE 65541 OUTPUT_ACCEPT 4072 -264192
TRACE 65541 OUTPUT_ACCEPT 4073 -712704
TRACE 65541 OUTPUT_ACCEPT 4074 595968
TRACE 65541 OUTPUT_ACCEPT 4075 516096
TRACE 65541 OUTPUT_ACCEPT 4076 96256
TRACE 65541 OUTPUT_ACCEPT 4077 385024
TRACE 65541 OUTPUT_ACCEPT 4078 333824
TRACE 65541 OUTPUT_ACCEPT 4079 -57344
TRACE 65541 OUTPUT_ACCEPT 4080 260096
TRACE 65541 OUTPUT_ACCEPT 4081 237568
TRACE 65541 OUTPUT_ACCEPT 4082 -124928
TRACE 65541 OUTPUT_ACCEPT 4083 221184
TRACE 65541 OUTPUT_ACCEPT 4084 -821248
TRACE 65541 OUTPUT_ACCEPT 4085 -106496
TRACE 65541 OUTPUT_ACCEPT 4086 268288
TRACE 65541 OUTPUT_ACCEPT 4087 -745472
TRACE 65541 OUTPUT_ACCEPT 4088 -2048
TRACE 65541 OUTPUT_ACCEPT 4089 401408
TRACE 65541 OUTPUT_ACCEPT 4090 -583680
TRACE 65541 OUTPUT_ACCEPT 4091 188416
TRACE 65541 OUTPUT_ACCEPT 4092 -428032
TRACE 65541 OUTPUT_ACCEPT 4093 -335872
TRACE 65541 OUTPUT_ACCEPT 4094 464896
TRACE 65541 OUTPUT_ACCEPT 4095 -122880
SUMMARY 65542 262144 1048576 65536 65536 65536 65536 64 4096 65535 0 0 1 0 1
