cycle,event,tag,address,latency
0,SUBMIT,0,0x80000000,0
1,SUBMIT,1,0x80000040,0
2,SUBMIT,2,0x80000080,0
3,SUBMIT,3,0x800000c0,0
4,SUBMIT,4,0x80000100,0
5,SUBMIT,5,0x80000140,0
6,SUBMIT,6,0x80000180,0
7,SUBMIT,7,0x800001c0,0
8,SUBMIT,8,0x80000200,0
9,SUBMIT,9,0x80000240,0
10,SUBMIT,10,0x80000280,0
11,SUBMIT,11,0x800002c0,0
12,SUBMIT,12,0x80000300,0
13,SUBMIT,13,0x80000340,0
14,SUBMIT,14,0x80000380,0
15,SUBMIT,15,0x800003c0,0
16,SUBMIT,16,0x80000400,0
17,SUBMIT,17,0x80000440,0
18,SUBMIT,18,0x80000480,0
19,SUBMIT,19,0x800004c0,0
20,SUBMIT,20,0x80000500,0
21,SUBMIT,21,0x80000540,0
22,SUBMIT,22,0x80000580,0
23,SUBMIT,23,0x800005c0,0
24,SUBMIT,24,0x80000600,0
25,SUBMIT,25,0x80000640,0
26,SUBMIT,26,0x80000680,0
27,SUBMIT,27,0x800006c0,0
28,SUBMIT,28,0x80000700,0
29,SUBMIT,29,0x80000740,0
30,SUBMIT,30,0x80000780,0
31,SUBMIT,31,0x800007c0,0
34,COMPLETE,0,0x80000000,34
34,SUBMIT,32,0x80000800,0
39,COMPLETE,1,0x80000040,38
39,SUBMIT,33,0x80000840,0
44,COMPLETE,2,0x80000080,42
44,SUBMIT,34,0x80000880,0
49,COMPLETE,3,0x800000c0,46
49,SUBMIT,35,0x800008c0,0
54,COMPLETE,4,0x80000100,50
54,SUBMIT,36,0x80000900,0
59,COMPLETE,5,0x80000140,54
59,SUBMIT,37,0x80000940,0
64,COMPLETE,6,0x80000180,58
64,SUBMIT,38,0x80000980,0
69,COMPLETE,7,0x800001c0,62
69,SUBMIT,39,0x800009c0,0
74,COMPLETE,8,0x80000200,66
74,SUBMIT,40,0x80000a00,0
79,COMPLETE,9,0x80000240,70
79,SUBMIT,41,0x80000a40,0
83,COMPLETE,10,0x80000280,73
83,SUBMIT,42,0x80000a80,0
88,COMPLETE,11,0x800002c0,77
88,SUBMIT,43,0x80000ac0,0
93,COMPLETE,12,0x80000300,81
93,SUBMIT,44,0x80000b00,0
98,COMPLETE,13,0x80000340,85
98,SUBMIT,45,0x80000b40,0
103,COMPLETE,14,0x80000380,89
103,SUBMIT,46,0x80000b80,0
108,COMPLETE,15,0x800003c0,93
108,SUBMIT,47,0x80000bc0,0
113,COMPLETE,16,0x80000400,97
113,SUBMIT,48,0x80000c00,0
118,COMPLETE,17,0x80000440,101
118,SUBMIT,49,0x80000c40,0
123,COMPLETE,18,0x80000480,105
123,SUBMIT,50,0x80000c80,0
128,COMPLETE,19,0x800004c0,109
128,SUBMIT,51,0x80000cc0,0
133,COMPLETE,20,0x80000500,113
133,SUBMIT,52,0x80000d00,0
138,COMPLETE,21,0x80000540,117
138,SUBMIT,53,0x80000d40,0
143,COMPLETE,22,0x80000580,121
143,SUBMIT,54,0x80000d80,0
148,COMPLETE,23,0x800005c0,125
148,SUBMIT,55,0x80000dc0,0
153,COMPLETE,24,0x80000600,129
153,SUBMIT,56,0x80000e00,0
158,COMPLETE,25,0x80000640,133
158,SUBMIT,57,0x80000e40,0
163,COMPLETE,26,0x80000680,137
163,SUBMIT,58,0x80000e80,0
168,COMPLETE,27,0x800006c0,141
168,SUBMIT,59,0x80000ec0,0
173,COMPLETE,28,0x80000700,145
173,SUBMIT,60,0x80000f00,0
178,COMPLETE,29,0x80000740,149
178,SUBMIT,61,0x80000f40,0
183,COMPLETE,30,0x80000780,153
183,SUBMIT,62,0x80000f80,0
188,COMPLETE,31,0x800007c0,157
188,SUBMIT,63,0x80000fc0,0
193,COMPLETE,32,0x80000800,159
193,SUBMIT,64,0x80001000,0
198,COMPLETE,33,0x80000840,159
198,SUBMIT,65,0x80001040,0
203,COMPLETE,34,0x80000880,159
203,SUBMIT,66,0x80001080,0
208,COMPLETE,35,0x800008c0,159
208,SUBMIT,67,0x800010c0,0
213,COMPLETE,36,0x80000900,159
213,SUBMIT,68,0x80001100,0
218,COMPLETE,37,0x80000940,159
218,SUBMIT,69,0x80001140,0
223,COMPLETE,38,0x80000980,159
223,SUBMIT,70,0x80001180,0
228,COMPLETE,39,0x800009c0,159
228,SUBMIT,71,0x800011c0,0
233,COMPLETE,40,0x80000a00,159
233,SUBMIT,72,0x80001200,0
238,COMPLETE,41,0x80000a40,159
238,SUBMIT,73,0x80001240,0
243,COMPLETE,42,0x80000a80,160
243,SUBMIT,74,0x80001280,0
248,COMPLETE,43,0x80000ac0,160
248,SUBMIT,75,0x800012c0,0
253,COMPLETE,44,0x80000b00,160
253,SUBMIT,76,0x80001300,0
258,COMPLETE,45,0x80000b40,160
258,SUBMIT,77,0x80001340,0
263,COMPLETE,46,0x80000b80,160
263,SUBMIT,78,0x80001380,0
268,COMPLETE,47,0x80000bc0,160
268,SUBMIT,79,0x800013c0,0
273,COMPLETE,48,0x80000c00,160
273,SUBMIT,80,0x80001400,0
278,COMPLETE,49,0x80000c40,160
278,SUBMIT,81,0x80001440,0
283,COMPLETE,50,0x80000c80,160
283,SUBMIT,82,0x80001480,0
288,COMPLETE,51,0x80000cc0,160
288,SUBMIT,83,0x800014c0,0
293,COMPLETE,52,0x80000d00,160
293,SUBMIT,84,0x80001500,0
298,COMPLETE,53,0x80000d40,160
298,SUBMIT,85,0x80001540,0
303,COMPLETE,54,0x80000d80,160
303,SUBMIT,86,0x80001580,0
308,COMPLETE,55,0x80000dc0,160
308,SUBMIT,87,0x800015c0,0
313,COMPLETE,56,0x80000e00,160
313,SUBMIT,88,0x80001600,0
318,COMPLETE,57,0x80000e40,160
318,SUBMIT,89,0x80001640,0
323,COMPLETE,58,0x80000e80,160
323,SUBMIT,90,0x80001680,0
328,COMPLETE,59,0x80000ec0,160
328,SUBMIT,91,0x800016c0,0
332,COMPLETE,60,0x80000f00,159
332,SUBMIT,92,0x80001700,0
337,COMPLETE,61,0x80000f40,159
337,SUBMIT,93,0x80001740,0
342,COMPLETE,62,0x80000f80,159
342,SUBMIT,94,0x80001780,0
347,COMPLETE,63,0x80000fc0,159
347,SUBMIT,95,0x800017c0,0
352,COMPLETE,64,0x80001000,159
352,SUBMIT,96,0x80001800,0
357,COMPLETE,65,0x80001040,159
357,SUBMIT,97,0x80001840,0
362,COMPLETE,66,0x80001080,159
362,SUBMIT,98,0x80001880,0
367,COMPLETE,67,0x800010c0,159
367,SUBMIT,99,0x800018c0,0
372,COMPLETE,68,0x80001100,159
372,SUBMIT,100,0x80001900,0
377,COMPLETE,69,0x80001140,159
377,SUBMIT,101,0x80001940,0
382,COMPLETE,70,0x80001180,159
382,SUBMIT,102,0x80001980,0
387,COMPLETE,71,0x800011c0,159
387,SUBMIT,103,0x800019c0,0
392,COMPLETE,72,0x80001200,159
392,SUBMIT,104,0x80001a00,0
397,COMPLETE,73,0x80001240,159
397,SUBMIT,105,0x80001a40,0
402,COMPLETE,74,0x80001280,159
402,SUBMIT,106,0x80001a80,0
407,COMPLETE,75,0x800012c0,159
407,SUBMIT,107,0x80001ac0,0
412,COMPLETE,76,0x80001300,159
412,SUBMIT,108,0x80001b00,0
417,COMPLETE,77,0x80001340,159
417,SUBMIT,109,0x80001b40,0
422,COMPLETE,78,0x80001380,159
422,SUBMIT,110,0x80001b80,0
427,COMPLETE,79,0x800013c0,159
427,SUBMIT,111,0x80001bc0,0
432,COMPLETE,80,0x80001400,159
432,SUBMIT,112,0x80001c00,0
437,COMPLETE,81,0x80001440,159
437,SUBMIT,113,0x80001c40,0
442,COMPLETE,82,0x80001480,159
442,SUBMIT,114,0x80001c80,0
447,COMPLETE,83,0x800014c0,159
447,SUBMIT,115,0x80001cc0,0
452,COMPLETE,84,0x80001500,159
452,SUBMIT,116,0x80001d00,0
457,COMPLETE,85,0x80001540,159
457,SUBMIT,117,0x80001d40,0
462,COMPLETE,86,0x80001580,159
462,SUBMIT,118,0x80001d80,0
467,COMPLETE,87,0x800015c0,159
467,SUBMIT,119,0x80001dc0,0
472,COMPLETE,88,0x80001600,159
472,SUBMIT,120,0x80001e00,0
477,COMPLETE,89,0x80001640,159
477,SUBMIT,121,0x80001e40,0
482,COMPLETE,90,0x80001680,159
482,SUBMIT,122,0x80001e80,0
487,COMPLETE,91,0x800016c0,159
487,SUBMIT,123,0x80001ec0,0
492,COMPLETE,92,0x80001700,160
492,SUBMIT,124,0x80001f00,0
497,COMPLETE,93,0x80001740,160
497,SUBMIT,125,0x80001f40,0
502,COMPLETE,94,0x80001780,160
502,SUBMIT,126,0x80001f80,0
507,COMPLETE,95,0x800017c0,160
507,SUBMIT,127,0x80001fc0,0
512,COMPLETE,96,0x80001800,160
512,SUBMIT,128,0x80002000,0
517,COMPLETE,97,0x80001840,160
517,SUBMIT,129,0x80002040,0
522,COMPLETE,98,0x80001880,160
522,SUBMIT,130,0x80002080,0
527,COMPLETE,99,0x800018c0,160
527,SUBMIT,131,0x800020c0,0
532,COMPLETE,100,0x80001900,160
532,SUBMIT,132,0x80002100,0
537,COMPLETE,101,0x80001940,160
537,SUBMIT,133,0x80002140,0
542,COMPLETE,102,0x80001980,160
542,SUBMIT,134,0x80002180,0
545,COMPLETE,128,0x80002000,33
548,COMPLETE,103,0x800019c0,161
548,SUBMIT,135,0x800021c0,0
552,COMPLETE,129,0x80002040,35
555,COMPLETE,104,0x80001a00,163
555,SUBMIT,136,0x80002200,0
558,COMPLETE,130,0x80002080,36
562,COMPLETE,105,0x80001a40,165
562,SUBMIT,137,0x80002240,0
565,COMPLETE,131,0x800020c0,38
568,COMPLETE,106,0x80001a80,166
568,SUBMIT,138,0x80002280,0
572,COMPLETE,132,0x80002100,40
575,COMPLETE,107,0x80001ac0,168
575,SUBMIT,139,0x800022c0,0
578,COMPLETE,133,0x80002140,41
581,COMPLETE,108,0x80001b00,169
581,SUBMIT,140,0x80002300,0
585,COMPLETE,134,0x80002180,43
588,COMPLETE,109,0x80001b40,171
588,SUBMIT,141,0x80002340,0
591,COMPLETE,135,0x800021c0,43
595,COMPLETE,110,0x80001b80,173
595,SUBMIT,142,0x80002380,0
598,COMPLETE,136,0x80002200,43
601,COMPLETE,111,0x80001bc0,174
601,SUBMIT,143,0x800023c0,0
605,COMPLETE,137,0x80002240,43
608,COMPLETE,112,0x80001c00,176
608,SUBMIT,144,0x80002400,0
611,COMPLETE,138,0x80002280,43
615,COMPLETE,113,0x80001c40,178
615,SUBMIT,145,0x80002440,0
618,COMPLETE,139,0x800022c0,43
621,COMPLETE,114,0x80001c80,179
621,SUBMIT,146,0x80002480,0
625,COMPLETE,140,0x80002300,44
628,COMPLETE,115,0x80001cc0,181
628,SUBMIT,147,0x800024c0,0
631,COMPLETE,141,0x80002340,43
635,COMPLETE,116,0x80001d00,183
635,SUBMIT,148,0x80002500,0
638,COMPLETE,142,0x80002380,43
641,COMPLETE,117,0x80001d40,184
641,SUBMIT,149,0x80002540,0
645,COMPLETE,143,0x800023c0,44
648,COMPLETE,118,0x80001d80,186
648,SUBMIT,150,0x80002580,0
651,COMPLETE,144,0x80002400,43
655,COMPLETE,119,0x80001dc0,188
655,SUBMIT,151,0x800025c0,0
658,COMPLETE,145,0x80002440,43
661,COMPLETE,120,0x80001e00,189
661,SUBMIT,152,0x80002600,0
664,COMPLETE,146,0x80002480,43
668,COMPLETE,121,0x80001e40,191
668,SUBMIT,153,0x80002640,0
671,COMPLETE,147,0x800024c0,43
674,COMPLETE,122,0x80001e80,192
674,SUBMIT,154,0x80002680,0
678,COMPLETE,148,0x80002500,43
681,COMPLETE,123,0x80001ec0,194
681,SUBMIT,155,0x800026c0,0
684,COMPLETE,149,0x80002540,43
688,COMPLETE,124,0x80001f00,196
688,SUBMIT,156,0x80002700,0
691,COMPLETE,150,0x80002580,43
694,COMPLETE,125,0x80001f40,197
694,SUBMIT,157,0x80002740,0
698,COMPLETE,151,0x800025c0,43
701,COMPLETE,126,0x80001f80,199
701,SUBMIT,158,0x80002780,0
704,COMPLETE,152,0x80002600,43
708,COMPLETE,127,0x80001fc0,201
708,SUBMIT,159,0x800027c0,0
709,SUBMIT,160,0x80002800,0
710,SUBMIT,161,0x80002840,0
711,COMPLETE,153,0x80002640,43
711,SUBMIT,162,0x80002880,0
712,SUBMIT,163,0x800028c0,0
713,SUBMIT,164,0x80002900,0
714,SUBMIT,165,0x80002940,0
715,SUBMIT,166,0x80002980,0
716,COMPLETE,154,0x80002680,42
716,SUBMIT,167,0x800029c0,0
717,SUBMIT,168,0x80002a00,0
718,SUBMIT,169,0x80002a40,0
719,SUBMIT,170,0x80002a80,0
720,SUBMIT,171,0x80002ac0,0
721,COMPLETE,155,0x800026c0,40
721,SUBMIT,172,0x80002b00,0
722,SUBMIT,173,0x80002b40,0
723,SUBMIT,174,0x80002b80,0
724,SUBMIT,175,0x80002bc0,0
725,SUBMIT,176,0x80002c00,0
726,COMPLETE,156,0x80002700,38
726,SUBMIT,177,0x80002c40,0
727,SUBMIT,178,0x80002c80,0
728,SUBMIT,179,0x80002cc0,0
729,SUBMIT,180,0x80002d00,0
730,SUBMIT,181,0x80002d40,0
731,COMPLETE,157,0x80002740,37
731,SUBMIT,182,0x80002d80,0
732,SUBMIT,183,0x80002dc0,0
733,SUBMIT,184,0x80002e00,0
734,SUBMIT,185,0x80002e40,0
735,SUBMIT,186,0x80002e80,0
736,COMPLETE,158,0x80002780,35
736,SUBMIT,187,0x80002ec0,0
737,SUBMIT,188,0x80002f00,0
738,SUBMIT,189,0x80002f40,0
739,SUBMIT,190,0x80002f80,0
741,COMPLETE,159,0x800027c0,33
741,SUBMIT,191,0x80002fc0,0
746,COMPLETE,160,0x80002800,37
746,SUBMIT,192,0x80003000,0
751,COMPLETE,161,0x80002840,41
751,SUBMIT,193,0x80003040,0
756,COMPLETE,162,0x80002880,45
756,SUBMIT,194,0x80003080,0
761,COMPLETE,163,0x800028c0,49
761,SUBMIT,195,0x800030c0,0
766,COMPLETE,164,0x80002900,53
766,SUBMIT,196,0x80003100,0
771,COMPLETE,165,0x80002940,57
771,SUBMIT,197,0x80003140,0
776,COMPLETE,166,0x80002980,61
776,SUBMIT,198,0x80003180,0
781,COMPLETE,167,0x800029c0,65
781,SUBMIT,199,0x800031c0,0
786,COMPLETE,168,0x80002a00,69
786,SUBMIT,200,0x80003200,0
791,COMPLETE,169,0x80002a40,73
791,SUBMIT,201,0x80003240,0
796,COMPLETE,170,0x80002a80,77
796,SUBMIT,202,0x80003280,0
801,COMPLETE,171,0x80002ac0,81
801,SUBMIT,203,0x800032c0,0
806,COMPLETE,172,0x80002b00,85
806,SUBMIT,204,0x80003300,0
811,COMPLETE,173,0x80002b40,89
811,SUBMIT,205,0x80003340,0
816,COMPLETE,174,0x80002b80,93
816,SUBMIT,206,0x80003380,0
821,COMPLETE,175,0x80002bc0,97
821,SUBMIT,207,0x800033c0,0
826,COMPLETE,176,0x80002c00,101
826,SUBMIT,208,0x80003400,0
830,COMPLETE,177,0x80002c40,104
830,SUBMIT,209,0x80003440,0
835,COMPLETE,178,0x80002c80,108
835,SUBMIT,210,0x80003480,0
840,COMPLETE,179,0x80002cc0,112
840,SUBMIT,211,0x800034c0,0
845,COMPLETE,180,0x80002d00,116
845,SUBMIT,212,0x80003500,0
850,COMPLETE,181,0x80002d40,120
850,SUBMIT,213,0x80003540,0
855,COMPLETE,182,0x80002d80,124
855,SUBMIT,214,0x80003580,0
860,COMPLETE,183,0x80002dc0,128
860,SUBMIT,215,0x800035c0,0
865,COMPLETE,184,0x80002e00,132
865,SUBMIT,216,0x80003600,0
870,COMPLETE,185,0x80002e40,136
870,SUBMIT,217,0x80003640,0
875,COMPLETE,186,0x80002e80,140
875,SUBMIT,218,0x80003680,0
880,COMPLETE,187,0x80002ec0,144
880,SUBMIT,219,0x800036c0,0
885,COMPLETE,188,0x80002f00,148
885,SUBMIT,220,0x80003700,0
890,COMPLETE,189,0x80002f40,152
890,SUBMIT,221,0x80003740,0
895,COMPLETE,190,0x80002f80,156
895,SUBMIT,222,0x80003780,0
900,COMPLETE,191,0x80002fc0,159
900,SUBMIT,223,0x800037c0,0
905,COMPLETE,192,0x80003000,159
905,SUBMIT,224,0x80003800,0
910,COMPLETE,193,0x80003040,159
910,SUBMIT,225,0x80003840,0
915,COMPLETE,194,0x80003080,159
915,SUBMIT,226,0x80003880,0
920,COMPLETE,195,0x800030c0,159
920,SUBMIT,227,0x800038c0,0
925,COMPLETE,196,0x80003100,159
925,SUBMIT,228,0x80003900,0
930,COMPLETE,197,0x80003140,159
930,SUBMIT,229,0x80003940,0
935,COMPLETE,198,0x80003180,159
935,SUBMIT,230,0x80003980,0
940,COMPLETE,199,0x800031c0,159
940,SUBMIT,231,0x800039c0,0
945,COMPLETE,200,0x80003200,159
945,SUBMIT,232,0x80003a00,0
950,COMPLETE,201,0x80003240,159
950,SUBMIT,233,0x80003a40,0
955,COMPLETE,202,0x80003280,159
955,SUBMIT,234,0x80003a80,0
960,COMPLETE,203,0x800032c0,159
960,SUBMIT,235,0x80003ac0,0
965,COMPLETE,204,0x80003300,159
965,SUBMIT,236,0x80003b00,0
970,COMPLETE,205,0x80003340,159
970,SUBMIT,237,0x80003b40,0
975,COMPLETE,206,0x80003380,159
975,SUBMIT,238,0x80003b80,0
980,COMPLETE,207,0x800033c0,159
980,SUBMIT,239,0x80003bc0,0
985,COMPLETE,208,0x80003400,159
985,SUBMIT,240,0x80003c00,0
990,COMPLETE,209,0x80003440,160
990,SUBMIT,241,0x80003c40,0
995,COMPLETE,210,0x80003480,160
995,SUBMIT,242,0x80003c80,0
1000,COMPLETE,211,0x800034c0,160
1000,SUBMIT,243,0x80003cc0,0
1005,COMPLETE,212,0x80003500,160
1005,SUBMIT,244,0x80003d00,0
1010,COMPLETE,213,0x80003540,160
1010,SUBMIT,245,0x80003d40,0
1015,COMPLETE,214,0x80003580,160
1015,SUBMIT,246,0x80003d80,0
1020,COMPLETE,215,0x800035c0,160
1020,SUBMIT,247,0x80003dc0,0
1025,COMPLETE,216,0x80003600,160
1025,SUBMIT,248,0x80003e00,0
1030,COMPLETE,217,0x80003640,160
1030,SUBMIT,249,0x80003e40,0
1035,COMPLETE,218,0x80003680,160
1035,SUBMIT,250,0x80003e80,0
1040,COMPLETE,219,0x800036c0,160
1040,SUBMIT,251,0x80003ec0,0
1045,COMPLETE,220,0x80003700,160
1045,SUBMIT,252,0x80003f00,0
1050,COMPLETE,221,0x80003740,160
1050,SUBMIT,253,0x80003f40,0
1055,COMPLETE,222,0x80003780,160
1055,SUBMIT,254,0x80003f80,0
1060,COMPLETE,223,0x800037c0,160
1060,SUBMIT,255,0x80003fc0,0
1065,COMPLETE,224,0x80003800,160
1065,SUBMIT,256,0x80004000,0
1070,COMPLETE,225,0x80003840,160
1070,SUBMIT,257,0x80004040,0
1075,COMPLETE,226,0x80003880,160
1075,SUBMIT,258,0x80004080,0
1079,COMPLETE,227,0x800038c0,159
1079,SUBMIT,259,0x800040c0,0
1085,COMPLETE,228,0x80003900,160
1085,SUBMIT,260,0x80004100,0
1090,COMPLETE,229,0x80003940,160
1090,SUBMIT,261,0x80004140,0
1095,COMPLETE,230,0x80003980,160
1095,SUBMIT,262,0x80004180,0
1099,COMPLETE,256,0x80004000,34
1102,COMPLETE,231,0x800039c0,162
1102,SUBMIT,263,0x800041c0,0
1105,COMPLETE,257,0x80004040,35
1109,COMPLETE,232,0x80003a00,164
1109,SUBMIT,264,0x80004200,0
1112,COMPLETE,258,0x80004080,37
1115,COMPLETE,233,0x80003a40,165
1115,SUBMIT,265,0x80004240,0
1119,COMPLETE,259,0x800040c0,40
1122,COMPLETE,234,0x80003a80,167
1122,SUBMIT,266,0x80004280,0
1125,COMPLETE,260,0x80004100,40
1128,COMPLETE,235,0x80003ac0,168
1128,SUBMIT,267,0x800042c0,0
1132,COMPLETE,261,0x80004140,42
1135,COMPLETE,236,0x80003b00,170
1135,SUBMIT,268,0x80004300,0
1138,COMPLETE,262,0x80004180,43
1142,COMPLETE,237,0x80003b40,172
1142,SUBMIT,269,0x80004340,0
1145,COMPLETE,263,0x800041c0,43
1148,COMPLETE,238,0x80003b80,173
1148,SUBMIT,270,0x80004380,0
1152,COMPLETE,264,0x80004200,43
1155,COMPLETE,239,0x80003bc0,175
1155,SUBMIT,271,0x800043c0,0
1158,COMPLETE,265,0x80004240,43
1162,COMPLETE,240,0x80003c00,177
1162,SUBMIT,272,0x80004400,0
1165,COMPLETE,266,0x80004280,43
1168,COMPLETE,241,0x80003c40,178
1168,SUBMIT,273,0x80004440,0
1172,COMPLETE,267,0x800042c0,44
1175,COMPLETE,242,0x80003c80,180
1175,SUBMIT,274,0x80004480,0
1178,COMPLETE,268,0x80004300,43
1182,COMPLETE,243,0x80003cc0,182
1182,SUBMIT,275,0x800044c0,0
1185,COMPLETE,269,0x80004340,43
1188,COMPLETE,244,0x80003d00,183
1188,SUBMIT,276,0x80004500,0
1192,COMPLETE,270,0x80004380,44
1195,COMPLETE,245,0x80003d40,185
1195,SUBMIT,277,0x80004540,0
1198,COMPLETE,271,0x800043c0,43
1202,COMPLETE,246,0x80003d80,187
1202,SUBMIT,278,0x80004580,0
1205,COMPLETE,272,0x80004400,43
1208,COMPLETE,247,0x80003dc0,188
1208,SUBMIT,279,0x800045c0,0
1211,COMPLETE,273,0x80004440,43
1215,COMPLETE,248,0x80003e00,190
1215,SUBMIT,280,0x80004600,0
1218,COMPLETE,274,0x80004480,43
1221,COMPLETE,249,0x80003e40,191
1221,SUBMIT,281,0x80004640,0
1225,COMPLETE,275,0x800044c0,43
1228,COMPLETE,250,0x80003e80,193
1228,SUBMIT,282,0x80004680,0
1231,COMPLETE,276,0x80004500,43
1235,COMPLETE,251,0x80003ec0,195
1235,SUBMIT,283,0x800046c0,0
1238,COMPLETE,277,0x80004540,43
1241,COMPLETE,252,0x80003f00,196
1241,SUBMIT,284,0x80004700,0
1245,COMPLETE,278,0x80004580,43
1248,COMPLETE,253,0x80003f40,198
1248,SUBMIT,285,0x80004740,0
1251,COMPLETE,279,0x800045c0,43
1255,COMPLETE,254,0x80003f80,200
1255,SUBMIT,286,0x80004780,0
1258,COMPLETE,280,0x80004600,43
1261,COMPLETE,255,0x80003fc0,201
1261,SUBMIT,287,0x800047c0,0
1262,SUBMIT,288,0x80004800,0
1263,SUBMIT,289,0x80004840,0
1264,SUBMIT,290,0x80004880,0
1265,COMPLETE,281,0x80004640,44
1265,SUBMIT,291,0x800048c0,0
1266,SUBMIT,292,0x80004900,0
1267,SUBMIT,293,0x80004940,0
1268,SUBMIT,294,0x80004980,0
1269,SUBMIT,295,0x800049c0,0
1270,COMPLETE,282,0x80004680,42
1270,SUBMIT,296,0x80004a00,0
1271,SUBMIT,297,0x80004a40,0
1272,SUBMIT,298,0x80004a80,0
1273,SUBMIT,299,0x80004ac0,0
1274,SUBMIT,300,0x80004b00,0
1275,COMPLETE,283,0x800046c0,40
1275,SUBMIT,301,0x80004b40,0
1276,SUBMIT,302,0x80004b80,0
1277,SUBMIT,303,0x80004bc0,0
1278,SUBMIT,304,0x80004c00,0
1279,SUBMIT,305,0x80004c40,0
1280,COMPLETE,284,0x80004700,39
1280,SUBMIT,306,0x80004c80,0
1281,SUBMIT,307,0x80004cc0,0
1282,SUBMIT,308,0x80004d00,0
1283,SUBMIT,309,0x80004d40,0
1284,SUBMIT,310,0x80004d80,0
1285,COMPLETE,285,0x80004740,37
1285,SUBMIT,311,0x80004dc0,0
1286,SUBMIT,312,0x80004e00,0
1287,SUBMIT,313,0x80004e40,0
1288,SUBMIT,314,0x80004e80,0
1289,COMPLETE,286,0x80004780,34
1289,SUBMIT,315,0x80004ec0,0
1290,SUBMIT,316,0x80004f00,0
1291,SUBMIT,317,0x80004f40,0
1292,SUBMIT,318,0x80004f80,0
1294,COMPLETE,287,0x800047c0,33
1294,SUBMIT,319,0x80004fc0,0
1299,COMPLETE,288,0x80004800,37
1299,SUBMIT,320,0x80005000,0
1304,COMPLETE,289,0x80004840,41
1304,SUBMIT,321,0x80005040,0
1309,COMPLETE,290,0x80004880,45
1309,SUBMIT,322,0x80005080,0
1314,COMPLETE,291,0x800048c0,49
1314,SUBMIT,323,0x800050c0,0
1319,COMPLETE,292,0x80004900,53
1319,SUBMIT,324,0x80005100,0
1324,COMPLETE,293,0x80004940,57
1324,SUBMIT,325,0x80005140,0
1329,COMPLETE,294,0x80004980,61
1329,SUBMIT,326,0x80005180,0
1334,COMPLETE,295,0x800049c0,65
1334,SUBMIT,327,0x800051c0,0
1339,COMPLETE,296,0x80004a00,69
1339,SUBMIT,328,0x80005200,0
1344,COMPLETE,297,0x80004a40,73
1344,SUBMIT,329,0x80005240,0
1349,COMPLETE,298,0x80004a80,77
1349,SUBMIT,330,0x80005280,0
1354,COMPLETE,299,0x80004ac0,81
1354,SUBMIT,331,0x800052c0,0
1359,COMPLETE,300,0x80004b00,85
1359,SUBMIT,332,0x80005300,0
1364,COMPLETE,301,0x80004b40,89
1364,SUBMIT,333,0x80005340,0
1369,COMPLETE,302,0x80004b80,93
1369,SUBMIT,334,0x80005380,0
1374,COMPLETE,303,0x80004bc0,97
1374,SUBMIT,335,0x800053c0,0
1379,COMPLETE,304,0x80004c00,101
1379,SUBMIT,336,0x80005400,0
1384,COMPLETE,305,0x80004c40,105
1384,SUBMIT,337,0x80005440,0
1389,COMPLETE,306,0x80004c80,109
1389,SUBMIT,338,0x80005480,0
1394,COMPLETE,307,0x80004cc0,113
1394,SUBMIT,339,0x800054c0,0
1399,COMPLETE,308,0x80004d00,117
1399,SUBMIT,340,0x80005500,0
1404,COMPLETE,309,0x80004d40,121
1404,SUBMIT,341,0x80005540,0
1409,COMPLETE,310,0x80004d80,125
1409,SUBMIT,342,0x80005580,0
1414,COMPLETE,311,0x80004dc0,129
1414,SUBMIT,343,0x800055c0,0
1419,COMPLETE,312,0x80004e00,133
1419,SUBMIT,344,0x80005600,0
1424,COMPLETE,313,0x80004e40,137
1424,SUBMIT,345,0x80005640,0
1429,COMPLETE,314,0x80004e80,141
1429,SUBMIT,346,0x80005680,0
1434,COMPLETE,315,0x80004ec0,145
1434,SUBMIT,347,0x800056c0,0
1439,COMPLETE,316,0x80004f00,149
1439,SUBMIT,348,0x80005700,0
1444,COMPLETE,317,0x80004f40,153
1444,SUBMIT,349,0x80005740,0
1449,COMPLETE,318,0x80004f80,157
1449,SUBMIT,350,0x80005780,0
1454,COMPLETE,319,0x80004fc0,160
1454,SUBMIT,351,0x800057c0,0
1459,COMPLETE,320,0x80005000,160
1459,SUBMIT,352,0x80005800,0
1464,COMPLETE,321,0x80005040,160
1464,SUBMIT,353,0x80005840,0
1469,COMPLETE,322,0x80005080,160
1469,SUBMIT,354,0x80005880,0
1474,COMPLETE,323,0x800050c0,160
1474,SUBMIT,355,0x800058c0,0
1479,COMPLETE,324,0x80005100,160
1479,SUBMIT,356,0x80005900,0
1484,COMPLETE,325,0x80005140,160
1484,SUBMIT,357,0x80005940,0
1489,COMPLETE,326,0x80005180,160
1489,SUBMIT,358,0x80005980,0
1494,COMPLETE,327,0x800051c0,160
1494,SUBMIT,359,0x800059c0,0
1499,COMPLETE,328,0x80005200,160
1499,SUBMIT,360,0x80005a00,0
1504,COMPLETE,329,0x80005240,160
1504,SUBMIT,361,0x80005a40,0
1509,COMPLETE,330,0x80005280,160
1509,SUBMIT,362,0x80005a80,0
1514,COMPLETE,331,0x800052c0,160
1514,SUBMIT,363,0x80005ac0,0
1519,COMPLETE,332,0x80005300,160
1519,SUBMIT,364,0x80005b00,0
1524,COMPLETE,333,0x80005340,160
1524,SUBMIT,365,0x80005b40,0
1529,COMPLETE,334,0x80005380,160
1529,SUBMIT,366,0x80005b80,0
1534,COMPLETE,335,0x800053c0,160
1534,SUBMIT,367,0x80005bc0,0
1538,COMPLETE,336,0x80005400,159
1538,SUBMIT,368,0x80005c00,0
1543,COMPLETE,337,0x80005440,159
1543,SUBMIT,369,0x80005c40,0
1548,COMPLETE,338,0x80005480,159
1548,SUBMIT,370,0x80005c80,0
1553,COMPLETE,339,0x800054c0,159
1553,SUBMIT,371,0x80005cc0,0
1558,COMPLETE,340,0x80005500,159
1558,SUBMIT,372,0x80005d00,0
1563,COMPLETE,341,0x80005540,159
1563,SUBMIT,373,0x80005d40,0
1568,COMPLETE,342,0x80005580,159
1568,SUBMIT,374,0x80005d80,0
1573,COMPLETE,343,0x800055c0,159
1573,SUBMIT,375,0x80005dc0,0
1578,COMPLETE,344,0x80005600,159
1578,SUBMIT,376,0x80005e00,0
1583,COMPLETE,345,0x80005640,159
1583,SUBMIT,377,0x80005e40,0
1588,COMPLETE,346,0x80005680,159
1588,SUBMIT,378,0x80005e80,0
1593,COMPLETE,347,0x800056c0,159
1593,SUBMIT,379,0x80005ec0,0
1598,COMPLETE,348,0x80005700,159
1598,SUBMIT,380,0x80005f00,0
1603,COMPLETE,349,0x80005740,159
1603,SUBMIT,381,0x80005f40,0
1608,COMPLETE,350,0x80005780,159
1608,SUBMIT,382,0x80005f80,0
1613,COMPLETE,351,0x800057c0,159
1613,SUBMIT,383,0x80005fc0,0
1618,COMPLETE,352,0x80005800,159
1618,SUBMIT,384,0x80006000,0
1623,COMPLETE,353,0x80005840,159
1623,SUBMIT,385,0x80006040,0
1628,COMPLETE,354,0x80005880,159
1628,SUBMIT,386,0x80006080,0
1633,COMPLETE,355,0x800058c0,159
1633,SUBMIT,387,0x800060c0,0
1638,COMPLETE,356,0x80005900,159
1638,SUBMIT,388,0x80006100,0
1643,COMPLETE,357,0x80005940,159
1643,SUBMIT,389,0x80006140,0
1648,COMPLETE,358,0x80005980,159
1648,SUBMIT,390,0x80006180,0
1651,COMPLETE,384,0x80006000,33
1655,COMPLETE,359,0x800059c0,161
1655,SUBMIT,391,0x800061c0,0
1658,COMPLETE,385,0x80006040,35
1661,COMPLETE,360,0x80005a00,162
1661,SUBMIT,392,0x80006200,0
1665,COMPLETE,386,0x80006080,37
1668,COMPLETE,361,0x80005a40,164
1668,SUBMIT,393,0x80006240,0
1671,COMPLETE,387,0x800060c0,38
1675,COMPLETE,362,0x80005a80,166
1675,SUBMIT,394,0x80006280,0
1678,COMPLETE,388,0x80006100,40
1681,COMPLETE,363,0x80005ac0,167
1681,SUBMIT,395,0x800062c0,0
1685,COMPLETE,389,0x80006140,42
1688,COMPLETE,364,0x80005b00,169
1688,SUBMIT,396,0x80006300,0
1691,COMPLETE,390,0x80006180,43
1695,COMPLETE,365,0x80005b40,171
1695,SUBMIT,397,0x80006340,0
1698,COMPLETE,391,0x800061c0,43
1701,COMPLETE,366,0x80005b80,172
1701,SUBMIT,398,0x80006380,0
1704,COMPLETE,392,0x80006200,43
1708,COMPLETE,367,0x80005bc0,174
1708,SUBMIT,399,0x800063c0,0
1711,COMPLETE,393,0x80006240,43
1714,COMPLETE,368,0x80005c00,176
1714,SUBMIT,400,0x80006400,0
1718,COMPLETE,394,0x80006280,43
1721,COMPLETE,369,0x80005c40,178
1721,SUBMIT,401,0x80006440,0
1724,COMPLETE,395,0x800062c0,43
1728,COMPLETE,370,0x80005c80,180
1728,SUBMIT,402,0x80006480,0
1731,COMPLETE,396,0x80006300,43
1734,COMPLETE,371,0x80005cc0,181
1734,SUBMIT,403,0x800064c0,0
1738,COMPLETE,397,0x80006340,43
1741,COMPLETE,372,0x80005d00,183
1741,SUBMIT,404,0x80006500,0
1744,COMPLETE,398,0x80006380,43
1748,COMPLETE,373,0x80005d40,185
1748,SUBMIT,405,0x80006540,0
1751,COMPLETE,399,0x800063c0,43
1754,COMPLETE,374,0x80005d80,186
1754,SUBMIT,406,0x80006580,0
1758,COMPLETE,400,0x80006400,44
1761,COMPLETE,375,0x80005dc0,188
1761,SUBMIT,407,0x800065c0,0
1764,COMPLETE,401,0x80006440,43
1768,COMPLETE,376,0x80005e00,190
1768,SUBMIT,408,0x80006600,0
1771,COMPLETE,402,0x80006480,43
1774,COMPLETE,377,0x80005e40,191
1774,SUBMIT,409,0x80006640,0
1778,COMPLETE,403,0x800064c0,44
1781,COMPLETE,378,0x80005e80,193
1781,SUBMIT,410,0x80006680,0
1784,COMPLETE,404,0x80006500,43
1787,COMPLETE,379,0x80005ec0,194
1787,SUBMIT,411,0x800066c0,0
1791,COMPLETE,405,0x80006540,43
1794,COMPLETE,380,0x80005f00,196
1794,SUBMIT,412,0x80006700,0
1797,COMPLETE,406,0x80006580,43
1801,COMPLETE,381,0x80005f40,198
1801,SUBMIT,413,0x80006740,0
1804,COMPLETE,407,0x800065c0,43
1807,COMPLETE,382,0x80005f80,199
1807,SUBMIT,414,0x80006780,0
1811,COMPLETE,408,0x80006600,43
1814,COMPLETE,383,0x80005fc0,201
1814,SUBMIT,415,0x800067c0,0
1815,SUBMIT,416,0x80006800,0
1816,SUBMIT,417,0x80006840,0
1817,COMPLETE,409,0x80006640,43
1817,SUBMIT,418,0x80006880,0
1818,SUBMIT,419,0x800068c0,0
1819,SUBMIT,420,0x80006900,0
1820,SUBMIT,421,0x80006940,0
1821,SUBMIT,422,0x80006980,0
1822,COMPLETE,410,0x80006680,41
1822,SUBMIT,423,0x800069c0,0
1823,SUBMIT,424,0x80006a00,0
1824,SUBMIT,425,0x80006a40,0
1825,SUBMIT,426,0x80006a80,0
1826,SUBMIT,427,0x80006ac0,0
1827,COMPLETE,411,0x800066c0,40
1827,SUBMIT,428,0x80006b00,0
1828,SUBMIT,429,0x80006b40,0
1829,SUBMIT,430,0x80006b80,0
1830,SUBMIT,431,0x80006bc0,0
1831,SUBMIT,432,0x80006c00,0
1832,COMPLETE,412,0x80006700,38
1832,SUBMIT,433,0x80006c40,0
1833,SUBMIT,434,0x80006c80,0
1834,SUBMIT,435,0x80006cc0,0
1835,SUBMIT,436,0x80006d00,0
1836,SUBMIT,437,0x80006d40,0
1837,COMPLETE,413,0x80006740,36
1837,SUBMIT,438,0x80006d80,0
1838,SUBMIT,439,0x80006dc0,0
1839,SUBMIT,440,0x80006e00,0
1840,SUBMIT,441,0x80006e40,0
1841,SUBMIT,442,0x80006e80,0
1842,COMPLETE,414,0x80006780,35
1842,SUBMIT,443,0x80006ec0,0
1843,SUBMIT,444,0x80006f00,0
1844,SUBMIT,445,0x80006f40,0
1845,SUBMIT,446,0x80006f80,0
1847,COMPLETE,415,0x800067c0,33
1847,SUBMIT,447,0x80006fc0,0
1852,COMPLETE,416,0x80006800,37
1852,SUBMIT,448,0x80007000,0
1857,COMPLETE,417,0x80006840,41
1857,SUBMIT,449,0x80007040,0
1862,COMPLETE,418,0x80006880,45
1862,SUBMIT,450,0x80007080,0
1867,COMPLETE,419,0x800068c0,49
1867,SUBMIT,451,0x800070c0,0
1872,COMPLETE,420,0x80006900,53
1872,SUBMIT,452,0x80007100,0
1877,COMPLETE,421,0x80006940,57
1877,SUBMIT,453,0x80007140,0
1882,COMPLETE,422,0x80006980,61
1882,SUBMIT,454,0x80007180,0
1887,COMPLETE,423,0x800069c0,65
1887,SUBMIT,455,0x800071c0,0
1892,COMPLETE,424,0x80006a00,69
1892,SUBMIT,456,0x80007200,0
1897,COMPLETE,425,0x80006a40,73
1897,SUBMIT,457,0x80007240,0
1902,COMPLETE,426,0x80006a80,77
1902,SUBMIT,458,0x80007280,0
1907,COMPLETE,427,0x80006ac0,81
1907,SUBMIT,459,0x800072c0,0
1912,COMPLETE,428,0x80006b00,85
1912,SUBMIT,460,0x80007300,0
1917,COMPLETE,429,0x80006b40,89
1917,SUBMIT,461,0x80007340,0
1922,COMPLETE,430,0x80006b80,93
1922,SUBMIT,462,0x80007380,0
1927,COMPLETE,431,0x80006bc0,97
1927,SUBMIT,463,0x800073c0,0
1932,COMPLETE,432,0x80006c00,101
1932,SUBMIT,464,0x80007400,0
1937,COMPLETE,433,0x80006c40,105
1937,SUBMIT,465,0x80007440,0
1942,COMPLETE,434,0x80006c80,109
1942,SUBMIT,466,0x80007480,0
1947,COMPLETE,435,0x80006cc0,113
1947,SUBMIT,467,0x800074c0,0
1952,COMPLETE,436,0x80006d00,117
1952,SUBMIT,468,0x80007500,0
1957,COMPLETE,437,0x80006d40,121
1957,SUBMIT,469,0x80007540,0
1962,COMPLETE,438,0x80006d80,125
1962,SUBMIT,470,0x80007580,0
1967,COMPLETE,439,0x80006dc0,129
1967,SUBMIT,471,0x800075c0,0
1972,COMPLETE,440,0x80006e00,133
1972,SUBMIT,472,0x80007600,0
1977,COMPLETE,441,0x80006e40,137
1977,SUBMIT,473,0x80007640,0
1982,COMPLETE,442,0x80006e80,141
1982,SUBMIT,474,0x80007680,0
1987,COMPLETE,443,0x80006ec0,145
1987,SUBMIT,475,0x800076c0,0
1992,COMPLETE,444,0x80006f00,149
1992,SUBMIT,476,0x80007700,0
1997,COMPLETE,445,0x80006f40,153
1997,SUBMIT,477,0x80007740,0
2002,COMPLETE,446,0x80006f80,157
2002,SUBMIT,478,0x80007780,0
2007,COMPLETE,447,0x80006fc0,160
2007,SUBMIT,479,0x800077c0,0
2012,COMPLETE,448,0x80007000,160
2012,SUBMIT,480,0x80007800,0
2017,COMPLETE,449,0x80007040,160
2017,SUBMIT,481,0x80007840,0
2022,COMPLETE,450,0x80007080,160
2022,SUBMIT,482,0x80007880,0
2027,COMPLETE,451,0x800070c0,160
2027,SUBMIT,483,0x800078c0,0
2032,COMPLETE,452,0x80007100,160
2032,SUBMIT,484,0x80007900,0
2036,COMPLETE,453,0x80007140,159
2036,SUBMIT,485,0x80007940,0
2041,COMPLETE,454,0x80007180,159
2041,SUBMIT,486,0x80007980,0
2046,COMPLETE,455,0x800071c0,159
2046,SUBMIT,487,0x800079c0,0
2051,COMPLETE,456,0x80007200,159
2051,SUBMIT,488,0x80007a00,0
2056,COMPLETE,457,0x80007240,159
2056,SUBMIT,489,0x80007a40,0
2061,COMPLETE,458,0x80007280,159
2061,SUBMIT,490,0x80007a80,0
2066,COMPLETE,459,0x800072c0,159
2066,SUBMIT,491,0x80007ac0,0
2071,COMPLETE,460,0x80007300,159
2071,SUBMIT,492,0x80007b00,0
2076,COMPLETE,461,0x80007340,159
2076,SUBMIT,493,0x80007b40,0
2081,COMPLETE,462,0x80007380,159
2081,SUBMIT,494,0x80007b80,0
2086,COMPLETE,463,0x800073c0,159
2086,SUBMIT,495,0x80007bc0,0
2091,COMPLETE,464,0x80007400,159
2091,SUBMIT,496,0x80007c00,0
2096,COMPLETE,465,0x80007440,159
2096,SUBMIT,497,0x80007c40,0
2101,COMPLETE,466,0x80007480,159
2101,SUBMIT,498,0x80007c80,0
2106,COMPLETE,467,0x800074c0,159
2106,SUBMIT,499,0x80007cc0,0
2111,COMPLETE,468,0x80007500,159
2111,SUBMIT,500,0x80007d00,0
2116,COMPLETE,469,0x80007540,159
2116,SUBMIT,501,0x80007d40,0
2121,COMPLETE,470,0x80007580,159
2121,SUBMIT,502,0x80007d80,0
2126,COMPLETE,471,0x800075c0,159
2126,SUBMIT,503,0x80007dc0,0
2131,COMPLETE,472,0x80007600,159
2131,SUBMIT,504,0x80007e00,0
2136,COMPLETE,473,0x80007640,159
2136,SUBMIT,505,0x80007e40,0
2141,COMPLETE,474,0x80007680,159
2141,SUBMIT,506,0x80007e80,0
2146,COMPLETE,475,0x800076c0,159
2146,SUBMIT,507,0x80007ec0,0
2151,COMPLETE,476,0x80007700,159
2151,SUBMIT,508,0x80007f00,0
2156,COMPLETE,477,0x80007740,159
2156,SUBMIT,509,0x80007f40,0
2161,COMPLETE,478,0x80007780,159
2161,SUBMIT,510,0x80007f80,0
2166,COMPLETE,479,0x800077c0,159
2166,SUBMIT,511,0x80007fc0,0
2171,COMPLETE,480,0x80007800,159
2171,SUBMIT,512,0x80008000,0
2176,COMPLETE,481,0x80007840,159
2176,SUBMIT,513,0x80008040,0
2181,COMPLETE,482,0x80007880,159
2181,SUBMIT,514,0x80008080,0
2186,COMPLETE,483,0x800078c0,159
2186,SUBMIT,515,0x800080c0,0
2191,COMPLETE,484,0x80007900,159
2191,SUBMIT,516,0x80008100,0
2196,COMPLETE,485,0x80007940,160
2196,SUBMIT,517,0x80008140,0
2201,COMPLETE,486,0x80007980,160
2201,SUBMIT,518,0x80008180,0
2204,COMPLETE,512,0x80008000,33
2207,COMPLETE,487,0x800079c0,161
2207,SUBMIT,519,0x800081c0,0
2211,COMPLETE,513,0x80008040,35
2214,COMPLETE,488,0x80007a00,163
2214,SUBMIT,520,0x80008200,0
2217,COMPLETE,514,0x80008080,36
2221,COMPLETE,489,0x80007a40,165
2221,SUBMIT,521,0x80008240,0
2224,COMPLETE,515,0x800080c0,38
2227,COMPLETE,490,0x80007a80,166
2227,SUBMIT,522,0x80008280,0
2231,COMPLETE,516,0x80008100,40
2234,COMPLETE,491,0x80007ac0,168
2234,SUBMIT,523,0x800082c0,0
2237,COMPLETE,517,0x80008140,41
2241,COMPLETE,492,0x80007b00,170
2241,SUBMIT,524,0x80008300,0
2244,COMPLETE,518,0x80008180,43
2247,COMPLETE,493,0x80007b40,171
2247,SUBMIT,525,0x80008340,0
2251,COMPLETE,519,0x800081c0,44
2254,COMPLETE,494,0x80007b80,173
2254,SUBMIT,526,0x80008380,0
2257,COMPLETE,520,0x80008200,43
2261,COMPLETE,495,0x80007bc0,175
2261,SUBMIT,527,0x800083c0,0
2264,COMPLETE,521,0x80008240,43
2267,COMPLETE,496,0x80007c00,176
2267,SUBMIT,528,0x80008400,0
2271,COMPLETE,522,0x80008280,44
2274,COMPLETE,497,0x80007c40,178
2274,SUBMIT,529,0x80008440,0
2277,COMPLETE,523,0x800082c0,43
2281,COMPLETE,498,0x80007c80,180
2281,SUBMIT,530,0x80008480,0
2284,COMPLETE,524,0x80008300,43
2287,COMPLETE,499,0x80007cc0,181
2287,SUBMIT,531,0x800084c0,0
2290,COMPLETE,525,0x80008340,43
2294,COMPLETE,500,0x80007d00,183
2294,SUBMIT,532,0x80008500,0
2297,COMPLETE,526,0x80008380,43
2300,COMPLETE,501,0x80007d40,184
2300,SUBMIT,533,0x80008540,0
2304,COMPLETE,527,0x800083c0,43
2307,COMPLETE,502,0x80007d80,186
2307,SUBMIT,534,0x80008580,0
2310,COMPLETE,528,0x80008400,43
2314,COMPLETE,503,0x80007dc0,188
2314,SUBMIT,535,0x800085c0,0
2317,COMPLETE,529,0x80008440,43
2320,COMPLETE,504,0x80007e00,189
2320,SUBMIT,536,0x80008600,0
2324,COMPLETE,530,0x80008480,43
2327,COMPLETE,505,0x80007e40,191
2327,SUBMIT,537,0x80008640,0
2330,COMPLETE,531,0x800084c0,43
2334,COMPLETE,506,0x80007e80,193
2334,SUBMIT,538,0x80008680,0
2337,COMPLETE,532,0x80008500,43
2340,COMPLETE,507,0x80007ec0,194
2340,SUBMIT,539,0x800086c0,0
2344,COMPLETE,533,0x80008540,44
2347,COMPLETE,508,0x80007f00,196
2347,SUBMIT,540,0x80008700,0
2350,COMPLETE,534,0x80008580,43
2354,COMPLETE,509,0x80007f40,198
2354,SUBMIT,541,0x80008740,0
2357,COMPLETE,535,0x800085c0,43
2360,COMPLETE,510,0x80007f80,199
2360,SUBMIT,542,0x80008780,0
2364,COMPLETE,536,0x80008600,44
2367,COMPLETE,511,0x80007fc0,201
2367,SUBMIT,543,0x800087c0,0
2368,SUBMIT,544,0x80008800,0
2369,SUBMIT,545,0x80008840,0
2370,COMPLETE,537,0x80008640,43
2370,SUBMIT,546,0x80008880,0
2371,SUBMIT,547,0x800088c0,0
2372,SUBMIT,548,0x80008900,0
2373,SUBMIT,549,0x80008940,0
2374,SUBMIT,550,0x80008980,0
2375,COMPLETE,538,0x80008680,41
2375,SUBMIT,551,0x800089c0,0
2376,SUBMIT,552,0x80008a00,0
2377,SUBMIT,553,0x80008a40,0
2378,SUBMIT,554,0x80008a80,0
2379,SUBMIT,555,0x80008ac0,0
2380,COMPLETE,539,0x800086c0,40
2380,SUBMIT,556,0x80008b00,0
2381,SUBMIT,557,0x80008b40,0
2382,SUBMIT,558,0x80008b80,0
2383,SUBMIT,559,0x80008bc0,0
2384,SUBMIT,560,0x80008c00,0
2385,COMPLETE,540,0x80008700,38
2385,SUBMIT,561,0x80008c40,0
2386,SUBMIT,562,0x80008c80,0
2387,SUBMIT,563,0x80008cc0,0
2388,SUBMIT,564,0x80008d00,0
2389,SUBMIT,565,0x80008d40,0
2390,COMPLETE,541,0x80008740,36
2390,SUBMIT,566,0x80008d80,0
2391,SUBMIT,567,0x80008dc0,0
2392,SUBMIT,568,0x80008e00,0
2393,SUBMIT,569,0x80008e40,0
2394,SUBMIT,570,0x80008e80,0
2395,COMPLETE,542,0x80008780,35
2395,SUBMIT,571,0x80008ec0,0
2396,SUBMIT,572,0x80008f00,0
2397,SUBMIT,573,0x80008f40,0
2398,SUBMIT,574,0x80008f80,0
2400,COMPLETE,543,0x800087c0,33
2400,SUBMIT,575,0x80008fc0,0
2405,COMPLETE,544,0x80008800,37
2405,SUBMIT,576,0x80009000,0
2410,COMPLETE,545,0x80008840,41
2410,SUBMIT,577,0x80009040,0
2415,COMPLETE,546,0x80008880,45
2415,SUBMIT,578,0x80009080,0
2420,COMPLETE,547,0x800088c0,49
2420,SUBMIT,579,0x800090c0,0
2425,COMPLETE,548,0x80008900,53
2425,SUBMIT,580,0x80009100,0
2430,COMPLETE,549,0x80008940,57
2430,SUBMIT,581,0x80009140,0
2435,COMPLETE,550,0x80008980,61
2435,SUBMIT,582,0x80009180,0
2440,COMPLETE,551,0x800089c0,65
2440,SUBMIT,583,0x800091c0,0
2445,COMPLETE,552,0x80008a00,69
2445,SUBMIT,584,0x80009200,0
2450,COMPLETE,553,0x80008a40,73
2450,SUBMIT,585,0x80009240,0
2455,COMPLETE,554,0x80008a80,77
2455,SUBMIT,586,0x80009280,0
2460,COMPLETE,555,0x80008ac0,81
2460,SUBMIT,587,0x800092c0,0
2465,COMPLETE,556,0x80008b00,85
2465,SUBMIT,588,0x80009300,0
2470,COMPLETE,557,0x80008b40,89
2470,SUBMIT,589,0x80009340,0
2475,COMPLETE,558,0x80008b80,93
2475,SUBMIT,590,0x80009380,0
2480,COMPLETE,559,0x80008bc0,97
2480,SUBMIT,591,0x800093c0,0
2485,COMPLETE,560,0x80008c00,101
2485,SUBMIT,592,0x80009400,0
2490,COMPLETE,561,0x80008c40,105
2490,SUBMIT,593,0x80009440,0
2495,COMPLETE,562,0x80008c80,109
2495,SUBMIT,594,0x80009480,0
2500,COMPLETE,563,0x80008cc0,113
2500,SUBMIT,595,0x800094c0,0
2505,COMPLETE,564,0x80008d00,117
2505,SUBMIT,596,0x80009500,0
2510,COMPLETE,565,0x80008d40,121
2510,SUBMIT,597,0x80009540,0
2515,COMPLETE,566,0x80008d80,125
2515,SUBMIT,598,0x80009580,0
2520,COMPLETE,567,0x80008dc0,129
2520,SUBMIT,599,0x800095c0,0
2525,COMPLETE,568,0x80008e00,133
2525,SUBMIT,600,0x80009600,0
2530,COMPLETE,569,0x80008e40,137
2530,SUBMIT,601,0x80009640,0
2534,COMPLETE,570,0x80008e80,140
2534,SUBMIT,602,0x80009680,0
2539,COMPLETE,571,0x80008ec0,144
2539,SUBMIT,603,0x800096c0,0
2544,COMPLETE,572,0x80008f00,148
2544,SUBMIT,604,0x80009700,0
2549,COMPLETE,573,0x80008f40,152
2549,SUBMIT,605,0x80009740,0
2554,COMPLETE,574,0x80008f80,156
2554,SUBMIT,606,0x80009780,0
2559,COMPLETE,575,0x80008fc0,159
2559,SUBMIT,607,0x800097c0,0
2564,COMPLETE,576,0x80009000,159
2564,SUBMIT,608,0x80009800,0
2569,COMPLETE,577,0x80009040,159
2569,SUBMIT,609,0x80009840,0
2574,COMPLETE,578,0x80009080,159
2574,SUBMIT,610,0x80009880,0
2579,COMPLETE,579,0x800090c0,159
2579,SUBMIT,611,0x800098c0,0
2584,COMPLETE,580,0x80009100,159
2584,SUBMIT,612,0x80009900,0
2589,COMPLETE,581,0x80009140,159
2589,SUBMIT,613,0x80009940,0
2594,COMPLETE,582,0x80009180,159
2594,SUBMIT,614,0x80009980,0
2599,COMPLETE,583,0x800091c0,159
2599,SUBMIT,615,0x800099c0,0
2604,COMPLETE,584,0x80009200,159
2604,SUBMIT,616,0x80009a00,0
2609,COMPLETE,585,0x80009240,159
2609,SUBMIT,617,0x80009a40,0
2614,COMPLETE,586,0x80009280,159
2614,SUBMIT,618,0x80009a80,0
2619,COMPLETE,587,0x800092c0,159
2619,SUBMIT,619,0x80009ac0,0
2624,COMPLETE,588,0x80009300,159
2624,SUBMIT,620,0x80009b00,0
2629,COMPLETE,589,0x80009340,159
2629,SUBMIT,621,0x80009b40,0
2634,COMPLETE,590,0x80009380,159
2634,SUBMIT,622,0x80009b80,0
2639,COMPLETE,591,0x800093c0,159
2639,SUBMIT,623,0x80009bc0,0
2644,COMPLETE,592,0x80009400,159
2644,SUBMIT,624,0x80009c00,0
2649,COMPLETE,593,0x80009440,159
2649,SUBMIT,625,0x80009c40,0
2654,COMPLETE,594,0x80009480,159
2654,SUBMIT,626,0x80009c80,0
2659,COMPLETE,595,0x800094c0,159
2659,SUBMIT,627,0x80009cc0,0
2664,COMPLETE,596,0x80009500,159
2664,SUBMIT,628,0x80009d00,0
2669,COMPLETE,597,0x80009540,159
2669,SUBMIT,629,0x80009d40,0
2674,COMPLETE,598,0x80009580,159
2674,SUBMIT,630,0x80009d80,0
2679,COMPLETE,599,0x800095c0,159
2679,SUBMIT,631,0x80009dc0,0
2684,COMPLETE,600,0x80009600,159
2684,SUBMIT,632,0x80009e00,0
2689,COMPLETE,601,0x80009640,159
2689,SUBMIT,633,0x80009e40,0
2694,COMPLETE,602,0x80009680,160
2694,SUBMIT,634,0x80009e80,0
2699,COMPLETE,603,0x800096c0,160
2699,SUBMIT,635,0x80009ec0,0
2704,COMPLETE,604,0x80009700,160
2704,SUBMIT,636,0x80009f00,0
2709,COMPLETE,605,0x80009740,160
2709,SUBMIT,637,0x80009f40,0
2714,COMPLETE,606,0x80009780,160
2714,SUBMIT,638,0x80009f80,0
2719,COMPLETE,607,0x800097c0,160
2719,SUBMIT,639,0x80009fc0,0
2724,COMPLETE,608,0x80009800,160
2724,SUBMIT,640,0x8000a000,0
2729,COMPLETE,609,0x80009840,160
2729,SUBMIT,641,0x8000a040,0
2734,COMPLETE,610,0x80009880,160
2734,SUBMIT,642,0x8000a080,0
2739,COMPLETE,611,0x800098c0,160
2739,SUBMIT,643,0x8000a0c0,0
2744,COMPLETE,612,0x80009900,160
2744,SUBMIT,644,0x8000a100,0
2749,COMPLETE,613,0x80009940,160
2749,SUBMIT,645,0x8000a140,0
2754,COMPLETE,614,0x80009980,160
2754,SUBMIT,646,0x8000a180,0
2757,COMPLETE,640,0x8000a000,33
2760,COMPLETE,615,0x800099c0,161
2760,SUBMIT,647,0x8000a1c0,0
2764,COMPLETE,641,0x8000a040,35
2767,COMPLETE,616,0x80009a00,163
2767,SUBMIT,648,0x8000a200,0
2770,COMPLETE,642,0x8000a080,36
2774,COMPLETE,617,0x80009a40,165
2774,SUBMIT,649,0x8000a240,0
2777,COMPLETE,643,0x8000a0c0,38
2780,COMPLETE,618,0x80009a80,166
2780,SUBMIT,650,0x8000a280,0
2783,COMPLETE,644,0x8000a100,39
2787,COMPLETE,619,0x80009ac0,168
2787,SUBMIT,651,0x8000a2c0,0
2790,COMPLETE,645,0x8000a140,41
2793,COMPLETE,620,0x80009b00,169
2793,SUBMIT,652,0x8000a300,0
2797,COMPLETE,646,0x8000a180,43
2800,COMPLETE,621,0x80009b40,171
2800,SUBMIT,653,0x8000a340,0
2803,COMPLETE,647,0x8000a1c0,43
2807,COMPLETE,622,0x80009b80,173
2807,SUBMIT,654,0x8000a380,0
2810,COMPLETE,648,0x8000a200,43
2813,COMPLETE,623,0x80009bc0,174
2813,SUBMIT,655,0x8000a3c0,0
2817,COMPLETE,649,0x8000a240,43
2820,COMPLETE,624,0x80009c00,176
2820,SUBMIT,656,0x8000a400,0
2823,COMPLETE,650,0x8000a280,43
2827,COMPLETE,625,0x80009c40,178
2827,SUBMIT,657,0x8000a440,0
2830,COMPLETE,651,0x8000a2c0,43
2833,COMPLETE,626,0x80009c80,179
2833,SUBMIT,658,0x8000a480,0
2837,COMPLETE,652,0x8000a300,44
2840,COMPLETE,627,0x80009cc0,181
2840,SUBMIT,659,0x8000a4c0,0
2843,COMPLETE,653,0x8000a340,43
2847,COMPLETE,628,0x80009d00,183
2847,SUBMIT,660,0x8000a500,0
2850,COMPLETE,654,0x8000a380,43
2853,COMPLETE,629,0x80009d40,184
2853,SUBMIT,661,0x8000a540,0
2857,COMPLETE,655,0x8000a3c0,44
2860,COMPLETE,630,0x80009d80,186
2860,SUBMIT,662,0x8000a580,0
2863,COMPLETE,656,0x8000a400,43
2866,COMPLETE,631,0x80009dc0,187
2866,SUBMIT,663,0x8000a5c0,0
2870,COMPLETE,657,0x8000a440,43
2873,COMPLETE,632,0x80009e00,189
2873,SUBMIT,664,0x8000a600,0
2876,COMPLETE,658,0x8000a480,43
2880,COMPLETE,633,0x80009e40,191
2880,SUBMIT,665,0x8000a640,0
2883,COMPLETE,659,0x8000a4c0,43
2886,COMPLETE,634,0x80009e80,192
2886,SUBMIT,666,0x8000a680,0
2890,COMPLETE,660,0x8000a500,43
2893,COMPLETE,635,0x80009ec0,194
2893,SUBMIT,667,0x8000a6c0,0
2896,COMPLETE,661,0x8000a540,43
2900,COMPLETE,636,0x80009f00,196
2900,SUBMIT,668,0x8000a700,0
2903,COMPLETE,662,0x8000a580,43
2906,COMPLETE,637,0x80009f40,197
2906,SUBMIT,669,0x8000a740,0
2910,COMPLETE,663,0x8000a5c0,44
2913,COMPLETE,638,0x80009f80,199
2913,SUBMIT,670,0x8000a780,0
2916,COMPLETE,664,0x8000a600,43
2920,COMPLETE,639,0x80009fc0,201
2920,SUBMIT,671,0x8000a7c0,0
2921,SUBMIT,672,0x8000a800,0
2922,SUBMIT,673,0x8000a840,0
2923,COMPLETE,665,0x8000a640,43
2923,SUBMIT,674,0x8000a880,0
2924,SUBMIT,675,0x8000a8c0,0
2925,SUBMIT,676,0x8000a900,0
2926,SUBMIT,677,0x8000a940,0
2927,SUBMIT,678,0x8000a980,0
2928,COMPLETE,666,0x8000a680,42
2928,SUBMIT,679,0x8000a9c0,0
2929,SUBMIT,680,0x8000aa00,0
2930,SUBMIT,681,0x8000aa40,0
2931,SUBMIT,682,0x8000aa80,0
2932,SUBMIT,683,0x8000aac0,0
2933,COMPLETE,667,0x8000a6c0,40
2933,SUBMIT,684,0x8000ab00,0
2934,SUBMIT,685,0x8000ab40,0
2935,SUBMIT,686,0x8000ab80,0
2936,SUBMIT,687,0x8000abc0,0
2937,SUBMIT,688,0x8000ac00,0
2938,COMPLETE,668,0x8000a700,38
2938,SUBMIT,689,0x8000ac40,0
2939,SUBMIT,690,0x8000ac80,0
2940,SUBMIT,691,0x8000acc0,0
2941,SUBMIT,692,0x8000ad00,0
2942,SUBMIT,693,0x8000ad40,0
2943,COMPLETE,669,0x8000a740,37
2943,SUBMIT,694,0x8000ad80,0
2944,SUBMIT,695,0x8000adc0,0
2945,SUBMIT,696,0x8000ae00,0
2946,SUBMIT,697,0x8000ae40,0
2947,SUBMIT,698,0x8000ae80,0
2948,COMPLETE,670,0x8000a780,35
2948,SUBMIT,699,0x8000aec0,0
2949,SUBMIT,700,0x8000af00,0
2950,SUBMIT,701,0x8000af40,0
2951,SUBMIT,702,0x8000af80,0
2953,COMPLETE,671,0x8000a7c0,33
2953,SUBMIT,703,0x8000afc0,0
2958,COMPLETE,672,0x8000a800,37
2958,SUBMIT,704,0x8000b000,0
2963,COMPLETE,673,0x8000a840,41
2963,SUBMIT,705,0x8000b040,0
2968,COMPLETE,674,0x8000a880,45
2968,SUBMIT,706,0x8000b080,0
2973,COMPLETE,675,0x8000a8c0,49
2973,SUBMIT,707,0x8000b0c0,0
2978,COMPLETE,676,0x8000a900,53
2978,SUBMIT,708,0x8000b100,0
2983,COMPLETE,677,0x8000a940,57
2983,SUBMIT,709,0x8000b140,0
2988,COMPLETE,678,0x8000a980,61
2988,SUBMIT,710,0x8000b180,0
2993,COMPLETE,679,0x8000a9c0,65
2993,SUBMIT,711,0x8000b1c0,0
2998,COMPLETE,680,0x8000aa00,69
2998,SUBMIT,712,0x8000b200,0
3003,COMPLETE,681,0x8000aa40,73
3003,SUBMIT,713,0x8000b240,0
3008,COMPLETE,682,0x8000aa80,77
3008,SUBMIT,714,0x8000b280,0
3013,COMPLETE,683,0x8000aac0,81
3013,SUBMIT,715,0x8000b2c0,0
3018,COMPLETE,684,0x8000ab00,85
3018,SUBMIT,716,0x8000b300,0
3023,COMPLETE,685,0x8000ab40,89
3023,SUBMIT,717,0x8000b340,0
3028,COMPLETE,686,0x8000ab80,93
3028,SUBMIT,718,0x8000b380,0
3032,COMPLETE,687,0x8000abc0,96
3032,SUBMIT,719,0x8000b3c0,0
3037,COMPLETE,688,0x8000ac00,100
3037,SUBMIT,720,0x8000b400,0
3042,COMPLETE,689,0x8000ac40,104
3042,SUBMIT,721,0x8000b440,0
3047,COMPLETE,690,0x8000ac80,108
3047,SUBMIT,722,0x8000b480,0
3052,COMPLETE,691,0x8000acc0,112
3052,SUBMIT,723,0x8000b4c0,0
3057,COMPLETE,692,0x8000ad00,116
3057,SUBMIT,724,0x8000b500,0
3062,COMPLETE,693,0x8000ad40,120
3062,SUBMIT,725,0x8000b540,0
3067,COMPLETE,694,0x8000ad80,124
3067,SUBMIT,726,0x8000b580,0
3072,COMPLETE,695,0x8000adc0,128
3072,SUBMIT,727,0x8000b5c0,0
3077,COMPLETE,696,0x8000ae00,132
3077,SUBMIT,728,0x8000b600,0
3082,COMPLETE,697,0x8000ae40,136
3082,SUBMIT,729,0x8000b640,0
3087,COMPLETE,698,0x8000ae80,140
3087,SUBMIT,730,0x8000b680,0
3092,COMPLETE,699,0x8000aec0,144
3092,SUBMIT,731,0x8000b6c0,0
3097,COMPLETE,700,0x8000af00,148
3097,SUBMIT,732,0x8000b700,0
3102,COMPLETE,701,0x8000af40,152
3102,SUBMIT,733,0x8000b740,0
3107,COMPLETE,702,0x8000af80,156
3107,SUBMIT,734,0x8000b780,0
3112,COMPLETE,703,0x8000afc0,159
3112,SUBMIT,735,0x8000b7c0,0
3117,COMPLETE,704,0x8000b000,159
3117,SUBMIT,736,0x8000b800,0
3122,COMPLETE,705,0x8000b040,159
3122,SUBMIT,737,0x8000b840,0
3127,COMPLETE,706,0x8000b080,159
3127,SUBMIT,738,0x8000b880,0
3132,COMPLETE,707,0x8000b0c0,159
3132,SUBMIT,739,0x8000b8c0,0
3137,COMPLETE,708,0x8000b100,159
3137,SUBMIT,740,0x8000b900,0
3142,COMPLETE,709,0x8000b140,159
3142,SUBMIT,741,0x8000b940,0
3147,COMPLETE,710,0x8000b180,159
3147,SUBMIT,742,0x8000b980,0
3152,COMPLETE,711,0x8000b1c0,159
3152,SUBMIT,743,0x8000b9c0,0
3157,COMPLETE,712,0x8000b200,159
3157,SUBMIT,744,0x8000ba00,0
3162,COMPLETE,713,0x8000b240,159
3162,SUBMIT,745,0x8000ba40,0
3167,COMPLETE,714,0x8000b280,159
3167,SUBMIT,746,0x8000ba80,0
3172,COMPLETE,715,0x8000b2c0,159
3172,SUBMIT,747,0x8000bac0,0
3177,COMPLETE,716,0x8000b300,159
3177,SUBMIT,748,0x8000bb00,0
3182,COMPLETE,717,0x8000b340,159
3182,SUBMIT,749,0x8000bb40,0
3187,COMPLETE,718,0x8000b380,159
3187,SUBMIT,750,0x8000bb80,0
3192,COMPLETE,719,0x8000b3c0,160
3192,SUBMIT,751,0x8000bbc0,0
3197,COMPLETE,720,0x8000b400,160
3197,SUBMIT,752,0x8000bc00,0
3202,COMPLETE,721,0x8000b440,160
3202,SUBMIT,753,0x8000bc40,0
3207,COMPLETE,722,0x8000b480,160
3207,SUBMIT,754,0x8000bc80,0
3212,COMPLETE,723,0x8000b4c0,160
3212,SUBMIT,755,0x8000bcc0,0
3217,COMPLETE,724,0x8000b500,160
3217,SUBMIT,756,0x8000bd00,0
3222,COMPLETE,725,0x8000b540,160
3222,SUBMIT,757,0x8000bd40,0
3227,COMPLETE,726,0x8000b580,160
3227,SUBMIT,758,0x8000bd80,0
3232,COMPLETE,727,0x8000b5c0,160
3232,SUBMIT,759,0x8000bdc0,0
3237,COMPLETE,728,0x8000b600,160
3237,SUBMIT,760,0x8000be00,0
3242,COMPLETE,729,0x8000b640,160
3242,SUBMIT,761,0x8000be40,0
3247,COMPLETE,730,0x8000b680,160
3247,SUBMIT,762,0x8000be80,0
3252,COMPLETE,731,0x8000b6c0,160
3252,SUBMIT,763,0x8000bec0,0
3257,COMPLETE,732,0x8000b700,160
3257,SUBMIT,764,0x8000bf00,0
3262,COMPLETE,733,0x8000b740,160
3262,SUBMIT,765,0x8000bf40,0
3267,COMPLETE,734,0x8000b780,160
3267,SUBMIT,766,0x8000bf80,0
3272,COMPLETE,735,0x8000b7c0,160
3272,SUBMIT,767,0x8000bfc0,0
3277,COMPLETE,736,0x8000b800,160
3277,SUBMIT,768,0x8000c000,0
3281,COMPLETE,737,0x8000b840,159
3281,SUBMIT,769,0x8000c040,0
3286,COMPLETE,738,0x8000b880,159
3286,SUBMIT,770,0x8000c080,0
3291,COMPLETE,739,0x8000b8c0,159
3291,SUBMIT,771,0x8000c0c0,0
3297,COMPLETE,740,0x8000b900,160
3297,SUBMIT,772,0x8000c100,0
3302,COMPLETE,741,0x8000b940,160
3302,SUBMIT,773,0x8000c140,0
3307,COMPLETE,742,0x8000b980,160
3307,SUBMIT,774,0x8000c180,0
3311,COMPLETE,768,0x8000c000,34
3314,COMPLETE,743,0x8000b9c0,162
3314,SUBMIT,775,0x8000c1c0,0
3317,COMPLETE,769,0x8000c040,36
3320,COMPLETE,744,0x8000ba00,163
3320,SUBMIT,776,0x8000c200,0
3324,COMPLETE,770,0x8000c080,38
3327,COMPLETE,745,0x8000ba40,165
3327,SUBMIT,777,0x8000c240,0
3330,COMPLETE,771,0x8000c0c0,39
3334,COMPLETE,746,0x8000ba80,167
3334,SUBMIT,778,0x8000c280,0
3337,COMPLETE,772,0x8000c100,40
3340,COMPLETE,747,0x8000bac0,168
3340,SUBMIT,779,0x8000c2c0,0
3344,COMPLETE,773,0x8000c140,42
3347,COMPLETE,748,0x8000bb00,170
3347,SUBMIT,780,0x8000c300,0
3350,COMPLETE,774,0x8000c180,43
3354,COMPLETE,749,0x8000bb40,172
3354,SUBMIT,781,0x8000c340,0
3357,COMPLETE,775,0x8000c1c0,43
3360,COMPLETE,750,0x8000bb80,173
3360,SUBMIT,782,0x8000c380,0
3364,COMPLETE,776,0x8000c200,44
3367,COMPLETE,751,0x8000bbc0,175
3367,SUBMIT,783,0x8000c3c0,0
3370,COMPLETE,777,0x8000c240,43
3374,COMPLETE,752,0x8000bc00,177
3374,SUBMIT,784,0x8000c400,0
3377,COMPLETE,778,0x8000c280,43
3380,COMPLETE,753,0x8000bc40,178
3380,SUBMIT,785,0x8000c440,0
3384,COMPLETE,779,0x8000c2c0,44
3387,COMPLETE,754,0x8000bc80,180
3387,SUBMIT,786,0x8000c480,0
3390,COMPLETE,780,0x8000c300,43
3394,COMPLETE,755,0x8000bcc0,182
3394,SUBMIT,787,0x8000c4c0,0
3397,COMPLETE,781,0x8000c340,43
3400,COMPLETE,756,0x8000bd00,183
3400,SUBMIT,788,0x8000c500,0
3403,COMPLETE,782,0x8000c380,43
3407,COMPLETE,757,0x8000bd40,185
3407,SUBMIT,789,0x8000c540,0
3410,COMPLETE,783,0x8000c3c0,43
3413,COMPLETE,758,0x8000bd80,186
3413,SUBMIT,790,0x8000c580,0
3417,COMPLETE,784,0x8000c400,43
3420,COMPLETE,759,0x8000bdc0,188
3420,SUBMIT,791,0x8000c5c0,0
3423,COMPLETE,785,0x8000c440,43
3427,COMPLETE,760,0x8000be00,190
3427,SUBMIT,792,0x8000c600,0
3430,COMPLETE,786,0x8000c480,43
3433,COMPLETE,761,0x8000be40,191
3433,SUBMIT,793,0x8000c640,0
3437,COMPLETE,787,0x8000c4c0,43
3440,COMPLETE,762,0x8000be80,193
3440,SUBMIT,794,0x8000c680,0
3443,COMPLETE,788,0x8000c500,43
3447,COMPLETE,763,0x8000bec0,195
3447,SUBMIT,795,0x8000c6c0,0
3450,COMPLETE,789,0x8000c540,43
3453,COMPLETE,764,0x8000bf00,196
3453,SUBMIT,796,0x8000c700,0
3457,COMPLETE,790,0x8000c580,44
3460,COMPLETE,765,0x8000bf40,198
3460,SUBMIT,797,0x8000c740,0
3463,COMPLETE,791,0x8000c5c0,43
3467,COMPLETE,766,0x8000bf80,200
3467,SUBMIT,798,0x8000c780,0
3470,COMPLETE,792,0x8000c600,43
3473,COMPLETE,767,0x8000bfc0,201
3473,SUBMIT,799,0x8000c7c0,0
3474,SUBMIT,800,0x8000c800,0
3475,SUBMIT,801,0x8000c840,0
3476,SUBMIT,802,0x8000c880,0
3477,COMPLETE,793,0x8000c640,44
3477,SUBMIT,803,0x8000c8c0,0
3478,SUBMIT,804,0x8000c900,0
3479,SUBMIT,805,0x8000c940,0
3480,SUBMIT,806,0x8000c980,0
3481,SUBMIT,807,0x8000c9c0,0
3482,COMPLETE,794,0x8000c680,42
3482,SUBMIT,808,0x8000ca00,0
3483,SUBMIT,809,0x8000ca40,0
3484,SUBMIT,810,0x8000ca80,0
3485,SUBMIT,811,0x8000cac0,0
3486,COMPLETE,795,0x8000c6c0,39
3486,SUBMIT,812,0x8000cb00,0
3487,SUBMIT,813,0x8000cb40,0
3488,SUBMIT,814,0x8000cb80,0
3489,SUBMIT,815,0x8000cbc0,0
3490,SUBMIT,816,0x8000cc00,0
3491,COMPLETE,796,0x8000c700,38
3491,SUBMIT,817,0x8000cc40,0
3492,SUBMIT,818,0x8000cc80,0
3493,SUBMIT,819,0x8000ccc0,0
3494,SUBMIT,820,0x8000cd00,0
3495,SUBMIT,821,0x8000cd40,0
3496,COMPLETE,797,0x8000c740,36
3496,SUBMIT,822,0x8000cd80,0
3497,SUBMIT,823,0x8000cdc0,0
3498,SUBMIT,824,0x8000ce00,0
3499,SUBMIT,825,0x8000ce40,0
3500,SUBMIT,826,0x8000ce80,0
3501,COMPLETE,798,0x8000c780,34
3501,SUBMIT,827,0x8000cec0,0
3502,SUBMIT,828,0x8000cf00,0
3503,SUBMIT,829,0x8000cf40,0
3504,SUBMIT,830,0x8000cf80,0
3506,COMPLETE,799,0x8000c7c0,33
3506,SUBMIT,831,0x8000cfc0,0
3511,COMPLETE,800,0x8000c800,37
3511,SUBMIT,832,0x8000d000,0
3516,COMPLETE,801,0x8000c840,41
3516,SUBMIT,833,0x8000d040,0
3521,COMPLETE,802,0x8000c880,45
3521,SUBMIT,834,0x8000d080,0
3526,COMPLETE,803,0x8000c8c0,49
3526,SUBMIT,835,0x8000d0c0,0
3531,COMPLETE,804,0x8000c900,53
3531,SUBMIT,836,0x8000d100,0
3536,COMPLETE,805,0x8000c940,57
3536,SUBMIT,837,0x8000d140,0
3541,COMPLETE,806,0x8000c980,61
3541,SUBMIT,838,0x8000d180,0
3546,COMPLETE,807,0x8000c9c0,65
3546,SUBMIT,839,0x8000d1c0,0
3551,COMPLETE,808,0x8000ca00,69
3551,SUBMIT,840,0x8000d200,0
3556,COMPLETE,809,0x8000ca40,73
3556,SUBMIT,841,0x8000d240,0
3561,COMPLETE,810,0x8000ca80,77
3561,SUBMIT,842,0x8000d280,0
3566,COMPLETE,811,0x8000cac0,81
3566,SUBMIT,843,0x8000d2c0,0
3571,COMPLETE,812,0x8000cb00,85
3571,SUBMIT,844,0x8000d300,0
3576,COMPLETE,813,0x8000cb40,89
3576,SUBMIT,845,0x8000d340,0
3581,COMPLETE,814,0x8000cb80,93
3581,SUBMIT,846,0x8000d380,0
3586,COMPLETE,815,0x8000cbc0,97
3586,SUBMIT,847,0x8000d3c0,0
3591,COMPLETE,816,0x8000cc00,101
3591,SUBMIT,848,0x8000d400,0
3596,COMPLETE,817,0x8000cc40,105
3596,SUBMIT,849,0x8000d440,0
3601,COMPLETE,818,0x8000cc80,109
3601,SUBMIT,850,0x8000d480,0
3606,COMPLETE,819,0x8000ccc0,113
3606,SUBMIT,851,0x8000d4c0,0
3611,COMPLETE,820,0x8000cd00,117
3611,SUBMIT,852,0x8000d500,0
3616,COMPLETE,821,0x8000cd40,121
3616,SUBMIT,853,0x8000d540,0
3621,COMPLETE,822,0x8000cd80,125
3621,SUBMIT,854,0x8000d580,0
3626,COMPLETE,823,0x8000cdc0,129
3626,SUBMIT,855,0x8000d5c0,0
3631,COMPLETE,824,0x8000ce00,133
3631,SUBMIT,856,0x8000d600,0
3636,COMPLETE,825,0x8000ce40,137
3636,SUBMIT,857,0x8000d640,0
3641,COMPLETE,826,0x8000ce80,141
3641,SUBMIT,858,0x8000d680,0
3646,COMPLETE,827,0x8000cec0,145
3646,SUBMIT,859,0x8000d6c0,0
3651,COMPLETE,828,0x8000cf00,149
3651,SUBMIT,860,0x8000d700,0
3656,COMPLETE,829,0x8000cf40,153
3656,SUBMIT,861,0x8000d740,0
3661,COMPLETE,830,0x8000cf80,157
3661,SUBMIT,862,0x8000d780,0
3666,COMPLETE,831,0x8000cfc0,160
3666,SUBMIT,863,0x8000d7c0,0
3671,COMPLETE,832,0x8000d000,160
3671,SUBMIT,864,0x8000d800,0
3676,COMPLETE,833,0x8000d040,160
3676,SUBMIT,865,0x8000d840,0
3681,COMPLETE,834,0x8000d080,160
3681,SUBMIT,866,0x8000d880,0
3686,COMPLETE,835,0x8000d0c0,160
3686,SUBMIT,867,0x8000d8c0,0
3691,COMPLETE,836,0x8000d100,160
3691,SUBMIT,868,0x8000d900,0
3696,COMPLETE,837,0x8000d140,160
3696,SUBMIT,869,0x8000d940,0
3701,COMPLETE,838,0x8000d180,160
3701,SUBMIT,870,0x8000d980,0
3706,COMPLETE,839,0x8000d1c0,160
3706,SUBMIT,871,0x8000d9c0,0
3711,COMPLETE,840,0x8000d200,160
3711,SUBMIT,872,0x8000da00,0
3716,COMPLETE,841,0x8000d240,160
3716,SUBMIT,873,0x8000da40,0
3721,COMPLETE,842,0x8000d280,160
3721,SUBMIT,874,0x8000da80,0
3726,COMPLETE,843,0x8000d2c0,160
3726,SUBMIT,875,0x8000dac0,0
3731,COMPLETE,844,0x8000d300,160
3731,SUBMIT,876,0x8000db00,0
3735,COMPLETE,845,0x8000d340,159
3735,SUBMIT,877,0x8000db40,0
3740,COMPLETE,846,0x8000d380,159
3740,SUBMIT,878,0x8000db80,0
3745,COMPLETE,847,0x8000d3c0,159
3745,SUBMIT,879,0x8000dbc0,0
3750,COMPLETE,848,0x8000d400,159
3750,SUBMIT,880,0x8000dc00,0
3755,COMPLETE,849,0x8000d440,159
3755,SUBMIT,881,0x8000dc40,0
3760,COMPLETE,850,0x8000d480,159
3760,SUBMIT,882,0x8000dc80,0
3765,COMPLETE,851,0x8000d4c0,159
3765,SUBMIT,883,0x8000dcc0,0
3770,COMPLETE,852,0x8000d500,159
3770,SUBMIT,884,0x8000dd00,0
3775,COMPLETE,853,0x8000d540,159
3775,SUBMIT,885,0x8000dd40,0
3780,COMPLETE,854,0x8000d580,159
3780,SUBMIT,886,0x8000dd80,0
3785,COMPLETE,855,0x8000d5c0,159
3785,SUBMIT,887,0x8000ddc0,0
3790,COMPLETE,856,0x8000d600,159
3790,SUBMIT,888,0x8000de00,0
3795,COMPLETE,857,0x8000d640,159
3795,SUBMIT,889,0x8000de40,0
3800,COMPLETE,858,0x8000d680,159
3800,SUBMIT,890,0x8000de80,0
3805,COMPLETE,859,0x8000d6c0,159
3805,SUBMIT,891,0x8000dec0,0
3810,COMPLETE,860,0x8000d700,159
3810,SUBMIT,892,0x8000df00,0
3815,COMPLETE,861,0x8000d740,159
3815,SUBMIT,893,0x8000df40,0
3820,COMPLETE,862,0x8000d780,159
3820,SUBMIT,894,0x8000df80,0
3825,COMPLETE,863,0x8000d7c0,159
3825,SUBMIT,895,0x8000dfc0,0
3830,COMPLETE,864,0x8000d800,159
3830,SUBMIT,896,0x8000e000,0
3835,COMPLETE,865,0x8000d840,159
3835,SUBMIT,897,0x8000e040,0
3840,COMPLETE,866,0x8000d880,159
3840,SUBMIT,898,0x8000e080,0
3845,COMPLETE,867,0x8000d8c0,159
3845,SUBMIT,899,0x8000e0c0,0
3850,COMPLETE,868,0x8000d900,159
3850,SUBMIT,900,0x8000e100,0
3855,COMPLETE,869,0x8000d940,159
3855,SUBMIT,901,0x8000e140,0
3860,COMPLETE,870,0x8000d980,159
3860,SUBMIT,902,0x8000e180,0
3863,COMPLETE,896,0x8000e000,33
3867,COMPLETE,871,0x8000d9c0,161
3867,SUBMIT,903,0x8000e1c0,0
3870,COMPLETE,897,0x8000e040,35
3873,COMPLETE,872,0x8000da00,162
3873,SUBMIT,904,0x8000e200,0
3877,COMPLETE,898,0x8000e080,37
3880,COMPLETE,873,0x8000da40,164
3880,SUBMIT,905,0x8000e240,0
3883,COMPLETE,899,0x8000e0c0,38
3887,COMPLETE,874,0x8000da80,166
3887,SUBMIT,906,0x8000e280,0
3890,COMPLETE,900,0x8000e100,40
3893,COMPLETE,875,0x8000dac0,167
3893,SUBMIT,907,0x8000e2c0,0
3897,COMPLETE,901,0x8000e140,42
3900,COMPLETE,876,0x8000db00,169
3900,SUBMIT,908,0x8000e300,0
4286,COMPLETE,902,0x8000e180,426
4289,COMPLETE,877,0x8000db40,554
4289,SUBMIT,909,0x8000e340,0
4292,COMPLETE,903,0x8000e1c0,425
4296,COMPLETE,878,0x8000db80,556
4296,SUBMIT,910,0x8000e380,0
4299,COMPLETE,904,0x8000e200,426
4302,COMPLETE,879,0x8000dbc0,557
4302,SUBMIT,911,0x8000e3c0,0
4306,COMPLETE,905,0x8000e240,426
4309,COMPLETE,880,0x8000dc00,559
4309,SUBMIT,912,0x8000e400,0
4312,COMPLETE,906,0x8000e280,425
4316,COMPLETE,881,0x8000dc40,561
4316,SUBMIT,913,0x8000e440,0
4319,COMPLETE,907,0x8000e2c0,426
4322,COMPLETE,882,0x8000dc80,562
4322,SUBMIT,914,0x8000e480,0
4326,COMPLETE,908,0x8000e300,426
4329,COMPLETE,883,0x8000dcc0,564
4329,SUBMIT,915,0x8000e4c0,0
4332,COMPLETE,909,0x8000e340,43
4336,COMPLETE,884,0x8000dd00,566
4336,SUBMIT,916,0x8000e500,0
4339,COMPLETE,910,0x8000e380,43
4342,COMPLETE,885,0x8000dd40,567
4342,SUBMIT,917,0x8000e540,0
4346,COMPLETE,911,0x8000e3c0,44
4349,COMPLETE,886,0x8000dd80,569
4349,SUBMIT,918,0x8000e580,0
4352,COMPLETE,912,0x8000e400,43
4356,COMPLETE,887,0x8000ddc0,571
4356,SUBMIT,919,0x8000e5c0,0
4359,COMPLETE,913,0x8000e440,43
4362,COMPLETE,888,0x8000de00,572
4362,SUBMIT,920,0x8000e600,0
4365,COMPLETE,914,0x8000e480,43
4369,COMPLETE,889,0x8000de40,574
4369,SUBMIT,921,0x8000e640,0
4372,COMPLETE,915,0x8000e4c0,43
4375,COMPLETE,890,0x8000de80,575
4375,SUBMIT,922,0x8000e680,0
4379,COMPLETE,916,0x8000e500,43
4382,COMPLETE,891,0x8000dec0,577
4382,SUBMIT,923,0x8000e6c0,0
4385,COMPLETE,917,0x8000e540,43
4389,COMPLETE,892,0x8000df00,579
4389,SUBMIT,924,0x8000e700,0
4392,COMPLETE,918,0x8000e580,43
4395,COMPLETE,893,0x8000df40,580
4395,SUBMIT,925,0x8000e740,0
4399,COMPLETE,919,0x8000e5c0,43
4402,COMPLETE,894,0x8000df80,582
4402,SUBMIT,926,0x8000e780,0
4405,COMPLETE,920,0x8000e600,43
4409,COMPLETE,895,0x8000dfc0,584
4409,SUBMIT,927,0x8000e7c0,0
4410,SUBMIT,928,0x8000e800,0
4411,SUBMIT,929,0x8000e840,0
4412,COMPLETE,921,0x8000e640,43
4412,SUBMIT,930,0x8000e880,0
4413,SUBMIT,931,0x8000e8c0,0
4414,SUBMIT,932,0x8000e900,0
4415,SUBMIT,933,0x8000e940,0
4416,SUBMIT,934,0x8000e980,0
4417,COMPLETE,922,0x8000e680,42
4417,SUBMIT,935,0x8000e9c0,0
4418,SUBMIT,936,0x8000ea00,0
4419,SUBMIT,937,0x8000ea40,0
4420,SUBMIT,938,0x8000ea80,0
4421,SUBMIT,939,0x8000eac0,0
4422,COMPLETE,923,0x8000e6c0,40
4422,SUBMIT,940,0x8000eb00,0
4423,SUBMIT,941,0x8000eb40,0
4424,SUBMIT,942,0x8000eb80,0
4425,SUBMIT,943,0x8000ebc0,0
4426,SUBMIT,944,0x8000ec00,0
4427,COMPLETE,924,0x8000e700,38
4427,SUBMIT,945,0x8000ec40,0
4428,SUBMIT,946,0x8000ec80,0
4429,SUBMIT,947,0x8000ecc0,0
4430,SUBMIT,948,0x8000ed00,0
4431,SUBMIT,949,0x8000ed40,0
4432,COMPLETE,925,0x8000e740,37
4432,SUBMIT,950,0x8000ed80,0
4433,SUBMIT,951,0x8000edc0,0
4434,SUBMIT,952,0x8000ee00,0
4435,SUBMIT,953,0x8000ee40,0
4436,SUBMIT,954,0x8000ee80,0
4437,COMPLETE,926,0x8000e780,35
4437,SUBMIT,955,0x8000eec0,0
4438,SUBMIT,956,0x8000ef00,0
4439,SUBMIT,957,0x8000ef40,0
4440,SUBMIT,958,0x8000ef80,0
4442,COMPLETE,927,0x8000e7c0,33
4442,SUBMIT,959,0x8000efc0,0
4447,COMPLETE,928,0x8000e800,37
4447,SUBMIT,960,0x8000f000,0
4452,COMPLETE,929,0x8000e840,41
4452,SUBMIT,961,0x8000f040,0
4457,COMPLETE,930,0x8000e880,45
4457,SUBMIT,962,0x8000f080,0
4462,COMPLETE,931,0x8000e8c0,49
4462,SUBMIT,963,0x8000f0c0,0
4467,COMPLETE,932,0x8000e900,53
4467,SUBMIT,964,0x8000f100,0
4472,COMPLETE,933,0x8000e940,57
4472,SUBMIT,965,0x8000f140,0
4477,COMPLETE,934,0x8000e980,61
4477,SUBMIT,966,0x8000f180,0
4482,COMPLETE,935,0x8000e9c0,65
4482,SUBMIT,967,0x8000f1c0,0
4487,COMPLETE,936,0x8000ea00,69
4487,SUBMIT,968,0x8000f200,0
4492,COMPLETE,937,0x8000ea40,73
4492,SUBMIT,969,0x8000f240,0
4497,COMPLETE,938,0x8000ea80,77
4497,SUBMIT,970,0x8000f280,0
4502,COMPLETE,939,0x8000eac0,81
4502,SUBMIT,971,0x8000f2c0,0
4507,COMPLETE,940,0x8000eb00,85
4507,SUBMIT,972,0x8000f300,0
4512,COMPLETE,941,0x8000eb40,89
4512,SUBMIT,973,0x8000f340,0
4517,COMPLETE,942,0x8000eb80,93
4517,SUBMIT,974,0x8000f380,0
4522,COMPLETE,943,0x8000ebc0,97
4522,SUBMIT,975,0x8000f3c0,0
4526,COMPLETE,944,0x8000ec00,100
4526,SUBMIT,976,0x8000f400,0
4531,COMPLETE,945,0x8000ec40,104
4531,SUBMIT,977,0x8000f440,0
4536,COMPLETE,946,0x8000ec80,108
4536,SUBMIT,978,0x8000f480,0
4541,COMPLETE,947,0x8000ecc0,112
4541,SUBMIT,979,0x8000f4c0,0
4546,COMPLETE,948,0x8000ed00,116
4546,SUBMIT,980,0x8000f500,0
4551,COMPLETE,949,0x8000ed40,120
4551,SUBMIT,981,0x8000f540,0
4556,COMPLETE,950,0x8000ed80,124
4556,SUBMIT,982,0x8000f580,0
4561,COMPLETE,951,0x8000edc0,128
4561,SUBMIT,983,0x8000f5c0,0
4566,COMPLETE,952,0x8000ee00,132
4566,SUBMIT,984,0x8000f600,0
4571,COMPLETE,953,0x8000ee40,136
4571,SUBMIT,985,0x8000f640,0
4576,COMPLETE,954,0x8000ee80,140
4576,SUBMIT,986,0x8000f680,0
4581,COMPLETE,955,0x8000eec0,144
4581,SUBMIT,987,0x8000f6c0,0
4586,COMPLETE,956,0x8000ef00,148
4586,SUBMIT,988,0x8000f700,0
4591,COMPLETE,957,0x8000ef40,152
4591,SUBMIT,989,0x8000f740,0
4596,COMPLETE,958,0x8000ef80,156
4596,SUBMIT,990,0x8000f780,0
4601,COMPLETE,959,0x8000efc0,159
4601,SUBMIT,991,0x8000f7c0,0
4606,COMPLETE,960,0x8000f000,159
4606,SUBMIT,992,0x8000f800,0
4611,COMPLETE,961,0x8000f040,159
4611,SUBMIT,993,0x8000f840,0
4616,COMPLETE,962,0x8000f080,159
4616,SUBMIT,994,0x8000f880,0
4621,COMPLETE,963,0x8000f0c0,159
4621,SUBMIT,995,0x8000f8c0,0
4626,COMPLETE,964,0x8000f100,159
4626,SUBMIT,996,0x8000f900,0
4631,COMPLETE,965,0x8000f140,159
4631,SUBMIT,997,0x8000f940,0
4636,COMPLETE,966,0x8000f180,159
4636,SUBMIT,998,0x8000f980,0
4641,COMPLETE,967,0x8000f1c0,159
4641,SUBMIT,999,0x8000f9c0,0
4646,COMPLETE,968,0x8000f200,159
4646,SUBMIT,1000,0x8000fa00,0
4651,COMPLETE,969,0x8000f240,159
4651,SUBMIT,1001,0x8000fa40,0
4656,COMPLETE,970,0x8000f280,159
4656,SUBMIT,1002,0x8000fa80,0
4661,COMPLETE,971,0x8000f2c0,159
4661,SUBMIT,1003,0x8000fac0,0
4666,COMPLETE,972,0x8000f300,159
4666,SUBMIT,1004,0x8000fb00,0
4671,COMPLETE,973,0x8000f340,159
4671,SUBMIT,1005,0x8000fb40,0
4676,COMPLETE,974,0x8000f380,159
4676,SUBMIT,1006,0x8000fb80,0
4681,COMPLETE,975,0x8000f3c0,159
4681,SUBMIT,1007,0x8000fbc0,0
4686,COMPLETE,976,0x8000f400,160
4686,SUBMIT,1008,0x8000fc00,0
4691,COMPLETE,977,0x8000f440,160
4691,SUBMIT,1009,0x8000fc40,0
4696,COMPLETE,978,0x8000f480,160
4696,SUBMIT,1010,0x8000fc80,0
4701,COMPLETE,979,0x8000f4c0,160
4701,SUBMIT,1011,0x8000fcc0,0
4706,COMPLETE,980,0x8000f500,160
4706,SUBMIT,1012,0x8000fd00,0
4711,COMPLETE,981,0x8000f540,160
4711,SUBMIT,1013,0x8000fd40,0
4716,COMPLETE,982,0x8000f580,160
4716,SUBMIT,1014,0x8000fd80,0
4721,COMPLETE,983,0x8000f5c0,160
4721,SUBMIT,1015,0x8000fdc0,0
4726,COMPLETE,984,0x8000f600,160
4726,SUBMIT,1016,0x8000fe00,0
4731,COMPLETE,985,0x8000f640,160
4731,SUBMIT,1017,0x8000fe40,0
4736,COMPLETE,986,0x8000f680,160
4736,SUBMIT,1018,0x8000fe80,0
4741,COMPLETE,987,0x8000f6c0,160
4741,SUBMIT,1019,0x8000fec0,0
4746,COMPLETE,988,0x8000f700,160
4746,SUBMIT,1020,0x8000ff00,0
4751,COMPLETE,989,0x8000f740,160
4751,SUBMIT,1021,0x8000ff40,0
4756,COMPLETE,990,0x8000f780,160
4756,SUBMIT,1022,0x8000ff80,0
4761,COMPLETE,991,0x8000f7c0,160
4761,SUBMIT,1023,0x8000ffc0,0
4766,COMPLETE,992,0x8000f800,160
4766,SUBMIT,1024,0x80010000,0
4771,COMPLETE,993,0x8000f840,160
4771,SUBMIT,1025,0x80010040,0
4775,COMPLETE,994,0x8000f880,159
4775,SUBMIT,1026,0x80010080,0
4780,COMPLETE,995,0x8000f8c0,159
4780,SUBMIT,1027,0x800100c0,0
4786,COMPLETE,996,0x8000f900,160
4786,SUBMIT,1028,0x80010100,0
4791,COMPLETE,997,0x8000f940,160
4791,SUBMIT,1029,0x80010140,0
4796,COMPLETE,998,0x8000f980,160
4796,SUBMIT,1030,0x80010180,0
4800,COMPLETE,1024,0x80010000,34
4803,COMPLETE,999,0x8000f9c0,162
4803,SUBMIT,1031,0x800101c0,0
4806,COMPLETE,1025,0x80010040,35
4810,COMPLETE,1000,0x8000fa00,164
4810,SUBMIT,1032,0x80010200,0
4813,COMPLETE,1026,0x80010080,38
4816,COMPLETE,1001,0x8000fa40,165
4816,SUBMIT,1033,0x80010240,0
4819,COMPLETE,1027,0x800100c0,39
4823,COMPLETE,1002,0x8000fa80,167
4823,SUBMIT,1034,0x80010280,0
4826,COMPLETE,1028,0x80010100,40
4829,COMPLETE,1003,0x8000fac0,168
4829,SUBMIT,1035,0x800102c0,0
4833,COMPLETE,1029,0x80010140,42
4836,COMPLETE,1004,0x8000fb00,170
4836,SUBMIT,1036,0x80010300,0
4839,COMPLETE,1030,0x80010180,43
4843,COMPLETE,1005,0x8000fb40,172
4843,SUBMIT,1037,0x80010340,0
4846,COMPLETE,1031,0x800101c0,43
4849,COMPLETE,1006,0x8000fb80,173
4849,SUBMIT,1038,0x80010380,0
4853,COMPLETE,1032,0x80010200,43
4856,COMPLETE,1007,0x8000fbc0,175
4856,SUBMIT,1039,0x800103c0,0
4859,COMPLETE,1033,0x80010240,43
4863,COMPLETE,1008,0x8000fc00,177
4863,SUBMIT,1040,0x80010400,0
4866,COMPLETE,1034,0x80010280,43
4869,COMPLETE,1009,0x8000fc40,178
4869,SUBMIT,1041,0x80010440,0
4873,COMPLETE,1035,0x800102c0,44
4876,COMPLETE,1010,0x8000fc80,180
4876,SUBMIT,1042,0x80010480,0
4879,COMPLETE,1036,0x80010300,43
4883,COMPLETE,1011,0x8000fcc0,182
4883,SUBMIT,1043,0x800104c0,0
4886,COMPLETE,1037,0x80010340,43
4889,COMPLETE,1012,0x8000fd00,183
4889,SUBMIT,1044,0x80010500,0
4893,COMPLETE,1038,0x80010380,44
4896,COMPLETE,1013,0x8000fd40,185
4896,SUBMIT,1045,0x80010540,0
4899,COMPLETE,1039,0x800103c0,43
4902,COMPLETE,1014,0x8000fd80,186
4902,SUBMIT,1046,0x80010580,0
4906,COMPLETE,1040,0x80010400,43
4909,COMPLETE,1015,0x8000fdc0,188
4909,SUBMIT,1047,0x800105c0,0
4912,COMPLETE,1041,0x80010440,43
4916,COMPLETE,1016,0x8000fe00,190
4916,SUBMIT,1048,0x80010600,0
4919,COMPLETE,1042,0x80010480,43
4922,COMPLETE,1017,0x8000fe40,191
4922,SUBMIT,1049,0x80010640,0
4926,COMPLETE,1043,0x800104c0,43
4929,COMPLETE,1018,0x8000fe80,193
4929,SUBMIT,1050,0x80010680,0
4932,COMPLETE,1044,0x80010500,43
4936,COMPLETE,1019,0x8000fec0,195
4936,SUBMIT,1051,0x800106c0,0
4939,COMPLETE,1045,0x80010540,43
4942,COMPLETE,1020,0x8000ff00,196
4942,SUBMIT,1052,0x80010700,0
4946,COMPLETE,1046,0x80010580,44
4949,COMPLETE,1021,0x8000ff40,198
4949,SUBMIT,1053,0x80010740,0
4952,COMPLETE,1047,0x800105c0,43
4956,COMPLETE,1022,0x8000ff80,200
4956,SUBMIT,1054,0x80010780,0
4959,COMPLETE,1048,0x80010600,43
4962,COMPLETE,1023,0x8000ffc0,201
4962,SUBMIT,1055,0x800107c0,0
4963,SUBMIT,1056,0x80010800,0
4964,SUBMIT,1057,0x80010840,0
4965,SUBMIT,1058,0x80010880,0
4966,COMPLETE,1049,0x80010640,44
4966,SUBMIT,1059,0x800108c0,0
4967,SUBMIT,1060,0x80010900,0
4968,SUBMIT,1061,0x80010940,0
4969,SUBMIT,1062,0x80010980,0
4970,SUBMIT,1063,0x800109c0,0
4971,COMPLETE,1050,0x80010680,42
4971,SUBMIT,1064,0x80010a00,0
4972,SUBMIT,1065,0x80010a40,0
4973,SUBMIT,1066,0x80010a80,0
4974,SUBMIT,1067,0x80010ac0,0
4975,SUBMIT,1068,0x80010b00,0
4976,COMPLETE,1051,0x800106c0,40
4976,SUBMIT,1069,0x80010b40,0
4977,SUBMIT,1070,0x80010b80,0
4978,SUBMIT,1071,0x80010bc0,0
4979,SUBMIT,1072,0x80010c00,0
4980,COMPLETE,1052,0x80010700,38
4980,SUBMIT,1073,0x80010c40,0
4981,SUBMIT,1074,0x80010c80,0
4982,SUBMIT,1075,0x80010cc0,0
4983,SUBMIT,1076,0x80010d00,0
4984,SUBMIT,1077,0x80010d40,0
4985,COMPLETE,1053,0x80010740,36
4985,SUBMIT,1078,0x80010d80,0
4986,SUBMIT,1079,0x80010dc0,0
4987,SUBMIT,1080,0x80010e00,0
4988,SUBMIT,1081,0x80010e40,0
4989,SUBMIT,1082,0x80010e80,0
4990,COMPLETE,1054,0x80010780,34
4990,SUBMIT,1083,0x80010ec0,0
4991,SUBMIT,1084,0x80010f00,0
4992,SUBMIT,1085,0x80010f40,0
4993,SUBMIT,1086,0x80010f80,0
4995,COMPLETE,1055,0x800107c0,33
4995,SUBMIT,1087,0x80010fc0,0
5000,COMPLETE,1056,0x80010800,37
5000,SUBMIT,1088,0x80011000,0
5005,COMPLETE,1057,0x80010840,41
5005,SUBMIT,1089,0x80011040,0
5010,COMPLETE,1058,0x80010880,45
5010,SUBMIT,1090,0x80011080,0
5015,COMPLETE,1059,0x800108c0,49
5015,SUBMIT,1091,0x800110c0,0
5020,COMPLETE,1060,0x80010900,53
5020,SUBMIT,1092,0x80011100,0
5025,COMPLETE,1061,0x80010940,57
5025,SUBMIT,1093,0x80011140,0
5030,COMPLETE,1062,0x80010980,61
5030,SUBMIT,1094,0x80011180,0
5035,COMPLETE,1063,0x800109c0,65
5035,SUBMIT,1095,0x800111c0,0
5040,COMPLETE,1064,0x80010a00,69
5040,SUBMIT,1096,0x80011200,0
5045,COMPLETE,1065,0x80010a40,73
5045,SUBMIT,1097,0x80011240,0
5050,COMPLETE,1066,0x80010a80,77
5050,SUBMIT,1098,0x80011280,0
5055,COMPLETE,1067,0x80010ac0,81
5055,SUBMIT,1099,0x800112c0,0
5060,COMPLETE,1068,0x80010b00,85
5060,SUBMIT,1100,0x80011300,0
5065,COMPLETE,1069,0x80010b40,89
5065,SUBMIT,1101,0x80011340,0
5070,COMPLETE,1070,0x80010b80,93
5070,SUBMIT,1102,0x80011380,0
5075,COMPLETE,1071,0x80010bc0,97
5075,SUBMIT,1103,0x800113c0,0
5080,COMPLETE,1072,0x80010c00,101
5080,SUBMIT,1104,0x80011400,0
5085,COMPLETE,1073,0x80010c40,105
5085,SUBMIT,1105,0x80011440,0
5090,COMPLETE,1074,0x80010c80,109
5090,SUBMIT,1106,0x80011480,0
5095,COMPLETE,1075,0x80010cc0,113
5095,SUBMIT,1107,0x800114c0,0
5100,COMPLETE,1076,0x80010d00,117
5100,SUBMIT,1108,0x80011500,0
5105,COMPLETE,1077,0x80010d40,121
5105,SUBMIT,1109,0x80011540,0
5110,COMPLETE,1078,0x80010d80,125
5110,SUBMIT,1110,0x80011580,0
5115,COMPLETE,1079,0x80010dc0,129
5115,SUBMIT,1111,0x800115c0,0
5120,COMPLETE,1080,0x80010e00,133
5120,SUBMIT,1112,0x80011600,0
5125,COMPLETE,1081,0x80010e40,137
5125,SUBMIT,1113,0x80011640,0
5130,COMPLETE,1082,0x80010e80,141
5130,SUBMIT,1114,0x80011680,0
5135,COMPLETE,1083,0x80010ec0,145
5135,SUBMIT,1115,0x800116c0,0
5140,COMPLETE,1084,0x80010f00,149
5140,SUBMIT,1116,0x80011700,0
5145,COMPLETE,1085,0x80010f40,153
5145,SUBMIT,1117,0x80011740,0
5150,COMPLETE,1086,0x80010f80,157
5150,SUBMIT,1118,0x80011780,0
5155,COMPLETE,1087,0x80010fc0,160
5155,SUBMIT,1119,0x800117c0,0
5160,COMPLETE,1088,0x80011000,160
5160,SUBMIT,1120,0x80011800,0
5165,COMPLETE,1089,0x80011040,160
5165,SUBMIT,1121,0x80011840,0
5170,COMPLETE,1090,0x80011080,160
5170,SUBMIT,1122,0x80011880,0
5175,COMPLETE,1091,0x800110c0,160
5175,SUBMIT,1123,0x800118c0,0
5180,COMPLETE,1092,0x80011100,160
5180,SUBMIT,1124,0x80011900,0
5185,COMPLETE,1093,0x80011140,160
5185,SUBMIT,1125,0x80011940,0
5190,COMPLETE,1094,0x80011180,160
5190,SUBMIT,1126,0x80011980,0
5195,COMPLETE,1095,0x800111c0,160
5195,SUBMIT,1127,0x800119c0,0
5200,COMPLETE,1096,0x80011200,160
5200,SUBMIT,1128,0x80011a00,0
5205,COMPLETE,1097,0x80011240,160
5205,SUBMIT,1129,0x80011a40,0
5210,COMPLETE,1098,0x80011280,160
5210,SUBMIT,1130,0x80011a80,0
5215,COMPLETE,1099,0x800112c0,160
5215,SUBMIT,1131,0x80011ac0,0
5220,COMPLETE,1100,0x80011300,160
5220,SUBMIT,1132,0x80011b00,0
5225,COMPLETE,1101,0x80011340,160
5225,SUBMIT,1133,0x80011b40,0
5229,COMPLETE,1102,0x80011380,159
5229,SUBMIT,1134,0x80011b80,0
5234,COMPLETE,1103,0x800113c0,159
5234,SUBMIT,1135,0x80011bc0,0
5239,COMPLETE,1104,0x80011400,159
5239,SUBMIT,1136,0x80011c00,0
5244,COMPLETE,1105,0x80011440,159
5244,SUBMIT,1137,0x80011c40,0
5249,COMPLETE,1106,0x80011480,159
5249,SUBMIT,1138,0x80011c80,0
5254,COMPLETE,1107,0x800114c0,159
5254,SUBMIT,1139,0x80011cc0,0
5259,COMPLETE,1108,0x80011500,159
5259,SUBMIT,1140,0x80011d00,0
5264,COMPLETE,1109,0x80011540,159
5264,SUBMIT,1141,0x80011d40,0
5269,COMPLETE,1110,0x80011580,159
5269,SUBMIT,1142,0x80011d80,0
5274,COMPLETE,1111,0x800115c0,159
5274,SUBMIT,1143,0x80011dc0,0
5279,COMPLETE,1112,0x80011600,159
5279,SUBMIT,1144,0x80011e00,0
5284,COMPLETE,1113,0x80011640,159
5284,SUBMIT,1145,0x80011e40,0
5289,COMPLETE,1114,0x80011680,159
5289,SUBMIT,1146,0x80011e80,0
5294,COMPLETE,1115,0x800116c0,159
5294,SUBMIT,1147,0x80011ec0,0
5299,COMPLETE,1116,0x80011700,159
5299,SUBMIT,1148,0x80011f00,0
5304,COMPLETE,1117,0x80011740,159
5304,SUBMIT,1149,0x80011f40,0
5309,COMPLETE,1118,0x80011780,159
5309,SUBMIT,1150,0x80011f80,0
5314,COMPLETE,1119,0x800117c0,159
5314,SUBMIT,1151,0x80011fc0,0
5319,COMPLETE,1120,0x80011800,159
5319,SUBMIT,1152,0x80012000,0
5324,COMPLETE,1121,0x80011840,159
5324,SUBMIT,1153,0x80012040,0
5329,COMPLETE,1122,0x80011880,159
5329,SUBMIT,1154,0x80012080,0
5334,COMPLETE,1123,0x800118c0,159
5334,SUBMIT,1155,0x800120c0,0
5339,COMPLETE,1124,0x80011900,159
5339,SUBMIT,1156,0x80012100,0
5344,COMPLETE,1125,0x80011940,159
5344,SUBMIT,1157,0x80012140,0
5349,COMPLETE,1126,0x80011980,159
5349,SUBMIT,1158,0x80012180,0
5352,COMPLETE,1152,0x80012000,33
5356,COMPLETE,1127,0x800119c0,161
5356,SUBMIT,1159,0x800121c0,0
5359,COMPLETE,1153,0x80012040,35
5362,COMPLETE,1128,0x80011a00,162
5362,SUBMIT,1160,0x80012200,0
5366,COMPLETE,1154,0x80012080,37
5369,COMPLETE,1129,0x80011a40,164
5369,SUBMIT,1161,0x80012240,0
5372,COMPLETE,1155,0x800120c0,38
5376,COMPLETE,1130,0x80011a80,166
5376,SUBMIT,1162,0x80012280,0
5379,COMPLETE,1156,0x80012100,40
5382,COMPLETE,1131,0x80011ac0,167
5382,SUBMIT,1163,0x800122c0,0
5386,COMPLETE,1157,0x80012140,42
5389,COMPLETE,1132,0x80011b00,169
5389,SUBMIT,1164,0x80012300,0
5392,COMPLETE,1158,0x80012180,43
5395,COMPLETE,1133,0x80011b40,170
5395,SUBMIT,1165,0x80012340,0
5399,COMPLETE,1159,0x800121c0,43
5402,COMPLETE,1134,0x80011b80,173
5402,SUBMIT,1166,0x80012380,0
5405,COMPLETE,1160,0x80012200,43
5409,COMPLETE,1135,0x80011bc0,175
5409,SUBMIT,1167,0x800123c0,0
5412,COMPLETE,1161,0x80012240,43
5415,COMPLETE,1136,0x80011c00,176
5415,SUBMIT,1168,0x80012400,0
5419,COMPLETE,1162,0x80012280,43
5422,COMPLETE,1137,0x80011c40,178
5422,SUBMIT,1169,0x80012440,0
5425,COMPLETE,1163,0x800122c0,43
5429,COMPLETE,1138,0x80011c80,180
5429,SUBMIT,1170,0x80012480,0
5432,COMPLETE,1164,0x80012300,43
5435,COMPLETE,1139,0x80011cc0,181
5435,SUBMIT,1171,0x800124c0,0
5439,COMPLETE,1165,0x80012340,44
5442,COMPLETE,1140,0x80011d00,183
5442,SUBMIT,1172,0x80012500,0
5445,COMPLETE,1166,0x80012380,43
5449,COMPLETE,1141,0x80011d40,185
5449,SUBMIT,1173,0x80012540,0
5452,COMPLETE,1167,0x800123c0,43
5455,COMPLETE,1142,0x80011d80,186
5455,SUBMIT,1174,0x80012580,0
5459,COMPLETE,1168,0x80012400,44
5462,COMPLETE,1143,0x80011dc0,188
5462,SUBMIT,1175,0x800125c0,0
5465,COMPLETE,1169,0x80012440,43
5469,COMPLETE,1144,0x80011e00,190
5469,SUBMIT,1176,0x80012600,0
5472,COMPLETE,1170,0x80012480,43
5475,COMPLETE,1145,0x80011e40,191
5475,SUBMIT,1177,0x80012640,0
5478,COMPLETE,1171,0x800124c0,43
5482,COMPLETE,1146,0x80011e80,193
5482,SUBMIT,1178,0x80012680,0
5485,COMPLETE,1172,0x80012500,43
5488,COMPLETE,1147,0x80011ec0,194
5488,SUBMIT,1179,0x800126c0,0
5492,COMPLETE,1173,0x80012540,43
5495,COMPLETE,1148,0x80011f00,196
5495,SUBMIT,1180,0x80012700,0
5498,COMPLETE,1174,0x80012580,43
5502,COMPLETE,1149,0x80011f40,198
5502,SUBMIT,1181,0x80012740,0
5505,COMPLETE,1175,0x800125c0,43
5508,COMPLETE,1150,0x80011f80,199
5508,SUBMIT,1182,0x80012780,0
5512,COMPLETE,1176,0x80012600,43
5515,COMPLETE,1151,0x80011fc0,201
5515,SUBMIT,1183,0x800127c0,0
5516,SUBMIT,1184,0x80012800,0
5517,SUBMIT,1185,0x80012840,0
5518,COMPLETE,1177,0x80012640,43
5518,SUBMIT,1186,0x80012880,0
5519,SUBMIT,1187,0x800128c0,0
5520,SUBMIT,1188,0x80012900,0
5521,SUBMIT,1189,0x80012940,0
5522,SUBMIT,1190,0x80012980,0
5523,COMPLETE,1178,0x80012680,41
5523,SUBMIT,1191,0x800129c0,0
5524,SUBMIT,1192,0x80012a00,0
5525,SUBMIT,1193,0x80012a40,0
5526,SUBMIT,1194,0x80012a80,0
5527,SUBMIT,1195,0x80012ac0,0
5528,COMPLETE,1179,0x800126c0,40
5528,SUBMIT,1196,0x80012b00,0
5529,SUBMIT,1197,0x80012b40,0
5530,SUBMIT,1198,0x80012b80,0
5531,SUBMIT,1199,0x80012bc0,0
5532,SUBMIT,1200,0x80012c00,0
5533,COMPLETE,1180,0x80012700,38
5533,SUBMIT,1201,0x80012c40,0
5534,SUBMIT,1202,0x80012c80,0
5535,SUBMIT,1203,0x80012cc0,0
5536,SUBMIT,1204,0x80012d00,0
5537,SUBMIT,1205,0x80012d40,0
5538,COMPLETE,1181,0x80012740,36
5538,SUBMIT,1206,0x80012d80,0
5539,SUBMIT,1207,0x80012dc0,0
5540,SUBMIT,1208,0x80012e00,0
5541,SUBMIT,1209,0x80012e40,0
5542,SUBMIT,1210,0x80012e80,0
5543,COMPLETE,1182,0x80012780,35
5543,SUBMIT,1211,0x80012ec0,0
5544,SUBMIT,1212,0x80012f00,0
5545,SUBMIT,1213,0x80012f40,0
5546,SUBMIT,1214,0x80012f80,0
5548,COMPLETE,1183,0x800127c0,33
5548,SUBMIT,1215,0x80012fc0,0
5553,COMPLETE,1184,0x80012800,37
5553,SUBMIT,1216,0x80013000,0
5558,COMPLETE,1185,0x80012840,41
5558,SUBMIT,1217,0x80013040,0
5563,COMPLETE,1186,0x80012880,45
5563,SUBMIT,1218,0x80013080,0
5568,COMPLETE,1187,0x800128c0,49
5568,SUBMIT,1219,0x800130c0,0
5573,COMPLETE,1188,0x80012900,53
5573,SUBMIT,1220,0x80013100,0
5578,COMPLETE,1189,0x80012940,57
5578,SUBMIT,1221,0x80013140,0
5583,COMPLETE,1190,0x80012980,61
5583,SUBMIT,1222,0x80013180,0
5588,COMPLETE,1191,0x800129c0,65
5588,SUBMIT,1223,0x800131c0,0
5593,COMPLETE,1192,0x80012a00,69
5593,SUBMIT,1224,0x80013200,0
5598,COMPLETE,1193,0x80012a40,73
5598,SUBMIT,1225,0x80013240,0
5603,COMPLETE,1194,0x80012a80,77
5603,SUBMIT,1226,0x80013280,0
5608,COMPLETE,1195,0x80012ac0,81
5608,SUBMIT,1227,0x800132c0,0
5613,COMPLETE,1196,0x80012b00,85
5613,SUBMIT,1228,0x80013300,0
5618,COMPLETE,1197,0x80012b40,89
5618,SUBMIT,1229,0x80013340,0
5623,COMPLETE,1198,0x80012b80,93
5623,SUBMIT,1230,0x80013380,0
5628,COMPLETE,1199,0x80012bc0,97
5628,SUBMIT,1231,0x800133c0,0
5633,COMPLETE,1200,0x80012c00,101
5633,SUBMIT,1232,0x80013400,0
5638,COMPLETE,1201,0x80012c40,105
5638,SUBMIT,1233,0x80013440,0
5643,COMPLETE,1202,0x80012c80,109
5643,SUBMIT,1234,0x80013480,0
5648,COMPLETE,1203,0x80012cc0,113
5648,SUBMIT,1235,0x800134c0,0
5653,COMPLETE,1204,0x80012d00,117
5653,SUBMIT,1236,0x80013500,0
5658,COMPLETE,1205,0x80012d40,121
5658,SUBMIT,1237,0x80013540,0
5663,COMPLETE,1206,0x80012d80,125
5663,SUBMIT,1238,0x80013580,0
5668,COMPLETE,1207,0x80012dc0,129
5668,SUBMIT,1239,0x800135c0,0
5673,COMPLETE,1208,0x80012e00,133
5673,SUBMIT,1240,0x80013600,0
5678,COMPLETE,1209,0x80012e40,137
5678,SUBMIT,1241,0x80013640,0
5683,COMPLETE,1210,0x80012e80,141
5683,SUBMIT,1242,0x80013680,0
5688,COMPLETE,1211,0x80012ec0,145
5688,SUBMIT,1243,0x800136c0,0
5693,COMPLETE,1212,0x80012f00,149
5693,SUBMIT,1244,0x80013700,0
5698,COMPLETE,1213,0x80012f40,153
5698,SUBMIT,1245,0x80013740,0
5703,COMPLETE,1214,0x80012f80,157
5703,SUBMIT,1246,0x80013780,0
5708,COMPLETE,1215,0x80012fc0,160
5708,SUBMIT,1247,0x800137c0,0
5713,COMPLETE,1216,0x80013000,160
5713,SUBMIT,1248,0x80013800,0
5718,COMPLETE,1217,0x80013040,160
5718,SUBMIT,1249,0x80013840,0
5723,COMPLETE,1218,0x80013080,160
5723,SUBMIT,1250,0x80013880,0
5727,COMPLETE,1219,0x800130c0,159
5727,SUBMIT,1251,0x800138c0,0
5732,COMPLETE,1220,0x80013100,159
5732,SUBMIT,1252,0x80013900,0
5737,COMPLETE,1221,0x80013140,159
5737,SUBMIT,1253,0x80013940,0
5742,COMPLETE,1222,0x80013180,159
5742,SUBMIT,1254,0x80013980,0
5747,COMPLETE,1223,0x800131c0,159
5747,SUBMIT,1255,0x800139c0,0
5752,COMPLETE,1224,0x80013200,159
5752,SUBMIT,1256,0x80013a00,0
5757,COMPLETE,1225,0x80013240,159
5757,SUBMIT,1257,0x80013a40,0
5762,COMPLETE,1226,0x80013280,159
5762,SUBMIT,1258,0x80013a80,0
5767,COMPLETE,1227,0x800132c0,159
5767,SUBMIT,1259,0x80013ac0,0
5772,COMPLETE,1228,0x80013300,159
5772,SUBMIT,1260,0x80013b00,0
5777,COMPLETE,1229,0x80013340,159
5777,SUBMIT,1261,0x80013b40,0
5782,COMPLETE,1230,0x80013380,159
5782,SUBMIT,1262,0x80013b80,0
5787,COMPLETE,1231,0x800133c0,159
5787,SUBMIT,1263,0x80013bc0,0
5792,COMPLETE,1232,0x80013400,159
5792,SUBMIT,1264,0x80013c00,0
5797,COMPLETE,1233,0x80013440,159
5797,SUBMIT,1265,0x80013c40,0
5802,COMPLETE,1234,0x80013480,159
5802,SUBMIT,1266,0x80013c80,0
5807,COMPLETE,1235,0x800134c0,159
5807,SUBMIT,1267,0x80013cc0,0
5812,COMPLETE,1236,0x80013500,159
5812,SUBMIT,1268,0x80013d00,0
5817,COMPLETE,1237,0x80013540,159
5817,SUBMIT,1269,0x80013d40,0
5822,COMPLETE,1238,0x80013580,159
5822,SUBMIT,1270,0x80013d80,0
5827,COMPLETE,1239,0x800135c0,159
5827,SUBMIT,1271,0x80013dc0,0
5832,COMPLETE,1240,0x80013600,159
5832,SUBMIT,1272,0x80013e00,0
5837,COMPLETE,1241,0x80013640,159
5837,SUBMIT,1273,0x80013e40,0
5842,COMPLETE,1242,0x80013680,159
5842,SUBMIT,1274,0x80013e80,0
5847,COMPLETE,1243,0x800136c0,159
5847,SUBMIT,1275,0x80013ec0,0
5852,COMPLETE,1244,0x80013700,159
5852,SUBMIT,1276,0x80013f00,0
5857,COMPLETE,1245,0x80013740,159
5857,SUBMIT,1277,0x80013f40,0
5862,COMPLETE,1246,0x80013780,159
5862,SUBMIT,1278,0x80013f80,0
5867,COMPLETE,1247,0x800137c0,159
5867,SUBMIT,1279,0x80013fc0,0
5872,COMPLETE,1248,0x80013800,159
5872,SUBMIT,1280,0x80014000,0
5877,COMPLETE,1249,0x80013840,159
5877,SUBMIT,1281,0x80014040,0
5882,COMPLETE,1250,0x80013880,159
5882,SUBMIT,1282,0x80014080,0
5887,COMPLETE,1251,0x800138c0,160
5887,SUBMIT,1283,0x800140c0,0
5892,COMPLETE,1252,0x80013900,160
5892,SUBMIT,1284,0x80014100,0
5897,COMPLETE,1253,0x80013940,160
5897,SUBMIT,1285,0x80014140,0
5902,COMPLETE,1254,0x80013980,160
5902,SUBMIT,1286,0x80014180,0
5905,COMPLETE,1280,0x80014000,33
5908,COMPLETE,1255,0x800139c0,161
5908,SUBMIT,1287,0x800141c0,0
5912,COMPLETE,1281,0x80014040,35
5915,COMPLETE,1256,0x80013a00,163
5915,SUBMIT,1288,0x80014200,0
5918,COMPLETE,1282,0x80014080,36
5922,COMPLETE,1257,0x80013a40,165
5922,SUBMIT,1289,0x80014240,0
5925,COMPLETE,1283,0x800140c0,38
5928,COMPLETE,1258,0x80013a80,166
5928,SUBMIT,1290,0x80014280,0
5932,COMPLETE,1284,0x80014100,40
5935,COMPLETE,1259,0x80013ac0,168
5935,SUBMIT,1291,0x800142c0,0
5938,COMPLETE,1285,0x80014140,41
5942,COMPLETE,1260,0x80013b00,170
5942,SUBMIT,1292,0x80014300,0
5945,COMPLETE,1286,0x80014180,43
5948,COMPLETE,1261,0x80013b40,171
5948,SUBMIT,1293,0x80014340,0
5952,COMPLETE,1287,0x800141c0,44
5955,COMPLETE,1262,0x80013b80,173
5955,SUBMIT,1294,0x80014380,0
5958,COMPLETE,1288,0x80014200,43
5962,COMPLETE,1263,0x80013bc0,175
5962,SUBMIT,1295,0x800143c0,0
5965,COMPLETE,1289,0x80014240,43
5968,COMPLETE,1264,0x80013c00,176
5968,SUBMIT,1296,0x80014400,0
5972,COMPLETE,1290,0x80014280,44
5975,COMPLETE,1265,0x80013c40,178
5975,SUBMIT,1297,0x80014440,0
5978,COMPLETE,1291,0x800142c0,43
5981,COMPLETE,1266,0x80013c80,179
5981,SUBMIT,1298,0x80014480,0
5985,COMPLETE,1292,0x80014300,43
5988,COMPLETE,1267,0x80013cc0,181
5988,SUBMIT,1299,0x800144c0,0
5991,COMPLETE,1293,0x80014340,43
5995,COMPLETE,1268,0x80013d00,183
5995,SUBMIT,1300,0x80014500,0
5998,COMPLETE,1294,0x80014380,43
6001,COMPLETE,1269,0x80013d40,184
6001,SUBMIT,1301,0x80014540,0
6005,COMPLETE,1295,0x800143c0,43
6008,COMPLETE,1270,0x80013d80,186
6008,SUBMIT,1302,0x80014580,0
6011,COMPLETE,1296,0x80014400,43
6015,COMPLETE,1271,0x80013dc0,188
6015,SUBMIT,1303,0x800145c0,0
6018,COMPLETE,1297,0x80014440,43
6021,COMPLETE,1272,0x80013e00,189
6021,SUBMIT,1304,0x80014600,0
6025,COMPLETE,1298,0x80014480,44
6028,COMPLETE,1273,0x80013e40,191
6028,SUBMIT,1305,0x80014640,0
6031,COMPLETE,1299,0x800144c0,43
6035,COMPLETE,1274,0x80013e80,193
6035,SUBMIT,1306,0x80014680,0
6038,COMPLETE,1300,0x80014500,43
6041,COMPLETE,1275,0x80013ec0,194
6041,SUBMIT,1307,0x800146c0,0
6045,COMPLETE,1301,0x80014540,44
6048,COMPLETE,1276,0x80013f00,196
6048,SUBMIT,1308,0x80014700,0
6051,COMPLETE,1302,0x80014580,43
6055,COMPLETE,1277,0x80013f40,198
6055,SUBMIT,1309,0x80014740,0
6058,COMPLETE,1303,0x800145c0,43
6061,COMPLETE,1278,0x80013f80,199
6061,SUBMIT,1310,0x80014780,0
6064,COMPLETE,1304,0x80014600,43
6068,COMPLETE,1279,0x80013fc0,201
6068,SUBMIT,1311,0x800147c0,0
6069,SUBMIT,1312,0x80014800,0
6070,SUBMIT,1313,0x80014840,0
6071,COMPLETE,1305,0x80014640,43
6071,SUBMIT,1314,0x80014880,0
6072,SUBMIT,1315,0x800148c0,0
6073,SUBMIT,1316,0x80014900,0
6074,SUBMIT,1317,0x80014940,0
6075,SUBMIT,1318,0x80014980,0
6076,COMPLETE,1306,0x80014680,41
6076,SUBMIT,1319,0x800149c0,0
6077,SUBMIT,1320,0x80014a00,0
6078,SUBMIT,1321,0x80014a40,0
6079,SUBMIT,1322,0x80014a80,0
6080,SUBMIT,1323,0x80014ac0,0
6081,COMPLETE,1307,0x800146c0,40
6081,SUBMIT,1324,0x80014b00,0
6082,SUBMIT,1325,0x80014b40,0
6083,SUBMIT,1326,0x80014b80,0
6084,SUBMIT,1327,0x80014bc0,0
6085,SUBMIT,1328,0x80014c00,0
6086,COMPLETE,1308,0x80014700,38
6086,SUBMIT,1329,0x80014c40,0
6087,SUBMIT,1330,0x80014c80,0
6088,SUBMIT,1331,0x80014cc0,0
6089,SUBMIT,1332,0x80014d00,0
6090,SUBMIT,1333,0x80014d40,0
6091,COMPLETE,1309,0x80014740,36
6091,SUBMIT,1334,0x80014d80,0
6092,SUBMIT,1335,0x80014dc0,0
6093,SUBMIT,1336,0x80014e00,0
6094,SUBMIT,1337,0x80014e40,0
6095,SUBMIT,1338,0x80014e80,0
6096,COMPLETE,1310,0x80014780,35
6096,SUBMIT,1339,0x80014ec0,0
6097,SUBMIT,1340,0x80014f00,0
6098,SUBMIT,1341,0x80014f40,0
6099,SUBMIT,1342,0x80014f80,0
6101,COMPLETE,1311,0x800147c0,33
6101,SUBMIT,1343,0x80014fc0,0
6106,COMPLETE,1312,0x80014800,37
6106,SUBMIT,1344,0x80015000,0
6111,COMPLETE,1313,0x80014840,41
6111,SUBMIT,1345,0x80015040,0
6116,COMPLETE,1314,0x80014880,45
6116,SUBMIT,1346,0x80015080,0
6121,COMPLETE,1315,0x800148c0,49
6121,SUBMIT,1347,0x800150c0,0
6126,COMPLETE,1316,0x80014900,53
6126,SUBMIT,1348,0x80015100,0
6131,COMPLETE,1317,0x80014940,57
6131,SUBMIT,1349,0x80015140,0
6136,COMPLETE,1318,0x80014980,61
6136,SUBMIT,1350,0x80015180,0
6141,COMPLETE,1319,0x800149c0,65
6141,SUBMIT,1351,0x800151c0,0
6146,COMPLETE,1320,0x80014a00,69
6146,SUBMIT,1352,0x80015200,0
6151,COMPLETE,1321,0x80014a40,73
6151,SUBMIT,1353,0x80015240,0
6156,COMPLETE,1322,0x80014a80,77
6156,SUBMIT,1354,0x80015280,0
6161,COMPLETE,1323,0x80014ac0,81
6161,SUBMIT,1355,0x800152c0,0
6166,COMPLETE,1324,0x80014b00,85
6166,SUBMIT,1356,0x80015300,0
6171,COMPLETE,1325,0x80014b40,89
6171,SUBMIT,1357,0x80015340,0
6176,COMPLETE,1326,0x80014b80,93
6176,SUBMIT,1358,0x80015380,0
6181,COMPLETE,1327,0x80014bc0,97
6181,SUBMIT,1359,0x800153c0,0
6186,COMPLETE,1328,0x80014c00,101
6186,SUBMIT,1360,0x80015400,0
6191,COMPLETE,1329,0x80014c40,105
6191,SUBMIT,1361,0x80015440,0
6196,COMPLETE,1330,0x80014c80,109
6196,SUBMIT,1362,0x80015480,0
6201,COMPLETE,1331,0x80014cc0,113
6201,SUBMIT,1363,0x800154c0,0
6206,COMPLETE,1332,0x80014d00,117
6206,SUBMIT,1364,0x80015500,0
6211,COMPLETE,1333,0x80014d40,121
6211,SUBMIT,1365,0x80015540,0
6216,COMPLETE,1334,0x80014d80,125
6216,SUBMIT,1366,0x80015580,0
6221,COMPLETE,1335,0x80014dc0,129
6221,SUBMIT,1367,0x800155c0,0
6225,COMPLETE,1336,0x80014e00,132
6225,SUBMIT,1368,0x80015600,0
6230,COMPLETE,1337,0x80014e40,136
6230,SUBMIT,1369,0x80015640,0
6235,COMPLETE,1338,0x80014e80,140
6235,SUBMIT,1370,0x80015680,0
6240,COMPLETE,1339,0x80014ec0,144
6240,SUBMIT,1371,0x800156c0,0
6245,COMPLETE,1340,0x80014f00,148
6245,SUBMIT,1372,0x80015700,0
6250,COMPLETE,1341,0x80014f40,152
6250,SUBMIT,1373,0x80015740,0
6255,COMPLETE,1342,0x80014f80,156
6255,SUBMIT,1374,0x80015780,0
6260,COMPLETE,1343,0x80014fc0,159
6260,SUBMIT,1375,0x800157c0,0
6265,COMPLETE,1344,0x80015000,159
6265,SUBMIT,1376,0x80015800,0
6270,COMPLETE,1345,0x80015040,159
6270,SUBMIT,1377,0x80015840,0
6275,COMPLETE,1346,0x80015080,159
6275,SUBMIT,1378,0x80015880,0
6280,COMPLETE,1347,0x800150c0,159
6280,SUBMIT,1379,0x800158c0,0
6285,COMPLETE,1348,0x80015100,159
6285,SUBMIT,1380,0x80015900,0
6290,COMPLETE,1349,0x80015140,159
6290,SUBMIT,1381,0x80015940,0
6295,COMPLETE,1350,0x80015180,159
6295,SUBMIT,1382,0x80015980,0
6300,COMPLETE,1351,0x800151c0,159
6300,SUBMIT,1383,0x800159c0,0
6305,COMPLETE,1352,0x80015200,159
6305,SUBMIT,1384,0x80015a00,0
6310,COMPLETE,1353,0x80015240,159
6310,SUBMIT,1385,0x80015a40,0
6315,COMPLETE,1354,0x80015280,159
6315,SUBMIT,1386,0x80015a80,0
6320,COMPLETE,1355,0x800152c0,159
6320,SUBMIT,1387,0x80015ac0,0
6325,COMPLETE,1356,0x80015300,159
6325,SUBMIT,1388,0x80015b00,0
6330,COMPLETE,1357,0x80015340,159
6330,SUBMIT,1389,0x80015b40,0
6335,COMPLETE,1358,0x80015380,159
6335,SUBMIT,1390,0x80015b80,0
6340,COMPLETE,1359,0x800153c0,159
6340,SUBMIT,1391,0x80015bc0,0
6345,COMPLETE,1360,0x80015400,159
6345,SUBMIT,1392,0x80015c00,0
6350,COMPLETE,1361,0x80015440,159
6350,SUBMIT,1393,0x80015c40,0
6355,COMPLETE,1362,0x80015480,159
6355,SUBMIT,1394,0x80015c80,0
6360,COMPLETE,1363,0x800154c0,159
6360,SUBMIT,1395,0x80015cc0,0
6365,COMPLETE,1364,0x80015500,159
6365,SUBMIT,1396,0x80015d00,0
6370,COMPLETE,1365,0x80015540,159
6370,SUBMIT,1397,0x80015d40,0
6375,COMPLETE,1366,0x80015580,159
6375,SUBMIT,1398,0x80015d80,0
6380,COMPLETE,1367,0x800155c0,159
6380,SUBMIT,1399,0x80015dc0,0
6385,COMPLETE,1368,0x80015600,160
6385,SUBMIT,1400,0x80015e00,0
6390,COMPLETE,1369,0x80015640,160
6390,SUBMIT,1401,0x80015e40,0
6395,COMPLETE,1370,0x80015680,160
6395,SUBMIT,1402,0x80015e80,0
6400,COMPLETE,1371,0x800156c0,160
6400,SUBMIT,1403,0x80015ec0,0
6405,COMPLETE,1372,0x80015700,160
6405,SUBMIT,1404,0x80015f00,0
6410,COMPLETE,1373,0x80015740,160
6410,SUBMIT,1405,0x80015f40,0
6415,COMPLETE,1374,0x80015780,160
6415,SUBMIT,1406,0x80015f80,0
6420,COMPLETE,1375,0x800157c0,160
6420,SUBMIT,1407,0x80015fc0,0
6425,COMPLETE,1376,0x80015800,160
6425,SUBMIT,1408,0x80016000,0
6430,COMPLETE,1377,0x80015840,160
6430,SUBMIT,1409,0x80016040,0
6435,COMPLETE,1378,0x80015880,160
6435,SUBMIT,1410,0x80016080,0
6440,COMPLETE,1379,0x800158c0,160
6440,SUBMIT,1411,0x800160c0,0
6445,COMPLETE,1380,0x80015900,160
6445,SUBMIT,1412,0x80016100,0
6450,COMPLETE,1381,0x80015940,160
6450,SUBMIT,1413,0x80016140,0
6455,COMPLETE,1382,0x80015980,160
6455,SUBMIT,1414,0x80016180,0
6458,COMPLETE,1408,0x80016000,33
6461,COMPLETE,1383,0x800159c0,161
6461,SUBMIT,1415,0x800161c0,0
6465,COMPLETE,1409,0x80016040,35
6468,COMPLETE,1384,0x80015a00,163
6468,SUBMIT,1416,0x80016200,0
6471,COMPLETE,1410,0x80016080,36
6474,COMPLETE,1385,0x80015a40,164
6474,SUBMIT,1417,0x80016240,0
6478,COMPLETE,1411,0x800160c0,38
6481,COMPLETE,1386,0x80015a80,166
6481,SUBMIT,1418,0x80016280,0
6484,COMPLETE,1412,0x80016100,39
6488,COMPLETE,1387,0x80015ac0,168
6488,SUBMIT,1419,0x800162c0,0
6491,COMPLETE,1413,0x80016140,41
6494,COMPLETE,1388,0x80015b00,169
6494,SUBMIT,1420,0x80016300,0
6498,COMPLETE,1414,0x80016180,43
6501,COMPLETE,1389,0x80015b40,171
6501,SUBMIT,1421,0x80016340,0
6504,COMPLETE,1415,0x800161c0,43
6508,COMPLETE,1390,0x80015b80,173
6508,SUBMIT,1422,0x80016380,0
6511,COMPLETE,1416,0x80016200,43
6514,COMPLETE,1391,0x80015bc0,174
6514,SUBMIT,1423,0x800163c0,0
6518,COMPLETE,1417,0x80016240,44
6521,COMPLETE,1392,0x80015c00,176
6521,SUBMIT,1424,0x80016400,0
6524,COMPLETE,1418,0x80016280,43
6528,COMPLETE,1393,0x80015c40,178
6528,SUBMIT,1425,0x80016440,0
6531,COMPLETE,1419,0x800162c0,43
6534,COMPLETE,1394,0x80015c80,179
6534,SUBMIT,1426,0x80016480,0
6538,COMPLETE,1420,0x80016300,44
6541,COMPLETE,1395,0x80015cc0,181
6541,SUBMIT,1427,0x800164c0,0
6544,COMPLETE,1421,0x80016340,43
6548,COMPLETE,1396,0x80015d00,183
6548,SUBMIT,1428,0x80016500,0
6551,COMPLETE,1422,0x80016380,43
6554,COMPLETE,1397,0x80015d40,184
6554,SUBMIT,1429,0x80016540,0
6557,COMPLETE,1423,0x800163c0,43
6561,COMPLETE,1398,0x80015d80,186
6561,SUBMIT,1430,0x80016580,0
6564,COMPLETE,1424,0x80016400,43
6567,COMPLETE,1399,0x80015dc0,187
6567,SUBMIT,1431,0x800165c0,0
6571,COMPLETE,1425,0x80016440,43
6574,COMPLETE,1400,0x80015e00,189
6574,SUBMIT,1432,0x80016600,0
6577,COMPLETE,1426,0x80016480,43
6581,COMPLETE,1401,0x80015e40,191
6581,SUBMIT,1433,0x80016640,0
6584,COMPLETE,1427,0x800164c0,43
6587,COMPLETE,1402,0x80015e80,192
6587,SUBMIT,1434,0x80016680,0
6591,COMPLETE,1428,0x80016500,43
6594,COMPLETE,1403,0x80015ec0,194
6594,SUBMIT,1435,0x800166c0,0
6597,COMPLETE,1429,0x80016540,43
6601,COMPLETE,1404,0x80015f00,196
6601,SUBMIT,1436,0x80016700,0
6604,COMPLETE,1430,0x80016580,43
6607,COMPLETE,1405,0x80015f40,197
6607,SUBMIT,1437,0x80016740,0
6611,COMPLETE,1431,0x800165c0,44
6614,COMPLETE,1406,0x80015f80,199
6614,SUBMIT,1438,0x80016780,0
6617,COMPLETE,1432,0x80016600,43
6621,COMPLETE,1407,0x80015fc0,201
6621,SUBMIT,1439,0x800167c0,0
6622,SUBMIT,1440,0x80016800,0
6623,SUBMIT,1441,0x80016840,0
6624,COMPLETE,1433,0x80016640,43
6624,SUBMIT,1442,0x80016880,0
6625,SUBMIT,1443,0x800168c0,0
6626,SUBMIT,1444,0x80016900,0
6627,SUBMIT,1445,0x80016940,0
6628,SUBMIT,1446,0x80016980,0
6629,COMPLETE,1434,0x80016680,42
6629,SUBMIT,1447,0x800169c0,0
6630,SUBMIT,1448,0x80016a00,0
6631,SUBMIT,1449,0x80016a40,0
6632,SUBMIT,1450,0x80016a80,0
6633,SUBMIT,1451,0x80016ac0,0
6634,COMPLETE,1435,0x800166c0,40
6634,SUBMIT,1452,0x80016b00,0
6635,SUBMIT,1453,0x80016b40,0
6636,SUBMIT,1454,0x80016b80,0
6637,SUBMIT,1455,0x80016bc0,0
6638,SUBMIT,1456,0x80016c00,0
6639,COMPLETE,1436,0x80016700,38
6639,SUBMIT,1457,0x80016c40,0
6640,SUBMIT,1458,0x80016c80,0
6641,SUBMIT,1459,0x80016cc0,0
6642,SUBMIT,1460,0x80016d00,0
6643,SUBMIT,1461,0x80016d40,0
6644,COMPLETE,1437,0x80016740,37
6644,SUBMIT,1462,0x80016d80,0
6645,SUBMIT,1463,0x80016dc0,0
6646,SUBMIT,1464,0x80016e00,0
6647,SUBMIT,1465,0x80016e40,0
6648,SUBMIT,1466,0x80016e80,0
6649,COMPLETE,1438,0x80016780,35
6649,SUBMIT,1467,0x80016ec0,0
6650,SUBMIT,1468,0x80016f00,0
6651,SUBMIT,1469,0x80016f40,0
6652,SUBMIT,1470,0x80016f80,0
6654,COMPLETE,1439,0x800167c0,33
6654,SUBMIT,1471,0x80016fc0,0
6659,COMPLETE,1440,0x80016800,37
6659,SUBMIT,1472,0x80017000,0
6664,COMPLETE,1441,0x80016840,41
6664,SUBMIT,1473,0x80017040,0
6669,COMPLETE,1442,0x80016880,45
6669,SUBMIT,1474,0x80017080,0
6674,COMPLETE,1443,0x800168c0,49
6674,SUBMIT,1475,0x800170c0,0
6679,COMPLETE,1444,0x80016900,53
6679,SUBMIT,1476,0x80017100,0
6684,COMPLETE,1445,0x80016940,57
6684,SUBMIT,1477,0x80017140,0
6689,COMPLETE,1446,0x80016980,61
6689,SUBMIT,1478,0x80017180,0
6694,COMPLETE,1447,0x800169c0,65
6694,SUBMIT,1479,0x800171c0,0
6699,COMPLETE,1448,0x80016a00,69
6699,SUBMIT,1480,0x80017200,0
6704,COMPLETE,1449,0x80016a40,73
6704,SUBMIT,1481,0x80017240,0
6709,COMPLETE,1450,0x80016a80,77
6709,SUBMIT,1482,0x80017280,0
6714,COMPLETE,1451,0x80016ac0,81
6714,SUBMIT,1483,0x800172c0,0
6719,COMPLETE,1452,0x80016b00,85
6719,SUBMIT,1484,0x80017300,0
6723,COMPLETE,1453,0x80016b40,88
6723,SUBMIT,1485,0x80017340,0
6728,COMPLETE,1454,0x80016b80,92
6728,SUBMIT,1486,0x80017380,0
6733,COMPLETE,1455,0x80016bc0,96
6733,SUBMIT,1487,0x800173c0,0
6738,COMPLETE,1456,0x80016c00,100
6738,SUBMIT,1488,0x80017400,0
6743,COMPLETE,1457,0x80016c40,104
6743,SUBMIT,1489,0x80017440,0
6748,COMPLETE,1458,0x80016c80,108
6748,SUBMIT,1490,0x80017480,0
6753,COMPLETE,1459,0x80016cc0,112
6753,SUBMIT,1491,0x800174c0,0
6758,COMPLETE,1460,0x80016d00,116
6758,SUBMIT,1492,0x80017500,0
6763,COMPLETE,1461,0x80016d40,120
6763,SUBMIT,1493,0x80017540,0
6768,COMPLETE,1462,0x80016d80,124
6768,SUBMIT,1494,0x80017580,0
6773,COMPLETE,1463,0x80016dc0,128
6773,SUBMIT,1495,0x800175c0,0
6778,COMPLETE,1464,0x80016e00,132
6778,SUBMIT,1496,0x80017600,0
6783,COMPLETE,1465,0x80016e40,136
6783,SUBMIT,1497,0x80017640,0
6788,COMPLETE,1466,0x80016e80,140
6788,SUBMIT,1498,0x80017680,0
6793,COMPLETE,1467,0x80016ec0,144
6793,SUBMIT,1499,0x800176c0,0
6798,COMPLETE,1468,0x80016f00,148
6798,SUBMIT,1500,0x80017700,0
6803,COMPLETE,1469,0x80016f40,152
6803,SUBMIT,1501,0x80017740,0
6808,COMPLETE,1470,0x80016f80,156
6808,SUBMIT,1502,0x80017780,0
6813,COMPLETE,1471,0x80016fc0,159
6813,SUBMIT,1503,0x800177c0,0
6818,COMPLETE,1472,0x80017000,159
6818,SUBMIT,1504,0x80017800,0
6823,COMPLETE,1473,0x80017040,159
6823,SUBMIT,1505,0x80017840,0
6828,COMPLETE,1474,0x80017080,159
6828,SUBMIT,1506,0x80017880,0
6833,COMPLETE,1475,0x800170c0,159
6833,SUBMIT,1507,0x800178c0,0
6838,COMPLETE,1476,0x80017100,159
6838,SUBMIT,1508,0x80017900,0
6843,COMPLETE,1477,0x80017140,159
6843,SUBMIT,1509,0x80017940,0
6848,COMPLETE,1478,0x80017180,159
6848,SUBMIT,1510,0x80017980,0
6853,COMPLETE,1479,0x800171c0,159
6853,SUBMIT,1511,0x800179c0,0
6858,COMPLETE,1480,0x80017200,159
6858,SUBMIT,1512,0x80017a00,0
6863,COMPLETE,1481,0x80017240,159
6863,SUBMIT,1513,0x80017a40,0
6868,COMPLETE,1482,0x80017280,159
6868,SUBMIT,1514,0x80017a80,0
6873,COMPLETE,1483,0x800172c0,159
6873,SUBMIT,1515,0x80017ac0,0
6878,COMPLETE,1484,0x80017300,159
6878,SUBMIT,1516,0x80017b00,0
6883,COMPLETE,1485,0x80017340,160
6883,SUBMIT,1517,0x80017b40,0
6888,COMPLETE,1486,0x80017380,160
6888,SUBMIT,1518,0x80017b80,0
6893,COMPLETE,1487,0x800173c0,160
6893,SUBMIT,1519,0x80017bc0,0
6898,COMPLETE,1488,0x80017400,160
6898,SUBMIT,1520,0x80017c00,0
6903,COMPLETE,1489,0x80017440,160
6903,SUBMIT,1521,0x80017c40,0
6908,COMPLETE,1490,0x80017480,160
6908,SUBMIT,1522,0x80017c80,0
6913,COMPLETE,1491,0x800174c0,160
6913,SUBMIT,1523,0x80017cc0,0
6918,COMPLETE,1492,0x80017500,160
6918,SUBMIT,1524,0x80017d00,0
6923,COMPLETE,1493,0x80017540,160
6923,SUBMIT,1525,0x80017d40,0
6928,COMPLETE,1494,0x80017580,160
6928,SUBMIT,1526,0x80017d80,0
6933,COMPLETE,1495,0x800175c0,160
6933,SUBMIT,1527,0x80017dc0,0
6938,COMPLETE,1496,0x80017600,160
6938,SUBMIT,1528,0x80017e00,0
6943,COMPLETE,1497,0x80017640,160
6943,SUBMIT,1529,0x80017e40,0
6948,COMPLETE,1498,0x80017680,160
6948,SUBMIT,1530,0x80017e80,0
6953,COMPLETE,1499,0x800176c0,160
6953,SUBMIT,1531,0x80017ec0,0
6958,COMPLETE,1500,0x80017700,160
6958,SUBMIT,1532,0x80017f00,0
6963,COMPLETE,1501,0x80017740,160
6963,SUBMIT,1533,0x80017f40,0
6968,COMPLETE,1502,0x80017780,160
6968,SUBMIT,1534,0x80017f80,0
6972,COMPLETE,1503,0x800177c0,159
6972,SUBMIT,1535,0x80017fc0,0
6977,COMPLETE,1504,0x80017800,159
6977,SUBMIT,1536,0x80018000,0
6982,COMPLETE,1505,0x80017840,159
6982,SUBMIT,1537,0x80018040,0
6987,COMPLETE,1506,0x80017880,159
6987,SUBMIT,1538,0x80018080,0
6992,COMPLETE,1507,0x800178c0,159
6992,SUBMIT,1539,0x800180c0,0
6997,COMPLETE,1508,0x80017900,159
6997,SUBMIT,1540,0x80018100,0
7002,COMPLETE,1509,0x80017940,159
7002,SUBMIT,1541,0x80018140,0
7007,COMPLETE,1510,0x80017980,159
7007,SUBMIT,1542,0x80018180,0
7011,COMPLETE,1536,0x80018000,34
7014,COMPLETE,1511,0x800179c0,161
7014,SUBMIT,1543,0x800181c0,0
7017,COMPLETE,1537,0x80018040,35
7021,COMPLETE,1512,0x80017a00,163
7021,SUBMIT,1544,0x80018200,0
7024,COMPLETE,1538,0x80018080,37
7027,COMPLETE,1513,0x80017a40,164
7027,SUBMIT,1545,0x80018240,0
7031,COMPLETE,1539,0x800180c0,39
7034,COMPLETE,1514,0x80017a80,166
7034,SUBMIT,1546,0x80018280,0
7037,COMPLETE,1540,0x80018100,40
7041,COMPLETE,1515,0x80017ac0,168
7041,SUBMIT,1547,0x800182c0,0
7044,COMPLETE,1541,0x80018140,42
7047,COMPLETE,1516,0x80017b00,169
7047,SUBMIT,1548,0x80018300,0
7051,COMPLETE,1542,0x80018180,44
7054,COMPLETE,1517,0x80017b40,171
7054,SUBMIT,1549,0x80018340,0
7057,COMPLETE,1543,0x800181c0,43
7060,COMPLETE,1518,0x80017b80,172
7060,SUBMIT,1550,0x80018380,0
7064,COMPLETE,1544,0x80018200,43
7067,COMPLETE,1519,0x80017bc0,174
7067,SUBMIT,1551,0x800183c0,0
7070,COMPLETE,1545,0x80018240,43
7074,COMPLETE,1520,0x80017c00,176
7074,SUBMIT,1552,0x80018400,0
7077,COMPLETE,1546,0x80018280,43
7080,COMPLETE,1521,0x80017c40,177
7080,SUBMIT,1553,0x80018440,0
7084,COMPLETE,1547,0x800182c0,43
7087,COMPLETE,1522,0x80017c80,179
7087,SUBMIT,1554,0x80018480,0
7090,COMPLETE,1548,0x80018300,43
7094,COMPLETE,1523,0x80017cc0,181
7094,SUBMIT,1555,0x800184c0,0
7097,COMPLETE,1549,0x80018340,43
7100,COMPLETE,1524,0x80017d00,182
7100,SUBMIT,1556,0x80018500,0
7104,COMPLETE,1550,0x80018380,44
7107,COMPLETE,1525,0x80017d40,184
7107,SUBMIT,1557,0x80018540,0
7110,COMPLETE,1551,0x800183c0,43
7114,COMPLETE,1526,0x80017d80,186
7114,SUBMIT,1558,0x80018580,0
7117,COMPLETE,1552,0x80018400,43
7120,COMPLETE,1527,0x80017dc0,187
7120,SUBMIT,1559,0x800185c0,0
7124,COMPLETE,1553,0x80018440,44
7127,COMPLETE,1528,0x80017e00,189
7127,SUBMIT,1560,0x80018600,0
7130,COMPLETE,1554,0x80018480,43
7134,COMPLETE,1529,0x80017e40,191
7134,SUBMIT,1561,0x80018640,0
7137,COMPLETE,1555,0x800184c0,43
7140,COMPLETE,1530,0x80017e80,192
7140,SUBMIT,1562,0x80018680,0
7143,COMPLETE,1556,0x80018500,43
7147,COMPLETE,1531,0x80017ec0,194
7147,SUBMIT,1563,0x800186c0,0
7150,COMPLETE,1557,0x80018540,43
7153,COMPLETE,1532,0x80017f00,195
7153,SUBMIT,1564,0x80018700,0
7157,COMPLETE,1558,0x80018580,43
7160,COMPLETE,1533,0x80017f40,197
7160,SUBMIT,1565,0x80018740,0
7163,COMPLETE,1559,0x800185c0,43
7167,COMPLETE,1534,0x80017f80,199
7167,SUBMIT,1566,0x80018780,0
7170,COMPLETE,1560,0x80018600,43
7173,COMPLETE,1535,0x80017fc0,201
7173,SUBMIT,1567,0x800187c0,0
7174,SUBMIT,1568,0x80018800,0
7175,SUBMIT,1569,0x80018840,0
7176,SUBMIT,1570,0x80018880,0
7177,COMPLETE,1561,0x80018640,43
7177,SUBMIT,1571,0x800188c0,0
7178,SUBMIT,1572,0x80018900,0
7179,SUBMIT,1573,0x80018940,0
7180,SUBMIT,1574,0x80018980,0
7181,SUBMIT,1575,0x800189c0,0
7182,COMPLETE,1562,0x80018680,42
7182,SUBMIT,1576,0x80018a00,0
7183,SUBMIT,1577,0x80018a40,0
7184,SUBMIT,1578,0x80018a80,0
7185,SUBMIT,1579,0x80018ac0,0
7186,SUBMIT,1580,0x80018b00,0
7187,COMPLETE,1563,0x800186c0,40
7187,SUBMIT,1581,0x80018b40,0
7188,SUBMIT,1582,0x80018b80,0
7189,SUBMIT,1583,0x80018bc0,0
7190,SUBMIT,1584,0x80018c00,0
7191,SUBMIT,1585,0x80018c40,0
7192,COMPLETE,1564,0x80018700,39
7192,SUBMIT,1586,0x80018c80,0
7193,SUBMIT,1587,0x80018cc0,0
7194,SUBMIT,1588,0x80018d00,0
7195,SUBMIT,1589,0x80018d40,0
7196,SUBMIT,1590,0x80018d80,0
7197,COMPLETE,1565,0x80018740,37
7197,SUBMIT,1591,0x80018dc0,0
7198,SUBMIT,1592,0x80018e00,0
7199,SUBMIT,1593,0x80018e40,0
7200,SUBMIT,1594,0x80018e80,0
7201,SUBMIT,1595,0x80018ec0,0
7202,COMPLETE,1566,0x80018780,35
7202,SUBMIT,1596,0x80018f00,0
7203,SUBMIT,1597,0x80018f40,0
7204,SUBMIT,1598,0x80018f80,0
7207,COMPLETE,1567,0x800187c0,34
7207,SUBMIT,1599,0x80018fc0,0
7212,COMPLETE,1568,0x80018800,38
7212,SUBMIT,1600,0x80019000,0
7217,COMPLETE,1569,0x80018840,42
7217,SUBMIT,1601,0x80019040,0
7221,COMPLETE,1570,0x80018880,45
7221,SUBMIT,1602,0x80019080,0
7226,COMPLETE,1571,0x800188c0,49
7226,SUBMIT,1603,0x800190c0,0
7231,COMPLETE,1572,0x80018900,53
7231,SUBMIT,1604,0x80019100,0
7236,COMPLETE,1573,0x80018940,57
7236,SUBMIT,1605,0x80019140,0
7241,COMPLETE,1574,0x80018980,61
7241,SUBMIT,1606,0x80019180,0
7246,COMPLETE,1575,0x800189c0,65
7246,SUBMIT,1607,0x800191c0,0
7251,COMPLETE,1576,0x80018a00,69
7251,SUBMIT,1608,0x80019200,0
7256,COMPLETE,1577,0x80018a40,73
7256,SUBMIT,1609,0x80019240,0
7261,COMPLETE,1578,0x80018a80,77
7261,SUBMIT,1610,0x80019280,0
7266,COMPLETE,1579,0x80018ac0,81
7266,SUBMIT,1611,0x800192c0,0
7271,COMPLETE,1580,0x80018b00,85
7271,SUBMIT,1612,0x80019300,0
7276,COMPLETE,1581,0x80018b40,89
7276,SUBMIT,1613,0x80019340,0
7281,COMPLETE,1582,0x80018b80,93
7281,SUBMIT,1614,0x80019380,0
7286,COMPLETE,1583,0x80018bc0,97
7286,SUBMIT,1615,0x800193c0,0
7291,COMPLETE,1584,0x80018c00,101
7291,SUBMIT,1616,0x80019400,0
7296,COMPLETE,1585,0x80018c40,105
7296,SUBMIT,1617,0x80019440,0
7301,COMPLETE,1586,0x80018c80,109
7301,SUBMIT,1618,0x80019480,0
7306,COMPLETE,1587,0x80018cc0,113
7306,SUBMIT,1619,0x800194c0,0
7311,COMPLETE,1588,0x80018d00,117
7311,SUBMIT,1620,0x80019500,0
7316,COMPLETE,1589,0x80018d40,121
7316,SUBMIT,1621,0x80019540,0
7321,COMPLETE,1590,0x80018d80,125
7321,SUBMIT,1622,0x80019580,0
7326,COMPLETE,1591,0x80018dc0,129
7326,SUBMIT,1623,0x800195c0,0
7331,COMPLETE,1592,0x80018e00,133
7331,SUBMIT,1624,0x80019600,0
7336,COMPLETE,1593,0x80018e40,137
7336,SUBMIT,1625,0x80019640,0
7341,COMPLETE,1594,0x80018e80,141
7341,SUBMIT,1626,0x80019680,0
7346,COMPLETE,1595,0x80018ec0,145
7346,SUBMIT,1627,0x800196c0,0
7351,COMPLETE,1596,0x80018f00,149
7351,SUBMIT,1628,0x80019700,0
7356,COMPLETE,1597,0x80018f40,153
7356,SUBMIT,1629,0x80019740,0
7361,COMPLETE,1598,0x80018f80,157
7361,SUBMIT,1630,0x80019780,0
7366,COMPLETE,1599,0x80018fc0,159
7366,SUBMIT,1631,0x800197c0,0
7371,COMPLETE,1600,0x80019000,159
7371,SUBMIT,1632,0x80019800,0
7376,COMPLETE,1601,0x80019040,159
7376,SUBMIT,1633,0x80019840,0
7381,COMPLETE,1602,0x80019080,160
7381,SUBMIT,1634,0x80019880,0
7386,COMPLETE,1603,0x800190c0,160
7386,SUBMIT,1635,0x800198c0,0
7391,COMPLETE,1604,0x80019100,160
7391,SUBMIT,1636,0x80019900,0
7396,COMPLETE,1605,0x80019140,160
7396,SUBMIT,1637,0x80019940,0
7401,COMPLETE,1606,0x80019180,160
7401,SUBMIT,1638,0x80019980,0
7406,COMPLETE,1607,0x800191c0,160
7406,SUBMIT,1639,0x800199c0,0
7411,COMPLETE,1608,0x80019200,160
7411,SUBMIT,1640,0x80019a00,0
7416,COMPLETE,1609,0x80019240,160
7416,SUBMIT,1641,0x80019a40,0
7421,COMPLETE,1610,0x80019280,160
7421,SUBMIT,1642,0x80019a80,0
7426,COMPLETE,1611,0x800192c0,160
7426,SUBMIT,1643,0x80019ac0,0
7431,COMPLETE,1612,0x80019300,160
7431,SUBMIT,1644,0x80019b00,0
7436,COMPLETE,1613,0x80019340,160
7436,SUBMIT,1645,0x80019b40,0
7441,COMPLETE,1614,0x80019380,160
7441,SUBMIT,1646,0x80019b80,0
7446,COMPLETE,1615,0x800193c0,160
7446,SUBMIT,1647,0x80019bc0,0
7451,COMPLETE,1616,0x80019400,160
7451,SUBMIT,1648,0x80019c00,0
7456,COMPLETE,1617,0x80019440,160
7456,SUBMIT,1649,0x80019c40,0
7461,COMPLETE,1618,0x80019480,160
7461,SUBMIT,1650,0x80019c80,0
7466,COMPLETE,1619,0x800194c0,160
7466,SUBMIT,1651,0x80019cc0,0
7470,COMPLETE,1620,0x80019500,159
7470,SUBMIT,1652,0x80019d00,0
7475,COMPLETE,1621,0x80019540,159
7475,SUBMIT,1653,0x80019d40,0
7480,COMPLETE,1622,0x80019580,159
7480,SUBMIT,1654,0x80019d80,0
7485,COMPLETE,1623,0x800195c0,159
7485,SUBMIT,1655,0x80019dc0,0
7490,COMPLETE,1624,0x80019600,159
7490,SUBMIT,1656,0x80019e00,0
7495,COMPLETE,1625,0x80019640,159
7495,SUBMIT,1657,0x80019e40,0
7500,COMPLETE,1626,0x80019680,159
7500,SUBMIT,1658,0x80019e80,0
7505,COMPLETE,1627,0x800196c0,159
7505,SUBMIT,1659,0x80019ec0,0
7510,COMPLETE,1628,0x80019700,159
7510,SUBMIT,1660,0x80019f00,0
7515,COMPLETE,1629,0x80019740,159
7515,SUBMIT,1661,0x80019f40,0
7520,COMPLETE,1630,0x80019780,159
7520,SUBMIT,1662,0x80019f80,0
7525,COMPLETE,1631,0x800197c0,159
7525,SUBMIT,1663,0x80019fc0,0
7530,COMPLETE,1632,0x80019800,159
7530,SUBMIT,1664,0x8001a000,0
7535,COMPLETE,1633,0x80019840,159
7535,SUBMIT,1665,0x8001a040,0
7540,COMPLETE,1634,0x80019880,159
7540,SUBMIT,1666,0x8001a080,0
7545,COMPLETE,1635,0x800198c0,159
7545,SUBMIT,1667,0x8001a0c0,0
7550,COMPLETE,1636,0x80019900,159
7550,SUBMIT,1668,0x8001a100,0
7555,COMPLETE,1637,0x80019940,159
7555,SUBMIT,1669,0x8001a140,0
7560,COMPLETE,1638,0x80019980,159
7560,SUBMIT,1670,0x8001a180,0
7563,COMPLETE,1664,0x8001a000,33
7567,COMPLETE,1639,0x800199c0,161
7567,SUBMIT,1671,0x8001a1c0,0
7570,COMPLETE,1665,0x8001a040,35
7573,COMPLETE,1640,0x80019a00,162
7573,SUBMIT,1672,0x8001a200,0
7577,COMPLETE,1666,0x8001a080,37
7580,COMPLETE,1641,0x80019a40,164
7580,SUBMIT,1673,0x8001a240,0
7583,COMPLETE,1667,0x8001a0c0,38
7587,COMPLETE,1642,0x80019a80,166
7587,SUBMIT,1674,0x8001a280,0
7590,COMPLETE,1668,0x8001a100,40
7593,COMPLETE,1643,0x80019ac0,167
7593,SUBMIT,1675,0x8001a2c0,0
7597,COMPLETE,1669,0x8001a140,42
7600,COMPLETE,1644,0x80019b00,169
7600,SUBMIT,1676,0x8001a300,0
7603,COMPLETE,1670,0x8001a180,43
7607,COMPLETE,1645,0x80019b40,171
7607,SUBMIT,1677,0x8001a340,0
7610,COMPLETE,1671,0x8001a1c0,43
7613,COMPLETE,1646,0x80019b80,172
7613,SUBMIT,1678,0x8001a380,0
7617,COMPLETE,1672,0x8001a200,44
7620,COMPLETE,1647,0x80019bc0,174
7620,SUBMIT,1679,0x8001a3c0,0
7623,COMPLETE,1673,0x8001a240,43
7627,COMPLETE,1648,0x80019c00,176
7627,SUBMIT,1680,0x8001a400,0
7630,COMPLETE,1674,0x8001a280,43
7633,COMPLETE,1649,0x80019c40,177
7633,SUBMIT,1681,0x8001a440,0
7636,COMPLETE,1675,0x8001a2c0,43
7640,COMPLETE,1650,0x80019c80,179
7640,SUBMIT,1682,0x8001a480,0
7643,COMPLETE,1676,0x8001a300,43
7646,COMPLETE,1651,0x80019cc0,180
7646,SUBMIT,1683,0x8001a4c0,0
7650,COMPLETE,1677,0x8001a340,43
7653,COMPLETE,1652,0x80019d00,183
7653,SUBMIT,1684,0x8001a500,0
7656,COMPLETE,1678,0x8001a380,43
7660,COMPLETE,1653,0x80019d40,185
7660,SUBMIT,1685,0x8001a540,0
7663,COMPLETE,1679,0x8001a3c0,43
7666,COMPLETE,1654,0x80019d80,186
7666,SUBMIT,1686,0x8001a580,0
7670,COMPLETE,1680,0x8001a400,43
7673,COMPLETE,1655,0x80019dc0,188
7673,SUBMIT,1687,0x8001a5c0,0
7676,COMPLETE,1681,0x8001a440,43
7680,COMPLETE,1656,0x80019e00,190
7680,SUBMIT,1688,0x8001a600,0
7683,COMPLETE,1682,0x8001a480,43
7686,COMPLETE,1657,0x80019e40,191
7686,SUBMIT,1689,0x8001a640,0
7690,COMPLETE,1683,0x8001a4c0,44
7693,COMPLETE,1658,0x80019e80,193
7693,SUBMIT,1690,0x8001a680,0
7696,COMPLETE,1684,0x8001a500,43
7700,COMPLETE,1659,0x80019ec0,195
7700,SUBMIT,1691,0x8001a6c0,0
7703,COMPLETE,1685,0x8001a540,43
7706,COMPLETE,1660,0x80019f00,196
7706,SUBMIT,1692,0x8001a700,0
7710,COMPLETE,1686,0x8001a580,44
7713,COMPLETE,1661,0x80019f40,198
7713,SUBMIT,1693,0x8001a740,0
7716,COMPLETE,1687,0x8001a5c0,43
7719,COMPLETE,1662,0x80019f80,199
7719,SUBMIT,1694,0x8001a780,0
7723,COMPLETE,1688,0x8001a600,43
7726,COMPLETE,1663,0x80019fc0,201
7726,SUBMIT,1695,0x8001a7c0,0
7727,SUBMIT,1696,0x8001a800,0
7728,SUBMIT,1697,0x8001a840,0
7729,COMPLETE,1689,0x8001a640,43
7729,SUBMIT,1698,0x8001a880,0
7730,SUBMIT,1699,0x8001a8c0,0
7731,SUBMIT,1700,0x8001a900,0
7732,SUBMIT,1701,0x8001a940,0
7733,SUBMIT,1702,0x8001a980,0
7734,COMPLETE,1690,0x8001a680,41
7734,SUBMIT,1703,0x8001a9c0,0
7735,SUBMIT,1704,0x8001aa00,0
7736,SUBMIT,1705,0x8001aa40,0
7737,SUBMIT,1706,0x8001aa80,0
7738,SUBMIT,1707,0x8001aac0,0
7739,COMPLETE,1691,0x8001a6c0,39
7739,SUBMIT,1708,0x8001ab00,0
7740,SUBMIT,1709,0x8001ab40,0
7741,SUBMIT,1710,0x8001ab80,0
7742,SUBMIT,1711,0x8001abc0,0
7743,SUBMIT,1712,0x8001ac00,0
7744,COMPLETE,1692,0x8001a700,38
7744,SUBMIT,1713,0x8001ac40,0
7745,SUBMIT,1714,0x8001ac80,0
7746,SUBMIT,1715,0x8001acc0,0
7747,SUBMIT,1716,0x8001ad00,0
7748,SUBMIT,1717,0x8001ad40,0
7749,COMPLETE,1693,0x8001a740,36
7749,SUBMIT,1718,0x8001ad80,0
7750,SUBMIT,1719,0x8001adc0,0
7751,SUBMIT,1720,0x8001ae00,0
7752,SUBMIT,1721,0x8001ae40,0
7753,SUBMIT,1722,0x8001ae80,0
7754,COMPLETE,1694,0x8001a780,35
7754,SUBMIT,1723,0x8001aec0,0
7755,SUBMIT,1724,0x8001af00,0
7756,SUBMIT,1725,0x8001af40,0
7757,SUBMIT,1726,0x8001af80,0
7759,COMPLETE,1695,0x8001a7c0,33
7759,SUBMIT,1727,0x8001afc0,0
7764,COMPLETE,1696,0x8001a800,37
7764,SUBMIT,1728,0x8001b000,0
7769,COMPLETE,1697,0x8001a840,41
7769,SUBMIT,1729,0x8001b040,0
7774,COMPLETE,1698,0x8001a880,45
7774,SUBMIT,1730,0x8001b080,0
7779,COMPLETE,1699,0x8001a8c0,49
7779,SUBMIT,1731,0x8001b0c0,0
7784,COMPLETE,1700,0x8001a900,53
7784,SUBMIT,1732,0x8001b100,0
7789,COMPLETE,1701,0x8001a940,57
7789,SUBMIT,1733,0x8001b140,0
7794,COMPLETE,1702,0x8001a980,61
7794,SUBMIT,1734,0x8001b180,0
7799,COMPLETE,1703,0x8001a9c0,65
7799,SUBMIT,1735,0x8001b1c0,0
7804,COMPLETE,1704,0x8001aa00,69
7804,SUBMIT,1736,0x8001b200,0
7809,COMPLETE,1705,0x8001aa40,73
7809,SUBMIT,1737,0x8001b240,0
7814,COMPLETE,1706,0x8001aa80,77
7814,SUBMIT,1738,0x8001b280,0
7819,COMPLETE,1707,0x8001aac0,81
7819,SUBMIT,1739,0x8001b2c0,0
7824,COMPLETE,1708,0x8001ab00,85
7824,SUBMIT,1740,0x8001b300,0
7829,COMPLETE,1709,0x8001ab40,89
7829,SUBMIT,1741,0x8001b340,0
7834,COMPLETE,1710,0x8001ab80,93
7834,SUBMIT,1742,0x8001b380,0
7839,COMPLETE,1711,0x8001abc0,97
7839,SUBMIT,1743,0x8001b3c0,0
7844,COMPLETE,1712,0x8001ac00,101
7844,SUBMIT,1744,0x8001b400,0
7849,COMPLETE,1713,0x8001ac40,105
7849,SUBMIT,1745,0x8001b440,0
7854,COMPLETE,1714,0x8001ac80,109
7854,SUBMIT,1746,0x8001b480,0
7859,COMPLETE,1715,0x8001acc0,113
7859,SUBMIT,1747,0x8001b4c0,0
7864,COMPLETE,1716,0x8001ad00,117
7864,SUBMIT,1748,0x8001b500,0
7869,COMPLETE,1717,0x8001ad40,121
7869,SUBMIT,1749,0x8001b540,0
7874,COMPLETE,1718,0x8001ad80,125
7874,SUBMIT,1750,0x8001b580,0
7879,COMPLETE,1719,0x8001adc0,129
7879,SUBMIT,1751,0x8001b5c0,0
7884,COMPLETE,1720,0x8001ae00,133
7884,SUBMIT,1752,0x8001b600,0
7889,COMPLETE,1721,0x8001ae40,137
7889,SUBMIT,1753,0x8001b640,0
7894,COMPLETE,1722,0x8001ae80,141
7894,SUBMIT,1754,0x8001b680,0
7899,COMPLETE,1723,0x8001aec0,145
7899,SUBMIT,1755,0x8001b6c0,0
7904,COMPLETE,1724,0x8001af00,149
7904,SUBMIT,1756,0x8001b700,0
7909,COMPLETE,1725,0x8001af40,153
7909,SUBMIT,1757,0x8001b740,0
7914,COMPLETE,1726,0x8001af80,157
7914,SUBMIT,1758,0x8001b780,0
7919,COMPLETE,1727,0x8001afc0,160
7919,SUBMIT,1759,0x8001b7c0,0
7924,COMPLETE,1728,0x8001b000,160
7924,SUBMIT,1760,0x8001b800,0
7929,COMPLETE,1729,0x8001b040,160
7929,SUBMIT,1761,0x8001b840,0
7934,COMPLETE,1730,0x8001b080,160
7934,SUBMIT,1762,0x8001b880,0
7939,COMPLETE,1731,0x8001b0c0,160
7939,SUBMIT,1763,0x8001b8c0,0
7944,COMPLETE,1732,0x8001b100,160
7944,SUBMIT,1764,0x8001b900,0
7949,COMPLETE,1733,0x8001b140,160
7949,SUBMIT,1765,0x8001b940,0
7954,COMPLETE,1734,0x8001b180,160
7954,SUBMIT,1766,0x8001b980,0
7959,COMPLETE,1735,0x8001b1c0,160
7959,SUBMIT,1767,0x8001b9c0,0
7964,COMPLETE,1736,0x8001b200,160
7964,SUBMIT,1768,0x8001ba00,0
7968,COMPLETE,1737,0x8001b240,159
7968,SUBMIT,1769,0x8001ba40,0
7973,COMPLETE,1738,0x8001b280,159
7973,SUBMIT,1770,0x8001ba80,0
7978,COMPLETE,1739,0x8001b2c0,159
7978,SUBMIT,1771,0x8001bac0,0
7983,COMPLETE,1740,0x8001b300,159
7983,SUBMIT,1772,0x8001bb00,0
7988,COMPLETE,1741,0x8001b340,159
7988,SUBMIT,1773,0x8001bb40,0
7993,COMPLETE,1742,0x8001b380,159
7993,SUBMIT,1774,0x8001bb80,0
7998,COMPLETE,1743,0x8001b3c0,159
7998,SUBMIT,1775,0x8001bbc0,0
8003,COMPLETE,1744,0x8001b400,159
8003,SUBMIT,1776,0x8001bc00,0
8008,COMPLETE,1745,0x8001b440,159
8008,SUBMIT,1777,0x8001bc40,0
8013,COMPLETE,1746,0x8001b480,159
8013,SUBMIT,1778,0x8001bc80,0
8018,COMPLETE,1747,0x8001b4c0,159
8018,SUBMIT,1779,0x8001bcc0,0
8023,COMPLETE,1748,0x8001b500,159
8023,SUBMIT,1780,0x8001bd00,0
8028,COMPLETE,1749,0x8001b540,159
8028,SUBMIT,1781,0x8001bd40,0
8033,COMPLETE,1750,0x8001b580,159
8033,SUBMIT,1782,0x8001bd80,0
8038,COMPLETE,1751,0x8001b5c0,159
8038,SUBMIT,1783,0x8001bdc0,0
8043,COMPLETE,1752,0x8001b600,159
8043,SUBMIT,1784,0x8001be00,0
8048,COMPLETE,1753,0x8001b640,159
8048,SUBMIT,1785,0x8001be40,0
8053,COMPLETE,1754,0x8001b680,159
8053,SUBMIT,1786,0x8001be80,0
8058,COMPLETE,1755,0x8001b6c0,159
8058,SUBMIT,1787,0x8001bec0,0
8063,COMPLETE,1756,0x8001b700,159
8063,SUBMIT,1788,0x8001bf00,0
8068,COMPLETE,1757,0x8001b740,159
8068,SUBMIT,1789,0x8001bf40,0
8073,COMPLETE,1758,0x8001b780,159
8073,SUBMIT,1790,0x8001bf80,0
8078,COMPLETE,1759,0x8001b7c0,159
8078,SUBMIT,1791,0x8001bfc0,0
8083,COMPLETE,1760,0x8001b800,159
8083,SUBMIT,1792,0x8001c000,0
8088,COMPLETE,1761,0x8001b840,159
8088,SUBMIT,1793,0x8001c040,0
8093,COMPLETE,1762,0x8001b880,159
8093,SUBMIT,1794,0x8001c080,0
8098,COMPLETE,1763,0x8001b8c0,159
8098,SUBMIT,1795,0x8001c0c0,0
8103,COMPLETE,1764,0x8001b900,159
8103,SUBMIT,1796,0x8001c100,0
8108,COMPLETE,1765,0x8001b940,159
8108,SUBMIT,1797,0x8001c140,0
8113,COMPLETE,1766,0x8001b980,159
8113,SUBMIT,1798,0x8001c180,0
8116,COMPLETE,1792,0x8001c000,33
8120,COMPLETE,1767,0x8001b9c0,161
8120,SUBMIT,1799,0x8001c1c0,0
8123,COMPLETE,1793,0x8001c040,35
8126,COMPLETE,1768,0x8001ba00,162
8126,SUBMIT,1800,0x8001c200,0
8130,COMPLETE,1794,0x8001c080,37
8133,COMPLETE,1769,0x8001ba40,165
8133,SUBMIT,1801,0x8001c240,0
8136,COMPLETE,1795,0x8001c0c0,38
8139,COMPLETE,1770,0x8001ba80,166
8139,SUBMIT,1802,0x8001c280,0
8143,COMPLETE,1796,0x8001c100,40
8146,COMPLETE,1771,0x8001bac0,168
8146,SUBMIT,1803,0x8001c2c0,0
8149,COMPLETE,1797,0x8001c140,41
8153,COMPLETE,1772,0x8001bb00,170
8153,SUBMIT,1804,0x8001c300,0
8156,COMPLETE,1798,0x8001c180,43
8159,COMPLETE,1773,0x8001bb40,171
8159,SUBMIT,1805,0x8001c340,0
8163,COMPLETE,1799,0x8001c1c0,43
8166,COMPLETE,1774,0x8001bb80,173
8166,SUBMIT,1806,0x8001c380,0
8169,COMPLETE,1800,0x8001c200,43
8173,COMPLETE,1775,0x8001bbc0,175
8173,SUBMIT,1807,0x8001c3c0,0
8176,COMPLETE,1801,0x8001c240,43
8179,COMPLETE,1776,0x8001bc00,176
8179,SUBMIT,1808,0x8001c400,0
8183,COMPLETE,1802,0x8001c280,44
8186,COMPLETE,1777,0x8001bc40,178
8186,SUBMIT,1809,0x8001c440,0
8189,COMPLETE,1803,0x8001c2c0,43
8193,COMPLETE,1778,0x8001bc80,180
8193,SUBMIT,1810,0x8001c480,0
8196,COMPLETE,1804,0x8001c300,43
8199,COMPLETE,1779,0x8001bcc0,181
8199,SUBMIT,1811,0x8001c4c0,0
8203,COMPLETE,1805,0x8001c340,44
8206,COMPLETE,1780,0x8001bd00,183
8206,SUBMIT,1812,0x8001c500,0
8209,COMPLETE,1806,0x8001c380,43
8213,COMPLETE,1781,0x8001bd40,185
8213,SUBMIT,1813,0x8001c540,0
8216,COMPLETE,1807,0x8001c3c0,43
8219,COMPLETE,1782,0x8001bd80,186
8219,SUBMIT,1814,0x8001c580,0
8222,COMPLETE,1808,0x8001c400,43
8226,COMPLETE,1783,0x8001bdc0,188
8226,SUBMIT,1815,0x8001c5c0,0
8229,COMPLETE,1809,0x8001c440,43
8232,COMPLETE,1784,0x8001be00,189
8232,SUBMIT,1816,0x8001c600,0
8236,COMPLETE,1810,0x8001c480,43
8239,COMPLETE,1785,0x8001be40,191
8239,SUBMIT,1817,0x8001c640,0
8242,COMPLETE,1811,0x8001c4c0,43
8246,COMPLETE,1786,0x8001be80,193
8246,SUBMIT,1818,0x8001c680,0
8249,COMPLETE,1812,0x8001c500,43
8252,COMPLETE,1787,0x8001bec0,194
8252,SUBMIT,1819,0x8001c6c0,0
8256,COMPLETE,1813,0x8001c540,43
8259,COMPLETE,1788,0x8001bf00,196
8259,SUBMIT,1820,0x8001c700,0
8262,COMPLETE,1814,0x8001c580,43
8266,COMPLETE,1789,0x8001bf40,198
8266,SUBMIT,1821,0x8001c740,0
8269,COMPLETE,1815,0x8001c5c0,43
8272,COMPLETE,1790,0x8001bf80,199
8272,SUBMIT,1822,0x8001c780,0
8276,COMPLETE,1816,0x8001c600,44
8279,COMPLETE,1791,0x8001bfc0,201
8279,SUBMIT,1823,0x8001c7c0,0
8280,SUBMIT,1824,0x8001c800,0
8281,SUBMIT,1825,0x8001c840,0
8282,COMPLETE,1817,0x8001c640,43
8282,SUBMIT,1826,0x8001c880,0
8283,SUBMIT,1827,0x8001c8c0,0
8284,SUBMIT,1828,0x8001c900,0
8285,SUBMIT,1829,0x8001c940,0
8286,SUBMIT,1830,0x8001c980,0
8287,COMPLETE,1818,0x8001c680,41
8287,SUBMIT,1831,0x8001c9c0,0
8288,SUBMIT,1832,0x8001ca00,0
8289,SUBMIT,1833,0x8001ca40,0
8290,SUBMIT,1834,0x8001ca80,0
8291,SUBMIT,1835,0x8001cac0,0
8292,COMPLETE,1819,0x8001c6c0,40
8292,SUBMIT,1836,0x8001cb00,0
8293,SUBMIT,1837,0x8001cb40,0
8294,SUBMIT,1838,0x8001cb80,0
8295,SUBMIT,1839,0x8001cbc0,0
8296,SUBMIT,1840,0x8001cc00,0
8297,COMPLETE,1820,0x8001c700,38
8297,SUBMIT,1841,0x8001cc40,0
8298,SUBMIT,1842,0x8001cc80,0
8299,SUBMIT,1843,0x8001ccc0,0
8300,SUBMIT,1844,0x8001cd00,0
8301,SUBMIT,1845,0x8001cd40,0
8302,COMPLETE,1821,0x8001c740,36
8302,SUBMIT,1846,0x8001cd80,0
8303,SUBMIT,1847,0x8001cdc0,0
8304,SUBMIT,1848,0x8001ce00,0
8305,SUBMIT,1849,0x8001ce40,0
8306,SUBMIT,1850,0x8001ce80,0
8307,COMPLETE,1822,0x8001c780,35
8307,SUBMIT,1851,0x8001cec0,0
8308,SUBMIT,1852,0x8001cf00,0
8309,SUBMIT,1853,0x8001cf40,0
8310,SUBMIT,1854,0x8001cf80,0
8312,COMPLETE,1823,0x8001c7c0,33
8312,SUBMIT,1855,0x8001cfc0,0
8317,COMPLETE,1824,0x8001c800,37
8317,SUBMIT,1856,0x8001d000,0
8322,COMPLETE,1825,0x8001c840,41
8322,SUBMIT,1857,0x8001d040,0
8327,COMPLETE,1826,0x8001c880,45
8327,SUBMIT,1858,0x8001d080,0
8332,COMPLETE,1827,0x8001c8c0,49
8332,SUBMIT,1859,0x8001d0c0,0
8337,COMPLETE,1828,0x8001c900,53
8337,SUBMIT,1860,0x8001d100,0
8342,COMPLETE,1829,0x8001c940,57
8342,SUBMIT,1861,0x8001d140,0
8347,COMPLETE,1830,0x8001c980,61
8347,SUBMIT,1862,0x8001d180,0
8352,COMPLETE,1831,0x8001c9c0,65
8352,SUBMIT,1863,0x8001d1c0,0
8357,COMPLETE,1832,0x8001ca00,69
8357,SUBMIT,1864,0x8001d200,0
8362,COMPLETE,1833,0x8001ca40,73
8362,SUBMIT,1865,0x8001d240,0
8367,COMPLETE,1834,0x8001ca80,77
8367,SUBMIT,1866,0x8001d280,0
8372,COMPLETE,1835,0x8001cac0,81
8372,SUBMIT,1867,0x8001d2c0,0
8377,COMPLETE,1836,0x8001cb00,85
8377,SUBMIT,1868,0x8001d300,0
8382,COMPLETE,1837,0x8001cb40,89
8382,SUBMIT,1869,0x8001d340,0
8387,COMPLETE,1838,0x8001cb80,93
8387,SUBMIT,1870,0x8001d380,0
8392,COMPLETE,1839,0x8001cbc0,97
8392,SUBMIT,1871,0x8001d3c0,0
8397,COMPLETE,1840,0x8001cc00,101
8397,SUBMIT,1872,0x8001d400,0
8402,COMPLETE,1841,0x8001cc40,105
8402,SUBMIT,1873,0x8001d440,0
8407,COMPLETE,1842,0x8001cc80,109
8407,SUBMIT,1874,0x8001d480,0
8412,COMPLETE,1843,0x8001ccc0,113
8412,SUBMIT,1875,0x8001d4c0,0
8417,COMPLETE,1844,0x8001cd00,117
8417,SUBMIT,1876,0x8001d500,0
8422,COMPLETE,1845,0x8001cd40,121
8422,SUBMIT,1877,0x8001d540,0
8427,COMPLETE,1846,0x8001cd80,125
8427,SUBMIT,1878,0x8001d580,0
8432,COMPLETE,1847,0x8001cdc0,129
8432,SUBMIT,1879,0x8001d5c0,0
8437,COMPLETE,1848,0x8001ce00,133
8437,SUBMIT,1880,0x8001d600,0
8442,COMPLETE,1849,0x8001ce40,137
8442,SUBMIT,1881,0x8001d640,0
8447,COMPLETE,1850,0x8001ce80,141
8447,SUBMIT,1882,0x8001d680,0
8452,COMPLETE,1851,0x8001cec0,145
8452,SUBMIT,1883,0x8001d6c0,0
8457,COMPLETE,1852,0x8001cf00,149
8457,SUBMIT,1884,0x8001d700,0
8462,COMPLETE,1853,0x8001cf40,153
8462,SUBMIT,1885,0x8001d740,0
8466,COMPLETE,1854,0x8001cf80,156
8466,SUBMIT,1886,0x8001d780,0
8471,COMPLETE,1855,0x8001cfc0,159
8471,SUBMIT,1887,0x8001d7c0,0
8476,COMPLETE,1856,0x8001d000,159
8476,SUBMIT,1888,0x8001d800,0
8481,COMPLETE,1857,0x8001d040,159
8481,SUBMIT,1889,0x8001d840,0
8486,COMPLETE,1858,0x8001d080,159
8486,SUBMIT,1890,0x8001d880,0
8491,COMPLETE,1859,0x8001d0c0,159
8491,SUBMIT,1891,0x8001d8c0,0
8496,COMPLETE,1860,0x8001d100,159
8496,SUBMIT,1892,0x8001d900,0
8501,COMPLETE,1861,0x8001d140,159
8501,SUBMIT,1893,0x8001d940,0
8506,COMPLETE,1862,0x8001d180,159
8506,SUBMIT,1894,0x8001d980,0
8511,COMPLETE,1863,0x8001d1c0,159
8511,SUBMIT,1895,0x8001d9c0,0
8516,COMPLETE,1864,0x8001d200,159
8516,SUBMIT,1896,0x8001da00,0
8521,COMPLETE,1865,0x8001d240,159
8521,SUBMIT,1897,0x8001da40,0
8526,COMPLETE,1866,0x8001d280,159
8526,SUBMIT,1898,0x8001da80,0
8531,COMPLETE,1867,0x8001d2c0,159
8531,SUBMIT,1899,0x8001dac0,0
8536,COMPLETE,1868,0x8001d300,159
8536,SUBMIT,1900,0x8001db00,0
8541,COMPLETE,1869,0x8001d340,159
8541,SUBMIT,1901,0x8001db40,0
8546,COMPLETE,1870,0x8001d380,159
8546,SUBMIT,1902,0x8001db80,0
8551,COMPLETE,1871,0x8001d3c0,159
8551,SUBMIT,1903,0x8001dbc0,0
8556,COMPLETE,1872,0x8001d400,159
8556,SUBMIT,1904,0x8001dc00,0
8561,COMPLETE,1873,0x8001d440,159
8561,SUBMIT,1905,0x8001dc40,0
8566,COMPLETE,1874,0x8001d480,159
8566,SUBMIT,1906,0x8001dc80,0
8571,COMPLETE,1875,0x8001d4c0,159
8571,SUBMIT,1907,0x8001dcc0,0
8576,COMPLETE,1876,0x8001d500,159
8576,SUBMIT,1908,0x8001dd00,0
8581,COMPLETE,1877,0x8001d540,159
8581,SUBMIT,1909,0x8001dd40,0
8586,COMPLETE,1878,0x8001d580,159
8586,SUBMIT,1910,0x8001dd80,0
8591,COMPLETE,1879,0x8001d5c0,159
8591,SUBMIT,1911,0x8001ddc0,0
8596,COMPLETE,1880,0x8001d600,159
8596,SUBMIT,1912,0x8001de00,0
8601,COMPLETE,1881,0x8001d640,159
8601,SUBMIT,1913,0x8001de40,0
8606,COMPLETE,1882,0x8001d680,159
8606,SUBMIT,1914,0x8001de80,0
8611,COMPLETE,1883,0x8001d6c0,159
8611,SUBMIT,1915,0x8001dec0,0
8616,COMPLETE,1884,0x8001d700,159
8616,SUBMIT,1916,0x8001df00,0
8621,COMPLETE,1885,0x8001d740,159
8621,SUBMIT,1917,0x8001df40,0
8626,COMPLETE,1886,0x8001d780,160
8626,SUBMIT,1918,0x8001df80,0
8631,COMPLETE,1887,0x8001d7c0,160
8631,SUBMIT,1919,0x8001dfc0,0
8636,COMPLETE,1888,0x8001d800,160
8636,SUBMIT,1920,0x8001e000,0
8641,COMPLETE,1889,0x8001d840,160
8641,SUBMIT,1921,0x8001e040,0
8646,COMPLETE,1890,0x8001d880,160
8646,SUBMIT,1922,0x8001e080,0
8651,COMPLETE,1891,0x8001d8c0,160
8651,SUBMIT,1923,0x8001e0c0,0
8656,COMPLETE,1892,0x8001d900,160
8656,SUBMIT,1924,0x8001e100,0
8661,COMPLETE,1893,0x8001d940,160
8661,SUBMIT,1925,0x8001e140,0
8666,COMPLETE,1894,0x8001d980,160
8666,SUBMIT,1926,0x8001e180,0
8669,COMPLETE,1920,0x8001e000,33
8672,COMPLETE,1895,0x8001d9c0,161
8672,SUBMIT,1927,0x8001e1c0,0
8676,COMPLETE,1921,0x8001e040,35
8679,COMPLETE,1896,0x8001da00,163
8679,SUBMIT,1928,0x8001e200,0
8682,COMPLETE,1922,0x8001e080,36
8686,COMPLETE,1897,0x8001da40,165
8686,SUBMIT,1929,0x8001e240,0
8689,COMPLETE,1923,0x8001e0c0,38
8692,COMPLETE,1898,0x8001da80,166
8692,SUBMIT,1930,0x8001e280,0
8696,COMPLETE,1924,0x8001e100,40
8699,COMPLETE,1899,0x8001dac0,168
8699,SUBMIT,1931,0x8001e2c0,0
8702,COMPLETE,1925,0x8001e140,41
8706,COMPLETE,1900,0x8001db00,170
8706,SUBMIT,1932,0x8001e300,0
8709,COMPLETE,1926,0x8001e180,43
8712,COMPLETE,1901,0x8001db40,171
8712,SUBMIT,1933,0x8001e340,0
8715,COMPLETE,1927,0x8001e1c0,43
8719,COMPLETE,1902,0x8001db80,173
8719,SUBMIT,1934,0x8001e380,0
8722,COMPLETE,1928,0x8001e200,43
8725,COMPLETE,1903,0x8001dbc0,174
8725,SUBMIT,1935,0x8001e3c0,0
8729,COMPLETE,1929,0x8001e240,43
8732,COMPLETE,1904,0x8001dc00,176
8732,SUBMIT,1936,0x8001e400,0
8735,COMPLETE,1930,0x8001e280,43
8739,COMPLETE,1905,0x8001dc40,178
8739,SUBMIT,1937,0x8001e440,0
8742,COMPLETE,1931,0x8001e2c0,43
8745,COMPLETE,1906,0x8001dc80,179
8745,SUBMIT,1938,0x8001e480,0
8749,COMPLETE,1932,0x8001e300,43
8752,COMPLETE,1907,0x8001dcc0,181
8752,SUBMIT,1939,0x8001e4c0,0
8755,COMPLETE,1933,0x8001e340,43
8759,COMPLETE,1908,0x8001dd00,183
8759,SUBMIT,1940,0x8001e500,0
8762,COMPLETE,1934,0x8001e380,43
8765,COMPLETE,1909,0x8001dd40,184
8765,SUBMIT,1941,0x8001e540,0
8769,COMPLETE,1935,0x8001e3c0,44
8772,COMPLETE,1910,0x8001dd80,186
8772,SUBMIT,1942,0x8001e580,0
8775,COMPLETE,1936,0x8001e400,43
8779,COMPLETE,1911,0x8001ddc0,188
8779,SUBMIT,1943,0x8001e5c0,0
8782,COMPLETE,1937,0x8001e440,43
8785,COMPLETE,1912,0x8001de00,189
8785,SUBMIT,1944,0x8001e600,0
8789,COMPLETE,1938,0x8001e480,44
8792,COMPLETE,1913,0x8001de40,191
8792,SUBMIT,1945,0x8001e640,0
8795,COMPLETE,1939,0x8001e4c0,43
8798,COMPLETE,1914,0x8001de80,192
8798,SUBMIT,1946,0x8001e680,0
8802,COMPLETE,1940,0x8001e500,43
8805,COMPLETE,1915,0x8001dec0,194
8805,SUBMIT,1947,0x8001e6c0,0
8808,COMPLETE,1941,0x8001e540,43
8812,COMPLETE,1916,0x8001df00,196
8812,SUBMIT,1948,0x8001e700,0
8815,COMPLETE,1942,0x8001e580,43
8818,COMPLETE,1917,0x8001df40,197
8818,SUBMIT,1949,0x8001e740,0
8822,COMPLETE,1943,0x8001e5c0,43
8825,COMPLETE,1918,0x8001df80,199
8825,SUBMIT,1950,0x8001e780,0
8828,COMPLETE,1944,0x8001e600,43
8832,COMPLETE,1919,0x8001dfc0,201
8832,SUBMIT,1951,0x8001e7c0,0
8833,SUBMIT,1952,0x8001e800,0
8834,SUBMIT,1953,0x8001e840,0
8835,COMPLETE,1945,0x8001e640,43
8835,SUBMIT,1954,0x8001e880,0
8836,SUBMIT,1955,0x8001e8c0,0
8837,SUBMIT,1956,0x8001e900,0
8838,SUBMIT,1957,0x8001e940,0
8839,SUBMIT,1958,0x8001e980,0
8840,COMPLETE,1946,0x8001e680,42
8840,SUBMIT,1959,0x8001e9c0,0
8841,SUBMIT,1960,0x8001ea00,0
8842,SUBMIT,1961,0x8001ea40,0
8843,SUBMIT,1962,0x8001ea80,0
8844,SUBMIT,1963,0x8001eac0,0
8845,COMPLETE,1947,0x8001e6c0,40
8845,SUBMIT,1964,0x8001eb00,0
8846,SUBMIT,1965,0x8001eb40,0
8847,SUBMIT,1966,0x8001eb80,0
8848,SUBMIT,1967,0x8001ebc0,0
8849,SUBMIT,1968,0x8001ec00,0
8850,COMPLETE,1948,0x8001e700,38
8850,SUBMIT,1969,0x8001ec40,0
8851,SUBMIT,1970,0x8001ec80,0
8852,SUBMIT,1971,0x8001ecc0,0
8853,SUBMIT,1972,0x8001ed00,0
8854,SUBMIT,1973,0x8001ed40,0
8855,COMPLETE,1949,0x8001e740,37
8855,SUBMIT,1974,0x8001ed80,0
8856,SUBMIT,1975,0x8001edc0,0
8857,SUBMIT,1976,0x8001ee00,0
8858,SUBMIT,1977,0x8001ee40,0
8859,SUBMIT,1978,0x8001ee80,0
8860,COMPLETE,1950,0x8001e780,35
8860,SUBMIT,1979,0x8001eec0,0
8861,SUBMIT,1980,0x8001ef00,0
8862,SUBMIT,1981,0x8001ef40,0
8863,SUBMIT,1982,0x8001ef80,0
8865,COMPLETE,1951,0x8001e7c0,33
8865,SUBMIT,1983,0x8001efc0,0
8870,COMPLETE,1952,0x8001e800,37
8870,SUBMIT,1984,0x8001f000,0
8875,COMPLETE,1953,0x8001e840,41
8875,SUBMIT,1985,0x8001f040,0
8880,COMPLETE,1954,0x8001e880,45
8880,SUBMIT,1986,0x8001f080,0
8885,COMPLETE,1955,0x8001e8c0,49
8885,SUBMIT,1987,0x8001f0c0,0
8890,COMPLETE,1956,0x8001e900,53
8890,SUBMIT,1988,0x8001f100,0
8895,COMPLETE,1957,0x8001e940,57
8895,SUBMIT,1989,0x8001f140,0
8900,COMPLETE,1958,0x8001e980,61
8900,SUBMIT,1990,0x8001f180,0
8905,COMPLETE,1959,0x8001e9c0,65
8905,SUBMIT,1991,0x8001f1c0,0
8910,COMPLETE,1960,0x8001ea00,69
8910,SUBMIT,1992,0x8001f200,0
8915,COMPLETE,1961,0x8001ea40,73
8915,SUBMIT,1993,0x8001f240,0
8920,COMPLETE,1962,0x8001ea80,77
8920,SUBMIT,1994,0x8001f280,0
8925,COMPLETE,1963,0x8001eac0,81
8925,SUBMIT,1995,0x8001f2c0,0
8930,COMPLETE,1964,0x8001eb00,85
8930,SUBMIT,1996,0x8001f300,0
8935,COMPLETE,1965,0x8001eb40,89
8935,SUBMIT,1997,0x8001f340,0
8940,COMPLETE,1966,0x8001eb80,93
8940,SUBMIT,1998,0x8001f380,0
8945,COMPLETE,1967,0x8001ebc0,97
8945,SUBMIT,1999,0x8001f3c0,0
8950,COMPLETE,1968,0x8001ec00,101
8950,SUBMIT,2000,0x8001f400,0
8955,COMPLETE,1969,0x8001ec40,105
8955,SUBMIT,2001,0x8001f440,0
8960,COMPLETE,1970,0x8001ec80,109
8960,SUBMIT,2002,0x8001f480,0
8964,COMPLETE,1971,0x8001ecc0,112
8964,SUBMIT,2003,0x8001f4c0,0
8969,COMPLETE,1972,0x8001ed00,116
8969,SUBMIT,2004,0x8001f500,0
8974,COMPLETE,1973,0x8001ed40,120
8974,SUBMIT,2005,0x8001f540,0
8979,COMPLETE,1974,0x8001ed80,124
8979,SUBMIT,2006,0x8001f580,0
8984,COMPLETE,1975,0x8001edc0,128
8984,SUBMIT,2007,0x8001f5c0,0
8989,COMPLETE,1976,0x8001ee00,132
8989,SUBMIT,2008,0x8001f600,0
8994,COMPLETE,1977,0x8001ee40,136
8994,SUBMIT,2009,0x8001f640,0
8999,COMPLETE,1978,0x8001ee80,140
8999,SUBMIT,2010,0x8001f680,0
9004,COMPLETE,1979,0x8001eec0,144
9004,SUBMIT,2011,0x8001f6c0,0
9009,COMPLETE,1980,0x8001ef00,148
9009,SUBMIT,2012,0x8001f700,0
9014,COMPLETE,1981,0x8001ef40,152
9014,SUBMIT,2013,0x8001f740,0
9019,COMPLETE,1982,0x8001ef80,156
9019,SUBMIT,2014,0x8001f780,0
9024,COMPLETE,1983,0x8001efc0,159
9024,SUBMIT,2015,0x8001f7c0,0
9029,COMPLETE,1984,0x8001f000,159
9029,SUBMIT,2016,0x8001f800,0
9034,COMPLETE,1985,0x8001f040,159
9034,SUBMIT,2017,0x8001f840,0
9039,COMPLETE,1986,0x8001f080,159
9039,SUBMIT,2018,0x8001f880,0
9044,COMPLETE,1987,0x8001f0c0,159
9044,SUBMIT,2019,0x8001f8c0,0
9049,COMPLETE,1988,0x8001f100,159
9049,SUBMIT,2020,0x8001f900,0
9054,COMPLETE,1989,0x8001f140,159
9054,SUBMIT,2021,0x8001f940,0
9059,COMPLETE,1990,0x8001f180,159
9059,SUBMIT,2022,0x8001f980,0
9064,COMPLETE,1991,0x8001f1c0,159
9064,SUBMIT,2023,0x8001f9c0,0
9069,COMPLETE,1992,0x8001f200,159
9069,SUBMIT,2024,0x8001fa00,0
9074,COMPLETE,1993,0x8001f240,159
9074,SUBMIT,2025,0x8001fa40,0
9079,COMPLETE,1994,0x8001f280,159
9079,SUBMIT,2026,0x8001fa80,0
9084,COMPLETE,1995,0x8001f2c0,159
9084,SUBMIT,2027,0x8001fac0,0
9089,COMPLETE,1996,0x8001f300,159
9089,SUBMIT,2028,0x8001fb00,0
9094,COMPLETE,1997,0x8001f340,159
9094,SUBMIT,2029,0x8001fb40,0
9099,COMPLETE,1998,0x8001f380,159
9099,SUBMIT,2030,0x8001fb80,0
9104,COMPLETE,1999,0x8001f3c0,159
9104,SUBMIT,2031,0x8001fbc0,0
9109,COMPLETE,2000,0x8001f400,159
9109,SUBMIT,2032,0x8001fc00,0
9114,COMPLETE,2001,0x8001f440,159
9114,SUBMIT,2033,0x8001fc40,0
9119,COMPLETE,2002,0x8001f480,159
9119,SUBMIT,2034,0x8001fc80,0
9124,COMPLETE,2003,0x8001f4c0,160
9124,SUBMIT,2035,0x8001fcc0,0
9129,COMPLETE,2004,0x8001f500,160
9129,SUBMIT,2036,0x8001fd00,0
9134,COMPLETE,2005,0x8001f540,160
9134,SUBMIT,2037,0x8001fd40,0
9139,COMPLETE,2006,0x8001f580,160
9139,SUBMIT,2038,0x8001fd80,0
9144,COMPLETE,2007,0x8001f5c0,160
9144,SUBMIT,2039,0x8001fdc0,0
9149,COMPLETE,2008,0x8001f600,160
9149,SUBMIT,2040,0x8001fe00,0
9154,COMPLETE,2009,0x8001f640,160
9154,SUBMIT,2041,0x8001fe40,0
9159,COMPLETE,2010,0x8001f680,160
9159,SUBMIT,2042,0x8001fe80,0
9164,COMPLETE,2011,0x8001f6c0,160
9164,SUBMIT,2043,0x8001fec0,0
9169,COMPLETE,2012,0x8001f700,160
9169,SUBMIT,2044,0x8001ff00,0
9174,COMPLETE,2013,0x8001f740,160
9174,SUBMIT,2045,0x8001ff40,0
9179,COMPLETE,2014,0x8001f780,160
9179,SUBMIT,2046,0x8001ff80,0
9184,COMPLETE,2015,0x8001f7c0,160
9184,SUBMIT,2047,0x8001ffc0,0
9189,COMPLETE,2016,0x8001f800,160
9194,COMPLETE,2017,0x8001f840,160
9199,COMPLETE,2018,0x8001f880,160
9204,COMPLETE,2019,0x8001f8c0,160
9209,COMPLETE,2020,0x8001f900,160
9213,COMPLETE,2021,0x8001f940,159
9218,COMPLETE,2022,0x8001f980,159
9223,COMPLETE,2023,0x8001f9c0,159
9228,COMPLETE,2024,0x8001fa00,159
9233,COMPLETE,2025,0x8001fa40,159
9238,COMPLETE,2026,0x8001fa80,159
9243,COMPLETE,2027,0x8001fac0,159
9248,COMPLETE,2028,0x8001fb00,159
9253,COMPLETE,2029,0x8001fb40,159
9258,COMPLETE,2030,0x8001fb80,159
9263,COMPLETE,2031,0x8001fbc0,159
9268,COMPLETE,2032,0x8001fc00,159
9273,COMPLETE,2033,0x8001fc40,159
9278,COMPLETE,2034,0x8001fc80,159
9283,COMPLETE,2035,0x8001fcc0,159
9288,COMPLETE,2036,0x8001fd00,159
9293,COMPLETE,2037,0x8001fd40,159
9298,COMPLETE,2038,0x8001fd80,159
9303,COMPLETE,2039,0x8001fdc0,159
9308,COMPLETE,2040,0x8001fe00,159
9313,COMPLETE,2041,0x8001fe40,159
9318,COMPLETE,2042,0x8001fe80,159
9323,COMPLETE,2043,0x8001fec0,159
9328,COMPLETE,2044,0x8001ff00,159
9333,COMPLETE,2045,0x8001ff40,159
9338,COMPLETE,2046,0x8001ff80,159
9343,COMPLETE,2047,0x8001ffc0,159
